customer_id,recency,history_segment,history,mens,womens,zip_code,newbie,channel,segment,visit,conversion,spend
71,2,3) $200 - $350,278.8,1,0,Rural,0,Web,Mens E-Mail,0,0,0.0
81,7,3) $200 - $350,272.32,1,0,Surburban,1,Web,Mens E-Mail,0,0,0.0
88,6,2) $100 - $200,165.77,0,1,Urban,0,Web,Womens E-Mail,1,0,0.0
102,10,2) $100 - $200,108.12,1,0,Urban,0,Web,Womens E-Mail,0,0,0.0
104,8,1) $0 - $100,98.56,1,0,Surburban,1,Web,Womens E-Mail,0,0,0.0
108,12,1) $0 - $100,29.99,0,1,Urban,1,Web,No E-Mail,0,0,0.0
124,1,2) $100 - $200,110.07,0,1,Urban,0,Web,Mens E-Mail,0,0,0.0
128,1,4) $350 - $500,418.68,0,1,Surburban,0,Web,No E-Mail,0,0,0.0
139,10,1) $0 - $100,77.37,1,0,Surburban,0,Phone,Womens E-Mail,0,0,0.0
150,2,1) $0 - $100,29.99,0,1,Surburban,0,Phone,Mens E-Mail,0,0,0.0
169,1,5) $500 - $750,747.31,0,1,Rural,1,Web,Womens E-Mail,0,0,0.0
177,3,1) $0 - $100,39.83,0,1,Urban,1,Phone,Mens E-Mail,1,0,0.0
181,4,3) $200 - $350,292.61,1,0,Surburban,0,Multichannel,No E-Mail,0,0,0.0
187,7,"6) $750 - $1,000",968.65,1,1,Surburban,1,Web,Womens E-Mail,0,0,0.0
210,8,4) $350 - $500,428.0,1,0,Surburban,1,Multichannel,No E-Mail,0,0,0.0
230,5,1) $0 - $100,29.99,0,1,Surburban,0,Web,No E-Mail,1,0,0.0
232,2,5) $500 - $750,591.95,0,1,Urban,1,Multichannel,Womens E-Mail,0,0,0.0
234,3,1) $0 - $100,65.26,1,0,Urban,0,Web,Mens E-Mail,1,0,0.0
277,6,1) $0 - $100,29.99,1,0,Surburban,1,Web,Womens E-Mail,0,0,0.0
280,9,1) $0 - $100,29.99,1,0,Urban,0,Web,Mens E-Mail,0,0,0.0
282,5,2) $100 - $200,180.28,0,1,Surburban,0,Phone,Womens E-Mail,0,0,0.0
283,6,1) $0 - $100,78.69,0,1,Surburban,0,Phone,Mens E-Mail,0,0,0.0
291,1,2) $100 - $200,143.0,0,1,Urban,0,Phone,Womens E-Mail,0,0,0.0
294,10,1) $0 - $100,35.84,1,0,Urban,1,Phone,No E-Mail,0,0,0.0
296,2,1) $0 - $100,90.91,1,0,Surburban,0,Web,Mens E-Mail,0,0,0.0
333,10,1) $0 - $100,29.99,0,1,Surburban,0,Web,No E-Mail,1,1,149.28
341,10,3) $200 - $350,205.88,1,0,Urban,0,Phone,No E-Mail,0,0,0.0
344,3,5) $500 - $750,542.16,1,0,Urban,1,Phone,Mens E-Mail,1,0,0.0
348,2,4) $350 - $500,373.14,0,1,Urban,0,Multichannel,Womens E-Mail,1,0,0.0
359,6,2) $100 - $200,136.26,0,1,Rural,1,Web,No E-Mail,0,0,0.0
375,4,3) $200 - $350,300.58,0,1,Surburban,1,Web,Womens E-Mail,0,0,0.0
380,9,1) $0 - $100,54.34,1,0,Surburban,0,Phone,Mens E-Mail,1,0,0.0
400,1,5) $500 - $750,686.08,1,1,Urban,1,Web,No E-Mail,0,0,0.0
411,5,1) $0 - $100,29.99,1,0,Surburban,0,Phone,Womens E-Mail,0,0,0.0
417,2,3) $200 - $350,224.69,1,1,Urban,0,Web,Womens E-Mail,0,0,0.0
425,3,2) $100 - $200,177.36,0,1,Surburban,1,Web,Mens E-Mail,0,0,0.0
428,1,3) $200 - $350,276.21,1,0,Surburban,0,Phone,No E-Mail,0,0,0.0
437,9,2) $100 - $200,129.46,1,0,Urban,1,Phone,Mens E-Mail,0,0,0.0
439,10,2) $100 - $200,149.31,0,1,Rural,1,Phone,Womens E-Mail,0,0,0.0
459,3,2) $100 - $200,179.31,0,1,Urban,0,Web,No E-Mail,0,0,0.0
465,1,3) $200 - $350,248.43,1,0,Surburban,1,Phone,No E-Mail,0,0,0.0
477,6,2) $100 - $200,114.74,1,0,Urban,0,Web,No E-Mail,1,0,0.0
478,8,3) $200 - $350,244.94,1,0,Surburban,0,Phone,Womens E-Mail,0,0,0.0
480,5,1) $0 - $100,29.99,0,1,Urban,0,Web,Mens E-Mail,0,0,0.0
509,12,1) $0 - $100,90.15,1,0,Surburban,0,Web,Mens E-Mail,0,0,0.0
512,9,2) $100 - $200,198.54,0,1,Urban,0,Phone,No E-Mail,0,0,0.0
559,1,5) $500 - $750,745.63,1,1,Urban,1,Multichannel,Womens E-Mail,0,0,0.0
581,10,2) $100 - $200,113.33,0,1,Urban,0,Web,No E-Mail,0,0,0.0
591,6,3) $200 - $350,334.34,0,1,Rural,0,Multichannel,Mens E-Mail,1,0,0.0
630,3,1) $0 - $100,54.79,1,0,Surburban,0,Phone,Womens E-Mail,0,0,0.0
636,9,2) $100 - $200,189.33,1,0,Urban,1,Phone,No E-Mail,0,0,0.0
653,9,2) $100 - $200,162.44,1,0,Urban,0,Web,Womens E-Mail,0,0,0.0
662,2,2) $100 - $200,189.02,0,1,Urban,1,Phone,No E-Mail,0,0,0.0
663,2,3) $200 - $350,210.51,0,1,Urban,0,Phone,Mens E-Mail,1,0,0.0
689,7,3) $200 - $350,208.25,0,1,Surburban,1,Multichannel,Womens E-Mail,0,0,0.0
696,10,2) $100 - $200,119.63,0,1,Rural,0,Web,Mens E-Mail,0,0,0.0
713,5,1) $0 - $100,46.09,1,0,Urban,0,Web,No E-Mail,0,0,0.0
716,6,1) $0 - $100,29.99,0,1,Urban,1,Phone,Womens E-Mail,0,0,0.0
735,12,1) $0 - $100,32.51,0,1,Rural,0,Phone,No E-Mail,0,0,0.0
748,3,3) $200 - $350,222.8,1,0,Urban,0,Web,Mens E-Mail,0,0,0.0
786,1,4) $350 - $500,382.15,0,1,Urban,0,Phone,Mens E-Mail,1,0,0.0
814,5,5) $500 - $750,746.6,1,0,Surburban,1,Multichannel,Womens E-Mail,1,0,0.0
819,9,1) $0 - $100,29.99,0,1,Surburban,1,Web,No E-Mail,0,0,0.0
823,3,4) $350 - $500,390.34,1,0,Urban,0,Web,No E-Mail,0,0,0.0
860,9,4) $350 - $500,428.99,1,0,Urban,0,Multichannel,Mens E-Mail,0,0,0.0
863,1,1) $0 - $100,81.12,0,1,Urban,0,Web,Mens E-Mail,1,0,0.0
878,3,2) $100 - $200,105.08,1,0,Rural,0,Phone,No E-Mail,0,0,0.0
880,11,1) $0 - $100,87.52,0,1,Surburban,0,Phone,Womens E-Mail,0,0,0.0
893,7,2) $100 - $200,116.33,0,1,Rural,0,Web,No E-Mail,0,0,0.0
902,3,3) $200 - $350,257.56,1,1,Surburban,0,Web,Womens E-Mail,0,0,0.0
910,9,1) $0 - $100,57.53,1,0,Urban,0,Phone,No E-Mail,0,0,0.0
915,8,1) $0 - $100,33.31,0,1,Surburban,0,Phone,Womens E-Mail,1,0,0.0
924,9,1) $0 - $100,61.26,0,1,Urban,0,Phone,Mens E-Mail,0,0,0.0
938,6,1) $0 - $100,29.99,0,1,Urban,1,Web,Mens E-Mail,0,0,0.0
960,4,5) $500 - $750,553.91,0,1,Rural,1,Phone,Mens E-Mail,1,0,0.0
974,6,2) $100 - $200,104.41,1,0,Rural,0,Web,No E-Mail,0,0,0.0
986,11,1) $0 - $100,64.06,0,1,Surburban,1,Web,Womens E-Mail,0,0,0.0
1018,11,1) $0 - $100,32.82,1,0,Surburban,0,Phone,No E-Mail,0,0,0.0
1027,4,4) $350 - $500,485.09,0,1,Surburban,0,Multichannel,Womens E-Mail,0,0,0.0
1036,6,1) $0 - $100,29.99,0,1,Urban,1,Phone,Mens E-Mail,0,0,0.0
1050,12,"6) $750 - $1,000",800.37,0,1,Urban,1,Multichannel,Womens E-Mail,0,0,0.0
1060,9,1) $0 - $100,63.35,0,1,Urban,1,Web,No E-Mail,0,0,0.0
1061,2,"7) $1,000 +",1023.46,1,1,Urban,1,Multichannel,Womens E-Mail,0,0,0.0
1072,3,4) $350 - $500,431.62,0,1,Urban,0,Multichannel,No E-Mail,0,0,0.0
1078,6,3) $200 - $350,288.79,1,1,Surburban,0,Web,Mens E-Mail,1,0,0.0
1083,5,1) $0 - $100,60.68,0,1,Urban,1,Phone,Womens E-Mail,0,0,0.0
1085,12,2) $100 - $200,135.5,1,0,Urban,0,Phone,No E-Mail,0,0,0.0
1089,2,2) $100 - $200,132.39,1,0,Surburban,0,Web,No E-Mail,0,0,0.0
1092,10,2) $100 - $200,162.53,1,0,Urban,1,Phone,Womens E-Mail,1,0,0.0
1106,4,3) $200 - $350,328.09,0,1,Urban,0,Phone,Womens E-Mail,0,0,0.0
1107,8,2) $100 - $200,183.18,1,0,Rural,0,Phone,No E-Mail,0,0,0.0
1110,3,1) $0 - $100,86.68,1,0,Surburban,1,Web,Mens E-Mail,0,0,0.0
1115,6,1) $0 - $100,99.24,0,1,Urban,1,Phone,Womens E-Mail,0,0,0.0
1119,9,3) $200 - $350,231.01,1,0,Surburban,1,Multichannel,No E-Mail,0,0,0.0
1133,2,1) $0 - $100,29.99,0,1,Urban,0,Web,Mens E-Mail,0,0,0.0
1145,6,2) $100 - $200,101.77,1,0,Rural,1,Phone,Mens E-Mail,0,0,0.0
1152,11,1) $0 - $100,29.99,1,0,Surburban,0,Web,Mens E-Mail,1,0,0.0
1162,11,1) $0 - $100,81.14,1,0,Urban,0,Phone,Mens E-Mail,0,0,0.0
1175,1,"6) $750 - $1,000",982.75,0,1,Urban,1,Multichannel,Mens E-Mail,0,0,0.0
1178,1,3) $200 - $350,303.56,1,1,Urban,0,Web,Womens E-Mail,0,0,0.0
1196,6,1) $0 - $100,87.81,0,1,Surburban,0,Phone,Womens E-Mail,0,0,0.0
1207,2,3) $200 - $350,336.38,1,0,Urban,0,Web,Womens E-Mail,0,0,0.0
1212,2,1) $0 - $100,78.48,1,0,Rural,0,Web,Womens E-Mail,0,0,0.0
1215,8,2) $100 - $200,178.0,0,1,Urban,1,Web,No E-Mail,0,0,0.0
1222,6,"6) $750 - $1,000",788.76,1,0,Urban,1,Multichannel,Mens E-Mail,1,0,0.0
1231,9,1) $0 - $100,73.92,0,1,Surburban,0,Web,Womens E-Mail,0,0,0.0
1234,9,1) $0 - $100,29.99,1,0,Urban,0,Phone,No E-Mail,0,0,0.0
1237,1,1) $0 - $100,29.99,1,0,Rural,1,Phone,No E-Mail,0,0,0.0
1239,1,1) $0 - $100,96.4,1,0,Rural,1,Phone,Mens E-Mail,1,0,0.0
1250,9,3) $200 - $350,302.64,1,1,Surburban,0,Phone,Womens E-Mail,0,0,0.0
1251,3,4) $350 - $500,423.12,0,1,Surburban,0,Web,Mens E-Mail,1,0,0.0
1253,11,2) $100 - $200,108.01,0,1,Urban,1,Web,Mens E-Mail,1,0,0.0
1254,7,2) $100 - $200,107.85,1,0,Surburban,1,Phone,No E-Mail,0,0,0.0
1263,2,3) $200 - $350,267.32,0,1,Surburban,0,Phone,No E-Mail,0,0,0.0
1273,3,1) $0 - $100,29.99,0,1,Urban,1,Phone,Mens E-Mail,0,0,0.0
1286,6,3) $200 - $350,258.59,1,1,Urban,1,Multichannel,No E-Mail,0,0,0.0
1308,7,2) $100 - $200,156.81,0,1,Rural,0,Web,Mens E-Mail,0,0,0.0
1311,1,1) $0 - $100,46.41,0,1,Surburban,1,Web,Womens E-Mail,0,0,0.0
1326,10,1) $0 - $100,61.31,1,0,Urban,0,Phone,Womens E-Mail,0,0,0.0
1341,10,1) $0 - $100,29.99,1,0,Surburban,1,Phone,No E-Mail,0,0,0.0
1345,8,1) $0 - $100,43.2,1,0,Urban,0,Phone,Womens E-Mail,0,0,0.0
1354,7,2) $100 - $200,121.54,0,1,Surburban,0,Phone,No E-Mail,1,0,0.0
1370,10,1) $0 - $100,92.32,1,0,Urban,1,Web,No E-Mail,0,0,0.0
1377,2,1) $0 - $100,81.23,0,1,Urban,0,Web,Mens E-Mail,0,0,0.0
1392,3,1) $0 - $100,29.99,0,1,Rural,0,Phone,Womens E-Mail,0,0,0.0
1393,1,4) $350 - $500,442.38,1,1,Surburban,0,Multichannel,Mens E-Mail,0,0,0.0
1414,4,1) $0 - $100,29.99,0,1,Urban,1,Phone,Womens E-Mail,0,0,0.0
1416,5,2) $100 - $200,112.55,0,1,Surburban,0,Web,No E-Mail,0,0,0.0
1418,4,2) $100 - $200,185.69,0,1,Urban,0,Phone,Mens E-Mail,0,0,0.0
1428,5,1) $0 - $100,40.38,0,1,Urban,0,Web,No E-Mail,0,0,0.0
1432,3,5) $500 - $750,722.22,1,1,Urban,1,Multichannel,Womens E-Mail,0,0,0.0
1438,5,2) $100 - $200,136.36,0,1,Surburban,1,Phone,No E-Mail,0,0,0.0
1441,10,1) $0 - $100,29.99,1,0,Urban,0,Phone,Womens E-Mail,1,0,0.0
1472,3,5) $500 - $750,649.19,1,0,Urban,1,Web,Womens E-Mail,0,0,0.0
1476,4,1) $0 - $100,86.79,0,1,Rural,0,Phone,Mens E-Mail,0,0,0.0
1484,1,4) $350 - $500,352.5,0,1,Urban,0,Web,Womens E-Mail,0,0,0.0
1490,1,1) $0 - $100,74.89,0,1,Urban,1,Web,Mens E-Mail,0,0,0.0
1496,12,1) $0 - $100,72.01,0,1,Urban,0,Web,Mens E-Mail,0,0,0.0
1502,7,1) $0 - $100,29.99,0,1,Urban,1,Phone,No E-Mail,0,0,0.0
1506,4,1) $0 - $100,29.99,0,1,Urban,1,Phone,Womens E-Mail,0,0,0.0
1508,6,3) $200 - $350,339.98,1,1,Rural,1,Phone,No E-Mail,0,0,0.0
1535,11,2) $100 - $200,124.23,1,0,Surburban,0,Phone,No E-Mail,0,0,0.0
1551,3,2) $100 - $200,108.06,0,1,Surburban,1,Web,Mens E-Mail,0,0,0.0
1563,4,2) $100 - $200,118.17,0,1,Urban,0,Web,Mens E-Mail,0,0,0.0
1583,9,3) $200 - $350,289.26,1,1,Surburban,1,Web,Mens E-Mail,0,0,0.0
1643,10,2) $100 - $200,124.34,1,0,Urban,0,Phone,Womens E-Mail,0,0,0.0
1646,7,5) $500 - $750,620.33,1,0,Urban,1,Web,No E-Mail,0,0,0.0
1690,10,1) $0 - $100,56.35,0,1,Urban,0,Phone,Mens E-Mail,0,0,0.0
1695,1,3) $200 - $350,236.7,0,1,Urban,0,Web,Womens E-Mail,0,0,0.0
1700,11,2) $100 - $200,163.82,1,0,Surburban,0,Phone,Womens E-Mail,0,0,0.0
1715,2,1) $0 - $100,29.99,0,1,Surburban,1,Phone,No E-Mail,0,0,0.0
1728,2,2) $100 - $200,150.05,0,1,Surburban,0,Web,No E-Mail,0,0,0.0
1750,1,1) $0 - $100,29.99,0,1,Urban,0,Phone,Mens E-Mail,1,0,0.0
1766,10,3) $200 - $350,208.21,0,1,Rural,0,Phone,Mens E-Mail,0,0,0.0
1775,10,1) $0 - $100,29.99,0,1,Surburban,0,Web,Womens E-Mail,1,0,0.0
1784,7,3) $200 - $350,270.03,1,0,Urban,0,Phone,Womens E-Mail,0,0,0.0
1787,10,2) $100 - $200,118.63,0,1,Urban,0,Web,Womens E-Mail,0,0,0.0
1813,10,2) $100 - $200,174.18,0,1,Surburban,0,Phone,No E-Mail,0,0,0.0
1815,6,3) $200 - $350,250.5,1,1,Rural,0,Phone,Womens E-Mail,0,0,0.0
1823,3,3) $200 - $350,208.32,0,1,Surburban,1,Multichannel,Mens E-Mail,0,0,0.0
1827,11,1) $0 - $100,69.85,0,1,Surburban,1,Phone,No E-Mail,0,0,0.0
1830,10,2) $100 - $200,115.37,1,0,Surburban,0,Phone,No E-Mail,1,0,0.0
1836,5,4) $350 - $500,398.92,0,1,Surburban,0,Web,Womens E-Mail,0,0,0.0
1840,5,1) $0 - $100,38.14,0,1,Urban,0,Web,Mens E-Mail,0,0,0.0
1845,5,3) $200 - $350,334.19,1,1,Surburban,0,Phone,Mens E-Mail,0,0,0.0
1851,9,"7) $1,000 +",1042.17,1,1,Surburban,1,Multichannel,Womens E-Mail,0,0,0.0
1852,2,3) $200 - $350,339.93,1,0,Urban,0,Phone,No E-Mail,0,0,0.0
1864,8,1) $0 - $100,69.52,1,0,Surburban,0,Web,Mens E-Mail,0,0,0.0
1881,8,5) $500 - $750,547.83,1,1,Surburban,1,Web,Womens E-Mail,0,0,0.0
1883,10,2) $100 - $200,113.22,1,0,Surburban,1,Web,Mens E-Mail,0,0,0.0
1884,5,1) $0 - $100,29.99,1,0,Surburban,0,Phone,No E-Mail,0,0,0.0
1890,12,1) $0 - $100,29.99,1,0,Urban,0,Phone,Mens E-Mail,0,0,0.0
1895,1,2) $100 - $200,115.89,1,0,Surburban,1,Web,No E-Mail,0,0,0.0
1915,2,5) $500 - $750,526.23,1,1,Urban,1,Multichannel,Womens E-Mail,0,0,0.0
1931,9,1) $0 - $100,75.55,1,0,Urban,0,Web,No E-Mail,0,0,0.0
1933,6,1) $0 - $100,62.85,1,0,Urban,1,Web,Mens E-Mail,0,0,0.0
1937,5,1) $0 - $100,75.36,0,1,Urban,1,Phone,Womens E-Mail,0,0,0.0
1959,8,1) $0 - $100,77.33,0,1,Urban,1,Phone,Mens E-Mail,0,0,0.0
1968,1,5) $500 - $750,721.32,0,1,Surburban,1,Phone,No E-Mail,0,0,0.0
1979,11,1) $0 - $100,88.45,1,0,Surburban,0,Phone,Mens E-Mail,0,0,0.0
1980,7,1) $0 - $100,65.66,1,0,Rural,1,Phone,Womens E-Mail,1,0,0.0
1987,3,3) $200 - $350,325.58,0,1,Surburban,0,Web,Womens E-Mail,1,0,0.0
1993,4,4) $350 - $500,448.98,1,1,Urban,0,Web,No E-Mail,1,0,0.0
2018,4,4) $350 - $500,390.2,0,1,Surburban,0,Multichannel,Mens E-Mail,1,0,0.0
2022,3,3) $200 - $350,212.25,0,1,Surburban,0,Phone,Womens E-Mail,0,0,0.0
2026,10,4) $350 - $500,419.15,0,1,Urban,0,Multichannel,Mens E-Mail,0,0,0.0
2039,10,1) $0 - $100,29.99,1,0,Urban,1,Web,No E-Mail,0,0,0.0
2049,9,1) $0 - $100,58.44,0,1,Urban,0,Phone,No E-Mail,0,0,0.0
2060,4,3) $200 - $350,213.06,1,0,Urban,1,Web,Mens E-Mail,0,0,0.0
2061,5,2) $100 - $200,105.59,1,0,Urban,0,Phone,Womens E-Mail,0,0,0.0
2074,4,2) $100 - $200,155.6,1,0,Surburban,1,Web,No E-Mail,0,0,0.0
2101,10,1) $0 - $100,68.13,0,1,Urban,1,Web,Mens E-Mail,0,0,0.0
2107,3,3) $200 - $350,260.49,1,0,Urban,1,Web,Womens E-Mail,0,0,0.0
2122,10,3) $200 - $350,267.7,1,0,Surburban,0,Web,No E-Mail,1,0,0.0
2131,10,3) $200 - $350,250.55,1,0,Surburban,0,Multichannel,Womens E-Mail,0,0,0.0
2132,9,5) $500 - $750,510.2,0,1,Surburban,1,Phone,Womens E-Mail,0,0,0.0
2135,9,3) $200 - $350,289.99,1,0,Urban,0,Phone,Womens E-Mail,0,0,0.0
2139,6,1) $0 - $100,50.04,0,1,Surburban,0,Web,Mens E-Mail,0,0,0.0
2160,1,4) $350 - $500,421.37,0,1,Urban,1,Web,Mens E-Mail,0,0,0.0
2161,1,5) $500 - $750,674.28,1,1,Surburban,1,Multichannel,Mens E-Mail,0,0,0.0
2165,10,2) $100 - $200,195.26,1,0,Urban,0,Web,No E-Mail,1,0,0.0
2169,10,1) $0 - $100,29.99,1,0,Rural,0,Phone,Womens E-Mail,0,0,0.0
2170,1,5) $500 - $750,741.39,1,0,Urban,1,Multichannel,Mens E-Mail,0,0,0.0
2194,6,3) $200 - $350,227.05,1,1,Rural,0,Web,Mens E-Mail,0,0,0.0
2200,8,1) $0 - $100,41.16,1,0,Rural,0,Phone,No E-Mail,0,0,0.0
2202,7,1) $0 - $100,72.34,0,1,Surburban,0,Phone,No E-Mail,0,0,0.0
2205,11,3) $200 - $350,208.17,0,1,Urban,1,Phone,No E-Mail,0,0,0.0
2222,10,2) $100 - $200,171.45,0,1,Surburban,1,Phone,No E-Mail,0,0,0.0
2238,2,5) $500 - $750,528.86,0,1,Surburban,1,Multichannel,Mens E-Mail,0,0,0.0
2249,5,2) $100 - $200,197.85,0,1,Rural,0,Web,Womens E-Mail,0,0,0.0
2254,2,3) $200 - $350,265.07,1,0,Rural,0,Web,Mens E-Mail,0,0,0.0
2256,9,5) $500 - $750,651.19,0,1,Urban,1,Phone,No E-Mail,0,0,0.0
2259,12,2) $100 - $200,166.29,1,0,Rural,0,Phone,Mens E-Mail,0,0,0.0
2266,2,2) $100 - $200,195.18,0,1,Urban,0,Web,Mens E-Mail,0,0,0.0
2268,7,3) $200 - $350,213.78,1,1,Surburban,0,Web,Mens E-Mail,0,0,0.0
2269,8,3) $200 - $350,299.12,1,0,Urban,0,Phone,Womens E-Mail,0,0,0.0
2280,9,5) $500 - $750,622.17,1,0,Urban,1,Web,No E-Mail,0,0,0.0
2286,5,2) $100 - $200,155.85,0,1,Surburban,1,Phone,No E-Mail,0,0,0.0
2294,9,2) $100 - $200,146.58,1,0,Urban,1,Phone,No E-Mail,0,0,0.0
2295,3,4) $350 - $500,420.78,1,0,Urban,0,Web,Womens E-Mail,1,0,0.0
2298,7,4) $350 - $500,428.22,1,1,Urban,0,Multichannel,Womens E-Mail,1,0,0.0
2301,3,1) $0 - $100,29.99,1,0,Rural,1,Phone,Mens E-Mail,0,0,0.0
2304,4,3) $200 - $350,315.69,1,0,Urban,0,Phone,No E-Mail,0,0,0.0
2331,3,3) $200 - $350,222.8,1,0,Surburban,0,Phone,Mens E-Mail,0,0,0.0
2339,6,1) $0 - $100,94.53,0,1,Surburban,0,Web,No E-Mail,0,0,0.0
2368,5,4) $350 - $500,447.01,1,0,Surburban,0,Multichannel,Womens E-Mail,0,0,0.0
2369,6,"7) $1,000 +",1868.8,1,1,Rural,1,Web,No E-Mail,0,0,0.0
2395,9,3) $200 - $350,260.63,1,1,Urban,0,Web,Mens E-Mail,0,0,0.0
2400,4,1) $0 - $100,29.99,0,1,Surburban,1,Web,Mens E-Mail,0,0,0.0
2403,5,1) $0 - $100,29.99,0,1,Surburban,0,Web,Mens E-Mail,0,0,0.0
2434,10,2) $100 - $200,196.61,0,1,Urban,0,Web,Mens E-Mail,0,0,0.0
2443,9,2) $100 - $200,108.15,0,1,Rural,0,Phone,No E-Mail,0,0,0.0
2444,6,"6) $750 - $1,000",769.8,1,0,Urban,1,Phone,Mens E-Mail,0,0,0.0
2446,9,1) $0 - $100,29.99,1,0,Surburban,1,Web,No E-Mail,0,0,0.0
2448,3,1) $0 - $100,88.95,1,0,Surburban,0,Phone,No E-Mail,0,0,0.0
2451,5,2) $100 - $200,193.35,0,1,Rural,0,Phone,Womens E-Mail,0,0,0.0
2454,3,4) $350 - $500,478.95,1,0,Urban,0,Web,Womens E-Mail,0,0,0.0
2460,11,5) $500 - $750,550.53,1,0,Surburban,1,Multichannel,Womens E-Mail,0,0,0.0
2463,7,3) $200 - $350,315.13,1,1,Rural,0,Web,Mens E-Mail,0,0,0.0
2476,3,5) $500 - $750,611.63,0,1,Surburban,1,Multichannel,Mens E-Mail,0,0,0.0
2488,7,1) $0 - $100,29.99,1,0,Surburban,0,Phone,No E-Mail,0,0,0.0
2494,4,2) $100 - $200,108.7,0,1,Surburban,0,Phone,Mens E-Mail,0,0,0.0
2497,9,2) $100 - $200,154.71,1,0,Urban,0,Web,No E-Mail,0,0,0.0
2516,4,1) $0 - $100,29.99,0,1,Urban,0,Web,Womens E-Mail,0,0,0.0
2521,4,5) $500 - $750,529.82,0,1,Surburban,1,Phone,No E-Mail,0,0,0.0
2536,9,1) $0 - $100,43.28,1,0,Urban,0,Phone,Womens E-Mail,0,0,0.0
2545,11,1) $0 - $100,39.97,0,1,Surburban,1,Phone,No E-Mail,0,0,0.0
2547,6,5) $500 - $750,636.52,0,1,Urban,1,Web,Womens E-Mail,0,0,0.0
2558,7,"6) $750 - $1,000",779.71,1,1,Surburban,1,Web,Mens E-Mail,1,0,0.0
2566,5,1) $0 - $100,75.83,1,0,Surburban,0,Web,Mens E-Mail,0,0,0.0
2567,6,1) $0 - $100,29.99,1,0,Urban,1,Phone,Womens E-Mail,0,0,0.0
2573,8,2) $100 - $200,105.98,0,1,Rural,1,Phone,No E-Mail,0,0,0.0
2603,5,5) $500 - $750,676.24,1,1,Urban,1,Web,No E-Mail,0,0,0.0
2613,1,1) $0 - $100,29.99,0,1,Urban,0,Phone,No E-Mail,0,0,0.0
2624,3,"6) $750 - $1,000",981.42,0,1,Urban,1,Phone,Mens E-Mail,0,0,0.0
2635,1,2) $100 - $200,180.41,1,0,Urban,1,Web,Mens E-Mail,0,0,0.0
2636,3,"6) $750 - $1,000",922.47,1,1,Urban,1,Multichannel,Womens E-Mail,0,0,0.0
2644,5,5) $500 - $750,552.53,1,1,Urban,1,Web,No E-Mail,0,0,0.0
2654,1,2) $100 - $200,136.79,1,0,Surburban,0,Web,Womens E-Mail,0,0,0.0
2664,7,3) $200 - $350,308.43,0,1,Surburban,0,Phone,No E-Mail,0,0,0.0
2683,4,2) $100 - $200,157.57,0,1,Rural,1,Web,Womens E-Mail,0,0,0.0
2692,6,1) $0 - $100,83.58,0,1,Surburban,0,Phone,Mens E-Mail,0,0,0.0
2695,4,4) $350 - $500,380.39,1,0,Surburban,0,Web,Womens E-Mail,0,0,0.0
2713,1,5) $500 - $750,558.89,1,0,Urban,1,Web,Mens E-Mail,0,0,0.0
2726,8,1) $0 - $100,35.57,1,0,Surburban,0,Phone,No E-Mail,0,0,0.0
2735,12,1) $0 - $100,87.16,1,0,Surburban,1,Web,No E-Mail,0,0,0.0
2738,2,3) $200 - $350,292.58,1,0,Surburban,1,Multichannel,Mens E-Mail,0,0,0.0
2741,6,1) $0 - $100,29.99,1,0,Surburban,0,Web,Mens E-Mail,0,0,0.0
2743,12,1) $0 - $100,29.99,1,0,Rural,1,Phone,Mens E-Mail,1,0,0.0
2747,10,1) $0 - $100,93.67,0,1,Urban,1,Phone,Mens E-Mail,0,0,0.0
2751,8,1) $0 - $100,29.99,1,0,Urban,0,Web,Womens E-Mail,1,0,0.0
2758,1,1) $0 - $100,62.96,0,1,Rural,0,Phone,Womens E-Mail,1,0,0.0
2771,3,3) $200 - $350,241.8,0,1,Urban,1,Web,No E-Mail,0,0,0.0
2775,6,1) $0 - $100,37.67,0,1,Surburban,0,Phone,No E-Mail,0,0,0.0
2782,4,5) $500 - $750,509.9,1,0,Surburban,1,Phone,Womens E-Mail,0,0,0.0
2784,4,1) $0 - $100,29.99,1,0,Urban,0,Phone,No E-Mail,0,0,0.0
2785,9,2) $100 - $200,100.86,1,0,Urban,0,Phone,Womens E-Mail,0,0,0.0
2788,3,4) $350 - $500,404.61,1,0,Surburban,1,Web,Womens E-Mail,1,0,0.0
2790,7,2) $100 - $200,171.12,1,0,Surburban,1,Web,Mens E-Mail,0,0,0.0
2792,1,2) $100 - $200,151.45,0,1,Urban,1,Web,Womens E-Mail,0,0,0.0
2808,10,1) $0 - $100,29.99,0,1,Surburban,1,Phone,No E-Mail,0,0,0.0
2809,10,3) $200 - $350,279.06,1,0,Surburban,1,Web,Mens E-Mail,0,0,0.0
2815,11,1) $0 - $100,71.49,1,0,Urban,0,Web,Womens E-Mail,0,0,0.0
2831,4,4) $350 - $500,353.49,0,1,Urban,0,Multichannel,No E-Mail,0,0,0.0
2834,12,4) $350 - $500,475.0,0,1,Urban,0,Phone,Mens E-Mail,0,0,0.0
2835,2,1) $0 - $100,85.62,1,0,Urban,1,Phone,Mens E-Mail,0,0,0.0
2847,10,2) $100 - $200,105.63,0,1,Urban,0,Phone,Womens E-Mail,0,0,0.0
2851,10,1) $0 - $100,96.22,1,0,Surburban,0,Phone,No E-Mail,0,0,0.0
2878,1,5) $500 - $750,573.14,0,1,Surburban,1,Web,Womens E-Mail,1,1,47.39
2881,11,2) $100 - $200,182.3,0,1,Surburban,1,Web,Mens E-Mail,0,0,0.0
2883,1,4) $350 - $500,362.03,1,0,Surburban,1,Multichannel,No E-Mail,0,0,0.0
2884,9,2) $100 - $200,157.44,1,0,Urban,1,Web,No E-Mail,0,0,0.0
2893,3,"6) $750 - $1,000",971.02,0,1,Urban,1,Phone,Mens E-Mail,0,0,0.0
2919,1,2) $100 - $200,140.1,1,0,Urban,1,Web,Womens E-Mail,0,0,0.0
2924,2,5) $500 - $750,688.76,1,0,Urban,1,Phone,Womens E-Mail,1,0,0.0
2928,11,1) $0 - $100,29.99,1,0,Urban,1,Phone,No E-Mail,0,0,0.0
2934,1,5) $500 - $750,526.83,0,1,Urban,1,Web,No E-Mail,0,0,0.0
3018,3,"6) $750 - $1,000",759.01,1,1,Urban,1,Multichannel,Mens E-Mail,0,0,0.0
3027,9,1) $0 - $100,29.99,0,1,Surburban,0,Web,Womens E-Mail,0,0,0.0
3031,9,1) $0 - $100,58.02,0,1,Surburban,0,Web,Mens E-Mail,0,0,0.0
3044,7,2) $100 - $200,150.25,1,0,Surburban,1,Web,Womens E-Mail,0,0,0.0
3048,12,1) $0 - $100,56.36,0,1,Surburban,1,Phone,No E-Mail,0,0,0.0
3056,8,1) $0 - $100,74.52,1,0,Surburban,0,Web,No E-Mail,0,0,0.0
3075,7,2) $100 - $200,108.31,0,1,Urban,0,Phone,Mens E-Mail,1,0,0.0
3095,3,5) $500 - $750,682.59,1,1,Surburban,1,Web,Mens E-Mail,0,0,0.0
3096,3,4) $350 - $500,418.44,1,1,Surburban,1,Phone,Womens E-Mail,1,0,0.0
3101,2,"6) $750 - $1,000",758.23,1,0,Urban,1,Web,No E-Mail,0,0,0.0
3111,3,5) $500 - $750,512.71,1,0,Urban,1,Multichannel,Womens E-Mail,0,0,0.0
3128,5,1) $0 - $100,29.99,1,0,Urban,0,Web,No E-Mail,0,0,0.0
3140,2,1) $0 - $100,77.94,1,0,Urban,0,Phone,Mens E-Mail,0,0,0.0
3141,2,1) $0 - $100,86.08,1,0,Surburban,0,Web,Mens E-Mail,1,0,0.0
3147,1,4) $350 - $500,363.48,0,1,Rural,0,Phone,Womens E-Mail,0,0,0.0
3149,6,4) $350 - $500,366.43,1,0,Urban,0,Phone,Womens E-Mail,1,0,0.0
3167,12,1) $0 - $100,29.99,0,1,Surburban,0,Phone,No E-Mail,0,0,0.0
3169,9,2) $100 - $200,187.96,1,0,Surburban,0,Phone,No E-Mail,0,0,0.0
3179,3,3) $200 - $350,322.12,1,1,Surburban,0,Web,Womens E-Mail,1,0,0.0
3190,1,3) $200 - $350,332.55,1,0,Surburban,1,Phone,Mens E-Mail,0,0,0.0
3199,9,5) $500 - $750,631.16,1,1,Rural,1,Multichannel,Womens E-Mail,0,0,0.0
3203,12,1) $0 - $100,35.28,1,0,Surburban,0,Web,No E-Mail,0,0,0.0
3220,9,2) $100 - $200,138.87,0,1,Urban,1,Phone,Womens E-Mail,0,0,0.0
3227,2,4) $350 - $500,465.14,0,1,Rural,0,Phone,Womens E-Mail,0,0,0.0
3228,1,"7) $1,000 +",1667.28,1,0,Urban,1,Phone,Mens E-Mail,0,0,0.0
3240,11,5) $500 - $750,668.77,0,1,Urban,1,Multichannel,No E-Mail,0,0,0.0
3243,3,2) $100 - $200,169.69,0,1,Urban,1,Web,Mens E-Mail,0,0,0.0
3247,1,1) $0 - $100,99.45,0,1,Rural,0,Phone,Mens E-Mail,1,0,0.0
3258,6,1) $0 - $100,29.99,0,1,Urban,0,Web,No E-Mail,1,0,0.0
3263,1,2) $100 - $200,159.55,1,0,Urban,0,Web,No E-Mail,0,0,0.0
3267,2,1) $0 - $100,88.67,1,0,Surburban,1,Web,Womens E-Mail,0,0,0.0
3282,7,1) $0 - $100,78.06,0,1,Urban,0,Phone,Mens E-Mail,0,0,0.0
3289,6,4) $350 - $500,413.2,1,0,Surburban,0,Multichannel,No E-Mail,0,0,0.0
3310,2,"7) $1,000 +",1024.89,1,0,Surburban,1,Web,Womens E-Mail,0,0,0.0
3314,10,3) $200 - $350,297.25,1,1,Surburban,1,Phone,No E-Mail,0,0,0.0
3315,11,1) $0 - $100,48.09,1,0,Surburban,1,Web,Womens E-Mail,0,0,0.0
3318,10,1) $0 - $100,39.89,1,0,Urban,0,Web,Mens E-Mail,0,0,0.0
3322,5,4) $350 - $500,363.8,0,1,Surburban,0,Phone,Mens E-Mail,0,0,0.0
3324,5,2) $100 - $200,123.59,1,0,Surburban,0,Web,No E-Mail,0,0,0.0
3378,1,5) $500 - $750,738.62,1,1,Surburban,1,Multichannel,Womens E-Mail,0,0,0.0
3382,10,1) $0 - $100,65.42,1,0,Surburban,0,Phone,No E-Mail,0,0,0.0
3387,9,1) $0 - $100,33.62,1,0,Urban,1,Phone,Mens E-Mail,0,0,0.0
3410,1,3) $200 - $350,346.49,0,1,Urban,0,Phone,No E-Mail,0,0,0.0
3411,11,2) $100 - $200,184.24,1,0,Urban,1,Phone,Womens E-Mail,0,0,0.0
3417,2,5) $500 - $750,626.27,1,1,Rural,1,Web,Mens E-Mail,0,0,0.0
3423,6,3) $200 - $350,273.88,1,0,Surburban,1,Multichannel,No E-Mail,0,0,0.0
3424,7,1) $0 - $100,29.99,1,0,Rural,1,Phone,Womens E-Mail,0,0,0.0
3438,11,3) $200 - $350,256.08,0,1,Surburban,1,Web,Mens E-Mail,0,0,0.0
3519,9,1) $0 - $100,79.33,0,1,Surburban,1,Web,Womens E-Mail,0,0,0.0
3548,11,1) $0 - $100,69.21,1,0,Urban,0,Phone,Mens E-Mail,0,0,0.0
3557,7,1) $0 - $100,46.13,1,0,Rural,1,Phone,No E-Mail,0,0,0.0
3570,5,1) $0 - $100,51.8,0,1,Urban,1,Web,Womens E-Mail,0,0,0.0
3572,1,4) $350 - $500,373.19,1,0,Surburban,0,Multichannel,Womens E-Mail,0,0,0.0
3611,2,3) $200 - $350,200.3,1,0,Urban,1,Phone,No E-Mail,1,0,0.0
3612,1,4) $350 - $500,448.36,1,0,Surburban,0,Multichannel,No E-Mail,0,0,0.0
3628,1,2) $100 - $200,144.85,1,0,Surburban,1,Web,Mens E-Mail,0,0,0.0
3631,6,3) $200 - $350,312.47,1,0,Urban,0,Phone,Mens E-Mail,1,0,0.0
3691,3,2) $100 - $200,170.56,1,0,Urban,1,Web,Womens E-Mail,0,0,0.0
3693,1,5) $500 - $750,674.46,1,0,Surburban,1,Multichannel,Womens E-Mail,0,0,0.0
3727,4,1) $0 - $100,44.68,1,0,Urban,1,Web,No E-Mail,0,0,0.0
3728,2,4) $350 - $500,435.99,0,1,Urban,1,Phone,No E-Mail,0,0,0.0
3745,9,1) $0 - $100,29.99,0,1,Urban,1,Web,Mens E-Mail,0,0,0.0
3749,1,1) $0 - $100,29.99,0,1,Rural,0,Phone,Mens E-Mail,1,0,0.0
3751,1,5) $500 - $750,702.05,1,0,Surburban,1,Multichannel,Womens E-Mail,0,0,0.0
3778,1,5) $500 - $750,665.85,1,1,Surburban,1,Multichannel,Womens E-Mail,1,0,0.0
3796,6,4) $350 - $500,378.17,1,0,Surburban,0,Web,Womens E-Mail,0,0,0.0
3802,2,3) $200 - $350,282.15,1,1,Surburban,0,Phone,No E-Mail,0,0,0.0
3804,7,1) $0 - $100,34.81,1,0,Urban,0,Web,Womens E-Mail,0,0,0.0
3806,1,5) $500 - $750,713.53,1,1,Urban,1,Multichannel,Womens E-Mail,0,0,0.0
3825,1,3) $200 - $350,260.08,0,1,Urban,0,Web,No E-Mail,1,0,0.0
3829,5,2) $100 - $200,183.21,0,1,Urban,1,Phone,Womens E-Mail,0,0,0.0
3831,2,1) $0 - $100,61.07,1,0,Urban,1,Web,Mens E-Mail,0,0,0.0
3838,2,"7) $1,000 +",1036.41,0,1,Surburban,1,Phone,No E-Mail,0,0,0.0
3844,1,1) $0 - $100,29.99,1,0,Surburban,1,Web,Womens E-Mail,0,0,0.0
3845,11,3) $200 - $350,254.36,1,0,Surburban,0,Web,No E-Mail,0,0,0.0
3849,7,3) $200 - $350,320.72,1,0,Urban,1,Web,Womens E-Mail,0,0,0.0
3850,8,4) $350 - $500,394.16,0,1,Surburban,0,Web,No E-Mail,0,0,0.0
3854,12,1) $0 - $100,51.18,1,0,Surburban,1,Phone,Womens E-Mail,0,0,0.0
3866,3,2) $100 - $200,188.22,1,0,Surburban,0,Phone,No E-Mail,0,0,0.0
3875,7,1) $0 - $100,29.99,0,1,Urban,1,Phone,Mens E-Mail,0,0,0.0
3889,2,2) $100 - $200,171.8,0,1,Surburban,1,Phone,Womens E-Mail,0,0,0.0
3890,4,"6) $750 - $1,000",775.45,1,1,Surburban,1,Web,No E-Mail,1,0,0.0
3893,3,2) $100 - $200,150.19,0,1,Urban,0,Web,Mens E-Mail,0,0,0.0
3894,1,1) $0 - $100,47.97,0,1,Urban,0,Phone,Womens E-Mail,0,0,0.0
3900,3,4) $350 - $500,354.72,1,0,Surburban,0,Multichannel,No E-Mail,0,0,0.0
3902,5,3) $200 - $350,321.26,1,0,Urban,0,Phone,Mens E-Mail,0,0,0.0
3906,2,1) $0 - $100,30.06,0,1,Surburban,1,Phone,Mens E-Mail,0,0,0.0
3921,9,2) $100 - $200,113.6,0,1,Urban,1,Web,Mens E-Mail,0,0,0.0
3937,10,1) $0 - $100,59.2,1,0,Urban,0,Phone,Womens E-Mail,0,0,0.0
3941,1,2) $100 - $200,195.36,0,1,Surburban,1,Web,Mens E-Mail,0,0,0.0
3948,9,1) $0 - $100,29.99,1,0,Surburban,0,Phone,Mens E-Mail,0,0,0.0
3954,3,3) $200 - $350,219.51,1,0,Urban,0,Phone,No E-Mail,0,0,0.0
3956,1,3) $200 - $350,266.99,0,1,Surburban,0,Web,No E-Mail,0,0,0.0
3967,10,1) $0 - $100,29.99,1,0,Surburban,1,Phone,Womens E-Mail,0,0,0.0
3976,3,3) $200 - $350,307.35,0,1,Surburban,1,Phone,Womens E-Mail,0,0,0.0
3985,1,3) $200 - $350,342.84,1,0,Surburban,1,Phone,Womens E-Mail,0,0,0.0
3994,12,4) $350 - $500,352.21,1,0,Urban,0,Web,Womens E-Mail,1,0,0.0
4004,12,1) $0 - $100,29.99,0,1,Urban,1,Phone,No E-Mail,0,0,0.0
4008,3,5) $500 - $750,533.42,0,1,Urban,1,Phone,Mens E-Mail,0,0,0.0
4009,8,3) $200 - $350,268.17,0,1,Urban,0,Phone,Mens E-Mail,0,0,0.0
4040,7,"6) $750 - $1,000",932.25,0,1,Urban,1,Multichannel,No E-Mail,0,0,0.0
4052,5,2) $100 - $200,131.65,0,1,Surburban,1,Phone,No E-Mail,0,0,0.0
4057,2,"7) $1,000 +",1039.77,1,1,Rural,1,Phone,No E-Mail,1,1,112.69
4070,1,4) $350 - $500,485.65,0,1,Urban,0,Web,No E-Mail,1,0,0.0
4071,10,5) $500 - $750,529.26,1,0,Rural,1,Phone,Mens E-Mail,0,0,0.0
4107,2,3) $200 - $350,247.45,1,1,Urban,0,Phone,Womens E-Mail,0,0,0.0
4110,5,"6) $750 - $1,000",889.94,0,1,Urban,1,Web,Mens E-Mail,0,0,0.0
4124,11,2) $100 - $200,183.69,1,0,Surburban,0,Web,Mens E-Mail,0,0,0.0
4133,1,4) $350 - $500,367.19,1,0,Urban,0,Web,Mens E-Mail,1,0,0.0
4142,1,1) $0 - $100,29.99,1,0,Urban,0,Phone,Mens E-Mail,0,0,0.0
4197,3,1) $0 - $100,92.83,1,0,Urban,0,Web,Womens E-Mail,0,0,0.0
4199,2,3) $200 - $350,213.59,1,1,Urban,0,Web,No E-Mail,0,0,0.0
4218,10,3) $200 - $350,240.32,1,1,Surburban,0,Phone,Womens E-Mail,0,0,0.0
4237,2,4) $350 - $500,410.73,1,1,Urban,1,Multichannel,Womens E-Mail,1,0,0.0
4247,8,"6) $750 - $1,000",861.02,1,0,Urban,1,Multichannel,Mens E-Mail,0,0,0.0
4283,10,2) $100 - $200,165.36,1,0,Surburban,0,Web,No E-Mail,0,0,0.0
4304,3,3) $200 - $350,333.68,1,0,Surburban,1,Web,Mens E-Mail,0,0,0.0
4306,1,4) $350 - $500,463.14,1,0,Urban,0,Multichannel,No E-Mail,0,0,0.0
4319,8,1) $0 - $100,29.99,1,0,Urban,0,Web,Mens E-Mail,0,0,0.0
4320,9,1) $0 - $100,92.93,0,1,Urban,1,Phone,Womens E-Mail,0,0,0.0
4334,7,5) $500 - $750,509.91,1,0,Urban,1,Phone,No E-Mail,0,0,0.0
4338,3,1) $0 - $100,86.33,0,1,Surburban,0,Phone,Mens E-Mail,0,0,0.0
4356,7,4) $350 - $500,366.43,1,0,Rural,1,Phone,No E-Mail,1,0,0.0
4362,9,2) $100 - $200,176.29,1,0,Urban,0,Phone,Mens E-Mail,1,0,0.0
4426,1,1) $0 - $100,30.67,0,1,Urban,1,Web,No E-Mail,0,0,0.0
4444,2,"7) $1,000 +",1212.02,1,0,Urban,1,Multichannel,Womens E-Mail,1,0,0.0
4450,4,2) $100 - $200,122.2,0,1,Surburban,1,Phone,Mens E-Mail,0,0,0.0
4468,10,3) $200 - $350,282.14,0,1,Urban,0,Multichannel,Womens E-Mail,0,0,0.0
4496,3,1) $0 - $100,29.99,0,1,Urban,0,Phone,Womens E-Mail,0,0,0.0
4502,5,1) $0 - $100,29.99,0,1,Rural,0,Web,Mens E-Mail,1,0,0.0
4506,4,1) $0 - $100,31.06,0,1,Urban,1,Web,No E-Mail,0,0,0.0
4532,9,1) $0 - $100,35.9,0,1,Surburban,1,Web,Womens E-Mail,0,0,0.0
4541,9,1) $0 - $100,29.99,1,0,Urban,0,Phone,Womens E-Mail,0,0,0.0
4559,6,1) $0 - $100,41.41,0,1,Urban,0,Phone,No E-Mail,0,0,0.0
4567,2,3) $200 - $350,265.35,1,0,Rural,0,Web,Mens E-Mail,1,0,0.0
4587,5,2) $100 - $200,183.8,0,1,Surburban,0,Web,No E-Mail,0,0,0.0
4594,9,1) $0 - $100,94.67,1,0,Urban,1,Web,Mens E-Mail,0,0,0.0
4607,3,3) $200 - $350,335.52,1,0,Rural,0,Phone,No E-Mail,0,0,0.0
4610,9,1) $0 - $100,33.25,1,0,Surburban,0,Phone,Mens E-Mail,0,0,0.0
4624,8,1) $0 - $100,93.91,0,1,Urban,0,Phone,Womens E-Mail,0,0,0.0
4642,1,2) $100 - $200,122.28,0,1,Surburban,0,Phone,Mens E-Mail,1,0,0.0
4645,5,2) $100 - $200,156.8,1,0,Urban,0,Web,Mens E-Mail,0,0,0.0
4671,10,1) $0 - $100,85.87,0,1,Urban,0,Web,No E-Mail,0,0,0.0
4676,3,3) $200 - $350,278.48,0,1,Urban,0,Phone,No E-Mail,0,0,0.0
4690,12,3) $200 - $350,238.29,1,0,Surburban,0,Multichannel,Womens E-Mail,0,0,0.0
4705,5,3) $200 - $350,213.55,1,0,Urban,0,Phone,No E-Mail,0,0,0.0
4710,2,3) $200 - $350,343.76,1,0,Surburban,0,Phone,Womens E-Mail,0,0,0.0
4718,11,3) $200 - $350,278.19,1,1,Urban,0,Web,Mens E-Mail,0,0,0.0
4721,3,2) $100 - $200,184.85,1,0,Rural,1,Phone,No E-Mail,0,0,0.0
4755,11,1) $0 - $100,55.59,0,1,Urban,0,Web,Mens E-Mail,0,0,0.0
4781,10,3) $200 - $350,296.47,1,0,Urban,0,Multichannel,Womens E-Mail,0,0,0.0
4791,6,1) $0 - $100,91.26,0,1,Surburban,1,Web,No E-Mail,0,0,0.0
4799,11,1) $0 - $100,43.76,0,1,Surburban,0,Phone,Womens E-Mail,0,0,0.0
4802,11,1) $0 - $100,47.17,1,0,Surburban,0,Phone,No E-Mail,0,0,0.0
4822,7,1) $0 - $100,29.99,1,0,Rural,0,Web,Womens E-Mail,0,0,0.0
4832,12,1) $0 - $100,64.78,0,1,Surburban,1,Web,Mens E-Mail,0,0,0.0
4846,12,1) $0 - $100,29.99,1,0,Surburban,0,Web,Womens E-Mail,0,0,0.0
4847,2,"7) $1,000 +",1968.98,1,0,Surburban,1,Multichannel,Mens E-Mail,0,0,0.0
4900,1,1) $0 - $100,68.72,0,1,Surburban,1,Phone,No E-Mail,0,0,0.0
4930,7,1) $0 - $100,34.37,1,0,Surburban,0,Phone,Mens E-Mail,0,0,0.0
4932,8,2) $100 - $200,157.17,0,1,Urban,1,Web,No E-Mail,0,0,0.0
4934,1,4) $350 - $500,382.28,0,1,Urban,0,Phone,Womens E-Mail,1,0,0.0
4940,9,2) $100 - $200,174.92,0,1,Surburban,1,Web,Womens E-Mail,0,0,0.0
4961,6,3) $200 - $350,235.07,1,0,Surburban,0,Web,No E-Mail,0,0,0.0
4962,10,1) $0 - $100,29.99,1,0,Surburban,1,Phone,Womens E-Mail,0,0,0.0
4963,2,"6) $750 - $1,000",806.27,0,1,Urban,1,Phone,Womens E-Mail,0,0,0.0
4964,8,3) $200 - $350,205.77,0,1,Surburban,0,Multichannel,Womens E-Mail,0,0,0.0
4984,8,"7) $1,000 +",1190.1,1,0,Surburban,1,Phone,Womens E-Mail,0,0,0.0
4985,2,3) $200 - $350,292.92,0,1,Rural,1,Phone,Womens E-Mail,0,0,0.0
4986,3,5) $500 - $750,679.87,1,0,Urban,1,Web,Mens E-Mail,0,0,0.0
5009,1,2) $100 - $200,172.42,0,1,Urban,0,Phone,Mens E-Mail,0,0,0.0
5042,4,5) $500 - $750,540.53,1,1,Surburban,1,Multichannel,No E-Mail,0,0,0.0
5048,9,1) $0 - $100,29.99,1,0,Surburban,1,Phone,No E-Mail,0,0,0.0
5052,4,1) $0 - $100,59.8,0,1,Urban,0,Web,Womens E-Mail,0,0,0.0
5068,9,2) $100 - $200,196.62,0,1,Urban,0,Web,Womens E-Mail,0,0,0.0
5081,6,4) $350 - $500,439.53,1,1,Surburban,0,Multichannel,Mens E-Mail,0,0,0.0
5083,12,1) $0 - $100,79.79,0,1,Surburban,0,Phone,Womens E-Mail,0,0,0.0
5094,5,1) $0 - $100,57.37,0,1,Rural,0,Phone,No E-Mail,0,0,0.0
5095,2,4) $350 - $500,375.42,1,0,Surburban,1,Multichannel,Mens E-Mail,0,0,0.0
5096,10,3) $200 - $350,222.08,1,0,Urban,0,Web,No E-Mail,0,0,0.0
5097,6,2) $100 - $200,135.76,1,0,Rural,1,Phone,No E-Mail,0,0,0.0
5107,5,2) $100 - $200,171.65,0,1,Surburban,0,Web,No E-Mail,1,0,0.0
5118,9,1) $0 - $100,55.32,1,0,Surburban,0,Phone,No E-Mail,0,0,0.0
5131,7,2) $100 - $200,149.54,0,1,Surburban,1,Web,Mens E-Mail,0,0,0.0
5132,1,1) $0 - $100,32.58,0,1,Surburban,1,Phone,Mens E-Mail,0,0,0.0
5135,12,1) $0 - $100,29.99,1,0,Surburban,1,Web,Mens E-Mail,0,0,0.0
5150,8,1) $0 - $100,87.77,1,0,Surburban,0,Phone,Mens E-Mail,1,0,0.0
5152,12,1) $0 - $100,83.51,1,0,Urban,0,Phone,Womens E-Mail,0,0,0.0
5153,9,1) $0 - $100,60.42,1,0,Surburban,0,Phone,Mens E-Mail,0,0,0.0
5170,6,1) $0 - $100,46.4,1,0,Rural,1,Phone,Womens E-Mail,0,0,0.0
5175,10,2) $100 - $200,128.6,0,1,Surburban,0,Phone,No E-Mail,0,0,0.0
5180,3,1) $0 - $100,35.61,1,0,Surburban,1,Web,Womens E-Mail,0,0,0.0
5186,5,2) $100 - $200,168.82,0,1,Surburban,0,Web,No E-Mail,0,0,0.0
5199,6,3) $200 - $350,242.34,1,1,Surburban,0,Phone,No E-Mail,1,0,0.0
5216,8,3) $200 - $350,205.86,1,1,Urban,0,Web,Mens E-Mail,1,0,0.0
5225,5,1) $0 - $100,68.76,1,0,Urban,1,Web,Mens E-Mail,0,0,0.0
5245,8,1) $0 - $100,29.99,1,0,Urban,1,Web,Mens E-Mail,0,0,0.0
5258,7,1) $0 - $100,42.53,1,0,Surburban,1,Phone,Womens E-Mail,0,0,0.0
5284,5,2) $100 - $200,133.14,1,0,Urban,1,Phone,Womens E-Mail,1,0,0.0
5288,1,1) $0 - $100,93.16,1,0,Urban,0,Web,No E-Mail,0,0,0.0
5296,9,2) $100 - $200,126.19,0,1,Urban,0,Phone,Womens E-Mail,0,0,0.0
5317,6,5) $500 - $750,573.67,1,1,Surburban,1,Multichannel,No E-Mail,0,0,0.0
5320,10,1) $0 - $100,68.85,1,0,Urban,1,Phone,Mens E-Mail,1,0,0.0
5338,8,2) $100 - $200,143.42,0,1,Surburban,0,Phone,No E-Mail,0,0,0.0
5340,9,1) $0 - $100,57.38,0,1,Urban,1,Phone,Mens E-Mail,0,0,0.0
5353,6,3) $200 - $350,225.42,1,0,Rural,0,Web,Mens E-Mail,0,0,0.0
5406,8,1) $0 - $100,62.78,1,0,Rural,0,Phone,No E-Mail,0,0,0.0
5417,1,4) $350 - $500,446.0,1,0,Urban,1,Web,No E-Mail,0,0,0.0
5437,3,3) $200 - $350,303.67,1,0,Surburban,0,Phone,Womens E-Mail,0,0,0.0
5438,1,2) $100 - $200,169.3,0,1,Urban,0,Web,Mens E-Mail,1,0,0.0
5441,2,2) $100 - $200,122.01,0,1,Rural,0,Phone,No E-Mail,0,0,0.0
5456,10,1) $0 - $100,29.99,0,1,Surburban,1,Phone,Mens E-Mail,0,0,0.0
5465,1,3) $200 - $350,219.57,1,1,Rural,1,Phone,Mens E-Mail,0,0,0.0
5509,4,2) $100 - $200,101.22,1,0,Urban,1,Web,Womens E-Mail,0,0,0.0
5512,1,"6) $750 - $1,000",940.74,1,0,Urban,1,Web,Womens E-Mail,0,0,0.0
5580,6,1) $0 - $100,68.03,0,1,Urban,1,Phone,No E-Mail,0,0,0.0
5586,10,1) $0 - $100,89.69,1,0,Urban,0,Phone,Womens E-Mail,0,0,0.0
5591,5,1) $0 - $100,29.99,1,0,Urban,0,Phone,Womens E-Mail,0,0,0.0
5600,3,4) $350 - $500,458.21,1,1,Urban,0,Multichannel,Mens E-Mail,1,0,0.0
5611,11,1) $0 - $100,83.1,1,0,Surburban,0,Phone,Womens E-Mail,0,0,0.0
5632,4,2) $100 - $200,121.23,1,0,Urban,1,Web,Womens E-Mail,0,0,0.0
5642,7,3) $200 - $350,241.41,1,0,Rural,1,Phone,No E-Mail,0,0,0.0
5644,6,1) $0 - $100,29.99,1,0,Surburban,1,Phone,No E-Mail,0,0,0.0
5651,3,2) $100 - $200,132.18,1,0,Rural,0,Phone,Mens E-Mail,1,0,0.0
5656,1,5) $500 - $750,540.61,1,0,Surburban,1,Web,Mens E-Mail,0,0,0.0
5704,8,3) $200 - $350,276.65,0,1,Urban,0,Phone,No E-Mail,0,0,0.0
5708,6,4) $350 - $500,405.44,1,0,Surburban,0,Phone,Mens E-Mail,1,1,169.47
5709,2,1) $0 - $100,45.45,0,1,Surburban,1,Web,No E-Mail,0,0,0.0
5718,11,2) $100 - $200,107.47,1,0,Rural,0,Phone,Womens E-Mail,0,0,0.0
5719,5,1) $0 - $100,46.25,1,0,Urban,1,Phone,Mens E-Mail,1,0,0.0
5725,7,3) $200 - $350,248.58,0,1,Urban,0,Phone,Womens E-Mail,0,0,0.0
5726,9,2) $100 - $200,102.0,1,0,Surburban,1,Phone,Womens E-Mail,0,0,0.0
5731,8,4) $350 - $500,362.38,1,0,Urban,0,Web,Womens E-Mail,0,0,0.0
5753,1,3) $200 - $350,235.88,0,1,Surburban,0,Phone,No E-Mail,0,0,0.0
5779,9,1) $0 - $100,45.99,0,1,Surburban,1,Phone,Mens E-Mail,0,0,0.0
5804,3,1) $0 - $100,90.22,1,0,Surburban,0,Phone,Womens E-Mail,1,0,0.0
5821,12,3) $200 - $350,291.32,0,1,Rural,0,Phone,No E-Mail,0,0,0.0
5833,9,1) $0 - $100,38.75,1,0,Urban,1,Phone,Womens E-Mail,0,0,0.0
5837,8,1) $0 - $100,29.99,0,1,Rural,0,Phone,Womens E-Mail,0,0,0.0
5838,1,5) $500 - $750,506.86,1,0,Surburban,1,Phone,No E-Mail,0,0,0.0
5843,2,2) $100 - $200,108.51,1,0,Surburban,1,Phone,No E-Mail,0,0,0.0
5844,11,1) $0 - $100,29.99,0,1,Surburban,1,Web,Womens E-Mail,0,0,0.0
5845,6,2) $100 - $200,154.55,1,0,Surburban,0,Phone,No E-Mail,0,0,0.0
5849,9,4) $350 - $500,391.69,0,1,Surburban,1,Phone,No E-Mail,0,0,0.0
5863,7,"6) $750 - $1,000",796.35,0,1,Rural,1,Phone,Mens E-Mail,1,0,0.0
5882,9,2) $100 - $200,101.22,1,0,Surburban,1,Web,Womens E-Mail,0,0,0.0
5891,4,3) $200 - $350,310.89,0,1,Urban,0,Multichannel,Womens E-Mail,0,0,0.0
5898,1,4) $350 - $500,421.16,1,0,Surburban,1,Phone,Womens E-Mail,0,0,0.0
5899,10,2) $100 - $200,151.66,1,0,Surburban,1,Web,Mens E-Mail,0,0,0.0
5907,8,1) $0 - $100,47.03,0,1,Urban,1,Web,Womens E-Mail,0,0,0.0
5910,8,4) $350 - $500,367.41,1,0,Urban,1,Web,Mens E-Mail,1,1,212.18
5911,8,3) $200 - $350,203.13,1,0,Surburban,0,Web,Mens E-Mail,0,0,0.0
5916,2,"6) $750 - $1,000",822.76,1,1,Urban,1,Multichannel,Mens E-Mail,1,0,0.0
5934,10,1) $0 - $100,57.05,0,1,Surburban,1,Phone,No E-Mail,0,0,0.0
5962,6,4) $350 - $500,401.38,1,0,Urban,0,Multichannel,No E-Mail,0,0,0.0
5972,8,1) $0 - $100,74.96,0,1,Urban,0,Phone,No E-Mail,0,0,0.0
5976,11,1) $0 - $100,95.5,0,1,Rural,0,Web,No E-Mail,0,0,0.0
5996,2,"7) $1,000 +",1085.11,1,0,Surburban,1,Web,Womens E-Mail,0,0,0.0
5998,2,1) $0 - $100,39.06,0,1,Surburban,0,Phone,Womens E-Mail,0,0,0.0
6008,5,1) $0 - $100,95.19,0,1,Rural,1,Web,Womens E-Mail,0,0,0.0
6010,2,2) $100 - $200,122.72,0,1,Rural,0,Web,Mens E-Mail,1,0,0.0
6027,8,1) $0 - $100,29.99,1,0,Surburban,1,Phone,Womens E-Mail,0,0,0.0
6032,11,1) $0 - $100,29.99,0,1,Surburban,1,Phone,Womens E-Mail,0,0,0.0
6033,2,1) $0 - $100,29.99,1,0,Surburban,1,Web,Womens E-Mail,0,0,0.0
6043,1,4) $350 - $500,401.84,1,1,Surburban,1,Multichannel,No E-Mail,0,0,0.0
6045,9,1) $0 - $100,29.99,1,0,Rural,1,Web,Mens E-Mail,0,0,0.0
6047,12,1) $0 - $100,67.73,0,1,Rural,0,Phone,Mens E-Mail,0,0,0.0
6051,6,1) $0 - $100,97.76,1,0,Rural,0,Web,Mens E-Mail,0,0,0.0
6054,1,"6) $750 - $1,000",765.5,1,0,Urban,1,Phone,Womens E-Mail,0,0,0.0
6076,6,3) $200 - $350,201.37,1,0,Urban,1,Phone,No E-Mail,0,0,0.0
6084,9,5) $500 - $750,508.99,0,1,Surburban,1,Multichannel,Womens E-Mail,0,0,0.0
6085,12,1) $0 - $100,42.14,1,0,Urban,1,Phone,No E-Mail,0,0,0.0
6093,2,5) $500 - $750,653.85,1,0,Urban,1,Phone,Mens E-Mail,0,0,0.0
6094,8,2) $100 - $200,152.87,1,0,Surburban,0,Web,No E-Mail,1,0,0.0
6111,1,"6) $750 - $1,000",972.5,1,1,Urban,1,Web,Mens E-Mail,0,0,0.0
6116,1,4) $350 - $500,371.63,1,1,Rural,0,Multichannel,Womens E-Mail,0,0,0.0
6120,5,1) $0 - $100,30.71,1,0,Surburban,0,Phone,Mens E-Mail,0,0,0.0
6131,9,2) $100 - $200,100.22,0,1,Surburban,0,Web,Mens E-Mail,0,0,0.0
6179,2,"6) $750 - $1,000",879.21,1,1,Rural,1,Phone,Womens E-Mail,0,0,0.0
6182,6,3) $200 - $350,239.47,1,0,Urban,1,Phone,No E-Mail,0,0,0.0
6197,3,"6) $750 - $1,000",801.85,0,1,Surburban,1,Web,Womens E-Mail,0,0,0.0
6199,11,1) $0 - $100,69.81,1,0,Rural,1,Phone,No E-Mail,0,0,0.0
6204,12,1) $0 - $100,29.99,0,1,Surburban,0,Web,Womens E-Mail,0,0,0.0
6213,1,"6) $750 - $1,000",997.61,1,1,Surburban,1,Multichannel,Womens E-Mail,0,0,0.0
6231,3,2) $100 - $200,110.38,1,0,Urban,1,Web,No E-Mail,0,0,0.0
6233,9,2) $100 - $200,142.35,1,0,Urban,0,Phone,No E-Mail,0,0,0.0
6236,11,3) $200 - $350,225.36,0,1,Urban,0,Web,Womens E-Mail,0,0,0.0
6242,9,1) $0 - $100,55.58,1,0,Surburban,1,Phone,Mens E-Mail,0,0,0.0
6250,10,1) $0 - $100,29.99,0,1,Surburban,1,Phone,Mens E-Mail,0,0,0.0
6252,6,2) $100 - $200,131.32,1,0,Rural,0,Web,No E-Mail,0,0,0.0
6269,3,"6) $750 - $1,000",842.86,1,1,Urban,1,Web,Womens E-Mail,1,0,0.0
6285,3,1) $0 - $100,88.97,1,0,Surburban,0,Phone,Mens E-Mail,0,0,0.0
6286,2,5) $500 - $750,512.94,1,0,Urban,1,Web,Mens E-Mail,0,0,0.0
6293,1,2) $100 - $200,128.0,1,0,Surburban,1,Phone,No E-Mail,0,0,0.0
6294,2,1) $0 - $100,29.99,1,0,Urban,0,Web,Womens E-Mail,0,0,0.0
6303,9,1) $0 - $100,57.09,1,0,Surburban,1,Phone,Mens E-Mail,0,0,0.0
6317,11,3) $200 - $350,200.22,0,1,Surburban,1,Web,Womens E-Mail,0,0,0.0
6329,2,1) $0 - $100,29.99,1,0,Rural,1,Phone,No E-Mail,0,0,0.0
6338,10,2) $100 - $200,102.96,0,1,Surburban,0,Web,Mens E-Mail,0,0,0.0
6358,11,1) $0 - $100,29.99,0,1,Surburban,1,Web,Mens E-Mail,1,0,0.0
6370,8,3) $200 - $350,311.71,0,1,Surburban,0,Phone,No E-Mail,0,0,0.0
6397,1,"6) $750 - $1,000",798.83,0,1,Surburban,1,Web,No E-Mail,0,0,0.0
6398,8,1) $0 - $100,34.77,0,1,Surburban,0,Web,Womens E-Mail,0,0,0.0
6406,10,2) $100 - $200,162.67,0,1,Surburban,0,Phone,Mens E-Mail,0,0,0.0
6410,6,1) $0 - $100,52.5,1,0,Surburban,0,Web,No E-Mail,1,0,0.0
6422,1,"6) $750 - $1,000",996.66,0,1,Rural,1,Phone,Womens E-Mail,0,0,0.0
6425,2,2) $100 - $200,171.69,0,1,Urban,0,Phone,No E-Mail,0,0,0.0
6433,8,1) $0 - $100,44.16,1,0,Surburban,0,Web,Mens E-Mail,1,0,0.0
6438,4,3) $200 - $350,212.42,1,0,Surburban,0,Phone,Mens E-Mail,0,0,0.0
6442,6,1) $0 - $100,40.02,0,1,Surburban,1,Web,Womens E-Mail,1,0,0.0
6446,4,4) $350 - $500,413.07,0,1,Urban,0,Phone,Mens E-Mail,0,0,0.0
6447,1,4) $350 - $500,482.02,1,1,Urban,0,Multichannel,No E-Mail,0,0,0.0
6462,10,1) $0 - $100,29.99,0,1,Urban,1,Phone,Mens E-Mail,0,0,0.0
6463,7,1) $0 - $100,69.12,0,1,Surburban,1,Phone,No E-Mail,1,0,0.0
6479,6,1) $0 - $100,46.71,1,0,Urban,1,Phone,No E-Mail,0,0,0.0
6480,6,3) $200 - $350,299.23,1,0,Urban,1,Web,Mens E-Mail,0,0,0.0
6488,2,3) $200 - $350,318.43,1,0,Urban,0,Web,Womens E-Mail,0,0,0.0
6493,5,4) $350 - $500,449.15,1,1,Urban,0,Multichannel,Womens E-Mail,0,0,0.0
6501,1,2) $100 - $200,128.46,1,0,Surburban,1,Web,Mens E-Mail,1,0,0.0
6514,3,1) $0 - $100,29.99,1,0,Urban,1,Phone,No E-Mail,0,0,0.0
6524,8,1) $0 - $100,80.16,1,0,Urban,1,Phone,Womens E-Mail,0,0,0.0
6530,6,2) $100 - $200,193.36,1,0,Rural,1,Web,Womens E-Mail,0,0,0.0
6533,6,1) $0 - $100,42.39,0,1,Rural,0,Phone,Womens E-Mail,1,0,0.0
6538,10,2) $100 - $200,145.06,0,1,Rural,0,Phone,Mens E-Mail,0,0,0.0
6556,2,1) $0 - $100,29.99,1,0,Urban,1,Web,Womens E-Mail,0,0,0.0
6574,7,2) $100 - $200,128.44,0,1,Surburban,1,Phone,Womens E-Mail,0,0,0.0
6587,4,3) $200 - $350,221.5,0,1,Surburban,1,Web,Womens E-Mail,0,0,0.0
6588,9,1) $0 - $100,93.22,1,0,Urban,0,Phone,No E-Mail,1,0,0.0
6608,10,1) $0 - $100,66.17,0,1,Urban,1,Phone,Womens E-Mail,0,0,0.0
6621,1,3) $200 - $350,209.35,1,0,Rural,0,Web,Mens E-Mail,1,0,0.0
6624,9,2) $100 - $200,119.48,1,0,Rural,0,Web,No E-Mail,0,0,0.0
6628,8,1) $0 - $100,37.25,1,0,Rural,1,Web,Womens E-Mail,1,0,0.0
6637,3,2) $100 - $200,118.08,1,0,Urban,0,Web,No E-Mail,0,0,0.0
6653,5,1) $0 - $100,94.27,1,0,Rural,1,Phone,Womens E-Mail,0,0,0.0
6664,8,2) $100 - $200,189.2,0,1,Urban,1,Web,Womens E-Mail,0,0,0.0
6667,3,2) $100 - $200,105.8,1,0,Urban,1,Web,No E-Mail,0,0,0.0
6672,7,4) $350 - $500,373.04,1,0,Urban,1,Web,Mens E-Mail,0,0,0.0
6676,4,5) $500 - $750,508.65,1,0,Surburban,1,Web,No E-Mail,0,0,0.0
6686,3,5) $500 - $750,638.76,1,0,Surburban,1,Multichannel,Mens E-Mail,0,0,0.0
6693,1,5) $500 - $750,641.49,0,1,Urban,1,Web,Womens E-Mail,0,0,0.0
6697,5,1) $0 - $100,33.45,1,0,Rural,1,Web,No E-Mail,0,0,0.0
6700,1,5) $500 - $750,719.93,0,1,Urban,1,Phone,No E-Mail,0,0,0.0
6704,11,1) $0 - $100,29.99,0,1,Surburban,0,Phone,No E-Mail,0,0,0.0
6716,1,2) $100 - $200,192.69,1,0,Rural,0,Web,Mens E-Mail,0,0,0.0
6719,7,2) $100 - $200,108.17,1,0,Surburban,0,Phone,Mens E-Mail,0,0,0.0
6730,4,5) $500 - $750,559.71,1,0,Surburban,1,Web,Womens E-Mail,0,0,0.0
6736,9,1) $0 - $100,32.02,1,0,Surburban,0,Web,Mens E-Mail,0,0,0.0
6742,11,4) $350 - $500,417.16,0,1,Surburban,0,Phone,No E-Mail,0,0,0.0
6744,9,3) $200 - $350,339.97,1,0,Surburban,0,Phone,Mens E-Mail,0,0,0.0
6746,5,1) $0 - $100,38.1,0,1,Surburban,1,Phone,Mens E-Mail,0,0,0.0
6752,8,2) $100 - $200,106.41,0,1,Surburban,1,Phone,Womens E-Mail,0,0,0.0
6753,3,5) $500 - $750,528.23,1,1,Surburban,1,Phone,Womens E-Mail,0,0,0.0
6765,1,2) $100 - $200,138.14,0,1,Surburban,1,Phone,Womens E-Mail,0,0,0.0
6770,7,2) $100 - $200,169.88,1,0,Urban,0,Web,Womens E-Mail,0,0,0.0
6772,9,3) $200 - $350,278.62,0,1,Surburban,0,Phone,Womens E-Mail,0,0,0.0
6784,12,5) $500 - $750,505.32,1,0,Surburban,1,Phone,No E-Mail,0,0,0.0
6785,3,1) $0 - $100,29.99,0,1,Surburban,1,Web,No E-Mail,1,1,150.72
6787,1,2) $100 - $200,119.75,0,1,Surburban,0,Web,Womens E-Mail,0,0,0.0
6794,3,"7) $1,000 +",1043.9,1,0,Urban,1,Multichannel,Mens E-Mail,0,0,0.0
6798,7,1) $0 - $100,29.99,0,1,Urban,0,Phone,Womens E-Mail,0,0,0.0
6803,1,2) $100 - $200,132.8,1,0,Surburban,0,Phone,Womens E-Mail,0,0,0.0
6806,5,1) $0 - $100,59.9,1,0,Urban,0,Phone,No E-Mail,0,0,0.0
6824,1,5) $500 - $750,548.15,0,1,Urban,1,Multichannel,No E-Mail,0,0,0.0
6831,1,2) $100 - $200,133.8,1,0,Urban,0,Web,Mens E-Mail,0,0,0.0
6835,5,3) $200 - $350,225.53,0,1,Surburban,0,Web,Mens E-Mail,0,0,0.0
6847,2,5) $500 - $750,568.09,1,0,Urban,1,Web,Mens E-Mail,0,0,0.0
6851,2,2) $100 - $200,192.95,0,1,Rural,0,Phone,No E-Mail,0,0,0.0
6862,10,3) $200 - $350,242.45,1,0,Surburban,0,Phone,Womens E-Mail,0,0,0.0
6868,1,3) $200 - $350,349.96,0,1,Surburban,0,Phone,Womens E-Mail,0,0,0.0
6872,4,"6) $750 - $1,000",822.63,1,1,Urban,1,Multichannel,No E-Mail,0,0,0.0
6879,1,"7) $1,000 +",1146.87,1,1,Surburban,1,Web,No E-Mail,0,0,0.0
6881,2,4) $350 - $500,494.87,1,1,Surburban,0,Web,Womens E-Mail,0,0,0.0
6884,10,5) $500 - $750,702.46,1,0,Surburban,1,Multichannel,Mens E-Mail,0,0,0.0
6903,12,1) $0 - $100,30.51,0,1,Surburban,1,Phone,No E-Mail,0,0,0.0
6917,9,3) $200 - $350,327.11,1,0,Surburban,0,Web,Mens E-Mail,0,0,0.0
6931,3,1) $0 - $100,29.99,1,0,Rural,1,Web,No E-Mail,1,0,0.0
6936,2,2) $100 - $200,182.32,1,0,Surburban,1,Web,Mens E-Mail,1,0,0.0
6937,9,4) $350 - $500,352.65,1,0,Surburban,0,Web,No E-Mail,1,0,0.0
6947,2,3) $200 - $350,230.87,0,1,Urban,1,Web,Womens E-Mail,0,0,0.0
6958,2,1) $0 - $100,66.73,0,1,Urban,1,Phone,Womens E-Mail,0,0,0.0
6962,4,3) $200 - $350,282.51,0,1,Surburban,1,Phone,Mens E-Mail,0,0,0.0
6963,7,3) $200 - $350,203.68,1,0,Urban,0,Web,No E-Mail,1,0,0.0
6972,10,3) $200 - $350,236.41,0,1,Surburban,1,Phone,No E-Mail,0,0,0.0
6981,2,"6) $750 - $1,000",922.46,1,0,Urban,1,Phone,No E-Mail,0,0,0.0
6986,2,5) $500 - $750,521.83,0,1,Surburban,1,Multichannel,No E-Mail,0,0,0.0
6989,1,1) $0 - $100,82.61,1,0,Urban,0,Web,No E-Mail,0,0,0.0
6991,1,5) $500 - $750,549.72,1,0,Surburban,1,Multichannel,Mens E-Mail,0,0,0.0
6996,10,1) $0 - $100,85.14,1,0,Urban,1,Phone,Womens E-Mail,1,0,0.0
7009,3,1) $0 - $100,50.85,1,0,Rural,0,Web,No E-Mail,1,0,0.0
7010,1,2) $100 - $200,194.34,1,0,Urban,1,Phone,Mens E-Mail,0,0,0.0
7012,12,2) $100 - $200,153.92,0,1,Surburban,1,Phone,Womens E-Mail,0,0,0.0
7014,10,2) $100 - $200,198.72,0,1,Surburban,1,Web,No E-Mail,0,0,0.0
7015,2,2) $100 - $200,150.83,1,0,Urban,0,Web,Mens E-Mail,0,0,0.0
7018,10,2) $100 - $200,183.73,1,0,Urban,0,Web,No E-Mail,0,0,0.0
7034,11,1) $0 - $100,46.71,1,0,Rural,1,Web,Womens E-Mail,0,0,0.0
7035,9,1) $0 - $100,78.3,1,0,Urban,0,Phone,Mens E-Mail,1,0,0.0
7052,1,1) $0 - $100,74.84,0,1,Urban,0,Phone,Mens E-Mail,0,0,0.0
7060,5,2) $100 - $200,157.27,0,1,Surburban,1,Phone,Mens E-Mail,0,0,0.0
7062,12,1) $0 - $100,29.99,0,1,Rural,1,Phone,Mens E-Mail,0,0,0.0
7069,5,3) $200 - $350,347.22,1,0,Urban,1,Web,Mens E-Mail,0,0,0.0
7079,2,2) $100 - $200,190.13,1,0,Urban,1,Phone,No E-Mail,0,0,0.0
7085,9,1) $0 - $100,29.99,1,0,Surburban,0,Phone,No E-Mail,0,0,0.0
7094,3,3) $200 - $350,283.43,0,1,Urban,1,Phone,No E-Mail,0,0,0.0
7102,2,1) $0 - $100,29.99,1,0,Surburban,0,Web,Mens E-Mail,0,0,0.0
7109,9,4) $350 - $500,364.93,0,1,Surburban,0,Web,Mens E-Mail,0,0,0.0
7110,2,3) $200 - $350,209.69,0,1,Surburban,0,Web,Mens E-Mail,1,0,0.0
7124,7,1) $0 - $100,91.96,0,1,Surburban,1,Phone,Womens E-Mail,0,0,0.0
7150,9,2) $100 - $200,168.52,1,0,Surburban,0,Phone,Womens E-Mail,0,0,0.0
7158,10,2) $100 - $200,199.01,1,0,Surburban,0,Phone,No E-Mail,0,0,0.0
7162,7,2) $100 - $200,115.01,0,1,Surburban,1,Phone,No E-Mail,0,0,0.0
7165,7,3) $200 - $350,288.4,0,1,Surburban,0,Web,Mens E-Mail,1,1,44.12
7174,3,3) $200 - $350,281.54,0,1,Surburban,0,Phone,Mens E-Mail,0,0,0.0
7176,9,1) $0 - $100,29.99,1,0,Surburban,0,Web,No E-Mail,0,0,0.0
7194,12,2) $100 - $200,125.07,1,0,Surburban,0,Phone,Mens E-Mail,0,0,0.0
7237,12,1) $0 - $100,89.94,0,1,Surburban,1,Phone,No E-Mail,0,0,0.0
7238,10,1) $0 - $100,82.14,1,0,Surburban,1,Phone,Womens E-Mail,0,0,0.0
7242,2,1) $0 - $100,29.99,1,0,Surburban,0,Phone,No E-Mail,0,0,0.0
7250,5,5) $500 - $750,710.31,1,0,Urban,1,Phone,Womens E-Mail,1,0,0.0
7251,4,2) $100 - $200,161.48,1,0,Rural,0,Web,Mens E-Mail,0,0,0.0
7259,9,1) $0 - $100,93.59,0,1,Surburban,1,Phone,Mens E-Mail,0,0,0.0
7260,7,5) $500 - $750,506.05,1,0,Rural,1,Web,No E-Mail,0,0,0.0
7268,2,1) $0 - $100,75.62,1,0,Urban,1,Web,Womens E-Mail,0,0,0.0
7276,1,5) $500 - $750,506.33,1,0,Rural,1,Multichannel,Mens E-Mail,0,0,0.0
7320,11,2) $100 - $200,138.4,0,1,Urban,1,Phone,Womens E-Mail,0,0,0.0
7325,10,1) $0 - $100,88.04,1,0,Surburban,0,Phone,Mens E-Mail,0,0,0.0
7330,2,2) $100 - $200,129.33,0,1,Urban,0,Phone,No E-Mail,0,0,0.0
7338,5,1) $0 - $100,29.99,1,0,Urban,1,Web,Mens E-Mail,0,0,0.0
7357,4,1) $0 - $100,29.99,0,1,Urban,0,Phone,Mens E-Mail,0,0,0.0
7365,11,1) $0 - $100,29.99,0,1,Urban,0,Phone,No E-Mail,0,0,0.0
7393,7,3) $200 - $350,235.96,1,0,Surburban,1,Phone,No E-Mail,0,0,0.0
7406,3,2) $100 - $200,148.31,0,1,Urban,1,Phone,Womens E-Mail,0,0,0.0
7439,12,1) $0 - $100,77.0,0,1,Urban,1,Web,Mens E-Mail,0,0,0.0
7445,8,1) $0 - $100,87.33,0,1,Urban,0,Web,Womens E-Mail,0,0,0.0
7449,5,1) $0 - $100,50.1,1,0,Rural,1,Web,Womens E-Mail,0,0,0.0
7465,12,1) $0 - $100,54.41,0,1,Surburban,0,Phone,Mens E-Mail,0,0,0.0
7481,1,3) $200 - $350,270.79,1,0,Surburban,1,Phone,Mens E-Mail,0,0,0.0
7483,1,3) $200 - $350,219.8,1,0,Surburban,1,Phone,Womens E-Mail,0,0,0.0
7508,7,3) $200 - $350,223.55,1,0,Surburban,1,Web,Womens E-Mail,0,0,0.0
7512,10,3) $200 - $350,345.39,1,0,Urban,1,Phone,Womens E-Mail,0,0,0.0
7513,8,4) $350 - $500,357.95,1,0,Surburban,1,Web,No E-Mail,0,0,0.0
7521,8,2) $100 - $200,138.83,1,0,Rural,0,Phone,No E-Mail,0,0,0.0
7528,10,1) $0 - $100,74.06,0,1,Surburban,1,Web,Womens E-Mail,0,0,0.0
7529,9,2) $100 - $200,100.57,0,1,Surburban,1,Phone,No E-Mail,0,0,0.0
7533,2,5) $500 - $750,588.04,0,1,Surburban,1,Phone,Womens E-Mail,0,0,0.0
7559,3,2) $100 - $200,169.31,0,1,Surburban,0,Web,No E-Mail,0,0,0.0
7562,7,1) $0 - $100,69.62,0,1,Urban,1,Phone,No E-Mail,0,0,0.0
7569,10,2) $100 - $200,131.95,0,1,Urban,1,Web,Mens E-Mail,0,0,0.0
7574,4,1) $0 - $100,75.37,0,1,Surburban,0,Phone,Womens E-Mail,0,0,0.0
7580,9,2) $100 - $200,152.48,1,0,Urban,0,Web,Mens E-Mail,0,0,0.0
7584,10,1) $0 - $100,29.99,0,1,Urban,1,Phone,Mens E-Mail,0,0,0.0
7591,10,1) $0 - $100,29.99,1,0,Rural,0,Web,Womens E-Mail,0,0,0.0
7613,5,4) $350 - $500,477.98,0,1,Urban,0,Web,Mens E-Mail,0,0,0.0
7614,7,1) $0 - $100,41.94,0,1,Urban,0,Web,Mens E-Mail,0,0,0.0
7638,6,1) $0 - $100,99.41,0,1,Surburban,0,Phone,Womens E-Mail,0,0,0.0
7663,8,4) $350 - $500,426.36,1,1,Urban,0,Web,Womens E-Mail,0,0,0.0
7679,11,1) $0 - $100,29.99,1,0,Surburban,0,Web,No E-Mail,0,0,0.0
7713,3,1) $0 - $100,43.56,1,0,Urban,0,Web,No E-Mail,0,0,0.0
7719,4,1) $0 - $100,29.99,0,1,Urban,0,Phone,Womens E-Mail,0,0,0.0
7722,7,3) $200 - $350,321.89,1,0,Urban,0,Phone,Womens E-Mail,0,0,0.0
7735,2,3) $200 - $350,297.24,1,0,Urban,0,Phone,Mens E-Mail,1,0,0.0
7746,12,3) $200 - $350,328.31,0,1,Urban,0,Phone,No E-Mail,0,0,0.0
7748,4,1) $0 - $100,43.07,1,0,Urban,1,Web,Womens E-Mail,1,0,0.0
7749,4,4) $350 - $500,404.9,1,0,Urban,0,Web,Womens E-Mail,0,0,0.0
7760,11,1) $0 - $100,67.1,0,1,Urban,1,Phone,Womens E-Mail,0,0,0.0
7775,6,1) $0 - $100,29.99,0,1,Surburban,0,Phone,Mens E-Mail,0,0,0.0
7783,6,4) $350 - $500,427.25,0,1,Urban,1,Web,No E-Mail,0,0,0.0
7785,9,1) $0 - $100,73.74,0,1,Rural,1,Web,No E-Mail,0,0,0.0
7810,1,3) $200 - $350,221.14,1,0,Urban,0,Web,Mens E-Mail,1,0,0.0
7819,4,5) $500 - $750,614.41,1,0,Urban,1,Multichannel,No E-Mail,0,0,0.0
7832,9,2) $100 - $200,133.3,1,0,Surburban,1,Phone,No E-Mail,0,0,0.0
7836,5,3) $200 - $350,298.67,1,1,Rural,1,Phone,Womens E-Mail,0,0,0.0
7850,11,1) $0 - $100,29.99,1,0,Surburban,1,Phone,Womens E-Mail,0,0,0.0
7856,11,3) $200 - $350,247.31,1,1,Urban,1,Web,Mens E-Mail,1,0,0.0
7859,1,1) $0 - $100,48.1,0,1,Urban,0,Web,Womens E-Mail,1,0,0.0
7863,1,1) $0 - $100,39.87,1,0,Rural,1,Phone,Mens E-Mail,0,0,0.0
7882,8,1) $0 - $100,95.96,1,0,Surburban,0,Web,Womens E-Mail,0,0,0.0
7891,4,4) $350 - $500,469.47,1,0,Surburban,0,Multichannel,No E-Mail,0,0,0.0
7902,9,1) $0 - $100,34.64,1,0,Surburban,0,Web,Mens E-Mail,1,0,0.0
7903,9,2) $100 - $200,112.44,0,1,Rural,0,Web,No E-Mail,0,0,0.0
7911,3,2) $100 - $200,167.13,0,1,Surburban,0,Phone,Mens E-Mail,1,0,0.0
7913,2,2) $100 - $200,195.34,1,0,Urban,1,Web,Womens E-Mail,0,0,0.0
7934,8,4) $350 - $500,396.26,1,0,Urban,0,Phone,Womens E-Mail,1,0,0.0
7955,1,4) $350 - $500,421.05,0,1,Urban,0,Phone,Womens E-Mail,0,0,0.0
7966,4,1) $0 - $100,40.53,0,1,Urban,1,Web,No E-Mail,0,0,0.0
7974,10,2) $100 - $200,158.52,0,1,Surburban,1,Web,Mens E-Mail,1,0,0.0
7983,10,1) $0 - $100,31.52,0,1,Urban,0,Phone,No E-Mail,0,0,0.0
7987,10,3) $200 - $350,251.44,0,1,Surburban,0,Multichannel,No E-Mail,0,0,0.0
7999,8,2) $100 - $200,130.79,1,0,Surburban,1,Web,Mens E-Mail,0,0,0.0
8023,2,"7) $1,000 +",1840.85,1,1,Surburban,1,Multichannel,No E-Mail,1,0,0.0
8035,1,2) $100 - $200,199.86,1,0,Surburban,1,Phone,No E-Mail,0,0,0.0
8054,7,5) $500 - $750,515.14,1,0,Urban,1,Phone,Mens E-Mail,0,0,0.0
8055,10,1) $0 - $100,62.2,1,0,Urban,1,Phone,No E-Mail,0,0,0.0
8074,4,1) $0 - $100,29.99,0,1,Surburban,1,Web,No E-Mail,0,0,0.0
8079,1,4) $350 - $500,419.84,1,0,Surburban,0,Phone,Womens E-Mail,0,0,0.0
8085,9,2) $100 - $200,144.91,0,1,Urban,1,Web,Mens E-Mail,0,0,0.0
8090,10,3) $200 - $350,344.26,1,1,Urban,0,Phone,No E-Mail,0,0,0.0
8091,3,2) $100 - $200,106.47,1,0,Surburban,1,Phone,Mens E-Mail,0,0,0.0
8131,4,5) $500 - $750,637.56,0,1,Surburban,1,Web,Womens E-Mail,0,0,0.0
8133,1,3) $200 - $350,267.61,1,0,Urban,0,Phone,No E-Mail,0,0,0.0
8139,12,1) $0 - $100,48.18,0,1,Urban,0,Web,Mens E-Mail,0,0,0.0
8140,4,1) $0 - $100,54.62,0,1,Urban,1,Phone,Womens E-Mail,0,0,0.0
8141,2,3) $200 - $350,348.36,0,1,Surburban,0,Multichannel,Womens E-Mail,1,0,0.0
8159,3,2) $100 - $200,140.36,0,1,Urban,1,Web,Mens E-Mail,0,0,0.0
8170,9,3) $200 - $350,344.49,1,0,Urban,1,Phone,Mens E-Mail,0,0,0.0
8184,2,2) $100 - $200,141.98,0,1,Surburban,0,Web,Womens E-Mail,0,0,0.0
8192,8,5) $500 - $750,512.63,0,1,Urban,1,Web,Mens E-Mail,0,0,0.0
8209,12,1) $0 - $100,56.66,1,0,Urban,0,Phone,Mens E-Mail,0,0,0.0
8230,10,1) $0 - $100,42.53,0,1,Urban,0,Web,Womens E-Mail,0,0,0.0
8239,8,2) $100 - $200,154.18,1,0,Surburban,1,Phone,Womens E-Mail,0,0,0.0
8255,11,1) $0 - $100,41.69,1,0,Urban,0,Web,No E-Mail,0,0,0.0
8259,5,1) $0 - $100,48.9,0,1,Surburban,1,Phone,Mens E-Mail,1,0,0.0
8294,4,"6) $750 - $1,000",835.83,1,1,Rural,1,Multichannel,No E-Mail,0,0,0.0
8308,8,2) $100 - $200,116.31,1,0,Urban,0,Phone,Womens E-Mail,0,0,0.0
8328,8,2) $100 - $200,101.15,0,1,Urban,1,Web,No E-Mail,0,0,0.0
8334,2,3) $200 - $350,276.26,1,1,Surburban,0,Phone,Womens E-Mail,1,0,0.0
8338,8,2) $100 - $200,146.29,0,1,Surburban,1,Phone,No E-Mail,0,0,0.0
8360,5,1) $0 - $100,56.93,0,1,Urban,0,Web,Mens E-Mail,0,0,0.0
8368,11,1) $0 - $100,90.11,1,0,Surburban,0,Web,No E-Mail,0,0,0.0
8381,3,4) $350 - $500,448.76,1,0,Surburban,0,Phone,No E-Mail,0,0,0.0
8392,6,3) $200 - $350,234.77,0,1,Urban,0,Web,Womens E-Mail,1,0,0.0
8402,12,1) $0 - $100,89.8,0,1,Urban,1,Web,Mens E-Mail,1,0,0.0
8423,10,1) $0 - $100,39.29,1,0,Urban,0,Phone,No E-Mail,0,0,0.0
8427,6,3) $200 - $350,275.91,0,1,Surburban,1,Multichannel,Womens E-Mail,0,0,0.0
8428,7,"6) $750 - $1,000",879.0,1,0,Urban,1,Multichannel,No E-Mail,0,0,0.0
8439,9,1) $0 - $100,33.06,1,0,Surburban,1,Phone,Mens E-Mail,0,0,0.0
8446,11,1) $0 - $100,94.9,1,0,Surburban,1,Web,Mens E-Mail,1,0,0.0
8462,3,1) $0 - $100,29.99,1,0,Surburban,0,Phone,Womens E-Mail,0,0,0.0
8480,6,2) $100 - $200,135.51,1,0,Urban,0,Web,No E-Mail,0,0,0.0
8481,9,1) $0 - $100,29.99,1,0,Urban,0,Web,Mens E-Mail,0,0,0.0
8488,6,2) $100 - $200,199.96,0,1,Urban,1,Phone,Mens E-Mail,0,0,0.0
8496,2,1) $0 - $100,61.44,1,0,Surburban,0,Phone,No E-Mail,0,0,0.0
8510,9,1) $0 - $100,48.69,0,1,Urban,0,Web,Womens E-Mail,1,0,0.0
8512,7,1) $0 - $100,29.99,0,1,Rural,0,Web,No E-Mail,0,0,0.0
8532,1,2) $100 - $200,177.38,0,1,Urban,1,Phone,Womens E-Mail,0,0,0.0
8557,5,4) $350 - $500,439.61,1,0,Urban,1,Phone,Womens E-Mail,0,0,0.0
8564,3,2) $100 - $200,113.01,0,1,Surburban,1,Web,Mens E-Mail,0,0,0.0
8566,1,"6) $750 - $1,000",859.46,1,1,Surburban,1,Web,Mens E-Mail,0,0,0.0
8568,4,1) $0 - $100,34.0,1,0,Surburban,1,Web,No E-Mail,0,0,0.0
8602,8,3) $200 - $350,219.85,1,1,Surburban,1,Web,No E-Mail,1,1,444.92
8603,2,2) $100 - $200,174.61,1,0,Urban,1,Web,Mens E-Mail,0,0,0.0
8611,3,2) $100 - $200,174.85,0,1,Surburban,1,Web,Womens E-Mail,0,0,0.0
8612,10,5) $500 - $750,517.88,1,1,Surburban,1,Multichannel,Womens E-Mail,1,0,0.0
8622,12,1) $0 - $100,29.99,0,1,Urban,0,Web,Mens E-Mail,0,0,0.0
8623,10,3) $200 - $350,206.9,1,0,Urban,0,Web,Womens E-Mail,0,0,0.0
8628,4,2) $100 - $200,134.8,1,0,Surburban,0,Phone,No E-Mail,0,0,0.0
8637,10,3) $200 - $350,268.81,0,1,Surburban,0,Multichannel,No E-Mail,0,0,0.0
8650,9,1) $0 - $100,68.22,0,1,Urban,1,Phone,No E-Mail,0,0,0.0
8651,10,3) $200 - $350,340.18,0,1,Surburban,0,Web,Womens E-Mail,0,0,0.0
8652,4,1) $0 - $100,53.16,1,0,Urban,0,Phone,Mens E-Mail,0,0,0.0
8659,3,2) $100 - $200,189.31,1,0,Urban,0,Web,Womens E-Mail,0,0,0.0
8702,9,2) $100 - $200,135.29,0,1,Surburban,1,Web,Mens E-Mail,0,0,0.0
8707,1,2) $100 - $200,189.69,0,1,Surburban,1,Web,No E-Mail,0,0,0.0
8720,4,3) $200 - $350,318.01,0,1,Surburban,0,Phone,Womens E-Mail,0,0,0.0
8724,2,5) $500 - $750,522.87,0,1,Urban,1,Phone,Mens E-Mail,0,0,0.0
8743,1,"7) $1,000 +",1386.64,0,1,Rural,1,Multichannel,No E-Mail,1,0,0.0
8755,4,5) $500 - $750,696.23,1,0,Rural,1,Web,No E-Mail,0,0,0.0
8756,10,1) $0 - $100,29.99,1,0,Urban,1,Phone,Mens E-Mail,0,0,0.0
8760,9,3) $200 - $350,228.01,1,1,Surburban,1,Multichannel,Womens E-Mail,1,0,0.0
8769,3,1) $0 - $100,69.67,0,1,Rural,0,Web,Mens E-Mail,0,0,0.0
8794,11,3) $200 - $350,280.37,1,0,Surburban,0,Web,Mens E-Mail,0,0,0.0
8796,2,"6) $750 - $1,000",840.66,1,0,Surburban,1,Phone,No E-Mail,0,0,0.0
8797,5,5) $500 - $750,588.7,0,1,Surburban,1,Multichannel,No E-Mail,0,0,0.0
8821,9,1) $0 - $100,88.07,1,0,Rural,0,Web,No E-Mail,0,0,0.0
8824,3,1) $0 - $100,29.99,0,1,Rural,1,Web,No E-Mail,0,0,0.0
8834,9,1) $0 - $100,30.63,1,0,Surburban,0,Web,No E-Mail,0,0,0.0
8858,10,2) $100 - $200,142.93,1,0,Surburban,1,Web,No E-Mail,0,0,0.0
8860,12,2) $100 - $200,115.62,1,0,Surburban,0,Web,Womens E-Mail,0,0,0.0
8863,11,3) $200 - $350,337.2,0,1,Urban,0,Multichannel,Mens E-Mail,0,0,0.0
8891,1,3) $200 - $350,217.47,0,1,Rural,0,Multichannel,Womens E-Mail,0,0,0.0
8893,3,3) $200 - $350,214.9,1,0,Surburban,0,Web,Womens E-Mail,0,0,0.0
8896,8,2) $100 - $200,123.91,0,1,Urban,0,Web,No E-Mail,0,0,0.0
8900,2,3) $200 - $350,208.64,1,0,Rural,0,Phone,Mens E-Mail,0,0,0.0
8905,11,1) $0 - $100,29.99,1,0,Surburban,1,Phone,No E-Mail,0,0,0.0
8907,8,2) $100 - $200,100.12,0,1,Surburban,1,Web,Womens E-Mail,0,0,0.0
8918,10,1) $0 - $100,45.49,0,1,Surburban,1,Web,Mens E-Mail,0,0,0.0
8926,7,4) $350 - $500,362.2,1,0,Urban,0,Multichannel,No E-Mail,0,0,0.0
8958,1,5) $500 - $750,614.76,0,1,Urban,1,Multichannel,Mens E-Mail,0,0,0.0
8960,10,1) $0 - $100,72.65,1,0,Surburban,0,Phone,Womens E-Mail,0,0,0.0
8963,2,2) $100 - $200,185.75,0,1,Urban,1,Web,Mens E-Mail,0,0,0.0
8969,4,4) $350 - $500,390.96,1,0,Rural,0,Phone,Womens E-Mail,0,0,0.0
8979,11,1) $0 - $100,57.78,0,1,Urban,0,Web,Mens E-Mail,1,0,0.0
8980,2,4) $350 - $500,438.83,0,1,Urban,0,Multichannel,Mens E-Mail,0,0,0.0
9001,7,"6) $750 - $1,000",817.54,1,0,Surburban,1,Web,Mens E-Mail,0,0,0.0
9020,10,1) $0 - $100,58.69,0,1,Surburban,0,Phone,Mens E-Mail,0,0,0.0
9025,4,1) $0 - $100,29.99,1,0,Surburban,1,Phone,No E-Mail,0,0,0.0
9055,9,1) $0 - $100,53.59,1,0,Surburban,1,Phone,No E-Mail,0,0,0.0
9057,9,2) $100 - $200,145.86,0,1,Urban,0,Web,Mens E-Mail,0,0,0.0
9068,1,2) $100 - $200,145.01,0,1,Urban,1,Web,Mens E-Mail,0,0,0.0
9073,1,1) $0 - $100,34.57,0,1,Urban,1,Web,No E-Mail,0,0,0.0
9074,1,2) $100 - $200,129.67,0,1,Surburban,0,Phone,Womens E-Mail,0,0,0.0
9088,4,1) $0 - $100,64.35,1,0,Surburban,0,Phone,Mens E-Mail,1,0,0.0
9091,2,"7) $1,000 +",1402.68,1,0,Urban,1,Web,Womens E-Mail,0,0,0.0
9093,2,1) $0 - $100,99.82,1,0,Surburban,1,Web,Womens E-Mail,0,0,0.0
9097,8,1) $0 - $100,29.99,1,0,Surburban,1,Web,No E-Mail,0,0,0.0
9098,6,3) $200 - $350,224.94,1,0,Surburban,0,Phone,No E-Mail,0,0,0.0
9105,5,3) $200 - $350,242.36,1,0,Urban,1,Web,No E-Mail,0,0,0.0
9114,6,3) $200 - $350,225.65,0,1,Surburban,1,Phone,No E-Mail,0,0,0.0
9117,3,1) $0 - $100,29.99,1,0,Surburban,1,Phone,Womens E-Mail,0,0,0.0
9162,2,2) $100 - $200,107.33,1,0,Surburban,1,Web,No E-Mail,0,0,0.0
9174,7,3) $200 - $350,262.08,0,1,Surburban,0,Multichannel,No E-Mail,0,0,0.0
9184,8,2) $100 - $200,194.71,0,1,Surburban,0,Phone,No E-Mail,0,0,0.0
9185,10,2) $100 - $200,161.42,1,0,Surburban,0,Phone,Mens E-Mail,0,0,0.0
9206,12,1) $0 - $100,74.43,1,0,Rural,0,Phone,Mens E-Mail,1,0,0.0
9209,1,1) $0 - $100,54.2,0,1,Urban,1,Web,Womens E-Mail,1,0,0.0
9252,7,4) $350 - $500,393.38,1,0,Surburban,1,Phone,Mens E-Mail,0,0,0.0
9253,7,2) $100 - $200,166.04,1,0,Urban,0,Phone,No E-Mail,0,0,0.0
9260,4,4) $350 - $500,383.42,0,1,Surburban,0,Phone,Mens E-Mail,0,0,0.0
9261,9,1) $0 - $100,47.83,0,1,Urban,1,Web,Mens E-Mail,0,0,0.0
9265,3,5) $500 - $750,655.84,1,1,Surburban,1,Web,No E-Mail,0,0,0.0
9269,3,4) $350 - $500,420.11,1,0,Urban,0,Web,No E-Mail,0,0,0.0
9270,11,4) $350 - $500,420.15,0,1,Urban,0,Web,Womens E-Mail,0,0,0.0
9274,6,2) $100 - $200,187.6,0,1,Urban,0,Web,Mens E-Mail,1,0,0.0
9277,5,2) $100 - $200,139.49,0,1,Urban,0,Web,Womens E-Mail,0,0,0.0
9282,3,3) $200 - $350,254.69,1,0,Surburban,1,Web,Womens E-Mail,0,0,0.0
9288,9,1) $0 - $100,56.47,1,0,Surburban,0,Web,Mens E-Mail,0,0,0.0
9298,5,1) $0 - $100,46.14,0,1,Surburban,1,Web,Womens E-Mail,1,0,0.0
9310,5,3) $200 - $350,286.33,0,1,Surburban,1,Phone,Womens E-Mail,0,0,0.0
9320,2,5) $500 - $750,599.19,0,1,Surburban,1,Multichannel,Mens E-Mail,1,1,191.28
9325,7,1) $0 - $100,29.99,1,0,Urban,1,Phone,No E-Mail,1,0,0.0
9327,10,3) $200 - $350,236.56,1,1,Rural,0,Phone,Mens E-Mail,0,0,0.0
9338,1,2) $100 - $200,139.93,1,0,Surburban,1,Web,Womens E-Mail,0,0,0.0
9342,11,1) $0 - $100,29.99,0,1,Surburban,1,Phone,Mens E-Mail,0,0,0.0
9360,2,2) $100 - $200,122.89,1,0,Surburban,0,Phone,No E-Mail,0,0,0.0
9375,9,4) $350 - $500,412.52,1,0,Urban,0,Phone,No E-Mail,0,0,0.0
9390,9,3) $200 - $350,248.67,0,1,Surburban,1,Web,Womens E-Mail,0,0,0.0
9416,3,3) $200 - $350,214.18,1,0,Surburban,1,Web,Womens E-Mail,0,0,0.0
9419,6,2) $100 - $200,107.28,1,0,Urban,0,Web,Mens E-Mail,0,0,0.0
9426,6,5) $500 - $750,514.31,1,1,Urban,1,Phone,No E-Mail,0,0,0.0
9433,10,1) $0 - $100,49.16,1,0,Urban,0,Phone,Mens E-Mail,0,0,0.0
9436,2,2) $100 - $200,117.56,0,1,Surburban,1,Web,No E-Mail,0,0,0.0
9440,2,1) $0 - $100,90.71,1,0,Surburban,0,Web,No E-Mail,0,0,0.0
9444,11,4) $350 - $500,371.35,1,1,Surburban,0,Phone,Mens E-Mail,0,0,0.0
9447,10,4) $350 - $500,480.5,0,1,Urban,0,Phone,No E-Mail,0,0,0.0
9465,1,"6) $750 - $1,000",803.7,0,1,Rural,1,Web,Womens E-Mail,0,0,0.0
9471,1,2) $100 - $200,192.33,1,0,Surburban,0,Phone,Womens E-Mail,0,0,0.0
9475,6,1) $0 - $100,29.99,0,1,Surburban,0,Phone,No E-Mail,0,0,0.0
9476,2,4) $350 - $500,481.68,0,1,Surburban,0,Web,Womens E-Mail,1,0,0.0
9483,3,1) $0 - $100,50.22,1,0,Surburban,1,Web,Womens E-Mail,0,0,0.0
9500,11,3) $200 - $350,287.23,1,0,Rural,0,Multichannel,Womens E-Mail,1,1,45.83
9504,4,"6) $750 - $1,000",763.59,1,1,Urban,1,Multichannel,No E-Mail,0,0,0.0
9513,5,1) $0 - $100,62.72,0,1,Urban,1,Web,Mens E-Mail,0,0,0.0
9558,5,1) $0 - $100,51.08,0,1,Surburban,1,Phone,Womens E-Mail,0,0,0.0
9563,3,3) $200 - $350,345.92,0,1,Surburban,0,Phone,Womens E-Mail,0,0,0.0
9570,5,3) $200 - $350,335.82,0,1,Surburban,0,Phone,Womens E-Mail,0,0,0.0
9573,1,2) $100 - $200,173.19,1,0,Urban,1,Phone,Mens E-Mail,0,0,0.0
9577,3,4) $350 - $500,387.88,1,0,Surburban,0,Phone,Womens E-Mail,0,0,0.0
9578,7,4) $350 - $500,474.02,1,1,Urban,0,Web,No E-Mail,1,0,0.0
9580,5,1) $0 - $100,29.99,0,1,Urban,1,Web,Womens E-Mail,0,0,0.0
9590,10,1) $0 - $100,56.47,1,0,Urban,1,Web,Mens E-Mail,0,0,0.0
9643,2,1) $0 - $100,49.69,0,1,Rural,1,Phone,Mens E-Mail,0,0,0.0
9645,11,4) $350 - $500,424.04,1,0,Surburban,0,Web,Womens E-Mail,0,0,0.0
9649,2,2) $100 - $200,153.82,1,0,Urban,0,Web,Womens E-Mail,1,0,0.0
9654,7,4) $350 - $500,442.81,0,1,Surburban,0,Web,Womens E-Mail,0,0,0.0
9668,9,4) $350 - $500,470.6,0,1,Surburban,1,Multichannel,Mens E-Mail,0,0,0.0
9671,5,2) $100 - $200,131.39,1,0,Rural,0,Phone,Mens E-Mail,1,0,0.0
9672,2,1) $0 - $100,29.99,1,0,Surburban,0,Phone,Womens E-Mail,0,0,0.0
9678,5,4) $350 - $500,350.58,0,1,Urban,1,Multichannel,Mens E-Mail,0,0,0.0
9686,6,1) $0 - $100,29.99,1,0,Surburban,1,Web,No E-Mail,0,0,0.0
9688,4,5) $500 - $750,722.98,1,1,Rural,1,Web,No E-Mail,0,0,0.0
9694,2,2) $100 - $200,123.67,0,1,Urban,1,Web,No E-Mail,1,0,0.0
9697,10,1) $0 - $100,79.2,1,0,Surburban,1,Web,Womens E-Mail,0,0,0.0
9703,1,1) $0 - $100,65.45,0,1,Surburban,1,Phone,Mens E-Mail,1,0,0.0
9708,9,2) $100 - $200,195.54,1,0,Urban,0,Phone,No E-Mail,0,0,0.0
9724,6,1) $0 - $100,29.99,1,0,Surburban,1,Web,No E-Mail,0,0,0.0
9728,2,1) $0 - $100,98.86,0,1,Surburban,1,Web,Mens E-Mail,0,0,0.0
9754,1,3) $200 - $350,291.44,1,0,Surburban,0,Phone,No E-Mail,0,0,0.0
9757,5,2) $100 - $200,121.41,0,1,Rural,1,Web,Womens E-Mail,0,0,0.0
9762,11,2) $100 - $200,127.25,0,1,Surburban,1,Web,Womens E-Mail,0,0,0.0
9776,7,"6) $750 - $1,000",849.8,1,0,Urban,1,Phone,Womens E-Mail,0,0,0.0
9799,5,3) $200 - $350,220.48,0,1,Surburban,1,Phone,No E-Mail,0,0,0.0
9804,6,4) $350 - $500,385.65,1,1,Rural,1,Phone,Mens E-Mail,1,0,0.0
9819,5,1) $0 - $100,42.19,0,1,Rural,0,Phone,No E-Mail,0,0,0.0
9834,1,3) $200 - $350,278.55,1,0,Urban,0,Phone,Womens E-Mail,0,0,0.0
9844,8,2) $100 - $200,110.34,0,1,Surburban,1,Phone,No E-Mail,0,0,0.0
9847,2,1) $0 - $100,47.0,0,1,Rural,0,Web,No E-Mail,0,0,0.0
9850,7,2) $100 - $200,141.99,1,0,Surburban,0,Phone,Womens E-Mail,1,0,0.0
9861,10,2) $100 - $200,127.89,0,1,Urban,0,Phone,Womens E-Mail,0,0,0.0
9867,6,4) $350 - $500,350.94,1,0,Surburban,0,Multichannel,No E-Mail,0,0,0.0
9894,8,1) $0 - $100,29.99,1,0,Surburban,0,Web,Womens E-Mail,0,0,0.0
9904,5,3) $200 - $350,239.65,1,1,Urban,0,Web,No E-Mail,0,0,0.0
9910,1,1) $0 - $100,38.48,0,1,Urban,0,Web,Womens E-Mail,0,0,0.0
9911,1,2) $100 - $200,193.47,0,1,Urban,1,Phone,No E-Mail,0,0,0.0
9914,7,1) $0 - $100,37.47,1,0,Rural,1,Phone,Mens E-Mail,0,0,0.0
9917,4,3) $200 - $350,291.67,0,1,Urban,0,Phone,Mens E-Mail,0,0,0.0
9925,6,"7) $1,000 +",1258.87,0,1,Urban,1,Multichannel,Mens E-Mail,0,0,0.0
9935,9,3) $200 - $350,251.92,0,1,Rural,0,Phone,Mens E-Mail,1,0,0.0
9959,11,1) $0 - $100,96.74,1,0,Surburban,1,Phone,Mens E-Mail,0,0,0.0
9967,9,3) $200 - $350,209.09,1,1,Surburban,1,Multichannel,Womens E-Mail,1,0,0.0
9971,11,3) $200 - $350,326.43,1,0,Rural,1,Web,No E-Mail,0,0,0.0
9979,9,2) $100 - $200,134.34,0,1,Urban,1,Phone,No E-Mail,0,0,0.0
9991,3,5) $500 - $750,513.73,0,1,Urban,1,Multichannel,Mens E-Mail,0,0,0.0
10010,1,2) $100 - $200,178.23,1,0,Surburban,0,Phone,Mens E-Mail,1,0,0.0
10023,4,2) $100 - $200,191.56,0,1,Urban,1,Phone,Mens E-Mail,0,0,0.0
10033,7,2) $100 - $200,174.7,1,0,Rural,1,Phone,No E-Mail,0,0,0.0
10040,2,3) $200 - $350,208.71,0,1,Rural,0,Web,Mens E-Mail,0,0,0.0
10042,6,2) $100 - $200,111.25,1,0,Urban,1,Phone,Mens E-Mail,0,0,0.0
10054,2,1) $0 - $100,29.99,1,0,Rural,0,Web,Womens E-Mail,0,0,0.0
10058,4,1) $0 - $100,29.99,0,1,Urban,0,Web,Mens E-Mail,0,0,0.0
10062,9,1) $0 - $100,71.03,1,0,Surburban,1,Phone,No E-Mail,0,0,0.0
10063,2,5) $500 - $750,611.0,1,1,Surburban,1,Phone,Womens E-Mail,0,0,0.0
10098,9,3) $200 - $350,233.51,0,1,Surburban,0,Phone,No E-Mail,0,0,0.0
10109,10,"7) $1,000 +",1528.49,1,1,Urban,1,Web,Womens E-Mail,1,0,0.0
10112,7,1) $0 - $100,90.2,1,0,Rural,0,Phone,Mens E-Mail,0,0,0.0
10114,8,2) $100 - $200,120.49,1,0,Urban,0,Web,No E-Mail,0,0,0.0
10121,3,5) $500 - $750,655.98,1,1,Surburban,1,Phone,Mens E-Mail,1,0,0.0
10133,10,1) $0 - $100,29.99,1,0,Surburban,1,Web,No E-Mail,0,0,0.0
10194,10,5) $500 - $750,578.21,0,1,Surburban,1,Multichannel,Mens E-Mail,0,0,0.0
10207,4,1) $0 - $100,29.99,1,0,Urban,0,Web,Mens E-Mail,0,0,0.0
10211,4,2) $100 - $200,141.33,0,1,Rural,0,Phone,No E-Mail,1,0,0.0
10228,6,4) $350 - $500,432.92,0,1,Urban,0,Web,Womens E-Mail,0,0,0.0
10231,7,1) $0 - $100,58.52,1,0,Surburban,0,Web,No E-Mail,1,0,0.0
10240,10,1) $0 - $100,29.99,1,0,Surburban,1,Web,Womens E-Mail,0,0,0.0
10256,1,3) $200 - $350,288.53,1,0,Rural,0,Multichannel,Mens E-Mail,1,0,0.0
10268,9,1) $0 - $100,80.23,0,1,Urban,0,Web,Womens E-Mail,1,0,0.0
10291,6,1) $0 - $100,65.68,0,1,Urban,0,Web,Mens E-Mail,0,0,0.0
10310,3,2) $100 - $200,176.77,0,1,Surburban,0,Web,Womens E-Mail,0,0,0.0
10319,8,3) $200 - $350,201.19,0,1,Surburban,0,Web,Womens E-Mail,0,0,0.0
10329,9,1) $0 - $100,29.99,1,0,Surburban,1,Phone,Mens E-Mail,1,0,0.0
10334,9,2) $100 - $200,152.69,1,0,Surburban,1,Web,Womens E-Mail,0,0,0.0
10342,4,1) $0 - $100,84.11,1,0,Rural,1,Web,Mens E-Mail,0,0,0.0
10350,7,1) $0 - $100,83.09,1,0,Surburban,1,Web,No E-Mail,0,0,0.0
10351,12,4) $350 - $500,411.2,0,1,Urban,0,Web,Womens E-Mail,1,0,0.0
10366,6,1) $0 - $100,52.57,0,1,Urban,0,Phone,Womens E-Mail,0,0,0.0
10376,1,1) $0 - $100,48.74,1,0,Rural,1,Phone,Mens E-Mail,0,0,0.0
10386,6,4) $350 - $500,446.66,0,1,Urban,0,Phone,Womens E-Mail,0,0,0.0
10394,8,1) $0 - $100,35.32,0,1,Urban,1,Phone,No E-Mail,0,0,0.0
10415,1,1) $0 - $100,60.51,1,0,Surburban,0,Phone,No E-Mail,0,0,0.0
10422,11,1) $0 - $100,29.99,1,0,Surburban,0,Web,Womens E-Mail,1,0,0.0
10429,1,1) $0 - $100,29.99,0,1,Surburban,1,Phone,No E-Mail,0,0,0.0
10445,2,2) $100 - $200,150.87,0,1,Urban,0,Web,Womens E-Mail,0,0,0.0
10449,10,1) $0 - $100,86.7,1,0,Rural,0,Web,Womens E-Mail,0,0,0.0
10451,11,3) $200 - $350,261.37,1,0,Urban,0,Phone,Womens E-Mail,1,0,0.0
10453,3,3) $200 - $350,215.31,1,0,Urban,0,Web,Womens E-Mail,0,0,0.0
10454,4,2) $100 - $200,109.16,0,1,Surburban,0,Web,Mens E-Mail,0,0,0.0
10456,7,1) $0 - $100,80.67,0,1,Urban,1,Web,No E-Mail,0,0,0.0
10469,10,"6) $750 - $1,000",855.96,1,0,Rural,1,Phone,Mens E-Mail,1,0,0.0
10482,2,3) $200 - $350,213.54,1,0,Rural,0,Phone,No E-Mail,0,0,0.0
10489,11,1) $0 - $100,29.99,1,0,Rural,1,Web,Womens E-Mail,0,0,0.0
10490,9,1) $0 - $100,65.33,1,0,Surburban,0,Web,No E-Mail,0,0,0.0
10498,9,1) $0 - $100,61.62,0,1,Surburban,0,Phone,No E-Mail,0,0,0.0
10515,9,2) $100 - $200,140.9,1,0,Surburban,0,Phone,No E-Mail,0,0,0.0
10535,5,1) $0 - $100,29.99,0,1,Surburban,1,Phone,No E-Mail,1,0,0.0
10540,9,1) $0 - $100,29.99,0,1,Rural,1,Web,No E-Mail,0,0,0.0
10580,3,1) $0 - $100,35.92,1,0,Urban,1,Phone,No E-Mail,0,0,0.0
10589,1,5) $500 - $750,519.43,1,0,Surburban,1,Web,Mens E-Mail,0,0,0.0
10613,11,1) $0 - $100,41.51,1,0,Rural,0,Web,Mens E-Mail,0,0,0.0
10619,8,3) $200 - $350,236.16,1,0,Surburban,0,Phone,Womens E-Mail,0,0,0.0
10624,3,2) $100 - $200,139.89,1,0,Surburban,0,Web,Womens E-Mail,0,0,0.0
10632,2,2) $100 - $200,191.33,1,0,Urban,0,Phone,No E-Mail,1,0,0.0
10635,9,4) $350 - $500,373.16,1,1,Urban,0,Phone,No E-Mail,0,0,0.0
10637,5,1) $0 - $100,80.51,1,0,Rural,1,Phone,No E-Mail,0,0,0.0
10653,1,5) $500 - $750,635.92,1,0,Surburban,1,Multichannel,Mens E-Mail,1,0,0.0
10659,7,4) $350 - $500,430.46,1,0,Urban,0,Web,Mens E-Mail,1,0,0.0
10670,10,3) $200 - $350,327.79,1,0,Surburban,0,Phone,Womens E-Mail,0,0,0.0
10676,4,1) $0 - $100,75.0,0,1,Surburban,0,Web,Mens E-Mail,0,0,0.0
10695,2,2) $100 - $200,128.47,1,0,Surburban,1,Phone,Mens E-Mail,0,0,0.0
10699,2,4) $350 - $500,388.03,1,0,Rural,0,Web,Mens E-Mail,1,0,0.0
10707,9,1) $0 - $100,29.99,1,0,Surburban,1,Web,Mens E-Mail,0,0,0.0
10712,6,3) $200 - $350,202.49,0,1,Rural,0,Phone,Womens E-Mail,0,0,0.0
10717,2,1) $0 - $100,98.97,1,0,Urban,1,Web,Womens E-Mail,0,0,0.0
10726,3,4) $350 - $500,356.85,1,1,Surburban,0,Phone,Womens E-Mail,0,0,0.0
10735,6,3) $200 - $350,251.03,1,0,Urban,0,Phone,No E-Mail,0,0,0.0
10736,11,1) $0 - $100,73.15,1,0,Urban,1,Phone,Mens E-Mail,0,0,0.0
10768,3,3) $200 - $350,280.86,0,1,Surburban,0,Phone,Mens E-Mail,0,0,0.0
10770,10,1) $0 - $100,66.49,0,1,Surburban,1,Web,Womens E-Mail,0,0,0.0
10772,10,2) $100 - $200,169.89,1,0,Urban,0,Phone,Mens E-Mail,0,0,0.0
10831,1,2) $100 - $200,173.49,1,0,Surburban,1,Phone,Mens E-Mail,0,0,0.0
10851,2,5) $500 - $750,679.65,0,1,Urban,1,Phone,Womens E-Mail,0,0,0.0
10877,11,5) $500 - $750,549.32,0,1,Rural,1,Multichannel,No E-Mail,0,0,0.0
10880,4,3) $200 - $350,325.26,1,0,Urban,0,Multichannel,Mens E-Mail,1,0,0.0
10893,2,4) $350 - $500,401.12,0,1,Urban,0,Web,Mens E-Mail,0,0,0.0
10894,2,3) $200 - $350,286.78,0,1,Surburban,0,Multichannel,Mens E-Mail,0,0,0.0
10895,6,1) $0 - $100,29.99,0,1,Surburban,0,Phone,No E-Mail,1,0,0.0
10898,1,5) $500 - $750,593.07,0,1,Urban,1,Multichannel,No E-Mail,0,0,0.0
10916,11,3) $200 - $350,289.03,1,0,Rural,0,Phone,Womens E-Mail,0,0,0.0
10923,4,3) $200 - $350,232.63,0,1,Rural,0,Web,Womens E-Mail,1,0,0.0
10931,1,3) $200 - $350,269.48,1,0,Rural,0,Phone,Womens E-Mail,0,0,0.0
10936,4,1) $0 - $100,29.99,0,1,Surburban,0,Web,No E-Mail,0,0,0.0
10937,3,2) $100 - $200,180.14,1,0,Surburban,0,Web,Womens E-Mail,0,0,0.0
10941,6,2) $100 - $200,118.4,1,0,Urban,1,Phone,No E-Mail,0,0,0.0
10947,6,4) $350 - $500,475.2,1,0,Urban,1,Multichannel,Womens E-Mail,0,0,0.0
10951,5,1) $0 - $100,32.99,0,1,Surburban,1,Web,No E-Mail,0,0,0.0
10956,1,2) $100 - $200,161.13,0,1,Urban,1,Web,Womens E-Mail,0,0,0.0
10992,2,1) $0 - $100,30.12,0,1,Surburban,0,Web,Mens E-Mail,1,0,0.0
11030,4,3) $200 - $350,204.94,0,1,Rural,1,Web,Womens E-Mail,0,0,0.0
11093,1,"6) $750 - $1,000",858.38,1,0,Surburban,1,Multichannel,No E-Mail,0,0,0.0
11098,3,2) $100 - $200,122.56,0,1,Surburban,0,Web,No E-Mail,0,0,0.0
11104,1,"6) $750 - $1,000",937.39,1,0,Surburban,1,Web,No E-Mail,1,0,0.0
11112,6,"6) $750 - $1,000",819.58,1,1,Surburban,1,Multichannel,No E-Mail,0,0,0.0
11124,1,2) $100 - $200,139.91,1,0,Surburban,1,Web,No E-Mail,0,0,0.0
11125,10,2) $100 - $200,108.57,0,1,Urban,1,Phone,No E-Mail,0,0,0.0
11127,7,1) $0 - $100,29.99,1,0,Rural,0,Web,Womens E-Mail,0,0,0.0
11138,2,5) $500 - $750,571.93,0,1,Surburban,1,Phone,Womens E-Mail,0,0,0.0
11140,9,1) $0 - $100,29.99,0,1,Surburban,0,Phone,Womens E-Mail,0,0,0.0
11158,7,3) $200 - $350,219.93,0,1,Surburban,0,Phone,Mens E-Mail,0,0,0.0
11182,2,4) $350 - $500,395.01,0,1,Surburban,0,Multichannel,Mens E-Mail,0,0,0.0
11184,1,"7) $1,000 +",1192.97,0,1,Urban,1,Web,No E-Mail,0,0,0.0
11185,3,4) $350 - $500,387.27,1,1,Surburban,0,Web,Mens E-Mail,0,0,0.0
11228,1,2) $100 - $200,158.2,0,1,Surburban,1,Phone,Womens E-Mail,0,0,0.0
11233,7,5) $500 - $750,665.35,1,0,Urban,1,Phone,Mens E-Mail,0,0,0.0
11238,10,1) $0 - $100,87.66,0,1,Urban,0,Phone,Mens E-Mail,0,0,0.0
11251,6,2) $100 - $200,105.9,0,1,Surburban,1,Web,Mens E-Mail,0,0,0.0
11252,1,5) $500 - $750,705.2,0,1,Surburban,1,Phone,Womens E-Mail,0,0,0.0
11277,3,1) $0 - $100,29.99,1,0,Surburban,0,Web,No E-Mail,1,0,0.0
11280,1,4) $350 - $500,482.07,0,1,Urban,1,Multichannel,Womens E-Mail,0,0,0.0
11304,3,3) $200 - $350,204.31,0,1,Urban,0,Web,No E-Mail,0,0,0.0
11308,3,3) $200 - $350,217.96,1,0,Surburban,1,Multichannel,Womens E-Mail,0,0,0.0
11329,4,4) $350 - $500,379.15,1,0,Surburban,0,Web,No E-Mail,1,0,0.0
11332,4,2) $100 - $200,165.52,1,0,Surburban,0,Phone,Womens E-Mail,0,0,0.0
11394,11,2) $100 - $200,129.56,0,1,Surburban,1,Phone,Mens E-Mail,0,0,0.0
11400,7,3) $200 - $350,315.43,1,1,Surburban,0,Phone,Mens E-Mail,0,0,0.0
11408,4,1) $0 - $100,46.37,1,0,Urban,0,Web,Mens E-Mail,1,0,0.0
11410,2,1) $0 - $100,47.2,1,0,Urban,0,Web,Mens E-Mail,0,0,0.0
11421,6,1) $0 - $100,50.93,1,0,Urban,1,Phone,No E-Mail,0,0,0.0
11424,5,3) $200 - $350,267.19,0,1,Surburban,0,Phone,Mens E-Mail,0,0,0.0
11428,2,3) $200 - $350,336.7,0,1,Rural,1,Phone,Mens E-Mail,0,0,0.0
11467,10,2) $100 - $200,102.15,0,1,Surburban,1,Phone,No E-Mail,0,0,0.0
11476,10,1) $0 - $100,41.84,0,1,Urban,1,Phone,Womens E-Mail,0,0,0.0
11482,1,2) $100 - $200,167.6,0,1,Urban,1,Web,Womens E-Mail,0,0,0.0
11493,2,1) $0 - $100,79.13,0,1,Rural,0,Phone,Mens E-Mail,0,0,0.0
11496,11,1) $0 - $100,79.77,0,1,Surburban,0,Phone,Womens E-Mail,1,0,0.0
11497,1,2) $100 - $200,118.02,0,1,Surburban,1,Phone,No E-Mail,0,0,0.0
11514,10,3) $200 - $350,279.94,1,0,Urban,1,Web,Womens E-Mail,0,0,0.0
11530,3,1) $0 - $100,92.85,0,1,Urban,1,Phone,No E-Mail,0,0,0.0
11599,2,2) $100 - $200,135.65,1,0,Urban,1,Web,No E-Mail,0,0,0.0
11603,10,2) $100 - $200,190.89,0,1,Urban,1,Web,Mens E-Mail,0,0,0.0
11612,3,5) $500 - $750,685.08,1,1,Urban,1,Web,Mens E-Mail,0,0,0.0
11615,4,3) $200 - $350,258.4,1,0,Surburban,1,Web,No E-Mail,0,0,0.0
11619,1,2) $100 - $200,156.36,1,0,Surburban,1,Phone,Womens E-Mail,0,0,0.0
11624,4,4) $350 - $500,421.42,1,1,Surburban,0,Multichannel,Mens E-Mail,0,0,0.0
11641,11,1) $0 - $100,29.99,0,1,Rural,0,Web,No E-Mail,0,0,0.0
11655,1,1) $0 - $100,29.99,0,1,Surburban,0,Phone,Womens E-Mail,0,0,0.0
11657,1,3) $200 - $350,267.29,1,1,Urban,0,Web,No E-Mail,0,0,0.0
11659,10,4) $350 - $500,396.79,0,1,Surburban,0,Phone,Womens E-Mail,0,0,0.0
11662,11,2) $100 - $200,168.31,1,0,Urban,0,Phone,No E-Mail,0,0,0.0
11691,3,5) $500 - $750,542.97,0,1,Surburban,1,Phone,No E-Mail,0,0,0.0
11707,6,1) $0 - $100,94.17,0,1,Surburban,0,Web,Womens E-Mail,1,0,0.0
11728,10,5) $500 - $750,653.52,1,1,Urban,1,Multichannel,Womens E-Mail,0,0,0.0
11732,2,4) $350 - $500,360.05,0,1,Surburban,1,Phone,Womens E-Mail,0,0,0.0
11743,9,3) $200 - $350,323.45,0,1,Urban,0,Phone,No E-Mail,0,0,0.0
11747,6,5) $500 - $750,528.39,1,0,Surburban,1,Phone,Womens E-Mail,0,0,0.0
11749,10,1) $0 - $100,29.99,0,1,Urban,1,Phone,Womens E-Mail,0,0,0.0
11753,2,2) $100 - $200,149.94,1,0,Rural,0,Phone,Mens E-Mail,0,0,0.0
11761,6,3) $200 - $350,250.94,0,1,Rural,1,Web,Womens E-Mail,0,0,0.0
11764,6,4) $350 - $500,359.34,1,1,Surburban,0,Phone,No E-Mail,0,0,0.0
11780,11,1) $0 - $100,29.99,1,0,Urban,0,Phone,No E-Mail,0,0,0.0
11798,2,1) $0 - $100,47.46,1,0,Urban,0,Web,Mens E-Mail,0,0,0.0
11816,2,3) $200 - $350,341.16,0,1,Rural,0,Web,Mens E-Mail,0,0,0.0
11817,10,1) $0 - $100,29.99,0,1,Urban,1,Web,Womens E-Mail,0,0,0.0
11852,4,1) $0 - $100,29.99,1,0,Rural,1,Web,No E-Mail,0,0,0.0
11854,10,2) $100 - $200,184.56,1,0,Urban,1,Web,Mens E-Mail,0,0,0.0
11857,2,3) $200 - $350,254.61,1,0,Rural,1,Web,No E-Mail,1,0,0.0
11864,2,3) $200 - $350,236.46,0,1,Surburban,1,Phone,Womens E-Mail,0,0,0.0
11878,2,1) $0 - $100,29.99,0,1,Surburban,0,Phone,No E-Mail,0,0,0.0
11885,2,1) $0 - $100,81.26,1,0,Urban,1,Web,No E-Mail,0,0,0.0
11889,12,1) $0 - $100,62.55,0,1,Urban,1,Web,No E-Mail,0,0,0.0
11895,5,4) $350 - $500,378.68,1,1,Surburban,0,Web,No E-Mail,1,0,0.0
11912,3,5) $500 - $750,635.4,1,1,Surburban,1,Phone,Womens E-Mail,0,0,0.0
11913,9,1) $0 - $100,29.99,1,0,Urban,0,Phone,No E-Mail,0,0,0.0
11917,3,2) $100 - $200,109.56,0,1,Surburban,0,Phone,No E-Mail,0,0,0.0
11934,3,"6) $750 - $1,000",838.59,1,0,Urban,1,Multichannel,No E-Mail,0,0,0.0
11945,2,2) $100 - $200,179.03,0,1,Rural,0,Web,No E-Mail,0,0,0.0
11953,1,2) $100 - $200,186.63,1,0,Surburban,0,Phone,Mens E-Mail,0,0,0.0
11967,10,1) $0 - $100,73.35,1,0,Rural,0,Phone,Mens E-Mail,0,0,0.0
11983,8,2) $100 - $200,133.58,0,1,Surburban,0,Phone,Mens E-Mail,1,0,0.0
11985,1,3) $200 - $350,345.26,0,1,Surburban,1,Phone,Womens E-Mail,0,0,0.0
11992,1,3) $200 - $350,342.69,0,1,Urban,0,Web,Womens E-Mail,0,0,0.0
12001,1,5) $500 - $750,505.08,1,1,Urban,1,Multichannel,Mens E-Mail,1,0,0.0
12006,9,4) $350 - $500,445.14,1,0,Surburban,1,Phone,Mens E-Mail,0,0,0.0
12030,9,4) $350 - $500,356.24,0,1,Surburban,0,Multichannel,Mens E-Mail,0,0,0.0
12045,5,5) $500 - $750,617.12,1,0,Rural,1,Phone,Womens E-Mail,0,0,0.0
12089,1,3) $200 - $350,237.63,1,0,Surburban,1,Web,Mens E-Mail,1,0,0.0
12103,10,3) $200 - $350,209.46,1,0,Surburban,1,Web,No E-Mail,0,0,0.0
12105,6,2) $100 - $200,194.56,1,0,Urban,0,Web,Mens E-Mail,0,0,0.0
12106,3,1) $0 - $100,94.13,0,1,Rural,0,Phone,No E-Mail,0,0,0.0
12111,11,2) $100 - $200,152.66,0,1,Surburban,0,Web,No E-Mail,0,0,0.0
12116,1,3) $200 - $350,320.14,1,0,Surburban,0,Multichannel,Mens E-Mail,1,0,0.0
12130,12,1) $0 - $100,29.99,1,0,Rural,1,Web,Womens E-Mail,0,0,0.0
12156,3,"6) $750 - $1,000",760.11,1,1,Surburban,1,Web,No E-Mail,0,0,0.0
12179,9,1) $0 - $100,55.46,0,1,Surburban,0,Phone,Womens E-Mail,0,0,0.0
12181,6,1) $0 - $100,29.99,1,0,Surburban,1,Phone,Mens E-Mail,0,0,0.0
12186,10,2) $100 - $200,156.55,1,0,Surburban,1,Web,Womens E-Mail,1,0,0.0
12192,2,4) $350 - $500,350.11,0,1,Surburban,0,Web,Mens E-Mail,0,0,0.0
12208,2,3) $200 - $350,278.74,1,1,Urban,0,Phone,Womens E-Mail,0,0,0.0
12209,8,3) $200 - $350,305.67,1,1,Rural,0,Web,Womens E-Mail,1,0,0.0
12212,9,2) $100 - $200,122.06,1,0,Surburban,0,Web,Mens E-Mail,0,0,0.0
12218,11,1) $0 - $100,29.99,0,1,Rural,1,Phone,Mens E-Mail,0,0,0.0
12222,2,3) $200 - $350,262.39,0,1,Urban,1,Web,Mens E-Mail,0,0,0.0
12235,10,2) $100 - $200,199.62,0,1,Urban,1,Web,Mens E-Mail,0,0,0.0
12237,6,2) $100 - $200,129.81,0,1,Surburban,0,Phone,Womens E-Mail,0,0,0.0
12255,9,2) $100 - $200,123.03,0,1,Rural,1,Phone,Mens E-Mail,0,0,0.0
12257,10,2) $100 - $200,144.0,0,1,Rural,1,Web,Mens E-Mail,0,0,0.0
12263,10,2) $100 - $200,100.02,0,1,Rural,0,Phone,Mens E-Mail,0,0,0.0
12282,11,2) $100 - $200,111.72,1,0,Urban,1,Web,No E-Mail,0,0,0.0
12283,7,"6) $750 - $1,000",971.76,1,1,Surburban,1,Multichannel,Womens E-Mail,0,0,0.0
12285,9,5) $500 - $750,618.43,0,1,Surburban,1,Multichannel,Mens E-Mail,0,0,0.0
12298,4,4) $350 - $500,488.53,1,0,Surburban,1,Multichannel,No E-Mail,0,0,0.0
12329,1,4) $350 - $500,396.2,1,0,Urban,0,Web,Womens E-Mail,0,0,0.0
12381,8,2) $100 - $200,144.18,0,1,Urban,0,Phone,No E-Mail,0,0,0.0
12393,1,5) $500 - $750,582.1,0,1,Urban,1,Web,Mens E-Mail,0,0,0.0
12394,9,2) $100 - $200,103.69,0,1,Urban,0,Web,No E-Mail,0,0,0.0
12395,7,2) $100 - $200,185.2,0,1,Surburban,0,Phone,Mens E-Mail,0,0,0.0
12401,1,2) $100 - $200,199.4,0,1,Rural,0,Phone,No E-Mail,0,0,0.0
12406,6,3) $200 - $350,283.65,1,0,Surburban,1,Web,Mens E-Mail,0,0,0.0
12414,9,5) $500 - $750,740.18,1,0,Urban,1,Web,No E-Mail,0,0,0.0
12416,2,2) $100 - $200,193.24,1,0,Surburban,1,Phone,No E-Mail,0,0,0.0
12438,9,1) $0 - $100,82.46,0,1,Urban,0,Web,Mens E-Mail,0,0,0.0
12470,2,"7) $1,000 +",1643.83,1,1,Surburban,1,Multichannel,No E-Mail,0,0,0.0
12498,9,1) $0 - $100,41.93,0,1,Urban,0,Web,Womens E-Mail,0,0,0.0
12511,6,3) $200 - $350,303.11,1,1,Rural,0,Phone,No E-Mail,1,0,0.0
12513,1,"6) $750 - $1,000",833.54,0,1,Surburban,1,Web,No E-Mail,0,0,0.0
12520,9,3) $200 - $350,258.26,1,0,Urban,0,Multichannel,No E-Mail,0,0,0.0
12538,1,"6) $750 - $1,000",908.71,1,0,Surburban,1,Multichannel,Mens E-Mail,0,0,0.0
12552,3,3) $200 - $350,267.45,1,0,Surburban,0,Multichannel,Womens E-Mail,0,0,0.0
12557,4,5) $500 - $750,589.38,1,0,Rural,1,Multichannel,Womens E-Mail,0,0,0.0
12567,3,1) $0 - $100,81.1,0,1,Surburban,1,Web,Mens E-Mail,0,0,0.0
12583,2,1) $0 - $100,29.99,0,1,Surburban,0,Web,Womens E-Mail,0,0,0.0
12608,4,1) $0 - $100,29.99,0,1,Urban,0,Web,No E-Mail,0,0,0.0
12610,10,5) $500 - $750,504.82,1,0,Surburban,1,Phone,No E-Mail,0,0,0.0
12629,3,2) $100 - $200,155.92,1,0,Surburban,1,Web,No E-Mail,0,0,0.0
12646,10,2) $100 - $200,112.44,1,0,Urban,1,Web,Mens E-Mail,0,0,0.0
12648,10,1) $0 - $100,51.5,0,1,Surburban,0,Web,Mens E-Mail,0,0,0.0
12658,5,3) $200 - $350,328.01,1,1,Surburban,1,Phone,Womens E-Mail,0,0,0.0
12661,6,4) $350 - $500,363.09,0,1,Urban,0,Multichannel,Mens E-Mail,0,0,0.0
12679,1,3) $200 - $350,210.69,0,1,Urban,0,Multichannel,Mens E-Mail,0,0,0.0
12682,7,3) $200 - $350,236.01,1,0,Surburban,0,Phone,Mens E-Mail,1,0,0.0
12717,11,3) $200 - $350,226.11,1,0,Urban,1,Web,Womens E-Mail,0,0,0.0
12721,10,2) $100 - $200,109.53,0,1,Rural,1,Web,Womens E-Mail,0,0,0.0
12728,5,5) $500 - $750,678.83,1,1,Surburban,1,Multichannel,Womens E-Mail,0,0,0.0
12739,1,3) $200 - $350,334.6,0,1,Surburban,0,Web,No E-Mail,0,0,0.0
12744,4,1) $0 - $100,33.83,1,0,Urban,1,Web,Mens E-Mail,0,0,0.0
12761,7,5) $500 - $750,658.75,0,1,Urban,1,Phone,Womens E-Mail,0,0,0.0
12772,10,1) $0 - $100,29.99,1,0,Surburban,1,Phone,No E-Mail,0,0,0.0
12777,1,"6) $750 - $1,000",889.95,1,1,Urban,1,Phone,Womens E-Mail,0,0,0.0
12784,10,3) $200 - $350,258.17,0,1,Urban,0,Phone,Mens E-Mail,0,0,0.0
12785,11,1) $0 - $100,29.99,1,0,Urban,0,Phone,Mens E-Mail,1,0,0.0
12799,12,2) $100 - $200,171.29,1,0,Surburban,0,Web,Mens E-Mail,0,0,0.0
12817,10,1) $0 - $100,81.31,1,0,Urban,0,Web,Womens E-Mail,0,0,0.0
12830,11,4) $350 - $500,439.45,1,0,Surburban,0,Multichannel,Womens E-Mail,0,0,0.0
12840,1,1) $0 - $100,29.99,1,0,Surburban,0,Web,Womens E-Mail,1,0,0.0
12843,2,5) $500 - $750,694.16,1,0,Urban,1,Phone,Womens E-Mail,0,0,0.0
12877,9,2) $100 - $200,196.42,1,0,Urban,0,Web,Mens E-Mail,1,0,0.0
12882,3,3) $200 - $350,252.14,1,0,Surburban,0,Phone,Mens E-Mail,0,0,0.0
12891,1,1) $0 - $100,29.99,0,1,Urban,0,Phone,Mens E-Mail,1,0,0.0
12909,3,1) $0 - $100,29.99,0,1,Urban,1,Phone,No E-Mail,0,0,0.0
12921,10,1) $0 - $100,29.99,0,1,Urban,0,Web,No E-Mail,0,0,0.0
12942,1,1) $0 - $100,29.99,1,0,Urban,0,Web,Womens E-Mail,0,0,0.0
12970,2,2) $100 - $200,190.1,1,0,Surburban,0,Phone,No E-Mail,0,0,0.0
12989,2,2) $100 - $200,138.71,0,1,Surburban,0,Web,No E-Mail,1,0,0.0
12994,3,1) $0 - $100,58.43,0,1,Urban,0,Web,Mens E-Mail,0,0,0.0
13026,1,"6) $750 - $1,000",865.15,1,1,Urban,1,Phone,Mens E-Mail,0,0,0.0
13030,9,1) $0 - $100,29.99,0,1,Urban,0,Web,No E-Mail,0,0,0.0
13031,1,2) $100 - $200,183.41,0,1,Urban,0,Web,Womens E-Mail,1,0,0.0
13047,8,1) $0 - $100,94.53,0,1,Rural,0,Web,No E-Mail,0,0,0.0
13049,9,2) $100 - $200,121.07,0,1,Rural,0,Phone,Womens E-Mail,0,0,0.0
13093,3,2) $100 - $200,101.68,1,0,Surburban,0,Web,No E-Mail,0,0,0.0
13120,5,2) $100 - $200,104.17,0,1,Surburban,0,Web,Mens E-Mail,0,0,0.0
13131,9,1) $0 - $100,72.02,0,1,Surburban,1,Web,Mens E-Mail,0,0,0.0
13139,3,4) $350 - $500,452.24,0,1,Rural,0,Web,No E-Mail,0,0,0.0
13158,10,2) $100 - $200,170.47,0,1,Surburban,0,Web,No E-Mail,0,0,0.0
13159,3,5) $500 - $750,548.94,0,1,Surburban,1,Multichannel,No E-Mail,0,0,0.0
13168,5,1) $0 - $100,86.48,1,0,Urban,1,Web,Mens E-Mail,0,0,0.0
13169,8,3) $200 - $350,279.12,0,1,Surburban,0,Web,Mens E-Mail,1,0,0.0
13171,1,"7) $1,000 +",1170.05,0,1,Urban,1,Multichannel,Womens E-Mail,0,0,0.0
13216,7,2) $100 - $200,155.65,0,1,Surburban,0,Phone,Mens E-Mail,0,0,0.0
13230,6,1) $0 - $100,34.22,0,1,Surburban,1,Web,Mens E-Mail,0,0,0.0
13240,9,4) $350 - $500,476.7,1,0,Urban,0,Phone,Womens E-Mail,0,0,0.0
13251,8,3) $200 - $350,294.2,1,0,Rural,0,Web,No E-Mail,0,0,0.0
13254,1,2) $100 - $200,179.7,0,1,Urban,1,Phone,Mens E-Mail,0,0,0.0
13295,12,1) $0 - $100,62.78,1,0,Urban,1,Web,Mens E-Mail,0,0,0.0
13320,3,1) $0 - $100,85.54,0,1,Urban,0,Phone,Mens E-Mail,0,0,0.0
13329,10,3) $200 - $350,267.22,0,1,Surburban,1,Web,Mens E-Mail,0,0,0.0
13332,3,1) $0 - $100,69.87,0,1,Surburban,1,Phone,Womens E-Mail,0,0,0.0
13392,12,1) $0 - $100,29.99,0,1,Urban,1,Phone,Womens E-Mail,0,0,0.0
13420,6,2) $100 - $200,198.25,1,0,Surburban,1,Web,Mens E-Mail,0,0,0.0
13458,1,4) $350 - $500,374.34,1,0,Surburban,0,Phone,Womens E-Mail,0,0,0.0
13459,9,1) $0 - $100,48.87,0,1,Urban,1,Phone,Womens E-Mail,0,0,0.0
13473,9,1) $0 - $100,29.99,0,1,Urban,1,Phone,No E-Mail,0,0,0.0
13478,5,4) $350 - $500,376.21,1,0,Surburban,1,Web,No E-Mail,0,0,0.0
13499,8,5) $500 - $750,538.7,1,1,Surburban,1,Web,Womens E-Mail,0,0,0.0
13519,10,3) $200 - $350,242.56,1,1,Urban,0,Web,Womens E-Mail,0,0,0.0
13523,6,4) $350 - $500,468.11,0,1,Surburban,0,Multichannel,No E-Mail,0,0,0.0
13538,6,1) $0 - $100,29.99,0,1,Urban,1,Phone,No E-Mail,0,0,0.0
13602,11,1) $0 - $100,29.99,0,1,Urban,0,Phone,Womens E-Mail,0,0,0.0
13609,6,3) $200 - $350,266.39,1,0,Urban,0,Web,No E-Mail,0,0,0.0
13636,2,2) $100 - $200,113.73,0,1,Surburban,1,Web,Womens E-Mail,0,0,0.0
13638,1,2) $100 - $200,160.83,0,1,Surburban,0,Web,Womens E-Mail,0,0,0.0
13643,12,1) $0 - $100,55.36,1,0,Urban,0,Web,Womens E-Mail,0,0,0.0
13647,3,1) $0 - $100,35.76,1,0,Surburban,0,Web,No E-Mail,0,0,0.0
13652,11,1) $0 - $100,29.99,0,1,Urban,1,Web,No E-Mail,0,0,0.0
13655,10,4) $350 - $500,457.83,1,0,Rural,0,Web,Womens E-Mail,0,0,0.0
13664,9,2) $100 - $200,110.18,1,0,Surburban,0,Web,Womens E-Mail,0,0,0.0
13668,6,3) $200 - $350,311.91,1,0,Urban,0,Web,Womens E-Mail,0,0,0.0
13672,10,1) $0 - $100,66.6,1,0,Rural,0,Web,Womens E-Mail,0,0,0.0
13676,4,3) $200 - $350,244.13,0,1,Urban,0,Phone,Womens E-Mail,0,0,0.0
13686,3,2) $100 - $200,165.66,0,1,Surburban,0,Web,No E-Mail,0,0,0.0
13691,4,2) $100 - $200,159.09,0,1,Surburban,1,Web,Womens E-Mail,0,0,0.0
13706,3,1) $0 - $100,77.81,1,0,Urban,1,Web,Mens E-Mail,0,0,0.0
13719,1,1) $0 - $100,29.99,1,0,Urban,1,Web,Mens E-Mail,0,0,0.0
13742,4,4) $350 - $500,460.08,0,1,Rural,0,Phone,Womens E-Mail,0,0,0.0
13745,7,5) $500 - $750,679.2,1,1,Rural,1,Multichannel,Womens E-Mail,1,0,0.0
13749,4,4) $350 - $500,378.55,1,0,Urban,0,Web,No E-Mail,0,0,0.0
13769,4,4) $350 - $500,390.73,1,0,Urban,0,Phone,Mens E-Mail,1,0,0.0
13776,5,3) $200 - $350,337.53,0,1,Urban,1,Web,Mens E-Mail,0,0,0.0
13785,12,1) $0 - $100,47.26,1,0,Surburban,1,Phone,No E-Mail,0,0,0.0
13820,3,2) $100 - $200,148.08,0,1,Surburban,0,Phone,Womens E-Mail,0,0,0.0
13823,12,5) $500 - $750,529.04,1,0,Surburban,1,Phone,Mens E-Mail,0,0,0.0
13847,2,4) $350 - $500,423.54,0,1,Urban,0,Web,Mens E-Mail,1,0,0.0
13852,1,"6) $750 - $1,000",844.11,1,0,Surburban,1,Multichannel,No E-Mail,0,0,0.0
13854,10,3) $200 - $350,245.98,0,1,Urban,1,Phone,Womens E-Mail,0,0,0.0
13855,6,5) $500 - $750,565.9,1,0,Surburban,1,Phone,Mens E-Mail,1,0,0.0
13869,9,1) $0 - $100,29.99,0,1,Urban,0,Phone,Womens E-Mail,0,0,0.0
13873,6,1) $0 - $100,74.1,1,0,Urban,0,Web,Mens E-Mail,0,0,0.0
13884,8,1) $0 - $100,74.91,1,0,Surburban,1,Phone,No E-Mail,0,0,0.0
13891,4,1) $0 - $100,44.11,1,0,Surburban,1,Phone,No E-Mail,0,0,0.0
13894,2,5) $500 - $750,695.11,1,1,Rural,1,Web,Womens E-Mail,1,0,0.0
13898,11,5) $500 - $750,710.53,0,1,Urban,1,Phone,No E-Mail,0,0,0.0
13916,11,1) $0 - $100,66.19,1,0,Urban,1,Web,Womens E-Mail,0,0,0.0
13923,11,1) $0 - $100,29.99,1,0,Surburban,1,Web,Womens E-Mail,0,0,0.0
13942,7,2) $100 - $200,105.52,0,1,Surburban,1,Web,No E-Mail,0,0,0.0
13943,2,5) $500 - $750,624.32,1,0,Rural,1,Phone,Mens E-Mail,0,0,0.0
13946,2,2) $100 - $200,198.89,1,0,Surburban,1,Web,No E-Mail,0,0,0.0
13961,4,4) $350 - $500,444.94,0,1,Surburban,1,Multichannel,Womens E-Mail,0,0,0.0
13968,5,2) $100 - $200,175.8,0,1,Urban,1,Phone,Womens E-Mail,0,0,0.0
13973,9,2) $100 - $200,199.47,0,1,Urban,0,Web,Mens E-Mail,0,0,0.0
14008,10,1) $0 - $100,29.99,1,0,Urban,1,Web,Womens E-Mail,0,0,0.0
14010,7,1) $0 - $100,29.99,1,0,Rural,0,Web,No E-Mail,0,0,0.0
14011,6,1) $0 - $100,29.99,1,0,Surburban,0,Phone,Womens E-Mail,0,0,0.0
14026,3,2) $100 - $200,139.59,0,1,Urban,0,Phone,Mens E-Mail,0,0,0.0
14045,2,1) $0 - $100,41.53,0,1,Urban,1,Web,Mens E-Mail,1,0,0.0
14060,2,2) $100 - $200,196.41,1,0,Rural,0,Web,Mens E-Mail,0,0,0.0
14062,8,2) $100 - $200,151.14,1,0,Rural,0,Phone,No E-Mail,0,0,0.0
14074,3,2) $100 - $200,102.71,1,0,Surburban,0,Web,No E-Mail,1,0,0.0
14083,10,1) $0 - $100,63.8,0,1,Surburban,0,Web,Mens E-Mail,0,0,0.0
14089,6,1) $0 - $100,85.84,1,0,Surburban,0,Web,Womens E-Mail,0,0,0.0
14108,5,5) $500 - $750,511.77,0,1,Urban,1,Web,Womens E-Mail,0,0,0.0
14110,1,2) $100 - $200,155.24,1,0,Urban,0,Phone,No E-Mail,1,0,0.0
14116,7,3) $200 - $350,305.77,0,1,Urban,0,Phone,Womens E-Mail,0,0,0.0
14126,2,2) $100 - $200,100.01,0,1,Surburban,1,Web,Mens E-Mail,0,0,0.0
14128,11,3) $200 - $350,214.42,0,1,Surburban,0,Phone,Mens E-Mail,0,0,0.0
14129,4,1) $0 - $100,29.99,0,1,Surburban,1,Web,Womens E-Mail,0,0,0.0
14130,6,1) $0 - $100,44.32,0,1,Urban,0,Web,No E-Mail,1,1,97.92
14142,11,1) $0 - $100,62.18,1,0,Surburban,0,Web,No E-Mail,0,0,0.0
14163,9,1) $0 - $100,44.12,0,1,Rural,0,Phone,Womens E-Mail,0,0,0.0
14167,3,2) $100 - $200,102.62,0,1,Surburban,0,Web,No E-Mail,0,0,0.0
14169,4,3) $200 - $350,248.02,0,1,Surburban,1,Phone,Womens E-Mail,0,0,0.0
14175,1,1) $0 - $100,29.99,0,1,Surburban,1,Phone,No E-Mail,1,0,0.0
14202,1,"6) $750 - $1,000",822.62,1,0,Surburban,1,Web,Mens E-Mail,0,0,0.0
14212,5,1) $0 - $100,29.99,0,1,Surburban,1,Phone,Womens E-Mail,0,0,0.0
14238,11,3) $200 - $350,334.56,1,0,Urban,0,Web,No E-Mail,0,0,0.0
14257,11,3) $200 - $350,267.87,0,1,Surburban,0,Phone,Womens E-Mail,1,0,0.0
14269,10,1) $0 - $100,39.23,1,0,Urban,0,Phone,Mens E-Mail,1,0,0.0
14280,6,1) $0 - $100,73.55,0,1,Rural,1,Phone,No E-Mail,0,0,0.0
14284,8,1) $0 - $100,29.99,0,1,Surburban,0,Phone,Mens E-Mail,0,0,0.0
14294,1,1) $0 - $100,85.11,0,1,Surburban,0,Phone,Womens E-Mail,1,1,36.2
14303,10,3) $200 - $350,212.06,0,1,Urban,0,Phone,Womens E-Mail,0,0,0.0
14304,3,2) $100 - $200,181.8,0,1,Urban,1,Web,Mens E-Mail,0,0,0.0
14315,1,3) $200 - $350,206.47,0,1,Surburban,0,Web,Mens E-Mail,0,0,0.0
14326,7,1) $0 - $100,78.82,1,0,Urban,1,Web,Womens E-Mail,0,0,0.0
14331,1,5) $500 - $750,551.6,0,1,Urban,1,Web,Mens E-Mail,0,0,0.0
14351,7,2) $100 - $200,165.39,1,0,Surburban,0,Phone,No E-Mail,0,0,0.0
14359,10,1) $0 - $100,29.99,1,0,Rural,1,Web,No E-Mail,0,0,0.0
14363,8,4) $350 - $500,389.82,1,1,Surburban,1,Web,Mens E-Mail,0,0,0.0
14389,4,"6) $750 - $1,000",820.64,0,1,Rural,1,Web,Mens E-Mail,1,0,0.0
14403,1,1) $0 - $100,29.99,0,1,Urban,0,Phone,Womens E-Mail,0,0,0.0
14416,10,1) $0 - $100,57.23,0,1,Surburban,0,Web,Womens E-Mail,0,0,0.0
14420,10,4) $350 - $500,447.45,0,1,Urban,1,Multichannel,No E-Mail,0,0,0.0
14436,4,3) $200 - $350,324.98,1,0,Urban,1,Multichannel,Womens E-Mail,0,0,0.0
14440,1,2) $100 - $200,169.88,1,0,Surburban,1,Web,Mens E-Mail,1,1,57.31
14470,5,1) $0 - $100,29.99,0,1,Urban,1,Web,No E-Mail,0,0,0.0
14477,9,1) $0 - $100,29.99,0,1,Urban,0,Web,No E-Mail,0,0,0.0
14480,10,2) $100 - $200,148.39,0,1,Surburban,1,Web,No E-Mail,0,0,0.0
14487,4,2) $100 - $200,184.88,0,1,Rural,1,Web,Mens E-Mail,0,0,0.0
14526,4,1) $0 - $100,29.99,0,1,Surburban,0,Phone,Womens E-Mail,1,0,0.0
14535,6,3) $200 - $350,224.3,0,1,Rural,1,Web,No E-Mail,0,0,0.0
14537,1,4) $350 - $500,427.63,1,0,Surburban,0,Phone,Womens E-Mail,0,0,0.0
14540,9,1) $0 - $100,37.02,1,0,Surburban,1,Phone,Womens E-Mail,0,0,0.0
14546,2,2) $100 - $200,112.48,0,1,Surburban,1,Phone,Mens E-Mail,0,0,0.0
14548,10,"6) $750 - $1,000",821.5,1,1,Urban,1,Phone,No E-Mail,0,0,0.0
14552,2,"6) $750 - $1,000",919.97,0,1,Surburban,1,Phone,Mens E-Mail,0,0,0.0
14570,12,2) $100 - $200,137.72,1,0,Surburban,0,Phone,Womens E-Mail,0,0,0.0
14582,1,3) $200 - $350,299.35,1,0,Surburban,1,Phone,No E-Mail,0,0,0.0
14596,9,3) $200 - $350,253.68,0,1,Rural,0,Multichannel,Mens E-Mail,1,1,84.05
14601,7,3) $200 - $350,275.33,1,0,Surburban,0,Multichannel,No E-Mail,0,0,0.0
14611,4,"7) $1,000 +",1011.95,0,1,Urban,1,Multichannel,No E-Mail,0,0,0.0
14617,8,1) $0 - $100,29.99,1,0,Surburban,1,Phone,Womens E-Mail,0,0,0.0
14622,2,1) $0 - $100,29.99,1,0,Urban,1,Phone,Mens E-Mail,0,0,0.0
14626,1,2) $100 - $200,127.8,1,0,Surburban,0,Phone,Mens E-Mail,0,0,0.0
14632,7,2) $100 - $200,177.69,1,0,Rural,0,Web,Womens E-Mail,1,0,0.0
14635,12,2) $100 - $200,104.12,0,1,Rural,1,Phone,Mens E-Mail,0,0,0.0
14637,8,1) $0 - $100,29.99,1,0,Urban,0,Web,Womens E-Mail,0,0,0.0
14638,3,3) $200 - $350,322.29,1,0,Urban,0,Web,No E-Mail,0,0,0.0
14654,1,3) $200 - $350,239.68,1,1,Surburban,0,Web,Womens E-Mail,0,0,0.0
14677,12,1) $0 - $100,29.99,1,0,Surburban,1,Phone,No E-Mail,0,0,0.0
14683,2,2) $100 - $200,108.79,1,0,Surburban,1,Phone,Womens E-Mail,0,0,0.0
14687,10,5) $500 - $750,570.24,0,1,Rural,1,Phone,No E-Mail,0,0,0.0
14707,9,1) $0 - $100,30.14,0,1,Surburban,1,Web,No E-Mail,0,0,0.0
14714,2,"7) $1,000 +",1085.9,1,0,Surburban,1,Phone,Mens E-Mail,0,0,0.0
14728,9,5) $500 - $750,515.71,0,1,Surburban,1,Web,Mens E-Mail,0,0,0.0
14740,2,2) $100 - $200,167.37,0,1,Surburban,1,Phone,Mens E-Mail,1,0,0.0
14755,12,1) $0 - $100,63.73,0,1,Rural,0,Phone,Mens E-Mail,0,0,0.0
14772,5,1) $0 - $100,93.0,0,1,Surburban,1,Web,Mens E-Mail,0,0,0.0
14797,4,2) $100 - $200,141.22,0,1,Surburban,1,Web,Womens E-Mail,0,0,0.0
14804,2,5) $500 - $750,621.34,1,1,Urban,1,Multichannel,Womens E-Mail,1,0,0.0
14806,12,3) $200 - $350,240.89,0,1,Surburban,0,Phone,No E-Mail,0,0,0.0
14807,9,3) $200 - $350,313.38,0,1,Surburban,0,Web,Mens E-Mail,0,0,0.0
14848,12,3) $200 - $350,273.83,0,1,Rural,1,Multichannel,Womens E-Mail,0,0,0.0
14855,3,4) $350 - $500,439.25,1,0,Urban,0,Multichannel,Womens E-Mail,0,0,0.0
14856,10,1) $0 - $100,81.33,1,0,Urban,1,Web,Womens E-Mail,0,0,0.0
14857,2,3) $200 - $350,200.65,1,1,Surburban,1,Phone,No E-Mail,0,0,0.0
14858,5,4) $350 - $500,491.51,1,1,Surburban,1,Multichannel,Womens E-Mail,0,0,0.0
14861,6,1) $0 - $100,57.84,0,1,Urban,0,Phone,Mens E-Mail,0,0,0.0
14868,2,3) $200 - $350,280.35,0,1,Urban,1,Web,No E-Mail,0,0,0.0
14876,6,1) $0 - $100,29.99,0,1,Urban,0,Phone,Mens E-Mail,0,0,0.0
14879,11,4) $350 - $500,369.34,0,1,Urban,0,Multichannel,Womens E-Mail,0,0,0.0
14890,6,3) $200 - $350,233.83,1,0,Surburban,0,Multichannel,Mens E-Mail,0,0,0.0
14895,11,1) $0 - $100,29.99,1,0,Surburban,0,Web,Womens E-Mail,0,0,0.0
14901,10,1) $0 - $100,90.12,1,0,Surburban,0,Phone,Womens E-Mail,0,0,0.0
14908,9,2) $100 - $200,191.56,0,1,Surburban,0,Phone,Womens E-Mail,0,0,0.0
14910,3,4) $350 - $500,405.77,1,0,Rural,0,Multichannel,No E-Mail,1,0,0.0
14940,2,5) $500 - $750,732.13,1,1,Urban,1,Multichannel,Womens E-Mail,0,0,0.0
14954,4,2) $100 - $200,145.56,1,0,Surburban,0,Web,Womens E-Mail,0,0,0.0
14958,12,4) $350 - $500,450.45,1,1,Rural,1,Web,No E-Mail,1,0,0.0
14982,5,1) $0 - $100,29.99,0,1,Surburban,1,Phone,Mens E-Mail,0,0,0.0
14986,7,1) $0 - $100,62.67,0,1,Surburban,1,Web,No E-Mail,0,0,0.0
14988,1,2) $100 - $200,130.13,0,1,Surburban,0,Phone,Womens E-Mail,0,0,0.0
15014,1,4) $350 - $500,382.51,0,1,Urban,0,Phone,No E-Mail,0,0,0.0
15018,5,1) $0 - $100,79.81,0,1,Surburban,1,Phone,Womens E-Mail,0,0,0.0
15044,1,2) $100 - $200,176.98,1,0,Rural,1,Phone,Mens E-Mail,1,0,0.0
15050,8,1) $0 - $100,83.54,0,1,Surburban,0,Web,Womens E-Mail,0,0,0.0
15052,5,1) $0 - $100,99.14,1,0,Urban,0,Phone,Womens E-Mail,0,0,0.0
15055,10,2) $100 - $200,145.74,1,0,Rural,1,Phone,Mens E-Mail,1,0,0.0
15056,3,"7) $1,000 +",1304.57,1,1,Urban,1,Phone,No E-Mail,0,0,0.0
15070,1,3) $200 - $350,228.23,1,0,Rural,0,Web,No E-Mail,0,0,0.0
15086,7,1) $0 - $100,93.03,0,1,Urban,1,Phone,No E-Mail,0,0,0.0
15087,2,"6) $750 - $1,000",859.59,1,0,Rural,1,Multichannel,Womens E-Mail,0,0,0.0
15088,4,3) $200 - $350,202.96,1,0,Urban,0,Multichannel,Mens E-Mail,0,0,0.0
15091,5,3) $200 - $350,241.62,1,0,Surburban,1,Web,No E-Mail,0,0,0.0
15092,7,1) $0 - $100,29.99,1,0,Surburban,1,Phone,No E-Mail,0,0,0.0
15094,7,1) $0 - $100,29.99,1,0,Urban,0,Phone,No E-Mail,0,0,0.0
15130,8,3) $200 - $350,241.25,1,0,Surburban,0,Web,Mens E-Mail,0,0,0.0
15137,6,1) $0 - $100,33.34,1,0,Surburban,0,Web,No E-Mail,0,0,0.0
15153,9,"7) $1,000 +",1099.06,1,0,Surburban,1,Multichannel,No E-Mail,0,0,0.0
15155,12,1) $0 - $100,99.81,1,0,Surburban,0,Web,Mens E-Mail,0,0,0.0
15157,10,1) $0 - $100,29.99,0,1,Surburban,0,Phone,Womens E-Mail,0,0,0.0
15163,6,3) $200 - $350,200.28,0,1,Urban,0,Phone,No E-Mail,0,0,0.0
15192,1,3) $200 - $350,282.16,0,1,Urban,0,Phone,Mens E-Mail,0,0,0.0
15216,8,1) $0 - $100,29.99,0,1,Urban,1,Phone,No E-Mail,0,0,0.0
15224,2,1) $0 - $100,43.91,1,0,Urban,0,Web,Mens E-Mail,0,0,0.0
15231,8,1) $0 - $100,29.99,1,0,Surburban,0,Phone,Womens E-Mail,0,0,0.0
15232,9,2) $100 - $200,133.07,0,1,Surburban,1,Phone,Mens E-Mail,0,0,0.0
15248,2,1) $0 - $100,29.99,0,1,Rural,0,Phone,No E-Mail,0,0,0.0
15259,1,2) $100 - $200,199.69,1,0,Surburban,1,Phone,Womens E-Mail,0,0,0.0
15267,4,3) $200 - $350,233.61,0,1,Rural,0,Multichannel,Mens E-Mail,0,0,0.0
15271,1,"7) $1,000 +",1104.59,1,1,Urban,1,Multichannel,Womens E-Mail,0,0,0.0
15277,5,1) $0 - $100,52.47,1,0,Surburban,0,Web,Mens E-Mail,1,0,0.0
15280,8,1) $0 - $100,50.67,1,0,Urban,0,Phone,Mens E-Mail,0,0,0.0
15282,6,1) $0 - $100,36.33,0,1,Surburban,0,Phone,Mens E-Mail,0,0,0.0
15287,2,5) $500 - $750,536.39,1,0,Urban,1,Web,No E-Mail,0,0,0.0
15303,10,4) $350 - $500,352.97,1,0,Urban,0,Web,No E-Mail,0,0,0.0
15306,2,1) $0 - $100,88.63,0,1,Surburban,0,Web,No E-Mail,0,0,0.0
15311,1,2) $100 - $200,129.1,1,0,Rural,1,Web,Womens E-Mail,0,0,0.0
15318,2,4) $350 - $500,462.33,1,0,Surburban,0,Phone,Womens E-Mail,0,0,0.0
15322,10,1) $0 - $100,62.45,1,0,Urban,1,Web,Mens E-Mail,0,0,0.0
15332,9,2) $100 - $200,103.23,1,0,Rural,1,Web,Mens E-Mail,1,0,0.0
15344,6,1) $0 - $100,91.19,0,1,Surburban,0,Phone,No E-Mail,0,0,0.0
15345,3,4) $350 - $500,438.92,1,1,Surburban,0,Multichannel,Mens E-Mail,1,0,0.0
15362,8,2) $100 - $200,156.14,1,0,Rural,0,Web,Womens E-Mail,1,0,0.0
15363,6,4) $350 - $500,480.45,1,0,Urban,0,Multichannel,Womens E-Mail,0,0,0.0
15369,5,3) $200 - $350,298.01,0,1,Urban,1,Phone,Womens E-Mail,0,0,0.0
15376,6,3) $200 - $350,284.83,0,1,Urban,0,Web,No E-Mail,0,0,0.0
15392,7,4) $350 - $500,372.58,0,1,Surburban,1,Multichannel,No E-Mail,0,0,0.0
15409,9,2) $100 - $200,167.83,1,0,Urban,0,Phone,Womens E-Mail,1,0,0.0
15417,7,3) $200 - $350,273.41,1,0,Urban,1,Web,Mens E-Mail,0,0,0.0
15425,11,2) $100 - $200,169.04,0,1,Surburban,1,Web,No E-Mail,0,0,0.0
15447,11,1) $0 - $100,79.14,0,1,Surburban,0,Phone,No E-Mail,1,0,0.0
15453,1,1) $0 - $100,69.6,1,0,Surburban,1,Phone,Womens E-Mail,0,0,0.0
15456,3,2) $100 - $200,178.32,0,1,Surburban,0,Web,Mens E-Mail,0,0,0.0
15461,5,2) $100 - $200,130.8,1,0,Urban,0,Phone,Womens E-Mail,0,0,0.0
15478,2,2) $100 - $200,142.42,1,0,Surburban,1,Web,Mens E-Mail,1,0,0.0
15481,6,"7) $1,000 +",1042.3,1,0,Rural,1,Web,No E-Mail,0,0,0.0
15483,6,3) $200 - $350,250.17,0,1,Urban,0,Phone,Womens E-Mail,0,0,0.0
15484,3,"7) $1,000 +",1152.49,1,1,Rural,1,Phone,No E-Mail,1,0,0.0
15492,4,"6) $750 - $1,000",942.26,0,1,Rural,1,Multichannel,Mens E-Mail,1,0,0.0
15494,12,3) $200 - $350,301.47,1,1,Rural,0,Phone,Mens E-Mail,1,0,0.0
15495,10,1) $0 - $100,69.02,0,1,Urban,1,Web,No E-Mail,0,0,0.0
15535,4,5) $500 - $750,679.5,1,1,Surburban,1,Phone,No E-Mail,0,0,0.0
15538,10,1) $0 - $100,93.64,1,0,Urban,0,Phone,Mens E-Mail,0,0,0.0
15561,1,1) $0 - $100,61.17,1,0,Surburban,0,Phone,Womens E-Mail,0,0,0.0
15564,1,4) $350 - $500,360.18,0,1,Urban,0,Phone,Womens E-Mail,0,0,0.0
15565,10,5) $500 - $750,554.84,0,1,Rural,1,Multichannel,Mens E-Mail,0,0,0.0
15585,8,2) $100 - $200,155.29,0,1,Surburban,0,Web,No E-Mail,0,0,0.0
15593,9,1) $0 - $100,96.08,0,1,Surburban,0,Web,Womens E-Mail,0,0,0.0
15597,7,3) $200 - $350,281.32,0,1,Rural,0,Phone,No E-Mail,0,0,0.0
15598,9,4) $350 - $500,428.91,1,0,Rural,0,Multichannel,Mens E-Mail,0,0,0.0
15602,10,2) $100 - $200,190.3,1,0,Urban,1,Phone,No E-Mail,0,0,0.0
15603,2,"7) $1,000 +",1503.78,1,0,Urban,1,Multichannel,Womens E-Mail,1,0,0.0
15613,3,2) $100 - $200,149.12,0,1,Surburban,1,Phone,No E-Mail,0,0,0.0
15619,10,2) $100 - $200,147.08,1,0,Surburban,0,Phone,Mens E-Mail,0,0,0.0
15620,8,1) $0 - $100,99.0,0,1,Surburban,1,Web,No E-Mail,0,0,0.0
15657,1,"7) $1,000 +",1213.99,1,1,Urban,1,Multichannel,Womens E-Mail,1,0,0.0
15659,1,1) $0 - $100,81.24,1,0,Rural,1,Phone,Mens E-Mail,0,0,0.0
15663,1,1) $0 - $100,34.16,0,1,Urban,1,Web,No E-Mail,0,0,0.0
15668,1,4) $350 - $500,436.25,1,0,Rural,0,Web,No E-Mail,0,0,0.0
15683,5,1) $0 - $100,31.13,0,1,Surburban,0,Web,Womens E-Mail,0,0,0.0
15684,10,1) $0 - $100,39.47,1,0,Urban,1,Phone,Mens E-Mail,0,0,0.0
15686,7,4) $350 - $500,422.92,1,0,Surburban,1,Multichannel,Mens E-Mail,0,0,0.0
15691,1,"7) $1,000 +",1080.83,1,0,Urban,1,Multichannel,Mens E-Mail,0,0,0.0
15697,4,3) $200 - $350,254.23,1,0,Surburban,0,Web,Womens E-Mail,0,0,0.0
15702,2,2) $100 - $200,126.41,1,0,Surburban,0,Web,Womens E-Mail,0,0,0.0
15711,2,1) $0 - $100,65.04,0,1,Surburban,0,Web,Womens E-Mail,0,0,0.0
15719,4,"6) $750 - $1,000",985.71,1,1,Surburban,1,Phone,Womens E-Mail,0,0,0.0
15738,8,1) $0 - $100,72.3,0,1,Urban,1,Web,Mens E-Mail,0,0,0.0
15742,2,2) $100 - $200,142.97,1,0,Rural,0,Phone,Womens E-Mail,0,0,0.0
15745,6,3) $200 - $350,256.29,1,0,Urban,0,Phone,No E-Mail,0,0,0.0
15751,5,1) $0 - $100,68.21,1,0,Urban,1,Web,No E-Mail,0,0,0.0
15752,10,4) $350 - $500,411.86,1,0,Surburban,0,Multichannel,Womens E-Mail,0,0,0.0
15803,11,4) $350 - $500,383.15,1,0,Surburban,0,Phone,Mens E-Mail,0,0,0.0
15816,3,4) $350 - $500,395.67,1,0,Urban,1,Phone,Mens E-Mail,1,0,0.0
15819,4,1) $0 - $100,65.77,1,0,Urban,1,Phone,Mens E-Mail,0,0,0.0
15828,10,1) $0 - $100,29.99,1,0,Surburban,0,Web,Mens E-Mail,0,0,0.0
15831,6,2) $100 - $200,138.72,0,1,Surburban,0,Phone,No E-Mail,1,0,0.0
15838,9,4) $350 - $500,458.22,0,1,Urban,0,Phone,Mens E-Mail,0,0,0.0
15842,10,1) $0 - $100,29.99,0,1,Surburban,1,Phone,No E-Mail,0,0,0.0
15853,2,2) $100 - $200,154.84,1,0,Urban,0,Phone,No E-Mail,0,0,0.0
15878,2,3) $200 - $350,215.04,0,1,Urban,0,Phone,Womens E-Mail,0,0,0.0
15887,8,1) $0 - $100,29.99,1,0,Surburban,1,Web,No E-Mail,0,0,0.0
15916,4,4) $350 - $500,418.03,0,1,Surburban,1,Multichannel,Mens E-Mail,0,0,0.0
15922,9,2) $100 - $200,121.77,0,1,Surburban,0,Phone,Mens E-Mail,0,0,0.0
15953,1,2) $100 - $200,157.82,1,0,Urban,1,Phone,Womens E-Mail,0,0,0.0
15969,1,3) $200 - $350,301.59,1,0,Urban,0,Web,No E-Mail,0,0,0.0
15996,2,3) $200 - $350,272.66,0,1,Urban,0,Multichannel,Mens E-Mail,0,0,0.0
15998,6,"6) $750 - $1,000",781.2,1,0,Rural,1,Multichannel,No E-Mail,0,0,0.0
16003,2,1) $0 - $100,29.99,0,1,Surburban,0,Web,Womens E-Mail,0,0,0.0
16005,10,1) $0 - $100,46.1,1,0,Surburban,0,Phone,Mens E-Mail,0,0,0.0
16026,3,1) $0 - $100,51.27,1,0,Urban,0,Web,No E-Mail,0,0,0.0
16034,7,4) $350 - $500,448.59,1,1,Surburban,0,Multichannel,No E-Mail,0,0,0.0
16044,7,1) $0 - $100,78.38,1,0,Surburban,0,Phone,Womens E-Mail,0,0,0.0
16048,3,3) $200 - $350,208.15,0,1,Surburban,0,Web,Womens E-Mail,0,0,0.0
16052,1,1) $0 - $100,47.96,0,1,Surburban,0,Phone,No E-Mail,0,0,0.0
16054,7,1) $0 - $100,29.99,0,1,Surburban,1,Phone,Womens E-Mail,0,0,0.0
16079,1,1) $0 - $100,82.92,1,0,Urban,1,Web,Mens E-Mail,0,0,0.0
16087,1,4) $350 - $500,441.14,1,1,Surburban,0,Web,Womens E-Mail,0,0,0.0
16089,4,3) $200 - $350,264.4,1,0,Surburban,0,Phone,Womens E-Mail,0,0,0.0
16097,6,1) $0 - $100,29.99,1,0,Surburban,0,Phone,Mens E-Mail,0,0,0.0
16098,3,3) $200 - $350,340.67,1,0,Urban,0,Multichannel,No E-Mail,0,0,0.0
16119,10,1) $0 - $100,89.46,1,0,Rural,1,Web,Mens E-Mail,0,0,0.0
16138,3,2) $100 - $200,140.68,0,1,Surburban,0,Phone,No E-Mail,0,0,0.0
16149,4,"6) $750 - $1,000",814.08,0,1,Surburban,1,Web,Mens E-Mail,0,0,0.0
16151,4,4) $350 - $500,421.72,1,1,Surburban,0,Multichannel,No E-Mail,0,0,0.0
16154,1,3) $200 - $350,323.98,0,1,Urban,0,Web,No E-Mail,0,0,0.0
16169,4,1) $0 - $100,44.72,0,1,Rural,1,Phone,Womens E-Mail,0,0,0.0
16173,6,4) $350 - $500,445.4,1,0,Rural,0,Multichannel,No E-Mail,0,0,0.0
16210,7,3) $200 - $350,302.55,1,0,Surburban,0,Web,No E-Mail,1,0,0.0
16211,2,4) $350 - $500,351.08,1,0,Urban,1,Web,Womens E-Mail,1,0,0.0
16213,8,4) $350 - $500,416.99,0,1,Urban,0,Multichannel,Womens E-Mail,0,0,0.0
16246,9,1) $0 - $100,52.34,1,0,Urban,0,Phone,Mens E-Mail,1,1,90.36
16265,10,2) $100 - $200,169.15,0,1,Surburban,0,Web,Womens E-Mail,1,1,104.22
16275,9,4) $350 - $500,434.43,1,0,Urban,1,Multichannel,No E-Mail,0,0,0.0
16282,9,1) $0 - $100,45.45,1,0,Urban,0,Phone,Mens E-Mail,0,0,0.0
16307,9,1) $0 - $100,42.08,1,0,Urban,0,Phone,Womens E-Mail,0,0,0.0
16313,5,2) $100 - $200,169.85,1,0,Surburban,1,Phone,Mens E-Mail,0,0,0.0
16323,6,4) $350 - $500,458.41,0,1,Urban,0,Multichannel,Mens E-Mail,0,0,0.0
16334,1,5) $500 - $750,622.49,1,0,Rural,1,Web,Womens E-Mail,0,0,0.0
16341,10,3) $200 - $350,227.64,0,1,Surburban,0,Web,No E-Mail,0,0,0.0
16343,1,4) $350 - $500,471.09,1,0,Surburban,0,Web,Mens E-Mail,0,0,0.0
16353,11,5) $500 - $750,656.1,1,0,Urban,1,Web,No E-Mail,0,0,0.0
16385,5,1) $0 - $100,49.17,0,1,Rural,0,Phone,Mens E-Mail,0,0,0.0
16401,8,1) $0 - $100,29.99,0,1,Urban,1,Web,Womens E-Mail,0,0,0.0
16405,2,5) $500 - $750,554.09,1,0,Urban,1,Phone,Mens E-Mail,0,0,0.0
16428,2,"6) $750 - $1,000",787.87,0,1,Surburban,1,Web,No E-Mail,0,0,0.0
16434,2,3) $200 - $350,326.64,1,0,Urban,0,Phone,Mens E-Mail,1,0,0.0
16437,10,3) $200 - $350,255.81,0,1,Urban,0,Phone,Mens E-Mail,0,0,0.0
16442,4,5) $500 - $750,531.52,0,1,Surburban,1,Multichannel,No E-Mail,0,0,0.0
16465,4,2) $100 - $200,141.06,1,0,Surburban,0,Phone,Mens E-Mail,0,0,0.0
16472,10,1) $0 - $100,81.73,1,0,Surburban,1,Web,Womens E-Mail,0,0,0.0
16481,9,1) $0 - $100,29.99,1,0,Urban,1,Web,No E-Mail,0,0,0.0
16485,3,1) $0 - $100,80.82,0,1,Surburban,1,Phone,Womens E-Mail,0,0,0.0
16494,1,3) $200 - $350,269.41,1,0,Urban,0,Phone,No E-Mail,1,0,0.0
16506,9,2) $100 - $200,193.98,1,0,Urban,1,Phone,Mens E-Mail,0,0,0.0
16527,9,4) $350 - $500,423.51,1,0,Urban,0,Phone,No E-Mail,0,0,0.0
16555,2,4) $350 - $500,465.95,1,0,Surburban,0,Web,Mens E-Mail,0,0,0.0
16574,7,5) $500 - $750,693.53,1,1,Urban,1,Multichannel,No E-Mail,0,0,0.0
16578,1,1) $0 - $100,49.48,1,0,Urban,0,Web,Womens E-Mail,0,0,0.0
16584,1,5) $500 - $750,571.12,0,1,Surburban,1,Phone,Womens E-Mail,0,0,0.0
16598,12,4) $350 - $500,444.58,1,0,Urban,0,Phone,No E-Mail,0,0,0.0
16611,8,2) $100 - $200,195.16,0,1,Urban,1,Phone,No E-Mail,0,0,0.0
16629,6,1) $0 - $100,50.96,1,0,Surburban,0,Web,Mens E-Mail,0,0,0.0
16631,2,4) $350 - $500,446.69,1,1,Surburban,0,Phone,Womens E-Mail,0,0,0.0
16635,6,2) $100 - $200,142.66,0,1,Surburban,1,Web,Mens E-Mail,0,0,0.0
16648,10,3) $200 - $350,207.66,0,1,Urban,1,Web,No E-Mail,0,0,0.0
16659,5,5) $500 - $750,544.54,1,1,Rural,1,Multichannel,No E-Mail,0,0,0.0
16660,1,2) $100 - $200,188.9,1,0,Surburban,0,Web,Womens E-Mail,0,0,0.0
16661,1,3) $200 - $350,300.92,1,0,Urban,0,Phone,Womens E-Mail,0,0,0.0
16688,1,1) $0 - $100,29.99,0,1,Surburban,0,Phone,No E-Mail,1,1,34.66
16697,7,3) $200 - $350,328.03,1,1,Urban,0,Phone,Womens E-Mail,0,0,0.0
16709,9,1) $0 - $100,73.06,1,0,Urban,0,Web,Mens E-Mail,0,0,0.0
16722,6,3) $200 - $350,232.17,1,0,Rural,0,Phone,Mens E-Mail,0,0,0.0
16738,1,3) $200 - $350,348.0,1,1,Urban,1,Web,Womens E-Mail,0,0,0.0
16753,10,1) $0 - $100,82.81,0,1,Urban,0,Web,No E-Mail,0,0,0.0
16765,4,4) $350 - $500,417.06,0,1,Surburban,0,Web,No E-Mail,0,0,0.0
16772,7,3) $200 - $350,275.85,1,0,Rural,0,Phone,Mens E-Mail,0,0,0.0
16781,8,1) $0 - $100,29.99,0,1,Rural,1,Phone,Womens E-Mail,0,0,0.0
16793,10,2) $100 - $200,106.56,0,1,Urban,0,Web,Mens E-Mail,0,0,0.0
16803,2,1) $0 - $100,29.99,0,1,Urban,0,Web,No E-Mail,0,0,0.0
16819,7,1) $0 - $100,90.31,1,0,Urban,1,Phone,No E-Mail,0,0,0.0
16822,2,3) $200 - $350,345.11,0,1,Surburban,0,Phone,Mens E-Mail,0,0,0.0
16823,4,"6) $750 - $1,000",970.98,0,1,Urban,1,Phone,No E-Mail,0,0,0.0
16828,1,2) $100 - $200,195.22,1,0,Surburban,0,Phone,No E-Mail,0,0,0.0
16851,11,2) $100 - $200,155.35,1,0,Surburban,0,Phone,Womens E-Mail,0,0,0.0
16863,1,2) $100 - $200,141.99,1,0,Rural,1,Web,Mens E-Mail,0,0,0.0
16880,10,1) $0 - $100,96.54,0,1,Urban,1,Web,Mens E-Mail,0,0,0.0
16891,5,2) $100 - $200,156.04,1,0,Urban,0,Phone,Mens E-Mail,0,0,0.0
16894,3,3) $200 - $350,259.57,1,0,Urban,0,Web,Womens E-Mail,1,0,0.0
16905,1,3) $200 - $350,256.25,0,1,Surburban,1,Phone,Womens E-Mail,0,0,0.0
16918,9,1) $0 - $100,29.99,1,0,Rural,1,Web,Womens E-Mail,0,0,0.0
16923,4,5) $500 - $750,615.27,1,1,Urban,1,Multichannel,Mens E-Mail,1,0,0.0
16928,3,2) $100 - $200,154.97,1,0,Urban,0,Web,Mens E-Mail,1,0,0.0
16930,6,5) $500 - $750,548.67,1,0,Surburban,1,Web,Womens E-Mail,1,0,0.0
16931,10,3) $200 - $350,209.84,1,1,Urban,0,Phone,No E-Mail,0,0,0.0
16935,12,1) $0 - $100,61.3,1,0,Urban,1,Phone,Womens E-Mail,0,0,0.0
16941,1,5) $500 - $750,506.24,0,1,Surburban,1,Web,Womens E-Mail,0,0,0.0
16953,11,1) $0 - $100,32.81,1,0,Urban,1,Web,No E-Mail,0,0,0.0
16955,2,3) $200 - $350,338.6,1,0,Surburban,1,Web,Mens E-Mail,0,0,0.0
16997,11,1) $0 - $100,87.65,0,1,Urban,0,Phone,No E-Mail,0,0,0.0
17006,6,1) $0 - $100,41.8,0,1,Urban,0,Phone,No E-Mail,1,0,0.0
17009,6,3) $200 - $350,301.82,1,0,Surburban,0,Web,No E-Mail,0,0,0.0
17020,1,3) $200 - $350,205.61,1,1,Urban,1,Phone,No E-Mail,0,0,0.0
17023,9,4) $350 - $500,436.59,1,0,Surburban,0,Phone,Mens E-Mail,0,0,0.0
17034,9,3) $200 - $350,273.1,0,1,Urban,1,Web,Mens E-Mail,0,0,0.0
17044,2,3) $200 - $350,319.93,1,0,Surburban,0,Web,Womens E-Mail,0,0,0.0
17057,2,1) $0 - $100,29.99,1,0,Urban,0,Web,Mens E-Mail,1,0,0.0
17074,2,1) $0 - $100,63.51,1,0,Urban,1,Web,Mens E-Mail,0,0,0.0
17080,1,2) $100 - $200,187.83,1,0,Urban,0,Web,Mens E-Mail,0,0,0.0
17084,6,3) $200 - $350,201.56,1,0,Surburban,1,Multichannel,Mens E-Mail,0,0,0.0
17123,5,1) $0 - $100,52.42,1,0,Rural,1,Phone,Womens E-Mail,0,0,0.0
17151,4,2) $100 - $200,171.42,0,1,Urban,1,Phone,Womens E-Mail,0,0,0.0
17152,3,2) $100 - $200,176.64,1,0,Surburban,0,Web,Womens E-Mail,0,0,0.0
17178,3,2) $100 - $200,142.09,1,0,Rural,0,Web,No E-Mail,0,0,0.0
17198,2,2) $100 - $200,199.7,1,0,Surburban,1,Phone,No E-Mail,0,0,0.0
17203,2,"6) $750 - $1,000",956.92,1,0,Urban,1,Phone,Mens E-Mail,0,0,0.0
17210,1,4) $350 - $500,479.31,1,0,Surburban,0,Multichannel,Mens E-Mail,0,0,0.0
17233,1,"6) $750 - $1,000",887.52,1,1,Urban,1,Multichannel,No E-Mail,0,0,0.0
17249,2,1) $0 - $100,74.05,1,0,Urban,1,Web,Womens E-Mail,0,0,0.0
17254,9,2) $100 - $200,125.88,0,1,Surburban,1,Phone,Mens E-Mail,0,0,0.0
17265,2,1) $0 - $100,94.11,0,1,Surburban,1,Web,Mens E-Mail,0,0,0.0
17272,10,2) $100 - $200,152.31,0,1,Urban,1,Phone,Womens E-Mail,0,0,0.0
17273,2,2) $100 - $200,126.42,1,0,Surburban,0,Phone,No E-Mail,0,0,0.0
17275,2,1) $0 - $100,29.99,0,1,Rural,0,Web,Mens E-Mail,0,0,0.0
17283,1,3) $200 - $350,231.74,0,1,Surburban,0,Web,Mens E-Mail,0,0,0.0
17292,1,3) $200 - $350,221.01,1,1,Surburban,0,Web,Womens E-Mail,0,0,0.0
17314,10,1) $0 - $100,80.57,0,1,Urban,1,Phone,Womens E-Mail,0,0,0.0
17334,10,5) $500 - $750,598.56,0,1,Urban,1,Web,No E-Mail,1,0,0.0
17345,9,2) $100 - $200,165.4,1,0,Surburban,1,Phone,No E-Mail,0,0,0.0
17357,11,4) $350 - $500,380.33,1,0,Surburban,0,Phone,No E-Mail,0,0,0.0
17369,4,1) $0 - $100,29.99,0,1,Rural,1,Web,Womens E-Mail,1,0,0.0
17390,6,2) $100 - $200,160.62,1,0,Rural,0,Web,No E-Mail,0,0,0.0
17395,10,1) $0 - $100,59.2,1,0,Urban,0,Web,Womens E-Mail,0,0,0.0
17409,5,3) $200 - $350,235.46,1,1,Urban,1,Web,No E-Mail,0,0,0.0
17426,3,4) $350 - $500,427.78,1,0,Urban,0,Multichannel,Mens E-Mail,0,0,0.0
17440,3,4) $350 - $500,362.03,1,1,Rural,0,Phone,No E-Mail,1,0,0.0
17445,10,1) $0 - $100,61.68,1,0,Surburban,1,Web,Mens E-Mail,0,0,0.0
17450,5,1) $0 - $100,29.99,1,0,Urban,1,Web,Womens E-Mail,0,0,0.0
17477,5,5) $500 - $750,599.29,1,0,Rural,1,Phone,Womens E-Mail,1,0,0.0
17480,7,1) $0 - $100,69.74,0,1,Urban,0,Web,Mens E-Mail,0,0,0.0
17494,2,3) $200 - $350,293.49,0,1,Urban,0,Phone,Womens E-Mail,0,0,0.0
17496,2,2) $100 - $200,158.27,0,1,Urban,1,Web,No E-Mail,0,0,0.0
17506,6,1) $0 - $100,29.99,0,1,Surburban,0,Web,Mens E-Mail,0,0,0.0
17512,3,3) $200 - $350,289.81,1,0,Surburban,0,Multichannel,No E-Mail,0,0,0.0
17526,2,4) $350 - $500,361.19,1,0,Surburban,0,Phone,No E-Mail,0,0,0.0
17547,10,1) $0 - $100,44.21,0,1,Rural,1,Web,Womens E-Mail,0,0,0.0
17551,10,1) $0 - $100,29.99,1,0,Urban,1,Web,Womens E-Mail,0,0,0.0
17553,6,1) $0 - $100,73.01,0,1,Surburban,1,Phone,Womens E-Mail,0,0,0.0
17566,4,4) $350 - $500,380.16,0,1,Surburban,0,Web,Womens E-Mail,0,0,0.0
17570,6,3) $200 - $350,271.97,1,1,Surburban,0,Phone,No E-Mail,0,0,0.0
17578,11,5) $500 - $750,594.98,0,1,Rural,1,Multichannel,Mens E-Mail,1,0,0.0
17584,5,1) $0 - $100,29.99,1,0,Rural,0,Web,Mens E-Mail,0,0,0.0
17592,10,5) $500 - $750,595.01,0,1,Surburban,1,Multichannel,Mens E-Mail,0,0,0.0
17597,2,4) $350 - $500,484.18,1,1,Surburban,1,Web,Womens E-Mail,0,0,0.0
17609,8,2) $100 - $200,117.86,1,0,Urban,0,Phone,Mens E-Mail,0,0,0.0
17625,1,1) $0 - $100,86.71,1,0,Urban,0,Web,Mens E-Mail,0,0,0.0
17638,1,5) $500 - $750,597.7,1,1,Urban,1,Multichannel,Womens E-Mail,0,0,0.0
17657,2,1) $0 - $100,78.86,1,0,Urban,0,Phone,No E-Mail,0,0,0.0
17658,2,1) $0 - $100,56.86,1,0,Urban,1,Phone,Mens E-Mail,0,0,0.0
17665,5,2) $100 - $200,129.2,0,1,Surburban,0,Phone,No E-Mail,0,0,0.0
17699,6,2) $100 - $200,157.58,0,1,Surburban,0,Phone,No E-Mail,0,0,0.0
17710,3,"6) $750 - $1,000",790.89,0,1,Surburban,1,Web,Mens E-Mail,0,0,0.0
17716,3,2) $100 - $200,177.08,1,0,Rural,0,Web,No E-Mail,0,0,0.0
17723,2,"6) $750 - $1,000",757.37,0,1,Urban,1,Multichannel,Mens E-Mail,0,0,0.0
17740,11,5) $500 - $750,533.83,0,1,Urban,1,Multichannel,Mens E-Mail,0,0,0.0
17748,10,1) $0 - $100,29.99,0,1,Urban,0,Phone,No E-Mail,0,0,0.0
17752,2,3) $200 - $350,228.93,1,1,Surburban,0,Web,No E-Mail,0,0,0.0
17753,4,1) $0 - $100,69.21,0,1,Urban,1,Phone,No E-Mail,0,0,0.0
17759,2,4) $350 - $500,449.51,0,1,Urban,0,Web,No E-Mail,1,0,0.0
17763,9,4) $350 - $500,463.77,0,1,Rural,0,Phone,Womens E-Mail,1,0,0.0
17765,4,5) $500 - $750,517.38,1,0,Rural,1,Multichannel,Womens E-Mail,0,0,0.0
17796,3,2) $100 - $200,128.93,0,1,Surburban,1,Web,Womens E-Mail,0,0,0.0
17797,3,2) $100 - $200,132.47,1,0,Surburban,1,Phone,Mens E-Mail,0,0,0.0
17820,10,2) $100 - $200,141.8,1,0,Rural,0,Phone,No E-Mail,0,0,0.0
17822,6,5) $500 - $750,553.16,1,0,Rural,1,Phone,Womens E-Mail,0,0,0.0
17830,6,2) $100 - $200,145.76,1,0,Rural,0,Web,Womens E-Mail,0,0,0.0
17843,9,2) $100 - $200,197.92,1,0,Surburban,0,Web,Mens E-Mail,0,0,0.0
17846,9,1) $0 - $100,42.12,0,1,Rural,0,Web,Mens E-Mail,0,0,0.0
17852,11,3) $200 - $350,272.24,0,1,Surburban,0,Multichannel,Womens E-Mail,0,0,0.0
17868,12,4) $350 - $500,365.6,1,1,Rural,0,Phone,Mens E-Mail,0,0,0.0
17875,1,2) $100 - $200,151.49,0,1,Surburban,0,Web,Womens E-Mail,0,0,0.0
17895,5,1) $0 - $100,29.99,0,1,Rural,1,Phone,Mens E-Mail,0,0,0.0
17902,10,1) $0 - $100,29.99,1,0,Urban,1,Phone,Womens E-Mail,0,0,0.0
17915,5,1) $0 - $100,29.99,1,0,Surburban,1,Web,Womens E-Mail,0,0,0.0
17922,10,1) $0 - $100,29.99,1,0,Rural,0,Web,Womens E-Mail,0,0,0.0
17925,10,1) $0 - $100,37.39,1,0,Surburban,1,Web,Mens E-Mail,0,0,0.0
17926,6,2) $100 - $200,157.19,1,0,Rural,1,Phone,Womens E-Mail,0,0,0.0
17929,7,2) $100 - $200,164.1,1,0,Surburban,0,Web,Mens E-Mail,0,0,0.0
17933,12,1) $0 - $100,52.64,1,0,Surburban,1,Phone,Mens E-Mail,0,0,0.0
17940,2,3) $200 - $350,261.29,0,1,Surburban,1,Multichannel,Mens E-Mail,0,0,0.0
17970,1,"7) $1,000 +",1309.92,1,1,Urban,1,Multichannel,No E-Mail,0,0,0.0
17994,9,1) $0 - $100,59.08,0,1,Surburban,0,Web,No E-Mail,0,0,0.0
17995,1,3) $200 - $350,243.11,1,0,Surburban,0,Phone,Mens E-Mail,0,0,0.0
17999,4,4) $350 - $500,411.97,1,0,Surburban,0,Multichannel,Womens E-Mail,0,0,0.0
18002,5,1) $0 - $100,29.99,1,0,Rural,0,Web,Womens E-Mail,0,0,0.0
18024,8,1) $0 - $100,97.88,1,0,Surburban,0,Web,Womens E-Mail,1,0,0.0
18043,4,1) $0 - $100,40.47,0,1,Urban,0,Web,Womens E-Mail,0,0,0.0
18062,9,2) $100 - $200,163.86,0,1,Rural,1,Phone,No E-Mail,0,0,0.0
18088,1,1) $0 - $100,53.57,0,1,Surburban,0,Phone,No E-Mail,0,0,0.0
18102,6,1) $0 - $100,29.99,1,0,Surburban,0,Web,Mens E-Mail,0,0,0.0
18119,6,4) $350 - $500,370.53,1,0,Urban,0,Multichannel,Mens E-Mail,1,0,0.0
18130,3,4) $350 - $500,411.06,1,1,Rural,0,Multichannel,No E-Mail,0,0,0.0
18149,7,1) $0 - $100,79.15,1,0,Rural,0,Phone,No E-Mail,0,0,0.0
18159,6,2) $100 - $200,188.92,0,1,Urban,0,Phone,No E-Mail,0,0,0.0
18175,6,1) $0 - $100,81.61,0,1,Surburban,1,Phone,Womens E-Mail,0,0,0.0
18186,4,4) $350 - $500,399.38,0,1,Surburban,0,Multichannel,Mens E-Mail,0,0,0.0
18190,1,1) $0 - $100,29.99,1,0,Surburban,0,Phone,Womens E-Mail,0,0,0.0
18196,9,2) $100 - $200,101.45,1,0,Surburban,1,Web,No E-Mail,1,0,0.0
18207,2,4) $350 - $500,357.16,0,1,Surburban,0,Phone,No E-Mail,0,0,0.0
18217,9,5) $500 - $750,541.59,1,0,Surburban,1,Web,Mens E-Mail,0,0,0.0
18223,6,5) $500 - $750,536.39,1,0,Urban,1,Multichannel,Womens E-Mail,0,0,0.0
18241,8,1) $0 - $100,90.87,0,1,Rural,1,Phone,No E-Mail,0,0,0.0
18254,10,1) $0 - $100,38.05,0,1,Surburban,1,Web,No E-Mail,0,0,0.0
18261,5,1) $0 - $100,33.47,1,0,Surburban,1,Phone,Womens E-Mail,0,0,0.0
18273,4,4) $350 - $500,380.61,0,1,Urban,0,Web,No E-Mail,0,0,0.0
18279,5,1) $0 - $100,29.99,1,0,Surburban,0,Phone,Mens E-Mail,0,0,0.0
18291,8,3) $200 - $350,341.41,1,1,Urban,1,Multichannel,Mens E-Mail,0,0,0.0
18299,1,"6) $750 - $1,000",792.21,1,0,Urban,1,Multichannel,Mens E-Mail,0,0,0.0
18320,2,1) $0 - $100,29.99,0,1,Surburban,1,Web,Mens E-Mail,0,0,0.0
18330,1,"6) $750 - $1,000",806.82,0,1,Rural,1,Multichannel,No E-Mail,0,0,0.0
18336,6,1) $0 - $100,65.62,1,0,Surburban,0,Web,Mens E-Mail,1,0,0.0
18347,10,2) $100 - $200,154.87,1,0,Urban,1,Phone,Womens E-Mail,0,0,0.0
18353,7,3) $200 - $350,212.2,1,0,Urban,1,Multichannel,Mens E-Mail,0,0,0.0
18375,5,3) $200 - $350,259.82,1,0,Surburban,0,Web,Mens E-Mail,0,0,0.0
18381,3,1) $0 - $100,29.99,1,0,Surburban,0,Phone,Womens E-Mail,0,0,0.0
18385,3,1) $0 - $100,84.58,1,0,Urban,1,Phone,No E-Mail,0,0,0.0
18394,11,1) $0 - $100,66.49,0,1,Surburban,0,Phone,Womens E-Mail,0,0,0.0
18396,5,1) $0 - $100,40.36,0,1,Surburban,1,Web,Mens E-Mail,0,0,0.0
18400,10,4) $350 - $500,424.08,0,1,Urban,1,Multichannel,Womens E-Mail,0,0,0.0
18405,8,3) $200 - $350,247.7,1,0,Surburban,0,Multichannel,No E-Mail,0,0,0.0
18408,10,1) $0 - $100,42.0,1,0,Urban,0,Web,No E-Mail,0,0,0.0
18433,8,2) $100 - $200,171.88,1,0,Urban,0,Phone,Womens E-Mail,0,0,0.0
18438,12,2) $100 - $200,103.34,1,0,Surburban,1,Web,No E-Mail,0,0,0.0
18449,8,4) $350 - $500,416.27,1,1,Urban,1,Phone,Womens E-Mail,0,0,0.0
18450,6,1) $0 - $100,38.4,0,1,Surburban,0,Phone,Mens E-Mail,1,0,0.0
18458,9,3) $200 - $350,245.79,0,1,Surburban,0,Phone,Womens E-Mail,1,0,0.0
18471,5,1) $0 - $100,29.99,1,0,Rural,0,Web,No E-Mail,0,0,0.0
18485,11,1) $0 - $100,29.99,1,0,Urban,1,Web,Womens E-Mail,0,0,0.0
18486,2,3) $200 - $350,271.9,1,1,Rural,1,Multichannel,No E-Mail,0,0,0.0
18500,3,3) $200 - $350,348.04,1,0,Urban,0,Web,Mens E-Mail,1,0,0.0
18502,2,3) $200 - $350,213.86,1,0,Urban,0,Web,No E-Mail,0,0,0.0
18517,10,1) $0 - $100,29.99,1,0,Urban,1,Phone,No E-Mail,0,0,0.0
18518,12,1) $0 - $100,29.99,1,0,Urban,1,Phone,Womens E-Mail,0,0,0.0
18543,3,2) $100 - $200,156.07,1,0,Urban,1,Phone,Mens E-Mail,0,0,0.0
18544,1,"6) $750 - $1,000",998.73,1,0,Surburban,1,Web,Mens E-Mail,1,0,0.0
18555,3,4) $350 - $500,370.41,0,1,Rural,0,Web,Womens E-Mail,1,0,0.0
18566,4,1) $0 - $100,29.99,1,0,Urban,0,Web,Mens E-Mail,1,1,132.2
18588,11,3) $200 - $350,312.65,0,1,Urban,0,Web,No E-Mail,0,0,0.0
18590,2,3) $200 - $350,301.94,0,1,Urban,0,Web,No E-Mail,0,0,0.0
18591,11,2) $100 - $200,166.47,0,1,Urban,1,Web,Mens E-Mail,0,0,0.0
18601,3,2) $100 - $200,186.24,0,1,Urban,0,Web,Mens E-Mail,0,0,0.0
18607,9,1) $0 - $100,29.99,1,0,Surburban,1,Web,Womens E-Mail,0,0,0.0
18611,2,4) $350 - $500,389.66,0,1,Urban,0,Web,Mens E-Mail,0,0,0.0
18614,4,4) $350 - $500,374.56,0,1,Surburban,0,Phone,No E-Mail,0,0,0.0
18623,3,3) $200 - $350,272.66,0,1,Urban,1,Phone,Mens E-Mail,1,0,0.0
18626,7,1) $0 - $100,81.31,1,0,Surburban,0,Phone,No E-Mail,0,0,0.0
18636,2,1) $0 - $100,71.84,0,1,Surburban,1,Web,No E-Mail,0,0,0.0
18683,2,4) $350 - $500,351.59,1,0,Surburban,0,Phone,Womens E-Mail,0,0,0.0
18685,5,2) $100 - $200,194.77,0,1,Surburban,0,Phone,No E-Mail,0,0,0.0
18690,5,1) $0 - $100,29.99,0,1,Urban,1,Phone,No E-Mail,0,0,0.0
18702,9,1) $0 - $100,33.18,0,1,Surburban,1,Web,No E-Mail,0,0,0.0
18715,6,2) $100 - $200,143.6,1,0,Surburban,1,Web,Womens E-Mail,1,0,0.0
18732,1,2) $100 - $200,165.52,0,1,Surburban,1,Phone,Womens E-Mail,0,0,0.0
18734,1,3) $200 - $350,267.2,1,1,Urban,0,Multichannel,Mens E-Mail,0,0,0.0
18742,1,1) $0 - $100,78.24,1,0,Rural,0,Phone,Mens E-Mail,0,0,0.0
18751,3,"6) $750 - $1,000",876.64,1,0,Urban,1,Web,Womens E-Mail,0,0,0.0
18754,9,3) $200 - $350,232.0,0,1,Rural,1,Web,Womens E-Mail,0,0,0.0
18766,1,"7) $1,000 +",1794.13,1,0,Surburban,1,Web,Mens E-Mail,0,0,0.0
18772,1,2) $100 - $200,117.71,1,0,Surburban,1,Web,No E-Mail,0,0,0.0
18775,1,5) $500 - $750,557.94,1,0,Urban,1,Web,Womens E-Mail,0,0,0.0
18776,10,1) $0 - $100,35.4,0,1,Surburban,0,Phone,No E-Mail,0,0,0.0
18778,7,1) $0 - $100,29.99,1,0,Surburban,0,Web,Mens E-Mail,0,0,0.0
18782,1,1) $0 - $100,64.39,0,1,Rural,1,Phone,No E-Mail,1,0,0.0
18783,1,3) $200 - $350,341.32,1,1,Urban,0,Web,Mens E-Mail,1,0,0.0
18784,7,3) $200 - $350,235.93,1,1,Urban,1,Phone,No E-Mail,0,0,0.0
18794,8,2) $100 - $200,163.2,1,0,Surburban,0,Web,No E-Mail,0,0,0.0
18826,9,3) $200 - $350,252.88,0,1,Urban,0,Phone,No E-Mail,0,0,0.0
18843,8,3) $200 - $350,217.97,1,0,Rural,0,Multichannel,Mens E-Mail,0,0,0.0
18845,10,3) $200 - $350,275.43,0,1,Urban,0,Web,Mens E-Mail,0,0,0.0
18859,10,4) $350 - $500,361.14,0,1,Urban,1,Phone,Mens E-Mail,0,0,0.0
18866,11,1) $0 - $100,81.69,0,1,Urban,0,Phone,Womens E-Mail,0,0,0.0
18882,10,2) $100 - $200,108.6,1,0,Surburban,1,Phone,Womens E-Mail,0,0,0.0
18890,5,1) $0 - $100,29.99,1,0,Surburban,1,Phone,No E-Mail,0,0,0.0
18899,1,2) $100 - $200,147.7,1,0,Urban,0,Phone,Womens E-Mail,1,0,0.0
18909,1,2) $100 - $200,102.53,0,1,Surburban,1,Web,No E-Mail,0,0,0.0
18920,2,2) $100 - $200,139.69,1,0,Surburban,1,Web,No E-Mail,0,0,0.0
18921,4,2) $100 - $200,156.49,1,0,Urban,1,Phone,Womens E-Mail,0,0,0.0
18923,2,1) $0 - $100,60.05,0,1,Surburban,0,Phone,No E-Mail,1,0,0.0
18924,10,5) $500 - $750,660.8,1,0,Urban,1,Phone,No E-Mail,0,0,0.0
18930,1,3) $200 - $350,315.62,1,0,Urban,0,Web,Womens E-Mail,0,0,0.0
18931,5,3) $200 - $350,349.47,1,0,Urban,1,Phone,Womens E-Mail,0,0,0.0
18932,8,2) $100 - $200,197.63,1,0,Surburban,1,Phone,Womens E-Mail,0,0,0.0
18933,8,1) $0 - $100,87.56,0,1,Urban,1,Web,Womens E-Mail,0,0,0.0
18934,10,3) $200 - $350,204.59,1,0,Urban,0,Phone,Womens E-Mail,0,0,0.0
18935,3,3) $200 - $350,212.28,1,0,Rural,0,Phone,Mens E-Mail,0,0,0.0
18941,10,1) $0 - $100,61.57,0,1,Urban,0,Phone,Mens E-Mail,1,0,0.0
18944,4,4) $350 - $500,438.7,0,1,Surburban,0,Phone,Mens E-Mail,0,0,0.0
18956,4,1) $0 - $100,94.22,0,1,Urban,1,Phone,Mens E-Mail,0,0,0.0
18958,6,1) $0 - $100,29.99,1,0,Urban,0,Phone,Mens E-Mail,0,0,0.0
18963,3,1) $0 - $100,33.58,0,1,Surburban,0,Web,Womens E-Mail,0,0,0.0
18995,10,2) $100 - $200,138.65,0,1,Rural,0,Phone,Mens E-Mail,0,0,0.0
18997,3,3) $200 - $350,247.93,1,0,Rural,0,Phone,No E-Mail,0,0,0.0
19029,10,3) $200 - $350,234.73,0,1,Rural,0,Web,Womens E-Mail,0,0,0.0
19036,2,2) $100 - $200,130.4,0,1,Surburban,0,Web,No E-Mail,1,0,0.0
19038,3,4) $350 - $500,420.74,1,0,Surburban,0,Phone,Womens E-Mail,0,0,0.0
19055,1,5) $500 - $750,511.17,1,0,Urban,1,Multichannel,Mens E-Mail,0,0,0.0
19070,2,3) $200 - $350,279.53,0,1,Rural,1,Phone,No E-Mail,1,0,0.0
19072,8,2) $100 - $200,146.32,1,0,Surburban,0,Phone,Mens E-Mail,0,0,0.0
19073,2,2) $100 - $200,118.43,1,0,Urban,0,Phone,No E-Mail,0,0,0.0
19083,9,2) $100 - $200,155.48,1,0,Surburban,0,Phone,Mens E-Mail,0,0,0.0
19087,1,5) $500 - $750,699.31,0,1,Surburban,1,Multichannel,Mens E-Mail,0,0,0.0
19089,6,3) $200 - $350,271.1,1,1,Surburban,1,Phone,Mens E-Mail,1,0,0.0
19153,7,1) $0 - $100,89.05,1,0,Surburban,0,Phone,No E-Mail,0,0,0.0
19157,3,1) $0 - $100,48.52,0,1,Surburban,0,Phone,Mens E-Mail,0,0,0.0
19164,5,3) $200 - $350,259.99,0,1,Surburban,0,Phone,No E-Mail,0,0,0.0
19187,6,3) $200 - $350,236.64,0,1,Rural,0,Phone,Womens E-Mail,0,0,0.0
19195,10,1) $0 - $100,50.26,0,1,Surburban,1,Web,Mens E-Mail,0,0,0.0
19207,5,2) $100 - $200,107.3,0,1,Urban,1,Web,No E-Mail,0,0,0.0
19208,1,4) $350 - $500,459.28,0,1,Urban,0,Phone,Womens E-Mail,0,0,0.0
19213,1,1) $0 - $100,29.99,0,1,Surburban,1,Phone,Womens E-Mail,0,0,0.0
19220,1,2) $100 - $200,102.48,1,0,Surburban,1,Phone,Womens E-Mail,0,0,0.0
19232,4,3) $200 - $350,215.21,0,1,Urban,1,Multichannel,Mens E-Mail,0,0,0.0
19234,11,1) $0 - $100,61.34,0,1,Urban,1,Web,Mens E-Mail,0,0,0.0
19235,2,5) $500 - $750,562.76,1,1,Surburban,1,Phone,Womens E-Mail,0,0,0.0
19254,4,3) $200 - $350,348.21,0,1,Urban,0,Multichannel,Womens E-Mail,0,0,0.0
19259,2,3) $200 - $350,244.82,0,1,Rural,1,Web,Womens E-Mail,1,0,0.0
19280,10,1) $0 - $100,29.99,0,1,Surburban,0,Phone,Womens E-Mail,0,0,0.0
19287,1,1) $0 - $100,44.63,1,0,Urban,1,Web,Mens E-Mail,0,0,0.0
19301,2,2) $100 - $200,114.65,1,0,Surburban,1,Phone,Mens E-Mail,0,0,0.0
19302,2,"7) $1,000 +",1056.95,0,1,Urban,1,Phone,No E-Mail,0,0,0.0
19308,9,2) $100 - $200,166.05,0,1,Surburban,0,Web,Womens E-Mail,0,0,0.0
19326,9,1) $0 - $100,39.68,0,1,Surburban,1,Phone,No E-Mail,0,0,0.0
19329,6,2) $100 - $200,127.58,0,1,Surburban,1,Web,Womens E-Mail,1,0,0.0
19341,1,2) $100 - $200,103.32,1,0,Surburban,0,Web,Mens E-Mail,0,0,0.0
19374,9,2) $100 - $200,111.68,1,0,Surburban,1,Phone,Womens E-Mail,0,0,0.0
19413,7,3) $200 - $350,326.88,1,0,Urban,0,Phone,Womens E-Mail,0,0,0.0
19422,6,1) $0 - $100,99.99,1,0,Urban,0,Phone,Womens E-Mail,0,0,0.0
19439,9,4) $350 - $500,474.22,1,0,Urban,0,Phone,Mens E-Mail,0,0,0.0
19445,12,3) $200 - $350,330.77,1,0,Surburban,0,Web,Womens E-Mail,0,0,0.0
19447,2,5) $500 - $750,583.13,1,0,Surburban,1,Web,No E-Mail,0,0,0.0
19464,10,2) $100 - $200,113.93,0,1,Surburban,1,Web,No E-Mail,0,0,0.0
19467,2,2) $100 - $200,122.93,1,0,Surburban,1,Web,Mens E-Mail,1,0,0.0
19481,5,3) $200 - $350,205.6,1,0,Rural,0,Phone,No E-Mail,0,0,0.0
19482,5,1) $0 - $100,63.61,0,1,Urban,1,Phone,No E-Mail,0,0,0.0
19519,10,3) $200 - $350,281.35,1,1,Urban,1,Web,No E-Mail,0,0,0.0
19568,1,1) $0 - $100,29.99,0,1,Urban,0,Web,Womens E-Mail,1,0,0.0
19572,1,1) $0 - $100,29.99,1,0,Surburban,1,Web,No E-Mail,0,0,0.0
19573,6,3) $200 - $350,320.35,1,0,Surburban,0,Phone,Womens E-Mail,0,0,0.0
19581,1,3) $200 - $350,317.71,0,1,Surburban,1,Web,Womens E-Mail,0,0,0.0
19586,10,1) $0 - $100,91.54,0,1,Urban,0,Web,Mens E-Mail,0,0,0.0
19593,6,1) $0 - $100,82.93,0,1,Rural,1,Phone,Womens E-Mail,0,0,0.0
19604,4,1) $0 - $100,58.56,0,1,Urban,0,Web,Womens E-Mail,0,0,0.0
19610,2,1) $0 - $100,69.92,0,1,Surburban,0,Phone,Mens E-Mail,0,0,0.0
19623,9,3) $200 - $350,293.17,1,1,Surburban,0,Multichannel,Mens E-Mail,0,0,0.0
19625,6,4) $350 - $500,362.66,1,0,Urban,0,Web,Mens E-Mail,0,0,0.0
19639,9,4) $350 - $500,463.52,1,1,Urban,1,Multichannel,No E-Mail,0,0,0.0
19652,4,2) $100 - $200,116.88,0,1,Urban,1,Web,Mens E-Mail,0,0,0.0
19667,2,1) $0 - $100,68.34,0,1,Rural,1,Web,Womens E-Mail,0,0,0.0
19682,2,1) $0 - $100,54.74,0,1,Urban,0,Phone,Womens E-Mail,0,0,0.0
19696,4,1) $0 - $100,46.1,1,0,Surburban,0,Phone,Mens E-Mail,0,0,0.0
19712,1,1) $0 - $100,88.36,0,1,Surburban,0,Web,Womens E-Mail,1,0,0.0
19728,1,"6) $750 - $1,000",885.02,1,0,Surburban,1,Web,Womens E-Mail,0,0,0.0
19734,12,2) $100 - $200,176.58,1,0,Surburban,0,Phone,No E-Mail,0,0,0.0
19761,9,2) $100 - $200,143.84,1,0,Surburban,0,Phone,Mens E-Mail,0,0,0.0
19762,8,3) $200 - $350,205.89,1,0,Urban,0,Multichannel,No E-Mail,1,0,0.0
19771,1,5) $500 - $750,681.87,1,1,Surburban,1,Multichannel,Womens E-Mail,0,0,0.0
19778,3,5) $500 - $750,521.55,1,0,Urban,1,Multichannel,Womens E-Mail,0,0,0.0
19780,10,1) $0 - $100,29.99,1,0,Urban,0,Phone,No E-Mail,0,0,0.0
19789,1,4) $350 - $500,371.81,1,1,Rural,1,Multichannel,No E-Mail,1,0,0.0
19793,6,2) $100 - $200,110.77,1,0,Surburban,0,Web,No E-Mail,0,0,0.0
19799,10,4) $350 - $500,378.47,1,0,Urban,0,Phone,No E-Mail,0,0,0.0
19831,6,2) $100 - $200,147.81,0,1,Surburban,0,Web,No E-Mail,0,0,0.0
19843,2,1) $0 - $100,29.99,0,1,Urban,0,Web,Womens E-Mail,1,0,0.0
19848,1,1) $0 - $100,80.03,0,1,Urban,0,Phone,Womens E-Mail,0,0,0.0
19865,6,1) $0 - $100,53.8,0,1,Surburban,0,Web,No E-Mail,0,0,0.0
19874,9,1) $0 - $100,65.83,1,0,Rural,0,Web,Mens E-Mail,0,0,0.0
19899,6,3) $200 - $350,255.32,1,0,Urban,0,Phone,No E-Mail,0,0,0.0
19904,6,1) $0 - $100,29.99,0,1,Rural,0,Web,Mens E-Mail,0,0,0.0
19913,1,"7) $1,000 +",1113.09,0,1,Urban,1,Multichannel,Mens E-Mail,1,0,0.0
19919,8,1) $0 - $100,79.2,0,1,Surburban,0,Phone,Mens E-Mail,0,0,0.0
19921,3,1) $0 - $100,72.63,1,0,Surburban,1,Phone,Mens E-Mail,0,0,0.0
19923,6,1) $0 - $100,71.22,1,0,Urban,1,Phone,Mens E-Mail,1,0,0.0
19939,9,1) $0 - $100,64.87,0,1,Urban,0,Web,Womens E-Mail,0,0,0.0
19958,11,2) $100 - $200,106.79,1,0,Surburban,1,Web,Mens E-Mail,0,0,0.0
19961,7,3) $200 - $350,256.17,1,0,Urban,0,Phone,Womens E-Mail,1,0,0.0
19964,5,3) $200 - $350,343.36,0,1,Urban,0,Web,No E-Mail,0,0,0.0
19966,10,3) $200 - $350,339.18,1,0,Surburban,0,Phone,No E-Mail,0,0,0.0
19973,10,1) $0 - $100,96.09,0,1,Surburban,0,Phone,Womens E-Mail,0,0,0.0
19979,1,"6) $750 - $1,000",811.73,0,1,Urban,1,Web,Mens E-Mail,0,0,0.0
19998,9,1) $0 - $100,29.99,1,0,Surburban,0,Phone,No E-Mail,0,0,0.0
20019,6,1) $0 - $100,54.02,1,0,Urban,1,Web,No E-Mail,0,0,0.0
20028,3,2) $100 - $200,146.59,0,1,Surburban,0,Web,Mens E-Mail,0,0,0.0
20038,7,1) $0 - $100,29.99,1,0,Surburban,0,Phone,No E-Mail,0,0,0.0
20047,6,1) $0 - $100,92.95,0,1,Surburban,0,Web,No E-Mail,0,0,0.0
20050,2,2) $100 - $200,139.49,0,1,Surburban,0,Web,Womens E-Mail,1,0,0.0
20053,6,3) $200 - $350,302.37,0,1,Urban,0,Phone,No E-Mail,0,0,0.0
20058,4,2) $100 - $200,137.25,0,1,Urban,0,Web,No E-Mail,1,0,0.0
20066,5,1) $0 - $100,67.49,0,1,Rural,0,Phone,No E-Mail,0,0,0.0
20075,1,1) $0 - $100,78.81,0,1,Urban,0,Phone,No E-Mail,0,0,0.0
20079,6,4) $350 - $500,489.16,1,0,Urban,1,Multichannel,No E-Mail,0,0,0.0
20102,1,1) $0 - $100,85.94,1,0,Urban,1,Phone,Mens E-Mail,0,0,0.0
20105,7,2) $100 - $200,112.1,0,1,Surburban,0,Web,Mens E-Mail,1,0,0.0
20113,2,4) $350 - $500,395.8,1,0,Urban,0,Web,Womens E-Mail,1,0,0.0
20123,10,4) $350 - $500,382.14,1,1,Urban,1,Phone,Mens E-Mail,0,0,0.0
20140,10,2) $100 - $200,138.56,0,1,Surburban,1,Web,Mens E-Mail,0,0,0.0
20143,1,3) $200 - $350,240.52,1,0,Surburban,0,Phone,Womens E-Mail,0,0,0.0
20153,1,5) $500 - $750,570.62,0,1,Surburban,1,Multichannel,Mens E-Mail,0,0,0.0
20160,11,1) $0 - $100,97.58,0,1,Rural,1,Web,Womens E-Mail,0,0,0.0
20168,9,1) $0 - $100,76.26,1,0,Surburban,0,Web,Mens E-Mail,1,0,0.0
20178,1,5) $500 - $750,668.67,1,1,Urban,1,Phone,No E-Mail,0,0,0.0
20179,2,2) $100 - $200,144.57,1,0,Urban,0,Web,Mens E-Mail,0,0,0.0
20188,10,1) $0 - $100,35.39,0,1,Urban,1,Phone,Mens E-Mail,0,0,0.0
20191,7,3) $200 - $350,345.33,1,0,Urban,0,Phone,Womens E-Mail,0,0,0.0
20196,1,"6) $750 - $1,000",807.58,1,0,Urban,1,Web,Mens E-Mail,1,0,0.0
20206,7,1) $0 - $100,86.07,1,0,Urban,0,Web,No E-Mail,0,0,0.0
20207,11,1) $0 - $100,29.99,1,0,Surburban,0,Phone,Mens E-Mail,0,0,0.0
20209,1,1) $0 - $100,29.99,1,0,Urban,0,Phone,Mens E-Mail,1,0,0.0
20220,2,5) $500 - $750,718.01,1,1,Urban,1,Web,Womens E-Mail,1,0,0.0
20223,4,"6) $750 - $1,000",945.22,1,1,Rural,1,Phone,No E-Mail,0,0,0.0
20235,1,3) $200 - $350,253.23,0,1,Urban,0,Phone,No E-Mail,0,0,0.0
20240,10,4) $350 - $500,364.16,1,0,Urban,0,Phone,Womens E-Mail,1,0,0.0
20243,1,1) $0 - $100,83.85,1,0,Surburban,1,Phone,No E-Mail,0,0,0.0
20250,6,1) $0 - $100,29.99,0,1,Urban,0,Phone,Womens E-Mail,1,0,0.0
20292,1,5) $500 - $750,627.54,1,0,Surburban,1,Phone,Womens E-Mail,0,0,0.0
20303,10,1) $0 - $100,46.55,0,1,Urban,1,Web,Womens E-Mail,0,0,0.0
20320,2,1) $0 - $100,76.38,1,0,Surburban,1,Web,Mens E-Mail,0,0,0.0
20326,1,1) $0 - $100,29.99,1,0,Surburban,0,Phone,Womens E-Mail,0,0,0.0
20364,2,3) $200 - $350,232.42,0,1,Surburban,1,Web,Mens E-Mail,0,0,0.0
20368,7,1) $0 - $100,66.08,0,1,Surburban,1,Phone,Womens E-Mail,0,0,0.0
20381,7,2) $100 - $200,134.67,1,0,Urban,1,Web,Mens E-Mail,0,0,0.0
20401,5,1) $0 - $100,49.45,0,1,Surburban,0,Phone,Mens E-Mail,0,0,0.0
20404,1,5) $500 - $750,593.29,0,1,Rural,1,Multichannel,Womens E-Mail,1,0,0.0
20410,11,3) $200 - $350,307.07,1,1,Urban,1,Web,Mens E-Mail,0,0,0.0
20452,12,1) $0 - $100,58.16,0,1,Urban,0,Web,Womens E-Mail,0,0,0.0
20454,4,3) $200 - $350,317.56,0,1,Urban,1,Web,No E-Mail,0,0,0.0
20472,3,3) $200 - $350,320.18,0,1,Surburban,0,Multichannel,No E-Mail,1,0,0.0
20518,7,2) $100 - $200,145.62,1,0,Rural,1,Web,No E-Mail,1,0,0.0
20531,1,2) $100 - $200,163.9,1,0,Surburban,0,Phone,Womens E-Mail,0,0,0.0
20556,9,1) $0 - $100,98.06,1,0,Surburban,0,Web,No E-Mail,0,0,0.0
20561,4,3) $200 - $350,349.14,0,1,Surburban,0,Web,Womens E-Mail,0,0,0.0
20578,10,1) $0 - $100,45.88,1,0,Urban,1,Web,Womens E-Mail,0,0,0.0
20586,7,3) $200 - $350,242.01,0,1,Surburban,0,Phone,Womens E-Mail,0,0,0.0
20602,5,3) $200 - $350,229.01,0,1,Surburban,1,Phone,Womens E-Mail,0,0,0.0
20606,9,3) $200 - $350,344.89,1,0,Surburban,1,Phone,No E-Mail,0,0,0.0
20639,2,3) $200 - $350,267.11,0,1,Surburban,0,Web,Womens E-Mail,0,0,0.0
20642,1,2) $100 - $200,177.93,0,1,Urban,0,Web,Womens E-Mail,0,0,0.0
20643,10,1) $0 - $100,29.99,1,0,Surburban,1,Web,No E-Mail,0,0,0.0
20646,3,1) $0 - $100,89.48,0,1,Surburban,1,Web,Womens E-Mail,0,0,0.0
20659,4,1) $0 - $100,29.99,0,1,Urban,1,Web,Womens E-Mail,0,0,0.0
20666,10,4) $350 - $500,359.45,1,0,Rural,0,Web,Mens E-Mail,1,0,0.0
20677,1,2) $100 - $200,185.86,0,1,Urban,1,Phone,Mens E-Mail,0,0,0.0
20715,1,5) $500 - $750,703.43,0,1,Urban,1,Multichannel,Womens E-Mail,0,0,0.0
20728,5,1) $0 - $100,59.93,1,0,Surburban,1,Phone,Mens E-Mail,0,0,0.0
20732,4,4) $350 - $500,478.61,1,1,Surburban,0,Multichannel,No E-Mail,1,0,0.0
20781,8,1) $0 - $100,65.09,1,0,Rural,0,Web,No E-Mail,0,0,0.0
20793,3,1) $0 - $100,99.05,0,1,Urban,0,Phone,Mens E-Mail,0,0,0.0
20816,5,1) $0 - $100,66.47,0,1,Urban,1,Phone,Mens E-Mail,0,0,0.0
20823,8,3) $200 - $350,270.61,1,1,Urban,1,Phone,No E-Mail,0,0,0.0
20832,6,3) $200 - $350,316.98,1,0,Surburban,0,Phone,Womens E-Mail,0,0,0.0
20834,2,1) $0 - $100,50.6,0,1,Surburban,0,Web,Womens E-Mail,0,0,0.0
20844,1,1) $0 - $100,54.24,0,1,Urban,0,Web,Mens E-Mail,0,0,0.0
20845,9,2) $100 - $200,127.04,0,1,Surburban,1,Web,No E-Mail,0,0,0.0
20848,5,1) $0 - $100,29.99,1,0,Urban,0,Phone,Womens E-Mail,1,0,0.0
20865,8,2) $100 - $200,151.94,0,1,Surburban,1,Phone,Womens E-Mail,0,0,0.0
20871,7,5) $500 - $750,554.98,1,1,Surburban,1,Phone,No E-Mail,0,0,0.0
20872,5,5) $500 - $750,697.73,1,1,Urban,1,Web,No E-Mail,1,0,0.0
20877,10,3) $200 - $350,292.34,1,0,Urban,0,Web,No E-Mail,0,0,0.0
20879,1,4) $350 - $500,477.97,0,1,Surburban,0,Web,Womens E-Mail,0,0,0.0
20890,9,1) $0 - $100,29.99,1,0,Urban,1,Web,No E-Mail,0,0,0.0
20913,3,4) $350 - $500,358.31,1,0,Surburban,0,Web,No E-Mail,0,0,0.0
20914,5,1) $0 - $100,29.99,1,0,Rural,1,Phone,No E-Mail,0,0,0.0
20921,3,"6) $750 - $1,000",915.83,1,0,Urban,1,Multichannel,No E-Mail,0,0,0.0
20925,4,2) $100 - $200,112.41,0,1,Surburban,1,Phone,No E-Mail,0,0,0.0
20930,9,1) $0 - $100,29.99,0,1,Urban,0,Phone,Womens E-Mail,0,0,0.0
20945,8,1) $0 - $100,45.79,1,0,Urban,1,Phone,Mens E-Mail,0,0,0.0
20968,1,"6) $750 - $1,000",886.37,1,0,Surburban,1,Web,No E-Mail,1,0,0.0
20984,9,2) $100 - $200,180.53,0,1,Urban,1,Phone,Mens E-Mail,0,0,0.0
20993,3,3) $200 - $350,238.14,1,0,Surburban,0,Web,Womens E-Mail,0,0,0.0
21002,7,1) $0 - $100,29.99,1,0,Urban,1,Web,No E-Mail,0,0,0.0
21019,10,4) $350 - $500,474.18,1,0,Rural,0,Phone,Womens E-Mail,0,0,0.0
21024,10,3) $200 - $350,205.42,0,1,Urban,1,Web,No E-Mail,0,0,0.0
21028,2,1) $0 - $100,43.98,0,1,Urban,0,Phone,Womens E-Mail,0,0,0.0
21029,7,5) $500 - $750,620.81,0,1,Surburban,1,Phone,Mens E-Mail,0,0,0.0
21042,5,2) $100 - $200,181.8,1,0,Surburban,0,Web,Womens E-Mail,0,0,0.0
21046,7,2) $100 - $200,136.68,0,1,Urban,1,Web,Mens E-Mail,0,0,0.0
21071,2,4) $350 - $500,457.46,1,1,Rural,0,Web,Mens E-Mail,0,0,0.0
21072,1,4) $350 - $500,468.43,0,1,Urban,0,Multichannel,Mens E-Mail,0,0,0.0
21082,7,5) $500 - $750,550.23,1,0,Urban,1,Multichannel,Mens E-Mail,0,0,0.0
21087,3,3) $200 - $350,227.12,1,1,Surburban,1,Multichannel,Mens E-Mail,1,0,0.0
21098,10,1) $0 - $100,30.1,0,1,Urban,0,Phone,Mens E-Mail,0,0,0.0
21099,11,2) $100 - $200,121.1,0,1,Urban,0,Web,Mens E-Mail,1,0,0.0
21102,1,3) $200 - $350,326.61,0,1,Urban,0,Multichannel,Womens E-Mail,1,0,0.0
21107,7,2) $100 - $200,110.43,0,1,Rural,1,Phone,Mens E-Mail,0,0,0.0
21110,6,1) $0 - $100,37.23,0,1,Urban,1,Web,Mens E-Mail,0,0,0.0
21118,10,4) $350 - $500,368.27,1,1,Urban,0,Multichannel,Womens E-Mail,0,0,0.0
21134,3,3) $200 - $350,291.43,1,0,Surburban,0,Phone,No E-Mail,0,0,0.0
21136,6,5) $500 - $750,668.02,1,1,Rural,1,Web,Womens E-Mail,0,0,0.0
21143,1,3) $200 - $350,345.86,0,1,Surburban,0,Web,Womens E-Mail,0,0,0.0
21145,7,3) $200 - $350,286.9,1,0,Urban,1,Web,Mens E-Mail,0,0,0.0
21155,6,1) $0 - $100,31.88,0,1,Surburban,0,Phone,Womens E-Mail,0,0,0.0
21164,11,2) $100 - $200,169.89,0,1,Urban,1,Web,Womens E-Mail,0,0,0.0
21175,10,2) $100 - $200,157.16,1,0,Surburban,0,Phone,Womens E-Mail,0,0,0.0
21176,2,3) $200 - $350,334.55,0,1,Surburban,1,Phone,Womens E-Mail,0,0,0.0
21182,6,1) $0 - $100,99.42,0,1,Surburban,0,Web,Mens E-Mail,1,0,0.0
21205,9,2) $100 - $200,191.25,1,0,Rural,0,Web,Mens E-Mail,0,0,0.0
21253,3,5) $500 - $750,575.84,1,0,Surburban,1,Multichannel,No E-Mail,0,0,0.0
21258,1,2) $100 - $200,184.44,0,1,Surburban,1,Phone,Mens E-Mail,0,0,0.0
21262,3,3) $200 - $350,205.37,1,0,Surburban,0,Multichannel,No E-Mail,0,0,0.0
21279,6,3) $200 - $350,342.55,0,1,Rural,0,Web,Womens E-Mail,0,0,0.0
21281,9,3) $200 - $350,225.14,0,1,Surburban,0,Web,No E-Mail,0,0,0.0
21292,1,1) $0 - $100,29.99,0,1,Urban,0,Web,No E-Mail,0,0,0.0
21299,3,2) $100 - $200,153.93,0,1,Surburban,1,Phone,No E-Mail,0,0,0.0
21349,3,3) $200 - $350,234.59,1,1,Urban,1,Web,No E-Mail,0,0,0.0
21365,2,3) $200 - $350,282.47,1,1,Surburban,1,Multichannel,No E-Mail,1,1,96.28
21367,3,3) $200 - $350,234.92,0,1,Surburban,1,Phone,Mens E-Mail,0,0,0.0
21386,4,1) $0 - $100,68.95,1,0,Urban,0,Phone,Mens E-Mail,0,0,0.0
21390,8,2) $100 - $200,106.93,1,0,Surburban,1,Web,No E-Mail,0,0,0.0
21399,10,1) $0 - $100,48.11,1,0,Urban,0,Web,Mens E-Mail,1,0,0.0
21403,6,1) $0 - $100,79.37,0,1,Rural,1,Web,Mens E-Mail,0,0,0.0
21407,7,2) $100 - $200,134.48,1,0,Surburban,0,Phone,Mens E-Mail,0,0,0.0
21425,1,2) $100 - $200,102.48,0,1,Urban,0,Web,Womens E-Mail,0,0,0.0
21450,1,4) $350 - $500,378.23,0,1,Urban,0,Phone,No E-Mail,0,0,0.0
21452,1,4) $350 - $500,438.81,0,1,Rural,0,Web,No E-Mail,0,0,0.0
21458,10,1) $0 - $100,77.25,1,0,Surburban,0,Phone,Mens E-Mail,1,0,0.0
21471,10,3) $200 - $350,300.41,0,1,Urban,0,Web,Mens E-Mail,0,0,0.0
21499,9,1) $0 - $100,72.24,0,1,Surburban,0,Web,Mens E-Mail,0,0,0.0
21502,10,2) $100 - $200,121.15,0,1,Surburban,1,Phone,Womens E-Mail,0,0,0.0
21503,1,4) $350 - $500,460.16,1,0,Urban,0,Web,No E-Mail,0,0,0.0
21530,11,1) $0 - $100,29.99,0,1,Rural,0,Phone,No E-Mail,0,0,0.0
21550,1,"6) $750 - $1,000",893.23,1,0,Surburban,1,Multichannel,Womens E-Mail,0,0,0.0
21552,11,2) $100 - $200,170.46,1,0,Urban,1,Phone,No E-Mail,0,0,0.0
21562,9,2) $100 - $200,161.94,1,0,Rural,0,Web,Mens E-Mail,0,0,0.0
21563,6,1) $0 - $100,29.99,0,1,Surburban,1,Web,Mens E-Mail,1,0,0.0
21579,1,3) $200 - $350,202.57,0,1,Surburban,0,Multichannel,No E-Mail,0,0,0.0
21592,7,1) $0 - $100,84.41,0,1,Urban,0,Web,Womens E-Mail,0,0,0.0
21598,10,1) $0 - $100,29.99,0,1,Surburban,1,Web,Womens E-Mail,0,0,0.0
21614,2,1) $0 - $100,60.85,1,0,Surburban,0,Web,No E-Mail,0,0,0.0
21618,4,1) $0 - $100,37.04,1,0,Surburban,1,Web,Mens E-Mail,0,0,0.0
21620,10,1) $0 - $100,29.99,1,0,Urban,0,Phone,Womens E-Mail,0,0,0.0
21644,3,3) $200 - $350,222.24,0,1,Rural,0,Web,Mens E-Mail,1,0,0.0
21645,1,5) $500 - $750,637.87,1,1,Rural,1,Web,Womens E-Mail,0,0,0.0
21658,12,2) $100 - $200,128.16,0,1,Urban,0,Phone,No E-Mail,0,0,0.0
21666,1,4) $350 - $500,406.65,0,1,Surburban,0,Web,Mens E-Mail,0,0,0.0
21686,4,2) $100 - $200,162.03,1,0,Surburban,1,Phone,Womens E-Mail,0,0,0.0
21688,9,2) $100 - $200,146.79,1,0,Surburban,1,Phone,Mens E-Mail,0,0,0.0
21707,9,1) $0 - $100,40.9,0,1,Surburban,0,Phone,Mens E-Mail,0,0,0.0
21743,10,1) $0 - $100,29.99,0,1,Surburban,1,Web,Womens E-Mail,0,0,0.0
21746,10,3) $200 - $350,328.51,1,1,Urban,0,Web,No E-Mail,0,0,0.0
21747,8,2) $100 - $200,179.31,1,0,Surburban,0,Web,No E-Mail,0,0,0.0
21764,2,"7) $1,000 +",1372.46,1,0,Urban,1,Multichannel,Mens E-Mail,0,0,0.0
21767,8,4) $350 - $500,365.62,1,0,Urban,0,Web,No E-Mail,0,0,0.0
21783,9,2) $100 - $200,115.02,1,0,Surburban,1,Phone,No E-Mail,0,0,0.0
21832,1,4) $350 - $500,413.03,1,1,Urban,0,Multichannel,Mens E-Mail,0,0,0.0
21839,9,3) $200 - $350,215.2,1,0,Urban,1,Web,Mens E-Mail,0,0,0.0
21856,9,3) $200 - $350,289.47,1,1,Rural,1,Web,Mens E-Mail,0,0,0.0
21863,2,1) $0 - $100,57.54,0,1,Surburban,1,Web,No E-Mail,0,0,0.0
21865,10,1) $0 - $100,72.61,1,0,Surburban,0,Web,Mens E-Mail,0,0,0.0
21868,7,1) $0 - $100,65.44,0,1,Surburban,1,Phone,No E-Mail,0,0,0.0
21877,1,3) $200 - $350,251.04,0,1,Surburban,1,Multichannel,No E-Mail,0,0,0.0
21895,10,2) $100 - $200,116.09,1,0,Urban,1,Phone,No E-Mail,0,0,0.0
21924,10,1) $0 - $100,29.99,1,0,Rural,0,Phone,Womens E-Mail,0,0,0.0
21936,1,1) $0 - $100,98.98,0,1,Surburban,1,Web,Mens E-Mail,0,0,0.0
21943,7,3) $200 - $350,228.47,1,1,Rural,0,Phone,Mens E-Mail,1,0,0.0
21945,1,"7) $1,000 +",2126.23,0,1,Surburban,1,Multichannel,No E-Mail,0,0,0.0
21953,5,5) $500 - $750,511.35,1,0,Urban,1,Web,Mens E-Mail,1,0,0.0
21973,1,"7) $1,000 +",1865.48,1,1,Urban,1,Multichannel,Mens E-Mail,0,0,0.0
21981,8,2) $100 - $200,114.77,1,0,Surburban,0,Web,Womens E-Mail,0,0,0.0
21990,4,3) $200 - $350,224.11,1,0,Surburban,0,Web,No E-Mail,0,0,0.0
22005,3,3) $200 - $350,266.06,0,1,Surburban,0,Multichannel,Mens E-Mail,0,0,0.0
22007,8,3) $200 - $350,213.52,0,1,Surburban,0,Web,No E-Mail,0,0,0.0
22009,4,1) $0 - $100,43.61,0,1,Urban,0,Web,No E-Mail,0,0,0.0
22017,9,2) $100 - $200,147.25,0,1,Surburban,0,Web,Womens E-Mail,1,0,0.0
22028,6,3) $200 - $350,343.44,1,0,Urban,0,Multichannel,Womens E-Mail,0,0,0.0
22040,7,1) $0 - $100,77.65,1,0,Rural,0,Web,Womens E-Mail,0,0,0.0
22044,1,2) $100 - $200,177.75,0,1,Surburban,0,Phone,Mens E-Mail,0,0,0.0
22055,12,1) $0 - $100,29.99,1,0,Surburban,0,Phone,Mens E-Mail,0,0,0.0
22056,8,3) $200 - $350,295.41,0,1,Urban,1,Phone,Womens E-Mail,0,0,0.0
22057,1,1) $0 - $100,45.57,0,1,Surburban,0,Web,Mens E-Mail,0,0,0.0
22090,9,2) $100 - $200,132.37,1,0,Surburban,0,Web,Womens E-Mail,0,0,0.0
22097,10,3) $200 - $350,201.27,1,0,Urban,0,Phone,Womens E-Mail,0,0,0.0
22108,6,2) $100 - $200,104.18,1,0,Surburban,1,Phone,No E-Mail,0,0,0.0
22114,4,2) $100 - $200,142.67,0,1,Surburban,0,Phone,No E-Mail,0,0,0.0
22133,2,"6) $750 - $1,000",769.33,0,1,Urban,1,Multichannel,Womens E-Mail,0,0,0.0
22136,2,1) $0 - $100,29.99,0,1,Rural,0,Phone,No E-Mail,1,0,0.0
22154,7,1) $0 - $100,46.93,1,0,Surburban,1,Web,Womens E-Mail,0,0,0.0
22166,2,1) $0 - $100,34.26,1,0,Surburban,1,Web,Mens E-Mail,0,0,0.0
22168,3,4) $350 - $500,456.54,1,1,Surburban,1,Web,Mens E-Mail,0,0,0.0
22178,7,1) $0 - $100,29.99,0,1,Rural,0,Phone,No E-Mail,0,0,0.0
22185,1,3) $200 - $350,251.33,0,1,Surburban,1,Multichannel,Mens E-Mail,0,0,0.0
22201,3,3) $200 - $350,328.37,0,1,Surburban,0,Phone,Womens E-Mail,1,0,0.0
22222,1,2) $100 - $200,123.94,0,1,Surburban,0,Web,Mens E-Mail,0,0,0.0
22228,4,"6) $750 - $1,000",880.91,1,0,Urban,1,Web,Womens E-Mail,0,0,0.0
22265,1,5) $500 - $750,737.79,1,1,Urban,1,Web,Womens E-Mail,0,0,0.0
22268,7,2) $100 - $200,193.85,1,0,Urban,0,Phone,Womens E-Mail,0,0,0.0
22272,6,4) $350 - $500,396.86,1,1,Urban,0,Web,No E-Mail,0,0,0.0
22274,10,1) $0 - $100,43.72,0,1,Surburban,1,Phone,Mens E-Mail,0,0,0.0
22285,6,2) $100 - $200,146.41,1,0,Surburban,0,Phone,Mens E-Mail,0,0,0.0
22298,11,1) $0 - $100,50.25,1,0,Surburban,0,Web,Mens E-Mail,0,0,0.0
22301,3,2) $100 - $200,101.98,1,0,Surburban,1,Web,No E-Mail,0,0,0.0
22311,5,5) $500 - $750,724.57,0,1,Surburban,1,Multichannel,No E-Mail,0,0,0.0
22317,6,3) $200 - $350,332.22,1,1,Urban,0,Web,Womens E-Mail,0,0,0.0
22330,1,2) $100 - $200,111.19,0,1,Urban,0,Web,Womens E-Mail,0,0,0.0
22350,2,3) $200 - $350,245.36,0,1,Urban,1,Phone,No E-Mail,0,0,0.0
22357,9,1) $0 - $100,37.85,1,0,Urban,0,Web,Womens E-Mail,0,0,0.0
22364,8,3) $200 - $350,257.71,0,1,Surburban,0,Web,Mens E-Mail,0,0,0.0
22390,9,1) $0 - $100,29.99,1,0,Urban,1,Phone,Womens E-Mail,0,0,0.0
22400,6,2) $100 - $200,120.89,0,1,Surburban,0,Web,Womens E-Mail,0,0,0.0
22404,1,5) $500 - $750,552.0,1,0,Surburban,1,Phone,Womens E-Mail,0,0,0.0
22424,1,3) $200 - $350,234.36,1,1,Urban,0,Web,No E-Mail,0,0,0.0
22446,5,5) $500 - $750,583.04,1,1,Surburban,1,Phone,Womens E-Mail,0,0,0.0
22450,9,1) $0 - $100,29.99,0,1,Surburban,0,Phone,Mens E-Mail,0,0,0.0
22457,10,1) $0 - $100,47.32,1,0,Rural,1,Web,Womens E-Mail,0,0,0.0
22472,10,4) $350 - $500,350.58,0,1,Urban,0,Web,Womens E-Mail,1,0,0.0
22475,4,1) $0 - $100,29.99,1,0,Urban,1,Web,Womens E-Mail,0,0,0.0
22495,5,3) $200 - $350,346.22,1,1,Surburban,1,Phone,Womens E-Mail,0,0,0.0
22520,5,1) $0 - $100,29.99,1,0,Surburban,0,Phone,Womens E-Mail,0,0,0.0
22524,1,1) $0 - $100,29.99,0,1,Surburban,1,Web,Womens E-Mail,0,0,0.0
22537,2,5) $500 - $750,626.4,0,1,Surburban,1,Multichannel,Womens E-Mail,0,0,0.0
22615,4,4) $350 - $500,367.46,1,1,Urban,1,Multichannel,Womens E-Mail,0,0,0.0
22616,5,4) $350 - $500,399.42,1,1,Surburban,1,Phone,No E-Mail,1,0,0.0
22622,12,4) $350 - $500,390.8,1,1,Urban,0,Web,Womens E-Mail,0,0,0.0
22639,1,3) $200 - $350,346.45,1,1,Surburban,0,Phone,Womens E-Mail,0,0,0.0
22642,4,2) $100 - $200,148.57,1,0,Urban,0,Web,No E-Mail,0,0,0.0
22657,8,3) $200 - $350,256.69,1,0,Surburban,0,Web,Mens E-Mail,1,0,0.0
22660,2,5) $500 - $750,650.71,1,1,Surburban,1,Phone,No E-Mail,0,0,0.0
22669,5,3) $200 - $350,247.29,0,1,Surburban,0,Phone,No E-Mail,0,0,0.0
22674,11,1) $0 - $100,29.99,0,1,Surburban,0,Phone,Womens E-Mail,0,0,0.0
22675,9,4) $350 - $500,390.98,0,1,Urban,0,Phone,Mens E-Mail,1,0,0.0
22678,11,2) $100 - $200,187.92,1,0,Surburban,0,Phone,Womens E-Mail,0,0,0.0
22695,9,3) $200 - $350,306.14,1,1,Surburban,0,Web,No E-Mail,0,0,0.0
22697,5,3) $200 - $350,241.66,1,0,Urban,0,Web,Mens E-Mail,1,0,0.0
22700,1,1) $0 - $100,45.32,0,1,Surburban,0,Phone,Womens E-Mail,1,0,0.0
22704,1,1) $0 - $100,96.9,0,1,Surburban,0,Web,Mens E-Mail,0,0,0.0
22713,2,4) $350 - $500,365.88,1,0,Rural,1,Web,Womens E-Mail,0,0,0.0
22717,4,2) $100 - $200,156.94,1,0,Rural,0,Web,Mens E-Mail,0,0,0.0
22720,6,2) $100 - $200,158.02,0,1,Urban,0,Web,Womens E-Mail,0,0,0.0
22731,1,4) $350 - $500,462.45,0,1,Rural,0,Phone,Womens E-Mail,1,0,0.0
22741,6,1) $0 - $100,62.91,0,1,Urban,1,Phone,Womens E-Mail,0,0,0.0
22747,10,3) $200 - $350,331.2,1,0,Surburban,0,Web,No E-Mail,0,0,0.0
22754,2,3) $200 - $350,204.3,1,0,Surburban,1,Phone,No E-Mail,0,0,0.0
22759,9,1) $0 - $100,29.99,1,0,Surburban,0,Web,Womens E-Mail,0,0,0.0
22784,12,2) $100 - $200,165.53,1,0,Rural,1,Phone,No E-Mail,0,0,0.0
22789,4,1) $0 - $100,29.99,1,0,Urban,1,Web,No E-Mail,0,0,0.0
22795,5,3) $200 - $350,314.58,1,0,Surburban,0,Multichannel,Mens E-Mail,0,0,0.0
22796,5,2) $100 - $200,158.95,0,1,Rural,0,Phone,No E-Mail,0,0,0.0
22810,6,1) $0 - $100,85.03,0,1,Urban,1,Web,No E-Mail,0,0,0.0
22816,5,2) $100 - $200,133.2,1,0,Surburban,1,Web,Mens E-Mail,0,0,0.0
22834,10,1) $0 - $100,72.85,1,0,Rural,1,Web,Womens E-Mail,0,0,0.0
22841,3,1) $0 - $100,88.51,0,1,Urban,0,Phone,Womens E-Mail,0,0,0.0
22850,10,1) $0 - $100,40.44,0,1,Surburban,1,Web,Mens E-Mail,0,0,0.0
22855,2,5) $500 - $750,673.41,1,1,Urban,1,Multichannel,Mens E-Mail,0,0,0.0
22856,4,5) $500 - $750,745.39,1,0,Urban,1,Phone,Mens E-Mail,0,0,0.0
22857,6,"6) $750 - $1,000",802.74,1,1,Surburban,1,Multichannel,No E-Mail,0,0,0.0
22858,1,4) $350 - $500,451.44,1,0,Urban,0,Multichannel,No E-Mail,0,0,0.0
22860,1,5) $500 - $750,632.84,0,1,Rural,1,Phone,No E-Mail,0,0,0.0
22873,6,1) $0 - $100,30.34,0,1,Rural,0,Web,Mens E-Mail,0,0,0.0
22886,4,1) $0 - $100,62.21,0,1,Urban,0,Phone,Womens E-Mail,0,0,0.0
22890,10,1) $0 - $100,32.83,1,0,Surburban,0,Web,No E-Mail,0,0,0.0
22894,10,2) $100 - $200,105.84,1,0,Surburban,1,Phone,Womens E-Mail,0,0,0.0
22908,11,2) $100 - $200,163.48,1,0,Surburban,1,Phone,Mens E-Mail,0,0,0.0
22909,7,1) $0 - $100,92.95,0,1,Surburban,1,Phone,Mens E-Mail,0,0,0.0
22911,9,1) $0 - $100,42.78,0,1,Urban,0,Phone,No E-Mail,0,0,0.0
22914,6,5) $500 - $750,643.78,1,0,Urban,1,Multichannel,Mens E-Mail,0,0,0.0
22930,9,1) $0 - $100,46.37,0,1,Urban,1,Web,Womens E-Mail,0,0,0.0
22936,1,2) $100 - $200,193.84,1,0,Surburban,0,Web,No E-Mail,0,0,0.0
22945,7,1) $0 - $100,82.13,0,1,Surburban,0,Web,No E-Mail,0,0,0.0
22946,11,1) $0 - $100,29.99,1,0,Surburban,0,Web,Mens E-Mail,0,0,0.0
22954,2,2) $100 - $200,176.9,0,1,Urban,1,Phone,Womens E-Mail,1,0,0.0
22960,1,2) $100 - $200,162.47,0,1,Urban,0,Web,Womens E-Mail,0,0,0.0
22970,10,3) $200 - $350,244.44,0,1,Urban,1,Phone,Mens E-Mail,0,0,0.0
22998,8,4) $350 - $500,382.58,1,0,Urban,0,Phone,Mens E-Mail,1,0,0.0
22999,2,2) $100 - $200,173.0,0,1,Surburban,0,Web,No E-Mail,0,0,0.0
23008,9,2) $100 - $200,127.57,1,0,Urban,0,Phone,Mens E-Mail,0,0,0.0
23010,10,1) $0 - $100,29.99,1,0,Urban,1,Web,Womens E-Mail,0,0,0.0
23011,4,2) $100 - $200,147.43,1,0,Surburban,0,Web,No E-Mail,1,0,0.0
23020,8,1) $0 - $100,32.27,0,1,Urban,0,Phone,No E-Mail,1,0,0.0
23031,2,1) $0 - $100,29.99,0,1,Rural,0,Web,Womens E-Mail,1,0,0.0
23048,1,3) $200 - $350,251.57,0,1,Urban,0,Web,Mens E-Mail,0,0,0.0
23059,10,3) $200 - $350,323.7,1,0,Urban,1,Multichannel,Mens E-Mail,0,0,0.0
23065,2,1) $0 - $100,93.56,0,1,Urban,1,Phone,Mens E-Mail,0,0,0.0
23068,3,1) $0 - $100,29.99,1,0,Surburban,0,Phone,Womens E-Mail,0,0,0.0
23072,1,2) $100 - $200,108.42,1,0,Urban,1,Web,Womens E-Mail,0,0,0.0
23085,10,3) $200 - $350,315.72,0,1,Urban,0,Phone,No E-Mail,0,0,0.0
23088,1,5) $500 - $750,580.53,0,1,Urban,1,Multichannel,Womens E-Mail,1,0,0.0
23090,10,2) $100 - $200,152.03,1,0,Surburban,0,Web,No E-Mail,0,0,0.0
23108,6,1) $0 - $100,29.99,0,1,Urban,1,Web,No E-Mail,0,0,0.0
23112,9,5) $500 - $750,736.03,1,0,Urban,1,Phone,Mens E-Mail,0,0,0.0
23114,2,2) $100 - $200,134.85,0,1,Surburban,1,Web,Mens E-Mail,0,0,0.0
23127,3,1) $0 - $100,57.21,1,0,Surburban,0,Phone,Mens E-Mail,0,0,0.0
23137,12,2) $100 - $200,144.47,1,0,Rural,1,Phone,Womens E-Mail,0,0,0.0
23144,10,1) $0 - $100,34.98,1,0,Urban,0,Web,No E-Mail,0,0,0.0
23147,11,5) $500 - $750,548.91,1,0,Surburban,1,Phone,No E-Mail,0,0,0.0
23156,5,3) $200 - $350,201.65,0,1,Rural,0,Phone,Mens E-Mail,0,0,0.0
23157,1,1) $0 - $100,29.99,1,0,Surburban,1,Web,Mens E-Mail,0,0,0.0
23158,1,3) $200 - $350,272.22,1,0,Urban,1,Phone,No E-Mail,1,0,0.0
23169,5,1) $0 - $100,48.48,1,0,Urban,1,Web,Mens E-Mail,0,0,0.0
23171,2,2) $100 - $200,172.46,1,0,Urban,0,Phone,Womens E-Mail,0,0,0.0
23172,5,2) $100 - $200,103.64,1,0,Surburban,1,Phone,Womens E-Mail,0,0,0.0
23191,2,1) $0 - $100,70.93,1,0,Rural,1,Phone,No E-Mail,0,0,0.0
23195,2,1) $0 - $100,29.99,1,0,Urban,0,Web,Womens E-Mail,0,0,0.0
23196,1,1) $0 - $100,76.97,1,0,Surburban,1,Web,Mens E-Mail,0,0,0.0
23202,1,1) $0 - $100,62.45,1,0,Surburban,0,Web,Womens E-Mail,0,0,0.0
23205,10,2) $100 - $200,178.2,1,0,Urban,0,Phone,No E-Mail,0,0,0.0
23208,8,3) $200 - $350,207.98,0,1,Surburban,0,Web,Mens E-Mail,0,0,0.0
23216,5,3) $200 - $350,218.43,1,0,Urban,1,Web,No E-Mail,1,0,0.0
23219,2,4) $350 - $500,397.08,0,1,Urban,0,Web,Mens E-Mail,0,0,0.0
23233,10,1) $0 - $100,48.83,0,1,Surburban,1,Phone,No E-Mail,0,0,0.0
23234,2,4) $350 - $500,460.75,1,1,Urban,0,Web,Mens E-Mail,0,0,0.0
23270,2,1) $0 - $100,29.99,1,0,Surburban,1,Phone,Womens E-Mail,0,0,0.0
23279,10,2) $100 - $200,182.67,0,1,Urban,1,Web,No E-Mail,0,0,0.0
23284,8,1) $0 - $100,29.99,1,0,Urban,1,Web,Mens E-Mail,0,0,0.0
23311,6,1) $0 - $100,47.36,0,1,Urban,0,Web,Womens E-Mail,1,0,0.0
23316,10,1) $0 - $100,29.99,0,1,Rural,1,Web,Womens E-Mail,0,0,0.0
23321,4,2) $100 - $200,140.6,1,0,Rural,1,Phone,No E-Mail,0,0,0.0
23337,1,5) $500 - $750,500.47,1,0,Surburban,1,Phone,Womens E-Mail,0,0,0.0
23352,8,3) $200 - $350,332.13,1,0,Surburban,0,Web,Womens E-Mail,0,0,0.0
23355,9,3) $200 - $350,295.99,1,1,Surburban,0,Phone,Mens E-Mail,0,0,0.0
23382,8,3) $200 - $350,327.55,1,0,Surburban,0,Web,No E-Mail,0,0,0.0
23401,2,2) $100 - $200,157.45,1,0,Rural,0,Phone,Mens E-Mail,0,0,0.0
23404,11,1) $0 - $100,77.65,0,1,Surburban,0,Web,No E-Mail,0,0,0.0
23409,9,3) $200 - $350,221.84,1,1,Urban,0,Web,Womens E-Mail,0,0,0.0
23413,5,4) $350 - $500,406.35,1,0,Urban,0,Multichannel,Womens E-Mail,0,0,0.0
23423,1,3) $200 - $350,267.79,0,1,Surburban,0,Phone,Mens E-Mail,0,0,0.0
23441,7,1) $0 - $100,60.19,1,0,Surburban,1,Phone,Womens E-Mail,0,0,0.0
23442,6,1) $0 - $100,36.26,1,0,Urban,0,Phone,Womens E-Mail,0,0,0.0
23453,5,3) $200 - $350,274.56,0,1,Urban,1,Phone,No E-Mail,0,0,0.0
23460,3,2) $100 - $200,191.18,0,1,Urban,1,Web,No E-Mail,0,0,0.0
23467,1,"6) $750 - $1,000",752.65,1,1,Surburban,1,Web,Mens E-Mail,0,0,0.0
23482,6,1) $0 - $100,38.93,1,0,Urban,0,Phone,No E-Mail,0,0,0.0
23488,7,1) $0 - $100,38.41,1,0,Rural,0,Phone,Mens E-Mail,1,0,0.0
23490,2,3) $200 - $350,326.45,0,1,Urban,1,Multichannel,No E-Mail,0,0,0.0
23498,9,1) $0 - $100,29.99,0,1,Surburban,1,Web,No E-Mail,0,0,0.0
23510,7,1) $0 - $100,64.0,1,0,Urban,1,Web,Mens E-Mail,0,0,0.0
23521,9,2) $100 - $200,178.78,0,1,Urban,0,Web,Mens E-Mail,0,0,0.0
23531,8,1) $0 - $100,36.5,0,1,Urban,0,Phone,No E-Mail,0,0,0.0
23532,10,3) $200 - $350,302.59,0,1,Urban,0,Web,Mens E-Mail,0,0,0.0
23533,4,1) $0 - $100,70.05,0,1,Rural,1,Phone,Womens E-Mail,0,0,0.0
23550,1,1) $0 - $100,40.43,1,0,Surburban,1,Phone,No E-Mail,0,0,0.0
23558,11,3) $200 - $350,269.34,1,1,Surburban,0,Web,Mens E-Mail,1,0,0.0
23575,10,1) $0 - $100,41.02,0,1,Rural,1,Phone,Mens E-Mail,0,0,0.0
23597,5,5) $500 - $750,612.39,1,1,Surburban,1,Phone,Womens E-Mail,0,0,0.0
23602,12,1) $0 - $100,35.01,0,1,Urban,1,Phone,No E-Mail,0,0,0.0
23604,1,1) $0 - $100,29.99,0,1,Rural,1,Phone,Womens E-Mail,1,0,0.0
23605,5,4) $350 - $500,411.15,1,1,Surburban,1,Phone,No E-Mail,0,0,0.0
23610,5,3) $200 - $350,249.12,1,1,Urban,0,Web,Womens E-Mail,0,0,0.0
23647,7,2) $100 - $200,112.91,1,0,Urban,1,Phone,No E-Mail,0,0,0.0
23651,3,4) $350 - $500,404.56,0,1,Rural,0,Multichannel,No E-Mail,0,0,0.0
23655,12,2) $100 - $200,115.22,0,1,Rural,0,Web,Mens E-Mail,1,0,0.0
23658,7,5) $500 - $750,594.22,0,1,Surburban,1,Phone,No E-Mail,0,0,0.0
23659,10,1) $0 - $100,51.39,1,0,Surburban,1,Phone,Womens E-Mail,0,0,0.0
23660,10,5) $500 - $750,579.8,1,1,Urban,1,Phone,Mens E-Mail,0,0,0.0
23665,6,3) $200 - $350,204.07,1,0,Surburban,0,Web,Womens E-Mail,0,0,0.0
23673,1,3) $200 - $350,258.88,1,0,Surburban,0,Multichannel,Womens E-Mail,0,0,0.0
23706,5,2) $100 - $200,162.97,1,0,Urban,1,Phone,No E-Mail,0,0,0.0
23711,10,1) $0 - $100,56.32,0,1,Urban,1,Phone,No E-Mail,0,0,0.0
23715,9,1) $0 - $100,29.99,1,0,Rural,1,Phone,Womens E-Mail,0,0,0.0
23721,2,4) $350 - $500,456.25,1,1,Urban,1,Multichannel,Mens E-Mail,0,0,0.0
23726,10,1) $0 - $100,29.99,1,0,Surburban,1,Web,Mens E-Mail,0,0,0.0
23729,1,"7) $1,000 +",1230.45,1,1,Surburban,1,Web,Mens E-Mail,1,0,0.0
23754,10,1) $0 - $100,29.99,0,1,Rural,1,Web,No E-Mail,0,0,0.0
23757,5,2) $100 - $200,147.64,1,0,Surburban,1,Web,Womens E-Mail,0,0,0.0
23763,4,2) $100 - $200,106.09,0,1,Surburban,0,Phone,Womens E-Mail,0,0,0.0
23764,10,3) $200 - $350,261.39,0,1,Surburban,0,Web,Womens E-Mail,0,0,0.0
23765,11,2) $100 - $200,175.19,1,0,Urban,1,Web,No E-Mail,0,0,0.0
23771,5,1) $0 - $100,98.66,1,0,Surburban,1,Web,Mens E-Mail,0,0,0.0
23774,1,"6) $750 - $1,000",825.09,1,1,Rural,1,Phone,Mens E-Mail,0,0,0.0
23789,9,2) $100 - $200,137.01,1,0,Surburban,0,Web,No E-Mail,0,0,0.0
23813,10,3) $200 - $350,228.78,1,0,Urban,1,Web,Mens E-Mail,1,0,0.0
23819,9,1) $0 - $100,37.84,0,1,Urban,1,Phone,Womens E-Mail,0,0,0.0
23823,1,1) $0 - $100,29.99,1,0,Rural,1,Web,Womens E-Mail,0,0,0.0
23826,10,1) $0 - $100,39.93,0,1,Rural,0,Web,Womens E-Mail,0,0,0.0
23827,10,2) $100 - $200,166.1,0,1,Rural,0,Web,Mens E-Mail,0,0,0.0
23831,8,1) $0 - $100,29.99,1,0,Urban,0,Web,No E-Mail,0,0,0.0
23841,4,2) $100 - $200,112.55,1,0,Surburban,1,Web,Mens E-Mail,0,0,0.0
23845,10,3) $200 - $350,301.8,1,0,Urban,0,Web,No E-Mail,0,0,0.0
23857,1,3) $200 - $350,212.71,0,1,Urban,0,Phone,Womens E-Mail,0,0,0.0
23869,2,5) $500 - $750,544.58,1,1,Urban,1,Multichannel,Womens E-Mail,0,0,0.0
23894,8,1) $0 - $100,29.99,1,0,Rural,0,Phone,No E-Mail,0,0,0.0
23908,4,5) $500 - $750,621.77,0,1,Rural,1,Web,Mens E-Mail,0,0,0.0
23920,4,2) $100 - $200,144.47,1,0,Surburban,0,Phone,Mens E-Mail,0,0,0.0
23924,3,1) $0 - $100,91.21,1,0,Rural,1,Phone,No E-Mail,0,0,0.0
23932,2,1) $0 - $100,68.1,1,0,Urban,1,Phone,Womens E-Mail,1,0,0.0
23969,9,3) $200 - $350,224.61,1,1,Rural,0,Web,Womens E-Mail,1,0,0.0
23975,5,3) $200 - $350,260.62,0,1,Surburban,0,Phone,Mens E-Mail,0,0,0.0
23995,9,4) $350 - $500,353.18,1,1,Urban,1,Phone,Womens E-Mail,0,0,0.0
24001,5,3) $200 - $350,218.47,1,1,Urban,0,Phone,Womens E-Mail,0,0,0.0
24003,1,5) $500 - $750,734.07,0,1,Urban,1,Phone,Mens E-Mail,0,0,0.0
24028,9,2) $100 - $200,178.46,0,1,Surburban,0,Web,No E-Mail,0,0,0.0
24030,5,1) $0 - $100,29.99,1,0,Surburban,0,Web,No E-Mail,0,0,0.0
24045,4,1) $0 - $100,66.68,1,0,Surburban,0,Phone,Womens E-Mail,0,0,0.0
24055,1,2) $100 - $200,110.91,1,0,Urban,0,Web,Womens E-Mail,0,0,0.0
24061,9,2) $100 - $200,100.55,0,1,Rural,0,Phone,Womens E-Mail,0,0,0.0
24082,1,4) $350 - $500,386.21,1,0,Surburban,1,Multichannel,Mens E-Mail,0,0,0.0
24083,3,1) $0 - $100,29.99,1,0,Surburban,0,Web,Mens E-Mail,0,0,0.0
24090,7,3) $200 - $350,285.43,0,1,Surburban,0,Web,No E-Mail,0,0,0.0
24099,4,1) $0 - $100,34.27,1,0,Surburban,1,Web,Womens E-Mail,0,0,0.0
24106,11,2) $100 - $200,123.52,0,1,Surburban,1,Phone,No E-Mail,0,0,0.0
24111,8,3) $200 - $350,279.03,1,1,Surburban,0,Phone,No E-Mail,0,0,0.0
24113,4,1) $0 - $100,89.16,0,1,Rural,1,Web,No E-Mail,0,0,0.0
24119,5,2) $100 - $200,154.19,0,1,Surburban,0,Web,Mens E-Mail,0,0,0.0
24127,3,5) $500 - $750,542.09,0,1,Urban,1,Web,Mens E-Mail,0,0,0.0
24130,10,1) $0 - $100,72.44,1,0,Surburban,1,Web,Mens E-Mail,0,0,0.0
24131,6,1) $0 - $100,29.99,1,0,Urban,1,Phone,Mens E-Mail,0,0,0.0
24138,1,3) $200 - $350,260.35,1,0,Urban,1,Web,No E-Mail,0,0,0.0
24143,1,2) $100 - $200,199.28,0,1,Surburban,0,Phone,No E-Mail,0,0,0.0
24148,5,5) $500 - $750,586.24,0,1,Urban,1,Phone,No E-Mail,0,0,0.0
24160,4,1) $0 - $100,37.34,1,0,Surburban,1,Phone,No E-Mail,0,0,0.0
24163,8,1) $0 - $100,29.99,1,0,Surburban,0,Phone,Mens E-Mail,0,0,0.0
24164,1,4) $350 - $500,464.39,0,1,Urban,0,Multichannel,Mens E-Mail,0,0,0.0
24168,3,"7) $1,000 +",1131.4,0,1,Surburban,1,Multichannel,Mens E-Mail,0,0,0.0
24184,1,4) $350 - $500,392.83,0,1,Urban,0,Phone,Mens E-Mail,0,0,0.0
24186,1,4) $350 - $500,451.36,0,1,Surburban,0,Web,No E-Mail,0,0,0.0
24191,5,4) $350 - $500,356.66,1,0,Surburban,1,Web,No E-Mail,0,0,0.0
24207,7,1) $0 - $100,29.99,1,0,Surburban,0,Web,No E-Mail,0,0,0.0
24208,2,5) $500 - $750,642.14,1,1,Urban,1,Web,No E-Mail,0,0,0.0
24211,2,3) $200 - $350,210.09,1,1,Rural,0,Multichannel,No E-Mail,1,0,0.0
24229,7,1) $0 - $100,40.94,0,1,Urban,0,Web,No E-Mail,0,0,0.0
24231,1,1) $0 - $100,66.88,1,0,Surburban,0,Web,Womens E-Mail,0,0,0.0
24237,9,2) $100 - $200,116.9,0,1,Urban,1,Phone,Mens E-Mail,0,0,0.0
24242,1,5) $500 - $750,535.43,1,0,Urban,1,Multichannel,Womens E-Mail,0,0,0.0
24245,9,2) $100 - $200,149.18,1,0,Surburban,0,Phone,No E-Mail,1,0,0.0
24246,2,5) $500 - $750,590.91,1,0,Urban,1,Multichannel,Mens E-Mail,0,0,0.0
24249,2,2) $100 - $200,180.82,1,0,Urban,1,Phone,Womens E-Mail,0,0,0.0
24253,7,2) $100 - $200,121.27,0,1,Surburban,1,Phone,Womens E-Mail,0,0,0.0
24254,2,5) $500 - $750,503.9,1,1,Urban,1,Multichannel,Womens E-Mail,1,1,192.83
24259,11,2) $100 - $200,157.04,0,1,Surburban,0,Web,Womens E-Mail,0,0,0.0
24272,11,2) $100 - $200,162.16,1,0,Urban,0,Web,No E-Mail,0,0,0.0
24278,1,4) $350 - $500,419.62,1,1,Surburban,0,Multichannel,Mens E-Mail,1,1,57.73
24279,11,1) $0 - $100,82.03,0,1,Urban,0,Phone,Mens E-Mail,0,0,0.0
24281,2,3) $200 - $350,272.14,1,0,Urban,0,Web,Womens E-Mail,0,0,0.0
24295,1,3) $200 - $350,316.17,1,1,Rural,0,Phone,Mens E-Mail,1,0,0.0
24319,10,2) $100 - $200,197.78,1,0,Urban,1,Web,Mens E-Mail,0,0,0.0
24335,5,4) $350 - $500,390.98,1,1,Urban,0,Web,Mens E-Mail,1,0,0.0
24337,6,1) $0 - $100,29.99,1,0,Surburban,1,Web,Womens E-Mail,0,0,0.0
24373,1,1) $0 - $100,85.84,0,1,Urban,1,Web,No E-Mail,0,0,0.0
24377,10,1) $0 - $100,89.58,0,1,Surburban,0,Phone,Womens E-Mail,1,0,0.0
24386,5,"6) $750 - $1,000",753.55,0,1,Surburban,1,Web,No E-Mail,0,0,0.0
24390,2,3) $200 - $350,347.13,1,0,Urban,0,Web,Mens E-Mail,0,0,0.0
24404,10,1) $0 - $100,29.99,1,0,Surburban,0,Phone,No E-Mail,0,0,0.0
24412,10,2) $100 - $200,103.61,0,1,Rural,1,Web,No E-Mail,0,0,0.0
24443,6,4) $350 - $500,447.54,0,1,Surburban,0,Phone,No E-Mail,0,0,0.0
24479,5,3) $200 - $350,201.36,1,1,Surburban,0,Web,Womens E-Mail,1,0,0.0
24493,7,3) $200 - $350,242.04,0,1,Surburban,1,Phone,Womens E-Mail,0,0,0.0
24497,8,1) $0 - $100,52.06,0,1,Surburban,1,Web,Mens E-Mail,1,0,0.0
24504,9,5) $500 - $750,504.28,0,1,Urban,1,Web,No E-Mail,1,0,0.0
24519,7,2) $100 - $200,165.29,0,1,Surburban,0,Web,Mens E-Mail,0,0,0.0
24521,9,1) $0 - $100,82.58,1,0,Urban,1,Phone,Womens E-Mail,0,0,0.0
24524,2,5) $500 - $750,681.7,1,1,Rural,1,Multichannel,Womens E-Mail,1,0,0.0
24528,9,2) $100 - $200,173.46,1,0,Surburban,0,Phone,Mens E-Mail,0,0,0.0
24533,4,2) $100 - $200,132.86,1,0,Urban,1,Phone,No E-Mail,0,0,0.0
24538,7,1) $0 - $100,99.26,1,0,Urban,0,Web,Mens E-Mail,0,0,0.0
24546,4,4) $350 - $500,486.58,0,1,Rural,1,Phone,No E-Mail,0,0,0.0
24550,1,1) $0 - $100,29.99,1,0,Urban,0,Phone,No E-Mail,0,0,0.0
24562,11,2) $100 - $200,110.67,1,0,Surburban,1,Web,Womens E-Mail,1,0,0.0
24565,10,2) $100 - $200,151.47,1,0,Surburban,1,Web,No E-Mail,0,0,0.0
24569,3,2) $100 - $200,107.48,0,1,Urban,1,Phone,Mens E-Mail,0,0,0.0
24573,12,2) $100 - $200,112.24,1,0,Surburban,1,Phone,No E-Mail,0,0,0.0
24575,1,1) $0 - $100,38.13,1,0,Surburban,1,Phone,No E-Mail,1,0,0.0
24580,10,2) $100 - $200,198.82,0,1,Urban,0,Phone,Womens E-Mail,0,0,0.0
24585,5,1) $0 - $100,50.59,1,0,Urban,1,Web,Womens E-Mail,0,0,0.0
24598,2,1) $0 - $100,36.05,1,0,Urban,1,Web,Womens E-Mail,0,0,0.0
24608,4,3) $200 - $350,219.9,1,1,Surburban,0,Web,No E-Mail,0,0,0.0
24621,7,1) $0 - $100,29.99,0,1,Surburban,1,Web,Womens E-Mail,0,0,0.0
24622,10,1) $0 - $100,71.0,0,1,Urban,0,Phone,No E-Mail,0,0,0.0
24630,1,1) $0 - $100,29.99,1,0,Urban,0,Web,Womens E-Mail,0,0,0.0
24647,7,1) $0 - $100,68.29,1,0,Surburban,0,Web,No E-Mail,0,0,0.0
24649,7,1) $0 - $100,67.7,1,0,Surburban,0,Phone,Mens E-Mail,0,0,0.0
24656,8,2) $100 - $200,131.97,0,1,Urban,1,Phone,Womens E-Mail,1,0,0.0
24675,6,2) $100 - $200,161.11,0,1,Surburban,0,Web,Mens E-Mail,0,0,0.0
24683,1,1) $0 - $100,29.99,0,1,Urban,0,Web,Mens E-Mail,0,0,0.0
24684,8,1) $0 - $100,31.76,1,0,Surburban,1,Web,Mens E-Mail,0,0,0.0
24691,5,2) $100 - $200,155.49,0,1,Surburban,0,Phone,Mens E-Mail,0,0,0.0
24693,4,1) $0 - $100,29.99,0,1,Rural,0,Web,Mens E-Mail,0,0,0.0
24695,8,1) $0 - $100,47.43,0,1,Surburban,1,Phone,Mens E-Mail,0,0,0.0
24699,2,1) $0 - $100,73.59,0,1,Surburban,1,Web,Womens E-Mail,0,0,0.0
24731,1,4) $350 - $500,428.89,1,1,Surburban,1,Web,Womens E-Mail,0,0,0.0
24733,9,2) $100 - $200,136.06,0,1,Surburban,1,Phone,Mens E-Mail,0,0,0.0
24734,10,1) $0 - $100,29.99,1,0,Surburban,0,Web,No E-Mail,0,0,0.0
24746,6,3) $200 - $350,324.77,0,1,Urban,1,Web,No E-Mail,1,0,0.0
24752,9,3) $200 - $350,271.63,1,1,Surburban,0,Phone,Mens E-Mail,0,0,0.0
24760,2,"6) $750 - $1,000",895.1,0,1,Rural,1,Phone,Womens E-Mail,0,0,0.0
24761,5,1) $0 - $100,95.0,0,1,Urban,1,Web,No E-Mail,0,0,0.0
24779,3,1) $0 - $100,46.69,0,1,Surburban,0,Web,Mens E-Mail,0,0,0.0
24789,4,2) $100 - $200,183.49,1,0,Surburban,0,Phone,Womens E-Mail,0,0,0.0
24799,9,1) $0 - $100,70.97,1,0,Urban,0,Phone,No E-Mail,0,0,0.0
24803,4,2) $100 - $200,105.68,0,1,Surburban,0,Web,No E-Mail,0,0,0.0
24814,2,"6) $750 - $1,000",766.77,0,1,Urban,1,Phone,Womens E-Mail,0,0,0.0
24821,11,2) $100 - $200,152.02,1,0,Rural,0,Web,Womens E-Mail,0,0,0.0
24825,8,1) $0 - $100,53.79,0,1,Surburban,0,Web,No E-Mail,0,0,0.0
24834,1,3) $200 - $350,208.89,0,1,Urban,0,Phone,Womens E-Mail,0,0,0.0
24861,6,3) $200 - $350,322.48,1,0,Urban,0,Phone,Womens E-Mail,0,0,0.0
24867,3,5) $500 - $750,676.41,1,1,Rural,1,Web,No E-Mail,0,0,0.0
24868,8,1) $0 - $100,40.72,0,1,Surburban,0,Phone,Womens E-Mail,0,0,0.0
24869,11,1) $0 - $100,43.85,0,1,Surburban,0,Phone,Mens E-Mail,0,0,0.0
24877,1,4) $350 - $500,379.35,1,0,Urban,0,Web,Mens E-Mail,1,0,0.0
24883,7,1) $0 - $100,29.99,0,1,Surburban,1,Phone,No E-Mail,0,0,0.0
24896,11,1) $0 - $100,56.79,0,1,Urban,1,Phone,Mens E-Mail,0,0,0.0
24905,6,3) $200 - $350,272.63,0,1,Urban,0,Phone,No E-Mail,0,0,0.0
24909,3,5) $500 - $750,681.57,1,0,Rural,1,Web,No E-Mail,1,0,0.0
24929,3,1) $0 - $100,29.99,0,1,Urban,1,Web,No E-Mail,0,0,0.0
24935,4,2) $100 - $200,120.72,0,1,Urban,1,Phone,No E-Mail,0,0,0.0
24954,10,1) $0 - $100,29.99,1,0,Urban,1,Phone,Womens E-Mail,0,0,0.0
24958,5,1) $0 - $100,29.99,1,0,Surburban,1,Web,Womens E-Mail,0,0,0.0
24977,4,2) $100 - $200,106.06,1,0,Surburban,1,Phone,No E-Mail,0,0,0.0
24981,8,4) $350 - $500,365.32,1,1,Urban,0,Multichannel,Mens E-Mail,0,0,0.0
24983,2,1) $0 - $100,29.99,1,0,Rural,1,Phone,No E-Mail,0,0,0.0
24987,2,1) $0 - $100,29.99,1,0,Urban,0,Phone,Mens E-Mail,0,0,0.0
24993,7,3) $200 - $350,320.73,1,0,Urban,0,Phone,No E-Mail,0,0,0.0
25003,1,"7) $1,000 +",1229.99,0,1,Surburban,1,Phone,Mens E-Mail,1,0,0.0
25014,3,3) $200 - $350,201.84,0,1,Urban,0,Web,Womens E-Mail,0,0,0.0
25018,3,2) $100 - $200,106.38,0,1,Urban,0,Phone,Womens E-Mail,0,0,0.0
25032,3,4) $350 - $500,439.26,0,1,Urban,0,Multichannel,Womens E-Mail,0,0,0.0
25042,2,2) $100 - $200,122.95,1,0,Rural,0,Phone,No E-Mail,0,0,0.0
25048,5,3) $200 - $350,285.79,1,0,Rural,0,Multichannel,Mens E-Mail,1,0,0.0
25062,3,1) $0 - $100,81.13,0,1,Rural,0,Web,Mens E-Mail,0,0,0.0
25077,7,1) $0 - $100,29.99,1,0,Surburban,0,Phone,Mens E-Mail,0,0,0.0
25081,4,4) $350 - $500,370.04,1,0,Rural,1,Phone,Mens E-Mail,0,0,0.0
25087,10,1) $0 - $100,60.92,0,1,Surburban,0,Web,Womens E-Mail,0,0,0.0
25102,6,2) $100 - $200,121.77,0,1,Surburban,1,Web,Mens E-Mail,1,0,0.0
25115,9,1) $0 - $100,64.42,0,1,Surburban,1,Phone,Womens E-Mail,0,0,0.0
25121,2,2) $100 - $200,133.64,0,1,Urban,1,Phone,Mens E-Mail,0,0,0.0
25155,5,1) $0 - $100,48.43,1,0,Urban,0,Phone,Womens E-Mail,0,0,0.0
25170,4,3) $200 - $350,204.11,0,1,Surburban,1,Phone,Womens E-Mail,0,0,0.0
25172,11,4) $350 - $500,434.35,1,1,Urban,0,Web,Mens E-Mail,0,0,0.0
25179,5,4) $350 - $500,384.17,0,1,Surburban,0,Phone,Womens E-Mail,0,0,0.0
25181,7,3) $200 - $350,214.76,1,0,Surburban,0,Phone,Mens E-Mail,0,0,0.0
25186,5,2) $100 - $200,192.0,0,1,Surburban,1,Web,Mens E-Mail,0,0,0.0
25190,8,"6) $750 - $1,000",774.45,1,1,Rural,1,Multichannel,Womens E-Mail,0,0,0.0
25196,6,4) $350 - $500,434.74,1,0,Urban,0,Multichannel,Womens E-Mail,0,0,0.0
25222,7,1) $0 - $100,29.99,1,0,Rural,0,Web,Womens E-Mail,0,0,0.0
25239,3,2) $100 - $200,152.43,0,1,Surburban,1,Phone,No E-Mail,0,0,0.0
25261,1,1) $0 - $100,29.99,1,0,Rural,0,Web,No E-Mail,0,0,0.0
25265,11,4) $350 - $500,487.39,1,0,Urban,0,Phone,Mens E-Mail,0,0,0.0
25267,2,4) $350 - $500,396.14,0,1,Surburban,0,Phone,No E-Mail,0,0,0.0
25272,12,5) $500 - $750,530.55,0,1,Surburban,1,Phone,Womens E-Mail,1,0,0.0
25278,11,3) $200 - $350,238.54,1,0,Urban,0,Web,No E-Mail,0,0,0.0
25287,2,2) $100 - $200,125.72,0,1,Surburban,1,Web,Womens E-Mail,0,0,0.0
25301,10,3) $200 - $350,217.31,1,0,Urban,0,Web,Womens E-Mail,0,0,0.0
25305,7,1) $0 - $100,29.99,0,1,Urban,1,Web,Womens E-Mail,0,0,0.0
25319,1,"6) $750 - $1,000",802.93,1,1,Surburban,1,Phone,Womens E-Mail,0,0,0.0
25327,8,4) $350 - $500,425.07,0,1,Urban,0,Multichannel,Womens E-Mail,0,0,0.0
25332,12,2) $100 - $200,151.3,0,1,Surburban,1,Phone,No E-Mail,0,0,0.0
25361,4,1) $0 - $100,42.73,0,1,Surburban,0,Web,Womens E-Mail,0,0,0.0
25378,8,2) $100 - $200,142.06,1,0,Urban,1,Phone,No E-Mail,0,0,0.0
25396,7,4) $350 - $500,374.04,0,1,Surburban,0,Multichannel,No E-Mail,1,0,0.0
25439,3,1) $0 - $100,60.51,0,1,Urban,0,Phone,Womens E-Mail,0,0,0.0
25446,5,3) $200 - $350,247.71,0,1,Urban,0,Multichannel,No E-Mail,0,0,0.0
25452,8,2) $100 - $200,142.43,0,1,Urban,0,Phone,Womens E-Mail,0,0,0.0
25457,4,2) $100 - $200,154.85,1,0,Urban,0,Phone,Mens E-Mail,0,0,0.0
25458,3,5) $500 - $750,572.63,1,0,Urban,1,Web,No E-Mail,0,0,0.0
25473,2,3) $200 - $350,308.39,1,0,Surburban,0,Phone,Womens E-Mail,0,0,0.0
25474,3,1) $0 - $100,39.66,0,1,Surburban,0,Phone,Womens E-Mail,1,0,0.0
25475,6,1) $0 - $100,29.99,0,1,Surburban,0,Web,No E-Mail,0,0,0.0
25477,7,1) $0 - $100,92.4,0,1,Surburban,0,Phone,Womens E-Mail,0,0,0.0
25489,1,"7) $1,000 +",1246.07,1,0,Surburban,1,Multichannel,No E-Mail,0,0,0.0
25490,2,5) $500 - $750,663.21,0,1,Surburban,1,Web,Mens E-Mail,0,0,0.0
25492,10,1) $0 - $100,29.99,0,1,Urban,1,Web,Mens E-Mail,0,0,0.0
25505,6,1) $0 - $100,29.99,0,1,Surburban,1,Web,No E-Mail,0,0,0.0
25506,2,1) $0 - $100,29.99,1,0,Surburban,0,Phone,Mens E-Mail,0,0,0.0
25509,3,4) $350 - $500,466.32,0,1,Surburban,0,Web,Womens E-Mail,0,0,0.0
25520,7,1) $0 - $100,29.99,1,0,Surburban,1,Web,Womens E-Mail,0,0,0.0
25522,9,1) $0 - $100,61.99,0,1,Surburban,1,Phone,No E-Mail,0,0,0.0
25526,7,3) $200 - $350,334.11,0,1,Surburban,0,Phone,No E-Mail,0,0,0.0
25539,10,5) $500 - $750,625.28,1,1,Surburban,1,Phone,No E-Mail,1,0,0.0
25546,1,3) $200 - $350,220.34,1,0,Surburban,1,Web,No E-Mail,0,0,0.0
25554,2,2) $100 - $200,153.45,1,0,Rural,1,Web,Womens E-Mail,0,0,0.0
25560,11,1) $0 - $100,77.66,1,0,Surburban,1,Phone,Womens E-Mail,0,0,0.0
25562,10,1) $0 - $100,29.99,0,1,Urban,1,Phone,No E-Mail,0,0,0.0
25567,11,2) $100 - $200,149.08,1,0,Surburban,0,Phone,Mens E-Mail,0,0,0.0
25568,10,1) $0 - $100,29.99,1,0,Surburban,0,Phone,Womens E-Mail,1,0,0.0
25576,9,4) $350 - $500,407.24,0,1,Surburban,0,Phone,Womens E-Mail,0,0,0.0
25602,1,4) $350 - $500,415.64,0,1,Rural,0,Phone,Womens E-Mail,0,0,0.0
25628,9,2) $100 - $200,105.41,0,1,Rural,0,Web,No E-Mail,0,0,0.0
25643,10,4) $350 - $500,413.79,0,1,Surburban,1,Phone,No E-Mail,1,0,0.0
25656,3,3) $200 - $350,265.81,1,0,Surburban,0,Phone,No E-Mail,0,0,0.0
25657,1,1) $0 - $100,64.65,1,0,Surburban,1,Phone,Mens E-Mail,0,0,0.0
25661,12,1) $0 - $100,29.99,1,0,Surburban,1,Web,Womens E-Mail,0,0,0.0
25674,6,1) $0 - $100,74.92,1,0,Surburban,0,Web,Mens E-Mail,1,0,0.0
25682,12,2) $100 - $200,104.8,0,1,Surburban,1,Phone,No E-Mail,0,0,0.0
25688,4,3) $200 - $350,274.67,0,1,Urban,1,Web,No E-Mail,0,0,0.0
25694,10,1) $0 - $100,29.99,1,0,Urban,0,Phone,Mens E-Mail,0,0,0.0
25695,1,3) $200 - $350,329.72,1,1,Urban,0,Multichannel,No E-Mail,0,0,0.0
25697,10,2) $100 - $200,170.87,0,1,Urban,0,Web,Mens E-Mail,0,0,0.0
25709,2,1) $0 - $100,29.99,0,1,Urban,0,Web,Mens E-Mail,0,0,0.0
25721,3,3) $200 - $350,256.09,0,1,Urban,1,Phone,Mens E-Mail,0,0,0.0
25747,11,4) $350 - $500,395.65,0,1,Surburban,1,Phone,Mens E-Mail,0,0,0.0
25754,12,2) $100 - $200,101.86,0,1,Surburban,0,Web,No E-Mail,1,0,0.0
25758,6,2) $100 - $200,105.67,0,1,Surburban,1,Web,Womens E-Mail,0,0,0.0
25770,4,1) $0 - $100,59.01,0,1,Urban,1,Web,Mens E-Mail,0,0,0.0
25772,8,2) $100 - $200,109.92,0,1,Surburban,1,Web,Mens E-Mail,1,0,0.0
25780,8,1) $0 - $100,29.99,0,1,Surburban,1,Web,Mens E-Mail,0,0,0.0
25787,9,1) $0 - $100,29.99,0,1,Rural,0,Web,Mens E-Mail,0,0,0.0
25788,6,1) $0 - $100,29.99,0,1,Surburban,1,Web,Womens E-Mail,0,0,0.0
25793,4,1) $0 - $100,66.28,0,1,Surburban,1,Phone,Womens E-Mail,0,0,0.0
25795,2,1) $0 - $100,91.25,0,1,Surburban,0,Web,No E-Mail,0,0,0.0
25802,7,4) $350 - $500,368.32,0,1,Surburban,1,Phone,No E-Mail,0,0,0.0
25809,9,4) $350 - $500,474.4,0,1,Surburban,0,Phone,No E-Mail,0,0,0.0
25812,8,4) $350 - $500,373.63,0,1,Surburban,0,Web,Womens E-Mail,1,0,0.0
25813,4,3) $200 - $350,262.75,0,1,Surburban,0,Web,Mens E-Mail,0,0,0.0
25827,1,5) $500 - $750,659.08,0,1,Surburban,1,Web,Womens E-Mail,0,0,0.0
25852,3,2) $100 - $200,185.7,0,1,Surburban,1,Web,No E-Mail,0,0,0.0
25900,3,5) $500 - $750,647.34,1,0,Urban,1,Phone,Mens E-Mail,0,0,0.0
25904,6,5) $500 - $750,528.0,0,1,Urban,1,Multichannel,Womens E-Mail,0,0,0.0
25917,6,2) $100 - $200,111.44,1,0,Surburban,1,Phone,Womens E-Mail,0,0,0.0
25933,5,2) $100 - $200,196.93,0,1,Urban,0,Phone,Mens E-Mail,0,0,0.0
25934,1,1) $0 - $100,68.14,1,0,Surburban,1,Web,Womens E-Mail,0,0,0.0
25938,1,5) $500 - $750,575.66,1,1,Urban,1,Multichannel,Womens E-Mail,0,0,0.0
25942,8,3) $200 - $350,225.5,1,0,Rural,0,Multichannel,Mens E-Mail,1,0,0.0
25945,12,3) $200 - $350,306.67,1,1,Surburban,0,Multichannel,Womens E-Mail,1,0,0.0
25948,2,2) $100 - $200,134.21,0,1,Surburban,1,Phone,Womens E-Mail,0,0,0.0
25955,2,2) $100 - $200,138.71,0,1,Urban,0,Phone,No E-Mail,1,0,0.0
25967,1,"6) $750 - $1,000",790.76,0,1,Surburban,1,Phone,Mens E-Mail,0,0,0.0
25976,9,2) $100 - $200,115.54,0,1,Surburban,1,Phone,Mens E-Mail,0,0,0.0
25980,11,5) $500 - $750,566.47,1,0,Surburban,1,Multichannel,No E-Mail,0,0,0.0
25984,4,4) $350 - $500,485.46,1,1,Rural,0,Multichannel,Mens E-Mail,0,0,0.0
25986,4,5) $500 - $750,660.04,0,1,Urban,1,Multichannel,No E-Mail,0,0,0.0
25989,3,3) $200 - $350,243.36,1,1,Urban,0,Phone,Womens E-Mail,1,0,0.0
26018,7,1) $0 - $100,29.99,1,0,Urban,1,Phone,No E-Mail,0,0,0.0
26023,2,5) $500 - $750,637.77,1,1,Urban,1,Multichannel,Womens E-Mail,0,0,0.0
26033,4,3) $200 - $350,321.12,1,0,Urban,0,Web,Mens E-Mail,1,0,0.0
26037,4,"6) $750 - $1,000",974.25,1,0,Urban,1,Multichannel,Womens E-Mail,0,0,0.0
26061,3,3) $200 - $350,291.19,1,0,Surburban,1,Multichannel,Womens E-Mail,0,0,0.0
26070,2,2) $100 - $200,186.31,0,1,Urban,0,Web,Mens E-Mail,0,0,0.0
26078,2,5) $500 - $750,569.27,0,1,Urban,1,Web,Mens E-Mail,0,0,0.0
26089,8,2) $100 - $200,170.27,0,1,Surburban,0,Phone,Mens E-Mail,1,1,29.99
26103,8,1) $0 - $100,29.99,0,1,Urban,0,Phone,Womens E-Mail,0,0,0.0
26124,4,2) $100 - $200,159.05,0,1,Surburban,0,Phone,Mens E-Mail,0,0,0.0
26135,4,4) $350 - $500,471.5,0,1,Rural,0,Web,No E-Mail,0,0,0.0
26147,11,1) $0 - $100,57.42,0,1,Surburban,1,Phone,No E-Mail,0,0,0.0
26174,1,1) $0 - $100,29.99,0,1,Surburban,0,Phone,Womens E-Mail,0,0,0.0
26187,3,5) $500 - $750,594.35,0,1,Surburban,1,Phone,No E-Mail,0,0,0.0
26192,3,3) $200 - $350,205.47,1,0,Surburban,0,Phone,No E-Mail,0,0,0.0
26214,10,2) $100 - $200,187.76,1,0,Rural,0,Phone,No E-Mail,0,0,0.0
26220,2,2) $100 - $200,156.29,0,1,Surburban,0,Phone,Mens E-Mail,0,0,0.0
26234,6,1) $0 - $100,95.22,0,1,Surburban,1,Web,Womens E-Mail,0,0,0.0
26243,11,2) $100 - $200,119.51,1,0,Rural,1,Phone,Mens E-Mail,0,0,0.0
26246,12,5) $500 - $750,602.8,0,1,Urban,1,Phone,Mens E-Mail,1,0,0.0
26264,2,4) $350 - $500,419.68,0,1,Surburban,1,Phone,Mens E-Mail,1,0,0.0
26284,8,4) $350 - $500,387.24,1,1,Rural,1,Web,Womens E-Mail,0,0,0.0
26296,11,1) $0 - $100,71.89,1,0,Surburban,1,Web,No E-Mail,1,0,0.0
26343,9,4) $350 - $500,402.93,1,0,Urban,0,Phone,No E-Mail,0,0,0.0
26354,2,3) $200 - $350,286.75,0,1,Surburban,1,Web,Womens E-Mail,0,0,0.0
26356,8,1) $0 - $100,63.44,1,0,Surburban,0,Phone,No E-Mail,0,0,0.0
26358,1,3) $200 - $350,293.6,0,1,Surburban,0,Web,Womens E-Mail,0,0,0.0
26366,1,4) $350 - $500,368.56,1,0,Urban,0,Phone,Mens E-Mail,0,0,0.0
26369,10,1) $0 - $100,37.94,0,1,Surburban,1,Phone,No E-Mail,0,0,0.0
26381,3,5) $500 - $750,712.21,1,1,Surburban,1,Multichannel,No E-Mail,0,0,0.0
26383,6,3) $200 - $350,212.63,1,1,Urban,0,Multichannel,Mens E-Mail,0,0,0.0
26420,1,1) $0 - $100,72.74,0,1,Rural,0,Phone,No E-Mail,0,0,0.0
26422,6,2) $100 - $200,153.82,1,0,Urban,1,Web,Mens E-Mail,0,0,0.0
26425,5,5) $500 - $750,555.21,0,1,Urban,1,Web,Mens E-Mail,0,0,0.0
26450,10,1) $0 - $100,45.0,0,1,Urban,1,Web,Mens E-Mail,0,0,0.0
26463,5,3) $200 - $350,298.63,0,1,Rural,1,Multichannel,Womens E-Mail,0,0,0.0
26468,8,1) $0 - $100,29.99,1,0,Rural,1,Web,Womens E-Mail,0,0,0.0
26474,9,2) $100 - $200,114.48,0,1,Urban,0,Phone,Womens E-Mail,0,0,0.0
26480,2,4) $350 - $500,487.83,1,0,Rural,0,Phone,Womens E-Mail,0,0,0.0
26500,10,1) $0 - $100,62.27,1,0,Surburban,0,Web,Womens E-Mail,0,0,0.0
26523,3,"6) $750 - $1,000",936.86,1,0,Urban,1,Multichannel,Mens E-Mail,0,0,0.0
26525,2,4) $350 - $500,428.7,1,0,Surburban,0,Web,No E-Mail,1,0,0.0
26547,2,1) $0 - $100,39.79,0,1,Rural,0,Web,Womens E-Mail,0,0,0.0
26551,1,1) $0 - $100,33.08,0,1,Urban,1,Phone,No E-Mail,0,0,0.0
26574,3,"6) $750 - $1,000",948.12,1,0,Surburban,1,Multichannel,No E-Mail,0,0,0.0
26576,5,1) $0 - $100,55.15,0,1,Rural,0,Phone,Womens E-Mail,1,0,0.0
26577,9,1) $0 - $100,29.99,1,0,Surburban,0,Web,Womens E-Mail,0,0,0.0
26578,9,1) $0 - $100,80.96,1,0,Surburban,1,Phone,Mens E-Mail,0,0,0.0
26579,3,5) $500 - $750,624.3,0,1,Urban,1,Phone,Womens E-Mail,0,0,0.0
26581,4,4) $350 - $500,458.73,1,0,Urban,0,Phone,No E-Mail,1,0,0.0
26586,11,5) $500 - $750,501.12,0,1,Urban,1,Phone,Mens E-Mail,0,0,0.0
26593,2,3) $200 - $350,226.38,0,1,Surburban,1,Web,No E-Mail,0,0,0.0
26594,4,4) $350 - $500,382.6,1,0,Surburban,0,Web,Mens E-Mail,0,0,0.0
26603,1,"7) $1,000 +",1651.3,0,1,Surburban,1,Web,Womens E-Mail,0,0,0.0
26615,2,3) $200 - $350,270.77,0,1,Urban,0,Web,Mens E-Mail,0,0,0.0
26619,10,1) $0 - $100,53.25,0,1,Surburban,0,Web,No E-Mail,0,0,0.0
26628,10,2) $100 - $200,186.01,1,0,Surburban,1,Web,No E-Mail,0,0,0.0
26642,6,1) $0 - $100,29.99,0,1,Surburban,1,Web,Mens E-Mail,0,0,0.0
26644,3,5) $500 - $750,505.49,1,0,Surburban,1,Multichannel,Womens E-Mail,0,0,0.0
26651,4,1) $0 - $100,29.99,1,0,Rural,0,Web,No E-Mail,0,0,0.0
26652,10,4) $350 - $500,402.11,1,0,Urban,1,Multichannel,Womens E-Mail,0,0,0.0
26663,10,3) $200 - $350,222.92,1,0,Urban,0,Phone,No E-Mail,0,0,0.0
26667,2,3) $200 - $350,211.43,1,0,Surburban,1,Web,Womens E-Mail,0,0,0.0
26668,4,4) $350 - $500,352.34,0,1,Urban,0,Multichannel,No E-Mail,0,0,0.0
26669,11,2) $100 - $200,163.3,1,0,Surburban,0,Web,No E-Mail,0,0,0.0
26688,10,3) $200 - $350,344.0,0,1,Surburban,0,Phone,No E-Mail,0,0,0.0
26705,3,2) $100 - $200,157.91,1,0,Urban,0,Web,Womens E-Mail,0,0,0.0
26714,6,1) $0 - $100,85.6,0,1,Rural,0,Web,Womens E-Mail,0,0,0.0
26717,11,5) $500 - $750,739.73,0,1,Rural,1,Multichannel,No E-Mail,0,0,0.0
26727,5,1) $0 - $100,79.04,1,0,Surburban,0,Web,Womens E-Mail,1,0,0.0
26736,4,1) $0 - $100,29.99,0,1,Surburban,1,Phone,Womens E-Mail,1,0,0.0
26743,9,2) $100 - $200,155.32,1,0,Urban,1,Web,Mens E-Mail,0,0,0.0
26754,2,2) $100 - $200,175.82,1,0,Surburban,0,Phone,No E-Mail,0,0,0.0
26768,7,2) $100 - $200,173.77,0,1,Urban,1,Phone,Womens E-Mail,1,0,0.0
26777,9,2) $100 - $200,148.75,1,0,Rural,1,Web,Womens E-Mail,1,0,0.0
26780,3,2) $100 - $200,142.51,1,0,Surburban,0,Web,No E-Mail,0,0,0.0
26781,7,3) $200 - $350,204.22,1,1,Surburban,0,Web,Mens E-Mail,1,0,0.0
26802,7,1) $0 - $100,29.99,1,0,Surburban,1,Phone,Mens E-Mail,0,0,0.0
26804,10,1) $0 - $100,49.32,1,0,Surburban,0,Web,Mens E-Mail,0,0,0.0
26805,12,1) $0 - $100,29.99,0,1,Urban,0,Phone,Womens E-Mail,0,0,0.0
26810,7,1) $0 - $100,88.05,0,1,Surburban,1,Phone,Womens E-Mail,0,0,0.0
26822,11,1) $0 - $100,35.92,0,1,Urban,1,Web,Mens E-Mail,0,0,0.0
26823,10,1) $0 - $100,29.99,1,0,Urban,1,Web,No E-Mail,0,0,0.0
26855,9,3) $200 - $350,217.54,1,0,Urban,1,Web,No E-Mail,0,0,0.0
26860,1,1) $0 - $100,29.99,1,0,Urban,1,Web,Mens E-Mail,1,0,0.0
26867,7,3) $200 - $350,306.94,0,1,Surburban,0,Phone,Womens E-Mail,0,0,0.0
26876,1,3) $200 - $350,252.82,1,1,Surburban,0,Phone,Mens E-Mail,1,1,176.88
26881,1,3) $200 - $350,238.23,1,0,Urban,1,Web,Womens E-Mail,0,0,0.0
26883,9,3) $200 - $350,321.25,1,1,Surburban,0,Phone,Womens E-Mail,0,0,0.0
26892,1,"7) $1,000 +",2058.6,1,0,Rural,1,Multichannel,Mens E-Mail,0,0,0.0
26901,9,2) $100 - $200,100.42,0,1,Urban,1,Phone,No E-Mail,0,0,0.0
26902,10,2) $100 - $200,162.04,1,0,Rural,0,Phone,Womens E-Mail,1,1,35.2
26908,12,1) $0 - $100,60.97,1,0,Urban,1,Phone,Mens E-Mail,1,0,0.0
26914,10,3) $200 - $350,277.25,0,1,Urban,0,Web,Mens E-Mail,0,0,0.0
26915,1,1) $0 - $100,32.51,0,1,Surburban,0,Phone,Mens E-Mail,1,0,0.0
26926,1,1) $0 - $100,39.4,0,1,Surburban,0,Phone,No E-Mail,0,0,0.0
26931,2,2) $100 - $200,166.07,0,1,Urban,0,Phone,Womens E-Mail,1,0,0.0
26937,9,1) $0 - $100,29.99,1,0,Rural,1,Phone,No E-Mail,0,0,0.0
26948,11,5) $500 - $750,601.08,0,1,Surburban,1,Multichannel,Mens E-Mail,1,0,0.0
26960,7,1) $0 - $100,68.33,1,0,Surburban,0,Web,No E-Mail,0,0,0.0
26967,3,5) $500 - $750,731.67,1,1,Surburban,1,Web,No E-Mail,0,0,0.0
26969,11,2) $100 - $200,178.3,0,1,Surburban,0,Web,No E-Mail,0,0,0.0
26974,12,3) $200 - $350,285.99,0,1,Rural,1,Web,Mens E-Mail,0,0,0.0
26980,5,1) $0 - $100,29.99,1,0,Surburban,1,Phone,Womens E-Mail,0,0,0.0
27002,1,"6) $750 - $1,000",768.85,0,1,Urban,1,Multichannel,Mens E-Mail,0,0,0.0
27021,3,3) $200 - $350,210.93,1,0,Surburban,1,Multichannel,No E-Mail,0,0,0.0
27026,1,"6) $750 - $1,000",855.6,0,1,Surburban,1,Phone,No E-Mail,0,0,0.0
27033,5,1) $0 - $100,46.69,0,1,Surburban,0,Web,Womens E-Mail,0,0,0.0
27039,9,3) $200 - $350,235.87,0,1,Surburban,1,Web,Mens E-Mail,0,0,0.0
27046,7,1) $0 - $100,38.57,0,1,Urban,1,Web,No E-Mail,0,0,0.0
27075,10,3) $200 - $350,297.11,0,1,Surburban,1,Web,Mens E-Mail,0,0,0.0
27093,9,1) $0 - $100,54.43,1,0,Urban,0,Web,Mens E-Mail,1,0,0.0
27098,4,1) $0 - $100,29.99,1,0,Urban,0,Web,No E-Mail,0,0,0.0
27104,5,1) $0 - $100,37.87,0,1,Urban,1,Web,No E-Mail,0,0,0.0
27118,1,"6) $750 - $1,000",872.96,1,1,Rural,1,Web,Womens E-Mail,0,0,0.0
27124,1,4) $350 - $500,365.19,0,1,Urban,0,Phone,No E-Mail,0,0,0.0
27148,3,4) $350 - $500,425.63,0,1,Urban,0,Web,Mens E-Mail,0,0,0.0
27159,3,5) $500 - $750,737.75,0,1,Rural,1,Phone,No E-Mail,0,0,0.0
27164,1,5) $500 - $750,608.36,0,1,Urban,1,Multichannel,Womens E-Mail,0,0,0.0
27166,6,4) $350 - $500,390.45,1,0,Surburban,0,Phone,Mens E-Mail,0,0,0.0
27181,9,1) $0 - $100,79.91,0,1,Rural,1,Phone,Womens E-Mail,0,0,0.0
27185,2,1) $0 - $100,29.99,0,1,Urban,1,Phone,Mens E-Mail,0,0,0.0
27201,8,1) $0 - $100,44.95,0,1,Surburban,1,Phone,No E-Mail,0,0,0.0
27203,6,3) $200 - $350,289.08,1,1,Urban,0,Web,Womens E-Mail,0,0,0.0
27209,5,1) $0 - $100,64.37,1,0,Rural,0,Phone,No E-Mail,0,0,0.0
27216,10,1) $0 - $100,76.52,0,1,Urban,1,Phone,Womens E-Mail,0,0,0.0
27224,7,"7) $1,000 +",2816.01,0,1,Surburban,1,Web,Womens E-Mail,0,0,0.0
27225,9,1) $0 - $100,65.66,1,0,Surburban,1,Web,Mens E-Mail,0,0,0.0
27230,8,3) $200 - $350,301.48,1,0,Surburban,0,Multichannel,Mens E-Mail,1,0,0.0
27231,10,2) $100 - $200,178.95,0,1,Surburban,0,Phone,Mens E-Mail,0,0,0.0
27232,5,1) $0 - $100,41.95,1,0,Urban,0,Phone,Womens E-Mail,0,0,0.0
27242,7,2) $100 - $200,138.89,0,1,Surburban,0,Web,Womens E-Mail,0,0,0.0
27265,1,4) $350 - $500,485.15,0,1,Urban,0,Multichannel,Womens E-Mail,1,0,0.0
27273,10,1) $0 - $100,29.99,0,1,Surburban,0,Web,Mens E-Mail,0,0,0.0
27280,10,3) $200 - $350,284.91,0,1,Urban,0,Phone,Mens E-Mail,1,1,65.49
27295,2,1) $0 - $100,48.22,1,0,Surburban,0,Phone,Mens E-Mail,0,0,0.0
27297,4,3) $200 - $350,291.15,1,0,Rural,0,Web,No E-Mail,0,0,0.0
27332,1,"6) $750 - $1,000",836.15,1,0,Urban,1,Web,Womens E-Mail,0,0,0.0
27334,11,3) $200 - $350,250.22,1,0,Urban,1,Web,Mens E-Mail,0,0,0.0
27340,10,2) $100 - $200,115.41,0,1,Surburban,1,Web,Mens E-Mail,0,0,0.0
27347,2,1) $0 - $100,59.65,1,0,Surburban,1,Web,Womens E-Mail,1,0,0.0
27351,7,4) $350 - $500,354.5,1,0,Rural,0,Web,No E-Mail,0,0,0.0
27359,5,5) $500 - $750,719.47,1,0,Urban,1,Multichannel,Mens E-Mail,0,0,0.0
27387,4,2) $100 - $200,198.81,1,0,Surburban,0,Phone,Womens E-Mail,0,0,0.0
27389,4,2) $100 - $200,127.41,1,0,Urban,0,Phone,Mens E-Mail,0,0,0.0
27406,8,1) $0 - $100,41.87,0,1,Surburban,1,Web,Womens E-Mail,0,0,0.0
27411,5,1) $0 - $100,57.75,1,0,Surburban,0,Web,Mens E-Mail,0,0,0.0
27412,2,3) $200 - $350,231.81,1,1,Surburban,0,Web,Mens E-Mail,0,0,0.0
27417,11,3) $200 - $350,304.24,1,1,Urban,0,Web,No E-Mail,0,0,0.0
27437,3,1) $0 - $100,31.9,1,0,Surburban,1,Phone,Womens E-Mail,0,0,0.0
27441,10,1) $0 - $100,92.46,0,1,Urban,0,Phone,No E-Mail,0,0,0.0
27442,1,3) $200 - $350,245.75,1,1,Surburban,1,Web,Womens E-Mail,1,0,0.0
27447,2,3) $200 - $350,261.2,1,0,Surburban,0,Web,No E-Mail,1,0,0.0
27452,3,3) $200 - $350,204.69,1,0,Surburban,1,Web,Womens E-Mail,0,0,0.0
27464,10,3) $200 - $350,202.61,1,0,Urban,0,Phone,Womens E-Mail,0,0,0.0
27466,1,2) $100 - $200,117.75,1,0,Surburban,1,Phone,No E-Mail,0,0,0.0
27468,4,3) $200 - $350,329.29,1,0,Surburban,1,Web,No E-Mail,0,0,0.0
27471,2,3) $200 - $350,279.35,1,0,Rural,0,Web,Womens E-Mail,1,0,0.0
27481,8,1) $0 - $100,88.11,0,1,Surburban,0,Phone,No E-Mail,0,0,0.0
27513,2,"6) $750 - $1,000",942.02,0,1,Surburban,1,Web,Mens E-Mail,0,0,0.0
27534,8,1) $0 - $100,29.99,0,1,Urban,0,Web,Womens E-Mail,0,0,0.0
27558,11,1) $0 - $100,29.99,1,0,Urban,1,Web,No E-Mail,0,0,0.0
27559,3,4) $350 - $500,379.81,0,1,Surburban,0,Web,No E-Mail,0,0,0.0
27560,7,1) $0 - $100,29.99,1,0,Surburban,1,Web,Womens E-Mail,0,0,0.0
27569,8,2) $100 - $200,106.18,0,1,Urban,1,Phone,Mens E-Mail,1,0,0.0
27583,4,4) $350 - $500,407.52,1,0,Urban,0,Web,Womens E-Mail,0,0,0.0
27594,3,3) $200 - $350,292.4,1,0,Urban,1,Phone,Womens E-Mail,0,0,0.0
27601,10,3) $200 - $350,264.17,0,1,Surburban,1,Web,No E-Mail,0,0,0.0
27604,8,"7) $1,000 +",1115.93,1,1,Urban,1,Phone,Womens E-Mail,1,1,83.26
27626,2,3) $200 - $350,263.09,1,0,Urban,1,Phone,No E-Mail,0,0,0.0
27641,10,1) $0 - $100,39.58,0,1,Rural,1,Web,Mens E-Mail,0,0,0.0
27655,4,2) $100 - $200,123.51,1,0,Rural,0,Phone,Womens E-Mail,0,0,0.0
27661,10,1) $0 - $100,32.44,0,1,Urban,0,Phone,Mens E-Mail,0,0,0.0
27662,11,1) $0 - $100,29.99,1,0,Urban,0,Phone,Womens E-Mail,1,0,0.0
27663,10,3) $200 - $350,241.5,0,1,Surburban,0,Phone,Mens E-Mail,0,0,0.0
27675,12,3) $200 - $350,338.79,0,1,Surburban,0,Multichannel,Mens E-Mail,0,0,0.0
27678,7,1) $0 - $100,66.88,1,0,Urban,0,Phone,Mens E-Mail,0,0,0.0
27679,12,1) $0 - $100,44.13,0,1,Surburban,1,Phone,Womens E-Mail,0,0,0.0
27686,5,5) $500 - $750,640.16,1,1,Urban,1,Multichannel,Mens E-Mail,0,0,0.0
27720,10,1) $0 - $100,30.19,0,1,Surburban,1,Phone,No E-Mail,0,0,0.0
27731,5,3) $200 - $350,208.33,1,0,Surburban,0,Phone,No E-Mail,0,0,0.0
27735,2,4) $350 - $500,457.84,1,0,Urban,0,Phone,Womens E-Mail,0,0,0.0
27746,7,1) $0 - $100,45.6,0,1,Surburban,0,Web,No E-Mail,0,0,0.0
27748,8,5) $500 - $750,632.44,1,0,Urban,1,Phone,Mens E-Mail,0,0,0.0
27751,10,3) $200 - $350,323.83,0,1,Surburban,0,Web,Womens E-Mail,0,0,0.0
27756,2,5) $500 - $750,555.43,1,0,Rural,1,Multichannel,Mens E-Mail,0,0,0.0
27767,10,3) $200 - $350,201.07,1,1,Urban,0,Phone,Womens E-Mail,0,0,0.0
27796,3,4) $350 - $500,396.26,1,0,Rural,1,Phone,Mens E-Mail,0,0,0.0
27815,4,5) $500 - $750,544.2,1,0,Surburban,1,Multichannel,Womens E-Mail,0,0,0.0
27823,12,1) $0 - $100,42.29,1,0,Urban,0,Phone,Mens E-Mail,0,0,0.0
27848,1,"6) $750 - $1,000",825.23,1,0,Urban,1,Phone,Womens E-Mail,0,0,0.0
27904,3,1) $0 - $100,74.46,1,0,Urban,0,Phone,Mens E-Mail,1,0,0.0
27909,2,2) $100 - $200,195.45,1,0,Rural,0,Web,Mens E-Mail,0,0,0.0
27923,2,4) $350 - $500,401.56,0,1,Surburban,1,Phone,Mens E-Mail,0,0,0.0
27924,10,3) $200 - $350,330.48,0,1,Urban,0,Web,No E-Mail,0,0,0.0
27949,5,1) $0 - $100,49.04,0,1,Urban,1,Phone,No E-Mail,0,0,0.0
27960,10,3) $200 - $350,285.14,1,1,Surburban,1,Phone,No E-Mail,0,0,0.0
27976,3,1) $0 - $100,49.73,1,0,Rural,1,Web,Womens E-Mail,0,0,0.0
27982,11,4) $350 - $500,352.72,1,0,Rural,0,Web,Womens E-Mail,0,0,0.0
27993,8,1) $0 - $100,35.49,0,1,Urban,1,Web,No E-Mail,0,0,0.0
28012,10,1) $0 - $100,76.32,1,0,Surburban,0,Phone,Womens E-Mail,0,0,0.0
28019,10,2) $100 - $200,115.01,0,1,Surburban,0,Phone,Womens E-Mail,0,0,0.0
28033,2,2) $100 - $200,184.69,1,0,Surburban,1,Phone,No E-Mail,0,0,0.0
28041,3,5) $500 - $750,696.6,0,1,Surburban,1,Web,No E-Mail,0,0,0.0
28043,2,5) $500 - $750,522.03,1,0,Surburban,1,Phone,Womens E-Mail,0,0,0.0
28044,2,3) $200 - $350,240.71,1,0,Urban,0,Phone,No E-Mail,0,0,0.0
28057,6,2) $100 - $200,181.99,0,1,Rural,0,Web,Womens E-Mail,1,0,0.0
28061,8,1) $0 - $100,64.36,1,0,Surburban,1,Web,Womens E-Mail,0,0,0.0
28081,5,3) $200 - $350,346.76,0,1,Surburban,0,Multichannel,No E-Mail,0,0,0.0
28083,12,2) $100 - $200,109.17,0,1,Surburban,0,Web,Womens E-Mail,1,0,0.0
28093,1,4) $350 - $500,372.21,1,1,Surburban,1,Web,Mens E-Mail,1,0,0.0
28099,3,2) $100 - $200,173.22,0,1,Rural,1,Web,No E-Mail,0,0,0.0
28103,2,5) $500 - $750,576.85,1,0,Urban,1,Phone,No E-Mail,0,0,0.0
28120,1,5) $500 - $750,611.51,1,0,Urban,1,Phone,Mens E-Mail,0,0,0.0
28137,5,4) $350 - $500,382.68,0,1,Urban,0,Web,No E-Mail,1,1,91.75
28141,6,2) $100 - $200,104.71,0,1,Urban,0,Phone,Mens E-Mail,0,0,0.0
28150,3,1) $0 - $100,29.99,1,0,Urban,1,Phone,Womens E-Mail,0,0,0.0
28160,10,1) $0 - $100,29.99,0,1,Surburban,1,Web,No E-Mail,1,0,0.0
28164,1,1) $0 - $100,33.58,1,0,Surburban,1,Phone,No E-Mail,1,0,0.0
28169,11,2) $100 - $200,103.05,0,1,Urban,0,Web,Womens E-Mail,0,0,0.0
28173,1,3) $200 - $350,325.37,0,1,Urban,0,Web,No E-Mail,1,0,0.0
28179,5,1) $0 - $100,97.83,0,1,Surburban,0,Web,Mens E-Mail,0,0,0.0
28181,1,4) $350 - $500,433.62,1,1,Surburban,1,Multichannel,Womens E-Mail,0,0,0.0
28217,11,1) $0 - $100,29.99,1,0,Surburban,1,Web,Mens E-Mail,0,0,0.0
28227,6,5) $500 - $750,576.55,1,0,Urban,1,Web,No E-Mail,0,0,0.0
28230,2,1) $0 - $100,29.99,0,1,Urban,1,Phone,Mens E-Mail,0,0,0.0
28234,6,4) $350 - $500,402.54,1,0,Urban,0,Web,Mens E-Mail,0,0,0.0
28236,7,1) $0 - $100,57.42,0,1,Surburban,0,Phone,No E-Mail,0,0,0.0
28239,5,3) $200 - $350,341.93,1,0,Urban,1,Phone,No E-Mail,0,0,0.0
28241,3,3) $200 - $350,339.86,0,1,Urban,0,Phone,Womens E-Mail,1,0,0.0
28253,9,4) $350 - $500,415.19,1,0,Surburban,0,Phone,No E-Mail,0,0,0.0
28260,8,2) $100 - $200,131.85,1,0,Rural,1,Web,Womens E-Mail,0,0,0.0
28290,10,3) $200 - $350,274.04,0,1,Urban,0,Phone,Womens E-Mail,0,0,0.0
28293,2,"7) $1,000 +",1889.06,1,1,Surburban,1,Web,Mens E-Mail,0,0,0.0
28296,7,1) $0 - $100,97.62,1,0,Surburban,0,Web,Womens E-Mail,0,0,0.0
28305,1,3) $200 - $350,323.23,0,1,Surburban,1,Web,Womens E-Mail,0,0,0.0
28308,1,2) $100 - $200,176.93,1,0,Rural,1,Phone,Womens E-Mail,0,0,0.0
28315,10,2) $100 - $200,106.44,0,1,Urban,1,Phone,Mens E-Mail,0,0,0.0
28317,8,3) $200 - $350,304.89,1,1,Urban,0,Phone,Mens E-Mail,1,0,0.0
28318,9,1) $0 - $100,29.99,1,0,Surburban,0,Web,Womens E-Mail,0,0,0.0
28333,5,2) $100 - $200,155.21,0,1,Surburban,0,Phone,No E-Mail,0,0,0.0
28339,8,2) $100 - $200,115.33,0,1,Surburban,1,Web,Womens E-Mail,0,0,0.0
28350,3,1) $0 - $100,58.79,1,0,Urban,1,Phone,Womens E-Mail,0,0,0.0
28358,2,2) $100 - $200,174.94,0,1,Surburban,1,Web,Mens E-Mail,1,0,0.0
28377,8,1) $0 - $100,29.99,1,0,Surburban,0,Phone,Mens E-Mail,0,0,0.0
28380,2,2) $100 - $200,188.46,0,1,Surburban,1,Phone,Womens E-Mail,0,0,0.0
28383,2,1) $0 - $100,29.99,1,0,Urban,1,Phone,Mens E-Mail,0,0,0.0
28393,5,"6) $750 - $1,000",784.14,1,1,Surburban,1,Web,Mens E-Mail,0,0,0.0
28414,1,2) $100 - $200,194.97,1,0,Surburban,1,Phone,No E-Mail,0,0,0.0
28424,5,2) $100 - $200,130.37,1,0,Urban,1,Phone,Womens E-Mail,0,0,0.0
28431,7,3) $200 - $350,303.82,1,1,Urban,0,Web,No E-Mail,1,0,0.0
28436,5,"6) $750 - $1,000",882.81,1,1,Surburban,1,Multichannel,Womens E-Mail,0,0,0.0
28439,1,1) $0 - $100,29.99,0,1,Urban,1,Web,Mens E-Mail,0,0,0.0
28440,2,4) $350 - $500,408.89,1,0,Urban,0,Phone,Mens E-Mail,0,0,0.0
28443,1,3) $200 - $350,220.89,1,1,Surburban,0,Phone,Mens E-Mail,0,0,0.0
28444,3,4) $350 - $500,499.41,0,1,Urban,1,Multichannel,Womens E-Mail,0,0,0.0
28455,1,2) $100 - $200,133.17,0,1,Rural,1,Phone,No E-Mail,0,0,0.0
28465,4,3) $200 - $350,215.36,1,1,Urban,0,Web,Mens E-Mail,0,0,0.0
28466,1,2) $100 - $200,108.0,0,1,Urban,1,Web,No E-Mail,0,0,0.0
28479,10,1) $0 - $100,29.99,1,0,Surburban,1,Web,Womens E-Mail,0,0,0.0
28519,9,3) $200 - $350,324.0,1,0,Surburban,0,Phone,Womens E-Mail,0,0,0.0
28523,8,1) $0 - $100,97.31,1,0,Urban,0,Phone,No E-Mail,0,0,0.0
28532,4,2) $100 - $200,189.84,1,0,Urban,1,Phone,No E-Mail,0,0,0.0
28538,9,2) $100 - $200,192.27,0,1,Surburban,0,Phone,No E-Mail,0,0,0.0
28539,1,5) $500 - $750,602.96,1,0,Urban,1,Web,Mens E-Mail,1,0,0.0
28544,8,2) $100 - $200,152.55,0,1,Urban,0,Phone,Womens E-Mail,0,0,0.0
28551,4,3) $200 - $350,221.47,1,1,Urban,0,Web,Womens E-Mail,0,0,0.0
28585,1,2) $100 - $200,102.64,1,0,Urban,0,Phone,No E-Mail,0,0,0.0
28594,2,"6) $750 - $1,000",919.98,1,0,Rural,1,Phone,Womens E-Mail,0,0,0.0
28606,12,1) $0 - $100,29.99,0,1,Surburban,1,Phone,Womens E-Mail,0,0,0.0
28610,8,2) $100 - $200,133.1,0,1,Surburban,1,Phone,No E-Mail,0,0,0.0
28612,2,"7) $1,000 +",1186.57,1,1,Rural,1,Phone,Womens E-Mail,0,0,0.0
28616,2,2) $100 - $200,171.32,1,0,Rural,0,Web,Womens E-Mail,0,0,0.0
28620,9,4) $350 - $500,497.56,0,1,Urban,0,Phone,Womens E-Mail,0,0,0.0
28622,2,1) $0 - $100,85.11,0,1,Urban,1,Phone,No E-Mail,0,0,0.0
28635,12,2) $100 - $200,133.7,0,1,Urban,1,Web,Mens E-Mail,0,0,0.0
28644,9,3) $200 - $350,348.63,1,1,Surburban,0,Multichannel,No E-Mail,0,0,0.0
28645,4,3) $200 - $350,233.74,1,0,Urban,0,Web,Mens E-Mail,0,0,0.0
28656,12,1) $0 - $100,86.72,1,0,Urban,1,Web,No E-Mail,0,0,0.0
28658,1,5) $500 - $750,542.27,1,0,Surburban,1,Multichannel,Womens E-Mail,0,0,0.0
28660,5,4) $350 - $500,474.93,1,0,Surburban,0,Multichannel,Mens E-Mail,0,0,0.0
28661,4,2) $100 - $200,123.4,0,1,Urban,0,Phone,No E-Mail,0,0,0.0
28664,4,2) $100 - $200,151.58,1,0,Surburban,0,Phone,Womens E-Mail,1,0,0.0
28665,4,1) $0 - $100,29.99,0,1,Surburban,1,Web,Womens E-Mail,0,0,0.0
28672,4,2) $100 - $200,163.5,1,0,Rural,0,Web,Womens E-Mail,0,0,0.0
28674,9,4) $350 - $500,379.92,0,1,Surburban,1,Web,Mens E-Mail,0,0,0.0
28705,2,3) $200 - $350,235.49,1,0,Urban,1,Phone,No E-Mail,0,0,0.0
28711,10,2) $100 - $200,143.57,1,0,Surburban,0,Web,Mens E-Mail,0,0,0.0
28716,6,2) $100 - $200,164.13,0,1,Surburban,1,Phone,Mens E-Mail,0,0,0.0
28718,5,1) $0 - $100,51.77,1,0,Surburban,1,Web,Womens E-Mail,0,0,0.0
28722,3,2) $100 - $200,147.08,1,0,Urban,0,Web,Mens E-Mail,1,0,0.0
28725,10,1) $0 - $100,46.62,1,0,Urban,0,Web,Womens E-Mail,0,0,0.0
28748,6,1) $0 - $100,81.12,1,0,Urban,1,Phone,No E-Mail,0,0,0.0
28760,10,2) $100 - $200,138.69,1,0,Urban,0,Phone,No E-Mail,0,0,0.0
28774,2,1) $0 - $100,78.65,1,0,Urban,1,Phone,No E-Mail,0,0,0.0
28789,9,3) $200 - $350,213.68,1,0,Surburban,0,Phone,No E-Mail,0,0,0.0
28791,11,3) $200 - $350,295.63,1,0,Surburban,0,Phone,Mens E-Mail,0,0,0.0
28793,10,3) $200 - $350,288.52,0,1,Urban,1,Web,Womens E-Mail,0,0,0.0
28798,4,1) $0 - $100,29.99,0,1,Surburban,1,Phone,No E-Mail,0,0,0.0
28811,2,3) $200 - $350,326.12,0,1,Surburban,0,Web,No E-Mail,0,0,0.0
28812,5,1) $0 - $100,43.06,1,0,Surburban,0,Phone,Mens E-Mail,0,0,0.0
28818,7,5) $500 - $750,550.1,1,1,Urban,1,Multichannel,Mens E-Mail,0,0,0.0
28844,10,1) $0 - $100,71.68,0,1,Surburban,1,Phone,Mens E-Mail,0,0,0.0
28853,12,2) $100 - $200,150.4,0,1,Rural,0,Web,No E-Mail,1,0,0.0
28858,3,3) $200 - $350,210.66,1,0,Urban,0,Web,Mens E-Mail,0,0,0.0
28862,2,3) $200 - $350,279.73,0,1,Surburban,0,Phone,Mens E-Mail,0,0,0.0
28865,1,2) $100 - $200,161.72,0,1,Surburban,0,Phone,Womens E-Mail,0,0,0.0
28871,5,1) $0 - $100,77.45,0,1,Surburban,1,Web,No E-Mail,0,0,0.0
28884,5,1) $0 - $100,63.83,1,0,Surburban,0,Web,Womens E-Mail,1,0,0.0
28885,1,4) $350 - $500,453.0,0,1,Surburban,0,Multichannel,Womens E-Mail,0,0,0.0
28889,10,5) $500 - $750,602.61,1,1,Rural,1,Web,Womens E-Mail,0,0,0.0
28893,3,3) $200 - $350,310.39,1,1,Surburban,0,Phone,Mens E-Mail,0,0,0.0
28902,10,1) $0 - $100,64.1,1,0,Urban,1,Phone,No E-Mail,0,0,0.0
28904,2,3) $200 - $350,239.71,0,1,Surburban,1,Web,Womens E-Mail,0,0,0.0
28906,5,1) $0 - $100,29.99,1,0,Urban,1,Web,No E-Mail,1,0,0.0
28907,9,1) $0 - $100,79.4,1,0,Rural,1,Web,No E-Mail,0,0,0.0
28910,3,1) $0 - $100,54.23,0,1,Surburban,0,Phone,No E-Mail,0,0,0.0
28913,10,1) $0 - $100,29.99,1,0,Urban,0,Web,Womens E-Mail,0,0,0.0
28926,3,2) $100 - $200,132.28,1,0,Surburban,0,Web,Mens E-Mail,0,0,0.0
28929,5,1) $0 - $100,29.99,1,0,Surburban,0,Phone,Mens E-Mail,1,0,0.0
28933,8,1) $0 - $100,95.62,0,1,Surburban,0,Web,No E-Mail,0,0,0.0
28938,2,1) $0 - $100,91.31,1,0,Urban,1,Web,Mens E-Mail,0,0,0.0
28939,4,5) $500 - $750,644.25,1,1,Surburban,1,Multichannel,No E-Mail,1,0,0.0
28946,6,2) $100 - $200,175.46,1,0,Rural,0,Phone,Womens E-Mail,0,0,0.0
28961,7,1) $0 - $100,90.29,1,0,Surburban,1,Phone,Mens E-Mail,0,0,0.0
28974,5,1) $0 - $100,57.59,1,0,Surburban,1,Phone,Mens E-Mail,0,0,0.0
28979,1,1) $0 - $100,81.76,1,0,Rural,0,Web,No E-Mail,1,0,0.0
28993,1,1) $0 - $100,41.38,0,1,Surburban,1,Phone,Mens E-Mail,0,0,0.0
28996,9,4) $350 - $500,433.98,1,0,Surburban,0,Multichannel,Womens E-Mail,1,0,0.0
29000,9,1) $0 - $100,29.99,1,0,Surburban,0,Phone,No E-Mail,0,0,0.0
29020,9,5) $500 - $750,523.7,1,0,Surburban,1,Multichannel,Mens E-Mail,0,0,0.0
29033,4,1) $0 - $100,32.17,0,1,Urban,1,Phone,Mens E-Mail,1,0,0.0
29038,6,3) $200 - $350,247.46,1,1,Surburban,0,Phone,No E-Mail,0,0,0.0
29060,11,4) $350 - $500,415.22,1,0,Surburban,0,Multichannel,Mens E-Mail,0,0,0.0
29065,11,3) $200 - $350,338.98,1,0,Urban,0,Multichannel,Mens E-Mail,0,0,0.0
29067,9,4) $350 - $500,388.85,0,1,Urban,1,Web,Mens E-Mail,0,0,0.0
29073,7,1) $0 - $100,29.99,0,1,Urban,0,Web,Mens E-Mail,0,0,0.0
29079,4,2) $100 - $200,150.55,0,1,Rural,1,Web,Womens E-Mail,0,0,0.0
29094,7,3) $200 - $350,206.21,1,0,Surburban,0,Web,Mens E-Mail,0,0,0.0
29097,8,4) $350 - $500,481.03,1,0,Rural,0,Phone,Mens E-Mail,0,0,0.0
29135,1,"6) $750 - $1,000",765.31,1,0,Urban,1,Phone,Womens E-Mail,0,0,0.0
29147,6,2) $100 - $200,132.31,0,1,Rural,1,Web,Mens E-Mail,0,0,0.0
29165,9,2) $100 - $200,110.94,0,1,Urban,0,Web,No E-Mail,1,0,0.0
29177,6,2) $100 - $200,192.35,0,1,Rural,1,Web,Mens E-Mail,0,0,0.0
29207,3,"6) $750 - $1,000",789.82,0,1,Rural,1,Multichannel,Mens E-Mail,1,0,0.0
29227,2,"6) $750 - $1,000",781.97,0,1,Urban,1,Phone,Womens E-Mail,1,0,0.0
29241,12,2) $100 - $200,152.45,1,0,Rural,0,Phone,No E-Mail,0,0,0.0
29245,2,1) $0 - $100,29.99,0,1,Rural,1,Web,No E-Mail,0,0,0.0
29253,2,5) $500 - $750,505.42,1,1,Urban,1,Web,Womens E-Mail,1,0,0.0
29259,10,4) $350 - $500,383.18,1,0,Surburban,0,Phone,Womens E-Mail,0,0,0.0
29287,2,1) $0 - $100,64.41,0,1,Surburban,1,Phone,Womens E-Mail,0,0,0.0
29309,6,1) $0 - $100,29.99,1,0,Urban,0,Web,No E-Mail,0,0,0.0
29314,5,"6) $750 - $1,000",765.09,1,1,Surburban,1,Multichannel,Womens E-Mail,0,0,0.0
29325,8,2) $100 - $200,140.89,0,1,Urban,1,Phone,Mens E-Mail,0,0,0.0
29344,2,5) $500 - $750,530.03,0,1,Surburban,1,Web,Womens E-Mail,0,0,0.0
29357,1,2) $100 - $200,117.89,0,1,Surburban,1,Phone,No E-Mail,0,0,0.0
29370,2,2) $100 - $200,110.13,1,0,Rural,1,Phone,No E-Mail,0,0,0.0
29380,4,3) $200 - $350,342.38,1,0,Urban,0,Web,No E-Mail,1,0,0.0
29402,3,1) $0 - $100,99.24,1,0,Surburban,0,Phone,Womens E-Mail,1,0,0.0
29403,5,3) $200 - $350,304.84,1,0,Urban,1,Web,Mens E-Mail,0,0,0.0
29407,6,2) $100 - $200,199.8,1,0,Surburban,1,Web,Mens E-Mail,0,0,0.0
29422,8,2) $100 - $200,147.97,1,0,Surburban,0,Web,No E-Mail,0,0,0.0
29432,1,2) $100 - $200,163.34,1,0,Surburban,1,Phone,No E-Mail,0,0,0.0
29450,1,5) $500 - $750,582.93,1,0,Surburban,1,Web,Womens E-Mail,0,0,0.0
29460,8,1) $0 - $100,29.99,1,0,Urban,1,Web,Womens E-Mail,0,0,0.0
29473,8,2) $100 - $200,190.65,0,1,Surburban,0,Web,Mens E-Mail,1,0,0.0
29479,1,3) $200 - $350,254.2,0,1,Urban,0,Phone,No E-Mail,0,0,0.0
29500,2,1) $0 - $100,43.17,0,1,Urban,1,Web,Mens E-Mail,1,0,0.0
29516,2,4) $350 - $500,472.94,1,1,Surburban,0,Phone,Mens E-Mail,1,0,0.0
29522,10,2) $100 - $200,100.16,0,1,Surburban,0,Web,No E-Mail,0,0,0.0
29526,10,4) $350 - $500,450.28,1,0,Urban,1,Phone,No E-Mail,0,0,0.0
29527,3,3) $200 - $350,335.06,0,1,Surburban,1,Web,No E-Mail,0,0,0.0
29528,10,2) $100 - $200,114.78,1,0,Urban,0,Phone,No E-Mail,0,0,0.0
29532,10,2) $100 - $200,165.25,0,1,Surburban,0,Web,Womens E-Mail,0,0,0.0
29535,6,2) $100 - $200,184.98,0,1,Surburban,0,Phone,No E-Mail,0,0,0.0
29537,10,2) $100 - $200,175.97,1,0,Surburban,0,Phone,Mens E-Mail,0,0,0.0
29549,9,3) $200 - $350,343.28,0,1,Urban,0,Web,Womens E-Mail,0,0,0.0
29550,3,5) $500 - $750,565.02,0,1,Urban,1,Phone,Womens E-Mail,0,0,0.0
29569,2,3) $200 - $350,306.88,0,1,Urban,0,Web,Womens E-Mail,1,0,0.0
29578,10,3) $200 - $350,336.04,1,0,Surburban,1,Phone,Mens E-Mail,0,0,0.0
29582,8,2) $100 - $200,161.57,0,1,Surburban,0,Web,No E-Mail,0,0,0.0
29590,10,2) $100 - $200,152.58,1,0,Urban,1,Phone,Womens E-Mail,0,0,0.0
29592,12,1) $0 - $100,29.99,1,0,Urban,1,Web,Womens E-Mail,0,0,0.0
29596,6,2) $100 - $200,150.92,1,0,Urban,1,Phone,Mens E-Mail,0,0,0.0
29627,5,3) $200 - $350,287.13,0,1,Surburban,1,Web,Mens E-Mail,0,0,0.0
29639,6,4) $350 - $500,355.86,1,0,Rural,1,Web,Womens E-Mail,0,0,0.0
29646,1,3) $200 - $350,280.93,1,1,Urban,1,Web,No E-Mail,0,0,0.0
29662,1,2) $100 - $200,108.68,0,1,Urban,0,Web,No E-Mail,0,0,0.0
29670,1,"7) $1,000 +",1063.48,1,1,Rural,1,Multichannel,Mens E-Mail,0,0,0.0
29675,3,1) $0 - $100,87.21,0,1,Surburban,0,Web,Mens E-Mail,0,0,0.0
29678,9,1) $0 - $100,72.65,1,0,Surburban,1,Web,Mens E-Mail,0,0,0.0
29681,3,1) $0 - $100,29.99,1,0,Rural,1,Phone,Mens E-Mail,1,0,0.0
29683,5,4) $350 - $500,478.16,1,1,Urban,0,Web,No E-Mail,0,0,0.0
29694,3,1) $0 - $100,52.02,0,1,Urban,1,Phone,Mens E-Mail,0,0,0.0
29711,2,3) $200 - $350,278.96,1,0,Surburban,0,Phone,Womens E-Mail,0,0,0.0
29721,10,1) $0 - $100,29.99,1,0,Rural,1,Phone,No E-Mail,0,0,0.0
29727,12,2) $100 - $200,188.69,0,1,Surburban,0,Web,No E-Mail,0,0,0.0
29735,5,2) $100 - $200,142.3,1,0,Rural,0,Phone,Womens E-Mail,1,1,124.07
29738,4,2) $100 - $200,140.96,1,0,Urban,0,Web,Womens E-Mail,0,0,0.0
29743,5,3) $200 - $350,234.42,0,1,Urban,0,Web,Mens E-Mail,0,0,0.0
29763,1,2) $100 - $200,144.78,0,1,Urban,0,Phone,Womens E-Mail,0,0,0.0
29772,2,3) $200 - $350,282.05,0,1,Rural,0,Phone,No E-Mail,0,0,0.0
29774,7,3) $200 - $350,215.98,0,1,Urban,1,Web,No E-Mail,0,0,0.0
29780,7,4) $350 - $500,497.06,1,1,Urban,0,Multichannel,Womens E-Mail,0,0,0.0
29808,5,1) $0 - $100,47.49,1,0,Urban,0,Phone,Mens E-Mail,0,0,0.0
29812,12,1) $0 - $100,66.91,1,0,Surburban,0,Phone,Womens E-Mail,0,0,0.0
29818,8,1) $0 - $100,94.41,1,0,Urban,0,Web,Mens E-Mail,0,0,0.0
29827,10,3) $200 - $350,346.33,1,0,Surburban,0,Multichannel,No E-Mail,0,0,0.0
29830,6,1) $0 - $100,29.99,0,1,Urban,0,Web,No E-Mail,0,0,0.0
29843,10,3) $200 - $350,202.07,0,1,Rural,1,Phone,Mens E-Mail,0,0,0.0
29847,7,1) $0 - $100,87.23,1,0,Surburban,0,Phone,Womens E-Mail,0,0,0.0
29861,5,1) $0 - $100,43.47,1,0,Rural,0,Phone,No E-Mail,0,0,0.0
29866,10,3) $200 - $350,247.2,0,1,Urban,0,Web,No E-Mail,0,0,0.0
29873,10,3) $200 - $350,310.32,1,0,Urban,0,Web,Womens E-Mail,0,0,0.0
29883,7,1) $0 - $100,41.65,1,0,Rural,1,Phone,Mens E-Mail,0,0,0.0
29896,7,3) $200 - $350,292.99,0,1,Surburban,0,Web,Mens E-Mail,0,0,0.0
29902,6,3) $200 - $350,272.5,1,0,Rural,1,Phone,Womens E-Mail,0,0,0.0
29924,3,2) $100 - $200,184.71,1,0,Urban,0,Web,Womens E-Mail,0,0,0.0
29936,9,1) $0 - $100,73.54,1,0,Urban,1,Web,No E-Mail,0,0,0.0
29941,2,5) $500 - $750,622.95,1,1,Surburban,1,Multichannel,Mens E-Mail,0,0,0.0
29945,10,4) $350 - $500,469.34,1,1,Surburban,1,Phone,Mens E-Mail,0,0,0.0
29955,7,1) $0 - $100,46.28,1,0,Surburban,1,Phone,Womens E-Mail,0,0,0.0
29960,6,1) $0 - $100,60.88,1,0,Surburban,1,Phone,No E-Mail,0,0,0.0
29962,1,1) $0 - $100,57.39,0,1,Rural,1,Web,Womens E-Mail,1,0,0.0
29971,10,1) $0 - $100,29.99,0,1,Surburban,1,Phone,No E-Mail,0,0,0.0
29986,3,3) $200 - $350,319.11,0,1,Urban,1,Web,Womens E-Mail,1,0,0.0
30001,1,"7) $1,000 +",1273.69,1,0,Surburban,1,Web,Mens E-Mail,0,0,0.0
30003,9,3) $200 - $350,317.32,1,1,Surburban,1,Phone,Mens E-Mail,0,0,0.0
30009,1,2) $100 - $200,136.37,1,0,Surburban,1,Web,Womens E-Mail,0,0,0.0
30012,3,1) $0 - $100,29.99,1,0,Urban,1,Phone,Mens E-Mail,0,0,0.0
30020,10,2) $100 - $200,141.42,1,0,Urban,1,Phone,Mens E-Mail,0,0,0.0
30026,8,1) $0 - $100,91.89,0,1,Surburban,1,Phone,Womens E-Mail,0,0,0.0
30043,7,2) $100 - $200,192.28,0,1,Urban,0,Phone,No E-Mail,1,0,0.0
30045,3,3) $200 - $350,203.9,1,0,Urban,1,Multichannel,No E-Mail,0,0,0.0
30069,7,3) $200 - $350,240.95,1,1,Urban,1,Web,No E-Mail,0,0,0.0
30070,10,2) $100 - $200,103.21,0,1,Surburban,1,Web,No E-Mail,0,0,0.0
30078,2,5) $500 - $750,651.15,1,1,Rural,1,Web,No E-Mail,0,0,0.0
30088,10,1) $0 - $100,87.12,1,0,Urban,0,Web,Womens E-Mail,0,0,0.0
30096,1,5) $500 - $750,672.66,1,0,Surburban,1,Web,Womens E-Mail,0,0,0.0
30098,4,3) $200 - $350,311.65,1,0,Urban,0,Web,No E-Mail,0,0,0.0
30109,8,2) $100 - $200,127.76,1,0,Urban,1,Web,Womens E-Mail,0,0,0.0
30139,6,2) $100 - $200,133.7,0,1,Rural,1,Phone,Mens E-Mail,0,0,0.0
30171,5,2) $100 - $200,169.68,1,0,Surburban,0,Web,Mens E-Mail,1,0,0.0
30179,1,1) $0 - $100,38.25,0,1,Surburban,0,Web,Mens E-Mail,0,0,0.0
30199,2,1) $0 - $100,69.45,1,0,Surburban,1,Phone,No E-Mail,0,0,0.0
30206,1,5) $500 - $750,626.36,1,0,Urban,1,Web,No E-Mail,0,0,0.0
30208,1,4) $350 - $500,411.24,1,1,Rural,1,Multichannel,Womens E-Mail,1,0,0.0
30220,8,1) $0 - $100,29.99,1,0,Urban,0,Web,No E-Mail,0,0,0.0
30247,6,1) $0 - $100,29.99,0,1,Surburban,0,Phone,No E-Mail,0,0,0.0
30249,10,1) $0 - $100,79.75,1,0,Surburban,0,Phone,No E-Mail,0,0,0.0
30255,1,2) $100 - $200,193.83,0,1,Urban,0,Web,Mens E-Mail,1,0,0.0
30256,1,1) $0 - $100,63.1,0,1,Urban,1,Web,Mens E-Mail,1,0,0.0
30262,4,2) $100 - $200,138.29,0,1,Urban,1,Web,Womens E-Mail,0,0,0.0
30268,1,2) $100 - $200,119.12,0,1,Rural,0,Web,Womens E-Mail,0,0,0.0
30269,5,2) $100 - $200,145.12,1,0,Rural,1,Phone,Womens E-Mail,0,0,0.0
30272,2,2) $100 - $200,103.53,0,1,Surburban,0,Web,No E-Mail,0,0,0.0
30285,5,2) $100 - $200,179.87,1,0,Urban,1,Web,Mens E-Mail,0,0,0.0
30288,9,3) $200 - $350,225.77,1,0,Surburban,1,Phone,Mens E-Mail,0,0,0.0
30293,1,3) $200 - $350,244.12,1,1,Rural,1,Web,Womens E-Mail,0,0,0.0
30298,5,2) $100 - $200,184.26,0,1,Surburban,1,Web,Womens E-Mail,0,0,0.0
30306,12,3) $200 - $350,217.68,0,1,Urban,0,Web,Mens E-Mail,0,0,0.0
30320,2,3) $200 - $350,201.61,0,1,Urban,0,Web,Mens E-Mail,0,0,0.0
30331,2,3) $200 - $350,205.14,1,0,Urban,0,Web,Womens E-Mail,0,0,0.0
30339,1,3) $200 - $350,307.37,1,0,Urban,0,Multichannel,No E-Mail,0,0,0.0
30347,3,1) $0 - $100,92.49,1,0,Surburban,1,Phone,No E-Mail,1,0,0.0
30353,10,5) $500 - $750,526.41,0,1,Rural,1,Phone,No E-Mail,0,0,0.0
30372,8,4) $350 - $500,369.95,0,1,Surburban,0,Web,Womens E-Mail,0,0,0.0
30379,8,1) $0 - $100,62.54,0,1,Surburban,1,Phone,No E-Mail,0,0,0.0
30382,3,3) $200 - $350,214.45,0,1,Urban,0,Web,No E-Mail,0,0,0.0
30389,6,3) $200 - $350,310.04,0,1,Rural,0,Web,No E-Mail,0,0,0.0
30393,1,"7) $1,000 +",1030.85,1,0,Rural,1,Phone,No E-Mail,0,0,0.0
30394,5,2) $100 - $200,197.69,1,0,Surburban,1,Web,No E-Mail,0,0,0.0
30397,10,1) $0 - $100,38.27,1,0,Surburban,0,Phone,Womens E-Mail,0,0,0.0
30409,10,4) $350 - $500,435.66,0,1,Surburban,0,Web,Womens E-Mail,1,0,0.0
30426,3,1) $0 - $100,61.43,0,1,Surburban,0,Web,No E-Mail,0,0,0.0
30436,7,1) $0 - $100,56.34,1,0,Urban,1,Phone,Womens E-Mail,0,0,0.0
30445,10,2) $100 - $200,156.93,1,0,Urban,0,Web,Mens E-Mail,0,0,0.0
30450,11,3) $200 - $350,264.46,1,0,Urban,0,Web,Womens E-Mail,0,0,0.0
30455,1,2) $100 - $200,149.98,0,1,Rural,0,Phone,Mens E-Mail,0,0,0.0
30464,3,1) $0 - $100,65.24,0,1,Rural,0,Phone,No E-Mail,0,0,0.0
30470,2,5) $500 - $750,549.5,1,1,Urban,1,Web,Mens E-Mail,0,0,0.0
30478,3,2) $100 - $200,166.18,1,0,Urban,1,Web,No E-Mail,0,0,0.0
30497,11,3) $200 - $350,209.43,1,1,Surburban,0,Phone,No E-Mail,0,0,0.0
30503,9,1) $0 - $100,29.99,0,1,Surburban,1,Web,Mens E-Mail,0,0,0.0
30507,5,1) $0 - $100,43.45,0,1,Urban,0,Web,Mens E-Mail,0,0,0.0
30514,10,2) $100 - $200,112.28,0,1,Rural,1,Phone,Womens E-Mail,0,0,0.0
30515,1,3) $200 - $350,206.73,1,0,Surburban,1,Phone,Mens E-Mail,0,0,0.0
30534,4,4) $350 - $500,489.45,1,0,Surburban,1,Phone,Womens E-Mail,0,0,0.0
30554,12,1) $0 - $100,60.88,0,1,Rural,0,Web,No E-Mail,0,0,0.0
30558,2,3) $200 - $350,314.96,1,1,Urban,0,Web,Womens E-Mail,0,0,0.0
30561,1,5) $500 - $750,670.63,1,1,Surburban,1,Multichannel,Mens E-Mail,0,0,0.0
30572,5,2) $100 - $200,144.89,1,0,Urban,0,Web,Mens E-Mail,0,0,0.0
30580,9,1) $0 - $100,35.49,1,0,Surburban,1,Web,Mens E-Mail,0,0,0.0
30601,10,1) $0 - $100,34.24,1,0,Surburban,1,Web,Mens E-Mail,0,0,0.0
30602,2,2) $100 - $200,144.84,1,0,Urban,0,Phone,Mens E-Mail,0,0,0.0
30606,9,3) $200 - $350,324.93,1,0,Surburban,0,Phone,Womens E-Mail,0,0,0.0
30615,10,3) $200 - $350,349.82,1,0,Rural,1,Phone,Womens E-Mail,0,0,0.0
30625,3,3) $200 - $350,325.45,0,1,Surburban,1,Web,Mens E-Mail,0,0,0.0
30629,2,1) $0 - $100,54.12,1,0,Surburban,1,Web,Mens E-Mail,0,0,0.0
30630,9,1) $0 - $100,72.53,0,1,Surburban,1,Phone,Mens E-Mail,0,0,0.0
30631,2,2) $100 - $200,197.8,0,1,Rural,1,Phone,Womens E-Mail,0,0,0.0
30674,8,4) $350 - $500,352.37,0,1,Surburban,1,Web,Mens E-Mail,0,0,0.0
30677,11,2) $100 - $200,129.2,1,0,Surburban,1,Web,No E-Mail,0,0,0.0
30694,9,1) $0 - $100,81.25,1,0,Urban,0,Web,No E-Mail,0,0,0.0
30696,1,5) $500 - $750,621.22,1,1,Urban,1,Phone,Womens E-Mail,0,0,0.0
30704,4,3) $200 - $350,285.74,0,1,Surburban,0,Web,Womens E-Mail,1,0,0.0
30706,3,1) $0 - $100,84.69,1,0,Surburban,0,Web,No E-Mail,1,0,0.0
30712,1,1) $0 - $100,61.62,1,0,Urban,0,Web,Womens E-Mail,0,0,0.0
30715,10,1) $0 - $100,29.99,1,0,Urban,1,Web,Womens E-Mail,0,0,0.0
30716,6,1) $0 - $100,94.27,0,1,Urban,1,Web,No E-Mail,0,0,0.0
30718,11,1) $0 - $100,66.57,1,0,Urban,1,Web,Mens E-Mail,0,0,0.0
30725,2,4) $350 - $500,352.64,1,0,Surburban,0,Multichannel,Womens E-Mail,0,0,0.0
30742,12,1) $0 - $100,39.2,0,1,Surburban,1,Phone,No E-Mail,0,0,0.0
30744,10,2) $100 - $200,197.72,1,0,Surburban,1,Web,Mens E-Mail,0,0,0.0
30768,4,2) $100 - $200,177.56,0,1,Surburban,0,Web,Mens E-Mail,1,0,0.0
30775,11,1) $0 - $100,70.93,1,0,Urban,0,Web,No E-Mail,0,0,0.0
30783,9,4) $350 - $500,359.07,1,0,Urban,0,Phone,Womens E-Mail,0,0,0.0
30800,6,5) $500 - $750,618.49,1,1,Surburban,1,Web,Womens E-Mail,1,0,0.0
30818,1,5) $500 - $750,737.58,1,1,Urban,1,Web,Mens E-Mail,0,0,0.0
30825,3,2) $100 - $200,123.38,0,1,Urban,0,Web,Womens E-Mail,0,0,0.0
30835,5,2) $100 - $200,178.53,1,0,Urban,0,Phone,No E-Mail,0,0,0.0
30839,2,4) $350 - $500,351.88,0,1,Surburban,0,Web,Womens E-Mail,1,0,0.0
30853,7,3) $200 - $350,334.87,1,0,Urban,1,Multichannel,No E-Mail,0,0,0.0
30864,2,1) $0 - $100,29.99,0,1,Urban,0,Web,Womens E-Mail,1,0,0.0
30865,8,1) $0 - $100,53.3,0,1,Urban,1,Web,No E-Mail,0,0,0.0
30909,11,3) $200 - $350,274.57,0,1,Urban,1,Web,No E-Mail,0,0,0.0
30915,2,2) $100 - $200,121.08,1,0,Urban,0,Phone,No E-Mail,1,0,0.0
30920,9,2) $100 - $200,100.24,1,0,Surburban,0,Phone,No E-Mail,0,0,0.0
30949,3,5) $500 - $750,504.99,1,0,Urban,1,Multichannel,Mens E-Mail,0,0,0.0
30952,6,2) $100 - $200,193.98,1,0,Rural,1,Phone,Mens E-Mail,0,0,0.0
30964,1,1) $0 - $100,29.99,1,0,Surburban,0,Web,Mens E-Mail,0,0,0.0
30967,5,5) $500 - $750,646.9,0,1,Urban,1,Multichannel,No E-Mail,0,0,0.0
30969,4,3) $200 - $350,232.94,1,0,Surburban,1,Multichannel,Mens E-Mail,0,0,0.0
30990,4,4) $350 - $500,453.57,1,0,Urban,1,Multichannel,No E-Mail,0,0,0.0
31002,2,3) $200 - $350,218.05,1,0,Rural,0,Multichannel,Mens E-Mail,0,0,0.0
31003,8,1) $0 - $100,29.99,1,0,Rural,0,Phone,Womens E-Mail,0,0,0.0
31005,6,1) $0 - $100,90.82,1,0,Surburban,1,Web,Womens E-Mail,0,0,0.0
31008,3,2) $100 - $200,123.73,1,0,Surburban,1,Phone,Womens E-Mail,1,0,0.0
31027,9,1) $0 - $100,70.75,1,0,Surburban,1,Phone,Mens E-Mail,0,0,0.0
31039,5,2) $100 - $200,103.34,1,0,Surburban,1,Web,No E-Mail,0,0,0.0
31100,10,2) $100 - $200,158.17,1,0,Surburban,0,Phone,Mens E-Mail,0,0,0.0
31109,4,2) $100 - $200,172.62,0,1,Urban,0,Phone,No E-Mail,0,0,0.0
31120,3,2) $100 - $200,111.23,0,1,Surburban,1,Web,Mens E-Mail,0,0,0.0
31128,3,5) $500 - $750,654.9,1,1,Urban,1,Multichannel,No E-Mail,0,0,0.0
31129,6,"7) $1,000 +",1129.7,1,0,Rural,1,Multichannel,Mens E-Mail,0,0,0.0
31135,2,2) $100 - $200,110.06,0,1,Rural,1,Web,No E-Mail,0,0,0.0
31146,3,3) $200 - $350,318.27,1,0,Surburban,0,Web,No E-Mail,0,0,0.0
31153,9,4) $350 - $500,430.18,0,1,Surburban,0,Web,Mens E-Mail,0,0,0.0
31156,10,1) $0 - $100,29.99,1,0,Surburban,1,Phone,Mens E-Mail,0,0,0.0
31158,1,3) $200 - $350,261.37,0,1,Urban,1,Web,Mens E-Mail,0,0,0.0
31159,7,1) $0 - $100,29.99,1,0,Rural,0,Web,No E-Mail,0,0,0.0
31160,3,1) $0 - $100,42.61,1,0,Surburban,1,Web,No E-Mail,0,0,0.0
31189,7,2) $100 - $200,178.88,1,0,Rural,0,Phone,Mens E-Mail,1,0,0.0
31206,3,3) $200 - $350,249.97,0,1,Surburban,1,Phone,No E-Mail,0,0,0.0
31209,9,1) $0 - $100,65.67,0,1,Surburban,0,Web,Womens E-Mail,0,0,0.0
31210,6,4) $350 - $500,424.59,1,0,Urban,0,Multichannel,Mens E-Mail,0,0,0.0
31217,6,2) $100 - $200,120.88,1,0,Urban,0,Web,No E-Mail,0,0,0.0
31220,3,2) $100 - $200,169.66,1,0,Urban,0,Phone,No E-Mail,0,0,0.0
31243,6,3) $200 - $350,211.53,1,0,Urban,0,Multichannel,No E-Mail,0,0,0.0
31255,5,2) $100 - $200,110.36,1,0,Urban,1,Web,Mens E-Mail,0,0,0.0
31289,12,3) $200 - $350,218.23,0,1,Surburban,1,Phone,Womens E-Mail,0,0,0.0
31301,1,"6) $750 - $1,000",785.46,1,0,Urban,1,Multichannel,Womens E-Mail,0,0,0.0
31305,11,3) $200 - $350,258.0,0,1,Urban,0,Phone,No E-Mail,0,0,0.0
31313,10,1) $0 - $100,97.43,1,0,Surburban,1,Web,Womens E-Mail,0,0,0.0
31314,4,4) $350 - $500,418.64,0,1,Surburban,0,Web,Mens E-Mail,0,0,0.0
31319,9,2) $100 - $200,185.78,0,1,Surburban,1,Phone,No E-Mail,0,0,0.0
31325,4,1) $0 - $100,81.13,1,0,Urban,0,Web,No E-Mail,0,0,0.0
31337,5,5) $500 - $750,529.07,0,1,Rural,1,Web,Mens E-Mail,1,0,0.0
31349,2,1) $0 - $100,81.9,0,1,Surburban,0,Phone,Womens E-Mail,1,0,0.0
31353,10,1) $0 - $100,45.09,1,0,Urban,0,Phone,Mens E-Mail,0,0,0.0
31359,4,1) $0 - $100,30.4,1,0,Surburban,1,Web,No E-Mail,0,0,0.0
31362,2,4) $350 - $500,389.5,1,0,Urban,0,Web,Mens E-Mail,1,0,0.0
31369,3,1) $0 - $100,29.99,0,1,Urban,0,Web,Mens E-Mail,0,0,0.0
31370,3,1) $0 - $100,45.89,0,1,Rural,1,Web,No E-Mail,0,0,0.0
31373,1,1) $0 - $100,34.11,0,1,Surburban,1,Phone,Mens E-Mail,0,0,0.0
31382,4,2) $100 - $200,161.07,1,0,Rural,1,Web,Womens E-Mail,0,0,0.0
31421,12,1) $0 - $100,48.81,1,0,Surburban,1,Phone,Mens E-Mail,0,0,0.0
31426,7,3) $200 - $350,235.79,1,0,Urban,0,Web,Womens E-Mail,0,0,0.0
31431,6,1) $0 - $100,87.79,0,1,Rural,1,Web,Mens E-Mail,0,0,0.0
31433,1,5) $500 - $750,621.3,0,1,Rural,1,Web,No E-Mail,0,0,0.0
31434,2,3) $200 - $350,225.86,1,0,Urban,0,Web,Mens E-Mail,0,0,0.0
31471,9,1) $0 - $100,55.08,0,1,Rural,1,Web,Mens E-Mail,0,0,0.0
31476,5,3) $200 - $350,279.33,1,1,Surburban,0,Phone,No E-Mail,0,0,0.0
31493,3,1) $0 - $100,35.83,0,1,Rural,0,Phone,Womens E-Mail,0,0,0.0
31526,3,"6) $750 - $1,000",848.27,1,0,Urban,1,Web,No E-Mail,0,0,0.0
31527,4,2) $100 - $200,177.84,0,1,Urban,0,Phone,Mens E-Mail,0,0,0.0
31538,7,2) $100 - $200,174.57,1,0,Surburban,0,Phone,Womens E-Mail,0,0,0.0
31542,11,1) $0 - $100,88.89,0,1,Rural,0,Phone,Womens E-Mail,0,0,0.0
31555,8,3) $200 - $350,308.33,1,1,Surburban,0,Multichannel,Mens E-Mail,0,0,0.0
31561,7,1) $0 - $100,43.76,1,0,Rural,0,Phone,Mens E-Mail,0,0,0.0
31574,2,3) $200 - $350,220.02,0,1,Surburban,0,Phone,No E-Mail,0,0,0.0
31591,11,2) $100 - $200,133.3,1,0,Surburban,1,Web,Mens E-Mail,0,0,0.0
31592,11,1) $0 - $100,56.34,0,1,Urban,1,Phone,No E-Mail,0,0,0.0
31601,2,1) $0 - $100,52.86,1,0,Surburban,0,Web,Mens E-Mail,1,0,0.0
31616,3,3) $200 - $350,347.57,0,1,Rural,0,Web,No E-Mail,1,0,0.0
31623,2,4) $350 - $500,361.84,0,1,Rural,0,Multichannel,No E-Mail,1,0,0.0
31648,4,3) $200 - $350,268.25,0,1,Urban,0,Multichannel,Womens E-Mail,0,0,0.0
31653,8,1) $0 - $100,50.2,1,0,Urban,0,Phone,Womens E-Mail,0,0,0.0
31664,10,3) $200 - $350,258.11,1,0,Rural,1,Web,Womens E-Mail,0,0,0.0
31678,11,3) $200 - $350,257.97,0,1,Surburban,1,Multichannel,Womens E-Mail,0,0,0.0
31679,8,1) $0 - $100,79.1,1,0,Surburban,0,Web,No E-Mail,0,0,0.0
31681,3,"6) $750 - $1,000",968.09,1,0,Urban,1,Multichannel,Mens E-Mail,0,0,0.0
31685,1,2) $100 - $200,137.51,0,1,Surburban,1,Phone,Womens E-Mail,0,0,0.0
31704,2,3) $200 - $350,298.1,1,0,Urban,0,Phone,Womens E-Mail,0,0,0.0
31707,4,1) $0 - $100,34.03,0,1,Rural,1,Phone,No E-Mail,0,0,0.0
31723,12,2) $100 - $200,176.19,1,0,Urban,0,Web,Mens E-Mail,0,0,0.0
31775,2,4) $350 - $500,389.37,1,0,Urban,0,Phone,Mens E-Mail,1,1,49.21
31785,3,3) $200 - $350,303.5,1,0,Surburban,0,Web,Womens E-Mail,0,0,0.0
31789,9,1) $0 - $100,29.99,0,1,Surburban,1,Web,No E-Mail,0,0,0.0
31799,10,5) $500 - $750,562.92,1,0,Rural,1,Phone,No E-Mail,0,0,0.0
31823,2,2) $100 - $200,168.64,1,0,Urban,0,Web,No E-Mail,1,0,0.0
31826,10,3) $200 - $350,200.04,0,1,Urban,1,Web,Mens E-Mail,0,0,0.0
31840,4,1) $0 - $100,69.72,0,1,Surburban,0,Phone,Mens E-Mail,0,0,0.0
31854,6,3) $200 - $350,232.58,0,1,Urban,1,Web,Womens E-Mail,0,0,0.0
31860,3,1) $0 - $100,57.32,1,0,Rural,1,Web,Mens E-Mail,1,0,0.0
31868,4,2) $100 - $200,155.55,1,0,Surburban,0,Web,No E-Mail,0,0,0.0
31869,9,5) $500 - $750,576.2,1,0,Urban,1,Phone,Mens E-Mail,0,0,0.0
31905,8,3) $200 - $350,208.07,0,1,Urban,0,Phone,No E-Mail,0,0,0.0
31931,3,4) $350 - $500,424.64,1,0,Surburban,0,Web,Womens E-Mail,1,0,0.0
31933,2,4) $350 - $500,466.65,1,0,Urban,0,Multichannel,Womens E-Mail,0,0,0.0
31936,10,1) $0 - $100,86.63,1,0,Rural,0,Web,Mens E-Mail,0,0,0.0
31938,8,1) $0 - $100,31.1,1,0,Urban,1,Web,Womens E-Mail,0,0,0.0
31946,5,2) $100 - $200,189.28,1,0,Rural,1,Phone,Womens E-Mail,0,0,0.0
31960,3,1) $0 - $100,75.64,1,0,Surburban,1,Phone,No E-Mail,0,0,0.0
31967,7,1) $0 - $100,48.02,0,1,Surburban,0,Web,Mens E-Mail,0,0,0.0
31970,9,3) $200 - $350,201.42,1,0,Urban,0,Phone,Womens E-Mail,0,0,0.0
31976,10,4) $350 - $500,418.48,1,0,Rural,1,Phone,Womens E-Mail,0,0,0.0
31977,2,3) $200 - $350,206.3,0,1,Surburban,0,Multichannel,Womens E-Mail,1,0,0.0
31981,8,2) $100 - $200,101.99,1,0,Urban,0,Web,Womens E-Mail,0,0,0.0
31995,5,1) $0 - $100,90.18,0,1,Surburban,0,Web,Womens E-Mail,0,0,0.0
32001,10,3) $200 - $350,254.06,0,1,Urban,1,Multichannel,No E-Mail,0,0,0.0
32013,10,1) $0 - $100,50.78,1,0,Urban,0,Web,No E-Mail,0,0,0.0
32016,9,1) $0 - $100,85.11,1,0,Surburban,1,Phone,Womens E-Mail,0,0,0.0
32033,3,5) $500 - $750,518.16,0,1,Urban,1,Multichannel,No E-Mail,0,0,0.0
32035,7,1) $0 - $100,38.43,0,1,Rural,0,Phone,No E-Mail,0,0,0.0
32039,10,3) $200 - $350,215.65,1,0,Surburban,1,Web,Womens E-Mail,0,0,0.0
32064,2,2) $100 - $200,128.03,0,1,Surburban,0,Phone,Womens E-Mail,0,0,0.0
32080,3,3) $200 - $350,283.34,1,0,Rural,1,Multichannel,No E-Mail,1,0,0.0
32085,4,1) $0 - $100,49.61,1,0,Surburban,0,Web,Mens E-Mail,0,0,0.0
32097,10,2) $100 - $200,112.55,1,0,Surburban,1,Phone,Mens E-Mail,0,0,0.0
32118,12,2) $100 - $200,129.78,0,1,Rural,1,Web,Womens E-Mail,0,0,0.0
32122,6,1) $0 - $100,29.99,0,1,Surburban,0,Phone,Mens E-Mail,1,0,0.0
32144,1,5) $500 - $750,725.13,1,0,Rural,1,Multichannel,Womens E-Mail,1,0,0.0
32149,2,1) $0 - $100,29.99,0,1,Surburban,0,Web,No E-Mail,0,0,0.0
32157,1,3) $200 - $350,204.09,1,0,Surburban,0,Web,Mens E-Mail,1,0,0.0
32178,10,1) $0 - $100,29.99,0,1,Urban,0,Phone,Mens E-Mail,0,0,0.0
32183,1,1) $0 - $100,40.76,0,1,Surburban,0,Phone,No E-Mail,0,0,0.0
32193,9,1) $0 - $100,41.89,0,1,Surburban,1,Phone,No E-Mail,0,0,0.0
32201,9,1) $0 - $100,29.99,1,0,Urban,0,Phone,No E-Mail,0,0,0.0
32217,3,5) $500 - $750,642.18,1,1,Urban,1,Phone,No E-Mail,0,0,0.0
32236,8,1) $0 - $100,33.03,0,1,Surburban,1,Web,Mens E-Mail,0,0,0.0
32244,8,1) $0 - $100,50.07,0,1,Surburban,1,Phone,Womens E-Mail,1,0,0.0
32261,1,1) $0 - $100,29.99,0,1,Surburban,0,Phone,Womens E-Mail,0,0,0.0
32273,2,4) $350 - $500,390.85,1,0,Urban,0,Web,Mens E-Mail,0,0,0.0
32282,6,1) $0 - $100,29.99,1,0,Surburban,1,Web,No E-Mail,1,0,0.0
32285,1,1) $0 - $100,51.72,0,1,Urban,1,Phone,Womens E-Mail,0,0,0.0
32292,4,1) $0 - $100,98.09,0,1,Surburban,0,Phone,Mens E-Mail,0,0,0.0
32296,3,5) $500 - $750,740.26,1,0,Surburban,1,Phone,No E-Mail,0,0,0.0
32307,6,1) $0 - $100,81.7,0,1,Rural,0,Phone,Mens E-Mail,0,0,0.0
32315,10,2) $100 - $200,199.19,1,0,Urban,1,Phone,No E-Mail,0,0,0.0
32316,10,4) $350 - $500,387.65,1,0,Urban,1,Phone,Womens E-Mail,0,0,0.0
32317,3,2) $100 - $200,189.09,0,1,Urban,0,Web,Mens E-Mail,0,0,0.0
32318,11,3) $200 - $350,226.9,1,0,Surburban,0,Phone,No E-Mail,0,0,0.0
32333,12,2) $100 - $200,143.09,0,1,Surburban,0,Phone,No E-Mail,1,0,0.0
32354,9,2) $100 - $200,170.26,1,0,Surburban,0,Phone,Mens E-Mail,0,0,0.0
32374,9,1) $0 - $100,54.11,1,0,Rural,0,Web,Womens E-Mail,0,0,0.0
32379,3,4) $350 - $500,387.91,1,0,Surburban,1,Phone,No E-Mail,0,0,0.0
32415,2,"6) $750 - $1,000",774.26,1,1,Urban,1,Phone,Womens E-Mail,1,0,0.0
32433,10,4) $350 - $500,416.5,0,1,Surburban,0,Web,No E-Mail,0,0,0.0
32437,2,2) $100 - $200,163.06,0,1,Urban,0,Web,No E-Mail,0,0,0.0
32439,8,5) $500 - $750,609.32,1,1,Surburban,1,Web,Womens E-Mail,0,0,0.0
32483,1,1) $0 - $100,98.97,0,1,Urban,1,Web,Mens E-Mail,0,0,0.0
32504,10,1) $0 - $100,29.99,1,0,Rural,0,Web,Mens E-Mail,0,0,0.0
32506,10,2) $100 - $200,170.18,1,0,Urban,0,Phone,Womens E-Mail,1,0,0.0
32520,12,2) $100 - $200,173.14,0,1,Surburban,0,Phone,Womens E-Mail,0,0,0.0
32522,8,1) $0 - $100,73.01,0,1,Urban,0,Web,Mens E-Mail,0,0,0.0
32533,8,3) $200 - $350,252.85,0,1,Surburban,0,Web,No E-Mail,1,0,0.0
32536,11,3) $200 - $350,345.37,1,0,Rural,0,Multichannel,Womens E-Mail,0,0,0.0
32541,10,1) $0 - $100,65.98,0,1,Surburban,1,Web,Mens E-Mail,0,0,0.0
32546,6,1) $0 - $100,32.86,1,0,Urban,1,Phone,No E-Mail,0,0,0.0
32556,4,2) $100 - $200,107.06,1,0,Rural,0,Phone,No E-Mail,1,0,0.0
32558,10,2) $100 - $200,150.91,1,0,Urban,1,Phone,No E-Mail,0,0,0.0
32559,9,1) $0 - $100,29.99,0,1,Surburban,1,Web,Womens E-Mail,1,0,0.0
32564,6,3) $200 - $350,229.91,0,1,Rural,1,Web,Mens E-Mail,0,0,0.0
32567,6,2) $100 - $200,129.84,0,1,Surburban,0,Web,No E-Mail,0,0,0.0
32575,2,1) $0 - $100,29.99,1,0,Surburban,0,Web,Womens E-Mail,1,0,0.0
32597,7,5) $500 - $750,538.79,1,1,Surburban,1,Phone,Womens E-Mail,1,0,0.0
32606,2,1) $0 - $100,30.92,0,1,Urban,1,Phone,Womens E-Mail,1,0,0.0
32614,9,1) $0 - $100,92.37,1,0,Surburban,0,Phone,Womens E-Mail,0,0,0.0
32615,3,1) $0 - $100,60.7,1,0,Urban,0,Phone,Mens E-Mail,1,0,0.0
32618,4,4) $350 - $500,424.9,1,0,Urban,0,Phone,Womens E-Mail,0,0,0.0
32630,9,4) $350 - $500,486.57,1,0,Surburban,1,Phone,Mens E-Mail,0,0,0.0
32644,6,5) $500 - $750,546.51,1,0,Urban,1,Multichannel,No E-Mail,0,0,0.0
32647,2,3) $200 - $350,323.28,0,1,Urban,0,Phone,Mens E-Mail,0,0,0.0
32649,7,1) $0 - $100,29.99,1,0,Surburban,0,Phone,Mens E-Mail,0,0,0.0
32655,5,2) $100 - $200,195.34,1,0,Surburban,1,Web,Mens E-Mail,0,0,0.0
32678,1,3) $200 - $350,287.45,0,1,Urban,1,Multichannel,Womens E-Mail,0,0,0.0
32695,8,2) $100 - $200,114.29,0,1,Rural,1,Web,Mens E-Mail,0,0,0.0
32708,1,4) $350 - $500,461.44,1,0,Surburban,0,Phone,Womens E-Mail,0,0,0.0
32724,4,2) $100 - $200,101.35,1,0,Urban,0,Phone,Womens E-Mail,0,0,0.0
32743,12,1) $0 - $100,46.82,1,0,Rural,0,Phone,No E-Mail,0,0,0.0
32746,10,1) $0 - $100,54.45,1,0,Surburban,1,Web,Mens E-Mail,1,0,0.0
32759,8,1) $0 - $100,79.32,0,1,Urban,0,Phone,Mens E-Mail,1,0,0.0
32767,3,3) $200 - $350,225.39,1,0,Surburban,1,Web,Womens E-Mail,0,0,0.0
32813,2,3) $200 - $350,207.23,1,0,Urban,0,Multichannel,No E-Mail,0,0,0.0
32822,2,2) $100 - $200,192.61,1,0,Surburban,0,Phone,No E-Mail,0,0,0.0
32854,2,5) $500 - $750,571.39,1,0,Urban,1,Web,No E-Mail,1,0,0.0
32858,8,3) $200 - $350,269.27,1,1,Urban,0,Multichannel,Mens E-Mail,1,0,0.0
32862,11,1) $0 - $100,80.93,0,1,Surburban,1,Web,Mens E-Mail,0,0,0.0
32865,5,3) $200 - $350,304.93,0,1,Surburban,0,Web,Womens E-Mail,1,0,0.0
32870,8,2) $100 - $200,105.42,1,0,Surburban,0,Phone,Mens E-Mail,0,0,0.0
32873,2,5) $500 - $750,540.08,0,1,Rural,1,Web,Mens E-Mail,0,0,0.0
32874,5,1) $0 - $100,90.21,1,0,Rural,0,Phone,No E-Mail,0,0,0.0
32882,5,1) $0 - $100,99.15,1,0,Urban,1,Web,Mens E-Mail,0,0,0.0
32911,5,4) $350 - $500,368.96,1,0,Rural,0,Multichannel,Womens E-Mail,0,0,0.0
32929,2,1) $0 - $100,87.86,0,1,Urban,0,Web,No E-Mail,0,0,0.0
32947,1,3) $200 - $350,263.36,1,0,Rural,1,Web,No E-Mail,0,0,0.0
32949,11,1) $0 - $100,29.99,0,1,Surburban,0,Phone,Mens E-Mail,0,0,0.0
32950,8,"6) $750 - $1,000",835.89,0,1,Urban,1,Web,No E-Mail,0,0,0.0
32966,7,1) $0 - $100,68.29,0,1,Surburban,1,Phone,Womens E-Mail,0,0,0.0
32970,6,2) $100 - $200,144.62,0,1,Surburban,1,Phone,No E-Mail,0,0,0.0
32977,10,2) $100 - $200,142.94,1,0,Surburban,1,Web,No E-Mail,0,0,0.0
32983,9,3) $200 - $350,336.3,1,0,Surburban,0,Phone,No E-Mail,0,0,0.0
32991,6,5) $500 - $750,522.58,0,1,Urban,1,Web,Womens E-Mail,1,0,0.0
33007,10,1) $0 - $100,36.37,1,0,Urban,1,Web,No E-Mail,0,0,0.0
33010,5,1) $0 - $100,52.82,1,0,Surburban,1,Phone,Mens E-Mail,0,0,0.0
33028,3,4) $350 - $500,440.37,1,1,Surburban,0,Multichannel,Womens E-Mail,0,0,0.0
33030,9,2) $100 - $200,129.74,0,1,Urban,0,Phone,Womens E-Mail,0,0,0.0
33038,9,1) $0 - $100,29.99,0,1,Surburban,0,Web,Womens E-Mail,1,0,0.0
33039,3,2) $100 - $200,195.55,0,1,Urban,0,Web,No E-Mail,0,0,0.0
33046,8,4) $350 - $500,442.51,1,0,Rural,0,Web,Womens E-Mail,0,0,0.0
33057,3,3) $200 - $350,322.77,1,0,Rural,0,Web,Womens E-Mail,0,0,0.0
33061,3,5) $500 - $750,733.46,0,1,Urban,1,Web,Womens E-Mail,1,0,0.0
33078,9,2) $100 - $200,101.72,0,1,Surburban,0,Phone,Womens E-Mail,0,0,0.0
33082,1,5) $500 - $750,626.99,0,1,Surburban,1,Phone,Womens E-Mail,0,0,0.0
33105,7,3) $200 - $350,207.32,1,0,Surburban,0,Phone,Womens E-Mail,1,0,0.0
33108,4,2) $100 - $200,117.89,1,0,Rural,0,Web,Mens E-Mail,1,1,56.86
33117,9,1) $0 - $100,29.99,1,0,Surburban,0,Phone,No E-Mail,0,0,0.0
33126,11,2) $100 - $200,153.19,1,0,Surburban,1,Web,Womens E-Mail,0,0,0.0
33128,9,2) $100 - $200,191.64,0,1,Urban,1,Phone,No E-Mail,0,0,0.0
33134,11,2) $100 - $200,139.95,1,0,Rural,1,Web,Mens E-Mail,0,0,0.0
33136,8,2) $100 - $200,163.2,0,1,Urban,0,Web,No E-Mail,0,0,0.0
33140,6,1) $0 - $100,29.99,1,0,Rural,1,Phone,No E-Mail,0,0,0.0
33141,10,1) $0 - $100,75.32,1,0,Surburban,1,Phone,No E-Mail,0,0,0.0
33146,1,5) $500 - $750,584.18,1,0,Surburban,1,Multichannel,Womens E-Mail,0,0,0.0
33150,2,2) $100 - $200,177.75,0,1,Urban,1,Phone,No E-Mail,0,0,0.0
33161,9,2) $100 - $200,114.26,1,0,Surburban,0,Phone,Mens E-Mail,0,0,0.0
33163,9,3) $200 - $350,289.91,0,1,Urban,0,Phone,Womens E-Mail,0,0,0.0
33170,4,3) $200 - $350,316.04,1,0,Surburban,0,Web,Mens E-Mail,0,0,0.0
33192,7,1) $0 - $100,32.33,1,0,Surburban,1,Web,Womens E-Mail,0,0,0.0
33220,3,2) $100 - $200,194.92,0,1,Urban,0,Phone,Mens E-Mail,1,0,0.0
33226,2,4) $350 - $500,466.98,0,1,Surburban,0,Multichannel,Womens E-Mail,0,0,0.0
33229,9,1) $0 - $100,33.57,0,1,Surburban,0,Phone,Mens E-Mail,0,0,0.0
33230,10,4) $350 - $500,446.79,0,1,Surburban,0,Phone,Mens E-Mail,0,0,0.0
33248,9,1) $0 - $100,29.99,1,0,Surburban,1,Phone,No E-Mail,0,0,0.0
33252,2,5) $500 - $750,561.53,1,1,Surburban,1,Phone,Mens E-Mail,0,0,0.0
33258,12,2) $100 - $200,132.34,0,1,Rural,1,Web,Mens E-Mail,0,0,0.0
33263,9,2) $100 - $200,167.29,1,0,Urban,0,Phone,No E-Mail,0,0,0.0
33264,9,1) $0 - $100,29.99,1,0,Surburban,0,Web,Womens E-Mail,1,0,0.0
33266,11,3) $200 - $350,200.67,1,1,Surburban,1,Multichannel,No E-Mail,0,0,0.0
33270,2,5) $500 - $750,534.48,1,0,Urban,1,Phone,Mens E-Mail,0,0,0.0
33276,5,3) $200 - $350,252.56,1,1,Surburban,0,Phone,Womens E-Mail,0,0,0.0
33289,9,2) $100 - $200,126.48,1,0,Urban,0,Phone,No E-Mail,0,0,0.0
33298,9,1) $0 - $100,46.83,1,0,Surburban,1,Phone,Mens E-Mail,0,0,0.0
33304,10,1) $0 - $100,29.99,1,0,Surburban,0,Phone,Womens E-Mail,0,0,0.0
33318,3,1) $0 - $100,57.35,1,0,Surburban,0,Phone,No E-Mail,0,0,0.0
33321,5,2) $100 - $200,104.63,0,1,Surburban,0,Phone,Womens E-Mail,1,0,0.0
33333,2,5) $500 - $750,543.1,0,1,Urban,1,Multichannel,Womens E-Mail,0,0,0.0
33339,6,1) $0 - $100,33.7,1,0,Surburban,0,Phone,Mens E-Mail,0,0,0.0
33387,9,"6) $750 - $1,000",862.47,0,1,Surburban,1,Web,Womens E-Mail,0,0,0.0
33406,10,1) $0 - $100,29.99,1,0,Rural,0,Web,Mens E-Mail,0,0,0.0
33418,6,1) $0 - $100,91.73,1,0,Surburban,0,Phone,Mens E-Mail,0,0,0.0
33423,10,2) $100 - $200,152.29,0,1,Rural,0,Web,Mens E-Mail,0,0,0.0
33428,6,3) $200 - $350,314.79,1,1,Urban,0,Web,Womens E-Mail,0,0,0.0
33431,2,1) $0 - $100,91.44,0,1,Surburban,0,Phone,No E-Mail,1,0,0.0
33434,5,4) $350 - $500,363.74,0,1,Urban,0,Multichannel,Mens E-Mail,0,0,0.0
33435,4,2) $100 - $200,135.98,0,1,Urban,1,Web,Mens E-Mail,0,0,0.0
33437,2,2) $100 - $200,129.11,0,1,Urban,0,Web,Mens E-Mail,0,0,0.0
33446,10,1) $0 - $100,97.87,1,0,Rural,0,Web,No E-Mail,0,0,0.0
33461,3,2) $100 - $200,157.48,1,0,Urban,1,Web,Womens E-Mail,0,0,0.0
33519,10,1) $0 - $100,92.69,1,0,Surburban,1,Web,Womens E-Mail,0,0,0.0
33523,2,2) $100 - $200,151.96,0,1,Surburban,1,Phone,Mens E-Mail,0,0,0.0
33541,1,1) $0 - $100,29.99,0,1,Rural,1,Phone,Mens E-Mail,0,0,0.0
33542,3,1) $0 - $100,29.99,1,0,Surburban,1,Web,Mens E-Mail,0,0,0.0
33549,11,3) $200 - $350,261.59,0,1,Surburban,0,Phone,Mens E-Mail,0,0,0.0
33571,11,2) $100 - $200,124.1,1,0,Surburban,1,Web,Womens E-Mail,0,0,0.0
33576,2,2) $100 - $200,114.1,0,1,Urban,0,Web,Mens E-Mail,1,0,0.0
33614,2,1) $0 - $100,55.24,1,0,Surburban,1,Phone,Womens E-Mail,0,0,0.0
33631,1,1) $0 - $100,95.35,0,1,Urban,0,Web,Womens E-Mail,0,0,0.0
33654,9,1) $0 - $100,29.99,0,1,Surburban,0,Phone,Womens E-Mail,0,0,0.0
33673,3,3) $200 - $350,231.9,1,0,Surburban,0,Phone,No E-Mail,0,0,0.0
33686,7,4) $350 - $500,433.53,1,0,Urban,0,Multichannel,Womens E-Mail,0,0,0.0
33687,1,1) $0 - $100,62.52,1,0,Rural,1,Phone,Mens E-Mail,1,0,0.0
33700,5,1) $0 - $100,37.01,1,0,Surburban,1,Phone,Womens E-Mail,0,0,0.0
33702,1,5) $500 - $750,512.44,1,1,Urban,1,Multichannel,Mens E-Mail,0,0,0.0
33729,1,2) $100 - $200,104.05,0,1,Surburban,0,Phone,No E-Mail,0,0,0.0
33773,7,3) $200 - $350,318.39,1,0,Surburban,0,Web,No E-Mail,0,0,0.0
33810,9,1) $0 - $100,95.99,0,1,Surburban,0,Phone,Womens E-Mail,0,0,0.0
33811,4,4) $350 - $500,499.42,1,1,Urban,1,Web,Womens E-Mail,0,0,0.0
33849,4,2) $100 - $200,145.97,0,1,Surburban,0,Web,No E-Mail,0,0,0.0
33850,6,1) $0 - $100,29.99,0,1,Surburban,1,Web,No E-Mail,0,0,0.0
33857,10,1) $0 - $100,92.26,0,1,Surburban,0,Web,Womens E-Mail,0,0,0.0
33859,4,4) $350 - $500,444.99,1,0,Urban,0,Phone,No E-Mail,0,0,0.0
33878,1,3) $200 - $350,259.86,1,0,Surburban,0,Phone,No E-Mail,0,0,0.0
33881,9,3) $200 - $350,271.29,0,1,Urban,0,Web,No E-Mail,0,0,0.0
33882,2,1) $0 - $100,73.86,0,1,Surburban,0,Phone,No E-Mail,0,0,0.0
33890,6,3) $200 - $350,274.87,1,0,Surburban,0,Multichannel,No E-Mail,0,0,0.0
33922,10,5) $500 - $750,659.47,0,1,Surburban,1,Multichannel,Mens E-Mail,0,0,0.0
33937,2,5) $500 - $750,645.3,1,0,Surburban,1,Web,No E-Mail,0,0,0.0
33954,3,1) $0 - $100,93.12,0,1,Surburban,0,Phone,Mens E-Mail,0,0,0.0
33958,7,4) $350 - $500,395.36,0,1,Rural,0,Web,Womens E-Mail,0,0,0.0
33976,11,1) $0 - $100,93.93,0,1,Surburban,0,Web,No E-Mail,0,0,0.0
33984,7,1) $0 - $100,35.38,0,1,Surburban,0,Phone,No E-Mail,0,0,0.0
33987,2,2) $100 - $200,154.04,1,0,Surburban,0,Web,No E-Mail,1,0,0.0
34003,11,1) $0 - $100,29.99,1,0,Surburban,1,Phone,Mens E-Mail,0,0,0.0
34025,6,2) $100 - $200,124.49,0,1,Rural,0,Web,No E-Mail,0,0,0.0
34036,10,2) $100 - $200,130.2,1,0,Rural,0,Web,Womens E-Mail,0,0,0.0
34037,2,4) $350 - $500,453.2,0,1,Urban,0,Web,No E-Mail,0,0,0.0
34039,8,1) $0 - $100,29.99,1,0,Surburban,1,Phone,Womens E-Mail,0,0,0.0
34046,4,3) $200 - $350,229.51,1,0,Urban,1,Multichannel,Womens E-Mail,0,0,0.0
34055,6,5) $500 - $750,677.49,1,0,Surburban,1,Multichannel,Womens E-Mail,0,0,0.0
34068,7,4) $350 - $500,369.08,0,1,Urban,0,Web,Mens E-Mail,0,0,0.0
34070,1,3) $200 - $350,330.71,1,1,Urban,1,Phone,No E-Mail,0,0,0.0
34071,7,1) $0 - $100,41.8,0,1,Surburban,1,Phone,Mens E-Mail,0,0,0.0
34078,6,3) $200 - $350,234.47,1,1,Rural,0,Multichannel,Mens E-Mail,0,0,0.0
34080,7,2) $100 - $200,110.0,0,1,Urban,0,Phone,No E-Mail,0,0,0.0
34081,6,3) $200 - $350,224.0,0,1,Urban,0,Multichannel,Womens E-Mail,0,0,0.0
34083,12,2) $100 - $200,109.52,1,0,Surburban,0,Phone,No E-Mail,0,0,0.0
34105,11,1) $0 - $100,70.89,1,0,Urban,0,Phone,Mens E-Mail,0,0,0.0
34107,12,1) $0 - $100,41.57,0,1,Urban,0,Web,Mens E-Mail,1,0,0.0
34110,10,4) $350 - $500,418.43,0,1,Rural,0,Phone,Mens E-Mail,0,0,0.0
34116,9,3) $200 - $350,320.26,0,1,Surburban,1,Multichannel,Mens E-Mail,0,0,0.0
34118,11,3) $200 - $350,329.72,0,1,Surburban,0,Multichannel,Womens E-Mail,0,0,0.0
34123,9,1) $0 - $100,71.24,1,0,Urban,0,Phone,Womens E-Mail,0,0,0.0
34130,4,3) $200 - $350,346.53,0,1,Urban,0,Phone,Womens E-Mail,1,0,0.0
34178,11,2) $100 - $200,168.47,0,1,Urban,1,Web,Mens E-Mail,0,0,0.0
34216,4,4) $350 - $500,351.13,1,0,Urban,0,Phone,No E-Mail,1,0,0.0
34222,6,3) $200 - $350,328.24,0,1,Urban,1,Phone,Mens E-Mail,0,0,0.0
34232,1,1) $0 - $100,64.7,0,1,Rural,0,Web,Mens E-Mail,1,1,97.27
34233,11,4) $350 - $500,421.35,1,0,Rural,0,Phone,Mens E-Mail,0,0,0.0
34235,4,3) $200 - $350,271.94,1,0,Surburban,1,Web,No E-Mail,0,0,0.0
34265,6,2) $100 - $200,168.35,1,0,Urban,0,Web,No E-Mail,0,0,0.0
34273,9,1) $0 - $100,58.09,1,0,Surburban,0,Phone,No E-Mail,0,0,0.0
34276,2,4) $350 - $500,434.44,1,0,Urban,1,Phone,No E-Mail,0,0,0.0
34280,9,3) $200 - $350,204.0,1,1,Rural,1,Web,Mens E-Mail,0,0,0.0
34282,3,4) $350 - $500,427.92,1,0,Urban,0,Multichannel,No E-Mail,0,0,0.0
34286,2,"6) $750 - $1,000",927.52,1,0,Surburban,1,Web,Mens E-Mail,1,0,0.0
34295,10,1) $0 - $100,35.87,1,0,Urban,1,Web,Womens E-Mail,0,0,0.0
34308,8,1) $0 - $100,36.74,1,0,Surburban,1,Phone,Womens E-Mail,0,0,0.0
34311,10,1) $0 - $100,86.21,0,1,Urban,0,Phone,Womens E-Mail,1,0,0.0
34339,8,5) $500 - $750,567.22,0,1,Surburban,1,Phone,No E-Mail,0,0,0.0
34340,4,1) $0 - $100,80.15,0,1,Urban,0,Phone,Mens E-Mail,0,0,0.0
34347,5,2) $100 - $200,158.15,0,1,Rural,0,Phone,Mens E-Mail,0,0,0.0
34350,7,1) $0 - $100,64.92,1,0,Urban,1,Web,Mens E-Mail,0,0,0.0
34360,11,3) $200 - $350,341.67,1,0,Urban,1,Web,Womens E-Mail,0,0,0.0
34364,5,1) $0 - $100,29.99,1,0,Urban,1,Phone,No E-Mail,0,0,0.0
34378,1,2) $100 - $200,167.61,1,0,Urban,1,Phone,No E-Mail,0,0,0.0
34395,9,1) $0 - $100,74.17,0,1,Rural,0,Web,No E-Mail,0,0,0.0
34404,11,1) $0 - $100,57.16,1,0,Urban,1,Phone,Womens E-Mail,0,0,0.0
34407,9,3) $200 - $350,212.81,0,1,Surburban,0,Phone,Womens E-Mail,0,0,0.0
34416,7,1) $0 - $100,64.0,1,0,Urban,1,Web,No E-Mail,0,0,0.0
34418,7,1) $0 - $100,29.99,0,1,Rural,0,Phone,Womens E-Mail,0,0,0.0
34426,10,5) $500 - $750,623.55,1,0,Surburban,1,Web,No E-Mail,0,0,0.0
34429,10,1) $0 - $100,29.99,1,0,Urban,0,Web,Womens E-Mail,0,0,0.0
34441,12,2) $100 - $200,144.57,1,0,Urban,0,Web,No E-Mail,1,0,0.0
34464,9,1) $0 - $100,49.14,1,0,Urban,0,Web,No E-Mail,0,0,0.0
34467,7,3) $200 - $350,348.73,0,1,Surburban,0,Web,No E-Mail,0,0,0.0
34476,10,4) $350 - $500,405.67,1,1,Urban,0,Phone,No E-Mail,0,0,0.0
34500,1,2) $100 - $200,146.12,0,1,Urban,1,Phone,Mens E-Mail,1,0,0.0
34501,3,1) $0 - $100,89.94,1,0,Surburban,0,Web,Womens E-Mail,1,0,0.0
34510,5,2) $100 - $200,137.19,1,0,Urban,1,Phone,Mens E-Mail,0,0,0.0
34515,1,"7) $1,000 +",1202.63,0,1,Urban,1,Multichannel,No E-Mail,1,0,0.0
34516,7,1) $0 - $100,29.99,0,1,Urban,1,Web,Womens E-Mail,0,0,0.0
34543,11,1) $0 - $100,82.24,1,0,Surburban,0,Phone,Womens E-Mail,0,0,0.0
34551,1,1) $0 - $100,33.23,1,0,Surburban,1,Phone,Mens E-Mail,0,0,0.0
34564,10,1) $0 - $100,74.92,0,1,Urban,1,Web,No E-Mail,0,0,0.0
34568,3,2) $100 - $200,153.96,1,0,Surburban,0,Phone,Mens E-Mail,0,0,0.0
34570,1,1) $0 - $100,29.99,0,1,Surburban,0,Web,Mens E-Mail,0,0,0.0
34574,10,1) $0 - $100,52.86,0,1,Surburban,0,Web,Mens E-Mail,0,0,0.0
34575,12,1) $0 - $100,72.26,1,0,Urban,1,Web,No E-Mail,0,0,0.0
34603,10,2) $100 - $200,136.7,0,1,Urban,0,Phone,Womens E-Mail,0,0,0.0
34631,8,2) $100 - $200,117.19,1,0,Rural,1,Phone,No E-Mail,0,0,0.0
34632,5,4) $350 - $500,449.96,1,0,Surburban,0,Phone,Mens E-Mail,0,0,0.0
34634,3,3) $200 - $350,273.57,1,0,Surburban,0,Phone,Womens E-Mail,0,0,0.0
34637,3,3) $200 - $350,264.94,0,1,Rural,0,Web,Womens E-Mail,1,0,0.0
34644,3,2) $100 - $200,156.18,1,0,Urban,0,Web,No E-Mail,0,0,0.0
34649,6,4) $350 - $500,372.89,0,1,Rural,0,Phone,Womens E-Mail,0,0,0.0
34653,4,2) $100 - $200,130.84,0,1,Urban,0,Web,Mens E-Mail,0,0,0.0
34658,8,1) $0 - $100,36.29,0,1,Surburban,1,Web,Womens E-Mail,0,0,0.0
34664,12,1) $0 - $100,29.99,0,1,Surburban,1,Web,Womens E-Mail,0,0,0.0
34667,2,3) $200 - $350,203.95,1,0,Urban,1,Phone,Mens E-Mail,1,0,0.0
34675,3,4) $350 - $500,462.03,0,1,Urban,0,Phone,Mens E-Mail,1,0,0.0
34692,10,3) $200 - $350,274.39,1,0,Surburban,0,Web,Mens E-Mail,1,0,0.0
34693,11,1) $0 - $100,94.87,0,1,Surburban,0,Phone,Womens E-Mail,0,0,0.0
34702,10,1) $0 - $100,90.83,1,0,Surburban,1,Web,Mens E-Mail,0,0,0.0
34717,2,4) $350 - $500,414.73,1,0,Urban,0,Phone,Mens E-Mail,1,0,0.0
34723,12,1) $0 - $100,68.21,0,1,Surburban,1,Web,Womens E-Mail,0,0,0.0
34736,5,1) $0 - $100,29.99,0,1,Surburban,1,Phone,Mens E-Mail,0,0,0.0
34738,1,1) $0 - $100,56.91,0,1,Surburban,1,Phone,Mens E-Mail,0,0,0.0
34747,6,1) $0 - $100,52.54,1,0,Rural,1,Web,Mens E-Mail,0,0,0.0
34778,8,1) $0 - $100,66.73,0,1,Surburban,0,Phone,Mens E-Mail,0,0,0.0
34779,10,1) $0 - $100,29.99,1,0,Surburban,1,Web,No E-Mail,0,0,0.0
34812,9,1) $0 - $100,74.06,0,1,Surburban,1,Web,No E-Mail,0,0,0.0
34821,11,3) $200 - $350,279.39,0,1,Rural,0,Phone,Womens E-Mail,1,0,0.0
34833,12,1) $0 - $100,29.99,0,1,Surburban,0,Web,Womens E-Mail,0,0,0.0
34842,2,4) $350 - $500,351.72,1,1,Urban,0,Web,Mens E-Mail,1,0,0.0
34844,2,1) $0 - $100,29.99,1,0,Surburban,0,Web,No E-Mail,0,0,0.0
34845,1,"6) $750 - $1,000",922.76,0,1,Rural,1,Phone,No E-Mail,0,0,0.0
34848,9,2) $100 - $200,142.29,1,0,Surburban,1,Web,No E-Mail,0,0,0.0
34856,2,2) $100 - $200,181.58,1,0,Surburban,0,Phone,Mens E-Mail,0,0,0.0
34864,4,1) $0 - $100,81.44,1,0,Surburban,0,Web,No E-Mail,0,0,0.0
34897,12,3) $200 - $350,280.14,1,0,Urban,0,Web,Mens E-Mail,0,0,0.0
34904,12,1) $0 - $100,34.15,0,1,Surburban,1,Phone,Mens E-Mail,0,0,0.0
34924,10,2) $100 - $200,182.5,0,1,Rural,0,Web,No E-Mail,0,0,0.0
34949,1,4) $350 - $500,422.03,0,1,Surburban,0,Web,No E-Mail,0,0,0.0
34958,9,2) $100 - $200,131.52,1,0,Rural,1,Web,Womens E-Mail,0,0,0.0
35006,4,1) $0 - $100,65.08,0,1,Urban,0,Phone,Mens E-Mail,0,0,0.0
35013,4,2) $100 - $200,157.49,1,0,Urban,0,Web,Womens E-Mail,0,0,0.0
35039,11,1) $0 - $100,29.99,1,0,Rural,1,Phone,Mens E-Mail,0,0,0.0
35057,10,3) $200 - $350,234.91,1,0,Urban,0,Phone,Womens E-Mail,0,0,0.0
35060,6,1) $0 - $100,97.61,1,0,Rural,0,Web,Mens E-Mail,1,0,0.0
35061,1,4) $350 - $500,469.83,0,1,Surburban,1,Web,Mens E-Mail,0,0,0.0
35070,1,3) $200 - $350,258.48,1,0,Rural,0,Phone,No E-Mail,0,0,0.0
35074,4,1) $0 - $100,63.1,0,1,Rural,1,Phone,No E-Mail,0,0,0.0
35076,12,2) $100 - $200,199.13,1,0,Surburban,0,Web,No E-Mail,0,0,0.0
35077,12,2) $100 - $200,105.34,0,1,Rural,0,Phone,Mens E-Mail,0,0,0.0
35078,11,1) $0 - $100,29.99,0,1,Urban,1,Web,Womens E-Mail,0,0,0.0
35099,2,2) $100 - $200,139.63,0,1,Surburban,0,Web,Mens E-Mail,1,0,0.0
35105,5,1) $0 - $100,82.26,0,1,Surburban,0,Phone,Womens E-Mail,0,0,0.0
35131,9,3) $200 - $350,216.97,0,1,Surburban,0,Web,Womens E-Mail,0,0,0.0
35139,3,2) $100 - $200,142.54,1,0,Urban,1,Web,No E-Mail,0,0,0.0
35167,7,3) $200 - $350,292.95,0,1,Surburban,1,Web,Mens E-Mail,0,0,0.0
35186,5,3) $200 - $350,294.74,1,0,Surburban,1,Web,Mens E-Mail,1,0,0.0
35193,8,2) $100 - $200,125.91,0,1,Surburban,1,Phone,No E-Mail,0,0,0.0
35199,3,1) $0 - $100,34.18,1,0,Surburban,0,Phone,Womens E-Mail,0,0,0.0
35202,11,1) $0 - $100,88.4,0,1,Urban,0,Web,Womens E-Mail,0,0,0.0
35219,6,1) $0 - $100,29.99,1,0,Urban,0,Phone,No E-Mail,0,0,0.0
35225,10,1) $0 - $100,87.53,0,1,Surburban,0,Phone,Womens E-Mail,0,0,0.0
35238,1,2) $100 - $200,107.3,0,1,Surburban,1,Phone,No E-Mail,0,0,0.0
35253,7,1) $0 - $100,29.99,0,1,Surburban,1,Phone,No E-Mail,0,0,0.0
35257,9,5) $500 - $750,679.08,0,1,Rural,1,Phone,Mens E-Mail,0,0,0.0
35261,12,1) $0 - $100,29.99,0,1,Rural,0,Web,Mens E-Mail,0,0,0.0
35268,3,4) $350 - $500,430.05,1,0,Rural,1,Multichannel,No E-Mail,0,0,0.0
35272,9,4) $350 - $500,377.38,0,1,Urban,0,Multichannel,Mens E-Mail,0,0,0.0
35286,7,2) $100 - $200,145.63,1,0,Rural,0,Phone,Womens E-Mail,0,0,0.0
35319,10,1) $0 - $100,76.81,1,0,Urban,1,Phone,Womens E-Mail,0,0,0.0
35320,7,1) $0 - $100,89.45,1,0,Urban,1,Web,Mens E-Mail,0,0,0.0
35327,10,2) $100 - $200,175.12,0,1,Urban,1,Phone,No E-Mail,0,0,0.0
35328,1,3) $200 - $350,287.81,1,0,Surburban,1,Phone,Womens E-Mail,0,0,0.0
35334,7,1) $0 - $100,29.99,0,1,Urban,0,Web,Womens E-Mail,0,0,0.0
35348,1,4) $350 - $500,428.28,1,0,Urban,0,Phone,Mens E-Mail,0,0,0.0
35359,6,3) $200 - $350,265.36,0,1,Rural,0,Phone,No E-Mail,0,0,0.0
35360,6,2) $100 - $200,136.22,0,1,Urban,0,Web,No E-Mail,0,0,0.0
35380,4,1) $0 - $100,74.32,0,1,Urban,1,Phone,Mens E-Mail,1,0,0.0
35393,12,1) $0 - $100,29.99,1,0,Surburban,0,Phone,No E-Mail,0,0,0.0
35394,10,1) $0 - $100,45.79,1,0,Urban,0,Web,Mens E-Mail,0,0,0.0
35401,7,1) $0 - $100,44.72,1,0,Surburban,0,Web,Mens E-Mail,0,0,0.0
35404,8,4) $350 - $500,489.36,0,1,Urban,1,Multichannel,No E-Mail,0,0,0.0
35409,1,1) $0 - $100,74.94,1,0,Urban,0,Phone,Mens E-Mail,1,0,0.0
35458,1,1) $0 - $100,29.99,0,1,Urban,0,Web,Womens E-Mail,1,0,0.0
35459,4,3) $200 - $350,304.24,0,1,Urban,0,Web,No E-Mail,0,0,0.0
35471,1,1) $0 - $100,31.67,1,0,Surburban,1,Web,Womens E-Mail,0,0,0.0
35480,9,1) $0 - $100,31.55,0,1,Urban,1,Web,No E-Mail,0,0,0.0
35482,11,4) $350 - $500,463.83,0,1,Urban,1,Multichannel,Mens E-Mail,0,0,0.0
35524,11,3) $200 - $350,281.87,1,1,Surburban,0,Web,Mens E-Mail,0,0,0.0
35525,2,2) $100 - $200,195.18,0,1,Surburban,1,Phone,Mens E-Mail,0,0,0.0
35531,2,4) $350 - $500,468.37,0,1,Surburban,0,Web,Womens E-Mail,1,0,0.0
35537,6,5) $500 - $750,630.14,1,1,Surburban,1,Web,No E-Mail,0,0,0.0
35555,11,1) $0 - $100,41.26,1,0,Surburban,1,Phone,No E-Mail,0,0,0.0
35557,8,1) $0 - $100,56.62,1,0,Surburban,0,Phone,No E-Mail,0,0,0.0
35559,9,1) $0 - $100,96.88,0,1,Urban,0,Phone,Mens E-Mail,1,0,0.0
35566,4,1) $0 - $100,79.53,1,0,Urban,1,Web,No E-Mail,0,0,0.0
35567,9,1) $0 - $100,29.99,0,1,Urban,1,Phone,Womens E-Mail,1,0,0.0
35570,11,3) $200 - $350,200.45,1,0,Urban,1,Phone,Mens E-Mail,0,0,0.0
35582,7,1) $0 - $100,59.53,0,1,Urban,1,Phone,No E-Mail,0,0,0.0
35583,9,2) $100 - $200,118.74,1,0,Surburban,0,Web,Womens E-Mail,0,0,0.0
35603,10,3) $200 - $350,326.53,0,1,Surburban,0,Web,Mens E-Mail,1,0,0.0
35620,6,2) $100 - $200,152.95,0,1,Surburban,1,Phone,Mens E-Mail,0,0,0.0
35623,4,3) $200 - $350,304.32,1,0,Surburban,0,Multichannel,Womens E-Mail,0,0,0.0
35648,11,2) $100 - $200,136.54,0,1,Rural,0,Web,Womens E-Mail,0,0,0.0
35655,4,1) $0 - $100,89.38,0,1,Urban,0,Web,Womens E-Mail,1,0,0.0
35662,10,1) $0 - $100,46.95,1,0,Rural,1,Web,No E-Mail,0,0,0.0
35665,5,5) $500 - $750,510.73,1,0,Urban,1,Multichannel,Mens E-Mail,0,0,0.0
35674,6,3) $200 - $350,323.44,0,1,Urban,0,Multichannel,No E-Mail,0,0,0.0
35690,8,2) $100 - $200,116.23,0,1,Surburban,0,Web,Mens E-Mail,0,0,0.0
35698,2,2) $100 - $200,140.61,0,1,Surburban,0,Phone,No E-Mail,0,0,0.0
35702,9,1) $0 - $100,58.41,1,0,Urban,1,Web,Mens E-Mail,0,0,0.0
35708,5,3) $200 - $350,270.96,1,0,Surburban,0,Phone,Mens E-Mail,0,0,0.0
35709,10,1) $0 - $100,29.99,1,0,Urban,0,Web,No E-Mail,0,0,0.0
35720,12,1) $0 - $100,55.49,0,1,Urban,0,Web,Mens E-Mail,0,0,0.0
35722,12,2) $100 - $200,146.61,1,0,Urban,0,Phone,No E-Mail,0,0,0.0
35729,1,3) $200 - $350,303.03,1,1,Surburban,0,Phone,No E-Mail,0,0,0.0
35740,7,1) $0 - $100,55.09,1,0,Surburban,0,Web,No E-Mail,0,0,0.0
35754,3,5) $500 - $750,604.46,1,1,Urban,1,Phone,No E-Mail,1,0,0.0
35768,10,1) $0 - $100,29.99,1,0,Surburban,0,Phone,No E-Mail,0,0,0.0
35782,2,1) $0 - $100,29.99,0,1,Urban,0,Phone,Mens E-Mail,0,0,0.0
35801,2,4) $350 - $500,407.1,0,1,Rural,1,Web,No E-Mail,0,0,0.0
35803,7,1) $0 - $100,56.18,0,1,Surburban,0,Phone,Mens E-Mail,0,0,0.0
35808,10,"6) $750 - $1,000",783.06,1,1,Surburban,1,Phone,No E-Mail,0,0,0.0
35812,10,1) $0 - $100,79.44,0,1,Surburban,0,Phone,Womens E-Mail,1,0,0.0
35824,1,5) $500 - $750,650.41,1,0,Rural,1,Multichannel,Womens E-Mail,0,0,0.0
35836,4,1) $0 - $100,29.99,1,0,Surburban,1,Phone,No E-Mail,0,0,0.0
35839,2,"7) $1,000 +",1672.21,1,0,Rural,1,Web,Mens E-Mail,0,0,0.0
35844,3,2) $100 - $200,178.64,1,0,Urban,1,Phone,Womens E-Mail,0,0,0.0
35846,5,1) $0 - $100,63.85,1,0,Surburban,0,Phone,No E-Mail,1,0,0.0
35847,12,1) $0 - $100,79.38,1,0,Surburban,0,Web,No E-Mail,0,0,0.0
35848,9,3) $200 - $350,237.45,1,0,Urban,0,Web,No E-Mail,0,0,0.0
35849,10,2) $100 - $200,130.23,0,1,Urban,1,Web,No E-Mail,0,0,0.0
35852,3,1) $0 - $100,78.66,0,1,Urban,1,Phone,Mens E-Mail,0,0,0.0
35855,9,5) $500 - $750,716.9,1,1,Urban,1,Web,No E-Mail,0,0,0.0
35866,9,5) $500 - $750,588.34,1,0,Urban,1,Multichannel,Womens E-Mail,0,0,0.0
35870,9,1) $0 - $100,29.99,1,0,Urban,1,Phone,Mens E-Mail,0,0,0.0
35873,5,1) $0 - $100,99.78,1,0,Rural,0,Web,Mens E-Mail,0,0,0.0
35881,10,2) $100 - $200,168.42,0,1,Surburban,0,Web,Mens E-Mail,0,0,0.0
35899,9,1) $0 - $100,38.01,0,1,Surburban,1,Web,Womens E-Mail,0,0,0.0
35903,9,1) $0 - $100,29.99,1,0,Urban,0,Web,Womens E-Mail,0,0,0.0
35912,9,2) $100 - $200,142.35,0,1,Rural,0,Web,Mens E-Mail,0,0,0.0
35919,5,3) $200 - $350,233.35,0,1,Surburban,0,Web,Mens E-Mail,1,0,0.0
35926,3,3) $200 - $350,227.16,1,0,Urban,1,Web,Womens E-Mail,1,0,0.0
35938,10,1) $0 - $100,55.15,0,1,Surburban,0,Web,Womens E-Mail,1,0,0.0
35944,10,"7) $1,000 +",1145.73,0,1,Surburban,1,Web,No E-Mail,0,0,0.0
35947,7,1) $0 - $100,29.99,1,0,Urban,0,Web,Womens E-Mail,0,0,0.0
35952,5,5) $500 - $750,537.9,0,1,Urban,1,Phone,No E-Mail,0,0,0.0
35962,2,5) $500 - $750,585.7,1,1,Urban,1,Web,Womens E-Mail,1,1,29.99
35964,6,1) $0 - $100,31.26,0,1,Surburban,0,Web,Mens E-Mail,0,0,0.0
35965,10,1) $0 - $100,97.15,0,1,Urban,0,Web,No E-Mail,0,0,0.0
35969,1,"6) $750 - $1,000",827.75,1,0,Urban,1,Multichannel,Womens E-Mail,0,0,0.0
35971,5,1) $0 - $100,41.11,0,1,Surburban,1,Phone,Womens E-Mail,0,0,0.0
35980,2,4) $350 - $500,415.79,0,1,Urban,1,Web,Mens E-Mail,1,0,0.0
35995,10,3) $200 - $350,258.49,1,1,Surburban,0,Multichannel,No E-Mail,0,0,0.0
36000,5,1) $0 - $100,29.99,1,0,Rural,0,Phone,No E-Mail,0,0,0.0
36001,10,2) $100 - $200,131.74,1,0,Surburban,0,Phone,Mens E-Mail,0,0,0.0
36007,12,2) $100 - $200,114.59,1,0,Urban,0,Web,Mens E-Mail,1,0,0.0
36010,11,2) $100 - $200,146.52,1,0,Rural,0,Phone,Mens E-Mail,0,0,0.0
36011,3,5) $500 - $750,526.79,1,0,Urban,1,Web,Mens E-Mail,0,0,0.0
36016,9,1) $0 - $100,71.9,1,0,Surburban,0,Phone,Mens E-Mail,0,0,0.0
36022,3,1) $0 - $100,91.77,0,1,Surburban,1,Web,Mens E-Mail,0,0,0.0
36026,12,1) $0 - $100,34.96,1,0,Urban,0,Phone,Womens E-Mail,0,0,0.0
36034,3,3) $200 - $350,232.56,1,0,Urban,1,Web,Womens E-Mail,0,0,0.0
36037,5,2) $100 - $200,100.48,1,0,Urban,1,Web,No E-Mail,0,0,0.0
36056,12,2) $100 - $200,120.88,0,1,Urban,0,Phone,No E-Mail,0,0,0.0
36057,8,3) $200 - $350,200.17,1,0,Surburban,0,Web,Womens E-Mail,0,0,0.0
36068,11,1) $0 - $100,64.71,0,1,Urban,0,Web,No E-Mail,0,0,0.0
36077,9,2) $100 - $200,189.0,0,1,Surburban,0,Web,No E-Mail,0,0,0.0
36114,7,3) $200 - $350,215.78,1,0,Surburban,1,Phone,Womens E-Mail,0,0,0.0
36119,1,3) $200 - $350,260.39,1,1,Urban,0,Phone,No E-Mail,1,0,0.0
36121,9,1) $0 - $100,32.37,1,0,Urban,1,Phone,No E-Mail,0,0,0.0
36124,11,1) $0 - $100,55.0,0,1,Surburban,1,Web,Womens E-Mail,0,0,0.0
36130,1,2) $100 - $200,195.31,0,1,Urban,1,Web,Mens E-Mail,0,0,0.0
36142,1,"6) $750 - $1,000",982.51,0,1,Surburban,1,Phone,No E-Mail,0,0,0.0
36143,7,1) $0 - $100,41.67,1,0,Surburban,0,Web,Mens E-Mail,0,0,0.0
36148,1,2) $100 - $200,109.42,0,1,Urban,1,Phone,Womens E-Mail,0,0,0.0
36153,4,"6) $750 - $1,000",826.07,0,1,Surburban,1,Web,No E-Mail,0,0,0.0
36155,1,1) $0 - $100,29.99,0,1,Urban,1,Phone,Mens E-Mail,0,0,0.0
36157,8,2) $100 - $200,181.47,0,1,Urban,0,Web,Womens E-Mail,0,0,0.0
36160,12,3) $200 - $350,240.81,1,1,Rural,0,Multichannel,No E-Mail,0,0,0.0
36167,9,2) $100 - $200,154.65,1,0,Rural,1,Phone,Womens E-Mail,0,0,0.0
36178,9,2) $100 - $200,155.39,0,1,Rural,0,Web,Mens E-Mail,0,0,0.0
36180,1,"7) $1,000 +",2141.12,0,1,Surburban,1,Web,Mens E-Mail,1,1,246.94
36196,5,1) $0 - $100,29.99,0,1,Urban,1,Phone,Womens E-Mail,0,0,0.0
36197,6,3) $200 - $350,308.42,0,1,Surburban,0,Web,Womens E-Mail,0,0,0.0
36204,2,1) $0 - $100,64.52,1,0,Urban,1,Phone,No E-Mail,0,0,0.0
36208,9,2) $100 - $200,172.04,0,1,Surburban,1,Web,Womens E-Mail,0,0,0.0
36217,2,"6) $750 - $1,000",883.34,1,0,Urban,1,Web,Mens E-Mail,0,0,0.0
36228,9,5) $500 - $750,511.6,1,0,Urban,1,Multichannel,Mens E-Mail,0,0,0.0
36243,11,1) $0 - $100,29.99,0,1,Surburban,1,Phone,No E-Mail,0,0,0.0
36255,3,2) $100 - $200,121.25,0,1,Surburban,1,Web,Mens E-Mail,0,0,0.0
36272,3,1) $0 - $100,29.99,0,1,Surburban,1,Phone,Mens E-Mail,1,0,0.0
36306,4,2) $100 - $200,181.55,0,1,Surburban,0,Web,Womens E-Mail,0,0,0.0
36312,1,5) $500 - $750,725.18,1,1,Urban,1,Phone,Mens E-Mail,0,0,0.0
36316,7,1) $0 - $100,29.99,0,1,Urban,0,Web,Mens E-Mail,1,0,0.0
36323,10,4) $350 - $500,350.81,0,1,Surburban,0,Web,Mens E-Mail,0,0,0.0
36337,9,1) $0 - $100,90.16,0,1,Urban,1,Web,No E-Mail,0,0,0.0
36340,2,4) $350 - $500,496.21,1,1,Surburban,0,Multichannel,Mens E-Mail,1,1,385.28
36346,6,"6) $750 - $1,000",822.33,1,0,Surburban,1,Web,Mens E-Mail,0,0,0.0
36360,2,3) $200 - $350,216.28,1,0,Surburban,0,Multichannel,Womens E-Mail,0,0,0.0
36376,1,5) $500 - $750,560.41,0,1,Surburban,1,Web,Mens E-Mail,0,0,0.0
36413,1,1) $0 - $100,29.99,1,0,Rural,1,Phone,Mens E-Mail,0,0,0.0
36418,10,1) $0 - $100,62.34,0,1,Urban,1,Web,Womens E-Mail,0,0,0.0
36497,11,3) $200 - $350,228.85,0,1,Surburban,0,Phone,Mens E-Mail,0,0,0.0
36509,7,2) $100 - $200,121.87,0,1,Surburban,0,Web,Womens E-Mail,0,0,0.0
36540,9,1) $0 - $100,29.99,0,1,Surburban,0,Phone,Womens E-Mail,0,0,0.0
36548,2,5) $500 - $750,533.37,1,0,Surburban,1,Web,No E-Mail,0,0,0.0
36551,4,1) $0 - $100,51.8,0,1,Urban,0,Web,Womens E-Mail,0,0,0.0
36554,9,5) $500 - $750,519.28,0,1,Surburban,1,Multichannel,Womens E-Mail,1,0,0.0
36557,4,1) $0 - $100,93.88,0,1,Urban,1,Web,No E-Mail,0,0,0.0
36566,10,4) $350 - $500,483.8,1,0,Urban,0,Multichannel,Womens E-Mail,0,0,0.0
36569,4,1) $0 - $100,29.99,0,1,Surburban,0,Phone,No E-Mail,0,0,0.0
36573,9,3) $200 - $350,225.11,0,1,Urban,0,Phone,No E-Mail,0,0,0.0
36576,1,4) $350 - $500,393.88,1,1,Surburban,0,Multichannel,Womens E-Mail,1,0,0.0
36580,1,1) $0 - $100,33.56,0,1,Surburban,0,Phone,Womens E-Mail,0,0,0.0
36607,1,3) $200 - $350,289.24,0,1,Surburban,1,Phone,No E-Mail,0,0,0.0
36625,10,1) $0 - $100,86.45,0,1,Urban,1,Web,Womens E-Mail,0,0,0.0
36626,6,3) $200 - $350,215.38,1,0,Rural,0,Phone,Womens E-Mail,0,0,0.0
36628,7,1) $0 - $100,29.99,1,0,Surburban,1,Phone,No E-Mail,0,0,0.0
36636,11,4) $350 - $500,355.56,0,1,Surburban,0,Phone,No E-Mail,0,0,0.0
36637,9,5) $500 - $750,608.14,0,1,Urban,1,Phone,Womens E-Mail,0,0,0.0
36671,4,5) $500 - $750,561.44,0,1,Rural,1,Web,Womens E-Mail,0,0,0.0
36676,4,3) $200 - $350,324.69,0,1,Rural,0,Phone,No E-Mail,0,0,0.0
36681,7,3) $200 - $350,223.1,1,0,Surburban,0,Web,No E-Mail,0,0,0.0
36709,5,2) $100 - $200,128.07,1,0,Urban,1,Phone,Mens E-Mail,0,0,0.0
36710,6,1) $0 - $100,42.35,1,0,Surburban,1,Web,Mens E-Mail,0,0,0.0
36713,2,1) $0 - $100,85.17,0,1,Rural,1,Phone,No E-Mail,0,0,0.0
36721,2,5) $500 - $750,667.66,1,0,Urban,1,Multichannel,Mens E-Mail,0,0,0.0
36722,3,1) $0 - $100,29.99,0,1,Surburban,1,Web,Womens E-Mail,0,0,0.0
36725,2,5) $500 - $750,580.76,0,1,Surburban,1,Multichannel,Mens E-Mail,1,0,0.0
36746,10,2) $100 - $200,128.15,0,1,Surburban,0,Phone,Womens E-Mail,0,0,0.0
36756,6,"6) $750 - $1,000",947.71,0,1,Surburban,1,Multichannel,Mens E-Mail,0,0,0.0
36757,8,1) $0 - $100,94.3,1,0,Urban,1,Phone,Womens E-Mail,0,0,0.0
36775,1,"6) $750 - $1,000",761.28,0,1,Surburban,1,Multichannel,Womens E-Mail,0,0,0.0
36780,1,2) $100 - $200,196.11,1,0,Surburban,0,Phone,Mens E-Mail,0,0,0.0
36787,1,2) $100 - $200,126.01,1,0,Urban,0,Phone,Womens E-Mail,0,0,0.0
36800,7,1) $0 - $100,60.73,0,1,Surburban,0,Web,Mens E-Mail,0,0,0.0
36818,9,1) $0 - $100,30.78,1,0,Urban,1,Phone,No E-Mail,0,0,0.0
36825,1,1) $0 - $100,30.53,0,1,Surburban,0,Web,No E-Mail,1,0,0.0
36842,6,1) $0 - $100,65.4,1,0,Urban,0,Phone,Mens E-Mail,0,0,0.0
36848,3,1) $0 - $100,34.52,1,0,Surburban,0,Phone,Mens E-Mail,1,0,0.0
36875,5,1) $0 - $100,33.61,1,0,Surburban,0,Web,Womens E-Mail,0,0,0.0
36877,6,5) $500 - $750,658.07,1,0,Surburban,1,Phone,Mens E-Mail,0,0,0.0
36883,3,1) $0 - $100,29.99,0,1,Surburban,0,Web,No E-Mail,0,0,0.0
36884,11,1) $0 - $100,29.99,0,1,Urban,1,Web,Womens E-Mail,0,0,0.0
36921,11,3) $200 - $350,281.36,0,1,Surburban,1,Web,No E-Mail,0,0,0.0
36927,6,5) $500 - $750,743.24,0,1,Surburban,1,Phone,Womens E-Mail,0,0,0.0
36993,1,3) $200 - $350,240.93,0,1,Surburban,0,Phone,Womens E-Mail,1,0,0.0
36996,6,3) $200 - $350,253.67,0,1,Rural,0,Phone,Mens E-Mail,0,0,0.0
37001,3,5) $500 - $750,598.9,0,1,Urban,1,Multichannel,Mens E-Mail,0,0,0.0
37020,3,4) $350 - $500,488.89,1,0,Urban,0,Web,No E-Mail,0,0,0.0
37025,1,2) $100 - $200,157.79,1,0,Surburban,0,Phone,Womens E-Mail,0,0,0.0
37045,1,2) $100 - $200,116.45,0,1,Urban,1,Phone,No E-Mail,1,0,0.0
37053,1,1) $0 - $100,43.03,1,0,Surburban,0,Phone,No E-Mail,0,0,0.0
37055,10,4) $350 - $500,378.46,0,1,Surburban,0,Web,Mens E-Mail,0,0,0.0
37056,6,2) $100 - $200,124.29,1,0,Urban,0,Phone,Womens E-Mail,0,0,0.0
37082,4,2) $100 - $200,171.92,1,0,Surburban,0,Web,Mens E-Mail,0,0,0.0
37101,5,2) $100 - $200,163.15,0,1,Surburban,0,Phone,No E-Mail,0,0,0.0
37151,2,5) $500 - $750,632.44,1,1,Rural,1,Phone,Mens E-Mail,0,0,0.0
37169,3,1) $0 - $100,46.07,1,0,Surburban,1,Phone,Mens E-Mail,0,0,0.0
37170,7,4) $350 - $500,455.36,1,0,Urban,0,Multichannel,No E-Mail,0,0,0.0
37174,2,3) $200 - $350,219.43,0,1,Surburban,1,Multichannel,No E-Mail,0,0,0.0
37175,6,2) $100 - $200,122.62,0,1,Urban,1,Web,Womens E-Mail,0,0,0.0
37194,9,1) $0 - $100,74.72,1,0,Surburban,0,Web,Womens E-Mail,0,0,0.0
37199,8,5) $500 - $750,745.48,0,1,Urban,1,Multichannel,Mens E-Mail,0,0,0.0
37218,1,3) $200 - $350,338.97,0,1,Rural,1,Web,No E-Mail,0,0,0.0
37222,6,1) $0 - $100,29.99,1,0,Surburban,1,Web,Womens E-Mail,0,0,0.0
37237,6,5) $500 - $750,574.83,1,0,Surburban,1,Phone,Womens E-Mail,0,0,0.0
37239,5,1) $0 - $100,29.99,1,0,Urban,0,Web,Mens E-Mail,0,0,0.0
37241,1,3) $200 - $350,200.89,0,1,Urban,1,Web,Womens E-Mail,0,0,0.0
37258,11,1) $0 - $100,29.99,0,1,Surburban,0,Phone,Womens E-Mail,0,0,0.0
37284,3,3) $200 - $350,221.0,1,0,Urban,0,Multichannel,No E-Mail,0,0,0.0
37289,10,4) $350 - $500,482.04,0,1,Rural,1,Multichannel,Mens E-Mail,0,0,0.0
37299,8,5) $500 - $750,536.28,0,1,Urban,1,Multichannel,Mens E-Mail,0,0,0.0
37302,1,"6) $750 - $1,000",909.48,1,0,Surburban,1,Multichannel,No E-Mail,0,0,0.0
37306,4,3) $200 - $350,239.72,1,0,Urban,0,Web,No E-Mail,0,0,0.0
37319,4,1) $0 - $100,66.7,0,1,Surburban,1,Web,No E-Mail,0,0,0.0
37353,9,1) $0 - $100,29.99,0,1,Surburban,1,Phone,No E-Mail,0,0,0.0
37355,10,2) $100 - $200,167.9,0,1,Surburban,0,Web,Womens E-Mail,0,0,0.0
37357,1,2) $100 - $200,158.43,0,1,Urban,1,Web,Mens E-Mail,0,0,0.0
37369,4,5) $500 - $750,660.01,0,1,Urban,1,Phone,Womens E-Mail,0,0,0.0
37375,11,3) $200 - $350,230.93,1,1,Rural,0,Web,No E-Mail,1,0,0.0
37377,11,1) $0 - $100,92.91,0,1,Urban,1,Web,Womens E-Mail,0,0,0.0
37396,10,2) $100 - $200,146.69,1,0,Urban,0,Phone,Mens E-Mail,0,0,0.0
37415,2,1) $0 - $100,95.08,0,1,Urban,0,Phone,No E-Mail,0,0,0.0
37425,4,1) $0 - $100,29.99,1,0,Urban,0,Phone,Womens E-Mail,0,0,0.0
37426,11,1) $0 - $100,90.61,1,0,Urban,0,Phone,No E-Mail,0,0,0.0
37428,2,2) $100 - $200,109.41,0,1,Urban,1,Web,Mens E-Mail,0,0,0.0
37435,8,5) $500 - $750,576.47,1,0,Urban,1,Phone,Mens E-Mail,0,0,0.0
37443,3,1) $0 - $100,73.94,1,0,Rural,0,Web,Mens E-Mail,0,0,0.0
37453,9,1) $0 - $100,63.87,0,1,Surburban,0,Web,No E-Mail,1,0,0.0
37463,2,3) $200 - $350,249.0,1,0,Surburban,0,Web,Mens E-Mail,0,0,0.0
37472,1,2) $100 - $200,102.33,0,1,Surburban,0,Web,No E-Mail,0,0,0.0
37475,3,"6) $750 - $1,000",867.42,1,0,Rural,1,Multichannel,Womens E-Mail,0,0,0.0
37479,2,2) $100 - $200,136.19,0,1,Surburban,1,Phone,Mens E-Mail,0,0,0.0
37481,4,1) $0 - $100,56.57,1,0,Urban,0,Web,No E-Mail,0,0,0.0
37484,2,4) $350 - $500,377.5,1,0,Urban,0,Web,No E-Mail,1,0,0.0
37503,3,1) $0 - $100,51.82,0,1,Urban,1,Web,Womens E-Mail,0,0,0.0
37522,10,1) $0 - $100,91.36,0,1,Rural,0,Phone,No E-Mail,0,0,0.0
37524,5,1) $0 - $100,85.7,1,0,Urban,0,Web,Mens E-Mail,0,0,0.0
37530,7,1) $0 - $100,29.99,0,1,Rural,0,Web,Mens E-Mail,0,0,0.0
37531,10,2) $100 - $200,187.87,0,1,Surburban,0,Web,No E-Mail,0,0,0.0
37548,2,5) $500 - $750,671.12,1,0,Surburban,1,Web,No E-Mail,0,0,0.0
37549,2,2) $100 - $200,180.62,1,0,Rural,1,Web,Mens E-Mail,0,0,0.0
37567,2,3) $200 - $350,328.26,1,0,Surburban,1,Web,Mens E-Mail,0,0,0.0
37578,4,3) $200 - $350,268.88,0,1,Rural,1,Phone,Mens E-Mail,0,0,0.0
37582,12,5) $500 - $750,576.63,1,0,Urban,1,Web,Mens E-Mail,0,0,0.0
37616,6,2) $100 - $200,121.94,0,1,Urban,1,Web,Mens E-Mail,0,0,0.0
37623,9,2) $100 - $200,158.89,0,1,Rural,0,Phone,No E-Mail,0,0,0.0
37625,11,2) $100 - $200,186.39,1,0,Surburban,1,Web,Mens E-Mail,0,0,0.0
37628,4,1) $0 - $100,34.39,0,1,Urban,1,Web,Womens E-Mail,0,0,0.0
37635,2,3) $200 - $350,246.98,0,1,Surburban,0,Phone,Mens E-Mail,1,0,0.0
37636,2,2) $100 - $200,126.74,1,0,Rural,1,Phone,No E-Mail,0,0,0.0
37642,1,"7) $1,000 +",1118.38,1,0,Urban,1,Web,Womens E-Mail,0,0,0.0
37680,6,3) $200 - $350,327.24,0,1,Surburban,1,Web,Womens E-Mail,0,0,0.0
37684,8,1) $0 - $100,29.99,1,0,Surburban,1,Web,No E-Mail,0,0,0.0
37697,2,5) $500 - $750,698.95,1,0,Surburban,1,Web,Mens E-Mail,1,0,0.0
37698,3,"7) $1,000 +",1152.24,1,1,Surburban,1,Web,Womens E-Mail,0,0,0.0
37701,10,1) $0 - $100,74.03,0,1,Urban,0,Phone,Mens E-Mail,0,0,0.0
37706,1,"6) $750 - $1,000",898.12,0,1,Rural,1,Web,No E-Mail,0,0,0.0
37715,6,1) $0 - $100,29.99,1,0,Rural,0,Web,No E-Mail,0,0,0.0
37720,1,1) $0 - $100,94.1,0,1,Surburban,1,Web,Mens E-Mail,0,0,0.0
37722,7,3) $200 - $350,234.01,0,1,Rural,0,Web,Womens E-Mail,1,0,0.0
37739,8,3) $200 - $350,316.46,1,1,Urban,0,Web,Womens E-Mail,0,0,0.0
37751,10,4) $350 - $500,466.64,0,1,Surburban,0,Web,Womens E-Mail,0,0,0.0
37754,3,2) $100 - $200,152.05,1,0,Urban,0,Web,Mens E-Mail,0,0,0.0
37765,1,"6) $750 - $1,000",837.05,0,1,Surburban,1,Phone,Mens E-Mail,1,0,0.0
37799,5,3) $200 - $350,347.92,1,1,Urban,1,Web,No E-Mail,0,0,0.0
37821,2,1) $0 - $100,51.07,0,1,Urban,0,Web,Womens E-Mail,0,0,0.0
37826,10,2) $100 - $200,177.07,0,1,Surburban,1,Phone,No E-Mail,0,0,0.0
37833,6,2) $100 - $200,106.4,1,0,Surburban,0,Web,Mens E-Mail,1,0,0.0
37838,11,3) $200 - $350,293.05,0,1,Urban,0,Web,Womens E-Mail,1,0,0.0
37853,1,1) $0 - $100,29.99,1,0,Surburban,0,Phone,No E-Mail,0,0,0.0
37855,9,1) $0 - $100,63.42,0,1,Urban,1,Web,Mens E-Mail,0,0,0.0
37864,10,3) $200 - $350,227.81,1,0,Urban,0,Web,No E-Mail,0,0,0.0
37874,10,3) $200 - $350,237.17,1,1,Rural,1,Web,No E-Mail,0,0,0.0
37876,7,4) $350 - $500,352.15,1,1,Surburban,1,Multichannel,Mens E-Mail,1,0,0.0
37882,3,2) $100 - $200,187.3,1,0,Urban,0,Web,No E-Mail,1,1,75.41
37885,10,1) $0 - $100,55.63,1,0,Urban,1,Web,Mens E-Mail,0,0,0.0
37893,10,1) $0 - $100,31.42,1,0,Urban,0,Web,Mens E-Mail,0,0,0.0
37895,1,4) $350 - $500,366.54,0,1,Urban,0,Web,Womens E-Mail,1,0,0.0
37897,11,3) $200 - $350,224.93,1,1,Urban,0,Multichannel,Womens E-Mail,1,0,0.0
37906,10,4) $350 - $500,464.99,0,1,Surburban,0,Web,Mens E-Mail,0,0,0.0
37908,10,2) $100 - $200,104.71,0,1,Surburban,1,Phone,Womens E-Mail,1,0,0.0
37913,4,4) $350 - $500,442.53,1,0,Surburban,1,Web,No E-Mail,0,0,0.0
37915,7,1) $0 - $100,73.42,0,1,Urban,0,Web,No E-Mail,0,0,0.0
37917,9,2) $100 - $200,119.97,1,0,Surburban,1,Phone,No E-Mail,0,0,0.0
37919,9,2) $100 - $200,154.28,0,1,Urban,0,Phone,Womens E-Mail,0,0,0.0
37923,8,1) $0 - $100,30.9,1,0,Surburban,0,Web,Womens E-Mail,0,0,0.0
37939,1,3) $200 - $350,284.05,0,1,Urban,0,Phone,Womens E-Mail,0,0,0.0
37942,8,5) $500 - $750,540.86,0,1,Urban,1,Multichannel,Mens E-Mail,0,0,0.0
37943,11,1) $0 - $100,29.99,0,1,Surburban,0,Phone,Mens E-Mail,0,0,0.0
37944,2,4) $350 - $500,351.85,1,0,Rural,0,Web,Mens E-Mail,1,0,0.0
37955,2,3) $200 - $350,242.02,0,1,Surburban,1,Web,Womens E-Mail,0,0,0.0
37968,9,5) $500 - $750,538.66,0,1,Rural,1,Phone,Womens E-Mail,0,0,0.0
37977,1,5) $500 - $750,652.52,0,1,Urban,1,Multichannel,No E-Mail,0,0,0.0
37987,4,1) $0 - $100,32.06,0,1,Urban,0,Web,Mens E-Mail,0,0,0.0
37993,1,4) $350 - $500,375.63,1,0,Surburban,0,Web,No E-Mail,0,0,0.0
37997,2,1) $0 - $100,29.99,1,0,Surburban,0,Phone,No E-Mail,0,0,0.0
38007,9,2) $100 - $200,130.98,1,0,Urban,1,Web,Mens E-Mail,0,0,0.0
38013,8,2) $100 - $200,188.64,0,1,Surburban,0,Phone,Womens E-Mail,0,0,0.0
38017,2,2) $100 - $200,196.3,0,1,Urban,0,Web,Mens E-Mail,0,0,0.0
38025,1,2) $100 - $200,196.72,1,0,Urban,1,Phone,Womens E-Mail,0,0,0.0
38052,7,1) $0 - $100,78.27,1,0,Surburban,1,Web,No E-Mail,0,0,0.0
38057,2,3) $200 - $350,309.11,1,1,Surburban,0,Web,No E-Mail,1,0,0.0
38067,2,1) $0 - $100,36.97,1,0,Urban,1,Phone,Womens E-Mail,0,0,0.0
38070,9,4) $350 - $500,411.3,0,1,Surburban,0,Web,No E-Mail,0,0,0.0
38074,1,2) $100 - $200,106.27,1,0,Urban,1,Phone,No E-Mail,0,0,0.0
38084,4,3) $200 - $350,294.11,1,1,Surburban,1,Phone,Mens E-Mail,0,0,0.0
38086,6,"6) $750 - $1,000",845.73,0,1,Surburban,1,Multichannel,Mens E-Mail,0,0,0.0
38092,2,3) $200 - $350,222.74,1,1,Surburban,1,Web,Womens E-Mail,1,0,0.0
38094,4,1) $0 - $100,78.68,1,0,Urban,0,Web,Mens E-Mail,0,0,0.0
38097,10,5) $500 - $750,577.62,0,1,Surburban,1,Phone,Mens E-Mail,0,0,0.0
38121,10,2) $100 - $200,138.15,0,1,Surburban,1,Web,No E-Mail,0,0,0.0
38132,10,3) $200 - $350,213.88,0,1,Surburban,1,Phone,Womens E-Mail,0,0,0.0
38135,4,2) $100 - $200,119.18,1,0,Urban,0,Web,Womens E-Mail,0,0,0.0
38155,9,2) $100 - $200,141.23,0,1,Rural,0,Phone,Mens E-Mail,0,0,0.0
38158,10,1) $0 - $100,29.99,1,0,Surburban,1,Web,No E-Mail,0,0,0.0
38163,11,4) $350 - $500,374.25,1,0,Rural,1,Web,No E-Mail,0,0,0.0
38169,5,1) $0 - $100,88.66,1,0,Urban,0,Phone,Womens E-Mail,0,0,0.0
38192,1,4) $350 - $500,357.44,1,0,Surburban,0,Web,Mens E-Mail,0,0,0.0
38195,3,5) $500 - $750,526.59,1,0,Urban,1,Web,Womens E-Mail,0,0,0.0
38199,2,1) $0 - $100,45.81,1,0,Surburban,1,Web,No E-Mail,0,0,0.0
38202,4,3) $200 - $350,214.9,0,1,Urban,0,Phone,Mens E-Mail,0,0,0.0
38224,10,1) $0 - $100,95.38,0,1,Urban,0,Phone,Womens E-Mail,0,0,0.0
38226,4,2) $100 - $200,190.55,0,1,Urban,0,Web,Mens E-Mail,0,0,0.0
38229,1,2) $100 - $200,152.68,1,0,Rural,0,Phone,No E-Mail,0,0,0.0
38241,5,1) $0 - $100,29.99,1,0,Urban,0,Web,No E-Mail,0,0,0.0
38248,7,5) $500 - $750,647.67,1,1,Surburban,1,Multichannel,Mens E-Mail,0,0,0.0
38254,5,1) $0 - $100,29.99,0,1,Rural,1,Phone,Mens E-Mail,0,0,0.0
38285,3,5) $500 - $750,626.62,1,0,Surburban,1,Phone,No E-Mail,0,0,0.0
38292,10,2) $100 - $200,133.41,1,0,Surburban,0,Phone,Womens E-Mail,1,0,0.0
38306,9,4) $350 - $500,406.7,1,1,Surburban,1,Multichannel,Womens E-Mail,0,0,0.0
38319,10,1) $0 - $100,42.62,0,1,Surburban,0,Phone,Mens E-Mail,1,0,0.0
38327,1,3) $200 - $350,332.74,1,0,Urban,0,Web,Womens E-Mail,0,0,0.0
38328,4,"7) $1,000 +",1399.3,1,0,Urban,1,Web,No E-Mail,0,0,0.0
38343,1,2) $100 - $200,179.04,0,1,Surburban,1,Web,No E-Mail,0,0,0.0
38351,10,2) $100 - $200,117.51,1,0,Surburban,0,Web,Womens E-Mail,0,0,0.0
38357,2,4) $350 - $500,396.91,1,0,Surburban,1,Web,Womens E-Mail,0,0,0.0
38360,10,1) $0 - $100,29.99,0,1,Urban,1,Phone,Mens E-Mail,0,0,0.0
38378,1,"7) $1,000 +",1151.21,1,0,Rural,1,Web,Mens E-Mail,0,0,0.0
38379,2,1) $0 - $100,53.18,0,1,Surburban,1,Web,No E-Mail,0,0,0.0
38380,2,1) $0 - $100,29.99,0,1,Surburban,1,Web,Womens E-Mail,0,0,0.0
38390,4,5) $500 - $750,601.76,0,1,Surburban,1,Multichannel,Womens E-Mail,0,0,0.0
38412,1,2) $100 - $200,166.51,1,0,Surburban,0,Phone,Mens E-Mail,1,0,0.0
38441,1,3) $200 - $350,340.84,1,0,Surburban,1,Web,No E-Mail,1,0,0.0
38443,3,2) $100 - $200,127.25,0,1,Surburban,1,Phone,No E-Mail,0,0,0.0
38445,1,3) $200 - $350,275.86,0,1,Surburban,0,Phone,Womens E-Mail,0,0,0.0
38460,9,3) $200 - $350,236.51,0,1,Surburban,0,Web,No E-Mail,1,0,0.0
38468,6,2) $100 - $200,103.76,0,1,Urban,0,Web,Womens E-Mail,1,0,0.0
38481,9,1) $0 - $100,29.99,1,0,Surburban,0,Phone,Mens E-Mail,0,0,0.0
38482,9,5) $500 - $750,541.32,0,1,Surburban,1,Multichannel,Mens E-Mail,0,0,0.0
38498,9,3) $200 - $350,226.74,1,0,Urban,1,Multichannel,Womens E-Mail,0,0,0.0
38502,2,4) $350 - $500,381.22,0,1,Surburban,1,Phone,Mens E-Mail,0,0,0.0
38535,9,1) $0 - $100,71.0,0,1,Urban,0,Phone,No E-Mail,0,0,0.0
38546,4,4) $350 - $500,361.43,0,1,Urban,0,Web,No E-Mail,0,0,0.0
38556,3,3) $200 - $350,248.16,0,1,Urban,0,Web,Womens E-Mail,0,0,0.0
38561,2,4) $350 - $500,379.6,0,1,Surburban,0,Web,Womens E-Mail,0,0,0.0
38585,2,4) $350 - $500,443.12,1,0,Surburban,0,Phone,Mens E-Mail,0,0,0.0
38587,6,4) $350 - $500,374.11,1,0,Surburban,1,Multichannel,Womens E-Mail,0,0,0.0
38597,3,2) $100 - $200,128.68,0,1,Surburban,0,Web,Womens E-Mail,0,0,0.0
38601,3,3) $200 - $350,334.16,0,1,Surburban,0,Web,Womens E-Mail,0,0,0.0
38604,4,5) $500 - $750,672.96,0,1,Rural,1,Multichannel,Mens E-Mail,1,0,0.0
38628,7,2) $100 - $200,157.66,0,1,Surburban,0,Web,Womens E-Mail,1,0,0.0
38649,10,2) $100 - $200,165.37,0,1,Surburban,1,Phone,No E-Mail,0,0,0.0
38694,1,1) $0 - $100,88.73,0,1,Surburban,1,Web,Womens E-Mail,0,0,0.0
38714,9,1) $0 - $100,65.17,1,0,Surburban,1,Web,Womens E-Mail,0,0,0.0
38723,9,5) $500 - $750,641.41,1,0,Surburban,1,Web,Mens E-Mail,0,0,0.0
38731,3,1) $0 - $100,46.71,0,1,Surburban,1,Phone,No E-Mail,0,0,0.0
38775,10,1) $0 - $100,29.99,1,0,Urban,0,Web,Womens E-Mail,0,0,0.0
38799,10,2) $100 - $200,152.84,1,0,Urban,1,Web,No E-Mail,0,0,0.0
38804,2,2) $100 - $200,162.17,1,0,Surburban,0,Phone,Mens E-Mail,0,0,0.0
38810,7,2) $100 - $200,136.68,0,1,Urban,0,Phone,Womens E-Mail,0,0,0.0
38813,3,4) $350 - $500,383.94,1,0,Rural,0,Web,No E-Mail,0,0,0.0
38815,4,1) $0 - $100,95.67,1,0,Urban,0,Phone,Womens E-Mail,0,0,0.0
38831,2,5) $500 - $750,669.58,1,0,Surburban,1,Phone,Womens E-Mail,1,0,0.0
38834,2,5) $500 - $750,606.03,1,1,Surburban,1,Phone,No E-Mail,1,0,0.0
38862,3,1) $0 - $100,76.41,0,1,Urban,0,Phone,No E-Mail,1,0,0.0
38874,9,2) $100 - $200,182.81,0,1,Surburban,0,Web,Mens E-Mail,0,0,0.0
38882,6,2) $100 - $200,121.3,0,1,Surburban,0,Phone,Mens E-Mail,0,0,0.0
38904,2,5) $500 - $750,641.55,0,1,Urban,1,Multichannel,No E-Mail,0,0,0.0
38911,2,1) $0 - $100,98.97,0,1,Surburban,0,Web,No E-Mail,1,0,0.0
38914,9,1) $0 - $100,52.42,0,1,Surburban,0,Phone,No E-Mail,0,0,0.0
38918,3,1) $0 - $100,54.5,1,0,Surburban,1,Phone,Mens E-Mail,0,0,0.0
38922,9,2) $100 - $200,134.97,1,0,Rural,0,Web,No E-Mail,0,0,0.0
38949,12,3) $200 - $350,223.32,1,0,Surburban,0,Web,No E-Mail,0,0,0.0
38950,8,1) $0 - $100,71.51,1,0,Surburban,1,Phone,Womens E-Mail,0,0,0.0
38952,10,1) $0 - $100,29.99,0,1,Rural,0,Web,Mens E-Mail,1,0,0.0
38956,11,1) $0 - $100,29.99,0,1,Surburban,1,Web,Womens E-Mail,0,0,0.0
38959,9,2) $100 - $200,186.61,0,1,Surburban,0,Web,No E-Mail,0,0,0.0
38971,6,2) $100 - $200,178.3,1,0,Urban,1,Web,No E-Mail,0,0,0.0
38972,2,1) $0 - $100,39.36,0,1,Urban,1,Web,No E-Mail,0,0,0.0
38977,1,4) $350 - $500,439.08,0,1,Urban,1,Phone,Womens E-Mail,0,0,0.0
38989,2,1) $0 - $100,89.97,1,0,Surburban,0,Web,No E-Mail,0,0,0.0
39000,2,1) $0 - $100,71.8,1,0,Surburban,0,Web,Mens E-Mail,0,0,0.0
39011,6,5) $500 - $750,666.69,1,1,Surburban,1,Phone,Mens E-Mail,0,0,0.0
39019,1,"6) $750 - $1,000",864.06,1,0,Surburban,1,Phone,Mens E-Mail,0,0,0.0
39024,4,"6) $750 - $1,000",967.26,0,1,Urban,1,Multichannel,Womens E-Mail,0,0,0.0
39031,1,3) $200 - $350,289.39,1,1,Surburban,0,Multichannel,Mens E-Mail,0,0,0.0
39039,1,5) $500 - $750,518.89,0,1,Urban,1,Multichannel,Womens E-Mail,0,0,0.0
39043,4,3) $200 - $350,207.8,1,0,Surburban,0,Multichannel,No E-Mail,1,0,0.0
39049,9,2) $100 - $200,183.87,0,1,Surburban,1,Phone,Womens E-Mail,1,0,0.0
39055,8,1) $0 - $100,49.78,0,1,Rural,1,Phone,Womens E-Mail,0,0,0.0
39056,11,1) $0 - $100,29.99,0,1,Surburban,1,Phone,Womens E-Mail,0,0,0.0
39058,10,4) $350 - $500,426.08,0,1,Rural,0,Web,Mens E-Mail,1,0,0.0
39060,4,4) $350 - $500,493.28,1,0,Urban,0,Phone,No E-Mail,0,0,0.0
39065,6,3) $200 - $350,279.88,1,0,Surburban,1,Web,No E-Mail,0,0,0.0
39068,9,1) $0 - $100,29.99,1,0,Surburban,0,Phone,Mens E-Mail,0,0,0.0
39069,1,4) $350 - $500,383.28,1,0,Rural,0,Multichannel,Mens E-Mail,0,0,0.0
39071,1,5) $500 - $750,657.72,1,1,Surburban,1,Multichannel,Womens E-Mail,0,0,0.0
39072,4,2) $100 - $200,181.95,0,1,Urban,1,Web,Mens E-Mail,0,0,0.0
39093,4,1) $0 - $100,29.99,1,0,Surburban,1,Web,Mens E-Mail,0,0,0.0
39115,6,1) $0 - $100,49.18,1,0,Surburban,0,Phone,Womens E-Mail,0,0,0.0
39146,10,1) $0 - $100,50.37,0,1,Urban,0,Phone,Mens E-Mail,0,0,0.0
39147,4,1) $0 - $100,54.77,1,0,Urban,0,Web,Womens E-Mail,0,0,0.0
39152,6,4) $350 - $500,355.97,0,1,Urban,1,Web,No E-Mail,0,0,0.0
39154,1,4) $350 - $500,395.17,1,0,Urban,0,Multichannel,No E-Mail,0,0,0.0
39160,2,2) $100 - $200,130.13,1,0,Surburban,1,Web,Mens E-Mail,0,0,0.0
39167,1,3) $200 - $350,235.31,0,1,Urban,1,Web,Womens E-Mail,0,0,0.0
39169,6,1) $0 - $100,29.99,0,1,Urban,1,Phone,No E-Mail,0,0,0.0
39170,11,2) $100 - $200,148.7,1,0,Rural,1,Phone,Mens E-Mail,0,0,0.0
39197,2,5) $500 - $750,662.26,1,0,Surburban,1,Web,No E-Mail,0,0,0.0
39205,6,1) $0 - $100,70.19,1,0,Surburban,0,Phone,Womens E-Mail,0,0,0.0
39226,4,5) $500 - $750,563.9,0,1,Surburban,1,Phone,Womens E-Mail,0,0,0.0
39227,5,1) $0 - $100,29.99,1,0,Surburban,0,Web,No E-Mail,0,0,0.0
39249,2,3) $200 - $350,262.82,1,0,Urban,1,Web,Womens E-Mail,1,0,0.0
39264,5,1) $0 - $100,56.19,1,0,Surburban,0,Web,Mens E-Mail,0,0,0.0
39265,5,1) $0 - $100,33.48,1,0,Urban,0,Web,Mens E-Mail,0,0,0.0
39273,6,3) $200 - $350,223.15,0,1,Surburban,1,Phone,Mens E-Mail,1,0,0.0
39277,11,4) $350 - $500,367.31,1,1,Rural,1,Phone,No E-Mail,1,1,29.99
39288,7,1) $0 - $100,46.13,0,1,Surburban,0,Phone,No E-Mail,1,0,0.0
39301,11,1) $0 - $100,43.32,1,0,Urban,0,Phone,Mens E-Mail,0,0,0.0
39315,8,1) $0 - $100,57.76,1,0,Surburban,0,Web,No E-Mail,0,0,0.0
39325,10,4) $350 - $500,480.88,0,1,Urban,0,Multichannel,No E-Mail,0,0,0.0
39331,10,3) $200 - $350,217.98,1,0,Urban,0,Web,Womens E-Mail,0,0,0.0
39340,9,1) $0 - $100,29.99,1,0,Urban,1,Phone,Mens E-Mail,0,0,0.0
39342,3,1) $0 - $100,29.99,0,1,Urban,0,Web,Womens E-Mail,1,1,81.01
39352,6,1) $0 - $100,66.71,1,0,Urban,1,Web,Womens E-Mail,0,0,0.0
39373,10,2) $100 - $200,140.17,0,1,Surburban,1,Web,No E-Mail,0,0,0.0
39375,7,2) $100 - $200,160.08,1,0,Surburban,0,Phone,No E-Mail,0,0,0.0
39379,8,3) $200 - $350,240.82,1,1,Urban,1,Web,Womens E-Mail,0,0,0.0
39390,3,2) $100 - $200,132.23,0,1,Surburban,1,Web,Womens E-Mail,0,0,0.0
39399,1,1) $0 - $100,42.28,1,0,Rural,1,Web,Mens E-Mail,0,0,0.0
39407,7,1) $0 - $100,29.99,0,1,Surburban,0,Web,Womens E-Mail,0,0,0.0
39409,5,3) $200 - $350,249.92,1,1,Surburban,0,Phone,Mens E-Mail,1,0,0.0
39412,5,"6) $750 - $1,000",751.23,1,0,Urban,1,Phone,Womens E-Mail,0,0,0.0
39428,1,3) $200 - $350,228.27,0,1,Surburban,0,Phone,Mens E-Mail,0,0,0.0
39436,7,2) $100 - $200,130.29,1,0,Urban,1,Phone,Mens E-Mail,0,0,0.0
39445,10,3) $200 - $350,325.22,0,1,Rural,0,Phone,No E-Mail,1,0,0.0
39447,3,5) $500 - $750,554.56,1,0,Surburban,1,Multichannel,No E-Mail,0,0,0.0
39456,10,1) $0 - $100,29.99,0,1,Surburban,0,Phone,Womens E-Mail,0,0,0.0
39461,2,5) $500 - $750,585.39,0,1,Urban,1,Phone,Womens E-Mail,0,0,0.0
39474,10,3) $200 - $350,235.48,0,1,Urban,0,Phone,Womens E-Mail,0,0,0.0
39487,1,1) $0 - $100,78.55,0,1,Surburban,0,Web,Womens E-Mail,1,1,105.04
39488,4,2) $100 - $200,124.52,0,1,Urban,1,Phone,Womens E-Mail,0,0,0.0
39500,4,1) $0 - $100,31.0,0,1,Surburban,0,Web,Womens E-Mail,0,0,0.0
39507,9,2) $100 - $200,149.55,0,1,Surburban,1,Web,Mens E-Mail,0,0,0.0
39510,5,1) $0 - $100,95.17,1,0,Surburban,0,Phone,Mens E-Mail,0,0,0.0
39527,9,2) $100 - $200,121.35,1,0,Surburban,1,Phone,No E-Mail,0,0,0.0
39529,10,3) $200 - $350,314.39,0,1,Surburban,1,Multichannel,Womens E-Mail,0,0,0.0
39540,9,2) $100 - $200,197.85,1,0,Surburban,1,Web,Womens E-Mail,0,0,0.0
39553,9,1) $0 - $100,30.97,0,1,Urban,0,Web,Womens E-Mail,0,0,0.0
39561,1,4) $350 - $500,464.2,0,1,Surburban,0,Web,Womens E-Mail,0,0,0.0
39571,1,5) $500 - $750,700.99,0,1,Surburban,1,Multichannel,No E-Mail,0,0,0.0
39590,6,4) $350 - $500,436.68,1,0,Urban,0,Multichannel,Mens E-Mail,1,0,0.0
39592,7,1) $0 - $100,69.35,0,1,Surburban,1,Web,Womens E-Mail,0,0,0.0
39595,6,1) $0 - $100,42.92,1,0,Surburban,0,Phone,Mens E-Mail,0,0,0.0
39605,10,2) $100 - $200,142.19,1,0,Urban,1,Web,Womens E-Mail,0,0,0.0
39637,2,2) $100 - $200,110.15,0,1,Surburban,1,Web,Womens E-Mail,0,0,0.0
39642,9,4) $350 - $500,463.35,0,1,Urban,0,Phone,Womens E-Mail,0,0,0.0
39660,5,1) $0 - $100,85.16,0,1,Surburban,1,Web,Mens E-Mail,0,0,0.0
39692,7,4) $350 - $500,392.42,0,1,Rural,0,Multichannel,Mens E-Mail,0,0,0.0
39717,6,2) $100 - $200,175.1,1,0,Rural,1,Phone,Womens E-Mail,0,0,0.0
39734,10,4) $350 - $500,417.27,0,1,Urban,0,Multichannel,No E-Mail,0,0,0.0
39742,7,1) $0 - $100,62.01,0,1,Surburban,0,Web,No E-Mail,0,0,0.0
39752,8,2) $100 - $200,143.52,1,0,Urban,0,Phone,No E-Mail,0,0,0.0
39771,11,2) $100 - $200,141.74,1,0,Surburban,1,Phone,No E-Mail,0,0,0.0
39773,1,2) $100 - $200,115.55,0,1,Rural,1,Phone,No E-Mail,0,0,0.0
39791,7,2) $100 - $200,142.71,0,1,Urban,1,Phone,No E-Mail,0,0,0.0
39795,10,2) $100 - $200,178.97,0,1,Surburban,0,Web,Womens E-Mail,0,0,0.0
39827,1,3) $200 - $350,251.9,0,1,Urban,1,Phone,No E-Mail,1,0,0.0
39829,9,1) $0 - $100,80.11,0,1,Surburban,0,Phone,Womens E-Mail,0,0,0.0
39858,2,5) $500 - $750,549.34,0,1,Surburban,1,Web,No E-Mail,0,0,0.0
39878,7,3) $200 - $350,313.37,0,1,Surburban,0,Phone,No E-Mail,0,0,0.0
39893,1,1) $0 - $100,29.99,1,0,Rural,1,Phone,No E-Mail,0,0,0.0
39894,6,4) $350 - $500,488.96,0,1,Rural,0,Web,Mens E-Mail,0,0,0.0
39899,5,1) $0 - $100,91.18,1,0,Urban,1,Web,Mens E-Mail,0,0,0.0
39900,2,4) $350 - $500,425.79,1,0,Surburban,0,Multichannel,No E-Mail,1,1,193.25
39909,2,1) $0 - $100,29.99,1,0,Rural,0,Web,Mens E-Mail,0,0,0.0
39918,4,3) $200 - $350,230.23,1,1,Urban,0,Phone,No E-Mail,1,0,0.0
39926,1,"6) $750 - $1,000",954.97,0,1,Surburban,1,Multichannel,No E-Mail,0,0,0.0
39930,7,2) $100 - $200,118.51,0,1,Surburban,1,Phone,Womens E-Mail,0,0,0.0
39933,7,1) $0 - $100,74.3,0,1,Urban,1,Web,Mens E-Mail,0,0,0.0
39938,6,1) $0 - $100,62.62,1,0,Surburban,1,Web,Mens E-Mail,0,0,0.0
39941,12,1) $0 - $100,29.99,1,0,Urban,1,Web,No E-Mail,0,0,0.0
39943,1,3) $200 - $350,229.22,0,1,Urban,0,Multichannel,No E-Mail,0,0,0.0
39952,10,1) $0 - $100,29.99,0,1,Urban,0,Web,No E-Mail,0,0,0.0
39966,11,3) $200 - $350,281.04,0,1,Surburban,0,Multichannel,Mens E-Mail,0,0,0.0
40004,11,3) $200 - $350,220.21,0,1,Urban,1,Web,Mens E-Mail,0,0,0.0
40014,5,1) $0 - $100,92.5,0,1,Surburban,1,Phone,Womens E-Mail,0,0,0.0
40015,12,3) $200 - $350,201.82,1,1,Rural,1,Web,Womens E-Mail,1,0,0.0
40018,7,2) $100 - $200,191.69,0,1,Rural,0,Web,No E-Mail,1,0,0.0
40019,10,3) $200 - $350,242.15,0,1,Urban,1,Web,Womens E-Mail,0,0,0.0
40039,5,1) $0 - $100,29.99,1,0,Urban,1,Web,Womens E-Mail,0,0,0.0
40043,1,4) $350 - $500,433.58,0,1,Urban,0,Phone,Mens E-Mail,0,0,0.0
40045,3,2) $100 - $200,156.96,1,0,Surburban,0,Phone,Womens E-Mail,0,0,0.0
40047,4,3) $200 - $350,256.16,1,0,Surburban,0,Web,Womens E-Mail,0,0,0.0
40058,7,1) $0 - $100,29.99,0,1,Surburban,1,Phone,Mens E-Mail,0,0,0.0
40063,8,2) $100 - $200,141.33,0,1,Urban,1,Web,Mens E-Mail,0,0,0.0
40066,2,1) $0 - $100,41.85,1,0,Rural,0,Web,Mens E-Mail,0,0,0.0
40067,7,3) $200 - $350,273.71,0,1,Surburban,0,Multichannel,Womens E-Mail,0,0,0.0
40079,10,2) $100 - $200,139.3,0,1,Surburban,1,Phone,Mens E-Mail,0,0,0.0
40080,7,2) $100 - $200,173.9,1,0,Urban,0,Phone,Womens E-Mail,0,0,0.0
40085,2,1) $0 - $100,94.27,0,1,Urban,1,Web,Mens E-Mail,0,0,0.0
40094,2,4) $350 - $500,438.29,0,1,Urban,1,Multichannel,Mens E-Mail,1,0,0.0
40095,2,5) $500 - $750,666.27,0,1,Surburban,1,Multichannel,Womens E-Mail,0,0,0.0
40103,1,2) $100 - $200,108.73,1,0,Surburban,1,Phone,Mens E-Mail,0,0,0.0
40115,1,4) $350 - $500,388.23,0,1,Surburban,0,Phone,Mens E-Mail,0,0,0.0
40126,2,2) $100 - $200,117.81,1,0,Urban,1,Phone,No E-Mail,0,0,0.0
40129,10,"6) $750 - $1,000",798.11,1,1,Surburban,1,Phone,Womens E-Mail,0,0,0.0
40134,10,1) $0 - $100,38.79,1,0,Urban,0,Web,No E-Mail,1,0,0.0
40152,5,5) $500 - $750,543.98,1,0,Urban,1,Multichannel,No E-Mail,0,0,0.0
40159,12,1) $0 - $100,35.48,0,1,Urban,0,Web,Womens E-Mail,0,0,0.0
40169,2,1) $0 - $100,41.38,1,0,Urban,0,Phone,Womens E-Mail,0,0,0.0
40185,10,3) $200 - $350,223.77,1,0,Urban,0,Web,Womens E-Mail,0,0,0.0
40189,10,1) $0 - $100,29.99,1,0,Surburban,0,Web,Mens E-Mail,1,0,0.0
40196,6,1) $0 - $100,29.99,0,1,Surburban,1,Phone,Womens E-Mail,0,0,0.0
40199,8,1) $0 - $100,72.05,1,0,Rural,1,Phone,Womens E-Mail,0,0,0.0
40211,9,1) $0 - $100,29.99,0,1,Urban,1,Web,No E-Mail,0,0,0.0
40256,10,1) $0 - $100,56.61,0,1,Urban,0,Web,Womens E-Mail,0,0,0.0
40262,11,1) $0 - $100,29.99,0,1,Urban,1,Phone,Womens E-Mail,0,0,0.0
40273,9,2) $100 - $200,169.51,1,0,Surburban,1,Web,No E-Mail,0,0,0.0
40296,1,5) $500 - $750,605.14,1,0,Rural,1,Web,No E-Mail,1,0,0.0
40308,1,2) $100 - $200,118.58,0,1,Urban,0,Web,Mens E-Mail,0,0,0.0
40314,4,2) $100 - $200,141.95,1,0,Surburban,0,Web,Mens E-Mail,0,0,0.0
40333,4,2) $100 - $200,131.33,0,1,Urban,1,Web,Mens E-Mail,0,0,0.0
40334,9,2) $100 - $200,126.45,0,1,Surburban,1,Web,No E-Mail,0,0,0.0
40344,2,2) $100 - $200,174.07,1,0,Surburban,1,Phone,No E-Mail,0,0,0.0
40356,5,1) $0 - $100,48.86,1,0,Rural,1,Web,Womens E-Mail,0,0,0.0
40360,10,4) $350 - $500,419.37,0,1,Surburban,1,Phone,No E-Mail,0,0,0.0
40366,10,2) $100 - $200,128.8,1,0,Surburban,1,Web,Womens E-Mail,0,0,0.0
40374,5,3) $200 - $350,344.66,1,0,Urban,0,Phone,Womens E-Mail,1,0,0.0
40388,11,1) $0 - $100,86.96,1,0,Urban,1,Web,Womens E-Mail,0,0,0.0
40389,12,4) $350 - $500,475.59,0,1,Surburban,0,Web,Womens E-Mail,1,0,0.0
40392,10,1) $0 - $100,32.74,1,0,Urban,0,Web,No E-Mail,0,0,0.0
40401,1,"6) $750 - $1,000",940.75,0,1,Surburban,1,Phone,Womens E-Mail,0,0,0.0
40402,3,3) $200 - $350,226.24,1,1,Urban,1,Web,Womens E-Mail,0,0,0.0
40411,8,2) $100 - $200,145.14,0,1,Urban,0,Phone,Mens E-Mail,0,0,0.0
40443,8,1) $0 - $100,42.44,0,1,Rural,0,Phone,No E-Mail,0,0,0.0
40449,7,1) $0 - $100,40.27,1,0,Surburban,0,Phone,Womens E-Mail,0,0,0.0
40453,2,1) $0 - $100,56.44,1,0,Rural,1,Phone,No E-Mail,0,0,0.0
40465,11,1) $0 - $100,95.37,0,1,Urban,1,Phone,Womens E-Mail,0,0,0.0
40469,1,2) $100 - $200,104.15,0,1,Urban,0,Phone,Womens E-Mail,0,0,0.0
40478,10,2) $100 - $200,106.53,0,1,Urban,0,Web,Womens E-Mail,1,1,109.64
40491,2,1) $0 - $100,29.99,0,1,Urban,1,Web,Mens E-Mail,0,0,0.0
40495,9,1) $0 - $100,85.6,0,1,Urban,0,Phone,Womens E-Mail,0,0,0.0
40506,4,1) $0 - $100,61.21,0,1,Surburban,1,Phone,Womens E-Mail,0,0,0.0
40518,2,5) $500 - $750,520.2,1,1,Urban,1,Multichannel,Mens E-Mail,0,0,0.0
40529,7,1) $0 - $100,29.99,0,1,Surburban,0,Web,Womens E-Mail,1,0,0.0
40540,8,1) $0 - $100,29.99,0,1,Surburban,1,Phone,No E-Mail,0,0,0.0
40542,5,3) $200 - $350,201.38,1,0,Urban,1,Multichannel,No E-Mail,0,0,0.0
40558,7,2) $100 - $200,132.65,0,1,Rural,0,Web,Mens E-Mail,1,0,0.0
40577,2,4) $350 - $500,458.55,1,1,Urban,0,Phone,Mens E-Mail,0,0,0.0
40584,8,3) $200 - $350,304.17,1,0,Urban,1,Phone,No E-Mail,0,0,0.0
40586,1,2) $100 - $200,169.53,1,0,Urban,0,Phone,Womens E-Mail,1,0,0.0
40590,4,1) $0 - $100,38.32,0,1,Rural,0,Phone,Mens E-Mail,0,0,0.0
40594,6,4) $350 - $500,395.97,0,1,Surburban,1,Multichannel,No E-Mail,0,0,0.0
40622,5,2) $100 - $200,113.83,0,1,Urban,1,Web,Mens E-Mail,0,0,0.0
40627,3,3) $200 - $350,231.44,1,0,Urban,0,Web,No E-Mail,1,0,0.0
40640,2,1) $0 - $100,58.26,1,0,Urban,1,Web,Womens E-Mail,0,0,0.0
40668,10,5) $500 - $750,551.09,0,1,Surburban,1,Phone,No E-Mail,0,0,0.0
40671,7,1) $0 - $100,90.57,0,1,Urban,0,Web,Womens E-Mail,0,0,0.0
40675,10,2) $100 - $200,153.71,0,1,Urban,1,Phone,Womens E-Mail,0,0,0.0
40676,10,3) $200 - $350,265.57,0,1,Surburban,0,Multichannel,Mens E-Mail,0,0,0.0
40683,1,"7) $1,000 +",1228.03,1,0,Urban,1,Phone,Womens E-Mail,0,0,0.0
40687,10,1) $0 - $100,29.99,0,1,Surburban,1,Web,Mens E-Mail,0,0,0.0
40690,5,4) $350 - $500,383.07,0,1,Urban,0,Multichannel,Womens E-Mail,0,0,0.0
40701,5,"7) $1,000 +",1244.43,1,0,Urban,1,Web,Womens E-Mail,0,0,0.0
40714,9,2) $100 - $200,103.87,0,1,Surburban,1,Phone,Womens E-Mail,0,0,0.0
40728,5,2) $100 - $200,187.33,1,0,Surburban,0,Web,No E-Mail,0,0,0.0
40736,10,3) $200 - $350,219.7,0,1,Surburban,1,Multichannel,No E-Mail,0,0,0.0
40746,2,4) $350 - $500,431.9,1,0,Surburban,0,Web,No E-Mail,0,0,0.0
40770,1,3) $200 - $350,333.54,0,1,Surburban,0,Web,Womens E-Mail,1,0,0.0
40778,10,1) $0 - $100,31.24,0,1,Surburban,0,Web,Womens E-Mail,0,0,0.0
40787,10,1) $0 - $100,29.99,1,0,Surburban,1,Phone,No E-Mail,0,0,0.0
40793,2,2) $100 - $200,198.97,0,1,Rural,1,Phone,Mens E-Mail,1,0,0.0
40795,4,3) $200 - $350,213.73,0,1,Urban,0,Web,Mens E-Mail,1,0,0.0
40813,5,1) $0 - $100,55.38,0,1,Urban,0,Phone,No E-Mail,0,0,0.0
40816,10,2) $100 - $200,123.68,1,0,Surburban,0,Web,No E-Mail,0,0,0.0
40837,1,3) $200 - $350,345.16,0,1,Surburban,0,Multichannel,No E-Mail,0,0,0.0
40852,1,2) $100 - $200,142.07,1,0,Urban,1,Web,Womens E-Mail,0,0,0.0
40863,1,4) $350 - $500,356.8,1,0,Surburban,0,Web,Mens E-Mail,0,0,0.0
40867,5,1) $0 - $100,29.99,1,0,Rural,1,Web,No E-Mail,0,0,0.0
40872,10,3) $200 - $350,341.65,0,1,Urban,0,Phone,Mens E-Mail,0,0,0.0
40873,7,4) $350 - $500,379.6,1,0,Urban,1,Phone,Womens E-Mail,0,0,0.0
40878,10,1) $0 - $100,29.99,0,1,Urban,0,Phone,No E-Mail,0,0,0.0
40883,9,2) $100 - $200,114.69,0,1,Surburban,1,Web,No E-Mail,0,0,0.0
40903,6,2) $100 - $200,114.91,1,0,Surburban,1,Web,No E-Mail,0,0,0.0
40930,3,1) $0 - $100,85.35,1,0,Surburban,0,Web,Mens E-Mail,0,0,0.0
40931,12,2) $100 - $200,193.92,0,1,Urban,0,Web,No E-Mail,0,0,0.0
40933,6,1) $0 - $100,65.0,1,0,Surburban,1,Phone,Womens E-Mail,0,0,0.0
40945,7,1) $0 - $100,44.99,1,0,Urban,0,Phone,Womens E-Mail,0,0,0.0
40955,1,2) $100 - $200,112.47,1,0,Urban,1,Phone,No E-Mail,0,0,0.0
40959,9,2) $100 - $200,146.75,1,0,Surburban,0,Web,No E-Mail,0,0,0.0
40962,10,2) $100 - $200,154.04,0,1,Surburban,0,Phone,No E-Mail,0,0,0.0
40973,10,1) $0 - $100,30.08,0,1,Rural,1,Phone,Womens E-Mail,0,0,0.0
40976,4,1) $0 - $100,78.46,1,0,Urban,0,Web,Mens E-Mail,0,0,0.0
40977,1,3) $200 - $350,242.6,1,0,Urban,0,Phone,Womens E-Mail,0,0,0.0
40981,10,4) $350 - $500,405.83,1,0,Urban,0,Phone,No E-Mail,0,0,0.0
41000,1,3) $200 - $350,235.39,0,1,Urban,0,Multichannel,Womens E-Mail,0,0,0.0
41005,2,4) $350 - $500,478.29,1,0,Urban,1,Multichannel,No E-Mail,0,0,0.0
41010,5,1) $0 - $100,73.93,0,1,Urban,1,Phone,No E-Mail,0,0,0.0
41026,8,1) $0 - $100,61.84,0,1,Surburban,1,Phone,Mens E-Mail,0,0,0.0
41029,10,4) $350 - $500,483.06,0,1,Rural,0,Phone,Mens E-Mail,0,0,0.0
41037,10,1) $0 - $100,29.99,1,0,Surburban,1,Web,Mens E-Mail,1,1,29.99
41075,5,2) $100 - $200,131.73,0,1,Urban,1,Web,Mens E-Mail,0,0,0.0
41103,11,1) $0 - $100,37.62,0,1,Urban,1,Phone,Mens E-Mail,0,0,0.0
41109,10,2) $100 - $200,185.55,1,0,Surburban,1,Web,Mens E-Mail,0,0,0.0
41121,4,2) $100 - $200,158.91,1,0,Urban,1,Phone,No E-Mail,0,0,0.0
41129,10,1) $0 - $100,29.99,0,1,Surburban,0,Phone,No E-Mail,0,0,0.0
41144,7,3) $200 - $350,272.79,1,0,Rural,0,Phone,No E-Mail,0,0,0.0
41146,2,1) $0 - $100,81.64,0,1,Surburban,1,Phone,No E-Mail,0,0,0.0
41150,12,2) $100 - $200,133.55,1,0,Surburban,1,Phone,Mens E-Mail,0,0,0.0
41162,2,1) $0 - $100,29.99,0,1,Urban,1,Phone,Womens E-Mail,0,0,0.0
41177,4,3) $200 - $350,333.3,1,0,Surburban,0,Phone,Womens E-Mail,0,0,0.0
41179,2,3) $200 - $350,262.72,1,1,Surburban,1,Web,No E-Mail,0,0,0.0
41186,1,3) $200 - $350,262.98,0,1,Surburban,0,Phone,Womens E-Mail,0,0,0.0
41189,1,"7) $1,000 +",1805.59,1,0,Urban,1,Multichannel,Mens E-Mail,0,0,0.0
41193,1,"7) $1,000 +",1092.29,1,1,Urban,1,Multichannel,Womens E-Mail,0,0,0.0
41201,4,3) $200 - $350,210.19,0,1,Urban,1,Web,No E-Mail,0,0,0.0
41202,11,1) $0 - $100,67.91,1,0,Urban,1,Phone,Mens E-Mail,0,0,0.0
41207,12,1) $0 - $100,29.99,0,1,Urban,0,Web,No E-Mail,0,0,0.0
41210,3,1) $0 - $100,90.99,0,1,Surburban,1,Phone,Mens E-Mail,0,0,0.0
41231,3,1) $0 - $100,85.56,1,0,Rural,1,Web,Womens E-Mail,1,0,0.0
41242,2,2) $100 - $200,186.78,0,1,Rural,0,Phone,Womens E-Mail,0,0,0.0
41256,2,1) $0 - $100,48.72,1,0,Urban,1,Web,No E-Mail,0,0,0.0
41265,1,1) $0 - $100,40.43,1,0,Rural,0,Phone,Mens E-Mail,0,0,0.0
41271,10,5) $500 - $750,713.26,0,1,Rural,1,Web,No E-Mail,1,0,0.0
41294,6,2) $100 - $200,142.7,1,0,Rural,0,Phone,Mens E-Mail,1,0,0.0
41313,1,"7) $1,000 +",1075.99,0,1,Surburban,1,Phone,Mens E-Mail,1,1,142.53
41314,3,4) $350 - $500,397.49,1,0,Surburban,0,Multichannel,Mens E-Mail,0,0,0.0
41315,10,1) $0 - $100,51.73,1,0,Rural,0,Phone,Mens E-Mail,1,0,0.0
41318,2,2) $100 - $200,166.65,0,1,Surburban,1,Phone,Mens E-Mail,0,0,0.0
41334,10,2) $100 - $200,189.33,1,0,Urban,1,Phone,Mens E-Mail,0,0,0.0
41338,10,2) $100 - $200,178.57,0,1,Surburban,0,Phone,Mens E-Mail,1,0,0.0
41344,9,1) $0 - $100,60.52,1,0,Rural,0,Phone,No E-Mail,0,0,0.0
41345,9,3) $200 - $350,268.71,0,1,Surburban,0,Multichannel,Womens E-Mail,1,1,130.2
41395,3,2) $100 - $200,121.58,1,0,Urban,1,Phone,No E-Mail,0,0,0.0
41410,1,1) $0 - $100,48.65,0,1,Urban,0,Web,No E-Mail,0,0,0.0
41421,2,2) $100 - $200,108.0,0,1,Urban,0,Phone,Womens E-Mail,0,0,0.0
41437,5,2) $100 - $200,166.92,1,0,Surburban,0,Phone,Womens E-Mail,0,0,0.0
41449,2,2) $100 - $200,105.87,1,0,Surburban,1,Web,Womens E-Mail,0,0,0.0
41460,9,1) $0 - $100,53.45,1,0,Urban,0,Phone,Mens E-Mail,0,0,0.0
41472,2,1) $0 - $100,29.99,1,0,Surburban,0,Phone,No E-Mail,0,0,0.0
41474,9,1) $0 - $100,81.2,0,1,Urban,1,Web,Mens E-Mail,0,0,0.0
41480,5,1) $0 - $100,47.92,1,0,Urban,1,Phone,No E-Mail,0,0,0.0
41485,8,1) $0 - $100,29.99,0,1,Surburban,1,Phone,Mens E-Mail,0,0,0.0
41486,9,3) $200 - $350,210.88,0,1,Urban,1,Web,Mens E-Mail,0,0,0.0
41503,5,3) $200 - $350,283.02,0,1,Surburban,1,Web,No E-Mail,0,0,0.0
41510,8,1) $0 - $100,42.97,1,0,Surburban,1,Phone,Womens E-Mail,0,0,0.0
41523,9,1) $0 - $100,51.21,1,0,Surburban,0,Web,Mens E-Mail,0,0,0.0
41529,6,3) $200 - $350,261.46,1,0,Surburban,1,Phone,No E-Mail,0,0,0.0
41535,1,3) $200 - $350,313.3,1,1,Surburban,0,Web,No E-Mail,1,0,0.0
41543,4,4) $350 - $500,495.66,0,1,Rural,0,Multichannel,Mens E-Mail,0,0,0.0
41547,4,2) $100 - $200,139.98,0,1,Surburban,0,Phone,No E-Mail,0,0,0.0
41553,9,1) $0 - $100,29.99,0,1,Urban,0,Phone,Mens E-Mail,0,0,0.0
41594,2,1) $0 - $100,97.37,0,1,Surburban,0,Web,Mens E-Mail,0,0,0.0
41602,9,3) $200 - $350,268.13,0,1,Rural,0,Web,No E-Mail,0,0,0.0
41620,2,3) $200 - $350,218.37,0,1,Urban,0,Phone,Mens E-Mail,0,0,0.0
41641,12,1) $0 - $100,34.88,0,1,Surburban,0,Phone,No E-Mail,0,0,0.0
41647,4,3) $200 - $350,310.75,0,1,Surburban,0,Phone,Womens E-Mail,1,0,0.0
41663,1,2) $100 - $200,177.23,0,1,Surburban,0,Phone,Mens E-Mail,0,0,0.0
41700,6,3) $200 - $350,283.06,0,1,Urban,0,Multichannel,Mens E-Mail,1,0,0.0
41701,4,5) $500 - $750,619.36,1,1,Rural,1,Phone,Womens E-Mail,0,0,0.0
41716,1,5) $500 - $750,621.23,1,1,Surburban,1,Phone,Mens E-Mail,0,0,0.0
41724,5,3) $200 - $350,234.64,0,1,Urban,0,Web,No E-Mail,0,0,0.0
41726,1,3) $200 - $350,301.96,0,1,Urban,0,Multichannel,Womens E-Mail,0,0,0.0
41734,2,1) $0 - $100,83.33,1,0,Rural,1,Phone,Womens E-Mail,0,0,0.0
41748,8,"6) $750 - $1,000",769.49,1,0,Surburban,1,Multichannel,Womens E-Mail,0,0,0.0
41797,3,3) $200 - $350,339.66,1,0,Surburban,0,Web,Mens E-Mail,0,0,0.0
41802,8,2) $100 - $200,178.51,1,0,Urban,0,Web,Mens E-Mail,0,0,0.0
41806,7,3) $200 - $350,239.2,1,0,Urban,0,Phone,Womens E-Mail,0,0,0.0
41809,2,"7) $1,000 +",1021.58,1,0,Urban,1,Phone,No E-Mail,0,0,0.0
41832,5,1) $0 - $100,49.9,0,1,Surburban,1,Web,Mens E-Mail,0,0,0.0
41854,7,3) $200 - $350,210.16,1,0,Rural,0,Web,No E-Mail,0,0,0.0
41858,10,1) $0 - $100,37.63,0,1,Surburban,0,Web,No E-Mail,0,0,0.0
41862,7,2) $100 - $200,103.99,0,1,Urban,1,Web,Mens E-Mail,0,0,0.0
41881,9,4) $350 - $500,477.92,0,1,Surburban,1,Multichannel,Mens E-Mail,0,0,0.0
41886,7,1) $0 - $100,95.12,1,0,Surburban,0,Phone,Mens E-Mail,0,0,0.0
41905,3,3) $200 - $350,321.71,0,1,Rural,1,Web,Womens E-Mail,1,0,0.0
41913,4,2) $100 - $200,169.84,1,0,Urban,0,Web,Mens E-Mail,0,0,0.0
41925,11,4) $350 - $500,428.45,1,1,Urban,0,Phone,No E-Mail,1,0,0.0
41951,11,5) $500 - $750,716.51,1,0,Surburban,1,Web,Womens E-Mail,0,0,0.0
41962,10,1) $0 - $100,41.56,0,1,Urban,0,Web,No E-Mail,0,0,0.0
41970,5,1) $0 - $100,33.99,1,0,Surburban,1,Web,Mens E-Mail,0,0,0.0
41996,5,1) $0 - $100,40.15,0,1,Surburban,0,Phone,Womens E-Mail,0,0,0.0
42008,6,1) $0 - $100,46.75,0,1,Surburban,0,Web,Mens E-Mail,0,0,0.0
42009,9,4) $350 - $500,352.65,0,1,Surburban,0,Web,Womens E-Mail,0,0,0.0
42051,7,2) $100 - $200,144.34,0,1,Surburban,1,Web,No E-Mail,0,0,0.0
42063,7,4) $350 - $500,383.79,0,1,Urban,0,Web,No E-Mail,0,0,0.0
42065,10,1) $0 - $100,29.99,0,1,Urban,0,Web,Womens E-Mail,0,0,0.0
42070,4,1) $0 - $100,97.77,1,0,Urban,1,Phone,No E-Mail,0,0,0.0
42084,8,5) $500 - $750,525.87,0,1,Urban,1,Web,No E-Mail,0,0,0.0
42089,8,1) $0 - $100,40.3,1,0,Surburban,1,Web,Mens E-Mail,0,0,0.0
42107,1,4) $350 - $500,384.44,1,1,Urban,0,Multichannel,Womens E-Mail,0,0,0.0
42130,5,2) $100 - $200,152.31,1,0,Rural,0,Phone,No E-Mail,0,0,0.0
42143,10,2) $100 - $200,148.79,1,0,Surburban,1,Phone,No E-Mail,0,0,0.0
42149,2,2) $100 - $200,183.79,0,1,Urban,0,Phone,Mens E-Mail,0,0,0.0
42154,12,1) $0 - $100,82.97,1,0,Rural,0,Web,Mens E-Mail,0,0,0.0
42164,11,1) $0 - $100,43.37,1,0,Rural,1,Web,Womens E-Mail,0,0,0.0
42165,4,1) $0 - $100,90.57,1,0,Urban,0,Web,Womens E-Mail,1,0,0.0
42194,8,5) $500 - $750,647.16,0,1,Urban,1,Web,No E-Mail,0,0,0.0
42206,5,4) $350 - $500,442.45,1,0,Rural,0,Phone,Mens E-Mail,0,0,0.0
42227,1,2) $100 - $200,156.59,1,0,Surburban,0,Web,No E-Mail,0,0,0.0
42234,4,1) $0 - $100,65.97,1,0,Urban,1,Phone,Womens E-Mail,0,0,0.0
42240,3,3) $200 - $350,296.16,0,1,Urban,1,Multichannel,Mens E-Mail,1,0,0.0
42306,10,1) $0 - $100,71.64,1,0,Surburban,1,Web,No E-Mail,0,0,0.0
42311,1,2) $100 - $200,164.73,0,1,Surburban,0,Web,No E-Mail,0,0,0.0
42336,10,1) $0 - $100,29.99,0,1,Surburban,1,Web,Womens E-Mail,0,0,0.0
42342,2,2) $100 - $200,127.06,1,0,Surburban,1,Web,Womens E-Mail,0,0,0.0
42347,3,3) $200 - $350,205.71,1,1,Surburban,0,Phone,Mens E-Mail,1,0,0.0
42354,2,5) $500 - $750,568.1,0,1,Urban,1,Web,Mens E-Mail,0,0,0.0
42358,4,1) $0 - $100,30.69,0,1,Surburban,1,Phone,Mens E-Mail,0,0,0.0
42359,11,2) $100 - $200,150.48,1,0,Urban,1,Web,Womens E-Mail,0,0,0.0
42366,8,3) $200 - $350,261.6,1,0,Urban,0,Phone,No E-Mail,1,0,0.0
42367,5,4) $350 - $500,477.98,1,0,Urban,0,Multichannel,Womens E-Mail,0,0,0.0
42372,9,2) $100 - $200,187.89,1,0,Urban,0,Web,Womens E-Mail,0,0,0.0
42373,3,3) $200 - $350,267.97,1,1,Urban,0,Web,Mens E-Mail,1,0,0.0
42382,4,3) $200 - $350,345.51,1,0,Surburban,0,Phone,Womens E-Mail,0,0,0.0
42408,9,1) $0 - $100,84.02,0,1,Surburban,1,Web,Mens E-Mail,0,0,0.0
42421,5,4) $350 - $500,376.49,1,1,Rural,0,Multichannel,Mens E-Mail,1,0,0.0
42429,6,3) $200 - $350,290.42,1,0,Surburban,0,Web,Womens E-Mail,0,0,0.0
42430,7,4) $350 - $500,421.48,0,1,Urban,0,Web,Womens E-Mail,0,0,0.0
42438,9,1) $0 - $100,41.45,1,0,Surburban,1,Web,No E-Mail,0,0,0.0
42440,3,2) $100 - $200,185.04,0,1,Surburban,1,Phone,No E-Mail,0,0,0.0
42458,3,5) $500 - $750,595.47,1,1,Urban,1,Web,Womens E-Mail,0,0,0.0
42464,9,1) $0 - $100,70.52,1,0,Urban,0,Web,Womens E-Mail,0,0,0.0
42468,1,1) $0 - $100,83.78,0,1,Urban,1,Phone,Mens E-Mail,0,0,0.0
42469,2,2) $100 - $200,117.21,0,1,Urban,1,Phone,Womens E-Mail,0,0,0.0
42476,2,1) $0 - $100,29.99,0,1,Surburban,0,Web,Womens E-Mail,0,0,0.0
42497,9,3) $200 - $350,233.15,1,0,Surburban,1,Multichannel,Mens E-Mail,0,0,0.0
42507,4,5) $500 - $750,559.99,1,0,Urban,1,Multichannel,Womens E-Mail,0,0,0.0
42536,2,5) $500 - $750,553.01,0,1,Surburban,1,Multichannel,Womens E-Mail,0,0,0.0
42553,3,1) $0 - $100,35.5,1,0,Rural,1,Web,Womens E-Mail,0,0,0.0
42555,2,3) $200 - $350,238.48,0,1,Surburban,1,Multichannel,Womens E-Mail,0,0,0.0
42568,10,4) $350 - $500,434.17,0,1,Urban,0,Web,Mens E-Mail,0,0,0.0
42570,12,1) $0 - $100,87.87,0,1,Surburban,1,Web,Mens E-Mail,0,0,0.0
42593,12,1) $0 - $100,29.99,0,1,Urban,0,Web,Mens E-Mail,1,0,0.0
42616,1,1) $0 - $100,70.55,0,1,Surburban,1,Web,No E-Mail,0,0,0.0
42633,9,1) $0 - $100,29.99,1,0,Urban,0,Phone,Mens E-Mail,0,0,0.0
42635,11,1) $0 - $100,29.99,1,0,Surburban,0,Phone,Mens E-Mail,0,0,0.0
42646,7,3) $200 - $350,204.87,1,0,Surburban,0,Web,No E-Mail,0,0,0.0
42660,2,3) $200 - $350,261.55,0,1,Surburban,0,Web,No E-Mail,0,0,0.0
42661,5,3) $200 - $350,206.47,1,0,Surburban,1,Phone,Womens E-Mail,0,0,0.0
42670,10,1) $0 - $100,42.07,0,1,Surburban,1,Web,No E-Mail,0,0,0.0
42709,12,4) $350 - $500,383.11,0,1,Surburban,0,Phone,Womens E-Mail,0,0,0.0
42726,2,1) $0 - $100,75.22,0,1,Surburban,0,Web,No E-Mail,0,0,0.0
42746,7,4) $350 - $500,378.59,1,0,Surburban,0,Multichannel,No E-Mail,0,0,0.0
42766,5,1) $0 - $100,76.44,0,1,Rural,0,Web,Womens E-Mail,0,0,0.0
42775,1,3) $200 - $350,277.17,1,0,Rural,0,Web,Mens E-Mail,1,0,0.0
42785,10,1) $0 - $100,74.43,1,0,Urban,1,Phone,No E-Mail,0,0,0.0
42794,3,1) $0 - $100,46.15,1,0,Urban,0,Web,Womens E-Mail,0,0,0.0
42801,4,1) $0 - $100,29.99,1,0,Urban,0,Phone,No E-Mail,0,0,0.0
42803,12,3) $200 - $350,298.77,0,1,Surburban,0,Web,No E-Mail,0,0,0.0
42823,2,1) $0 - $100,29.99,0,1,Surburban,1,Web,Mens E-Mail,0,0,0.0
42836,11,1) $0 - $100,55.19,0,1,Rural,1,Phone,Mens E-Mail,1,0,0.0
42849,11,3) $200 - $350,319.09,1,0,Urban,1,Phone,Mens E-Mail,0,0,0.0
42856,12,1) $0 - $100,29.99,0,1,Urban,0,Web,No E-Mail,0,0,0.0
42858,9,1) $0 - $100,70.92,0,1,Surburban,0,Phone,Womens E-Mail,0,0,0.0
42865,4,1) $0 - $100,29.99,0,1,Surburban,1,Web,Womens E-Mail,0,0,0.0
42883,11,1) $0 - $100,29.99,0,1,Surburban,1,Phone,Womens E-Mail,0,0,0.0
42902,6,3) $200 - $350,237.0,1,0,Rural,0,Web,Mens E-Mail,1,0,0.0
42919,4,1) $0 - $100,80.47,0,1,Urban,0,Phone,No E-Mail,0,0,0.0
42930,12,1) $0 - $100,29.99,1,0,Urban,0,Phone,Mens E-Mail,0,0,0.0
42943,2,2) $100 - $200,144.97,0,1,Rural,0,Web,Womens E-Mail,0,0,0.0
42952,10,3) $200 - $350,338.44,0,1,Urban,0,Web,Mens E-Mail,0,0,0.0
42953,6,3) $200 - $350,241.84,1,1,Surburban,1,Multichannel,Womens E-Mail,0,0,0.0
42973,9,2) $100 - $200,189.51,0,1,Urban,1,Phone,Mens E-Mail,0,0,0.0
42978,2,3) $200 - $350,233.93,0,1,Surburban,0,Phone,Mens E-Mail,0,0,0.0
42980,2,1) $0 - $100,82.85,0,1,Rural,0,Phone,Womens E-Mail,0,0,0.0
42990,3,2) $100 - $200,135.02,1,0,Surburban,0,Web,No E-Mail,0,0,0.0
42995,2,3) $200 - $350,257.01,1,1,Urban,0,Phone,No E-Mail,0,0,0.0
42996,10,4) $350 - $500,360.64,0,1,Surburban,1,Phone,Womens E-Mail,0,0,0.0
43028,10,1) $0 - $100,65.5,1,0,Urban,0,Web,No E-Mail,0,0,0.0
43034,11,1) $0 - $100,39.97,1,0,Urban,1,Phone,Mens E-Mail,0,0,0.0
43039,5,1) $0 - $100,56.31,0,1,Surburban,1,Web,Womens E-Mail,0,0,0.0
43048,11,1) $0 - $100,57.49,1,0,Urban,1,Web,Womens E-Mail,0,0,0.0
43073,2,2) $100 - $200,114.16,0,1,Urban,1,Phone,Mens E-Mail,0,0,0.0
43125,7,1) $0 - $100,42.97,0,1,Surburban,0,Phone,Mens E-Mail,0,0,0.0
43133,3,"6) $750 - $1,000",826.09,1,0,Surburban,1,Phone,Mens E-Mail,0,0,0.0
43140,4,1) $0 - $100,68.39,0,1,Rural,1,Web,No E-Mail,0,0,0.0
43152,6,3) $200 - $350,254.58,1,0,Surburban,0,Web,No E-Mail,0,0,0.0
43154,8,3) $200 - $350,256.89,0,1,Surburban,0,Web,Womens E-Mail,0,0,0.0
43156,2,1) $0 - $100,59.15,0,1,Urban,0,Web,Womens E-Mail,0,0,0.0
43160,6,1) $0 - $100,29.99,0,1,Urban,0,Web,No E-Mail,1,0,0.0
43163,2,3) $200 - $350,277.29,1,0,Rural,1,Web,No E-Mail,0,0,0.0
43166,6,1) $0 - $100,29.99,1,0,Urban,0,Phone,No E-Mail,0,0,0.0
43183,5,3) $200 - $350,325.97,1,1,Surburban,0,Phone,Mens E-Mail,0,0,0.0
43193,4,1) $0 - $100,32.51,1,0,Surburban,0,Web,Womens E-Mail,0,0,0.0
43203,9,2) $100 - $200,102.25,1,0,Rural,0,Web,Womens E-Mail,0,0,0.0
43204,5,3) $200 - $350,204.84,0,1,Urban,0,Multichannel,Womens E-Mail,0,0,0.0
43226,5,1) $0 - $100,29.99,1,0,Rural,1,Web,Womens E-Mail,0,0,0.0
43281,9,3) $200 - $350,241.21,1,0,Surburban,1,Web,No E-Mail,0,0,0.0
43290,6,2) $100 - $200,170.49,0,1,Surburban,0,Web,Mens E-Mail,0,0,0.0
43295,1,5) $500 - $750,603.51,0,1,Urban,1,Web,Mens E-Mail,1,0,0.0
43299,1,"7) $1,000 +",1095.26,0,1,Rural,1,Multichannel,Mens E-Mail,0,0,0.0
43303,4,3) $200 - $350,316.28,0,1,Surburban,1,Phone,Mens E-Mail,0,0,0.0
43306,3,3) $200 - $350,206.48,1,0,Urban,0,Phone,Mens E-Mail,1,0,0.0
43321,9,4) $350 - $500,413.92,1,0,Rural,1,Phone,Womens E-Mail,0,0,0.0
43330,11,2) $100 - $200,146.53,1,0,Rural,1,Phone,Womens E-Mail,1,0,0.0
43331,4,3) $200 - $350,248.92,0,1,Surburban,1,Phone,No E-Mail,0,0,0.0
43340,11,1) $0 - $100,36.73,0,1,Surburban,0,Web,No E-Mail,0,0,0.0
43347,6,2) $100 - $200,105.62,1,0,Surburban,1,Web,No E-Mail,0,0,0.0
43359,4,1) $0 - $100,29.99,0,1,Surburban,0,Phone,Womens E-Mail,1,0,0.0
43369,7,1) $0 - $100,74.12,0,1,Urban,0,Phone,No E-Mail,0,0,0.0
43372,10,1) $0 - $100,37.59,0,1,Surburban,0,Web,No E-Mail,0,0,0.0
43379,7,2) $100 - $200,174.1,0,1,Urban,0,Web,No E-Mail,0,0,0.0
43381,11,2) $100 - $200,134.48,0,1,Surburban,1,Web,Womens E-Mail,0,0,0.0
43390,8,1) $0 - $100,83.01,1,0,Urban,0,Web,Womens E-Mail,0,0,0.0
43393,5,1) $0 - $100,94.67,1,0,Surburban,1,Phone,Womens E-Mail,0,0,0.0
43397,6,1) $0 - $100,31.27,1,0,Urban,0,Web,No E-Mail,0,0,0.0
43407,4,1) $0 - $100,29.99,0,1,Rural,1,Web,Womens E-Mail,0,0,0.0
43411,2,"6) $750 - $1,000",801.37,0,1,Urban,1,Multichannel,No E-Mail,0,0,0.0
43418,5,1) $0 - $100,29.99,1,0,Rural,0,Phone,Womens E-Mail,0,0,0.0
43444,5,1) $0 - $100,46.78,1,0,Rural,1,Web,Womens E-Mail,0,0,0.0
43456,2,"7) $1,000 +",1043.47,0,1,Urban,1,Multichannel,Mens E-Mail,0,0,0.0
43467,1,2) $100 - $200,103.98,1,0,Surburban,0,Phone,No E-Mail,0,0,0.0
43485,3,1) $0 - $100,44.74,1,0,Surburban,0,Phone,Womens E-Mail,0,0,0.0
43488,3,1) $0 - $100,31.65,0,1,Urban,1,Web,Mens E-Mail,0,0,0.0
43496,2,"6) $750 - $1,000",754.0,1,1,Urban,1,Multichannel,Mens E-Mail,1,0,0.0
43502,2,1) $0 - $100,56.11,0,1,Rural,1,Phone,No E-Mail,0,0,0.0
43503,3,1) $0 - $100,29.99,0,1,Urban,0,Web,Womens E-Mail,1,0,0.0
43504,10,3) $200 - $350,332.18,1,0,Rural,0,Phone,Womens E-Mail,0,0,0.0
43508,2,3) $200 - $350,295.13,1,0,Urban,0,Phone,No E-Mail,1,0,0.0
43511,2,5) $500 - $750,585.49,1,0,Urban,1,Multichannel,Mens E-Mail,1,0,0.0
43541,8,1) $0 - $100,38.83,1,0,Urban,0,Phone,Mens E-Mail,0,0,0.0
43544,2,3) $200 - $350,336.7,1,0,Urban,0,Phone,Mens E-Mail,0,0,0.0
43547,6,2) $100 - $200,148.21,0,1,Surburban,0,Web,Womens E-Mail,0,0,0.0
43549,10,1) $0 - $100,29.99,1,0,Surburban,0,Phone,No E-Mail,0,0,0.0
43552,10,3) $200 - $350,297.36,1,0,Urban,0,Web,Mens E-Mail,0,0,0.0
43562,3,1) $0 - $100,70.43,1,0,Urban,1,Phone,No E-Mail,0,0,0.0
43573,1,2) $100 - $200,147.55,1,0,Surburban,0,Phone,No E-Mail,0,0,0.0
43575,10,1) $0 - $100,93.3,1,0,Urban,0,Web,Womens E-Mail,0,0,0.0
43578,11,5) $500 - $750,626.31,1,1,Surburban,1,Phone,Mens E-Mail,0,0,0.0
43593,2,3) $200 - $350,224.96,0,1,Surburban,0,Multichannel,Mens E-Mail,0,0,0.0
43594,2,2) $100 - $200,131.89,1,0,Urban,1,Web,No E-Mail,0,0,0.0
43627,5,1) $0 - $100,71.67,0,1,Surburban,0,Phone,No E-Mail,0,0,0.0
43669,2,3) $200 - $350,330.79,0,1,Surburban,0,Multichannel,Mens E-Mail,0,0,0.0
43670,10,2) $100 - $200,158.99,0,1,Urban,0,Web,Womens E-Mail,0,0,0.0
43672,3,2) $100 - $200,168.63,0,1,Rural,0,Web,No E-Mail,1,0,0.0
43709,2,3) $200 - $350,205.95,1,0,Urban,0,Web,Mens E-Mail,0,0,0.0
43710,6,2) $100 - $200,102.53,1,0,Rural,1,Phone,Mens E-Mail,0,0,0.0
43713,1,2) $100 - $200,160.43,1,0,Surburban,0,Phone,Womens E-Mail,0,0,0.0
43720,1,3) $200 - $350,204.78,1,1,Surburban,0,Phone,No E-Mail,0,0,0.0
43736,10,2) $100 - $200,168.51,0,1,Urban,1,Web,Mens E-Mail,0,0,0.0
43742,11,3) $200 - $350,254.91,1,1,Surburban,0,Web,Mens E-Mail,0,0,0.0
43754,5,1) $0 - $100,97.47,0,1,Urban,0,Phone,Womens E-Mail,0,0,0.0
43758,1,3) $200 - $350,232.22,1,0,Surburban,0,Multichannel,Mens E-Mail,0,0,0.0
43768,6,3) $200 - $350,251.97,0,1,Urban,1,Multichannel,Womens E-Mail,0,0,0.0
43778,3,5) $500 - $750,622.39,1,0,Surburban,1,Phone,Mens E-Mail,0,0,0.0
43787,4,3) $200 - $350,292.36,0,1,Urban,1,Phone,No E-Mail,0,0,0.0
43799,2,1) $0 - $100,43.9,1,0,Rural,1,Web,No E-Mail,0,0,0.0
43809,2,4) $350 - $500,403.32,0,1,Surburban,0,Multichannel,Mens E-Mail,0,0,0.0
43841,5,2) $100 - $200,104.48,1,0,Rural,1,Phone,Mens E-Mail,1,0,0.0
43847,2,3) $200 - $350,285.27,0,1,Surburban,1,Phone,Womens E-Mail,0,0,0.0
43853,1,3) $200 - $350,292.16,0,1,Rural,0,Phone,Womens E-Mail,1,0,0.0
43854,1,3) $200 - $350,267.21,1,0,Urban,0,Multichannel,Womens E-Mail,0,0,0.0
43862,6,3) $200 - $350,316.73,1,0,Urban,0,Web,Womens E-Mail,1,0,0.0
43863,10,1) $0 - $100,29.99,1,0,Surburban,1,Phone,No E-Mail,0,0,0.0
43883,6,2) $100 - $200,183.62,0,1,Surburban,1,Web,Mens E-Mail,0,0,0.0
43886,9,1) $0 - $100,29.99,0,1,Urban,0,Phone,No E-Mail,0,0,0.0
43931,12,1) $0 - $100,98.28,1,0,Urban,1,Phone,Mens E-Mail,0,0,0.0
43934,12,1) $0 - $100,96.08,1,0,Rural,1,Web,Mens E-Mail,0,0,0.0
43957,5,2) $100 - $200,101.92,1,0,Surburban,1,Phone,Womens E-Mail,0,0,0.0
43985,10,"6) $750 - $1,000",887.06,1,0,Surburban,1,Multichannel,Mens E-Mail,0,0,0.0
43994,3,3) $200 - $350,332.85,1,0,Urban,0,Web,Womens E-Mail,0,0,0.0
44006,5,1) $0 - $100,39.65,0,1,Urban,0,Phone,Womens E-Mail,0,0,0.0
44008,7,"6) $750 - $1,000",953.71,1,1,Surburban,1,Web,Mens E-Mail,0,0,0.0
44024,7,3) $200 - $350,275.21,1,1,Surburban,1,Phone,Womens E-Mail,0,0,0.0
44034,9,3) $200 - $350,312.99,0,1,Surburban,1,Multichannel,No E-Mail,0,0,0.0
44058,1,4) $350 - $500,445.54,0,1,Urban,0,Multichannel,No E-Mail,0,0,0.0
44106,5,2) $100 - $200,126.65,1,0,Surburban,1,Phone,No E-Mail,0,0,0.0
44117,1,1) $0 - $100,29.99,1,0,Surburban,0,Web,Womens E-Mail,0,0,0.0
44124,10,1) $0 - $100,29.99,0,1,Rural,0,Web,Mens E-Mail,1,0,0.0
44134,9,3) $200 - $350,208.64,1,0,Surburban,1,Multichannel,Mens E-Mail,0,0,0.0
44145,4,4) $350 - $500,369.05,1,0,Surburban,0,Phone,No E-Mail,0,0,0.0
44175,2,4) $350 - $500,379.57,1,1,Urban,0,Web,No E-Mail,0,0,0.0
44178,1,1) $0 - $100,29.99,0,1,Urban,0,Web,No E-Mail,0,0,0.0
44188,1,3) $200 - $350,206.56,0,1,Rural,1,Phone,No E-Mail,0,0,0.0
44194,5,1) $0 - $100,63.15,1,0,Surburban,1,Phone,Mens E-Mail,0,0,0.0
44195,11,2) $100 - $200,112.28,0,1,Urban,0,Web,Womens E-Mail,0,0,0.0
44207,9,"6) $750 - $1,000",812.01,1,1,Surburban,1,Phone,No E-Mail,0,0,0.0
44211,8,1) $0 - $100,49.34,0,1,Urban,0,Web,Womens E-Mail,0,0,0.0
44229,10,1) $0 - $100,55.73,0,1,Urban,0,Phone,Mens E-Mail,1,0,0.0
44234,10,1) $0 - $100,29.99,1,0,Urban,0,Web,Womens E-Mail,0,0,0.0
44237,3,5) $500 - $750,508.28,1,0,Surburban,1,Multichannel,No E-Mail,0,0,0.0
44242,1,2) $100 - $200,115.67,1,0,Surburban,1,Web,No E-Mail,0,0,0.0
44244,8,2) $100 - $200,154.81,0,1,Surburban,1,Web,No E-Mail,0,0,0.0
44276,8,2) $100 - $200,109.92,1,0,Surburban,0,Web,Mens E-Mail,1,0,0.0
44281,10,2) $100 - $200,113.24,1,0,Urban,1,Phone,Mens E-Mail,0,0,0.0
44287,9,3) $200 - $350,319.19,1,1,Rural,1,Multichannel,Womens E-Mail,0,0,0.0
44295,9,1) $0 - $100,29.99,1,0,Surburban,0,Web,Womens E-Mail,0,0,0.0
44301,5,2) $100 - $200,126.31,0,1,Surburban,0,Web,Mens E-Mail,1,0,0.0
44311,2,2) $100 - $200,106.23,1,0,Urban,1,Web,No E-Mail,0,0,0.0
44323,9,1) $0 - $100,34.25,0,1,Urban,0,Phone,Mens E-Mail,0,0,0.0
44333,4,1) $0 - $100,76.04,1,0,Surburban,0,Phone,No E-Mail,0,0,0.0
44346,7,5) $500 - $750,521.82,1,0,Surburban,1,Phone,No E-Mail,0,0,0.0
44348,1,"7) $1,000 +",1001.75,1,1,Urban,1,Multichannel,No E-Mail,0,0,0.0
44349,10,1) $0 - $100,61.72,0,1,Urban,1,Phone,Womens E-Mail,0,0,0.0
44350,9,"6) $750 - $1,000",758.66,1,1,Urban,1,Phone,Mens E-Mail,0,0,0.0
44353,3,1) $0 - $100,70.25,0,1,Rural,1,Phone,No E-Mail,0,0,0.0
44354,5,2) $100 - $200,173.32,1,0,Rural,0,Phone,No E-Mail,1,0,0.0
44357,8,"6) $750 - $1,000",998.29,1,1,Urban,1,Phone,Womens E-Mail,0,0,0.0
44360,1,"6) $750 - $1,000",754.5,1,1,Surburban,1,Phone,No E-Mail,0,0,0.0
44361,11,2) $100 - $200,119.15,0,1,Urban,1,Phone,Mens E-Mail,0,0,0.0
44366,4,2) $100 - $200,116.61,0,1,Surburban,1,Web,Mens E-Mail,0,0,0.0
44369,6,1) $0 - $100,93.61,1,0,Surburban,0,Web,No E-Mail,0,0,0.0
44390,8,2) $100 - $200,105.73,0,1,Rural,1,Phone,Womens E-Mail,0,0,0.0
44391,9,2) $100 - $200,137.08,1,0,Rural,0,Phone,No E-Mail,0,0,0.0
44395,7,1) $0 - $100,39.17,1,0,Rural,0,Phone,No E-Mail,0,0,0.0
44415,6,1) $0 - $100,29.99,1,0,Rural,0,Phone,Womens E-Mail,0,0,0.0
44429,10,1) $0 - $100,84.48,0,1,Surburban,0,Web,Mens E-Mail,0,0,0.0
44436,11,2) $100 - $200,194.98,0,1,Surburban,1,Phone,Womens E-Mail,0,0,0.0
44440,4,1) $0 - $100,96.63,0,1,Surburban,0,Web,Womens E-Mail,0,0,0.0
44456,6,3) $200 - $350,338.46,0,1,Surburban,0,Multichannel,Womens E-Mail,0,0,0.0
44458,4,2) $100 - $200,110.83,0,1,Surburban,1,Web,Mens E-Mail,0,0,0.0
44459,2,1) $0 - $100,33.98,1,0,Surburban,1,Phone,No E-Mail,0,0,0.0
44460,6,"7) $1,000 +",1048.34,1,1,Surburban,1,Web,Womens E-Mail,0,0,0.0
44461,9,3) $200 - $350,235.42,0,1,Urban,0,Phone,Womens E-Mail,0,0,0.0
44466,7,1) $0 - $100,37.12,0,1,Surburban,1,Phone,Mens E-Mail,0,0,0.0
44469,5,4) $350 - $500,411.74,1,0,Urban,1,Phone,Mens E-Mail,0,0,0.0
44474,11,1) $0 - $100,29.99,1,0,Surburban,1,Web,Mens E-Mail,0,0,0.0
44477,11,2) $100 - $200,193.72,1,0,Urban,1,Phone,No E-Mail,0,0,0.0
44478,6,3) $200 - $350,305.16,0,1,Surburban,0,Web,Mens E-Mail,1,0,0.0
44489,1,"6) $750 - $1,000",847.69,1,0,Urban,1,Web,Mens E-Mail,1,0,0.0
44502,10,"6) $750 - $1,000",799.36,1,1,Rural,1,Phone,No E-Mail,1,0,0.0
44503,8,1) $0 - $100,83.16,0,1,Urban,1,Web,Mens E-Mail,0,0,0.0
44508,8,1) $0 - $100,30.93,1,0,Surburban,1,Phone,No E-Mail,0,0,0.0
44509,7,1) $0 - $100,29.99,1,0,Urban,0,Phone,No E-Mail,0,0,0.0
44514,8,1) $0 - $100,53.2,0,1,Surburban,0,Phone,Mens E-Mail,0,0,0.0
44517,7,1) $0 - $100,97.94,0,1,Surburban,1,Phone,No E-Mail,0,0,0.0
44521,9,2) $100 - $200,128.66,1,0,Urban,1,Web,Mens E-Mail,0,0,0.0
44567,10,2) $100 - $200,122.32,0,1,Surburban,0,Phone,No E-Mail,0,0,0.0
44568,11,3) $200 - $350,225.08,1,1,Urban,1,Phone,Womens E-Mail,0,0,0.0
44577,2,3) $200 - $350,212.46,0,1,Surburban,1,Web,No E-Mail,1,0,0.0
44580,10,2) $100 - $200,121.75,0,1,Surburban,1,Phone,Womens E-Mail,0,0,0.0
44587,10,3) $200 - $350,229.98,1,0,Urban,0,Web,Womens E-Mail,0,0,0.0
44595,11,3) $200 - $350,259.59,0,1,Rural,1,Web,Mens E-Mail,1,0,0.0
44600,4,3) $200 - $350,252.73,1,1,Urban,1,Phone,Womens E-Mail,1,0,0.0
44603,1,1) $0 - $100,84.7,1,0,Urban,1,Web,Mens E-Mail,0,0,0.0
44606,10,1) $0 - $100,29.99,0,1,Rural,1,Phone,Womens E-Mail,0,0,0.0
44634,7,1) $0 - $100,42.87,0,1,Surburban,1,Web,No E-Mail,0,0,0.0
44635,9,3) $200 - $350,203.88,0,1,Surburban,0,Web,Womens E-Mail,0,0,0.0
44639,1,1) $0 - $100,63.38,1,0,Surburban,0,Web,Mens E-Mail,0,0,0.0
44642,9,2) $100 - $200,115.15,0,1,Urban,0,Web,Womens E-Mail,0,0,0.0
44646,3,3) $200 - $350,334.96,1,0,Rural,0,Phone,Mens E-Mail,0,0,0.0
44647,4,1) $0 - $100,95.21,0,1,Surburban,0,Web,Mens E-Mail,0,0,0.0
44657,2,3) $200 - $350,283.81,1,1,Surburban,0,Phone,Mens E-Mail,0,0,0.0
44682,11,2) $100 - $200,189.2,1,0,Urban,0,Web,No E-Mail,0,0,0.0
44689,3,2) $100 - $200,150.73,0,1,Surburban,0,Web,No E-Mail,0,0,0.0
44710,3,2) $100 - $200,112.53,1,0,Urban,0,Web,Womens E-Mail,0,0,0.0
44714,4,1) $0 - $100,33.63,0,1,Urban,1,Web,No E-Mail,0,0,0.0
44718,10,3) $200 - $350,314.47,1,0,Surburban,0,Phone,No E-Mail,0,0,0.0
44723,8,2) $100 - $200,141.92,1,0,Surburban,0,Web,No E-Mail,0,0,0.0
44733,6,1) $0 - $100,29.99,1,0,Rural,0,Phone,Womens E-Mail,0,0,0.0
44734,5,4) $350 - $500,480.84,1,0,Urban,0,Web,Mens E-Mail,0,0,0.0
44737,1,2) $100 - $200,118.81,1,0,Urban,0,Phone,Womens E-Mail,0,0,0.0
44742,3,3) $200 - $350,250.17,1,0,Urban,0,Phone,Mens E-Mail,0,0,0.0
44764,9,4) $350 - $500,356.53,1,0,Urban,0,Phone,No E-Mail,0,0,0.0
44769,1,1) $0 - $100,29.99,1,0,Surburban,0,Web,No E-Mail,0,0,0.0
44783,5,4) $350 - $500,477.28,1,1,Urban,0,Multichannel,Mens E-Mail,1,1,341.0
44798,12,1) $0 - $100,88.2,1,0,Surburban,1,Phone,Womens E-Mail,0,0,0.0
44799,12,1) $0 - $100,58.88,0,1,Urban,0,Phone,Womens E-Mail,1,0,0.0
44805,9,1) $0 - $100,35.21,1,0,Surburban,1,Phone,No E-Mail,0,0,0.0
44817,5,5) $500 - $750,712.97,1,0,Surburban,1,Multichannel,No E-Mail,0,0,0.0
44824,6,4) $350 - $500,473.84,0,1,Urban,0,Multichannel,Womens E-Mail,0,0,0.0
44848,11,1) $0 - $100,88.09,0,1,Surburban,1,Web,Mens E-Mail,0,0,0.0
44856,2,3) $200 - $350,307.36,0,1,Urban,0,Web,Mens E-Mail,1,0,0.0
44859,7,2) $100 - $200,166.33,0,1,Surburban,1,Web,No E-Mail,0,0,0.0
44879,9,5) $500 - $750,534.19,1,0,Urban,1,Phone,Mens E-Mail,0,0,0.0
44883,6,1) $0 - $100,29.99,0,1,Surburban,1,Phone,Mens E-Mail,0,0,0.0
44886,3,3) $200 - $350,220.6,0,1,Surburban,0,Web,Mens E-Mail,0,0,0.0
44887,9,1) $0 - $100,78.37,1,0,Rural,0,Phone,Womens E-Mail,0,0,0.0
44889,2,3) $200 - $350,287.92,1,0,Urban,0,Phone,Womens E-Mail,0,0,0.0
44894,11,1) $0 - $100,60.51,1,0,Urban,1,Web,Womens E-Mail,0,0,0.0
44898,8,2) $100 - $200,183.21,1,0,Rural,1,Web,No E-Mail,1,0,0.0
44904,5,1) $0 - $100,78.93,1,0,Rural,1,Web,Womens E-Mail,0,0,0.0
44914,7,2) $100 - $200,137.43,0,1,Surburban,1,Web,No E-Mail,0,0,0.0
44937,3,4) $350 - $500,395.68,1,0,Rural,0,Web,Mens E-Mail,0,0,0.0
44940,9,1) $0 - $100,29.99,0,1,Urban,1,Phone,No E-Mail,0,0,0.0
44942,3,3) $200 - $350,294.03,1,0,Rural,1,Web,Mens E-Mail,0,0,0.0
44957,10,1) $0 - $100,99.65,1,0,Surburban,0,Web,Womens E-Mail,0,0,0.0
44968,4,2) $100 - $200,130.5,1,0,Surburban,0,Phone,Mens E-Mail,0,0,0.0
44975,2,5) $500 - $750,531.74,1,1,Urban,1,Multichannel,No E-Mail,0,0,0.0
44987,1,2) $100 - $200,131.49,1,0,Surburban,1,Web,Mens E-Mail,0,0,0.0
44990,2,3) $200 - $350,251.89,1,1,Urban,0,Phone,Womens E-Mail,0,0,0.0
44992,9,1) $0 - $100,62.55,0,1,Surburban,1,Phone,No E-Mail,0,0,0.0
45013,7,2) $100 - $200,133.58,1,0,Surburban,0,Phone,No E-Mail,0,0,0.0
45024,4,3) $200 - $350,207.69,0,1,Urban,1,Multichannel,Mens E-Mail,0,0,0.0
45037,6,2) $100 - $200,108.62,0,1,Rural,1,Web,No E-Mail,0,0,0.0
45038,4,2) $100 - $200,191.07,0,1,Surburban,1,Phone,Womens E-Mail,0,0,0.0
45039,11,2) $100 - $200,126.98,0,1,Surburban,0,Phone,No E-Mail,0,0,0.0
45049,1,"6) $750 - $1,000",862.01,1,1,Surburban,1,Phone,Womens E-Mail,0,0,0.0
45060,6,4) $350 - $500,445.45,1,0,Urban,0,Phone,No E-Mail,0,0,0.0
45061,6,1) $0 - $100,41.49,0,1,Surburban,0,Web,No E-Mail,0,0,0.0
45063,9,2) $100 - $200,114.44,0,1,Surburban,0,Web,Womens E-Mail,0,0,0.0
45068,4,1) $0 - $100,44.06,1,0,Surburban,0,Web,Mens E-Mail,0,0,0.0
45070,2,5) $500 - $750,633.71,1,0,Surburban,1,Multichannel,No E-Mail,0,0,0.0
45075,5,"6) $750 - $1,000",877.54,0,1,Surburban,1,Web,No E-Mail,0,0,0.0
45083,7,"7) $1,000 +",1063.23,1,1,Surburban,1,Multichannel,Mens E-Mail,0,0,0.0
45096,1,5) $500 - $750,562.67,0,1,Surburban,1,Multichannel,Womens E-Mail,0,0,0.0
45117,4,"7) $1,000 +",1307.99,1,1,Rural,1,Phone,Mens E-Mail,0,0,0.0
45118,11,2) $100 - $200,180.27,0,1,Surburban,0,Web,Womens E-Mail,0,0,0.0
45127,3,2) $100 - $200,186.16,0,1,Surburban,0,Phone,Womens E-Mail,0,0,0.0
45141,11,2) $100 - $200,158.26,1,0,Rural,1,Web,Mens E-Mail,0,0,0.0
45156,11,4) $350 - $500,490.3,1,0,Surburban,0,Multichannel,No E-Mail,0,0,0.0
45160,10,2) $100 - $200,135.18,0,1,Surburban,1,Phone,Womens E-Mail,0,0,0.0
45168,8,2) $100 - $200,192.2,1,0,Rural,1,Web,Mens E-Mail,0,0,0.0
45180,2,3) $200 - $350,267.95,0,1,Urban,0,Multichannel,Mens E-Mail,0,0,0.0
45181,4,1) $0 - $100,29.99,1,0,Urban,0,Phone,Womens E-Mail,0,0,0.0
45182,1,5) $500 - $750,540.7,0,1,Surburban,1,Multichannel,No E-Mail,0,0,0.0
45183,1,1) $0 - $100,50.12,1,0,Surburban,1,Web,No E-Mail,0,0,0.0
45189,7,1) $0 - $100,29.99,1,0,Rural,0,Phone,Womens E-Mail,0,0,0.0
45190,4,3) $200 - $350,240.41,1,0,Urban,1,Phone,Womens E-Mail,1,0,0.0
45211,12,2) $100 - $200,130.35,1,0,Rural,1,Web,No E-Mail,0,0,0.0
45217,10,2) $100 - $200,159.16,1,0,Urban,1,Phone,Mens E-Mail,0,0,0.0
45218,11,1) $0 - $100,77.32,1,0,Urban,1,Phone,Womens E-Mail,0,0,0.0
45220,1,1) $0 - $100,29.99,0,1,Urban,0,Phone,No E-Mail,1,0,0.0
45222,9,4) $350 - $500,469.32,1,0,Urban,0,Phone,Mens E-Mail,0,0,0.0
45230,4,1) $0 - $100,31.36,1,0,Urban,1,Phone,Womens E-Mail,1,0,0.0
45235,5,3) $200 - $350,280.45,0,1,Urban,0,Multichannel,Womens E-Mail,0,0,0.0
45238,2,4) $350 - $500,394.56,0,1,Urban,0,Web,Womens E-Mail,1,0,0.0
45240,1,5) $500 - $750,515.84,1,1,Rural,1,Phone,Mens E-Mail,1,0,0.0
45245,5,3) $200 - $350,258.76,0,1,Surburban,1,Multichannel,Mens E-Mail,0,0,0.0
45251,8,1) $0 - $100,85.58,1,0,Urban,0,Web,No E-Mail,0,0,0.0
45259,9,1) $0 - $100,99.12,1,0,Urban,0,Phone,Mens E-Mail,0,0,0.0
45263,10,1) $0 - $100,89.61,1,0,Surburban,1,Web,Mens E-Mail,0,0,0.0
45284,8,2) $100 - $200,107.89,0,1,Urban,1,Phone,No E-Mail,0,0,0.0
45301,2,2) $100 - $200,140.08,1,0,Urban,0,Web,No E-Mail,1,0,0.0
45304,2,1) $0 - $100,96.32,0,1,Urban,0,Web,No E-Mail,1,0,0.0
45311,2,5) $500 - $750,721.18,1,0,Surburban,1,Web,Womens E-Mail,0,0,0.0
45316,2,1) $0 - $100,29.99,1,0,Surburban,1,Web,No E-Mail,0,0,0.0
45321,12,1) $0 - $100,29.99,0,1,Urban,0,Phone,Womens E-Mail,0,0,0.0
45322,10,1) $0 - $100,29.99,1,0,Urban,0,Web,No E-Mail,0,0,0.0
45337,5,1) $0 - $100,55.43,1,0,Surburban,0,Phone,Womens E-Mail,0,0,0.0
45342,11,5) $500 - $750,523.6,0,1,Surburban,1,Phone,Womens E-Mail,0,0,0.0
45345,5,3) $200 - $350,347.98,1,0,Urban,0,Phone,Mens E-Mail,0,0,0.0
45361,10,2) $100 - $200,176.97,0,1,Rural,1,Phone,Mens E-Mail,0,0,0.0
45363,6,1) $0 - $100,29.99,1,0,Surburban,0,Web,Mens E-Mail,0,0,0.0
45365,1,2) $100 - $200,190.07,1,0,Surburban,0,Phone,No E-Mail,0,0,0.0
45366,11,1) $0 - $100,37.29,0,1,Surburban,1,Web,No E-Mail,0,0,0.0
45390,7,3) $200 - $350,217.87,1,0,Surburban,1,Web,Mens E-Mail,0,0,0.0
45402,2,"7) $1,000 +",1247.42,0,1,Rural,1,Phone,Mens E-Mail,0,0,0.0
45415,11,5) $500 - $750,679.1,0,1,Surburban,1,Multichannel,Womens E-Mail,0,0,0.0
45426,3,2) $100 - $200,139.41,0,1,Surburban,1,Web,Mens E-Mail,0,0,0.0
45427,9,2) $100 - $200,154.7,0,1,Rural,0,Web,Womens E-Mail,1,0,0.0
45450,4,2) $100 - $200,157.83,1,0,Urban,0,Web,No E-Mail,0,0,0.0
45457,12,1) $0 - $100,29.99,0,1,Surburban,0,Web,Mens E-Mail,0,0,0.0
45460,4,4) $350 - $500,454.07,0,1,Rural,0,Phone,Womens E-Mail,1,0,0.0
45469,10,1) $0 - $100,67.16,0,1,Rural,0,Phone,Mens E-Mail,0,0,0.0
45484,5,1) $0 - $100,29.99,0,1,Surburban,1,Phone,Mens E-Mail,1,0,0.0
45494,4,3) $200 - $350,273.72,1,0,Surburban,1,Phone,Mens E-Mail,0,0,0.0
45497,11,4) $350 - $500,418.7,1,0,Surburban,0,Multichannel,Womens E-Mail,0,0,0.0
45498,8,1) $0 - $100,99.24,1,0,Urban,1,Web,Mens E-Mail,0,0,0.0
45519,10,1) $0 - $100,77.79,0,1,Surburban,1,Web,Womens E-Mail,0,0,0.0
45530,12,1) $0 - $100,39.39,1,0,Surburban,0,Phone,Womens E-Mail,0,0,0.0
45536,11,4) $350 - $500,390.75,1,1,Rural,1,Web,Womens E-Mail,0,0,0.0
45538,11,1) $0 - $100,91.56,1,0,Rural,1,Phone,Mens E-Mail,0,0,0.0
45539,5,5) $500 - $750,528.89,1,0,Urban,1,Phone,Mens E-Mail,0,0,0.0
45573,2,3) $200 - $350,292.75,1,1,Surburban,0,Web,No E-Mail,0,0,0.0
45580,5,1) $0 - $100,53.07,1,0,Urban,1,Phone,No E-Mail,0,0,0.0
45601,6,1) $0 - $100,79.86,1,0,Rural,1,Phone,Womens E-Mail,1,0,0.0
45605,10,1) $0 - $100,36.22,0,1,Surburban,0,Web,No E-Mail,0,0,0.0
45622,9,2) $100 - $200,178.17,1,0,Surburban,1,Web,Mens E-Mail,0,0,0.0
45627,7,3) $200 - $350,222.36,0,1,Urban,0,Web,No E-Mail,0,0,0.0
45632,6,1) $0 - $100,29.99,1,0,Surburban,0,Web,Womens E-Mail,0,0,0.0
45646,4,1) $0 - $100,29.99,1,0,Urban,0,Phone,No E-Mail,1,0,0.0
45666,2,2) $100 - $200,167.43,1,0,Urban,1,Web,No E-Mail,0,0,0.0
45689,5,1) $0 - $100,29.99,0,1,Surburban,0,Phone,No E-Mail,0,0,0.0
45719,4,3) $200 - $350,271.19,1,0,Urban,1,Phone,Womens E-Mail,0,0,0.0
45729,5,1) $0 - $100,70.22,1,0,Urban,1,Phone,Womens E-Mail,0,0,0.0
45737,5,1) $0 - $100,34.36,0,1,Urban,1,Phone,Womens E-Mail,0,0,0.0
45746,2,1) $0 - $100,29.99,1,0,Urban,0,Phone,Mens E-Mail,0,0,0.0
45755,11,2) $100 - $200,103.56,1,0,Urban,1,Phone,Womens E-Mail,0,0,0.0
45759,2,1) $0 - $100,84.61,1,0,Urban,1,Phone,No E-Mail,0,0,0.0
45761,6,4) $350 - $500,441.86,0,1,Urban,0,Phone,Mens E-Mail,0,0,0.0
45766,2,1) $0 - $100,61.13,0,1,Urban,1,Phone,No E-Mail,0,0,0.0
45772,1,3) $200 - $350,314.33,1,0,Surburban,0,Phone,No E-Mail,0,0,0.0
45779,10,1) $0 - $100,41.57,1,0,Urban,0,Phone,No E-Mail,0,0,0.0
45783,1,1) $0 - $100,58.64,0,1,Surburban,0,Web,Mens E-Mail,0,0,0.0
45789,1,5) $500 - $750,589.53,0,1,Surburban,1,Phone,Womens E-Mail,0,0,0.0
45797,10,3) $200 - $350,269.51,1,1,Urban,0,Web,Womens E-Mail,0,0,0.0
45803,1,1) $0 - $100,35.79,0,1,Urban,1,Phone,No E-Mail,1,0,0.0
45812,11,1) $0 - $100,46.44,0,1,Rural,1,Phone,Mens E-Mail,0,0,0.0
45829,1,2) $100 - $200,111.18,0,1,Urban,0,Web,Mens E-Mail,0,0,0.0
45841,4,2) $100 - $200,136.91,1,0,Urban,0,Web,Mens E-Mail,0,0,0.0
45853,2,2) $100 - $200,147.23,1,0,Surburban,0,Phone,Womens E-Mail,0,0,0.0
45861,5,1) $0 - $100,29.99,0,1,Urban,1,Web,Womens E-Mail,1,0,0.0
45869,7,1) $0 - $100,48.11,1,0,Surburban,0,Phone,Mens E-Mail,0,0,0.0
45885,1,"7) $1,000 +",1534.12,1,1,Urban,1,Web,No E-Mail,0,0,0.0
45895,10,2) $100 - $200,121.96,0,1,Surburban,1,Phone,Womens E-Mail,0,0,0.0
45927,3,2) $100 - $200,113.52,0,1,Urban,0,Phone,Mens E-Mail,0,0,0.0
45929,7,2) $100 - $200,166.07,0,1,Surburban,1,Phone,No E-Mail,0,0,0.0
45933,9,3) $200 - $350,237.63,1,0,Urban,1,Phone,Womens E-Mail,0,0,0.0
45942,7,1) $0 - $100,98.1,0,1,Rural,0,Phone,Mens E-Mail,0,0,0.0
45949,2,1) $0 - $100,29.99,1,0,Rural,1,Web,Mens E-Mail,0,0,0.0
45952,4,3) $200 - $350,264.09,1,0,Urban,1,Phone,Mens E-Mail,0,0,0.0
45969,1,2) $100 - $200,169.2,1,0,Urban,0,Phone,Mens E-Mail,0,0,0.0
45975,6,3) $200 - $350,237.18,1,1,Rural,1,Phone,Womens E-Mail,0,0,0.0
45982,10,1) $0 - $100,86.74,1,0,Urban,0,Phone,No E-Mail,0,0,0.0
45991,1,4) $350 - $500,412.85,0,1,Surburban,0,Phone,No E-Mail,0,0,0.0
46000,9,1) $0 - $100,67.47,0,1,Surburban,1,Phone,No E-Mail,0,0,0.0
46007,5,3) $200 - $350,265.33,1,0,Urban,0,Phone,No E-Mail,0,0,0.0
46012,4,5) $500 - $750,524.38,0,1,Rural,1,Web,No E-Mail,0,0,0.0
46033,11,2) $100 - $200,157.63,1,0,Surburban,0,Web,Womens E-Mail,0,0,0.0
46034,5,2) $100 - $200,108.72,1,0,Surburban,0,Web,Womens E-Mail,0,0,0.0
46041,6,1) $0 - $100,29.99,0,1,Rural,1,Web,Mens E-Mail,0,0,0.0
46046,8,1) $0 - $100,29.99,1,0,Urban,1,Web,Womens E-Mail,0,0,0.0
46056,7,1) $0 - $100,29.99,1,0,Surburban,0,Phone,No E-Mail,0,0,0.0
46058,9,4) $350 - $500,368.23,1,0,Surburban,0,Multichannel,No E-Mail,1,0,0.0
46075,1,5) $500 - $750,690.86,1,1,Urban,1,Multichannel,Womens E-Mail,0,0,0.0
46081,9,2) $100 - $200,191.67,0,1,Urban,0,Phone,No E-Mail,0,0,0.0
46083,1,5) $500 - $750,506.08,1,0,Surburban,1,Multichannel,Mens E-Mail,0,0,0.0
46097,8,2) $100 - $200,117.07,1,0,Urban,1,Phone,Womens E-Mail,0,0,0.0
46116,10,4) $350 - $500,481.18,1,0,Surburban,0,Multichannel,Womens E-Mail,0,0,0.0
46130,7,1) $0 - $100,56.26,0,1,Urban,1,Phone,No E-Mail,0,0,0.0
46140,1,3) $200 - $350,210.19,0,1,Urban,0,Phone,Mens E-Mail,0,0,0.0
46141,2,1) $0 - $100,65.6,1,0,Surburban,1,Phone,Mens E-Mail,0,0,0.0
46144,1,3) $200 - $350,287.18,1,0,Rural,1,Web,Womens E-Mail,0,0,0.0
46149,4,2) $100 - $200,110.6,0,1,Rural,0,Web,Mens E-Mail,0,0,0.0
46152,11,1) $0 - $100,62.71,0,1,Surburban,1,Phone,Mens E-Mail,0,0,0.0
46161,9,1) $0 - $100,33.22,0,1,Urban,0,Web,No E-Mail,0,0,0.0
46166,3,2) $100 - $200,113.38,1,0,Surburban,0,Phone,Mens E-Mail,1,0,0.0
46181,2,1) $0 - $100,29.99,1,0,Surburban,1,Web,No E-Mail,0,0,0.0
46198,2,1) $0 - $100,45.46,1,0,Surburban,0,Web,Mens E-Mail,1,0,0.0
46199,2,1) $0 - $100,29.99,1,0,Surburban,1,Web,No E-Mail,0,0,0.0
46203,1,1) $0 - $100,29.99,1,0,Surburban,0,Phone,Mens E-Mail,0,0,0.0
46248,4,3) $200 - $350,266.32,1,0,Rural,0,Web,Mens E-Mail,1,0,0.0
46291,10,3) $200 - $350,347.47,1,0,Urban,1,Phone,Mens E-Mail,0,0,0.0
46301,1,3) $200 - $350,226.81,1,0,Surburban,0,Phone,Womens E-Mail,1,0,0.0
46304,11,3) $200 - $350,206.49,1,0,Urban,1,Web,No E-Mail,0,0,0.0
46323,1,"6) $750 - $1,000",794.77,1,1,Surburban,1,Web,Womens E-Mail,0,0,0.0
46328,3,1) $0 - $100,93.72,0,1,Urban,0,Phone,Mens E-Mail,0,0,0.0
46343,1,2) $100 - $200,123.87,0,1,Urban,1,Phone,Mens E-Mail,0,0,0.0
46363,1,3) $200 - $350,200.33,0,1,Urban,0,Web,Womens E-Mail,0,0,0.0
46364,12,3) $200 - $350,206.35,1,1,Surburban,0,Phone,Mens E-Mail,1,0,0.0
46377,1,5) $500 - $750,576.29,1,0,Surburban,1,Phone,Womens E-Mail,0,0,0.0
46408,6,3) $200 - $350,300.08,0,1,Surburban,1,Web,No E-Mail,0,0,0.0
46410,1,1) $0 - $100,79.15,1,0,Rural,0,Web,Womens E-Mail,1,0,0.0
46416,8,2) $100 - $200,126.84,0,1,Surburban,0,Phone,Womens E-Mail,1,0,0.0
46465,4,1) $0 - $100,34.21,1,0,Rural,0,Web,Womens E-Mail,0,0,0.0
46469,6,5) $500 - $750,506.15,0,1,Surburban,1,Web,Womens E-Mail,0,0,0.0
46472,2,1) $0 - $100,62.03,0,1,Urban,0,Web,No E-Mail,1,0,0.0
46478,6,2) $100 - $200,161.77,0,1,Surburban,0,Phone,Mens E-Mail,0,0,0.0
46479,9,2) $100 - $200,138.56,1,0,Rural,1,Web,Womens E-Mail,0,0,0.0
46506,2,3) $200 - $350,339.15,0,1,Rural,0,Phone,Womens E-Mail,0,0,0.0
46524,4,3) $200 - $350,266.78,1,0,Surburban,0,Phone,Womens E-Mail,0,0,0.0
46556,9,1) $0 - $100,71.88,0,1,Surburban,1,Phone,No E-Mail,0,0,0.0
46560,6,5) $500 - $750,730.85,0,1,Surburban,1,Web,Mens E-Mail,0,0,0.0
46582,2,2) $100 - $200,166.47,0,1,Surburban,0,Web,Womens E-Mail,1,0,0.0
46591,10,1) $0 - $100,29.99,0,1,Urban,0,Phone,Mens E-Mail,1,0,0.0
46609,1,1) $0 - $100,29.99,0,1,Urban,0,Web,Womens E-Mail,1,0,0.0
46616,7,3) $200 - $350,294.42,1,1,Rural,0,Web,No E-Mail,1,0,0.0
46627,7,2) $100 - $200,188.03,0,1,Rural,0,Phone,Womens E-Mail,0,0,0.0
46633,10,1) $0 - $100,29.99,0,1,Urban,1,Phone,No E-Mail,0,0,0.0
46637,4,3) $200 - $350,216.89,0,1,Urban,1,Web,Womens E-Mail,0,0,0.0
46657,6,3) $200 - $350,335.03,1,0,Surburban,0,Phone,Womens E-Mail,0,0,0.0
46659,9,3) $200 - $350,254.68,1,1,Urban,1,Phone,Womens E-Mail,0,0,0.0
46660,12,4) $350 - $500,482.86,1,1,Surburban,0,Multichannel,Womens E-Mail,1,0,0.0
46669,2,3) $200 - $350,229.24,0,1,Urban,1,Web,No E-Mail,0,0,0.0
46680,8,2) $100 - $200,173.83,0,1,Surburban,0,Web,Mens E-Mail,0,0,0.0
46686,10,1) $0 - $100,42.94,1,0,Urban,1,Phone,No E-Mail,0,0,0.0
46702,3,"7) $1,000 +",1345.74,0,1,Urban,1,Web,Womens E-Mail,0,0,0.0
46721,3,4) $350 - $500,435.89,0,1,Surburban,0,Web,No E-Mail,1,0,0.0
46723,4,1) $0 - $100,29.99,1,0,Urban,0,Phone,Mens E-Mail,1,0,0.0
46740,1,1) $0 - $100,29.99,0,1,Surburban,1,Web,Mens E-Mail,0,0,0.0
46741,4,1) $0 - $100,50.45,1,0,Urban,1,Phone,No E-Mail,0,0,0.0
46779,7,1) $0 - $100,58.04,1,0,Urban,0,Web,Mens E-Mail,0,0,0.0
46791,1,2) $100 - $200,161.35,0,1,Urban,0,Phone,Womens E-Mail,1,0,0.0
46797,6,1) $0 - $100,50.67,1,0,Surburban,0,Web,Mens E-Mail,0,0,0.0
46806,2,2) $100 - $200,124.31,0,1,Surburban,0,Phone,No E-Mail,0,0,0.0
46810,4,1) $0 - $100,40.26,1,0,Surburban,1,Web,Mens E-Mail,0,0,0.0
46812,9,2) $100 - $200,112.61,0,1,Surburban,0,Phone,Mens E-Mail,0,0,0.0
46823,10,1) $0 - $100,29.99,1,0,Surburban,1,Web,Womens E-Mail,0,0,0.0
46840,9,1) $0 - $100,34.84,1,0,Surburban,1,Web,No E-Mail,0,0,0.0
46875,8,3) $200 - $350,319.78,0,1,Surburban,1,Phone,No E-Mail,0,0,0.0
46883,8,5) $500 - $750,587.52,1,1,Surburban,1,Web,Womens E-Mail,0,0,0.0
46893,1,3) $200 - $350,296.77,0,1,Urban,0,Web,Mens E-Mail,1,0,0.0
46894,12,2) $100 - $200,131.62,0,1,Urban,0,Phone,Womens E-Mail,0,0,0.0
46901,1,5) $500 - $750,685.13,1,0,Surburban,1,Multichannel,No E-Mail,0,0,0.0
46903,6,2) $100 - $200,135.77,0,1,Surburban,0,Web,No E-Mail,0,0,0.0
46918,10,1) $0 - $100,77.31,1,0,Urban,1,Web,Womens E-Mail,0,0,0.0
46928,1,2) $100 - $200,182.01,1,0,Urban,0,Web,Mens E-Mail,0,0,0.0
46930,6,1) $0 - $100,33.18,1,0,Urban,0,Web,Womens E-Mail,0,0,0.0
46937,2,"7) $1,000 +",1029.18,1,1,Urban,1,Web,No E-Mail,0,0,0.0
46939,3,2) $100 - $200,144.59,0,1,Surburban,0,Phone,No E-Mail,0,0,0.0
46948,1,4) $350 - $500,358.8,1,0,Surburban,1,Web,Womens E-Mail,0,0,0.0
46964,6,1) $0 - $100,64.84,1,0,Urban,0,Phone,Mens E-Mail,0,0,0.0
46979,4,1) $0 - $100,42.46,0,1,Urban,1,Phone,No E-Mail,0,0,0.0
46990,10,5) $500 - $750,612.12,1,0,Urban,1,Phone,Mens E-Mail,0,0,0.0
46993,7,2) $100 - $200,197.5,1,0,Urban,1,Web,Mens E-Mail,0,0,0.0
47014,7,3) $200 - $350,227.6,1,0,Rural,0,Web,Mens E-Mail,0,0,0.0
47024,3,5) $500 - $750,533.24,0,1,Surburban,1,Web,Mens E-Mail,0,0,0.0
47026,11,3) $200 - $350,311.47,1,0,Urban,0,Web,Womens E-Mail,0,0,0.0
47051,1,5) $500 - $750,537.6,1,0,Urban,1,Phone,Womens E-Mail,0,0,0.0
47052,11,2) $100 - $200,116.49,1,0,Rural,1,Phone,Mens E-Mail,0,0,0.0
47068,2,5) $500 - $750,741.16,1,0,Urban,1,Multichannel,Womens E-Mail,0,0,0.0
47072,6,3) $200 - $350,260.59,0,1,Urban,1,Web,Womens E-Mail,1,0,0.0
47074,3,1) $0 - $100,45.95,1,0,Urban,0,Web,No E-Mail,0,0,0.0
47077,7,2) $100 - $200,175.49,0,1,Rural,0,Web,Womens E-Mail,0,0,0.0
47078,11,2) $100 - $200,181.9,0,1,Urban,0,Phone,No E-Mail,0,0,0.0
47103,5,2) $100 - $200,134.25,0,1,Surburban,0,Web,No E-Mail,0,0,0.0
47129,9,2) $100 - $200,196.89,0,1,Urban,0,Web,No E-Mail,0,0,0.0
47136,7,4) $350 - $500,449.62,0,1,Urban,0,Multichannel,Mens E-Mail,0,0,0.0
47139,7,2) $100 - $200,179.81,1,0,Urban,0,Phone,Mens E-Mail,0,0,0.0
47151,3,1) $0 - $100,73.13,0,1,Surburban,0,Web,No E-Mail,0,0,0.0
47189,5,4) $350 - $500,427.54,1,1,Surburban,0,Phone,Mens E-Mail,0,0,0.0
47202,10,1) $0 - $100,29.99,0,1,Surburban,0,Phone,Womens E-Mail,0,0,0.0
47207,1,3) $200 - $350,244.73,0,1,Surburban,0,Web,No E-Mail,0,0,0.0
47228,7,3) $200 - $350,312.77,1,0,Urban,0,Multichannel,No E-Mail,1,0,0.0
47230,2,2) $100 - $200,111.36,1,0,Urban,1,Web,Womens E-Mail,0,0,0.0
47239,10,5) $500 - $750,556.92,0,1,Urban,1,Phone,Mens E-Mail,0,0,0.0
47250,11,2) $100 - $200,144.64,0,1,Urban,1,Phone,No E-Mail,0,0,0.0
47267,6,4) $350 - $500,385.53,1,0,Urban,0,Multichannel,Mens E-Mail,0,0,0.0
47277,1,5) $500 - $750,681.27,1,1,Urban,1,Phone,Womens E-Mail,0,0,0.0
47280,2,4) $350 - $500,465.94,0,1,Surburban,1,Phone,Womens E-Mail,0,0,0.0
47301,10,4) $350 - $500,469.07,1,0,Urban,0,Web,Womens E-Mail,0,0,0.0
47323,7,4) $350 - $500,440.56,1,0,Rural,0,Phone,No E-Mail,0,0,0.0
47342,1,3) $200 - $350,285.69,1,1,Urban,0,Web,Mens E-Mail,0,0,0.0
47355,4,5) $500 - $750,591.42,0,1,Urban,1,Multichannel,Mens E-Mail,0,0,0.0
47375,3,3) $200 - $350,271.42,0,1,Surburban,1,Web,Mens E-Mail,0,0,0.0
47376,5,1) $0 - $100,40.06,1,0,Surburban,1,Web,No E-Mail,0,0,0.0
47419,9,3) $200 - $350,218.26,1,0,Surburban,0,Web,Womens E-Mail,0,0,0.0
47439,4,1) $0 - $100,73.44,0,1,Surburban,1,Web,Mens E-Mail,0,0,0.0
47450,3,3) $200 - $350,252.31,0,1,Surburban,1,Web,No E-Mail,0,0,0.0
47464,5,1) $0 - $100,29.99,0,1,Surburban,0,Phone,No E-Mail,0,0,0.0
47485,12,1) $0 - $100,29.99,1,0,Urban,0,Phone,No E-Mail,0,0,0.0
47489,10,3) $200 - $350,220.52,0,1,Urban,0,Web,Womens E-Mail,0,0,0.0
47522,8,4) $350 - $500,414.58,1,1,Rural,0,Phone,No E-Mail,0,0,0.0
47528,8,3) $200 - $350,271.86,0,1,Urban,1,Multichannel,Mens E-Mail,0,0,0.0
47530,5,1) $0 - $100,33.55,1,0,Surburban,1,Phone,Womens E-Mail,0,0,0.0
47549,2,3) $200 - $350,207.62,0,1,Urban,1,Phone,Womens E-Mail,0,0,0.0
47555,2,1) $0 - $100,29.99,1,0,Urban,0,Phone,No E-Mail,0,0,0.0
47556,3,3) $200 - $350,232.1,1,0,Rural,0,Phone,Womens E-Mail,0,0,0.0
47568,4,1) $0 - $100,36.16,1,0,Surburban,1,Web,No E-Mail,0,0,0.0
47589,10,1) $0 - $100,82.98,1,0,Rural,1,Phone,Mens E-Mail,0,0,0.0
47600,10,1) $0 - $100,29.99,0,1,Urban,1,Web,Mens E-Mail,1,0,0.0
47605,10,1) $0 - $100,78.9,1,0,Surburban,1,Web,No E-Mail,0,0,0.0
47618,1,1) $0 - $100,65.62,0,1,Surburban,1,Phone,Mens E-Mail,0,0,0.0
47621,10,3) $200 - $350,204.13,1,1,Surburban,0,Phone,No E-Mail,0,0,0.0
47630,10,3) $200 - $350,258.63,1,0,Urban,1,Multichannel,Mens E-Mail,0,0,0.0
47638,6,3) $200 - $350,279.99,1,0,Surburban,1,Web,Mens E-Mail,0,0,0.0
47639,6,3) $200 - $350,320.85,1,1,Urban,0,Web,Womens E-Mail,0,0,0.0
47659,1,4) $350 - $500,380.67,1,0,Urban,0,Phone,Mens E-Mail,0,0,0.0
47666,5,1) $0 - $100,29.99,1,0,Rural,1,Web,Womens E-Mail,0,0,0.0
47679,10,1) $0 - $100,29.99,0,1,Surburban,0,Phone,No E-Mail,0,0,0.0
47680,7,1) $0 - $100,29.99,0,1,Urban,1,Web,No E-Mail,0,0,0.0
47685,10,4) $350 - $500,404.25,0,1,Surburban,0,Multichannel,Womens E-Mail,0,0,0.0
47687,6,1) $0 - $100,75.55,1,0,Rural,1,Phone,Womens E-Mail,0,0,0.0
47688,2,5) $500 - $750,634.2,0,1,Urban,1,Multichannel,Mens E-Mail,0,0,0.0
47693,2,3) $200 - $350,343.45,1,0,Surburban,0,Multichannel,Womens E-Mail,0,0,0.0
47695,8,1) $0 - $100,82.3,1,0,Urban,0,Web,No E-Mail,0,0,0.0
47698,8,1) $0 - $100,29.99,1,0,Urban,1,Phone,Mens E-Mail,0,0,0.0
47719,1,5) $500 - $750,529.25,1,0,Surburban,1,Web,Mens E-Mail,0,0,0.0
47729,1,"7) $1,000 +",1051.07,0,1,Surburban,1,Phone,Mens E-Mail,0,0,0.0
47731,5,3) $200 - $350,254.58,0,1,Urban,1,Web,No E-Mail,0,0,0.0
47740,7,2) $100 - $200,176.71,1,0,Rural,0,Web,Mens E-Mail,0,0,0.0
47767,8,4) $350 - $500,426.85,0,1,Surburban,1,Phone,Womens E-Mail,0,0,0.0
47786,9,3) $200 - $350,305.14,1,0,Urban,0,Phone,Mens E-Mail,1,0,0.0
47790,11,4) $350 - $500,406.69,1,1,Urban,0,Phone,Mens E-Mail,0,0,0.0
47795,6,3) $200 - $350,295.26,0,1,Rural,0,Phone,Womens E-Mail,0,0,0.0
47804,7,4) $350 - $500,465.44,1,0,Surburban,0,Web,Womens E-Mail,0,0,0.0
47824,10,2) $100 - $200,158.6,0,1,Urban,0,Phone,No E-Mail,0,0,0.0
47826,6,1) $0 - $100,30.72,1,0,Rural,0,Phone,Womens E-Mail,1,0,0.0
47829,9,4) $350 - $500,423.78,1,0,Surburban,0,Phone,Womens E-Mail,0,0,0.0
47844,10,2) $100 - $200,116.87,1,0,Surburban,1,Web,Mens E-Mail,0,0,0.0
47847,10,4) $350 - $500,382.41,0,1,Surburban,0,Phone,No E-Mail,0,0,0.0
47854,9,3) $200 - $350,258.07,1,1,Surburban,0,Multichannel,Womens E-Mail,0,0,0.0
47892,10,1) $0 - $100,87.02,1,0,Urban,0,Phone,No E-Mail,0,0,0.0
47894,2,2) $100 - $200,172.18,1,0,Surburban,0,Phone,Mens E-Mail,0,0,0.0
47897,4,2) $100 - $200,145.29,1,0,Urban,1,Web,No E-Mail,0,0,0.0
47904,5,4) $350 - $500,400.06,0,1,Urban,0,Phone,Womens E-Mail,0,0,0.0
47918,12,1) $0 - $100,94.25,1,0,Surburban,1,Phone,No E-Mail,0,0,0.0
47923,7,4) $350 - $500,434.45,0,1,Urban,0,Multichannel,No E-Mail,0,0,0.0
47938,7,1) $0 - $100,29.99,1,0,Urban,1,Phone,Womens E-Mail,0,0,0.0
47944,5,1) $0 - $100,89.67,1,0,Urban,1,Web,Mens E-Mail,0,0,0.0
47961,9,1) $0 - $100,84.02,1,0,Urban,1,Phone,Womens E-Mail,0,0,0.0
47966,3,1) $0 - $100,59.17,0,1,Surburban,1,Phone,No E-Mail,0,0,0.0
47969,4,2) $100 - $200,145.99,1,0,Surburban,1,Phone,Mens E-Mail,0,0,0.0
47978,8,2) $100 - $200,163.97,0,1,Surburban,0,Web,No E-Mail,0,0,0.0
47984,1,1) $0 - $100,29.99,0,1,Surburban,0,Web,No E-Mail,0,0,0.0
47995,6,2) $100 - $200,177.12,0,1,Surburban,0,Web,Womens E-Mail,0,0,0.0
47999,7,1) $0 - $100,44.64,1,0,Urban,0,Phone,No E-Mail,1,0,0.0
48011,3,1) $0 - $100,29.99,1,0,Surburban,1,Web,Womens E-Mail,0,0,0.0
48029,6,5) $500 - $750,682.66,0,1,Urban,1,Multichannel,Mens E-Mail,1,0,0.0
48042,2,3) $200 - $350,219.1,0,1,Surburban,1,Multichannel,No E-Mail,0,0,0.0
48045,8,1) $0 - $100,29.99,0,1,Surburban,0,Phone,Mens E-Mail,0,0,0.0
48051,1,2) $100 - $200,123.48,0,1,Urban,0,Phone,Mens E-Mail,0,0,0.0
48059,5,1) $0 - $100,29.99,1,0,Urban,1,Phone,Womens E-Mail,0,0,0.0
48062,2,2) $100 - $200,177.09,1,0,Surburban,0,Phone,Womens E-Mail,0,0,0.0
48063,3,1) $0 - $100,29.99,0,1,Surburban,0,Phone,No E-Mail,0,0,0.0
48067,4,"6) $750 - $1,000",762.35,1,1,Surburban,1,Multichannel,No E-Mail,0,0,0.0
48078,1,2) $100 - $200,123.94,1,0,Rural,0,Web,Mens E-Mail,0,0,0.0
48090,8,1) $0 - $100,64.58,0,1,Surburban,0,Web,Mens E-Mail,0,0,0.0
48091,9,2) $100 - $200,185.9,1,0,Surburban,0,Web,Mens E-Mail,1,0,0.0
48096,10,2) $100 - $200,165.35,1,0,Rural,1,Phone,Womens E-Mail,0,0,0.0
48109,10,1) $0 - $100,53.1,1,0,Urban,0,Web,Mens E-Mail,0,0,0.0
48123,5,3) $200 - $350,260.59,0,1,Urban,0,Web,No E-Mail,0,0,0.0
48128,1,1) $0 - $100,59.28,0,1,Surburban,1,Phone,No E-Mail,0,0,0.0
48142,9,3) $200 - $350,208.49,1,0,Urban,1,Phone,No E-Mail,0,0,0.0
48144,10,5) $500 - $750,718.58,0,1,Urban,1,Web,Womens E-Mail,0,0,0.0
48157,1,1) $0 - $100,78.18,1,0,Surburban,1,Web,Mens E-Mail,0,0,0.0
48159,9,3) $200 - $350,328.02,0,1,Urban,0,Phone,Womens E-Mail,0,0,0.0
48176,3,2) $100 - $200,110.58,0,1,Surburban,1,Web,Womens E-Mail,0,0,0.0
48191,4,1) $0 - $100,36.72,1,0,Rural,0,Phone,No E-Mail,1,0,0.0
48197,11,2) $100 - $200,181.71,0,1,Urban,1,Web,Mens E-Mail,0,0,0.0
48208,3,1) $0 - $100,78.97,0,1,Surburban,1,Web,Womens E-Mail,0,0,0.0
48213,1,3) $200 - $350,272.65,0,1,Surburban,1,Phone,No E-Mail,0,0,0.0
48219,8,1) $0 - $100,36.72,0,1,Surburban,1,Web,Mens E-Mail,1,1,66.28
48237,5,1) $0 - $100,29.99,1,0,Urban,0,Web,Womens E-Mail,0,0,0.0
48263,10,1) $0 - $100,60.86,1,0,Urban,1,Web,No E-Mail,0,0,0.0
48270,5,4) $350 - $500,350.25,1,0,Urban,1,Web,No E-Mail,0,0,0.0
48271,11,2) $100 - $200,109.19,0,1,Surburban,1,Web,Mens E-Mail,1,1,45.18
48277,3,3) $200 - $350,320.72,1,1,Urban,0,Phone,No E-Mail,0,0,0.0
48279,10,1) $0 - $100,29.99,0,1,Surburban,1,Web,Womens E-Mail,1,0,0.0
48311,9,2) $100 - $200,179.87,1,0,Surburban,1,Phone,No E-Mail,0,0,0.0
48319,11,2) $100 - $200,163.23,1,0,Urban,1,Web,Mens E-Mail,0,0,0.0
48328,7,1) $0 - $100,67.71,0,1,Surburban,0,Web,Mens E-Mail,0,0,0.0
48344,12,2) $100 - $200,113.15,1,0,Urban,1,Web,No E-Mail,0,0,0.0
48350,6,3) $200 - $350,200.74,1,0,Urban,0,Multichannel,Womens E-Mail,0,0,0.0
48366,2,2) $100 - $200,194.62,1,0,Surburban,0,Web,Womens E-Mail,0,0,0.0
48367,1,5) $500 - $750,742.27,1,1,Surburban,1,Phone,Mens E-Mail,0,0,0.0
48382,3,2) $100 - $200,172.26,0,1,Surburban,0,Web,Womens E-Mail,0,0,0.0
48384,4,3) $200 - $350,204.06,1,0,Urban,0,Phone,Mens E-Mail,0,0,0.0
48390,10,3) $200 - $350,308.78,0,1,Surburban,0,Web,No E-Mail,1,0,0.0
48395,1,3) $200 - $350,294.84,1,0,Rural,1,Web,Mens E-Mail,0,0,0.0
48402,9,1) $0 - $100,29.99,0,1,Surburban,0,Phone,No E-Mail,0,0,0.0
48409,10,4) $350 - $500,422.14,1,1,Urban,1,Phone,No E-Mail,0,0,0.0
48428,1,2) $100 - $200,111.64,1,0,Urban,0,Phone,Mens E-Mail,0,0,0.0
48436,4,2) $100 - $200,183.16,0,1,Urban,0,Web,Mens E-Mail,0,0,0.0
48437,6,3) $200 - $350,277.48,1,1,Rural,0,Phone,Womens E-Mail,0,0,0.0
48447,1,1) $0 - $100,29.99,0,1,Surburban,0,Web,No E-Mail,0,0,0.0
48460,11,2) $100 - $200,101.66,1,0,Urban,0,Web,Womens E-Mail,0,0,0.0
48468,10,3) $200 - $350,207.05,0,1,Surburban,0,Multichannel,Womens E-Mail,1,0,0.0
48473,8,3) $200 - $350,200.67,1,0,Rural,0,Web,Womens E-Mail,0,0,0.0
48490,2,1) $0 - $100,29.99,0,1,Rural,0,Phone,Mens E-Mail,1,0,0.0
48493,4,2) $100 - $200,187.03,1,0,Urban,0,Phone,No E-Mail,0,0,0.0
48502,12,1) $0 - $100,50.02,0,1,Urban,0,Phone,Womens E-Mail,0,0,0.0
48530,9,2) $100 - $200,116.96,0,1,Surburban,0,Web,No E-Mail,0,0,0.0
48539,11,1) $0 - $100,29.99,1,0,Surburban,0,Web,No E-Mail,1,0,0.0
48542,2,3) $200 - $350,282.06,1,0,Surburban,0,Phone,Mens E-Mail,0,0,0.0
48549,9,2) $100 - $200,158.19,1,0,Urban,0,Web,Mens E-Mail,0,0,0.0
48558,10,4) $350 - $500,354.07,1,0,Surburban,1,Multichannel,Womens E-Mail,0,0,0.0
48562,1,4) $350 - $500,440.08,1,0,Surburban,0,Multichannel,Womens E-Mail,0,0,0.0
48563,3,5) $500 - $750,538.29,1,0,Rural,1,Web,Mens E-Mail,0,0,0.0
48573,3,3) $200 - $350,228.65,0,1,Surburban,1,Multichannel,Womens E-Mail,0,0,0.0
48586,2,3) $200 - $350,286.69,1,0,Urban,1,Phone,Womens E-Mail,0,0,0.0
48587,10,"6) $750 - $1,000",769.03,1,1,Urban,1,Web,No E-Mail,1,0,0.0
48592,10,2) $100 - $200,111.49,0,1,Surburban,0,Web,No E-Mail,0,0,0.0
48597,1,4) $350 - $500,407.35,1,0,Urban,0,Phone,Mens E-Mail,0,0,0.0
48616,5,3) $200 - $350,259.6,1,0,Surburban,0,Multichannel,No E-Mail,0,0,0.0
48618,9,2) $100 - $200,135.75,0,1,Surburban,1,Phone,No E-Mail,0,0,0.0
48631,6,2) $100 - $200,156.63,1,0,Surburban,0,Web,Mens E-Mail,0,0,0.0
48633,7,1) $0 - $100,78.01,1,0,Urban,1,Phone,Mens E-Mail,0,0,0.0
48654,9,1) $0 - $100,29.99,0,1,Surburban,0,Phone,No E-Mail,1,0,0.0
48671,10,1) $0 - $100,81.21,1,0,Surburban,1,Phone,Womens E-Mail,0,0,0.0
48674,7,3) $200 - $350,333.17,0,1,Surburban,0,Multichannel,Mens E-Mail,1,0,0.0
48686,1,"6) $750 - $1,000",750.23,0,1,Surburban,1,Web,Womens E-Mail,0,0,0.0
48687,9,1) $0 - $100,29.99,0,1,Urban,1,Phone,Mens E-Mail,0,0,0.0
48694,9,3) $200 - $350,329.72,0,1,Surburban,1,Web,No E-Mail,1,0,0.0
48706,2,4) $350 - $500,386.51,1,1,Urban,0,Web,No E-Mail,1,0,0.0
48714,2,1) $0 - $100,29.99,0,1,Surburban,1,Phone,Mens E-Mail,0,0,0.0
48733,9,2) $100 - $200,105.23,1,0,Urban,1,Phone,No E-Mail,0,0,0.0
48760,5,5) $500 - $750,617.83,0,1,Urban,1,Multichannel,Womens E-Mail,1,0,0.0
48764,10,1) $0 - $100,97.85,0,1,Urban,0,Web,Mens E-Mail,0,0,0.0
48773,1,1) $0 - $100,29.99,0,1,Surburban,1,Phone,No E-Mail,0,0,0.0
48793,5,3) $200 - $350,230.17,1,1,Surburban,0,Web,No E-Mail,0,0,0.0
48830,8,3) $200 - $350,316.94,1,1,Urban,1,Phone,Womens E-Mail,0,0,0.0
48854,8,2) $100 - $200,137.69,0,1,Surburban,0,Web,No E-Mail,0,0,0.0
48869,9,2) $100 - $200,140.6,0,1,Urban,0,Web,Womens E-Mail,0,0,0.0
48874,1,"7) $1,000 +",1794.31,0,1,Surburban,1,Web,Mens E-Mail,0,0,0.0
48875,10,1) $0 - $100,29.99,0,1,Urban,1,Phone,Womens E-Mail,0,0,0.0
48882,3,3) $200 - $350,345.62,0,1,Urban,0,Phone,No E-Mail,1,0,0.0
48890,1,1) $0 - $100,43.02,0,1,Surburban,0,Phone,Mens E-Mail,0,0,0.0
48891,1,2) $100 - $200,103.41,1,0,Urban,0,Web,Womens E-Mail,0,0,0.0
48897,2,1) $0 - $100,29.99,0,1,Urban,1,Phone,Womens E-Mail,0,0,0.0
48901,5,5) $500 - $750,572.9,1,0,Urban,1,Web,Mens E-Mail,0,0,0.0
48924,11,1) $0 - $100,29.99,1,0,Surburban,0,Phone,Womens E-Mail,0,0,0.0
48940,3,3) $200 - $350,293.37,1,1,Urban,0,Phone,Womens E-Mail,0,0,0.0
48952,5,3) $200 - $350,201.38,0,1,Urban,0,Multichannel,No E-Mail,0,0,0.0
48973,3,1) $0 - $100,35.85,1,0,Urban,0,Web,Mens E-Mail,1,0,0.0
48983,9,1) $0 - $100,77.33,0,1,Urban,1,Phone,No E-Mail,0,0,0.0
49027,3,4) $350 - $500,350.36,1,1,Surburban,0,Web,No E-Mail,1,0,0.0
49031,10,4) $350 - $500,468.09,0,1,Rural,0,Phone,Womens E-Mail,0,0,0.0
49033,2,1) $0 - $100,29.99,1,0,Urban,0,Web,No E-Mail,0,0,0.0
49035,5,1) $0 - $100,34.28,1,0,Surburban,0,Web,No E-Mail,1,0,0.0
49037,9,1) $0 - $100,82.96,0,1,Surburban,1,Phone,Mens E-Mail,1,0,0.0
49049,10,1) $0 - $100,75.86,1,0,Rural,0,Phone,Mens E-Mail,0,0,0.0
49052,12,5) $500 - $750,507.3,1,0,Urban,1,Phone,No E-Mail,0,0,0.0
49053,3,1) $0 - $100,29.99,1,0,Urban,1,Phone,Mens E-Mail,0,0,0.0
49056,6,1) $0 - $100,93.71,0,1,Surburban,0,Phone,No E-Mail,0,0,0.0
49057,3,5) $500 - $750,548.29,1,0,Urban,1,Phone,Mens E-Mail,0,0,0.0
49064,1,2) $100 - $200,111.75,0,1,Urban,0,Web,Womens E-Mail,0,0,0.0
49065,7,3) $200 - $350,213.14,0,1,Urban,0,Web,No E-Mail,0,0,0.0
49067,5,1) $0 - $100,29.99,1,0,Surburban,0,Phone,Womens E-Mail,0,0,0.0
49068,7,3) $200 - $350,346.43,1,0,Urban,0,Phone,No E-Mail,0,0,0.0
49069,11,1) $0 - $100,90.23,1,0,Surburban,0,Phone,Mens E-Mail,1,0,0.0
49071,1,4) $350 - $500,435.46,0,1,Urban,0,Web,Womens E-Mail,0,0,0.0
49076,8,3) $200 - $350,277.02,1,0,Urban,0,Phone,No E-Mail,1,0,0.0
49085,9,1) $0 - $100,34.37,1,0,Urban,0,Phone,Womens E-Mail,0,0,0.0
49086,10,3) $200 - $350,273.0,1,0,Urban,0,Phone,Womens E-Mail,0,0,0.0
49095,7,4) $350 - $500,384.76,1,0,Surburban,0,Phone,Womens E-Mail,0,0,0.0
49096,2,3) $200 - $350,290.46,0,1,Urban,0,Phone,Womens E-Mail,0,0,0.0
49104,1,3) $200 - $350,327.27,0,1,Surburban,0,Multichannel,No E-Mail,0,0,0.0
49112,3,3) $200 - $350,229.45,0,1,Urban,1,Web,Mens E-Mail,1,0,0.0
49116,6,1) $0 - $100,29.99,0,1,Urban,1,Web,Womens E-Mail,0,0,0.0
49122,2,4) $350 - $500,368.07,0,1,Surburban,1,Phone,No E-Mail,0,0,0.0
49124,9,1) $0 - $100,38.74,0,1,Surburban,0,Phone,Womens E-Mail,0,0,0.0
49125,5,3) $200 - $350,340.63,0,1,Surburban,0,Phone,Mens E-Mail,0,0,0.0
49144,4,4) $350 - $500,373.76,1,1,Surburban,0,Phone,Mens E-Mail,0,0,0.0
49159,7,2) $100 - $200,177.48,1,0,Rural,0,Web,Womens E-Mail,0,0,0.0
49160,8,1) $0 - $100,82.64,0,1,Urban,0,Web,No E-Mail,0,0,0.0
49171,2,"7) $1,000 +",1019.62,1,0,Urban,1,Multichannel,Womens E-Mail,0,0,0.0
49174,6,1) $0 - $100,40.89,0,1,Urban,1,Phone,Mens E-Mail,0,0,0.0
49186,6,2) $100 - $200,137.8,1,0,Urban,1,Web,Womens E-Mail,1,0,0.0
49204,3,4) $350 - $500,432.33,1,0,Urban,0,Web,Mens E-Mail,0,0,0.0
49208,8,2) $100 - $200,116.11,0,1,Urban,0,Phone,Mens E-Mail,0,0,0.0
49243,6,4) $350 - $500,367.5,1,0,Urban,1,Web,No E-Mail,1,0,0.0
49252,2,1) $0 - $100,76.58,1,0,Urban,0,Web,No E-Mail,0,0,0.0
49262,4,2) $100 - $200,118.01,0,1,Urban,1,Web,Womens E-Mail,0,0,0.0
49300,7,2) $100 - $200,107.5,0,1,Surburban,0,Phone,Mens E-Mail,1,0,0.0
49304,6,4) $350 - $500,455.23,1,0,Urban,0,Multichannel,Womens E-Mail,0,0,0.0
49348,12,3) $200 - $350,234.54,0,1,Surburban,1,Web,No E-Mail,0,0,0.0
49349,9,1) $0 - $100,66.1,0,1,Rural,0,Web,No E-Mail,0,0,0.0
49351,3,5) $500 - $750,560.83,1,0,Rural,1,Phone,Mens E-Mail,0,0,0.0
49368,1,"6) $750 - $1,000",783.28,0,1,Rural,1,Multichannel,No E-Mail,0,0,0.0
49375,4,4) $350 - $500,353.83,1,0,Rural,0,Multichannel,Mens E-Mail,0,0,0.0
49395,4,4) $350 - $500,433.45,0,1,Surburban,0,Web,No E-Mail,0,0,0.0
49401,1,3) $200 - $350,320.97,0,1,Urban,0,Web,No E-Mail,0,0,0.0
49407,7,4) $350 - $500,442.56,0,1,Urban,1,Web,Mens E-Mail,0,0,0.0
49409,6,2) $100 - $200,146.95,1,0,Urban,0,Web,Mens E-Mail,1,0,0.0
49414,7,1) $0 - $100,55.62,1,0,Urban,1,Phone,Mens E-Mail,0,0,0.0
49429,1,2) $100 - $200,138.75,1,0,Urban,0,Web,No E-Mail,0,0,0.0
49439,2,2) $100 - $200,149.49,0,1,Urban,1,Phone,Mens E-Mail,0,0,0.0
49448,12,1) $0 - $100,29.99,1,0,Surburban,0,Web,No E-Mail,0,0,0.0
49457,10,2) $100 - $200,131.65,1,0,Surburban,1,Web,No E-Mail,0,0,0.0
49503,3,3) $200 - $350,234.43,1,0,Surburban,0,Phone,Womens E-Mail,0,0,0.0
49514,3,"6) $750 - $1,000",753.52,1,1,Rural,1,Phone,No E-Mail,0,0,0.0
49516,2,1) $0 - $100,38.49,0,1,Urban,0,Web,Womens E-Mail,0,0,0.0
49541,10,3) $200 - $350,234.06,1,0,Rural,0,Web,Mens E-Mail,0,0,0.0
49551,10,4) $350 - $500,358.91,0,1,Rural,1,Web,Womens E-Mail,0,0,0.0
49567,8,3) $200 - $350,329.54,1,1,Urban,0,Web,Womens E-Mail,0,0,0.0
49584,10,3) $200 - $350,305.85,0,1,Urban,0,Phone,No E-Mail,0,0,0.0
49593,3,2) $100 - $200,109.06,1,0,Urban,1,Phone,Womens E-Mail,0,0,0.0
49599,10,2) $100 - $200,115.4,1,0,Urban,0,Web,Womens E-Mail,0,0,0.0
49608,10,3) $200 - $350,253.32,1,1,Urban,1,Web,Mens E-Mail,1,0,0.0
49613,10,3) $200 - $350,207.78,0,1,Surburban,1,Phone,Womens E-Mail,0,0,0.0
49625,1,2) $100 - $200,144.65,1,0,Rural,1,Phone,Mens E-Mail,0,0,0.0
49629,1,2) $100 - $200,184.6,0,1,Surburban,1,Phone,Mens E-Mail,0,0,0.0
49658,7,1) $0 - $100,56.12,0,1,Urban,0,Phone,Mens E-Mail,0,0,0.0
49663,9,1) $0 - $100,53.3,1,0,Surburban,0,Web,Mens E-Mail,0,0,0.0
49664,2,3) $200 - $350,312.8,1,1,Urban,1,Phone,Womens E-Mail,0,0,0.0
49675,3,3) $200 - $350,218.14,1,0,Surburban,0,Web,No E-Mail,0,0,0.0
49680,4,1) $0 - $100,69.35,0,1,Surburban,0,Web,No E-Mail,0,0,0.0
49701,2,1) $0 - $100,73.89,0,1,Urban,0,Phone,Womens E-Mail,0,0,0.0
49713,10,1) $0 - $100,29.99,1,0,Surburban,0,Phone,No E-Mail,0,0,0.0
49722,9,1) $0 - $100,43.76,1,0,Urban,0,Web,No E-Mail,1,0,0.0
49730,7,3) $200 - $350,265.71,1,0,Rural,0,Web,Womens E-Mail,1,0,0.0
49787,4,3) $200 - $350,259.71,1,0,Urban,1,Web,No E-Mail,0,0,0.0
49797,8,3) $200 - $350,232.5,0,1,Surburban,0,Web,Mens E-Mail,0,0,0.0
49805,9,1) $0 - $100,52.83,0,1,Urban,1,Web,Mens E-Mail,0,0,0.0
49826,5,1) $0 - $100,29.99,0,1,Urban,1,Web,No E-Mail,0,0,0.0
49850,8,4) $350 - $500,364.01,0,1,Urban,0,Web,No E-Mail,0,0,0.0
49860,2,3) $200 - $350,345.81,1,0,Surburban,0,Phone,No E-Mail,0,0,0.0
49873,10,1) $0 - $100,75.66,0,1,Urban,1,Phone,Womens E-Mail,0,0,0.0
49875,2,3) $200 - $350,302.1,1,0,Surburban,0,Web,Womens E-Mail,0,0,0.0
49905,9,"6) $750 - $1,000",974.3,1,1,Rural,1,Phone,Mens E-Mail,1,0,0.0
49910,4,1) $0 - $100,29.99,0,1,Urban,0,Phone,Womens E-Mail,0,0,0.0
49919,11,3) $200 - $350,225.26,1,0,Urban,0,Multichannel,No E-Mail,0,0,0.0
49937,9,1) $0 - $100,69.29,0,1,Surburban,0,Web,Mens E-Mail,1,0,0.0
49943,4,1) $0 - $100,93.65,0,1,Urban,1,Web,Womens E-Mail,0,0,0.0
49964,1,3) $200 - $350,331.19,1,1,Urban,0,Web,No E-Mail,0,0,0.0
49978,2,5) $500 - $750,545.64,1,0,Rural,1,Multichannel,Womens E-Mail,0,0,0.0
49989,4,2) $100 - $200,159.24,1,0,Urban,0,Web,Mens E-Mail,0,0,0.0
49992,3,4) $350 - $500,380.99,0,1,Surburban,0,Web,No E-Mail,0,0,0.0
50000,2,"7) $1,000 +",1025.03,1,1,Urban,1,Web,No E-Mail,0,0,0.0
50011,6,1) $0 - $100,33.01,0,1,Rural,0,Web,Mens E-Mail,0,0,0.0
50032,6,2) $100 - $200,108.72,0,1,Surburban,0,Web,Mens E-Mail,0,0,0.0
50043,8,1) $0 - $100,71.76,0,1,Urban,0,Web,Mens E-Mail,0,0,0.0
50073,1,1) $0 - $100,37.8,1,0,Urban,0,Web,Womens E-Mail,0,0,0.0
50088,3,5) $500 - $750,648.58,1,1,Surburban,1,Web,Womens E-Mail,0,0,0.0
50093,8,1) $0 - $100,45.29,1,0,Surburban,1,Web,Womens E-Mail,0,0,0.0
50113,6,2) $100 - $200,160.66,1,0,Surburban,1,Web,No E-Mail,0,0,0.0
50130,5,1) $0 - $100,79.2,1,0,Surburban,1,Phone,No E-Mail,0,0,0.0
50131,1,4) $350 - $500,377.05,0,1,Surburban,1,Phone,Mens E-Mail,0,0,0.0
50133,4,1) $0 - $100,52.73,0,1,Surburban,1,Phone,Mens E-Mail,0,0,0.0
50147,1,1) $0 - $100,42.21,1,0,Urban,1,Phone,Mens E-Mail,0,0,0.0
50148,11,1) $0 - $100,93.93,1,0,Surburban,1,Web,No E-Mail,0,0,0.0
50164,9,"6) $750 - $1,000",750.5,0,1,Rural,1,Web,No E-Mail,0,0,0.0
50214,8,1) $0 - $100,29.99,0,1,Rural,0,Web,Womens E-Mail,0,0,0.0
50225,10,1) $0 - $100,99.86,1,0,Surburban,0,Phone,Womens E-Mail,0,0,0.0
50237,10,3) $200 - $350,236.81,1,0,Surburban,1,Phone,No E-Mail,0,0,0.0
50240,6,3) $200 - $350,200.59,1,0,Urban,0,Phone,No E-Mail,0,0,0.0
50255,11,1) $0 - $100,87.23,1,0,Surburban,1,Web,No E-Mail,0,0,0.0
50265,5,1) $0 - $100,29.99,0,1,Urban,1,Web,Womens E-Mail,0,0,0.0
50306,5,4) $350 - $500,367.27,0,1,Rural,0,Phone,Mens E-Mail,0,0,0.0
50308,9,1) $0 - $100,52.48,1,0,Urban,0,Web,No E-Mail,0,0,0.0
50333,11,2) $100 - $200,125.02,1,0,Surburban,1,Web,Womens E-Mail,0,0,0.0
50335,3,1) $0 - $100,36.24,0,1,Surburban,0,Phone,Mens E-Mail,0,0,0.0
50344,3,1) $0 - $100,49.56,1,0,Rural,1,Phone,No E-Mail,0,0,0.0
50345,2,1) $0 - $100,91.99,1,0,Surburban,1,Web,Womens E-Mail,1,0,0.0
50375,4,2) $100 - $200,122.2,0,1,Urban,0,Web,Mens E-Mail,1,0,0.0
50393,4,1) $0 - $100,29.99,0,1,Surburban,0,Phone,Womens E-Mail,0,0,0.0
50397,2,4) $350 - $500,462.43,0,1,Surburban,0,Web,Womens E-Mail,1,0,0.0
50405,2,3) $200 - $350,333.04,1,0,Surburban,0,Phone,Womens E-Mail,0,0,0.0
50434,10,2) $100 - $200,123.38,1,0,Urban,0,Phone,Womens E-Mail,0,0,0.0
50448,1,5) $500 - $750,683.2,0,1,Surburban,1,Multichannel,Womens E-Mail,0,0,0.0
50449,2,"7) $1,000 +",1106.33,1,0,Surburban,1,Phone,No E-Mail,0,0,0.0
50450,2,3) $200 - $350,343.7,1,0,Surburban,0,Phone,Mens E-Mail,1,0,0.0
50471,1,2) $100 - $200,176.78,0,1,Rural,0,Web,Mens E-Mail,1,0,0.0
50472,7,1) $0 - $100,29.99,1,0,Surburban,0,Phone,No E-Mail,0,0,0.0
50486,6,3) $200 - $350,333.94,1,0,Surburban,0,Web,Mens E-Mail,1,0,0.0
50493,8,2) $100 - $200,116.13,0,1,Urban,1,Web,Womens E-Mail,0,0,0.0
50512,5,2) $100 - $200,133.73,1,0,Surburban,0,Web,No E-Mail,0,0,0.0
50521,9,2) $100 - $200,109.04,1,0,Rural,1,Web,Womens E-Mail,1,1,51.92
50527,11,1) $0 - $100,45.29,0,1,Urban,0,Web,No E-Mail,0,0,0.0
50531,3,3) $200 - $350,205.43,1,1,Urban,0,Web,No E-Mail,0,0,0.0
50540,8,2) $100 - $200,167.69,0,1,Urban,1,Web,Mens E-Mail,0,0,0.0
50544,4,3) $200 - $350,203.99,1,1,Surburban,1,Web,Womens E-Mail,0,0,0.0
50553,10,2) $100 - $200,183.7,1,0,Urban,1,Web,Womens E-Mail,0,0,0.0
50573,9,2) $100 - $200,147.81,1,0,Urban,0,Web,No E-Mail,0,0,0.0
50582,10,1) $0 - $100,39.5,0,1,Urban,1,Phone,Womens E-Mail,0,0,0.0
50583,9,"6) $750 - $1,000",781.14,1,0,Surburban,1,Web,Mens E-Mail,0,0,0.0
50589,2,2) $100 - $200,167.53,0,1,Surburban,0,Web,No E-Mail,0,0,0.0
50602,10,2) $100 - $200,125.23,1,0,Surburban,0,Web,No E-Mail,0,0,0.0
50604,12,2) $100 - $200,143.71,1,0,Urban,0,Phone,No E-Mail,1,1,29.99
50622,8,2) $100 - $200,152.06,1,0,Surburban,0,Phone,Mens E-Mail,0,0,0.0
50634,8,4) $350 - $500,393.49,0,1,Surburban,0,Phone,Womens E-Mail,0,0,0.0
50645,7,1) $0 - $100,29.99,1,0,Urban,1,Phone,Womens E-Mail,0,0,0.0
50648,1,3) $200 - $350,313.89,1,0,Surburban,1,Web,Mens E-Mail,0,0,0.0
50650,6,2) $100 - $200,172.53,1,0,Rural,1,Phone,Mens E-Mail,0,0,0.0
50651,6,5) $500 - $750,638.06,1,1,Rural,1,Multichannel,No E-Mail,0,0,0.0
50665,10,1) $0 - $100,29.99,1,0,Surburban,0,Web,Mens E-Mail,1,0,0.0
50666,6,2) $100 - $200,124.63,0,1,Surburban,0,Phone,Mens E-Mail,0,0,0.0
50705,5,1) $0 - $100,29.99,1,0,Surburban,0,Web,Womens E-Mail,0,0,0.0
50715,10,1) $0 - $100,42.77,0,1,Urban,0,Web,Womens E-Mail,0,0,0.0
50720,5,2) $100 - $200,125.32,0,1,Surburban,0,Web,Mens E-Mail,0,0,0.0
50733,10,1) $0 - $100,84.87,1,0,Rural,0,Phone,Mens E-Mail,0,0,0.0
50741,3,2) $100 - $200,193.7,0,1,Urban,0,Web,No E-Mail,0,0,0.0
50743,12,4) $350 - $500,448.19,0,1,Surburban,0,Web,No E-Mail,0,0,0.0
50761,11,3) $200 - $350,331.8,0,1,Surburban,0,Phone,No E-Mail,0,0,0.0
50776,1,5) $500 - $750,566.26,1,0,Urban,1,Phone,Womens E-Mail,0,0,0.0
50790,9,1) $0 - $100,37.08,0,1,Urban,1,Phone,Mens E-Mail,0,0,0.0
50791,11,1) $0 - $100,29.99,0,1,Urban,1,Web,Womens E-Mail,0,0,0.0
50792,6,5) $500 - $750,531.2,1,0,Urban,1,Phone,Mens E-Mail,0,0,0.0
50797,5,5) $500 - $750,745.18,0,1,Surburban,1,Web,Womens E-Mail,1,0,0.0
50805,3,1) $0 - $100,29.99,0,1,Rural,1,Web,No E-Mail,1,0,0.0
50810,2,"7) $1,000 +",1000.15,0,1,Surburban,1,Multichannel,Womens E-Mail,0,0,0.0
50826,8,5) $500 - $750,696.95,1,0,Surburban,1,Multichannel,No E-Mail,0,0,0.0
50849,6,1) $0 - $100,94.64,1,0,Urban,0,Phone,Mens E-Mail,0,0,0.0
50857,10,2) $100 - $200,145.04,0,1,Urban,0,Web,Womens E-Mail,0,0,0.0
50872,1,5) $500 - $750,607.95,1,0,Surburban,1,Multichannel,Womens E-Mail,0,0,0.0
50882,3,4) $350 - $500,354.45,1,0,Urban,0,Multichannel,Womens E-Mail,0,0,0.0
50893,5,4) $350 - $500,400.76,0,1,Rural,0,Phone,Mens E-Mail,0,0,0.0
50895,3,3) $200 - $350,268.86,1,1,Urban,0,Web,Womens E-Mail,0,0,0.0
50898,2,1) $0 - $100,58.71,1,0,Urban,0,Phone,No E-Mail,0,0,0.0
50907,7,1) $0 - $100,33.28,1,0,Urban,1,Phone,Mens E-Mail,0,0,0.0
50914,3,3) $200 - $350,246.39,1,0,Urban,0,Web,Mens E-Mail,0,0,0.0
50920,7,1) $0 - $100,66.7,0,1,Surburban,1,Phone,Mens E-Mail,0,0,0.0
50939,2,2) $100 - $200,168.75,0,1,Urban,1,Web,Mens E-Mail,0,0,0.0
50951,10,3) $200 - $350,303.27,1,0,Urban,0,Multichannel,Womens E-Mail,0,0,0.0
50958,1,"7) $1,000 +",1151.99,1,1,Urban,1,Web,No E-Mail,1,0,0.0
50963,7,2) $100 - $200,152.72,1,0,Urban,0,Web,Womens E-Mail,0,0,0.0
50987,2,"6) $750 - $1,000",879.49,1,1,Urban,1,Phone,Mens E-Mail,0,0,0.0
50998,11,3) $200 - $350,298.49,1,0,Urban,1,Multichannel,No E-Mail,0,0,0.0
51001,11,1) $0 - $100,95.79,0,1,Urban,1,Web,No E-Mail,0,0,0.0
51014,2,4) $350 - $500,441.25,1,1,Rural,1,Multichannel,Womens E-Mail,0,0,0.0
51017,12,1) $0 - $100,29.99,1,0,Urban,0,Web,Mens E-Mail,0,0,0.0
51025,5,1) $0 - $100,59.25,0,1,Rural,0,Web,No E-Mail,0,0,0.0
51026,12,2) $100 - $200,169.64,1,0,Surburban,0,Web,Womens E-Mail,0,0,0.0
51033,3,3) $200 - $350,275.83,0,1,Surburban,0,Web,Mens E-Mail,0,0,0.0
51037,9,3) $200 - $350,292.35,0,1,Surburban,0,Web,Womens E-Mail,0,0,0.0
51043,2,1) $0 - $100,83.91,1,0,Rural,0,Web,No E-Mail,0,0,0.0
51056,10,1) $0 - $100,45.43,1,0,Surburban,0,Web,Mens E-Mail,0,0,0.0
51060,10,4) $350 - $500,354.54,1,0,Urban,0,Phone,No E-Mail,0,0,0.0
51063,1,1) $0 - $100,29.99,0,1,Surburban,1,Web,Womens E-Mail,0,0,0.0
51066,7,1) $0 - $100,92.87,0,1,Urban,0,Web,Womens E-Mail,0,0,0.0
51070,10,1) $0 - $100,29.99,0,1,Rural,0,Phone,Womens E-Mail,0,0,0.0
51078,1,2) $100 - $200,176.06,0,1,Urban,1,Web,Mens E-Mail,0,0,0.0
51093,1,3) $200 - $350,237.19,0,1,Surburban,1,Phone,Mens E-Mail,0,0,0.0
51099,3,1) $0 - $100,88.98,1,0,Rural,0,Web,No E-Mail,1,0,0.0
51106,7,1) $0 - $100,29.99,1,0,Urban,0,Web,Mens E-Mail,0,0,0.0
51123,8,"6) $750 - $1,000",865.23,1,0,Urban,1,Web,No E-Mail,0,0,0.0
51131,2,4) $350 - $500,451.17,1,0,Surburban,0,Phone,No E-Mail,0,0,0.0
51147,5,"7) $1,000 +",1059.27,0,1,Urban,1,Phone,No E-Mail,0,0,0.0
51160,5,1) $0 - $100,72.7,0,1,Rural,1,Web,No E-Mail,0,0,0.0
51162,4,4) $350 - $500,405.33,1,1,Urban,0,Multichannel,Womens E-Mail,1,0,0.0
51168,5,3) $200 - $350,335.84,1,1,Surburban,0,Web,Womens E-Mail,0,0,0.0
51172,1,3) $200 - $350,291.15,1,0,Surburban,0,Web,No E-Mail,0,0,0.0
51189,4,3) $200 - $350,251.06,1,1,Urban,0,Phone,Mens E-Mail,0,0,0.0
51193,7,5) $500 - $750,533.73,0,1,Urban,1,Multichannel,Womens E-Mail,0,0,0.0
51198,10,1) $0 - $100,43.89,0,1,Surburban,1,Phone,Womens E-Mail,0,0,0.0
51202,1,1) $0 - $100,29.99,1,0,Surburban,1,Web,No E-Mail,0,0,0.0
51229,5,3) $200 - $350,202.69,0,1,Urban,0,Phone,No E-Mail,0,0,0.0
51247,1,1) $0 - $100,95.52,0,1,Urban,0,Web,Mens E-Mail,1,0,0.0
51253,2,"6) $750 - $1,000",875.37,0,1,Surburban,1,Multichannel,Mens E-Mail,0,0,0.0
51255,3,4) $350 - $500,429.12,1,0,Urban,0,Multichannel,Womens E-Mail,0,0,0.0
51264,7,3) $200 - $350,281.79,0,1,Rural,1,Phone,Womens E-Mail,1,0,0.0
51283,9,5) $500 - $750,629.67,1,0,Surburban,1,Multichannel,No E-Mail,0,0,0.0
51286,10,5) $500 - $750,587.29,1,0,Urban,1,Web,No E-Mail,0,0,0.0
51291,1,3) $200 - $350,218.06,1,0,Surburban,0,Web,No E-Mail,1,0,0.0
51295,4,3) $200 - $350,281.28,1,0,Surburban,1,Web,Mens E-Mail,0,0,0.0
51316,11,3) $200 - $350,313.5,1,1,Rural,1,Multichannel,No E-Mail,0,0,0.0
51324,12,"7) $1,000 +",1033.92,1,1,Urban,1,Phone,No E-Mail,0,0,0.0
51325,3,1) $0 - $100,30.7,1,0,Surburban,0,Web,Womens E-Mail,0,0,0.0
51328,6,4) $350 - $500,383.9,1,0,Surburban,0,Phone,Womens E-Mail,0,0,0.0
51358,1,3) $200 - $350,228.05,0,1,Urban,1,Web,Womens E-Mail,0,0,0.0
51362,2,3) $200 - $350,218.55,1,0,Urban,0,Multichannel,Womens E-Mail,0,0,0.0
51366,9,3) $200 - $350,218.27,0,1,Urban,1,Multichannel,Mens E-Mail,0,0,0.0
51372,1,2) $100 - $200,103.7,0,1,Surburban,1,Phone,Mens E-Mail,0,0,0.0
51380,8,1) $0 - $100,66.36,0,1,Rural,0,Web,Mens E-Mail,0,0,0.0
51383,9,3) $200 - $350,307.96,1,1,Urban,0,Web,Mens E-Mail,0,0,0.0
51384,7,3) $200 - $350,272.37,1,1,Urban,0,Web,Womens E-Mail,0,0,0.0
51385,3,"7) $1,000 +",1065.76,1,0,Urban,1,Phone,Womens E-Mail,0,0,0.0
51390,4,1) $0 - $100,29.99,1,0,Surburban,1,Phone,Mens E-Mail,0,0,0.0
51396,5,4) $350 - $500,484.41,1,0,Surburban,0,Web,Mens E-Mail,0,0,0.0
51401,1,1) $0 - $100,38.42,0,1,Surburban,1,Phone,Mens E-Mail,0,0,0.0
51407,2,3) $200 - $350,308.08,0,1,Surburban,0,Web,No E-Mail,1,0,0.0
51408,10,3) $200 - $350,306.03,0,1,Surburban,0,Web,Womens E-Mail,0,0,0.0
51410,1,1) $0 - $100,29.99,1,0,Urban,0,Phone,No E-Mail,0,0,0.0
51412,6,1) $0 - $100,32.06,0,1,Urban,1,Web,Mens E-Mail,0,0,0.0
51420,12,2) $100 - $200,111.29,0,1,Surburban,1,Web,No E-Mail,0,0,0.0
51428,6,1) $0 - $100,81.39,0,1,Rural,0,Phone,Womens E-Mail,1,1,182.91
51440,9,2) $100 - $200,119.12,0,1,Rural,1,Phone,No E-Mail,0,0,0.0
51443,1,1) $0 - $100,44.44,1,0,Urban,0,Web,Womens E-Mail,0,0,0.0
51444,10,1) $0 - $100,69.52,1,0,Urban,1,Phone,No E-Mail,0,0,0.0
51445,4,5) $500 - $750,557.29,1,1,Surburban,1,Phone,No E-Mail,0,0,0.0
51452,8,3) $200 - $350,296.66,1,0,Surburban,1,Multichannel,No E-Mail,0,0,0.0
51454,2,5) $500 - $750,573.62,1,0,Urban,1,Phone,Mens E-Mail,0,0,0.0
51457,2,3) $200 - $350,215.14,0,1,Surburban,0,Multichannel,No E-Mail,0,0,0.0
51460,10,1) $0 - $100,75.77,0,1,Urban,1,Phone,No E-Mail,0,0,0.0
51474,4,1) $0 - $100,52.21,1,0,Surburban,0,Phone,Womens E-Mail,0,0,0.0
51490,12,1) $0 - $100,87.82,0,1,Urban,0,Web,No E-Mail,0,0,0.0
51497,2,3) $200 - $350,346.72,1,1,Surburban,1,Web,Mens E-Mail,1,0,0.0
51509,10,3) $200 - $350,226.06,0,1,Surburban,1,Phone,No E-Mail,0,0,0.0
51511,11,2) $100 - $200,115.69,0,1,Urban,1,Web,No E-Mail,1,0,0.0
51533,4,4) $350 - $500,496.27,1,1,Surburban,0,Web,Womens E-Mail,0,0,0.0
51541,1,"7) $1,000 +",1395.72,0,1,Rural,1,Multichannel,Womens E-Mail,0,0,0.0
51551,4,2) $100 - $200,178.25,1,0,Surburban,1,Web,No E-Mail,0,0,0.0
51555,6,3) $200 - $350,228.25,0,1,Surburban,0,Web,Womens E-Mail,1,0,0.0
51569,3,3) $200 - $350,306.83,1,0,Surburban,0,Phone,No E-Mail,0,0,0.0
51574,5,2) $100 - $200,142.79,1,0,Surburban,0,Web,Mens E-Mail,0,0,0.0
51576,6,5) $500 - $750,598.79,1,0,Urban,1,Phone,Womens E-Mail,0,0,0.0
51579,11,2) $100 - $200,145.39,0,1,Surburban,0,Web,Mens E-Mail,0,0,0.0
51582,10,1) $0 - $100,94.16,0,1,Urban,0,Web,Mens E-Mail,0,0,0.0
51599,10,1) $0 - $100,78.17,0,1,Surburban,0,Phone,Womens E-Mail,0,0,0.0
51601,2,1) $0 - $100,77.54,0,1,Urban,1,Web,No E-Mail,0,0,0.0
51604,7,1) $0 - $100,29.99,1,0,Urban,1,Web,No E-Mail,0,0,0.0
51607,9,2) $100 - $200,179.6,0,1,Urban,1,Phone,No E-Mail,0,0,0.0
51619,6,3) $200 - $350,259.39,1,1,Urban,1,Web,Womens E-Mail,0,0,0.0
51623,3,1) $0 - $100,50.33,0,1,Rural,0,Phone,No E-Mail,0,0,0.0
51624,4,5) $500 - $750,523.18,0,1,Urban,1,Web,Womens E-Mail,0,0,0.0
51639,1,3) $200 - $350,347.12,1,0,Surburban,0,Multichannel,Womens E-Mail,1,0,0.0
51642,8,1) $0 - $100,29.99,1,0,Surburban,0,Phone,Womens E-Mail,0,0,0.0
51643,1,2) $100 - $200,186.21,1,0,Urban,0,Web,No E-Mail,0,0,0.0
51660,10,3) $200 - $350,226.09,1,1,Urban,0,Multichannel,Womens E-Mail,1,0,0.0
51665,2,3) $200 - $350,320.79,1,1,Surburban,1,Multichannel,Womens E-Mail,1,0,0.0
51670,9,2) $100 - $200,108.1,1,0,Urban,0,Phone,Mens E-Mail,1,0,0.0
51678,6,5) $500 - $750,689.66,1,0,Surburban,1,Web,Womens E-Mail,0,0,0.0
51700,3,4) $350 - $500,399.26,1,1,Rural,0,Web,No E-Mail,1,0,0.0
51708,12,4) $350 - $500,455.03,0,1,Urban,0,Multichannel,Womens E-Mail,0,0,0.0
51715,10,1) $0 - $100,29.99,0,1,Urban,0,Phone,Womens E-Mail,0,0,0.0
51719,10,2) $100 - $200,150.32,0,1,Surburban,1,Phone,Womens E-Mail,0,0,0.0
51726,9,1) $0 - $100,29.99,0,1,Surburban,0,Web,Mens E-Mail,0,0,0.0
51730,4,3) $200 - $350,257.14,1,0,Urban,0,Phone,Mens E-Mail,0,0,0.0
51736,1,1) $0 - $100,66.98,1,0,Surburban,0,Phone,Mens E-Mail,0,0,0.0
51742,3,3) $200 - $350,260.11,1,1,Urban,1,Phone,No E-Mail,0,0,0.0
51753,10,2) $100 - $200,175.18,0,1,Urban,0,Phone,No E-Mail,0,0,0.0
51769,10,3) $200 - $350,211.49,0,1,Urban,0,Phone,No E-Mail,0,0,0.0
51774,1,2) $100 - $200,155.17,0,1,Surburban,1,Phone,Mens E-Mail,0,0,0.0
51800,10,2) $100 - $200,147.96,0,1,Rural,0,Web,Womens E-Mail,0,0,0.0
51801,10,4) $350 - $500,479.62,1,0,Surburban,0,Phone,Mens E-Mail,1,0,0.0
51810,10,1) $0 - $100,29.99,0,1,Surburban,0,Web,Mens E-Mail,0,0,0.0
51814,7,2) $100 - $200,184.02,1,0,Urban,0,Web,No E-Mail,0,0,0.0
51816,11,3) $200 - $350,292.66,1,0,Rural,1,Phone,No E-Mail,1,0,0.0
51818,1,1) $0 - $100,36.3,0,1,Urban,1,Web,Womens E-Mail,0,0,0.0
51831,2,2) $100 - $200,199.41,1,0,Surburban,1,Phone,Mens E-Mail,1,0,0.0
51832,10,2) $100 - $200,114.34,1,0,Urban,1,Web,Mens E-Mail,0,0,0.0
51836,11,3) $200 - $350,226.78,1,1,Urban,0,Phone,Womens E-Mail,1,0,0.0
51840,2,1) $0 - $100,99.92,1,0,Rural,1,Web,No E-Mail,1,0,0.0
51856,8,1) $0 - $100,29.99,1,0,Urban,1,Web,No E-Mail,0,0,0.0
51872,10,2) $100 - $200,113.39,0,1,Surburban,1,Phone,Womens E-Mail,0,0,0.0
51883,1,1) $0 - $100,43.2,0,1,Urban,1,Web,Mens E-Mail,0,0,0.0
51886,1,4) $350 - $500,473.23,1,0,Urban,1,Web,No E-Mail,0,0,0.0
51888,2,1) $0 - $100,29.99,1,0,Surburban,1,Web,Womens E-Mail,0,0,0.0
51889,8,1) $0 - $100,91.32,1,0,Surburban,1,Web,No E-Mail,1,0,0.0
51890,6,1) $0 - $100,96.99,0,1,Surburban,0,Phone,Mens E-Mail,0,0,0.0
51906,11,2) $100 - $200,156.56,1,0,Urban,1,Phone,Womens E-Mail,0,0,0.0
51942,10,2) $100 - $200,146.76,0,1,Surburban,1,Phone,No E-Mail,0,0,0.0
51943,12,1) $0 - $100,39.76,0,1,Surburban,1,Phone,Mens E-Mail,0,0,0.0
51944,10,1) $0 - $100,29.99,0,1,Surburban,1,Web,No E-Mail,0,0,0.0
51949,4,1) $0 - $100,63.31,1,0,Surburban,0,Phone,No E-Mail,0,0,0.0
51965,4,2) $100 - $200,104.65,0,1,Urban,1,Phone,Mens E-Mail,0,0,0.0
51966,10,3) $200 - $350,278.88,1,0,Urban,0,Phone,Mens E-Mail,1,0,0.0
51967,5,3) $200 - $350,218.77,1,0,Rural,0,Multichannel,Mens E-Mail,0,0,0.0
51968,1,2) $100 - $200,158.68,1,0,Surburban,1,Phone,Womens E-Mail,0,0,0.0
51986,3,1) $0 - $100,54.26,0,1,Urban,0,Web,Womens E-Mail,1,0,0.0
51992,2,3) $200 - $350,294.84,0,1,Surburban,0,Phone,No E-Mail,0,0,0.0
51998,1,3) $200 - $350,249.82,0,1,Surburban,1,Phone,Womens E-Mail,1,0,0.0
52013,2,5) $500 - $750,698.59,1,1,Rural,1,Web,No E-Mail,0,0,0.0
52018,1,5) $500 - $750,634.53,0,1,Urban,1,Multichannel,No E-Mail,0,0,0.0
52024,2,2) $100 - $200,145.02,0,1,Rural,0,Phone,Mens E-Mail,1,0,0.0
52025,3,5) $500 - $750,601.71,1,0,Urban,1,Web,Mens E-Mail,0,0,0.0
52030,2,5) $500 - $750,523.7,0,1,Rural,1,Web,Womens E-Mail,0,0,0.0
52032,1,2) $100 - $200,114.0,1,0,Surburban,1,Phone,Womens E-Mail,0,0,0.0
52040,6,3) $200 - $350,322.36,1,0,Urban,0,Phone,Mens E-Mail,0,0,0.0
52079,1,"6) $750 - $1,000",897.27,0,1,Surburban,1,Web,No E-Mail,1,0,0.0
52081,3,5) $500 - $750,711.8,1,1,Surburban,1,Web,No E-Mail,0,0,0.0
52086,6,3) $200 - $350,306.29,0,1,Surburban,0,Phone,No E-Mail,0,0,0.0
52091,3,3) $200 - $350,230.84,1,1,Urban,1,Web,Womens E-Mail,0,0,0.0
52131,3,2) $100 - $200,166.64,0,1,Urban,1,Web,Mens E-Mail,0,0,0.0
52136,7,2) $100 - $200,134.36,1,0,Urban,1,Web,Womens E-Mail,0,0,0.0
52152,1,5) $500 - $750,669.65,1,1,Surburban,1,Web,Womens E-Mail,0,0,0.0
52155,2,1) $0 - $100,46.11,1,0,Surburban,0,Phone,No E-Mail,0,0,0.0
52168,2,2) $100 - $200,106.32,1,0,Urban,0,Web,Womens E-Mail,1,0,0.0
52170,2,1) $0 - $100,29.99,0,1,Urban,1,Web,Mens E-Mail,0,0,0.0
52171,4,2) $100 - $200,127.57,0,1,Urban,0,Web,Mens E-Mail,0,0,0.0
52188,3,5) $500 - $750,587.38,0,1,Surburban,1,Multichannel,No E-Mail,0,0,0.0
52190,12,3) $200 - $350,312.45,1,1,Urban,1,Web,No E-Mail,0,0,0.0
52195,3,2) $100 - $200,108.58,0,1,Urban,0,Web,No E-Mail,0,0,0.0
52196,2,3) $200 - $350,297.81,0,1,Urban,0,Web,Womens E-Mail,1,0,0.0
52211,2,"6) $750 - $1,000",972.7,0,1,Surburban,1,Multichannel,Mens E-Mail,0,0,0.0
52214,1,"6) $750 - $1,000",911.35,1,1,Surburban,1,Phone,Mens E-Mail,0,0,0.0
52216,11,1) $0 - $100,65.09,1,0,Urban,0,Phone,No E-Mail,0,0,0.0
52218,8,1) $0 - $100,29.99,0,1,Surburban,0,Web,Womens E-Mail,0,0,0.0
52223,7,3) $200 - $350,200.31,1,0,Surburban,0,Phone,Mens E-Mail,0,0,0.0
52224,12,1) $0 - $100,29.99,1,0,Surburban,1,Phone,No E-Mail,0,0,0.0
52237,3,1) $0 - $100,32.09,0,1,Rural,0,Web,No E-Mail,1,0,0.0
52239,1,1) $0 - $100,80.62,1,0,Rural,1,Web,Mens E-Mail,0,0,0.0
52242,2,2) $100 - $200,119.8,1,0,Rural,1,Web,No E-Mail,0,0,0.0
52247,3,1) $0 - $100,39.42,1,0,Rural,1,Web,Mens E-Mail,1,0,0.0
52260,3,4) $350 - $500,474.06,0,1,Surburban,1,Web,Mens E-Mail,0,0,0.0
52268,3,"6) $750 - $1,000",947.57,1,0,Urban,1,Web,Womens E-Mail,0,0,0.0
52273,11,4) $350 - $500,485.77,1,0,Urban,0,Phone,No E-Mail,0,0,0.0
52282,6,5) $500 - $750,668.59,1,1,Surburban,1,Multichannel,Womens E-Mail,0,0,0.0
52290,1,3) $200 - $350,222.22,0,1,Urban,1,Web,No E-Mail,0,0,0.0
52291,4,2) $100 - $200,123.42,1,0,Urban,1,Web,Womens E-Mail,0,0,0.0
52299,2,4) $350 - $500,443.5,1,0,Urban,1,Multichannel,Mens E-Mail,1,0,0.0
52306,11,1) $0 - $100,80.46,0,1,Surburban,1,Phone,Womens E-Mail,0,0,0.0
52307,1,3) $200 - $350,220.33,1,0,Urban,1,Multichannel,Mens E-Mail,0,0,0.0
52312,2,1) $0 - $100,29.99,1,0,Surburban,0,Phone,Womens E-Mail,1,0,0.0
52314,3,3) $200 - $350,343.9,1,0,Surburban,1,Phone,Womens E-Mail,0,0,0.0
52329,5,5) $500 - $750,506.68,0,1,Surburban,1,Web,Womens E-Mail,1,0,0.0
52356,2,2) $100 - $200,128.65,0,1,Surburban,0,Phone,Mens E-Mail,0,0,0.0
52368,2,"6) $750 - $1,000",816.72,1,0,Urban,1,Multichannel,Womens E-Mail,0,0,0.0
52382,7,1) $0 - $100,29.99,1,0,Urban,1,Phone,Womens E-Mail,0,0,0.0
52384,4,3) $200 - $350,311.36,1,0,Surburban,0,Multichannel,Mens E-Mail,0,0,0.0
52392,3,1) $0 - $100,64.27,1,0,Urban,1,Web,Mens E-Mail,0,0,0.0
52401,4,3) $200 - $350,232.19,1,1,Urban,0,Phone,No E-Mail,0,0,0.0
52418,2,"6) $750 - $1,000",965.2,1,0,Surburban,1,Multichannel,Mens E-Mail,0,0,0.0
52419,1,4) $350 - $500,427.31,0,1,Urban,0,Phone,No E-Mail,0,0,0.0
52420,9,2) $100 - $200,151.37,1,0,Urban,1,Phone,Womens E-Mail,0,0,0.0
52429,5,1) $0 - $100,48.54,0,1,Urban,1,Web,Mens E-Mail,0,0,0.0
52433,3,3) $200 - $350,342.47,1,0,Rural,0,Phone,Womens E-Mail,0,0,0.0
52443,10,2) $100 - $200,156.24,0,1,Surburban,0,Phone,No E-Mail,0,0,0.0
52446,4,1) $0 - $100,29.99,0,1,Urban,1,Phone,Mens E-Mail,0,0,0.0
52455,9,3) $200 - $350,214.51,1,0,Urban,1,Phone,No E-Mail,0,0,0.0
52458,1,1) $0 - $100,29.99,1,0,Surburban,1,Phone,Mens E-Mail,0,0,0.0
52474,3,2) $100 - $200,178.11,1,0,Surburban,1,Web,No E-Mail,0,0,0.0
52489,1,1) $0 - $100,85.47,1,0,Rural,0,Phone,No E-Mail,0,0,0.0
52498,9,1) $0 - $100,94.84,0,1,Surburban,0,Phone,Womens E-Mail,0,0,0.0
52504,6,1) $0 - $100,57.52,1,0,Surburban,0,Phone,Mens E-Mail,0,0,0.0
52514,7,1) $0 - $100,40.43,1,0,Rural,1,Web,Womens E-Mail,0,0,0.0
52526,11,1) $0 - $100,86.05,1,0,Surburban,1,Web,Mens E-Mail,0,0,0.0
52545,8,2) $100 - $200,130.27,1,0,Surburban,0,Web,Mens E-Mail,0,0,0.0
52546,1,5) $500 - $750,544.74,0,1,Surburban,1,Multichannel,No E-Mail,0,0,0.0
52557,1,5) $500 - $750,575.16,0,1,Surburban,1,Web,Mens E-Mail,1,0,0.0
52574,9,3) $200 - $350,259.55,1,0,Surburban,1,Phone,Womens E-Mail,0,0,0.0
52579,6,2) $100 - $200,129.43,0,1,Urban,1,Phone,No E-Mail,0,0,0.0
52583,2,4) $350 - $500,488.17,0,1,Urban,0,Web,Womens E-Mail,0,0,0.0
52596,5,1) $0 - $100,60.54,0,1,Urban,0,Phone,Womens E-Mail,0,0,0.0
52600,9,2) $100 - $200,133.8,1,0,Urban,1,Phone,No E-Mail,0,0,0.0
52601,9,2) $100 - $200,175.08,1,0,Urban,0,Phone,No E-Mail,0,0,0.0
52608,11,2) $100 - $200,152.94,1,0,Urban,0,Phone,Mens E-Mail,0,0,0.0
52634,2,3) $200 - $350,312.67,1,1,Surburban,0,Multichannel,Womens E-Mail,0,0,0.0
52664,9,3) $200 - $350,252.75,1,0,Urban,0,Web,Mens E-Mail,0,0,0.0
52668,3,2) $100 - $200,125.19,1,0,Surburban,1,Phone,Womens E-Mail,0,0,0.0
52671,7,1) $0 - $100,44.01,1,0,Surburban,1,Phone,Womens E-Mail,0,0,0.0
52675,4,1) $0 - $100,88.43,0,1,Urban,0,Web,Womens E-Mail,1,0,0.0
52690,8,1) $0 - $100,37.76,1,0,Rural,0,Phone,Mens E-Mail,1,0,0.0
52692,10,"6) $750 - $1,000",832.11,1,1,Surburban,1,Phone,No E-Mail,0,0,0.0
52704,7,2) $100 - $200,128.11,1,0,Rural,1,Phone,Womens E-Mail,1,0,0.0
52717,8,1) $0 - $100,85.55,0,1,Urban,0,Phone,Mens E-Mail,1,0,0.0
52720,4,"7) $1,000 +",1261.4,1,0,Surburban,1,Multichannel,Womens E-Mail,0,0,0.0
52722,4,3) $200 - $350,246.2,1,0,Urban,1,Phone,Womens E-Mail,0,0,0.0
52727,1,2) $100 - $200,125.23,1,0,Surburban,1,Web,Mens E-Mail,0,0,0.0
52729,4,5) $500 - $750,504.13,1,0,Surburban,1,Web,No E-Mail,0,0,0.0
52735,1,1) $0 - $100,67.15,0,1,Rural,0,Web,Womens E-Mail,0,0,0.0
52740,9,3) $200 - $350,292.05,1,0,Rural,0,Phone,No E-Mail,0,0,0.0
52746,10,2) $100 - $200,183.27,0,1,Rural,1,Web,Womens E-Mail,0,0,0.0
52765,7,1) $0 - $100,47.73,0,1,Surburban,0,Phone,Womens E-Mail,0,0,0.0
52774,1,3) $200 - $350,238.67,0,1,Rural,1,Web,Mens E-Mail,1,0,0.0
52781,5,3) $200 - $350,259.43,0,1,Urban,0,Multichannel,Womens E-Mail,0,0,0.0
52789,9,2) $100 - $200,125.35,0,1,Surburban,0,Phone,Mens E-Mail,0,0,0.0
52813,1,3) $200 - $350,281.13,1,0,Surburban,0,Web,Mens E-Mail,1,0,0.0
52841,4,2) $100 - $200,106.03,0,1,Surburban,1,Phone,Mens E-Mail,0,0,0.0
52847,9,1) $0 - $100,59.82,1,0,Surburban,1,Web,No E-Mail,0,0,0.0
52853,7,2) $100 - $200,188.99,0,1,Surburban,1,Web,Womens E-Mail,0,0,0.0
52897,2,4) $350 - $500,454.55,0,1,Urban,0,Phone,Womens E-Mail,0,0,0.0
52910,12,1) $0 - $100,52.88,1,0,Surburban,1,Phone,No E-Mail,0,0,0.0
52923,2,"6) $750 - $1,000",865.17,1,0,Urban,1,Web,Mens E-Mail,0,0,0.0
52933,10,1) $0 - $100,67.94,0,1,Rural,0,Web,No E-Mail,0,0,0.0
52940,3,1) $0 - $100,29.99,1,0,Surburban,1,Web,Womens E-Mail,0,0,0.0
52945,9,5) $500 - $750,538.46,0,1,Urban,1,Multichannel,Mens E-Mail,0,0,0.0
52946,1,1) $0 - $100,95.09,1,0,Urban,0,Phone,No E-Mail,0,0,0.0
52982,2,"6) $750 - $1,000",988.76,1,1,Surburban,1,Multichannel,No E-Mail,1,0,0.0
52986,2,2) $100 - $200,156.64,0,1,Urban,0,Web,Mens E-Mail,0,0,0.0
52992,3,3) $200 - $350,273.14,1,0,Surburban,0,Multichannel,Mens E-Mail,0,0,0.0
53029,1,3) $200 - $350,240.87,1,0,Surburban,0,Web,Mens E-Mail,0,0,0.0
53043,7,1) $0 - $100,57.2,0,1,Urban,1,Web,Mens E-Mail,0,0,0.0
53048,9,4) $350 - $500,364.46,1,0,Surburban,0,Multichannel,No E-Mail,0,0,0.0
53054,10,1) $0 - $100,29.99,1,0,Surburban,1,Web,Womens E-Mail,0,0,0.0
53055,9,2) $100 - $200,143.39,0,1,Surburban,0,Phone,Mens E-Mail,0,0,0.0
53058,9,3) $200 - $350,250.5,1,1,Urban,0,Phone,Womens E-Mail,0,0,0.0
53072,5,3) $200 - $350,271.62,0,1,Urban,0,Multichannel,Womens E-Mail,0,0,0.0
53078,1,5) $500 - $750,531.61,0,1,Surburban,1,Web,Womens E-Mail,1,0,0.0
53081,2,1) $0 - $100,86.74,0,1,Surburban,0,Phone,No E-Mail,0,0,0.0
53086,7,1) $0 - $100,50.29,1,0,Urban,0,Phone,No E-Mail,0,0,0.0
53090,3,2) $100 - $200,166.92,1,0,Urban,0,Web,Womens E-Mail,0,0,0.0
53094,6,3) $200 - $350,299.82,0,1,Rural,0,Web,Womens E-Mail,0,0,0.0
53098,6,3) $200 - $350,242.09,1,1,Urban,0,Web,Womens E-Mail,0,0,0.0
53117,9,2) $100 - $200,106.74,1,0,Surburban,1,Web,Womens E-Mail,0,0,0.0
53123,1,4) $350 - $500,448.26,1,1,Urban,0,Phone,No E-Mail,0,0,0.0
53126,6,5) $500 - $750,599.72,0,1,Urban,1,Web,Mens E-Mail,1,0,0.0
53131,7,1) $0 - $100,29.99,1,0,Surburban,1,Web,No E-Mail,0,0,0.0
53143,3,3) $200 - $350,224.6,1,0,Surburban,0,Multichannel,Womens E-Mail,0,0,0.0
53145,7,1) $0 - $100,29.99,0,1,Urban,0,Phone,No E-Mail,1,0,0.0
53167,7,1) $0 - $100,29.99,1,0,Surburban,0,Web,Womens E-Mail,0,0,0.0
53181,9,2) $100 - $200,120.31,0,1,Urban,1,Phone,Womens E-Mail,0,0,0.0
53202,9,1) $0 - $100,63.58,0,1,Surburban,0,Web,No E-Mail,0,0,0.0
53203,9,4) $350 - $500,359.69,1,0,Urban,0,Phone,No E-Mail,1,0,0.0
53205,1,1) $0 - $100,29.99,0,1,Surburban,1,Web,Womens E-Mail,0,0,0.0
53225,9,2) $100 - $200,135.99,0,1,Surburban,1,Web,Womens E-Mail,0,0,0.0
53226,10,2) $100 - $200,190.75,0,1,Urban,0,Phone,Mens E-Mail,0,0,0.0
53252,3,3) $200 - $350,205.68,0,1,Rural,1,Web,Womens E-Mail,0,0,0.0
53258,6,5) $500 - $750,532.51,0,1,Surburban,1,Multichannel,Womens E-Mail,0,0,0.0
53282,2,1) $0 - $100,29.99,1,0,Rural,1,Phone,No E-Mail,0,0,0.0
53286,9,2) $100 - $200,197.19,1,0,Urban,0,Web,Mens E-Mail,0,0,0.0
53322,12,4) $350 - $500,374.34,0,1,Urban,1,Phone,No E-Mail,0,0,0.0
53328,8,3) $200 - $350,213.1,1,1,Rural,0,Phone,Womens E-Mail,1,0,0.0
53339,9,1) $0 - $100,29.99,0,1,Urban,0,Web,No E-Mail,0,0,0.0
53343,1,3) $200 - $350,308.9,1,0,Urban,0,Web,Mens E-Mail,0,0,0.0
53351,8,2) $100 - $200,107.37,0,1,Urban,1,Web,Mens E-Mail,0,0,0.0
53371,10,3) $200 - $350,297.79,1,0,Surburban,0,Multichannel,Womens E-Mail,1,0,0.0
53374,5,1) $0 - $100,74.37,0,1,Surburban,0,Web,Mens E-Mail,0,0,0.0
53386,7,1) $0 - $100,29.99,0,1,Urban,1,Phone,Mens E-Mail,1,0,0.0
53392,10,1) $0 - $100,79.36,1,0,Surburban,1,Web,No E-Mail,1,0,0.0
53399,5,4) $350 - $500,492.03,1,1,Urban,0,Web,No E-Mail,0,0,0.0
53410,2,3) $200 - $350,310.8,1,1,Rural,0,Multichannel,Mens E-Mail,0,0,0.0
53414,3,3) $200 - $350,204.46,0,1,Urban,0,Phone,Mens E-Mail,0,0,0.0
53415,10,1) $0 - $100,63.07,0,1,Urban,1,Web,No E-Mail,0,0,0.0
53422,10,1) $0 - $100,58.76,0,1,Urban,1,Web,Womens E-Mail,0,0,0.0
53424,2,3) $200 - $350,239.31,1,0,Surburban,0,Phone,Womens E-Mail,0,0,0.0
53428,8,2) $100 - $200,153.91,0,1,Surburban,0,Web,Mens E-Mail,0,0,0.0
53436,4,1) $0 - $100,29.99,0,1,Surburban,0,Web,No E-Mail,0,0,0.0
53442,5,2) $100 - $200,188.09,1,0,Urban,0,Web,Mens E-Mail,0,0,0.0
53448,3,4) $350 - $500,445.22,0,1,Surburban,0,Multichannel,No E-Mail,0,0,0.0
53460,9,1) $0 - $100,35.09,1,0,Surburban,1,Phone,Womens E-Mail,0,0,0.0
53466,2,2) $100 - $200,164.02,1,0,Urban,0,Phone,No E-Mail,0,0,0.0
53479,11,1) $0 - $100,29.99,0,1,Surburban,0,Web,Womens E-Mail,0,0,0.0
53481,9,3) $200 - $350,280.45,1,1,Surburban,0,Phone,Mens E-Mail,0,0,0.0
53482,2,1) $0 - $100,29.99,0,1,Urban,0,Web,Mens E-Mail,0,0,0.0
53485,3,"6) $750 - $1,000",801.3,1,0,Surburban,1,Web,No E-Mail,0,0,0.0
53490,11,2) $100 - $200,129.15,0,1,Surburban,0,Phone,No E-Mail,0,0,0.0
53501,11,1) $0 - $100,29.99,1,0,Surburban,0,Web,Mens E-Mail,0,0,0.0
53504,9,2) $100 - $200,174.93,0,1,Surburban,1,Web,No E-Mail,0,0,0.0
53511,11,2) $100 - $200,159.58,1,0,Rural,0,Phone,Mens E-Mail,0,0,0.0
53516,4,5) $500 - $750,514.32,0,1,Surburban,1,Phone,No E-Mail,0,0,0.0
53529,8,1) $0 - $100,96.92,1,0,Surburban,0,Web,No E-Mail,0,0,0.0
53530,3,3) $200 - $350,310.95,0,1,Urban,0,Web,Womens E-Mail,1,0,0.0
53538,3,5) $500 - $750,619.28,1,1,Rural,1,Multichannel,No E-Mail,0,0,0.0
53542,2,4) $350 - $500,406.51,1,1,Surburban,0,Multichannel,Mens E-Mail,0,0,0.0
53548,9,2) $100 - $200,124.75,0,1,Urban,1,Web,Mens E-Mail,0,0,0.0
53552,9,2) $100 - $200,110.05,1,0,Urban,1,Phone,Mens E-Mail,0,0,0.0
53560,2,4) $350 - $500,477.77,1,1,Surburban,0,Multichannel,Womens E-Mail,0,0,0.0
53566,1,3) $200 - $350,227.96,0,1,Urban,0,Multichannel,No E-Mail,0,0,0.0
53578,2,3) $200 - $350,232.56,0,1,Rural,1,Multichannel,No E-Mail,0,0,0.0
53592,1,5) $500 - $750,685.43,1,1,Surburban,1,Web,Mens E-Mail,1,0,0.0
53605,7,2) $100 - $200,181.28,0,1,Urban,1,Phone,Mens E-Mail,0,0,0.0
53614,8,1) $0 - $100,29.99,1,0,Urban,0,Web,No E-Mail,0,0,0.0
53618,6,2) $100 - $200,162.1,0,1,Urban,0,Web,No E-Mail,0,0,0.0
53639,11,3) $200 - $350,204.68,0,1,Urban,1,Phone,Mens E-Mail,0,0,0.0
53643,11,1) $0 - $100,60.16,0,1,Surburban,1,Web,Mens E-Mail,0,0,0.0
53663,9,2) $100 - $200,177.25,1,0,Surburban,0,Web,No E-Mail,0,0,0.0
53669,10,2) $100 - $200,131.49,0,1,Urban,0,Phone,Womens E-Mail,0,0,0.0
53673,1,3) $200 - $350,276.61,1,0,Rural,1,Web,Mens E-Mail,0,0,0.0
53681,3,1) $0 - $100,29.99,0,1,Rural,0,Phone,Mens E-Mail,0,0,0.0
53684,2,1) $0 - $100,72.15,0,1,Rural,1,Web,Womens E-Mail,0,0,0.0
53688,4,2) $100 - $200,163.88,1,0,Urban,1,Web,Mens E-Mail,0,0,0.0
53690,6,"6) $750 - $1,000",780.37,1,1,Surburban,1,Phone,Womens E-Mail,0,0,0.0
53693,1,2) $100 - $200,119.12,0,1,Surburban,1,Web,Womens E-Mail,0,0,0.0
53697,10,1) $0 - $100,33.02,1,0,Surburban,0,Phone,Womens E-Mail,1,0,0.0
53712,1,5) $500 - $750,748.13,1,0,Urban,1,Multichannel,Womens E-Mail,0,0,0.0
53713,8,3) $200 - $350,225.77,0,1,Rural,0,Web,No E-Mail,0,0,0.0
53724,9,1) $0 - $100,94.98,0,1,Surburban,1,Web,Mens E-Mail,0,0,0.0
53725,2,2) $100 - $200,144.61,0,1,Urban,0,Web,Mens E-Mail,0,0,0.0
53730,6,3) $200 - $350,217.45,0,1,Rural,0,Phone,Womens E-Mail,0,0,0.0
53732,9,3) $200 - $350,203.46,1,0,Surburban,1,Phone,Mens E-Mail,0,0,0.0
53739,3,1) $0 - $100,31.59,0,1,Urban,1,Phone,No E-Mail,0,0,0.0
53751,10,2) $100 - $200,156.02,1,0,Surburban,1,Web,No E-Mail,1,0,0.0
53770,9,5) $500 - $750,518.88,1,0,Surburban,1,Web,Mens E-Mail,0,0,0.0
53775,2,"6) $750 - $1,000",796.09,0,1,Rural,1,Phone,No E-Mail,0,0,0.0
53777,9,1) $0 - $100,94.96,0,1,Urban,0,Phone,Mens E-Mail,1,0,0.0
53790,2,2) $100 - $200,165.88,1,0,Surburban,0,Web,Mens E-Mail,1,0,0.0
53792,10,1) $0 - $100,29.99,0,1,Rural,1,Web,Womens E-Mail,0,0,0.0
53801,8,1) $0 - $100,29.99,1,0,Urban,0,Web,Mens E-Mail,0,0,0.0
53808,7,1) $0 - $100,62.36,1,0,Surburban,0,Phone,Mens E-Mail,0,0,0.0
53817,11,1) $0 - $100,64.94,0,1,Surburban,1,Web,No E-Mail,0,0,0.0
53818,9,5) $500 - $750,591.66,1,0,Surburban,1,Phone,No E-Mail,0,0,0.0
53824,8,3) $200 - $350,202.11,1,0,Rural,1,Multichannel,No E-Mail,0,0,0.0
53828,3,3) $200 - $350,245.97,1,1,Surburban,1,Web,Womens E-Mail,0,0,0.0
53837,10,1) $0 - $100,35.22,0,1,Surburban,0,Web,No E-Mail,0,0,0.0
53848,3,4) $350 - $500,492.15,0,1,Rural,1,Phone,No E-Mail,0,0,0.0
53865,11,1) $0 - $100,34.35,0,1,Surburban,0,Web,Mens E-Mail,0,0,0.0
53869,7,3) $200 - $350,303.69,0,1,Urban,0,Phone,Mens E-Mail,0,0,0.0
53891,12,3) $200 - $350,331.86,0,1,Urban,0,Phone,Womens E-Mail,0,0,0.0
53915,2,4) $350 - $500,388.55,1,0,Surburban,0,Web,No E-Mail,1,0,0.0
53927,4,3) $200 - $350,227.51,1,0,Urban,1,Phone,Mens E-Mail,0,0,0.0
53938,5,5) $500 - $750,579.3,1,0,Urban,1,Web,Womens E-Mail,0,0,0.0
53963,12,1) $0 - $100,29.99,0,1,Urban,1,Phone,Womens E-Mail,0,0,0.0
53975,8,1) $0 - $100,29.99,1,0,Urban,1,Web,Mens E-Mail,0,0,0.0
53978,2,3) $200 - $350,319.46,1,0,Surburban,0,Web,No E-Mail,0,0,0.0
53983,11,"6) $750 - $1,000",799.39,1,1,Surburban,1,Multichannel,Mens E-Mail,0,0,0.0
53995,2,1) $0 - $100,96.07,1,0,Urban,0,Web,Womens E-Mail,1,0,0.0
54009,10,5) $500 - $750,563.12,1,0,Surburban,1,Multichannel,Womens E-Mail,1,0,0.0
54010,10,1) $0 - $100,62.31,0,1,Surburban,0,Phone,Womens E-Mail,0,0,0.0
54011,2,1) $0 - $100,33.0,0,1,Surburban,0,Phone,Womens E-Mail,0,0,0.0
54013,10,1) $0 - $100,29.99,0,1,Rural,1,Web,Mens E-Mail,0,0,0.0
54023,3,1) $0 - $100,29.99,1,0,Surburban,1,Web,Mens E-Mail,0,0,0.0
54044,4,3) $200 - $350,312.37,1,0,Urban,0,Phone,No E-Mail,0,0,0.0
54045,12,1) $0 - $100,48.98,0,1,Surburban,0,Web,Womens E-Mail,1,0,0.0
54047,3,4) $350 - $500,390.25,1,1,Rural,1,Multichannel,Mens E-Mail,0,0,0.0
54053,7,1) $0 - $100,94.43,1,0,Urban,1,Phone,No E-Mail,0,0,0.0
54074,6,1) $0 - $100,47.25,1,0,Surburban,0,Web,Mens E-Mail,0,0,0.0
54088,10,5) $500 - $750,606.05,1,1,Surburban,1,Multichannel,No E-Mail,0,0,0.0
54095,5,2) $100 - $200,199.62,0,1,Rural,0,Phone,Womens E-Mail,0,0,0.0
54105,4,5) $500 - $750,652.38,1,0,Urban,1,Phone,Womens E-Mail,1,0,0.0
54111,2,5) $500 - $750,546.5,1,1,Urban,1,Multichannel,No E-Mail,0,0,0.0
54128,10,3) $200 - $350,232.36,0,1,Urban,0,Multichannel,Mens E-Mail,0,0,0.0
54133,3,1) $0 - $100,71.68,0,1,Surburban,1,Web,Mens E-Mail,0,0,0.0
54135,3,3) $200 - $350,284.31,0,1,Surburban,0,Phone,Mens E-Mail,0,0,0.0
54138,10,1) $0 - $100,35.51,1,0,Rural,0,Web,No E-Mail,0,0,0.0
54149,10,4) $350 - $500,377.67,1,0,Surburban,0,Multichannel,Mens E-Mail,0,0,0.0
54157,8,3) $200 - $350,302.94,0,1,Urban,0,Phone,Womens E-Mail,0,0,0.0
54167,8,3) $200 - $350,236.25,1,0,Urban,0,Phone,No E-Mail,0,0,0.0
54174,6,2) $100 - $200,188.95,0,1,Rural,0,Phone,Mens E-Mail,0,0,0.0
54193,3,5) $500 - $750,600.77,1,1,Urban,1,Phone,Womens E-Mail,0,0,0.0
54195,2,5) $500 - $750,701.5,1,0,Surburban,1,Web,Womens E-Mail,0,0,0.0
54198,10,1) $0 - $100,61.87,1,0,Urban,0,Phone,Mens E-Mail,0,0,0.0
54206,1,1) $0 - $100,66.42,0,1,Urban,0,Web,Womens E-Mail,1,0,0.0
54215,2,1) $0 - $100,87.29,1,0,Urban,1,Phone,No E-Mail,0,0,0.0
54223,10,1) $0 - $100,29.99,0,1,Surburban,1,Phone,No E-Mail,0,0,0.0
54227,10,2) $100 - $200,158.34,0,1,Surburban,0,Web,No E-Mail,0,0,0.0
54236,2,1) $0 - $100,29.99,0,1,Urban,1,Web,No E-Mail,0,0,0.0
54263,3,1) $0 - $100,82.29,0,1,Urban,0,Phone,Womens E-Mail,1,0,0.0
54264,4,3) $200 - $350,309.04,0,1,Urban,0,Phone,Womens E-Mail,0,0,0.0
54269,11,1) $0 - $100,80.71,1,0,Surburban,0,Phone,Womens E-Mail,0,0,0.0
54290,1,4) $350 - $500,353.35,0,1,Surburban,0,Web,Womens E-Mail,0,0,0.0
54294,9,1) $0 - $100,65.47,0,1,Urban,1,Phone,No E-Mail,0,0,0.0
54296,4,1) $0 - $100,84.57,1,0,Surburban,0,Phone,Womens E-Mail,0,0,0.0
54320,7,3) $200 - $350,348.66,1,1,Surburban,0,Multichannel,Mens E-Mail,0,0,0.0
54333,10,1) $0 - $100,90.04,0,1,Surburban,1,Phone,Womens E-Mail,1,0,0.0
54348,2,4) $350 - $500,373.36,0,1,Urban,0,Web,Mens E-Mail,0,0,0.0
54349,6,1) $0 - $100,29.99,0,1,Surburban,1,Web,Womens E-Mail,0,0,0.0
54353,1,3) $200 - $350,313.75,0,1,Surburban,1,Web,Mens E-Mail,0,0,0.0
54362,9,1) $0 - $100,74.22,1,0,Urban,0,Web,Mens E-Mail,0,0,0.0
54367,6,3) $200 - $350,253.63,1,0,Urban,1,Web,Mens E-Mail,0,0,0.0
54378,1,2) $100 - $200,135.94,1,0,Urban,1,Phone,Mens E-Mail,0,0,0.0
54390,6,1) $0 - $100,29.99,1,0,Surburban,0,Web,Mens E-Mail,0,0,0.0
54414,10,1) $0 - $100,67.24,1,0,Urban,1,Phone,Womens E-Mail,0,0,0.0
54420,5,3) $200 - $350,312.61,1,0,Surburban,0,Multichannel,Womens E-Mail,0,0,0.0
54421,5,3) $200 - $350,331.74,1,1,Urban,1,Multichannel,No E-Mail,0,0,0.0
54428,2,2) $100 - $200,150.01,0,1,Surburban,1,Web,Womens E-Mail,0,0,0.0
54452,9,1) $0 - $100,38.3,1,0,Surburban,1,Phone,Mens E-Mail,1,0,0.0
54454,2,5) $500 - $750,512.36,0,1,Urban,1,Web,No E-Mail,0,0,0.0
54460,2,1) $0 - $100,59.5,0,1,Surburban,1,Phone,No E-Mail,0,0,0.0
54470,4,4) $350 - $500,494.68,0,1,Surburban,1,Web,No E-Mail,0,0,0.0
54471,1,2) $100 - $200,161.58,1,0,Urban,1,Web,Mens E-Mail,1,0,0.0
54475,4,1) $0 - $100,29.99,0,1,Urban,0,Phone,Womens E-Mail,0,0,0.0
54477,2,"7) $1,000 +",1142.44,1,0,Urban,1,Multichannel,No E-Mail,0,0,0.0
54490,2,1) $0 - $100,76.02,1,0,Surburban,1,Web,No E-Mail,0,0,0.0
54503,8,4) $350 - $500,460.98,0,1,Rural,0,Phone,No E-Mail,0,0,0.0
54511,9,2) $100 - $200,190.55,0,1,Rural,0,Web,No E-Mail,0,0,0.0
54518,12,"6) $750 - $1,000",771.05,0,1,Surburban,1,Phone,Womens E-Mail,0,0,0.0
54520,1,2) $100 - $200,141.54,0,1,Urban,1,Phone,Womens E-Mail,0,0,0.0
54523,10,2) $100 - $200,129.14,1,0,Urban,0,Web,Mens E-Mail,0,0,0.0
54530,7,1) $0 - $100,74.22,1,0,Urban,0,Web,Womens E-Mail,1,0,0.0
54564,3,3) $200 - $350,338.19,1,0,Surburban,0,Phone,Womens E-Mail,0,0,0.0
54566,12,3) $200 - $350,227.84,1,0,Urban,1,Web,No E-Mail,1,0,0.0
54578,2,1) $0 - $100,57.64,0,1,Urban,1,Phone,Womens E-Mail,0,0,0.0
54579,10,1) $0 - $100,66.61,0,1,Surburban,0,Web,No E-Mail,1,0,0.0
54593,1,3) $200 - $350,306.99,1,0,Rural,1,Web,Mens E-Mail,1,0,0.0
54610,4,2) $100 - $200,171.02,0,1,Urban,1,Phone,Womens E-Mail,0,0,0.0
54615,1,1) $0 - $100,29.99,1,0,Urban,0,Phone,Mens E-Mail,1,0,0.0
54628,1,1) $0 - $100,29.99,1,0,Rural,1,Web,Mens E-Mail,0,0,0.0
54636,1,3) $200 - $350,215.73,0,1,Surburban,1,Phone,Womens E-Mail,0,0,0.0
54645,10,3) $200 - $350,218.36,0,1,Urban,0,Web,Mens E-Mail,0,0,0.0
54651,8,2) $100 - $200,107.59,0,1,Urban,1,Web,No E-Mail,0,0,0.0
54652,2,1) $0 - $100,60.99,1,0,Surburban,0,Phone,Mens E-Mail,0,0,0.0
54663,6,3) $200 - $350,317.26,1,1,Urban,0,Multichannel,Womens E-Mail,0,0,0.0
54673,1,4) $350 - $500,411.9,1,1,Urban,0,Multichannel,Womens E-Mail,0,0,0.0
54727,1,5) $500 - $750,576.68,1,0,Surburban,1,Multichannel,No E-Mail,0,0,0.0
54729,11,1) $0 - $100,36.44,0,1,Surburban,1,Web,Womens E-Mail,0,0,0.0
54746,12,1) $0 - $100,69.62,0,1,Surburban,0,Phone,No E-Mail,0,0,0.0
54751,6,1) $0 - $100,29.99,1,0,Urban,0,Web,Mens E-Mail,0,0,0.0
54754,9,1) $0 - $100,49.46,1,0,Rural,0,Web,Mens E-Mail,0,0,0.0
54757,3,1) $0 - $100,31.3,0,1,Urban,0,Web,Mens E-Mail,0,0,0.0
54759,1,1) $0 - $100,48.91,0,1,Surburban,1,Web,Mens E-Mail,0,0,0.0
54772,8,5) $500 - $750,667.3,1,0,Surburban,1,Web,Womens E-Mail,0,0,0.0
54789,11,5) $500 - $750,577.81,0,1,Surburban,1,Web,Mens E-Mail,0,0,0.0
54790,10,4) $350 - $500,491.46,1,0,Rural,0,Web,Mens E-Mail,1,0,0.0
54793,7,3) $200 - $350,330.0,1,0,Urban,0,Phone,Womens E-Mail,0,0,0.0
54799,3,1) $0 - $100,93.86,1,0,Urban,0,Phone,Womens E-Mail,0,0,0.0
54821,10,3) $200 - $350,325.0,1,0,Surburban,1,Web,No E-Mail,0,0,0.0
54834,9,3) $200 - $350,312.39,0,1,Surburban,0,Multichannel,Womens E-Mail,0,0,0.0
54871,1,"6) $750 - $1,000",750.85,1,1,Surburban,1,Multichannel,Mens E-Mail,0,0,0.0
54882,4,4) $350 - $500,382.75,1,0,Surburban,0,Multichannel,Womens E-Mail,0,0,0.0
54891,12,3) $200 - $350,218.43,0,1,Surburban,1,Web,No E-Mail,0,0,0.0
54892,8,2) $100 - $200,100.8,0,1,Urban,1,Phone,Womens E-Mail,0,0,0.0
54895,12,1) $0 - $100,52.31,0,1,Rural,1,Phone,Mens E-Mail,0,0,0.0
54897,10,2) $100 - $200,152.57,0,1,Rural,0,Phone,No E-Mail,0,0,0.0
54898,6,1) $0 - $100,64.84,1,0,Urban,0,Phone,No E-Mail,0,0,0.0
54901,9,1) $0 - $100,29.99,0,1,Rural,1,Phone,Mens E-Mail,1,1,29.99
54904,6,"6) $750 - $1,000",972.11,0,1,Surburban,1,Multichannel,Womens E-Mail,0,0,0.0
54906,2,2) $100 - $200,169.83,1,0,Rural,1,Phone,No E-Mail,0,0,0.0
54910,7,3) $200 - $350,290.57,1,0,Surburban,0,Web,Mens E-Mail,0,0,0.0
54912,10,2) $100 - $200,145.63,0,1,Surburban,0,Web,Womens E-Mail,0,0,0.0
54937,1,5) $500 - $750,631.75,0,1,Urban,1,Web,No E-Mail,0,0,0.0
54938,9,3) $200 - $350,260.59,1,1,Surburban,0,Web,No E-Mail,0,0,0.0
54939,6,1) $0 - $100,29.99,0,1,Surburban,0,Phone,Mens E-Mail,0,0,0.0
54948,7,3) $200 - $350,274.63,1,0,Urban,1,Multichannel,Womens E-Mail,0,0,0.0
54949,9,2) $100 - $200,162.94,0,1,Urban,1,Web,Mens E-Mail,0,0,0.0
54992,1,2) $100 - $200,132.37,0,1,Surburban,1,Web,No E-Mail,0,0,0.0
54997,9,3) $200 - $350,225.7,1,0,Urban,0,Phone,Mens E-Mail,0,0,0.0
55013,9,2) $100 - $200,130.26,1,0,Rural,0,Web,Womens E-Mail,0,0,0.0
55015,7,1) $0 - $100,29.99,0,1,Urban,1,Web,No E-Mail,0,0,0.0
55018,1,1) $0 - $100,84.3,0,1,Surburban,0,Phone,Mens E-Mail,0,0,0.0
55024,11,4) $350 - $500,406.07,0,1,Rural,0,Multichannel,No E-Mail,0,0,0.0
55031,12,1) $0 - $100,29.99,0,1,Rural,1,Phone,No E-Mail,0,0,0.0
55040,4,2) $100 - $200,157.38,0,1,Surburban,1,Phone,Mens E-Mail,0,0,0.0
55042,9,1) $0 - $100,29.99,0,1,Surburban,1,Web,No E-Mail,0,0,0.0
55065,3,1) $0 - $100,57.98,1,0,Surburban,0,Web,Mens E-Mail,0,0,0.0
55070,1,1) $0 - $100,54.82,1,0,Urban,1,Phone,No E-Mail,0,0,0.0
55102,12,3) $200 - $350,341.26,1,1,Urban,1,Phone,Womens E-Mail,0,0,0.0
55106,1,1) $0 - $100,34.64,1,0,Urban,0,Web,No E-Mail,0,0,0.0
55117,1,2) $100 - $200,145.74,0,1,Urban,0,Phone,Womens E-Mail,0,0,0.0
55130,2,3) $200 - $350,287.56,0,1,Surburban,0,Phone,Mens E-Mail,0,0,0.0
55138,1,3) $200 - $350,260.3,0,1,Urban,0,Multichannel,Mens E-Mail,0,0,0.0
55141,12,2) $100 - $200,124.11,0,1,Urban,1,Web,Womens E-Mail,0,0,0.0
55152,3,2) $100 - $200,135.42,1,0,Surburban,0,Web,Mens E-Mail,0,0,0.0
55165,6,3) $200 - $350,268.91,0,1,Urban,1,Multichannel,No E-Mail,1,0,0.0
55186,7,"6) $750 - $1,000",902.82,0,1,Surburban,1,Web,No E-Mail,0,0,0.0
55194,11,3) $200 - $350,319.36,0,1,Urban,0,Phone,Mens E-Mail,0,0,0.0
55222,5,4) $350 - $500,440.28,0,1,Surburban,1,Web,Womens E-Mail,1,0,0.0
55236,4,1) $0 - $100,42.73,0,1,Surburban,1,Phone,Mens E-Mail,0,0,0.0
55241,3,1) $0 - $100,29.99,0,1,Urban,1,Phone,Womens E-Mail,1,0,0.0
55249,9,1) $0 - $100,61.28,1,0,Surburban,1,Web,Womens E-Mail,0,0,0.0
55254,12,5) $500 - $750,717.0,1,1,Surburban,1,Multichannel,No E-Mail,0,0,0.0
55258,2,5) $500 - $750,539.71,1,1,Surburban,1,Multichannel,Womens E-Mail,0,0,0.0
55273,9,3) $200 - $350,338.57,1,1,Urban,1,Phone,Womens E-Mail,0,0,0.0
55303,4,4) $350 - $500,361.63,1,0,Urban,0,Web,Womens E-Mail,0,0,0.0
55308,12,2) $100 - $200,131.69,1,0,Urban,1,Web,Womens E-Mail,0,0,0.0
55311,4,3) $200 - $350,217.97,1,0,Surburban,0,Web,Mens E-Mail,0,0,0.0
55380,9,1) $0 - $100,29.99,1,0,Surburban,0,Phone,Womens E-Mail,0,0,0.0
55382,1,"6) $750 - $1,000",800.66,1,1,Surburban,1,Multichannel,Mens E-Mail,0,0,0.0
55385,7,3) $200 - $350,227.6,0,1,Surburban,0,Web,Womens E-Mail,1,0,0.0
55392,10,1) $0 - $100,29.99,1,0,Surburban,1,Phone,No E-Mail,0,0,0.0
55396,5,3) $200 - $350,253.09,1,0,Surburban,0,Multichannel,Womens E-Mail,0,0,0.0
55413,6,3) $200 - $350,345.35,1,0,Urban,0,Web,Mens E-Mail,0,0,0.0
55420,1,3) $200 - $350,262.73,1,1,Urban,0,Phone,No E-Mail,0,0,0.0
55428,12,1) $0 - $100,92.69,0,1,Surburban,0,Phone,Womens E-Mail,0,0,0.0
55435,8,3) $200 - $350,271.72,1,1,Surburban,0,Phone,No E-Mail,0,0,0.0
55436,11,1) $0 - $100,29.99,0,1,Surburban,0,Web,Womens E-Mail,0,0,0.0
55437,1,1) $0 - $100,55.58,0,1,Surburban,1,Web,Womens E-Mail,1,0,0.0
55481,2,3) $200 - $350,328.57,1,1,Surburban,0,Web,No E-Mail,0,0,0.0
55483,7,3) $200 - $350,219.45,0,1,Rural,0,Web,Womens E-Mail,0,0,0.0
55486,1,1) $0 - $100,29.99,0,1,Urban,1,Phone,Womens E-Mail,0,0,0.0
55495,7,5) $500 - $750,646.91,1,1,Urban,1,Multichannel,Mens E-Mail,0,0,0.0
55500,5,1) $0 - $100,61.39,1,0,Surburban,0,Phone,Womens E-Mail,0,0,0.0
55503,10,3) $200 - $350,223.88,1,0,Surburban,0,Web,Mens E-Mail,0,0,0.0
55514,5,4) $350 - $500,485.89,1,0,Urban,1,Multichannel,Womens E-Mail,0,0,0.0
55515,12,1) $0 - $100,81.94,0,1,Surburban,0,Phone,No E-Mail,0,0,0.0
55532,4,"7) $1,000 +",1135.44,1,1,Surburban,1,Web,Womens E-Mail,0,0,0.0
55566,3,4) $350 - $500,456.24,0,1,Surburban,0,Multichannel,Mens E-Mail,1,0,0.0
55578,11,5) $500 - $750,517.28,1,0,Surburban,1,Multichannel,Mens E-Mail,0,0,0.0
55583,11,2) $100 - $200,138.92,0,1,Surburban,1,Phone,No E-Mail,0,0,0.0
55584,6,4) $350 - $500,362.96,1,0,Urban,1,Web,Womens E-Mail,0,0,0.0
55590,6,1) $0 - $100,29.99,1,0,Surburban,1,Web,Mens E-Mail,0,0,0.0
55591,8,2) $100 - $200,176.76,0,1,Surburban,0,Phone,No E-Mail,0,0,0.0
55604,10,2) $100 - $200,100.22,1,0,Urban,1,Web,Womens E-Mail,0,0,0.0
55609,9,1) $0 - $100,68.67,0,1,Surburban,1,Web,Mens E-Mail,0,0,0.0
55611,2,4) $350 - $500,405.45,1,0,Urban,1,Multichannel,Womens E-Mail,0,0,0.0
55616,1,3) $200 - $350,278.72,1,0,Surburban,0,Web,Mens E-Mail,0,0,0.0
55625,12,1) $0 - $100,79.81,0,1,Rural,0,Web,Mens E-Mail,0,0,0.0
55636,9,4) $350 - $500,473.01,1,1,Urban,0,Phone,No E-Mail,1,0,0.0
55649,6,5) $500 - $750,615.25,0,1,Urban,1,Web,Mens E-Mail,0,0,0.0
55654,9,1) $0 - $100,82.67,1,0,Surburban,0,Web,No E-Mail,1,0,0.0
55663,8,2) $100 - $200,189.34,0,1,Surburban,0,Web,No E-Mail,0,0,0.0
55667,3,1) $0 - $100,84.09,1,0,Surburban,0,Phone,Mens E-Mail,0,0,0.0
55677,10,3) $200 - $350,200.41,1,0,Urban,1,Web,Womens E-Mail,0,0,0.0
55682,10,1) $0 - $100,59.81,1,0,Surburban,1,Phone,No E-Mail,0,0,0.0
55683,5,4) $350 - $500,477.85,1,1,Urban,1,Multichannel,Womens E-Mail,0,0,0.0
55686,8,2) $100 - $200,105.66,1,0,Surburban,0,Web,No E-Mail,0,0,0.0
55690,9,1) $0 - $100,29.99,0,1,Urban,1,Web,Womens E-Mail,0,0,0.0
55695,11,1) $0 - $100,56.97,1,0,Surburban,1,Web,Mens E-Mail,0,0,0.0
55713,1,1) $0 - $100,53.5,1,0,Surburban,0,Web,No E-Mail,1,0,0.0
55719,11,2) $100 - $200,175.45,0,1,Surburban,1,Phone,No E-Mail,0,0,0.0
55732,3,4) $350 - $500,426.41,0,1,Rural,0,Multichannel,Mens E-Mail,0,0,0.0
55751,10,2) $100 - $200,146.5,1,0,Urban,1,Phone,Womens E-Mail,0,0,0.0
55758,8,2) $100 - $200,139.81,1,0,Surburban,0,Phone,No E-Mail,0,0,0.0
55786,8,1) $0 - $100,62.28,1,0,Surburban,1,Phone,Mens E-Mail,0,0,0.0
55801,4,2) $100 - $200,179.34,1,0,Surburban,0,Phone,Mens E-Mail,0,0,0.0
55802,6,2) $100 - $200,145.83,0,1,Surburban,1,Phone,Mens E-Mail,0,0,0.0
55817,9,1) $0 - $100,81.43,1,0,Rural,0,Phone,Mens E-Mail,0,0,0.0
55834,5,3) $200 - $350,228.44,1,0,Urban,0,Phone,Womens E-Mail,0,0,0.0
55837,2,2) $100 - $200,110.81,0,1,Surburban,0,Web,Mens E-Mail,0,0,0.0
55842,1,1) $0 - $100,29.99,1,0,Urban,1,Web,Womens E-Mail,1,0,0.0
55852,6,2) $100 - $200,141.4,0,1,Rural,0,Phone,No E-Mail,0,0,0.0
55869,2,4) $350 - $500,355.36,0,1,Surburban,0,Web,Womens E-Mail,0,0,0.0
55873,4,"6) $750 - $1,000",828.12,1,0,Surburban,1,Multichannel,Mens E-Mail,0,0,0.0
55876,7,1) $0 - $100,53.47,1,0,Urban,0,Phone,No E-Mail,0,0,0.0
55877,9,2) $100 - $200,199.3,1,0,Urban,1,Web,No E-Mail,0,0,0.0
55889,10,1) $0 - $100,39.87,1,0,Rural,1,Web,Womens E-Mail,0,0,0.0
55911,11,1) $0 - $100,71.42,0,1,Surburban,0,Web,Womens E-Mail,1,0,0.0
55914,11,2) $100 - $200,147.06,1,0,Rural,1,Phone,No E-Mail,0,0,0.0
55922,1,4) $350 - $500,453.77,0,1,Surburban,0,Multichannel,Mens E-Mail,0,0,0.0
55936,3,3) $200 - $350,299.95,1,0,Urban,0,Web,Mens E-Mail,0,0,0.0
55939,5,1) $0 - $100,29.99,0,1,Rural,1,Web,Womens E-Mail,0,0,0.0
55956,5,4) $350 - $500,485.29,1,0,Urban,1,Web,Mens E-Mail,0,0,0.0
55962,3,2) $100 - $200,159.57,1,0,Surburban,1,Web,No E-Mail,0,0,0.0
55969,7,1) $0 - $100,48.46,0,1,Urban,1,Web,Mens E-Mail,0,0,0.0
55975,11,1) $0 - $100,62.86,1,0,Surburban,0,Phone,Womens E-Mail,0,0,0.0
55988,6,2) $100 - $200,156.37,1,0,Surburban,0,Web,Mens E-Mail,0,0,0.0
56010,10,1) $0 - $100,60.54,0,1,Surburban,1,Phone,Mens E-Mail,0,0,0.0
56022,10,1) $0 - $100,29.99,0,1,Urban,0,Web,No E-Mail,0,0,0.0
56027,6,3) $200 - $350,258.56,1,1,Surburban,1,Web,Mens E-Mail,0,0,0.0
56028,8,2) $100 - $200,135.46,1,0,Urban,0,Web,Mens E-Mail,0,0,0.0
56036,10,1) $0 - $100,55.02,1,0,Urban,0,Phone,No E-Mail,0,0,0.0
56056,8,1) $0 - $100,29.99,0,1,Urban,0,Web,Mens E-Mail,1,0,0.0
56060,10,1) $0 - $100,73.61,1,0,Rural,1,Phone,Womens E-Mail,0,0,0.0
56073,2,"7) $1,000 +",1440.51,0,1,Surburban,1,Multichannel,Womens E-Mail,1,0,0.0
56089,9,1) $0 - $100,29.99,0,1,Surburban,0,Phone,No E-Mail,0,0,0.0
56090,7,1) $0 - $100,33.02,1,0,Rural,1,Web,Mens E-Mail,1,0,0.0
56092,10,2) $100 - $200,105.06,0,1,Rural,0,Phone,Womens E-Mail,0,0,0.0
56093,10,2) $100 - $200,139.94,0,1,Surburban,1,Web,Womens E-Mail,0,0,0.0
56107,10,1) $0 - $100,79.65,0,1,Surburban,1,Phone,No E-Mail,0,0,0.0
56108,3,1) $0 - $100,33.57,1,0,Rural,1,Web,No E-Mail,0,0,0.0
56111,2,4) $350 - $500,425.85,1,1,Surburban,0,Multichannel,Mens E-Mail,1,1,29.99
56112,9,1) $0 - $100,62.43,0,1,Rural,0,Phone,Mens E-Mail,1,0,0.0
56116,10,1) $0 - $100,90.17,1,0,Urban,1,Web,Mens E-Mail,0,0,0.0
56122,2,5) $500 - $750,584.78,0,1,Urban,1,Phone,Mens E-Mail,1,0,0.0
56126,1,3) $200 - $350,303.67,0,1,Urban,0,Phone,Womens E-Mail,0,0,0.0
56127,5,2) $100 - $200,128.48,0,1,Surburban,0,Phone,Mens E-Mail,0,0,0.0
56139,9,1) $0 - $100,36.47,0,1,Rural,1,Phone,Womens E-Mail,0,0,0.0
56148,5,3) $200 - $350,218.87,0,1,Urban,0,Phone,No E-Mail,0,0,0.0
56159,10,2) $100 - $200,118.81,1,0,Urban,1,Web,Mens E-Mail,0,0,0.0
56170,8,1) $0 - $100,81.32,1,0,Surburban,1,Phone,No E-Mail,0,0,0.0
56196,4,1) $0 - $100,81.87,0,1,Surburban,1,Web,Womens E-Mail,0,0,0.0
56205,1,3) $200 - $350,252.15,1,0,Urban,0,Phone,Mens E-Mail,0,0,0.0
56208,10,4) $350 - $500,429.47,1,0,Urban,0,Multichannel,No E-Mail,0,0,0.0
56209,10,2) $100 - $200,130.55,0,1,Urban,0,Phone,No E-Mail,0,0,0.0
56213,9,4) $350 - $500,383.07,1,0,Urban,0,Multichannel,No E-Mail,1,0,0.0
56214,2,1) $0 - $100,29.99,1,0,Surburban,1,Web,Womens E-Mail,1,0,0.0
56215,10,1) $0 - $100,75.49,1,0,Urban,1,Phone,Womens E-Mail,0,0,0.0
56216,10,1) $0 - $100,29.99,1,0,Surburban,0,Web,Mens E-Mail,0,0,0.0
56220,7,3) $200 - $350,330.81,0,1,Surburban,0,Phone,No E-Mail,0,0,0.0
56227,3,1) $0 - $100,58.79,0,1,Urban,0,Phone,No E-Mail,0,0,0.0
56229,7,2) $100 - $200,164.97,0,1,Urban,0,Phone,Womens E-Mail,0,0,0.0
56233,3,3) $200 - $350,220.01,0,1,Surburban,0,Phone,Mens E-Mail,0,0,0.0
56242,4,2) $100 - $200,108.19,1,0,Surburban,0,Web,Mens E-Mail,0,0,0.0
56245,2,1) $0 - $100,88.33,1,0,Urban,0,Phone,Mens E-Mail,0,0,0.0
56259,10,1) $0 - $100,74.09,1,0,Urban,1,Web,No E-Mail,0,0,0.0
56261,2,2) $100 - $200,113.56,1,0,Surburban,0,Phone,Womens E-Mail,0,0,0.0
56271,2,1) $0 - $100,44.03,0,1,Urban,1,Web,Womens E-Mail,0,0,0.0
56274,4,3) $200 - $350,269.79,1,0,Surburban,1,Phone,Womens E-Mail,0,0,0.0
56286,12,2) $100 - $200,145.05,0,1,Surburban,0,Web,Mens E-Mail,0,0,0.0
56290,1,1) $0 - $100,29.99,0,1,Urban,1,Phone,Mens E-Mail,0,0,0.0
56303,1,3) $200 - $350,204.46,1,1,Surburban,0,Web,Womens E-Mail,1,1,47.7
56321,8,1) $0 - $100,52.46,1,0,Surburban,0,Web,No E-Mail,0,0,0.0
56327,1,4) $350 - $500,431.9,1,0,Urban,1,Web,No E-Mail,0,0,0.0
56329,8,1) $0 - $100,79.38,1,0,Rural,0,Web,No E-Mail,0,0,0.0
56341,5,3) $200 - $350,310.92,1,0,Urban,1,Phone,Mens E-Mail,0,0,0.0
56343,10,2) $100 - $200,146.8,1,0,Surburban,0,Web,Womens E-Mail,0,0,0.0
56357,1,5) $500 - $750,721.62,1,1,Surburban,1,Multichannel,Mens E-Mail,0,0,0.0
56361,1,2) $100 - $200,145.25,1,0,Surburban,0,Web,Mens E-Mail,0,0,0.0
56374,10,1) $0 - $100,63.56,0,1,Surburban,1,Web,No E-Mail,0,0,0.0
56379,3,3) $200 - $350,346.9,1,0,Surburban,0,Web,No E-Mail,1,1,83.31
56385,2,3) $200 - $350,296.19,0,1,Urban,0,Multichannel,Mens E-Mail,1,0,0.0
56386,10,1) $0 - $100,69.91,1,0,Rural,1,Web,Mens E-Mail,0,0,0.0
56410,7,1) $0 - $100,29.99,0,1,Surburban,1,Phone,Mens E-Mail,0,0,0.0
56412,3,3) $200 - $350,295.24,1,1,Urban,1,Phone,No E-Mail,0,0,0.0
56428,1,5) $500 - $750,605.37,0,1,Urban,1,Web,No E-Mail,0,0,0.0
56443,9,1) $0 - $100,57.74,1,0,Surburban,0,Web,Womens E-Mail,0,0,0.0
56445,4,1) $0 - $100,66.43,0,1,Rural,1,Web,Womens E-Mail,1,0,0.0
56450,10,3) $200 - $350,290.34,1,0,Urban,0,Web,Womens E-Mail,0,0,0.0
56462,1,3) $200 - $350,262.68,0,1,Urban,1,Web,No E-Mail,0,0,0.0
56464,10,2) $100 - $200,129.33,1,0,Surburban,0,Web,No E-Mail,0,0,0.0
56465,7,3) $200 - $350,240.27,1,0,Urban,1,Phone,Womens E-Mail,0,0,0.0
56475,11,3) $200 - $350,326.98,1,1,Urban,0,Web,Womens E-Mail,0,0,0.0
56476,9,4) $350 - $500,440.72,1,0,Surburban,0,Multichannel,Mens E-Mail,1,1,60.97
56488,4,4) $350 - $500,411.14,1,0,Surburban,0,Web,No E-Mail,0,0,0.0
56494,10,1) $0 - $100,46.34,1,0,Surburban,1,Phone,Womens E-Mail,0,0,0.0
56544,6,1) $0 - $100,52.38,1,0,Urban,1,Phone,Mens E-Mail,1,0,0.0
56548,2,"7) $1,000 +",1330.49,1,1,Urban,1,Multichannel,No E-Mail,0,0,0.0
56555,9,1) $0 - $100,78.52,1,0,Surburban,1,Web,Womens E-Mail,0,0,0.0
56563,3,1) $0 - $100,53.51,0,1,Urban,0,Web,Womens E-Mail,1,0,0.0
56580,1,4) $350 - $500,404.14,1,0,Surburban,0,Multichannel,No E-Mail,0,0,0.0
56593,2,4) $350 - $500,473.79,0,1,Surburban,0,Multichannel,Womens E-Mail,0,0,0.0
56597,5,3) $200 - $350,250.71,1,0,Surburban,0,Multichannel,Mens E-Mail,0,0,0.0
56612,4,5) $500 - $750,689.32,0,1,Urban,1,Phone,Womens E-Mail,0,0,0.0
56615,8,2) $100 - $200,102.25,0,1,Surburban,0,Web,Womens E-Mail,1,0,0.0
56633,1,2) $100 - $200,161.3,0,1,Surburban,0,Web,Womens E-Mail,0,0,0.0
56655,8,1) $0 - $100,32.54,1,0,Rural,1,Phone,Womens E-Mail,0,0,0.0
56658,10,2) $100 - $200,109.36,0,1,Surburban,0,Web,No E-Mail,0,0,0.0
56663,11,2) $100 - $200,142.45,1,0,Surburban,0,Web,No E-Mail,0,0,0.0
56669,3,"6) $750 - $1,000",813.12,1,1,Urban,1,Multichannel,Mens E-Mail,1,0,0.0
56709,2,"6) $750 - $1,000",843.68,0,1,Surburban,1,Phone,Womens E-Mail,0,0,0.0
56716,3,2) $100 - $200,178.01,0,1,Rural,0,Web,No E-Mail,0,0,0.0
56746,11,1) $0 - $100,51.14,0,1,Surburban,0,Phone,Mens E-Mail,1,0,0.0
56778,11,1) $0 - $100,29.99,0,1,Urban,1,Web,No E-Mail,0,0,0.0
56794,6,4) $350 - $500,470.45,1,0,Urban,0,Multichannel,No E-Mail,0,0,0.0
56814,9,1) $0 - $100,29.99,1,0,Surburban,0,Web,Womens E-Mail,0,0,0.0
56820,4,5) $500 - $750,597.8,0,1,Urban,1,Phone,Mens E-Mail,0,0,0.0
56837,1,3) $200 - $350,223.46,1,1,Urban,1,Phone,No E-Mail,0,0,0.0
56838,3,1) $0 - $100,84.81,1,0,Urban,1,Web,No E-Mail,0,0,0.0
56860,2,"6) $750 - $1,000",875.39,1,0,Urban,1,Phone,Womens E-Mail,0,0,0.0
56882,7,1) $0 - $100,39.44,1,0,Surburban,0,Phone,Womens E-Mail,1,0,0.0
56883,4,3) $200 - $350,289.58,1,0,Urban,0,Phone,Mens E-Mail,0,0,0.0
56898,5,2) $100 - $200,120.1,0,1,Urban,0,Phone,No E-Mail,0,0,0.0
56902,10,2) $100 - $200,169.64,0,1,Surburban,0,Web,Mens E-Mail,1,1,359.97
56911,9,4) $350 - $500,475.6,0,1,Surburban,0,Phone,No E-Mail,0,0,0.0
56927,7,1) $0 - $100,98.02,0,1,Rural,1,Phone,Womens E-Mail,0,0,0.0
56932,10,2) $100 - $200,134.12,0,1,Surburban,0,Phone,Womens E-Mail,0,0,0.0
56951,2,3) $200 - $350,240.17,1,1,Rural,0,Multichannel,Mens E-Mail,1,1,29.99
56958,2,1) $0 - $100,41.79,1,0,Urban,0,Phone,No E-Mail,0,0,0.0
56963,7,2) $100 - $200,111.98,1,0,Rural,1,Phone,Mens E-Mail,1,0,0.0
56968,9,1) $0 - $100,34.25,0,1,Rural,0,Web,No E-Mail,0,0,0.0
56970,2,5) $500 - $750,679.51,0,1,Rural,1,Phone,No E-Mail,0,0,0.0
57005,4,1) $0 - $100,82.53,1,0,Urban,1,Web,Mens E-Mail,0,0,0.0
57013,2,4) $350 - $500,488.27,1,0,Urban,0,Multichannel,Womens E-Mail,0,0,0.0
57019,2,1) $0 - $100,78.99,0,1,Urban,1,Phone,Womens E-Mail,0,0,0.0
57020,11,2) $100 - $200,150.36,1,0,Surburban,1,Web,Womens E-Mail,0,0,0.0
57030,7,1) $0 - $100,35.61,0,1,Surburban,1,Web,Womens E-Mail,0,0,0.0
57038,3,1) $0 - $100,69.3,0,1,Urban,0,Web,Womens E-Mail,0,0,0.0
57041,5,2) $100 - $200,157.42,1,0,Urban,0,Phone,No E-Mail,1,0,0.0
57054,4,1) $0 - $100,51.9,1,0,Urban,1,Web,Mens E-Mail,0,0,0.0
57067,10,1) $0 - $100,29.99,1,0,Surburban,1,Web,Womens E-Mail,0,0,0.0
57073,10,1) $0 - $100,40.16,0,1,Rural,1,Web,Womens E-Mail,0,0,0.0
57076,9,2) $100 - $200,192.4,0,1,Urban,1,Phone,Womens E-Mail,0,0,0.0
57083,1,3) $200 - $350,213.6,1,0,Surburban,1,Web,No E-Mail,0,0,0.0
57105,3,4) $350 - $500,355.33,0,1,Surburban,1,Web,Womens E-Mail,1,0,0.0
57129,7,2) $100 - $200,132.73,0,1,Surburban,1,Web,Mens E-Mail,0,0,0.0
57130,3,3) $200 - $350,331.62,1,0,Surburban,0,Multichannel,Mens E-Mail,0,0,0.0
57131,10,1) $0 - $100,61.43,0,1,Urban,1,Phone,No E-Mail,0,0,0.0
57141,10,1) $0 - $100,94.2,0,1,Surburban,0,Web,Mens E-Mail,0,0,0.0
57147,9,2) $100 - $200,196.83,1,0,Rural,0,Phone,Mens E-Mail,0,0,0.0
57150,7,3) $200 - $350,281.1,1,0,Surburban,0,Phone,Mens E-Mail,0,0,0.0
57153,3,"6) $750 - $1,000",854.8,1,1,Urban,1,Multichannel,No E-Mail,1,0,0.0
57155,3,1) $0 - $100,30.69,0,1,Surburban,1,Web,No E-Mail,0,0,0.0
57158,2,2) $100 - $200,175.21,1,0,Rural,1,Phone,No E-Mail,0,0,0.0
57159,5,4) $350 - $500,380.36,0,1,Surburban,0,Web,No E-Mail,0,0,0.0
57163,10,1) $0 - $100,93.96,1,0,Rural,0,Phone,Mens E-Mail,0,0,0.0
57167,4,1) $0 - $100,83.77,0,1,Urban,0,Web,No E-Mail,0,0,0.0
57174,1,1) $0 - $100,72.63,0,1,Rural,0,Phone,No E-Mail,0,0,0.0
57186,11,1) $0 - $100,69.36,1,0,Surburban,0,Phone,No E-Mail,0,0,0.0
57198,6,2) $100 - $200,159.2,0,1,Surburban,0,Web,No E-Mail,1,0,0.0
57206,8,4) $350 - $500,434.88,0,1,Urban,0,Web,Womens E-Mail,1,0,0.0
57209,3,5) $500 - $750,678.11,1,1,Surburban,1,Multichannel,Womens E-Mail,0,0,0.0
57213,1,"7) $1,000 +",1228.36,1,1,Surburban,1,Multichannel,Mens E-Mail,0,0,0.0
57217,2,2) $100 - $200,171.9,1,0,Surburban,1,Web,Mens E-Mail,0,0,0.0
57218,1,1) $0 - $100,42.15,1,0,Surburban,1,Web,Womens E-Mail,1,0,0.0
57239,10,1) $0 - $100,56.75,1,0,Surburban,0,Web,Mens E-Mail,0,0,0.0
57248,3,1) $0 - $100,61.74,1,0,Surburban,1,Web,No E-Mail,0,0,0.0
57249,2,1) $0 - $100,91.46,0,1,Urban,1,Web,No E-Mail,0,0,0.0
57261,9,3) $200 - $350,277.77,0,1,Urban,0,Web,Womens E-Mail,0,0,0.0
57267,1,"7) $1,000 +",1032.18,1,0,Urban,1,Web,Mens E-Mail,0,0,0.0
57299,3,5) $500 - $750,719.56,1,0,Urban,1,Multichannel,No E-Mail,1,0,0.0
57319,1,4) $350 - $500,396.43,1,0,Rural,0,Multichannel,No E-Mail,0,0,0.0
57325,7,1) $0 - $100,80.06,0,1,Surburban,1,Web,No E-Mail,0,0,0.0
57343,3,4) $350 - $500,450.54,0,1,Rural,0,Phone,Womens E-Mail,0,0,0.0
57352,4,3) $200 - $350,277.21,0,1,Urban,1,Phone,No E-Mail,0,0,0.0
57358,2,2) $100 - $200,188.72,0,1,Urban,1,Phone,Womens E-Mail,0,0,0.0
57365,5,2) $100 - $200,144.74,0,1,Urban,0,Web,Mens E-Mail,0,0,0.0
57371,2,4) $350 - $500,467.65,1,0,Surburban,0,Multichannel,Mens E-Mail,1,0,0.0
57372,10,5) $500 - $750,551.19,1,0,Rural,1,Multichannel,Womens E-Mail,0,0,0.0
57375,9,1) $0 - $100,37.8,0,1,Surburban,0,Web,Mens E-Mail,0,0,0.0
57378,7,1) $0 - $100,95.13,1,0,Urban,1,Phone,Mens E-Mail,0,0,0.0
57386,4,1) $0 - $100,29.99,0,1,Urban,1,Web,Womens E-Mail,1,0,0.0
57399,10,2) $100 - $200,149.41,0,1,Surburban,1,Web,Womens E-Mail,0,0,0.0
57415,2,4) $350 - $500,427.63,1,0,Surburban,1,Web,Mens E-Mail,0,0,0.0
57430,4,4) $350 - $500,390.36,1,0,Urban,0,Web,No E-Mail,1,0,0.0
57436,8,1) $0 - $100,29.99,0,1,Urban,1,Phone,No E-Mail,0,0,0.0
57445,4,3) $200 - $350,209.77,0,1,Rural,1,Web,Womens E-Mail,0,0,0.0
57448,1,1) $0 - $100,92.4,0,1,Urban,1,Web,Mens E-Mail,0,0,0.0
57453,4,1) $0 - $100,55.76,1,0,Urban,0,Web,No E-Mail,0,0,0.0
57461,2,5) $500 - $750,523.65,0,1,Surburban,1,Phone,Mens E-Mail,0,0,0.0
57464,5,"7) $1,000 +",1456.75,1,1,Surburban,1,Phone,Mens E-Mail,0,0,0.0
57470,2,5) $500 - $750,528.36,1,0,Rural,1,Multichannel,No E-Mail,0,0,0.0
57473,9,2) $100 - $200,159.13,1,0,Surburban,1,Phone,No E-Mail,0,0,0.0
57490,8,3) $200 - $350,290.75,1,1,Surburban,1,Phone,Mens E-Mail,0,0,0.0
57511,3,3) $200 - $350,234.46,1,1,Rural,1,Phone,No E-Mail,0,0,0.0
57519,8,1) $0 - $100,29.99,0,1,Rural,1,Web,Mens E-Mail,0,0,0.0
57525,7,1) $0 - $100,60.76,1,0,Surburban,0,Web,No E-Mail,0,0,0.0
57531,11,1) $0 - $100,29.99,0,1,Surburban,0,Phone,No E-Mail,0,0,0.0
57562,11,2) $100 - $200,198.75,0,1,Surburban,1,Web,Mens E-Mail,1,0,0.0
57569,2,5) $500 - $750,537.21,1,0,Surburban,1,Multichannel,Womens E-Mail,1,0,0.0
57578,11,3) $200 - $350,244.65,1,0,Urban,1,Web,Mens E-Mail,0,0,0.0
57580,10,1) $0 - $100,29.99,1,0,Rural,0,Web,Womens E-Mail,0,0,0.0
57601,12,1) $0 - $100,29.99,0,1,Surburban,1,Phone,No E-Mail,0,0,0.0
57620,12,1) $0 - $100,75.21,0,1,Urban,0,Web,Womens E-Mail,0,0,0.0
57622,10,1) $0 - $100,29.99,1,0,Urban,1,Phone,Womens E-Mail,0,0,0.0
57629,3,3) $200 - $350,233.72,1,1,Urban,1,Web,Womens E-Mail,0,0,0.0
57653,11,3) $200 - $350,215.46,1,1,Surburban,0,Phone,No E-Mail,0,0,0.0
57657,2,1) $0 - $100,91.64,0,1,Urban,1,Web,Womens E-Mail,0,0,0.0
57664,2,3) $200 - $350,304.13,0,1,Surburban,0,Phone,Mens E-Mail,0,0,0.0
57684,4,3) $200 - $350,224.6,1,0,Rural,1,Web,Mens E-Mail,1,0,0.0
57697,4,3) $200 - $350,234.77,0,1,Urban,0,Phone,Mens E-Mail,0,0,0.0
57702,7,2) $100 - $200,157.88,0,1,Urban,1,Phone,No E-Mail,0,0,0.0
57705,1,1) $0 - $100,77.22,0,1,Surburban,1,Phone,Mens E-Mail,0,0,0.0
57707,5,2) $100 - $200,188.51,0,1,Urban,1,Phone,Mens E-Mail,0,0,0.0
57720,1,1) $0 - $100,29.99,1,0,Urban,1,Phone,No E-Mail,0,0,0.0
57736,6,1) $0 - $100,35.04,0,1,Surburban,0,Phone,Mens E-Mail,0,0,0.0
57741,8,3) $200 - $350,344.47,1,0,Urban,0,Phone,No E-Mail,0,0,0.0
57744,6,1) $0 - $100,91.36,1,0,Urban,1,Web,Mens E-Mail,0,0,0.0
57745,1,1) $0 - $100,29.99,1,0,Urban,1,Web,Womens E-Mail,0,0,0.0
57750,4,2) $100 - $200,149.39,1,0,Urban,1,Web,Mens E-Mail,0,0,0.0
57755,2,2) $100 - $200,123.61,0,1,Urban,0,Web,Mens E-Mail,1,0,0.0
57769,11,3) $200 - $350,263.26,0,1,Surburban,1,Phone,Mens E-Mail,0,0,0.0
57774,10,3) $200 - $350,229.69,1,0,Urban,0,Multichannel,No E-Mail,1,0,0.0
57814,7,3) $200 - $350,276.61,1,1,Urban,1,Web,No E-Mail,0,0,0.0
57829,11,2) $100 - $200,113.21,0,1,Surburban,1,Web,Mens E-Mail,0,0,0.0
57842,11,1) $0 - $100,61.56,0,1,Urban,1,Phone,No E-Mail,0,0,0.0
57856,1,3) $200 - $350,297.23,0,1,Surburban,1,Phone,No E-Mail,0,0,0.0
57867,9,2) $100 - $200,166.1,0,1,Rural,0,Phone,No E-Mail,0,0,0.0
57877,9,1) $0 - $100,29.99,1,0,Surburban,0,Phone,No E-Mail,0,0,0.0
57878,11,5) $500 - $750,658.86,1,1,Surburban,1,Web,No E-Mail,0,0,0.0
57886,10,3) $200 - $350,200.34,1,1,Urban,0,Web,Mens E-Mail,1,0,0.0
57891,6,1) $0 - $100,46.71,1,0,Surburban,1,Web,No E-Mail,0,0,0.0
57894,3,1) $0 - $100,87.48,1,0,Urban,1,Phone,No E-Mail,1,0,0.0
57910,9,1) $0 - $100,29.99,1,0,Urban,1,Phone,No E-Mail,0,0,0.0
57914,3,5) $500 - $750,729.86,0,1,Urban,1,Multichannel,Mens E-Mail,0,0,0.0
57915,6,1) $0 - $100,56.45,0,1,Surburban,0,Web,Mens E-Mail,0,0,0.0
57923,12,1) $0 - $100,29.99,1,0,Surburban,0,Phone,Womens E-Mail,0,0,0.0
57932,9,1) $0 - $100,41.61,1,0,Urban,0,Web,Mens E-Mail,1,0,0.0
57939,7,1) $0 - $100,76.39,0,1,Surburban,0,Web,Womens E-Mail,0,0,0.0
57988,5,3) $200 - $350,287.26,1,0,Rural,0,Web,Womens E-Mail,1,0,0.0
58010,6,3) $200 - $350,206.94,1,0,Rural,0,Web,No E-Mail,0,0,0.0
58014,2,3) $200 - $350,246.59,1,0,Surburban,0,Multichannel,Womens E-Mail,0,0,0.0
58020,4,1) $0 - $100,29.99,0,1,Surburban,1,Web,Womens E-Mail,1,0,0.0
58039,9,3) $200 - $350,307.54,1,0,Surburban,0,Multichannel,Womens E-Mail,0,0,0.0
58046,1,1) $0 - $100,33.77,0,1,Surburban,1,Phone,Womens E-Mail,0,0,0.0
58058,10,3) $200 - $350,252.57,1,0,Urban,0,Phone,Mens E-Mail,0,0,0.0
58062,9,2) $100 - $200,153.72,1,0,Surburban,1,Web,Womens E-Mail,0,0,0.0
58067,7,5) $500 - $750,628.26,1,0,Urban,1,Phone,Mens E-Mail,0,0,0.0
58076,11,2) $100 - $200,100.7,0,1,Surburban,0,Web,Mens E-Mail,0,0,0.0
58077,2,1) $0 - $100,68.85,1,0,Urban,0,Web,Mens E-Mail,1,0,0.0
58078,11,2) $100 - $200,183.73,1,0,Urban,1,Phone,Womens E-Mail,0,0,0.0
58082,2,1) $0 - $100,50.13,0,1,Surburban,1,Phone,No E-Mail,0,0,0.0
58102,4,1) $0 - $100,29.99,1,0,Urban,1,Web,No E-Mail,0,0,0.0
58103,10,3) $200 - $350,322.54,1,0,Surburban,0,Phone,Womens E-Mail,0,0,0.0
58110,1,2) $100 - $200,113.8,1,0,Surburban,1,Web,No E-Mail,0,0,0.0
58113,1,5) $500 - $750,735.55,0,1,Surburban,1,Web,No E-Mail,0,0,0.0
58125,3,1) $0 - $100,57.56,0,1,Surburban,1,Phone,Mens E-Mail,0,0,0.0
58134,1,2) $100 - $200,116.3,0,1,Surburban,1,Web,No E-Mail,0,0,0.0
58137,10,3) $200 - $350,261.11,1,0,Rural,1,Web,Mens E-Mail,0,0,0.0
58153,5,1) $0 - $100,57.25,1,0,Rural,0,Phone,Mens E-Mail,0,0,0.0
58166,4,5) $500 - $750,533.9,0,1,Urban,1,Phone,Mens E-Mail,0,0,0.0
58182,2,4) $350 - $500,456.73,1,0,Surburban,0,Multichannel,Mens E-Mail,0,0,0.0
58190,6,1) $0 - $100,29.99,1,0,Surburban,0,Phone,Womens E-Mail,0,0,0.0
58206,1,3) $200 - $350,326.69,1,0,Urban,0,Web,Womens E-Mail,0,0,0.0
58209,12,4) $350 - $500,377.87,1,0,Urban,0,Multichannel,Mens E-Mail,1,0,0.0
58212,3,1) $0 - $100,68.07,0,1,Rural,1,Web,Womens E-Mail,0,0,0.0
58279,3,4) $350 - $500,389.93,1,0,Rural,0,Phone,No E-Mail,0,0,0.0
58285,1,1) $0 - $100,71.55,0,1,Surburban,1,Web,Mens E-Mail,1,0,0.0
58290,8,5) $500 - $750,520.98,1,0,Urban,1,Web,No E-Mail,0,0,0.0
58309,11,2) $100 - $200,136.22,1,0,Urban,1,Web,No E-Mail,0,0,0.0
58317,3,3) $200 - $350,270.53,0,1,Surburban,1,Phone,No E-Mail,0,0,0.0
58319,6,2) $100 - $200,139.71,1,0,Surburban,0,Web,No E-Mail,0,0,0.0
58343,8,5) $500 - $750,532.29,0,1,Surburban,1,Phone,No E-Mail,0,0,0.0
58349,7,1) $0 - $100,47.94,1,0,Urban,1,Phone,No E-Mail,0,0,0.0
58364,9,4) $350 - $500,473.37,1,1,Rural,0,Web,No E-Mail,0,0,0.0
58367,2,3) $200 - $350,331.34,0,1,Surburban,1,Web,Womens E-Mail,0,0,0.0
58368,1,2) $100 - $200,184.65,0,1,Urban,1,Web,No E-Mail,0,0,0.0
58383,5,5) $500 - $750,651.67,0,1,Surburban,1,Multichannel,No E-Mail,0,0,0.0
58384,2,"6) $750 - $1,000",831.71,1,0,Urban,1,Phone,Mens E-Mail,0,0,0.0
58389,3,4) $350 - $500,410.59,0,1,Urban,0,Web,Womens E-Mail,1,0,0.0
58391,2,2) $100 - $200,139.77,0,1,Urban,0,Phone,Womens E-Mail,0,0,0.0
58401,1,3) $200 - $350,328.13,0,1,Surburban,0,Multichannel,Womens E-Mail,0,0,0.0
58429,3,3) $200 - $350,225.5,1,0,Urban,1,Phone,Mens E-Mail,0,0,0.0
58445,10,2) $100 - $200,135.26,0,1,Urban,0,Web,No E-Mail,0,0,0.0
58466,9,1) $0 - $100,94.12,1,0,Surburban,0,Web,Womens E-Mail,0,0,0.0
58468,8,2) $100 - $200,127.59,0,1,Urban,0,Web,Mens E-Mail,0,0,0.0
58470,3,2) $100 - $200,152.9,1,0,Urban,1,Phone,Womens E-Mail,0,0,0.0
58478,10,1) $0 - $100,29.99,1,0,Surburban,1,Web,Mens E-Mail,1,0,0.0
58504,8,2) $100 - $200,143.47,1,0,Surburban,1,Phone,No E-Mail,0,0,0.0
58512,10,1) $0 - $100,85.39,0,1,Rural,1,Phone,Womens E-Mail,0,0,0.0
58518,10,3) $200 - $350,265.88,0,1,Surburban,0,Phone,Womens E-Mail,0,0,0.0
58529,12,1) $0 - $100,84.68,0,1,Urban,1,Phone,Mens E-Mail,0,0,0.0
58531,1,3) $200 - $350,222.67,0,1,Surburban,0,Web,Womens E-Mail,1,0,0.0
58551,2,2) $100 - $200,164.22,0,1,Surburban,1,Web,Mens E-Mail,0,0,0.0
58552,3,1) $0 - $100,32.84,0,1,Surburban,0,Phone,Womens E-Mail,0,0,0.0
58556,11,3) $200 - $350,244.91,0,1,Surburban,0,Multichannel,Womens E-Mail,0,0,0.0
58571,9,1) $0 - $100,29.99,0,1,Surburban,0,Phone,No E-Mail,0,0,0.0
58572,2,2) $100 - $200,178.5,0,1,Urban,1,Web,Womens E-Mail,1,0,0.0
58575,10,1) $0 - $100,92.13,1,0,Surburban,1,Phone,Mens E-Mail,0,0,0.0
58576,11,1) $0 - $100,29.99,0,1,Surburban,0,Phone,Mens E-Mail,1,0,0.0
58589,4,5) $500 - $750,581.93,0,1,Surburban,1,Web,No E-Mail,0,0,0.0
58595,10,1) $0 - $100,29.99,0,1,Surburban,0,Web,Mens E-Mail,0,0,0.0
58602,6,"7) $1,000 +",1001.59,1,1,Surburban,1,Multichannel,Mens E-Mail,1,0,0.0
58605,10,1) $0 - $100,29.99,1,0,Surburban,1,Web,Mens E-Mail,0,0,0.0
58616,2,1) $0 - $100,61.01,0,1,Surburban,0,Web,Womens E-Mail,0,0,0.0
58620,4,4) $350 - $500,463.19,1,0,Rural,0,Multichannel,No E-Mail,0,0,0.0
58629,6,1) $0 - $100,93.58,0,1,Rural,0,Web,Mens E-Mail,1,1,219.81
58637,3,2) $100 - $200,111.54,0,1,Surburban,0,Web,Mens E-Mail,1,0,0.0
58645,3,"7) $1,000 +",1185.08,0,1,Surburban,1,Phone,Womens E-Mail,0,0,0.0
58658,9,3) $200 - $350,315.45,0,1,Urban,0,Phone,No E-Mail,0,0,0.0
58672,5,1) $0 - $100,44.66,0,1,Surburban,0,Web,Mens E-Mail,0,0,0.0
58677,5,2) $100 - $200,116.73,0,1,Urban,0,Web,Womens E-Mail,0,0,0.0
58686,9,3) $200 - $350,224.03,1,0,Urban,0,Web,Mens E-Mail,0,0,0.0
58689,7,4) $350 - $500,368.43,1,0,Rural,0,Web,Mens E-Mail,1,0,0.0
58711,1,2) $100 - $200,147.07,0,1,Urban,0,Phone,No E-Mail,0,0,0.0
58714,8,2) $100 - $200,162.46,0,1,Urban,0,Web,Womens E-Mail,1,0,0.0
58722,3,3) $200 - $350,349.16,0,1,Surburban,0,Phone,Mens E-Mail,0,0,0.0
58740,2,4) $350 - $500,426.77,1,0,Rural,0,Multichannel,No E-Mail,0,0,0.0
58745,4,3) $200 - $350,230.43,1,0,Surburban,1,Phone,Mens E-Mail,0,0,0.0
58748,3,1) $0 - $100,54.29,0,1,Surburban,0,Web,Womens E-Mail,0,0,0.0
58753,3,4) $350 - $500,445.86,1,1,Surburban,1,Web,Mens E-Mail,1,0,0.0
58757,7,2) $100 - $200,186.97,1,0,Urban,1,Phone,Womens E-Mail,0,0,0.0
58760,1,5) $500 - $750,653.4,1,0,Rural,1,Web,No E-Mail,0,0,0.0
58774,8,4) $350 - $500,370.08,1,0,Surburban,1,Multichannel,Mens E-Mail,0,0,0.0
58788,10,1) $0 - $100,43.43,0,1,Urban,1,Phone,No E-Mail,0,0,0.0
58791,9,3) $200 - $350,281.46,0,1,Surburban,0,Web,Womens E-Mail,0,0,0.0
58796,5,5) $500 - $750,527.97,0,1,Urban,1,Phone,No E-Mail,0,0,0.0
58797,10,5) $500 - $750,588.22,0,1,Urban,1,Multichannel,Womens E-Mail,0,0,0.0
58802,3,5) $500 - $750,556.49,1,0,Urban,1,Phone,Mens E-Mail,0,0,0.0
58810,5,4) $350 - $500,388.52,0,1,Surburban,0,Phone,No E-Mail,0,0,0.0
58814,8,1) $0 - $100,29.99,0,1,Rural,1,Phone,Mens E-Mail,0,0,0.0
58818,1,1) $0 - $100,30.36,0,1,Surburban,0,Web,Mens E-Mail,0,0,0.0
58825,2,5) $500 - $750,605.44,0,1,Surburban,1,Multichannel,Womens E-Mail,0,0,0.0
58829,5,5) $500 - $750,506.47,1,0,Surburban,1,Web,Mens E-Mail,0,0,0.0
58833,10,4) $350 - $500,483.79,1,0,Urban,1,Web,Womens E-Mail,0,0,0.0
58840,11,1) $0 - $100,90.93,0,1,Surburban,0,Web,Mens E-Mail,0,0,0.0
58855,1,5) $500 - $750,622.84,1,0,Surburban,1,Multichannel,Womens E-Mail,0,0,0.0
58868,10,3) $200 - $350,303.22,1,0,Surburban,0,Phone,Womens E-Mail,0,0,0.0
58876,1,1) $0 - $100,68.03,1,0,Rural,1,Web,Mens E-Mail,0,0,0.0
58886,9,1) $0 - $100,61.2,1,0,Surburban,1,Phone,No E-Mail,0,0,0.0
58894,1,4) $350 - $500,413.19,0,1,Surburban,1,Web,Womens E-Mail,0,0,0.0
58900,7,1) $0 - $100,32.27,1,0,Urban,1,Phone,Mens E-Mail,0,0,0.0
58909,10,"6) $750 - $1,000",952.11,1,1,Urban,1,Web,Mens E-Mail,0,0,0.0
58920,2,5) $500 - $750,621.6,1,0,Surburban,1,Phone,No E-Mail,0,0,0.0
58934,3,4) $350 - $500,406.7,1,0,Surburban,0,Web,Mens E-Mail,0,0,0.0
58935,5,3) $200 - $350,339.45,0,1,Urban,0,Phone,No E-Mail,0,0,0.0
58947,8,1) $0 - $100,41.26,0,1,Surburban,1,Phone,No E-Mail,0,0,0.0
58974,10,2) $100 - $200,133.72,1,0,Rural,1,Phone,Mens E-Mail,0,0,0.0
58999,11,1) $0 - $100,29.99,0,1,Surburban,0,Phone,No E-Mail,0,0,0.0
59011,2,1) $0 - $100,35.23,0,1,Surburban,0,Web,Womens E-Mail,0,0,0.0
59013,1,5) $500 - $750,723.22,1,1,Surburban,1,Multichannel,Womens E-Mail,0,0,0.0
59027,3,1) $0 - $100,29.99,1,0,Urban,1,Phone,No E-Mail,1,0,0.0
59040,5,4) $350 - $500,393.02,0,1,Urban,1,Phone,Womens E-Mail,0,0,0.0
59042,11,3) $200 - $350,291.94,1,1,Urban,0,Multichannel,Mens E-Mail,1,0,0.0
59056,3,1) $0 - $100,54.19,1,0,Rural,1,Web,No E-Mail,1,0,0.0
59074,3,3) $200 - $350,279.61,1,1,Rural,0,Multichannel,No E-Mail,0,0,0.0
59087,3,5) $500 - $750,513.38,0,1,Rural,1,Phone,Mens E-Mail,0,0,0.0
59101,9,1) $0 - $100,58.85,0,1,Rural,1,Web,No E-Mail,0,0,0.0
59109,3,1) $0 - $100,89.74,1,0,Surburban,0,Web,Womens E-Mail,0,0,0.0
59117,3,1) $0 - $100,31.16,0,1,Surburban,0,Web,No E-Mail,0,0,0.0
59119,8,1) $0 - $100,54.16,1,0,Urban,1,Phone,Womens E-Mail,0,0,0.0
59120,3,1) $0 - $100,29.99,1,0,Surburban,0,Phone,No E-Mail,0,0,0.0
59130,1,1) $0 - $100,29.99,0,1,Urban,0,Web,Mens E-Mail,0,0,0.0
59142,5,1) $0 - $100,29.99,0,1,Urban,1,Web,No E-Mail,0,0,0.0
59159,6,1) $0 - $100,29.99,1,0,Surburban,0,Phone,Mens E-Mail,1,0,0.0
59164,7,2) $100 - $200,165.56,1,0,Rural,1,Phone,Womens E-Mail,0,0,0.0
59165,8,2) $100 - $200,198.78,0,1,Urban,0,Phone,Mens E-Mail,0,0,0.0
59201,5,1) $0 - $100,83.72,0,1,Rural,0,Web,No E-Mail,1,0,0.0
59231,10,2) $100 - $200,108.28,0,1,Surburban,1,Phone,Mens E-Mail,1,0,0.0
59232,1,3) $200 - $350,310.99,1,1,Surburban,0,Phone,No E-Mail,0,0,0.0
59250,6,2) $100 - $200,140.35,1,0,Surburban,0,Phone,Mens E-Mail,0,0,0.0
59267,6,3) $200 - $350,258.57,0,1,Urban,0,Multichannel,No E-Mail,0,0,0.0
59304,3,4) $350 - $500,472.01,0,1,Rural,0,Phone,Womens E-Mail,0,0,0.0
59321,6,1) $0 - $100,95.76,0,1,Surburban,1,Web,Womens E-Mail,0,0,0.0
59322,10,2) $100 - $200,193.66,0,1,Urban,1,Web,No E-Mail,0,0,0.0
59350,11,1) $0 - $100,45.75,0,1,Rural,1,Web,Mens E-Mail,0,0,0.0
59359,9,1) $0 - $100,29.99,0,1,Surburban,0,Web,Womens E-Mail,0,0,0.0
59401,8,1) $0 - $100,29.99,0,1,Surburban,1,Web,No E-Mail,0,0,0.0
59410,5,1) $0 - $100,67.38,0,1,Surburban,1,Web,Womens E-Mail,0,0,0.0
59432,2,"7) $1,000 +",1262.42,1,0,Surburban,1,Multichannel,No E-Mail,0,0,0.0
59433,11,1) $0 - $100,95.3,1,0,Urban,0,Web,Womens E-Mail,0,0,0.0
59459,1,3) $200 - $350,231.77,0,1,Surburban,1,Phone,Womens E-Mail,0,0,0.0
59469,12,1) $0 - $100,63.51,0,1,Urban,1,Phone,No E-Mail,0,0,0.0
59471,5,1) $0 - $100,29.99,1,0,Surburban,0,Phone,No E-Mail,0,0,0.0
59477,1,2) $100 - $200,106.31,0,1,Surburban,0,Phone,No E-Mail,0,0,0.0
59478,7,2) $100 - $200,134.7,1,0,Urban,1,Phone,Womens E-Mail,0,0,0.0
59516,12,2) $100 - $200,191.46,0,1,Urban,1,Phone,Mens E-Mail,0,0,0.0
59546,9,2) $100 - $200,123.97,1,0,Urban,1,Phone,Mens E-Mail,0,0,0.0
59578,6,1) $0 - $100,29.99,1,0,Surburban,1,Phone,Mens E-Mail,0,0,0.0
59579,1,1) $0 - $100,73.49,1,0,Surburban,1,Phone,Womens E-Mail,0,0,0.0
59581,1,1) $0 - $100,85.17,0,1,Urban,1,Phone,No E-Mail,0,0,0.0
59588,9,1) $0 - $100,29.99,1,0,Surburban,0,Web,Mens E-Mail,0,0,0.0
59599,9,2) $100 - $200,139.74,0,1,Urban,0,Web,No E-Mail,0,0,0.0
59647,7,2) $100 - $200,115.4,0,1,Surburban,0,Web,No E-Mail,0,0,0.0
59652,11,1) $0 - $100,29.99,0,1,Urban,0,Web,No E-Mail,0,0,0.0
59662,8,3) $200 - $350,272.49,0,1,Urban,0,Multichannel,No E-Mail,0,0,0.0
59700,7,5) $500 - $750,518.4,0,1,Surburban,1,Web,Womens E-Mail,0,0,0.0
59708,3,1) $0 - $100,75.62,0,1,Urban,0,Phone,Womens E-Mail,0,0,0.0
59726,12,4) $350 - $500,376.34,1,1,Surburban,0,Phone,Mens E-Mail,1,0,0.0
59731,5,3) $200 - $350,330.44,1,0,Surburban,1,Multichannel,Mens E-Mail,0,0,0.0
59738,10,1) $0 - $100,29.99,0,1,Rural,0,Phone,No E-Mail,0,0,0.0
59745,10,1) $0 - $100,29.99,0,1,Surburban,0,Web,Womens E-Mail,0,0,0.0
59747,1,5) $500 - $750,671.91,0,1,Surburban,1,Multichannel,Womens E-Mail,0,0,0.0
59767,6,1) $0 - $100,29.99,0,1,Rural,0,Web,Mens E-Mail,0,0,0.0
59802,1,3) $200 - $350,239.33,1,0,Surburban,1,Phone,Mens E-Mail,1,1,29.99
59822,8,2) $100 - $200,111.74,0,1,Urban,0,Phone,Mens E-Mail,1,0,0.0
59832,8,1) $0 - $100,41.49,1,0,Urban,1,Phone,Womens E-Mail,0,0,0.0
59845,4,2) $100 - $200,169.97,1,0,Surburban,0,Web,No E-Mail,0,0,0.0
59846,3,1) $0 - $100,99.99,0,1,Urban,0,Phone,Mens E-Mail,0,0,0.0
59864,1,5) $500 - $750,676.0,0,1,Urban,1,Web,Womens E-Mail,0,0,0.0
59869,1,4) $350 - $500,431.98,1,1,Urban,0,Web,Mens E-Mail,1,0,0.0
59879,3,4) $350 - $500,414.84,1,1,Urban,0,Multichannel,No E-Mail,0,0,0.0
59918,2,4) $350 - $500,446.6,1,1,Surburban,0,Web,Womens E-Mail,1,0,0.0
59930,3,2) $100 - $200,157.12,0,1,Surburban,0,Phone,No E-Mail,0,0,0.0
59933,12,4) $350 - $500,396.38,0,1,Surburban,0,Multichannel,Womens E-Mail,0,0,0.0
59962,5,1) $0 - $100,52.16,0,1,Urban,0,Web,Mens E-Mail,0,0,0.0
59965,11,1) $0 - $100,35.4,1,0,Urban,0,Phone,Mens E-Mail,0,0,0.0
59968,9,2) $100 - $200,183.31,1,0,Surburban,1,Phone,No E-Mail,0,0,0.0
59975,3,1) $0 - $100,43.11,1,0,Urban,1,Web,No E-Mail,0,0,0.0
59983,9,4) $350 - $500,351.86,1,0,Surburban,0,Multichannel,Mens E-Mail,0,0,0.0
59988,10,2) $100 - $200,159.34,0,1,Urban,0,Web,No E-Mail,0,0,0.0
59989,7,3) $200 - $350,261.3,0,1,Surburban,1,Multichannel,Womens E-Mail,1,0,0.0
60001,3,4) $350 - $500,419.23,1,0,Surburban,0,Multichannel,No E-Mail,1,0,0.0
60013,10,2) $100 - $200,138.82,0,1,Urban,1,Phone,Womens E-Mail,0,0,0.0
60036,1,"7) $1,000 +",2145.81,1,0,Urban,1,Multichannel,Womens E-Mail,0,0,0.0
60065,2,2) $100 - $200,124.98,0,1,Urban,0,Phone,Mens E-Mail,0,0,0.0
60082,7,1) $0 - $100,63.88,0,1,Urban,1,Web,Womens E-Mail,0,0,0.0
60094,10,1) $0 - $100,29.99,0,1,Surburban,1,Phone,Mens E-Mail,0,0,0.0
60097,5,1) $0 - $100,61.13,0,1,Surburban,1,Web,Mens E-Mail,0,0,0.0
60104,7,3) $200 - $350,260.81,0,1,Surburban,0,Web,No E-Mail,0,0,0.0
60114,3,2) $100 - $200,169.65,0,1,Rural,0,Phone,Mens E-Mail,0,0,0.0
60117,3,2) $100 - $200,169.07,1,0,Urban,0,Web,No E-Mail,0,0,0.0
60148,2,3) $200 - $350,308.24,1,0,Urban,1,Multichannel,No E-Mail,1,0,0.0
60174,4,3) $200 - $350,216.96,1,1,Urban,0,Web,Mens E-Mail,1,0,0.0
60195,10,3) $200 - $350,295.18,1,1,Urban,1,Multichannel,No E-Mail,0,0,0.0
60199,3,3) $200 - $350,224.54,0,1,Surburban,0,Phone,Womens E-Mail,0,0,0.0
60209,2,4) $350 - $500,447.09,1,0,Rural,1,Web,Mens E-Mail,1,0,0.0
60220,1,4) $350 - $500,443.62,0,1,Urban,0,Web,Mens E-Mail,0,0,0.0
60221,5,3) $200 - $350,309.3,1,1,Urban,0,Web,Mens E-Mail,1,0,0.0
60228,9,1) $0 - $100,29.99,1,0,Surburban,0,Web,No E-Mail,0,0,0.0
60239,2,3) $200 - $350,216.64,1,0,Urban,0,Web,Womens E-Mail,0,0,0.0
60258,1,3) $200 - $350,243.55,0,1,Rural,0,Multichannel,Mens E-Mail,0,0,0.0
60277,7,3) $200 - $350,214.23,1,0,Urban,1,Multichannel,Womens E-Mail,0,0,0.0
60285,2,3) $200 - $350,289.19,0,1,Urban,1,Web,Womens E-Mail,0,0,0.0
60286,1,5) $500 - $750,616.7,0,1,Urban,1,Multichannel,No E-Mail,1,1,50.29
60301,10,2) $100 - $200,194.71,0,1,Urban,0,Phone,No E-Mail,0,0,0.0
60312,9,1) $0 - $100,29.99,1,0,Urban,1,Phone,Mens E-Mail,0,0,0.0
60316,1,1) $0 - $100,44.69,1,0,Surburban,1,Phone,No E-Mail,0,0,0.0
60322,3,2) $100 - $200,124.73,0,1,Urban,1,Phone,No E-Mail,0,0,0.0
60325,2,"7) $1,000 +",1632.75,1,1,Urban,1,Web,Womens E-Mail,0,0,0.0
60339,1,1) $0 - $100,79.25,0,1,Rural,1,Phone,Mens E-Mail,0,0,0.0
60362,9,1) $0 - $100,78.99,0,1,Urban,1,Web,Womens E-Mail,0,0,0.0
60368,11,4) $350 - $500,406.69,1,0,Surburban,0,Phone,No E-Mail,0,0,0.0
60371,4,4) $350 - $500,440.65,1,0,Urban,1,Web,Mens E-Mail,0,0,0.0
60372,1,5) $500 - $750,605.04,1,1,Urban,1,Phone,Womens E-Mail,0,0,0.0
60375,2,1) $0 - $100,65.24,0,1,Urban,1,Web,Womens E-Mail,0,0,0.0
60382,12,2) $100 - $200,187.02,1,0,Urban,0,Web,Womens E-Mail,0,0,0.0
60389,3,2) $100 - $200,147.62,0,1,Surburban,0,Phone,Mens E-Mail,0,0,0.0
60395,3,1) $0 - $100,29.99,0,1,Urban,0,Web,Womens E-Mail,1,0,0.0
60413,5,1) $0 - $100,48.34,0,1,Rural,0,Web,No E-Mail,0,0,0.0
60438,11,1) $0 - $100,77.63,0,1,Surburban,0,Web,Mens E-Mail,0,0,0.0
60441,8,1) $0 - $100,97.22,0,1,Surburban,1,Web,Mens E-Mail,0,0,0.0
60453,11,1) $0 - $100,41.93,0,1,Surburban,1,Phone,Womens E-Mail,0,0,0.0
60461,11,2) $100 - $200,146.71,0,1,Rural,1,Phone,Womens E-Mail,1,0,0.0
60462,1,"7) $1,000 +",1168.05,1,1,Surburban,1,Multichannel,No E-Mail,0,0,0.0
60471,11,5) $500 - $750,514.2,1,0,Surburban,1,Web,Womens E-Mail,0,0,0.0
60472,1,3) $200 - $350,286.89,1,0,Urban,1,Multichannel,No E-Mail,0,0,0.0
60485,1,2) $100 - $200,178.42,1,0,Surburban,1,Web,No E-Mail,0,0,0.0
60492,9,1) $0 - $100,30.56,1,0,Urban,1,Phone,Mens E-Mail,0,0,0.0
60515,2,1) $0 - $100,84.36,1,0,Urban,1,Web,Womens E-Mail,0,0,0.0
60528,12,1) $0 - $100,79.39,1,0,Rural,0,Phone,Womens E-Mail,0,0,0.0
60531,1,2) $100 - $200,190.56,0,1,Urban,1,Phone,Womens E-Mail,0,0,0.0
60534,2,1) $0 - $100,51.35,1,0,Rural,1,Phone,Mens E-Mail,0,0,0.0
60535,9,1) $0 - $100,66.59,0,1,Rural,1,Phone,Womens E-Mail,0,0,0.0
60537,8,4) $350 - $500,400.34,1,1,Surburban,0,Multichannel,No E-Mail,0,0,0.0
60541,5,4) $350 - $500,403.76,1,1,Urban,0,Multichannel,Womens E-Mail,0,0,0.0
60569,3,1) $0 - $100,75.86,1,0,Surburban,1,Phone,No E-Mail,0,0,0.0
60572,7,2) $100 - $200,109.18,1,0,Surburban,0,Phone,Womens E-Mail,1,0,0.0
60586,9,2) $100 - $200,100.76,0,1,Urban,0,Web,Womens E-Mail,0,0,0.0
60591,8,3) $200 - $350,264.9,1,0,Surburban,0,Phone,Mens E-Mail,0,0,0.0
60593,4,3) $200 - $350,240.27,1,0,Surburban,1,Phone,No E-Mail,0,0,0.0
60603,2,3) $200 - $350,345.62,0,1,Surburban,1,Multichannel,No E-Mail,0,0,0.0
60611,10,2) $100 - $200,159.68,0,1,Urban,1,Web,Womens E-Mail,0,0,0.0
60618,8,1) $0 - $100,29.99,1,0,Rural,0,Web,No E-Mail,0,0,0.0
60631,1,2) $100 - $200,156.68,1,0,Surburban,1,Phone,Womens E-Mail,0,0,0.0
60646,1,3) $200 - $350,217.73,1,1,Surburban,1,Web,No E-Mail,0,0,0.0
60651,7,5) $500 - $750,529.99,0,1,Rural,1,Multichannel,Mens E-Mail,0,0,0.0
60653,8,2) $100 - $200,165.73,1,0,Surburban,1,Phone,No E-Mail,0,0,0.0
60655,8,2) $100 - $200,117.51,1,0,Surburban,0,Web,No E-Mail,0,0,0.0
60664,1,5) $500 - $750,597.73,0,1,Urban,1,Web,Womens E-Mail,0,0,0.0
60677,11,1) $0 - $100,74.9,0,1,Rural,0,Phone,Mens E-Mail,0,0,0.0
60692,11,1) $0 - $100,40.22,0,1,Surburban,1,Web,Womens E-Mail,0,0,0.0
60702,1,"6) $750 - $1,000",841.99,1,1,Rural,1,Phone,No E-Mail,0,0,0.0
60704,11,2) $100 - $200,140.42,0,1,Urban,1,Phone,Mens E-Mail,0,0,0.0
60708,5,4) $350 - $500,446.88,1,0,Surburban,0,Phone,Mens E-Mail,0,0,0.0
60722,9,3) $200 - $350,336.43,1,0,Surburban,0,Phone,No E-Mail,1,0,0.0
60725,10,1) $0 - $100,68.99,1,0,Urban,1,Phone,Mens E-Mail,0,0,0.0
60735,4,1) $0 - $100,32.3,1,0,Surburban,1,Phone,Womens E-Mail,0,0,0.0
60737,10,2) $100 - $200,104.76,1,0,Urban,0,Web,No E-Mail,1,0,0.0
60741,1,4) $350 - $500,387.04,0,1,Surburban,0,Web,No E-Mail,1,0,0.0
60754,11,3) $200 - $350,276.91,0,1,Surburban,1,Multichannel,Womens E-Mail,0,0,0.0
60763,8,1) $0 - $100,34.25,1,0,Urban,1,Phone,No E-Mail,1,0,0.0
60768,8,2) $100 - $200,161.08,0,1,Surburban,1,Web,Mens E-Mail,0,0,0.0
60772,7,1) $0 - $100,85.0,0,1,Urban,1,Web,Mens E-Mail,0,0,0.0
60775,3,1) $0 - $100,80.64,1,0,Surburban,0,Phone,No E-Mail,0,0,0.0
60776,1,5) $500 - $750,583.96,0,1,Urban,1,Web,Mens E-Mail,0,0,0.0
60784,4,"6) $750 - $1,000",818.49,1,1,Surburban,1,Multichannel,Mens E-Mail,0,0,0.0
60791,6,3) $200 - $350,206.6,1,0,Surburban,0,Web,Mens E-Mail,0,0,0.0
60792,1,5) $500 - $750,548.54,1,0,Urban,1,Multichannel,Mens E-Mail,0,0,0.0
60804,1,1) $0 - $100,69.22,0,1,Rural,0,Phone,No E-Mail,0,0,0.0
60820,6,1) $0 - $100,81.8,1,0,Rural,0,Web,Mens E-Mail,0,0,0.0
60832,11,2) $100 - $200,138.92,1,0,Rural,1,Web,Mens E-Mail,0,0,0.0
60836,9,3) $200 - $350,276.19,1,0,Urban,0,Web,Mens E-Mail,0,0,0.0
60841,2,4) $350 - $500,426.52,0,1,Urban,0,Web,Womens E-Mail,1,0,0.0
60851,7,3) $200 - $350,345.74,0,1,Urban,1,Phone,No E-Mail,0,0,0.0
60853,1,4) $350 - $500,451.07,1,0,Urban,0,Multichannel,Womens E-Mail,0,0,0.0
60864,2,"7) $1,000 +",1552.79,1,1,Surburban,1,Multichannel,No E-Mail,0,0,0.0
60869,9,3) $200 - $350,216.56,1,0,Surburban,0,Phone,Womens E-Mail,0,0,0.0
60880,2,3) $200 - $350,212.58,1,0,Urban,1,Multichannel,No E-Mail,0,0,0.0
60901,12,1) $0 - $100,48.24,0,1,Surburban,1,Web,Mens E-Mail,0,0,0.0
60918,3,2) $100 - $200,163.25,0,1,Surburban,0,Web,No E-Mail,0,0,0.0
60925,11,2) $100 - $200,178.16,0,1,Surburban,0,Phone,No E-Mail,0,0,0.0
60931,6,1) $0 - $100,83.71,1,0,Urban,0,Web,Mens E-Mail,0,0,0.0
60940,3,2) $100 - $200,131.61,1,0,Surburban,1,Web,Mens E-Mail,0,0,0.0
60959,8,2) $100 - $200,169.36,1,0,Surburban,1,Phone,Womens E-Mail,0,0,0.0
60986,11,1) $0 - $100,29.99,1,0,Urban,0,Phone,Womens E-Mail,0,0,0.0
60999,1,"6) $750 - $1,000",938.37,1,1,Surburban,1,Phone,Womens E-Mail,0,0,0.0
61004,5,3) $200 - $350,211.52,1,1,Surburban,0,Web,Mens E-Mail,0,0,0.0
61010,2,3) $200 - $350,289.43,1,1,Rural,0,Web,Mens E-Mail,1,0,0.0
61012,8,3) $200 - $350,230.37,0,1,Urban,1,Web,No E-Mail,0,0,0.0
61039,8,3) $200 - $350,224.82,0,1,Surburban,1,Phone,Womens E-Mail,0,0,0.0
61043,5,4) $350 - $500,413.44,0,1,Surburban,0,Phone,Mens E-Mail,0,0,0.0
61044,3,3) $200 - $350,246.55,0,1,Urban,1,Multichannel,No E-Mail,0,0,0.0
61047,7,1) $0 - $100,29.99,1,0,Surburban,1,Phone,Womens E-Mail,0,0,0.0
61059,6,3) $200 - $350,288.12,1,1,Urban,0,Web,Womens E-Mail,0,0,0.0
61060,1,5) $500 - $750,650.18,0,1,Urban,1,Multichannel,No E-Mail,0,0,0.0
61063,1,2) $100 - $200,117.45,1,0,Surburban,0,Phone,Womens E-Mail,0,0,0.0
61067,3,2) $100 - $200,191.14,1,0,Surburban,1,Web,Womens E-Mail,0,0,0.0
61072,5,2) $100 - $200,166.33,1,0,Urban,0,Web,No E-Mail,1,0,0.0
61077,9,1) $0 - $100,63.47,1,0,Urban,1,Web,No E-Mail,0,0,0.0
61125,1,3) $200 - $350,224.15,1,0,Surburban,0,Multichannel,No E-Mail,0,0,0.0
61126,1,3) $200 - $350,201.15,0,1,Urban,1,Web,No E-Mail,0,0,0.0
61151,1,3) $200 - $350,337.73,0,1,Surburban,0,Phone,Mens E-Mail,0,0,0.0
61156,2,1) $0 - $100,29.99,0,1,Surburban,1,Web,Mens E-Mail,1,0,0.0
61167,3,2) $100 - $200,176.21,0,1,Surburban,1,Web,Womens E-Mail,0,0,0.0
61168,10,1) $0 - $100,89.64,1,0,Urban,0,Web,Womens E-Mail,0,0,0.0
61180,6,2) $100 - $200,131.83,0,1,Urban,1,Web,Mens E-Mail,0,0,0.0
61184,3,4) $350 - $500,489.48,1,0,Urban,1,Multichannel,Mens E-Mail,0,0,0.0
61190,10,2) $100 - $200,145.23,1,0,Urban,0,Web,Womens E-Mail,0,0,0.0
61194,3,1) $0 - $100,59.48,0,1,Urban,0,Phone,Womens E-Mail,0,0,0.0
61214,1,4) $350 - $500,401.2,1,0,Surburban,0,Multichannel,Womens E-Mail,0,0,0.0
61225,6,1) $0 - $100,29.99,0,1,Surburban,0,Phone,Womens E-Mail,0,0,0.0
61232,10,2) $100 - $200,195.8,1,0,Urban,1,Web,No E-Mail,0,0,0.0
61241,7,2) $100 - $200,179.33,1,0,Urban,0,Web,Womens E-Mail,0,0,0.0
61248,2,2) $100 - $200,124.86,0,1,Urban,0,Phone,Womens E-Mail,0,0,0.0
61249,1,4) $350 - $500,403.77,1,0,Urban,1,Phone,Womens E-Mail,0,0,0.0
61262,10,1) $0 - $100,36.64,0,1,Surburban,1,Web,Mens E-Mail,1,0,0.0
61263,9,4) $350 - $500,388.31,1,1,Surburban,1,Web,Womens E-Mail,0,0,0.0
61270,12,2) $100 - $200,158.87,1,0,Surburban,0,Phone,Womens E-Mail,0,0,0.0
61279,4,3) $200 - $350,282.48,0,1,Surburban,1,Phone,No E-Mail,0,0,0.0
61282,2,2) $100 - $200,116.07,0,1,Urban,0,Web,No E-Mail,1,1,220.96
61317,3,1) $0 - $100,29.99,1,0,Urban,1,Phone,Mens E-Mail,0,0,0.0
61319,2,1) $0 - $100,29.99,0,1,Urban,1,Web,Womens E-Mail,0,0,0.0
61324,12,1) $0 - $100,91.57,0,1,Surburban,1,Phone,Mens E-Mail,0,0,0.0
61349,9,1) $0 - $100,35.26,1,0,Rural,0,Phone,No E-Mail,0,0,0.0
61356,1,4) $350 - $500,399.6,1,0,Surburban,0,Web,Mens E-Mail,1,0,0.0
61364,6,1) $0 - $100,32.18,1,0,Urban,1,Phone,Womens E-Mail,0,0,0.0
61375,10,1) $0 - $100,34.43,1,0,Urban,1,Web,Mens E-Mail,0,0,0.0
61394,10,1) $0 - $100,65.29,1,0,Rural,0,Web,No E-Mail,0,0,0.0
61399,2,5) $500 - $750,644.47,1,0,Urban,1,Multichannel,No E-Mail,0,0,0.0
61401,2,4) $350 - $500,377.49,1,0,Urban,0,Phone,Womens E-Mail,0,0,0.0
61404,10,2) $100 - $200,107.18,1,0,Surburban,1,Web,No E-Mail,0,0,0.0
61405,1,2) $100 - $200,172.98,1,0,Surburban,0,Web,Mens E-Mail,0,0,0.0
61421,6,3) $200 - $350,247.15,1,0,Urban,1,Phone,Mens E-Mail,0,0,0.0
61434,4,1) $0 - $100,96.91,1,0,Surburban,1,Web,No E-Mail,0,0,0.0
61450,8,1) $0 - $100,29.99,1,0,Surburban,1,Phone,No E-Mail,0,0,0.0
61452,10,1) $0 - $100,83.72,1,0,Surburban,0,Phone,Womens E-Mail,0,0,0.0
61459,6,1) $0 - $100,47.15,0,1,Urban,1,Web,Mens E-Mail,0,0,0.0
61482,9,3) $200 - $350,294.22,1,0,Urban,0,Web,No E-Mail,0,0,0.0
61492,8,1) $0 - $100,29.99,0,1,Urban,1,Web,Mens E-Mail,0,0,0.0
61500,1,5) $500 - $750,686.11,1,1,Rural,1,Phone,Womens E-Mail,0,0,0.0
61501,4,2) $100 - $200,105.59,0,1,Urban,0,Web,Womens E-Mail,0,0,0.0
61513,4,3) $200 - $350,333.9,1,0,Urban,1,Multichannel,Mens E-Mail,0,0,0.0
61520,2,2) $100 - $200,136.51,0,1,Rural,1,Web,Mens E-Mail,0,0,0.0
61529,10,3) $200 - $350,226.52,1,0,Surburban,0,Web,No E-Mail,0,0,0.0
61532,4,2) $100 - $200,110.67,1,0,Surburban,0,Web,No E-Mail,0,0,0.0
61544,4,2) $100 - $200,151.63,1,0,Rural,1,Web,No E-Mail,1,0,0.0
61547,6,2) $100 - $200,176.98,0,1,Urban,1,Phone,No E-Mail,0,0,0.0
61560,10,3) $200 - $350,283.19,1,0,Surburban,1,Phone,No E-Mail,0,0,0.0
61580,7,1) $0 - $100,91.66,1,0,Surburban,0,Web,Womens E-Mail,0,0,0.0
61592,7,3) $200 - $350,314.42,0,1,Surburban,0,Web,Womens E-Mail,0,0,0.0
61593,2,1) $0 - $100,32.16,0,1,Surburban,1,Phone,Mens E-Mail,0,0,0.0
61605,1,1) $0 - $100,29.99,0,1,Urban,1,Web,No E-Mail,0,0,0.0
61618,7,1) $0 - $100,29.99,1,0,Surburban,1,Web,Mens E-Mail,0,0,0.0
61624,8,2) $100 - $200,130.89,1,0,Urban,0,Web,No E-Mail,0,0,0.0
61634,3,1) $0 - $100,29.99,0,1,Surburban,0,Web,Mens E-Mail,1,0,0.0
61638,4,2) $100 - $200,139.49,0,1,Surburban,1,Web,Womens E-Mail,0,0,0.0
61640,6,1) $0 - $100,29.99,1,0,Urban,1,Web,No E-Mail,0,0,0.0
61652,2,1) $0 - $100,29.99,1,0,Urban,0,Web,Mens E-Mail,0,0,0.0
61653,11,1) $0 - $100,29.99,1,0,Surburban,1,Phone,Womens E-Mail,0,0,0.0
61661,2,"6) $750 - $1,000",862.86,1,1,Surburban,1,Multichannel,No E-Mail,0,0,0.0
61670,1,2) $100 - $200,169.18,1,0,Urban,1,Web,Womens E-Mail,0,0,0.0
61678,10,4) $350 - $500,353.56,1,0,Urban,1,Web,Mens E-Mail,0,0,0.0
61680,11,1) $0 - $100,45.99,0,1,Surburban,1,Web,Mens E-Mail,0,0,0.0
61683,1,1) $0 - $100,79.13,1,0,Surburban,1,Web,Womens E-Mail,0,0,0.0
61690,1,2) $100 - $200,100.71,1,0,Surburban,0,Phone,Mens E-Mail,0,0,0.0
61692,1,2) $100 - $200,125.81,0,1,Surburban,0,Phone,Mens E-Mail,0,0,0.0
61699,1,2) $100 - $200,153.99,0,1,Surburban,0,Web,No E-Mail,0,0,0.0
61700,9,2) $100 - $200,123.83,0,1,Urban,0,Web,No E-Mail,0,0,0.0
61710,3,3) $200 - $350,288.51,0,1,Surburban,0,Web,No E-Mail,0,0,0.0
61714,2,3) $200 - $350,335.48,0,1,Surburban,0,Web,No E-Mail,0,0,0.0
61770,3,1) $0 - $100,37.38,1,0,Surburban,0,Web,Mens E-Mail,0,0,0.0
61772,8,1) $0 - $100,42.78,0,1,Rural,1,Web,Womens E-Mail,1,0,0.0
61797,10,5) $500 - $750,638.24,1,1,Surburban,1,Multichannel,No E-Mail,0,0,0.0
61818,1,1) $0 - $100,29.99,1,0,Urban,0,Web,Womens E-Mail,0,0,0.0
61825,2,5) $500 - $750,699.0,1,1,Surburban,1,Web,Womens E-Mail,0,0,0.0
61848,3,1) $0 - $100,29.99,0,1,Urban,1,Web,Mens E-Mail,0,0,0.0
61859,4,1) $0 - $100,52.23,1,0,Rural,1,Web,Mens E-Mail,0,0,0.0
61880,10,1) $0 - $100,52.14,0,1,Rural,0,Phone,No E-Mail,0,0,0.0
61885,1,3) $200 - $350,263.86,1,0,Urban,1,Web,Mens E-Mail,0,0,0.0
61900,6,3) $200 - $350,294.17,1,0,Surburban,1,Web,Mens E-Mail,0,0,0.0
61913,10,3) $200 - $350,316.53,1,0,Urban,0,Phone,No E-Mail,0,0,0.0
61918,12,1) $0 - $100,29.99,1,0,Urban,0,Web,Mens E-Mail,0,0,0.0
61925,5,2) $100 - $200,100.68,1,0,Surburban,1,Phone,Womens E-Mail,0,0,0.0
61926,1,2) $100 - $200,188.02,1,0,Surburban,0,Phone,Womens E-Mail,0,0,0.0
61948,8,1) $0 - $100,58.47,1,0,Urban,1,Phone,Womens E-Mail,0,0,0.0
61976,3,4) $350 - $500,430.63,1,1,Urban,0,Multichannel,Mens E-Mail,0,0,0.0
61988,3,5) $500 - $750,597.89,1,1,Surburban,1,Multichannel,Mens E-Mail,0,0,0.0
61995,10,1) $0 - $100,29.99,0,1,Surburban,1,Web,Mens E-Mail,0,0,0.0
62015,10,2) $100 - $200,149.38,1,0,Urban,0,Phone,Mens E-Mail,0,0,0.0
62017,11,1) $0 - $100,29.99,1,0,Urban,1,Phone,No E-Mail,0,0,0.0
62032,1,1) $0 - $100,55.42,1,0,Surburban,1,Web,Womens E-Mail,0,0,0.0
62036,1,1) $0 - $100,42.84,1,0,Urban,0,Phone,No E-Mail,0,0,0.0
62059,3,1) $0 - $100,56.0,1,0,Surburban,1,Phone,Mens E-Mail,1,0,0.0
62084,11,3) $200 - $350,227.98,1,0,Urban,0,Phone,Womens E-Mail,0,0,0.0
62085,3,1) $0 - $100,29.99,0,1,Surburban,1,Phone,Womens E-Mail,1,0,0.0
62123,12,1) $0 - $100,79.15,0,1,Surburban,0,Web,No E-Mail,0,0,0.0
62144,11,1) $0 - $100,29.99,0,1,Rural,1,Web,Mens E-Mail,1,0,0.0
62153,8,1) $0 - $100,89.98,0,1,Surburban,1,Web,Mens E-Mail,0,0,0.0
62164,1,2) $100 - $200,136.59,1,0,Urban,1,Web,Womens E-Mail,0,0,0.0
62176,6,2) $100 - $200,107.65,0,1,Surburban,1,Web,Womens E-Mail,0,0,0.0
62182,4,5) $500 - $750,746.79,1,1,Urban,1,Multichannel,No E-Mail,0,0,0.0
62184,1,1) $0 - $100,29.99,0,1,Surburban,0,Phone,Mens E-Mail,0,0,0.0
62188,3,5) $500 - $750,502.1,1,1,Rural,1,Phone,No E-Mail,1,0,0.0
62196,11,3) $200 - $350,323.52,1,0,Surburban,0,Web,Womens E-Mail,0,0,0.0
62210,5,3) $200 - $350,288.1,1,0,Surburban,0,Phone,Womens E-Mail,0,0,0.0
62215,8,2) $100 - $200,194.31,1,0,Urban,0,Phone,Womens E-Mail,0,0,0.0
62224,2,3) $200 - $350,218.91,1,0,Surburban,1,Phone,Womens E-Mail,0,0,0.0
62229,6,1) $0 - $100,74.22,1,0,Urban,1,Web,No E-Mail,0,0,0.0
62230,1,2) $100 - $200,119.94,0,1,Surburban,1,Phone,Mens E-Mail,0,0,0.0
62233,10,1) $0 - $100,46.06,0,1,Surburban,0,Web,Womens E-Mail,0,0,0.0
62245,7,2) $100 - $200,145.43,0,1,Surburban,0,Phone,Womens E-Mail,0,0,0.0
62251,4,2) $100 - $200,187.41,0,1,Surburban,1,Web,Mens E-Mail,1,0,0.0
62275,4,4) $350 - $500,366.87,0,1,Surburban,1,Multichannel,No E-Mail,0,0,0.0
62290,1,2) $100 - $200,130.98,1,0,Rural,1,Phone,Womens E-Mail,0,0,0.0
62292,2,4) $350 - $500,419.33,1,0,Rural,0,Web,Mens E-Mail,0,0,0.0
62297,3,2) $100 - $200,152.03,1,0,Rural,0,Web,Mens E-Mail,1,0,0.0
62303,10,1) $0 - $100,51.24,1,0,Surburban,0,Web,No E-Mail,0,0,0.0
62323,5,1) $0 - $100,76.57,1,0,Surburban,1,Phone,No E-Mail,0,0,0.0
62325,10,1) $0 - $100,47.33,1,0,Surburban,1,Phone,Mens E-Mail,0,0,0.0
62345,12,1) $0 - $100,29.99,1,0,Urban,1,Web,Womens E-Mail,0,0,0.0
62352,5,1) $0 - $100,29.99,1,0,Surburban,1,Web,Mens E-Mail,0,0,0.0
62355,1,"6) $750 - $1,000",948.48,1,1,Rural,1,Phone,No E-Mail,1,0,0.0
62361,2,4) $350 - $500,492.87,1,1,Urban,1,Phone,Mens E-Mail,0,0,0.0
62374,4,3) $200 - $350,239.93,0,1,Urban,0,Phone,No E-Mail,0,0,0.0
62383,7,1) $0 - $100,29.99,1,0,Rural,0,Phone,Womens E-Mail,0,0,0.0
62384,6,1) $0 - $100,53.27,1,0,Urban,1,Web,Mens E-Mail,0,0,0.0
62385,11,4) $350 - $500,379.9,1,0,Urban,0,Phone,No E-Mail,0,0,0.0
62391,6,2) $100 - $200,135.12,0,1,Surburban,0,Phone,Womens E-Mail,0,0,0.0
62412,2,1) $0 - $100,29.99,0,1,Surburban,1,Web,Womens E-Mail,0,0,0.0
62415,3,"6) $750 - $1,000",762.14,1,0,Urban,1,Multichannel,No E-Mail,1,0,0.0
62438,1,"7) $1,000 +",1138.56,1,1,Rural,1,Multichannel,Womens E-Mail,0,0,0.0
62444,2,1) $0 - $100,78.8,0,1,Surburban,1,Phone,Womens E-Mail,0,0,0.0
62447,6,1) $0 - $100,29.99,0,1,Surburban,1,Web,Womens E-Mail,0,0,0.0
62475,4,3) $200 - $350,284.92,0,1,Urban,0,Phone,Womens E-Mail,0,0,0.0
62498,9,2) $100 - $200,148.61,1,0,Rural,1,Phone,No E-Mail,0,0,0.0
62504,2,3) $200 - $350,289.96,1,1,Urban,0,Multichannel,Mens E-Mail,1,1,79.91
62520,6,4) $350 - $500,478.39,1,0,Surburban,0,Multichannel,Womens E-Mail,0,0,0.0
62532,2,1) $0 - $100,72.86,1,0,Urban,1,Phone,No E-Mail,0,0,0.0
62567,10,2) $100 - $200,129.49,1,0,Surburban,1,Phone,Mens E-Mail,0,0,0.0
62584,10,1) $0 - $100,44.55,0,1,Surburban,0,Phone,Mens E-Mail,0,0,0.0
62597,12,1) $0 - $100,31.27,0,1,Surburban,1,Web,Mens E-Mail,0,0,0.0
62602,11,1) $0 - $100,68.75,0,1,Rural,1,Phone,No E-Mail,0,0,0.0
62608,7,1) $0 - $100,75.9,1,0,Urban,1,Web,Mens E-Mail,0,0,0.0
62632,2,3) $200 - $350,254.82,0,1,Urban,0,Phone,Womens E-Mail,0,0,0.0
62651,9,1) $0 - $100,63.63,1,0,Urban,1,Phone,No E-Mail,0,0,0.0
62695,5,1) $0 - $100,70.66,1,0,Surburban,0,Phone,Womens E-Mail,0,0,0.0
62698,9,2) $100 - $200,132.61,1,0,Urban,1,Phone,Mens E-Mail,0,0,0.0
62704,3,5) $500 - $750,540.71,1,1,Surburban,1,Phone,Mens E-Mail,1,0,0.0
62715,5,3) $200 - $350,325.85,0,1,Surburban,1,Multichannel,Womens E-Mail,0,0,0.0
62718,11,3) $200 - $350,228.24,0,1,Rural,0,Multichannel,Mens E-Mail,0,0,0.0
62734,2,4) $350 - $500,357.04,0,1,Surburban,0,Multichannel,No E-Mail,0,0,0.0
62741,5,1) $0 - $100,29.99,1,0,Surburban,1,Web,Mens E-Mail,1,0,0.0
62744,10,1) $0 - $100,53.89,0,1,Rural,0,Web,No E-Mail,0,0,0.0
62749,6,3) $200 - $350,217.44,1,0,Urban,0,Multichannel,Womens E-Mail,0,0,0.0
62753,2,1) $0 - $100,53.75,1,0,Surburban,0,Web,No E-Mail,0,0,0.0
62762,7,2) $100 - $200,127.03,1,0,Surburban,1,Web,Mens E-Mail,0,0,0.0
62766,11,2) $100 - $200,156.04,0,1,Surburban,0,Phone,No E-Mail,0,0,0.0
62786,2,4) $350 - $500,361.8,0,1,Urban,0,Web,Womens E-Mail,1,0,0.0
62788,2,1) $0 - $100,29.99,0,1,Urban,0,Web,Womens E-Mail,0,0,0.0
62810,1,"6) $750 - $1,000",952.5,1,1,Rural,1,Phone,Mens E-Mail,1,0,0.0
62812,2,4) $350 - $500,385.04,1,1,Surburban,0,Multichannel,No E-Mail,0,0,0.0
62859,7,3) $200 - $350,243.47,1,0,Urban,1,Web,Mens E-Mail,0,0,0.0
62865,7,4) $350 - $500,471.53,0,1,Surburban,1,Web,No E-Mail,0,0,0.0
62902,3,4) $350 - $500,366.6,1,0,Surburban,0,Phone,Mens E-Mail,0,0,0.0
62910,8,2) $100 - $200,192.46,1,0,Urban,1,Web,Womens E-Mail,0,0,0.0
62912,6,3) $200 - $350,290.89,0,1,Surburban,0,Multichannel,No E-Mail,0,0,0.0
62915,2,3) $200 - $350,223.66,1,1,Surburban,0,Phone,Womens E-Mail,0,0,0.0
62917,4,4) $350 - $500,408.53,1,1,Rural,0,Multichannel,Mens E-Mail,0,0,0.0
62920,9,1) $0 - $100,49.21,0,1,Urban,1,Phone,No E-Mail,0,0,0.0
62943,6,1) $0 - $100,62.36,1,0,Surburban,0,Web,No E-Mail,0,0,0.0
62957,1,"7) $1,000 +",1570.2,1,1,Urban,1,Multichannel,Mens E-Mail,0,0,0.0
62960,2,1) $0 - $100,29.99,1,0,Surburban,0,Phone,Mens E-Mail,0,0,0.0
62975,2,4) $350 - $500,411.08,1,0,Surburban,1,Multichannel,Mens E-Mail,0,0,0.0
62990,1,5) $500 - $750,693.07,1,1,Urban,1,Phone,Mens E-Mail,0,0,0.0
63016,8,2) $100 - $200,174.76,1,0,Urban,0,Phone,Womens E-Mail,0,0,0.0
63018,7,1) $0 - $100,31.54,1,0,Surburban,1,Web,No E-Mail,0,0,0.0
63024,6,4) $350 - $500,404.35,1,0,Urban,1,Multichannel,Mens E-Mail,0,0,0.0
63065,9,1) $0 - $100,84.17,1,0,Urban,0,Phone,Womens E-Mail,0,0,0.0
63091,8,1) $0 - $100,84.31,1,0,Urban,0,Phone,Mens E-Mail,0,0,0.0
63103,11,2) $100 - $200,108.44,1,0,Surburban,1,Phone,Mens E-Mail,0,0,0.0
63110,10,"6) $750 - $1,000",788.51,1,0,Surburban,1,Web,Mens E-Mail,0,0,0.0
63113,11,3) $200 - $350,344.4,0,1,Surburban,0,Web,Womens E-Mail,1,0,0.0
63114,3,2) $100 - $200,123.61,0,1,Urban,1,Phone,No E-Mail,0,0,0.0
63118,8,2) $100 - $200,148.09,1,0,Urban,0,Phone,No E-Mail,0,0,0.0
63133,7,2) $100 - $200,129.47,1,0,Surburban,0,Phone,Mens E-Mail,0,0,0.0
63145,10,3) $200 - $350,256.84,0,1,Surburban,0,Multichannel,No E-Mail,0,0,0.0
63166,2,3) $200 - $350,228.28,0,1,Surburban,0,Web,Mens E-Mail,0,0,0.0
63171,2,1) $0 - $100,52.37,0,1,Surburban,1,Web,Womens E-Mail,1,0,0.0
63172,2,1) $0 - $100,52.53,1,0,Urban,1,Phone,No E-Mail,0,0,0.0
63210,11,2) $100 - $200,149.29,0,1,Surburban,1,Web,No E-Mail,0,0,0.0
63214,12,1) $0 - $100,29.99,0,1,Surburban,0,Web,No E-Mail,0,0,0.0
63231,8,2) $100 - $200,174.31,1,0,Surburban,0,Phone,No E-Mail,1,0,0.0
63237,5,2) $100 - $200,118.33,1,0,Surburban,1,Web,No E-Mail,0,0,0.0
63249,8,1) $0 - $100,42.53,1,0,Urban,0,Phone,Mens E-Mail,0,0,0.0
63261,7,1) $0 - $100,58.84,0,1,Urban,0,Phone,Mens E-Mail,0,0,0.0
63266,11,2) $100 - $200,136.75,1,0,Rural,1,Web,Womens E-Mail,0,0,0.0
63274,3,1) $0 - $100,87.87,0,1,Rural,0,Phone,No E-Mail,0,0,0.0
63282,2,"7) $1,000 +",1200.44,0,1,Surburban,1,Multichannel,Mens E-Mail,0,0,0.0
63288,10,3) $200 - $350,278.38,1,0,Urban,0,Phone,Womens E-Mail,0,0,0.0
63294,8,1) $0 - $100,68.21,0,1,Surburban,1,Phone,Womens E-Mail,0,0,0.0
63296,3,3) $200 - $350,211.73,0,1,Rural,0,Phone,Womens E-Mail,0,0,0.0
63308,6,2) $100 - $200,170.89,0,1,Surburban,1,Web,Mens E-Mail,0,0,0.0
63323,12,2) $100 - $200,109.21,0,1,Surburban,0,Phone,No E-Mail,0,0,0.0
63324,10,3) $200 - $350,344.21,1,1,Surburban,0,Web,Womens E-Mail,0,0,0.0
63336,4,2) $100 - $200,151.91,0,1,Urban,0,Web,Mens E-Mail,0,0,0.0
63366,6,3) $200 - $350,252.13,1,0,Urban,1,Phone,Womens E-Mail,0,0,0.0
63384,9,3) $200 - $350,282.6,0,1,Surburban,1,Phone,Womens E-Mail,0,0,0.0
63412,9,3) $200 - $350,296.43,1,0,Surburban,1,Web,No E-Mail,0,0,0.0
63414,2,3) $200 - $350,292.04,0,1,Urban,0,Phone,Mens E-Mail,0,0,0.0
63421,6,1) $0 - $100,67.97,0,1,Urban,1,Phone,Mens E-Mail,0,0,0.0
63425,3,"7) $1,000 +",1521.26,1,0,Urban,1,Multichannel,Mens E-Mail,1,0,0.0
63431,4,3) $200 - $350,268.8,0,1,Urban,0,Multichannel,No E-Mail,0,0,0.0
63444,4,4) $350 - $500,362.08,0,1,Surburban,0,Web,Womens E-Mail,0,0,0.0
63478,5,3) $200 - $350,307.98,1,1,Surburban,0,Multichannel,No E-Mail,0,0,0.0
63498,8,5) $500 - $750,557.68,0,1,Urban,1,Web,Mens E-Mail,0,0,0.0
63511,7,1) $0 - $100,86.1,0,1,Urban,1,Phone,No E-Mail,0,0,0.0
63512,2,2) $100 - $200,188.86,0,1,Rural,0,Phone,Womens E-Mail,0,0,0.0
63529,4,1) $0 - $100,29.99,1,0,Urban,0,Phone,Womens E-Mail,0,0,0.0
63531,9,2) $100 - $200,116.45,0,1,Urban,1,Phone,Womens E-Mail,0,0,0.0
63536,1,4) $350 - $500,363.06,1,1,Surburban,0,Multichannel,Mens E-Mail,1,0,0.0
63541,5,1) $0 - $100,70.26,1,0,Urban,0,Web,Mens E-Mail,0,0,0.0
63546,7,3) $200 - $350,268.86,0,1,Surburban,0,Phone,No E-Mail,1,0,0.0
63547,3,3) $200 - $350,219.52,1,0,Urban,0,Phone,Mens E-Mail,0,0,0.0
63554,1,2) $100 - $200,188.96,0,1,Surburban,0,Phone,Womens E-Mail,0,0,0.0
63556,6,"6) $750 - $1,000",913.91,1,0,Urban,1,Phone,Womens E-Mail,0,0,0.0
63570,2,2) $100 - $200,182.18,1,0,Urban,0,Web,Womens E-Mail,0,0,0.0
63578,1,1) $0 - $100,74.86,0,1,Urban,0,Web,Mens E-Mail,0,0,0.0
63590,12,1) $0 - $100,29.99,1,0,Urban,0,Web,No E-Mail,1,0,0.0
63595,4,1) $0 - $100,55.19,0,1,Surburban,1,Phone,Mens E-Mail,1,0,0.0
63599,9,3) $200 - $350,227.44,1,1,Urban,1,Phone,No E-Mail,0,0,0.0
63610,8,3) $200 - $350,216.08,0,1,Urban,0,Web,No E-Mail,0,0,0.0
63642,6,3) $200 - $350,312.8,1,0,Rural,1,Web,Womens E-Mail,0,0,0.0
63644,5,4) $350 - $500,362.47,1,1,Surburban,0,Phone,Mens E-Mail,0,0,0.0
63648,5,3) $200 - $350,282.12,1,0,Urban,0,Multichannel,No E-Mail,0,0,0.0
63658,3,3) $200 - $350,227.34,0,1,Urban,1,Web,Womens E-Mail,0,0,0.0
63668,10,4) $350 - $500,379.58,1,0,Urban,0,Web,Womens E-Mail,1,0,0.0
63671,1,3) $200 - $350,218.08,0,1,Urban,0,Web,No E-Mail,0,0,0.0
63674,11,3) $200 - $350,271.56,1,0,Surburban,0,Web,Mens E-Mail,0,0,0.0
63692,6,1) $0 - $100,40.26,1,0,Urban,1,Phone,No E-Mail,0,0,0.0
63703,12,1) $0 - $100,71.14,0,1,Urban,0,Phone,Mens E-Mail,0,0,0.0
63706,4,3) $200 - $350,221.95,1,0,Urban,1,Phone,Womens E-Mail,0,0,0.0
63720,5,1) $0 - $100,29.99,0,1,Urban,0,Web,No E-Mail,0,0,0.0
63729,11,4) $350 - $500,390.03,0,1,Surburban,0,Web,Womens E-Mail,0,0,0.0
63757,1,1) $0 - $100,41.8,0,1,Surburban,0,Web,No E-Mail,0,0,0.0
63765,9,4) $350 - $500,482.48,1,0,Urban,0,Web,Womens E-Mail,0,0,0.0
63769,5,5) $500 - $750,702.74,1,0,Urban,1,Multichannel,Mens E-Mail,0,0,0.0
63784,4,1) $0 - $100,57.69,1,0,Surburban,0,Web,Mens E-Mail,0,0,0.0
63790,3,3) $200 - $350,320.12,0,1,Surburban,0,Multichannel,No E-Mail,0,0,0.0
63798,3,2) $100 - $200,115.15,0,1,Surburban,0,Web,Womens E-Mail,0,0,0.0
63803,8,"6) $750 - $1,000",883.6,1,0,Surburban,1,Multichannel,Mens E-Mail,0,0,0.0
63805,1,4) $350 - $500,435.15,1,1,Surburban,0,Phone,No E-Mail,0,0,0.0
63823,7,3) $200 - $350,315.68,1,0,Surburban,0,Web,No E-Mail,0,0,0.0
63829,10,2) $100 - $200,149.02,0,1,Surburban,1,Web,No E-Mail,0,0,0.0
63845,6,3) $200 - $350,216.32,0,1,Surburban,1,Multichannel,Womens E-Mail,0,0,0.0
63865,12,3) $200 - $350,270.02,1,0,Surburban,0,Web,Womens E-Mail,0,0,0.0
63868,10,3) $200 - $350,237.16,1,0,Urban,1,Phone,Womens E-Mail,0,0,0.0
63879,10,1) $0 - $100,34.88,0,1,Urban,1,Phone,Womens E-Mail,0,0,0.0
63884,1,3) $200 - $350,239.7,1,1,Urban,1,Web,Womens E-Mail,1,1,154.2
63888,10,1) $0 - $100,46.87,1,0,Surburban,1,Phone,Mens E-Mail,0,0,0.0
63897,1,4) $350 - $500,391.46,0,1,Urban,1,Phone,Womens E-Mail,1,0,0.0
63901,9,4) $350 - $500,453.36,1,0,Urban,0,Multichannel,Womens E-Mail,0,0,0.0
63907,4,3) $200 - $350,311.63,0,1,Urban,0,Multichannel,No E-Mail,0,0,0.0
63909,9,1) $0 - $100,29.99,0,1,Surburban,1,Phone,Womens E-Mail,0,0,0.0
63932,2,1) $0 - $100,29.99,1,0,Surburban,0,Web,No E-Mail,0,0,0.0
63937,10,4) $350 - $500,442.52,0,1,Surburban,0,Multichannel,Mens E-Mail,1,0,0.0
63939,1,"7) $1,000 +",1005.57,1,0,Urban,1,Phone,Womens E-Mail,0,0,0.0
63975,8,1) $0 - $100,73.65,0,1,Surburban,0,Phone,Mens E-Mail,0,0,0.0
63982,4,2) $100 - $200,125.53,0,1,Rural,1,Phone,No E-Mail,0,0,0.0
63987,9,1) $0 - $100,35.26,0,1,Urban,1,Web,Womens E-Mail,0,0,0.0
