ID,LIMIT_BAL,SEX,EDUCATION,MARRIAGE,AGE,PAY_0,PAY_2,PAY_3,PAY_4,PAY_5,PAY_6,BILL_AMT1,BILL_AMT2,BILL_AMT3,BILL_AMT4,BILL_AMT5,BILL_AMT6,PAY_AMT1,PAY_AMT2,PAY_AMT3,PAY_AMT4,PAY_AMT5,PAY_AMT6,default_payment_next_month
18,320000.0,1,1,1,49,0,0,0,-1,-1,-1,253286.0,246536.0,194663.0,70074.0,5856.0,195599.0,10358.0,10000.0,75940.0,20000.0,195599.0,50000.0,0
21,130000.0,2,3,2,39,0,0,0,0,0,-1,38358.0,27688.0,24489.0,20616.0,11802.0,930.0,3000.0,1537.0,1000.0,2000.0,930.0,33764.0,0
25,90000.0,1,1,2,23,0,0,0,-1,0,0,4744.0,7070.0,0.0,5398.0,6360.0,8292.0,5757.0,0.0,5398.0,1200.0,2045.0,2000.0,0
31,230000.0,2,1,2,27,-1,-1,-1,-1,-1,-1,16646.0,17265.0,13266.0,15339.0,14307.0,36923.0,17270.0,13281.0,15339.0,14307.0,37292.0,0.0,0
45,40000.0,2,1,2,30,0,0,0,2,0,0,18927.0,21295.0,25921.0,25209.0,26636.0,29197.0,3000.0,5000.0,0.0,2000.0,3000.0,0.0,0
57,180000.0,2,3,1,34,0,0,0,-1,-1,-1,16386.0,15793.0,8441.0,7142.0,-679.0,8321.0,8500.0,1500.0,7500.0,679.0,9000.0,2000.0,0
73,200000.0,2,2,1,32,-1,-1,-1,-1,2,-1,9076.0,5787.0,-684.0,5247.0,3848.0,3151.0,5818.0,15.0,9102.0,17.0,3165.0,1395.0,0
75,340000.0,1,1,2,32,-1,-1,-1,-1,-1,-1,3048.0,5550.0,23337.0,4291.0,80153.0,25820.0,5713.0,23453.0,4314.0,80552.0,25949.0,2016.0,0
77,50000.0,1,3,2,25,-1,0,0,0,0,0,42838.0,37225.0,36087.0,9636.0,9590.0,10030.0,1759.0,1779.0,320.0,500.0,1000.0,1000.0,0
89,130000.0,2,1,1,35,0,0,0,-1,-1,-1,81313.0,117866.0,17740.0,1330.0,7095.0,1190.0,40000.0,5000.0,1330.0,7095.0,1190.0,2090.0,0
92,280000.0,2,1,2,39,-1,-1,-1,0,0,-2,7524.0,0.0,3968.0,3868.0,0.0,0.0,0.0,3968.0,0.0,0.0,0.0,0.0,0
94,160000.0,2,2,1,37,-1,-1,-1,-1,-1,-2,880.0,1602.0,840.0,840.0,0.0,0.0,1602.0,840.0,840.0,0.0,0.0,7736.0,0
96,90000.0,1,2,2,35,0,0,0,0,0,0,83725.0,85996.0,87653.0,35565.0,30942.0,30835.0,3621.0,3597.0,1179.0,1112.0,1104.0,1143.0,0
99,50000.0,2,3,1,22,0,0,0,0,0,0,18722.0,18160.0,16997.0,13150.0,8866.0,7899.0,1411.0,1194.0,379.0,281.0,321.0,197.0,0
103,480000.0,1,1,1,63,0,0,0,2,2,0,422069.0,431342.0,479432.0,487066.0,471145.0,469961.0,16078.0,55693.0,17000.0,0.0,18000.0,24200.0,0
104,50000.0,2,3,2,22,0,0,0,0,0,0,44698.0,42254.0,38347.0,32496.0,23477.0,24094.0,1767.0,1362.0,1002.0,840.0,995.0,904.0,1
110,360000.0,1,2,1,35,1,-2,-2,-2,-2,-2,-103.0,-103.0,-103.0,-103.0,-103.0,-103.0,0.0,0.0,0.0,0.0,0.0,0.0,0
114,100000.0,2,1,2,24,0,0,0,0,0,0,52128.0,52692.0,54477.0,56076.0,60100.0,59713.0,2000.0,2677.0,3076.0,5080.0,3000.0,2033.0,0
115,50000.0,1,2,2,41,0,0,0,0,0,0,19015.0,19294.0,20259.0,20274.0,20311.0,19957.0,1340.0,1305.0,700.0,718.0,724.0,684.0,0
116,30000.0,1,1,2,24,-1,2,0,0,3,2,18199.0,17618.0,18631.0,21319.0,20692.0,21201.0,0.0,1312.0,3000.0,0.0,1000.0,1000.0,1
119,400000.0,1,2,1,34,-1,-1,-1,-1,-1,-1,19660.0,9666.0,11867.0,7839.0,14837.0,7959.0,9677.0,11867.0,7839.0,14837.0,7959.0,5712.0,0
126,20000.0,1,2,2,23,1,-2,-2,-2,-2,-2,0.0,0.0,0.0,0.0,0.0,0.0,0.0,0.0,0.0,0.0,0.0,0.0,0
135,30000.0,2,2,2,22,0,0,0,0,0,0,28452.0,26145.0,26712.0,25350.0,17603.0,-780.0,2000.0,1400.0,0.0,500.0,0.0,1560.0,0
144,170000.0,1,2,2,29,-2,-2,-2,-2,-2,-2,12159.0,10000.0,10000.0,10000.0,9983.0,15846.0,10000.0,10000.0,10000.0,9983.0,15863.0,10000.0,0
148,200000.0,1,1,2,34,1,2,0,0,0,0,197236.0,176192.0,93069.0,135668.0,132233.0,59875.0,8000.0,5000.0,55500.0,5000.0,5000.0,8500.0,0
149,80000.0,2,2,1,23,1,2,3,2,0,0,9168.0,10522.0,10205.0,9898.0,10123.0,12034.0,1650.0,0.0,0.0,379.0,2091.0,1.0,0
160,50000.0,1,3,1,57,3,2,0,0,0,0,12854.0,12362.0,13447.0,13427.0,13711.0,14083.0,0.0,1600.0,500.0,500.0,600.0,600.0,0
161,30000.0,1,1,2,41,2,2,2,2,2,0,24357.0,27453.0,26718.0,28168.0,27579.0,28321.0,3500.0,0.0,2200.0,0.0,1200.0,1250.0,0
183,500000.0,2,1,1,47,0,0,0,0,0,0,56422.0,110616.0,110340.0,122967.0,108834.0,70064.0,70010.0,30357.0,30000.0,20000.0,52183.0,20000.0,0
191,310000.0,1,1,2,32,0,0,0,0,0,0,59901.0,62147.0,62102.0,65875.0,60387.0,43328.0,10020.0,6031.0,10057.0,5028.0,5060.0,4223.0,0
193,180000.0,2,1,2,29,-1,-1,-1,-2,-1,0,11386.0,199.0,0.0,0.0,17227.0,17042.0,199.0,0.0,0.0,17227.0,341.0,5114.0,0
195,50000.0,1,2,1,36,0,0,0,0,-1,-1,47790.0,18114.0,18250.0,-14.0,72.0,658.0,2000.0,1000.0,2000.0,500.0,1000.0,20011.0,0
199,500000.0,2,1,1,34,-2,-2,-2,-1,-1,-1,412.0,138.0,2299.0,1251.0,1206.0,1151.0,138.0,2299.0,1251.0,1206.0,1151.0,15816.0,0
203,140000.0,2,1,2,26,-1,0,-1,-1,-1,-1,13424.0,18000.0,13001.0,5818.0,13506.0,487.0,10000.0,13001.0,5841.0,13506.0,487.0,7004.0,0
215,470000.0,1,2,2,27,2,2,2,2,0,0,296573.0,303320.0,307843.0,479978.0,305145.0,309959.0,13000.0,11001.0,0.0,10484.0,10838.0,10367.0,0
219,110000.0,2,3,0,31,0,0,0,0,0,0,89989.0,84229.0,79288.0,73315.0,63818.0,63208.0,4000.0,5000.0,3000.0,3000.0,3000.0,8954.0,0
220,310000.0,2,1,2,38,-1,-1,-1,-1,-2,-2,1424.0,4542.0,126.0,0.0,0.0,0.0,4542.0,126.0,0.0,0.0,0.0,0.0,0
227,350000.0,1,3,1,44,-1,-1,-1,-1,-1,-2,3265.0,2686.0,1864.0,569.0,0.0,0.0,2686.0,1864.0,569.0,0.0,0.0,0.0,0
242,50000.0,1,1,2,39,0,0,0,0,0,0,47174.0,47974.0,48630.0,50803.0,30789.0,15874.0,1800.0,2000.0,3000.0,2000.0,2000.0,2000.0,0
244,180000.0,2,1,2,32,-1,-1,2,2,-1,-1,3139.0,5853.0,2821.0,0.0,2821.0,0.0,2821.0,0.0,0.0,2821.0,0.0,176.0,0
245,30000.0,2,1,2,40,-1,-1,2,2,2,2,142.0,215.0,139.0,19.0,19.0,79.0,355.0,120.0,0.0,0.0,60.0,60.0,0
246,20000.0,2,2,2,40,0,0,0,0,0,-2,19816.0,20396.0,20102.0,19575.0,0.0,0.0,1601.0,2203.0,2114.0,0.0,0.0,0.0,0
249,330000.0,1,1,2,25,0,0,0,0,2,0,46140.0,45781.0,48139.0,51137.0,39450.0,25358.0,2504.0,4007.0,5056.0,74.0,1023.0,2566.0,0
251,50000.0,2,2,2,26,1,2,2,0,0,0,50867.0,51486.0,48869.0,30115.0,29527.0,29998.0,1710.0,136.0,1206.0,2002.0,2005.0,3003.0,0
264,230000.0,2,1,2,37,-2,-2,-2,-2,-2,-2,2283.0,50815.0,0.0,0.0,299.0,338.0,51315.0,0.0,0.0,299.0,338.0,0.0,0
266,150000.0,2,2,1,25,-1,-1,-2,-1,-1,-1,6156.0,0.0,0.0,316.0,316.0,316.0,0.0,0.0,316.0,316.0,316.0,316.0,0
278,50000.0,2,1,2,26,-1,-1,-1,-1,-1,-1,1156.0,316.0,316.0,316.0,316.0,316.0,316.0,316.0,316.0,316.0,316.0,316.0,0
285,230000.0,2,3,1,32,0,0,0,0,0,0,195126.0,88743.0,92195.0,94814.0,98182.0,98457.0,5000.0,5000.0,5000.0,5000.0,4000.0,5000.0,0
290,240000.0,2,2,1,46,0,0,0,0,0,0,8751.0,9900.0,10605.0,10765.0,11765.0,4311.0,1295.0,1000.0,1000.0,1000.0,1000.0,1000.0,0
300,300000.0,1,1,2,34,1,-2,-1,0,-1,-1,0.0,0.0,13001.0,12601.0,19595.0,203.0,0.0,13001.0,0.0,19595.0,203.0,0.0,1
301,100000.0,1,2,2,37,0,0,0,0,0,0,99209.0,98222.0,67185.0,66926.0,66796.0,64513.0,3490.0,2332.0,2314.0,2365.0,2497.0,2305.0,0
302,440000.0,2,1,2,36,-2,-2,-2,-2,-2,-2,0.0,0.0,0.0,0.0,0.0,0.0,0.0,0.0,0.0,0.0,162000.0,0.0,0
315,100000.0,1,1,2,27,0,0,0,0,0,0,55734.0,52557.0,33415.0,28776.0,17580.0,6441.0,1631.0,1286.0,200.0,645.0,909.0,200.0,0
321,110000.0,1,2,2,29,1,2,2,0,0,0,58362.0,56598.0,51908.0,48647.0,47862.0,47969.0,2500.0,0.0,2000.0,2000.0,1854.0,2000.0,1
324,230000.0,2,2,1,28,0,0,0,-2,-1,-1,26361.0,18826.0,1100.0,2100.0,767.0,6173.0,1710.0,1100.0,1000.0,767.0,6173.0,1000.0,1
330,150000.0,1,1,1,40,2,2,2,2,2,2,99855.0,102586.0,100064.0,104975.0,107147.0,109428.0,5200.0,0.0,8100.0,4000.0,4200.0,4200.0,0
331,200000.0,2,2,1,37,1,-1,2,-1,-1,-1,-179.0,505.0,189.0,6773.0,23209.0,16893.0,1000.0,0.0,6900.0,24000.0,17000.0,2500.0,1
335,20000.0,1,1,2,27,0,0,0,0,0,0,20571.0,19089.0,19658.0,19453.0,19108.0,18868.0,1323.0,1600.0,830.0,700.0,674.0,376.0,0
336,190000.0,2,1,2,28,0,0,0,0,0,0,143464.0,146943.0,151905.0,153538.0,156664.0,160361.0,5795.0,7408.0,5645.0,5753.0,6370.0,5865.0,0
340,120000.0,2,1,2,34,-1,-1,0,-1,-1,-1,882.0,6531.0,6313.0,1100.0,1330.0,830.0,6900.0,5037.0,1100.0,1330.0,3800.0,2037.0,0
344,180000.0,1,1,1,39,0,0,-1,0,0,-1,274731.0,281713.0,242063.0,122295.0,-1005.0,1005.0,11000.0,145000.0,26000.0,0.0,101005.0,1898.0,0
346,160000.0,2,1,2,29,-1,-1,-2,-1,0,0,3097.0,-707.0,-2697.0,2303.0,6182.0,1654.0,0.0,0.0,5000.0,5000.0,1500.0,13000.0,0
355,50000.0,1,3,1,58,2,2,2,0,0,2,15899.0,18720.0,18122.0,18530.0,19089.0,18856.0,3400.0,0.0,1000.0,1001.0,634.0,638.0,0
358,380000.0,1,2,2,34,0,0,0,0,0,0,194314.0,179206.0,193992.0,174675.0,171253.0,169121.0,9010.0,35000.0,5000.0,6000.0,5000.0,4400.0,0
360,260000.0,1,1,1,34,-1,-1,-1,-1,-1,-1,49657.0,291.0,51058.0,2351.0,34039.0,291.0,291.0,51058.0,35696.0,34039.0,291.0,291.0,0
369,300000.0,1,1,1,40,1,-2,-2,-2,-2,-2,0.0,0.0,0.0,0.0,0.0,0.0,0.0,0.0,0.0,0.0,0.0,0.0,0
372,160000.0,1,1,2,30,-1,-1,-1,-1,-1,-1,99.0,2977.0,15086.0,8578.0,13028.0,21712.0,2977.0,15086.0,9123.0,13028.0,29712.0,50000.0,0
376,30000.0,1,3,1,58,0,0,0,0,0,0,19143.0,20168.0,21229.0,21495.0,21800.0,22437.0,1640.0,1700.0,915.0,800.0,1000.0,1961.0,0
384,170000.0,2,2,2,28,-1,0,0,2,0,0,2948.0,3848.0,5646.0,5464.0,5577.0,5889.0,1105.0,1903.0,0.0,296.0,500.0,95.0,1
393,310000.0,1,2,1,44,0,0,0,0,0,0,103797.0,91989.0,87720.0,76218.0,72090.0,71620.0,4400.0,4013.0,3011.0,3000.0,3001.0,2653.0,0
407,120000.0,2,2,1,25,0,0,0,-2,-2,-2,26476.0,21393.0,0.0,0.0,0.0,0.0,6000.0,0.0,0.0,0.0,0.0,0.0,0
415,480000.0,2,3,1,41,-2,-2,-2,-2,-2,-2,14867.0,26665.0,199960.0,9033.0,19371.0,22593.0,26734.0,199982.0,9033.0,19371.0,22593.0,2000.0,0
417,200000.0,2,1,2,31,-2,-2,-2,-2,-2,-2,7184.0,14845.0,1097.0,0.0,0.0,160.0,17507.0,1102.0,0.0,0.0,160.0,1103.0,0
420,260000.0,2,1,2,36,1,-2,-2,-2,-2,-2,0.0,0.0,0.0,0.0,0.0,0.0,0.0,0.0,0.0,0.0,0.0,0.0,1
426,80000.0,2,2,1,32,-1,-1,-2,-2,-2,-2,11262.0,0.0,0.0,0.0,0.0,0.0,0.0,0.0,0.0,0.0,0.0,0.0,0
439,50000.0,2,1,1,25,0,0,0,0,0,0,51044.0,50231.0,46677.0,44982.0,21399.0,20859.0,2500.0,3008.0,1000.0,761.0,800.0,704.0,0
442,100000.0,1,1,2,32,0,0,0,0,2,2,83831.0,85586.0,87289.0,91451.0,93381.0,89522.0,4000.0,4037.0,6500.0,3500.0,0.0,3200.0,0
478,70000.0,2,2,1,37,0,0,0,2,0,0,66759.0,68200.0,72972.0,71248.0,50610.0,50809.0,2518.0,5950.0,0.0,1782.0,1985.0,2700.0,0
481,250000.0,2,2,1,40,0,0,0,0,-1,2,44930.0,137101.0,90801.0,0.0,1069.0,919.0,120041.0,4435.0,0.0,1069.0,0.0,67619.0,0
483,70000.0,2,2,2,28,0,0,0,0,-1,2,41264.0,41799.0,37887.0,37876.0,6736.0,4162.0,2112.0,1200.0,758.0,6736.0,0.0,0.0,0
488,320000.0,1,2,1,39,0,0,0,0,0,0,93768.0,91523.0,91579.0,91193.0,92837.0,95323.0,3317.0,3506.0,4218.0,5000.0,6080.0,938.0,0
489,220000.0,2,2,1,36,-1,-1,-1,0,-1,-1,396.0,1648.0,792.0,396.0,396.0,396.0,1648.0,792.0,0.0,396.0,396.0,792.0,1
492,30000.0,2,2,1,43,2,2,2,2,2,0,28703.0,26622.0,24022.0,24368.0,20859.0,19633.0,1300.0,2.0,1608.0,0.0,900.0,800.0,0
494,170000.0,2,2,2,28,0,0,-1,-1,-2,-2,28304.0,17616.0,308.0,0.0,0.0,0.0,4000.0,308.0,0.0,0.0,0.0,0.0,0
502,90000.0,2,2,1,35,1,2,2,2,2,2,23132.0,22474.0,28067.0,27320.0,31199.0,30548.0,0.0,6000.0,0.0,4500.0,0.0,2000.0,0
514,50000.0,1,2,2,23,2,2,2,2,2,2,29509.0,30741.0,31438.0,31924.0,32566.0,33081.0,2000.0,1500.0,1300.0,1300.0,1200.0,1500.0,1
525,210000.0,2,1,2,32,0,0,0,0,0,0,67374.0,69489.0,70937.0,71761.0,73505.0,74827.0,3200.0,3200.0,2600.0,2900.0,2700.0,3000.0,0
530,20000.0,2,2,2,21,-1,-1,2,2,-1,-1,18763.0,14410.0,13771.0,362.0,5308.0,0.0,14410.0,0.0,28.0,22073.0,0.0,0.0,0
542,150000.0,2,1,2,28,1,-2,-2,-2,-2,-1,0.0,0.0,0.0,0.0,0.0,318.0,0.0,0.0,0.0,0.0,318.0,0.0,0
548,160000.0,2,2,2,25,-2,-2,-2,-2,-2,-2,0.0,0.0,0.0,0.0,0.0,0.0,0.0,0.0,0.0,0.0,0.0,0.0,0
549,230000.0,2,1,2,28,-1,-1,0,0,0,0,2403.0,7357.0,9752.0,12608.0,10797.0,20539.0,7357.0,2566.0,3000.0,1000.0,10000.0,2000.0,0
557,160000.0,2,1,1,33,-2,-2,-2,-2,-2,-2,5233.0,5393.0,1824.0,350.0,150.0,199.0,5401.0,1829.0,350.0,150.0,199.0,1145.0,0
560,210000.0,2,3,1,53,0,0,0,0,0,0,57192.0,58472.0,59658.0,60466.0,61593.0,65163.0,2800.0,2753.0,2400.0,2255.0,4767.0,0.0,0
588,210000.0,1,3,2,25,-1,-1,2,-1,-1,-1,8817.0,23634.0,21776.0,9631.0,1561.0,1990.0,23776.0,0.0,9631.0,1561.0,1990.0,7967.0,1
589,130000.0,2,2,2,29,0,0,0,0,0,0,131575.0,130931.0,132969.0,45584.0,46516.0,47455.0,6700.0,6000.0,1291.0,1319.0,1336.0,1365.0,0
594,80000.0,1,2,1,32,0,0,0,0,0,0,48747.0,45955.0,44989.0,41358.0,42379.0,38052.0,2145.0,1844.0,2009.0,5017.0,2000.0,5002.0,0
601,310000.0,2,2,1,43,0,0,0,0,0,0,23396.0,24182.0,25135.0,25095.0,25356.0,25514.0,1426.0,1379.0,867.0,898.0,933.0,807.0,0
612,360000.0,2,1,2,29,0,0,-2,-2,-2,-1,3280.0,0.0,0.0,0.0,0.0,2650.0,0.0,0.0,0.0,0.0,2650.0,0.0,1
622,180000.0,2,2,2,28,-1,-1,-1,-1,-1,-1,340.0,-120.0,420.0,460.0,460.0,610.0,0.0,1000.0,500.0,460.0,610.0,460.0,0
633,20000.0,2,3,1,25,0,0,0,0,0,-2,16591.0,16442.0,6401.0,4300.0,1304.0,0.0,1155.0,1000.0,0.0,1304.0,0.0,0.0,0
635,110000.0,1,3,1,56,0,0,0,0,0,0,46486.0,35758.0,34323.0,30452.0,22628.0,23468.0,4086.0,1428.0,1318.0,2171.0,3198.0,4976.0,0
648,80000.0,2,2,2,24,0,0,0,0,0,0,77615.0,77303.0,66396.0,55639.0,56873.0,58390.0,3100.0,2586.0,2000.0,2500.0,3000.0,2500.0,0
655,10000.0,1,2,2,33,0,0,0,0,0,0,8177.0,9131.0,9669.0,7624.0,8049.0,6857.0,2500.0,1145.0,1000.0,1000.0,1000.0,1500.0,0
671,30000.0,2,2,2,34,2,-1,2,2,2,2,99568.0,32326.0,31840.0,37075.0,37662.0,36904.0,33000.0,33000.0,5810.0,1325.0,0.0,3095.0,0
673,100000.0,2,1,2,28,2,0,0,0,0,0,96193.0,82342.0,81967.0,82177.0,78840.0,79261.0,3600.0,3800.0,3000.0,3000.0,3023.0,3000.0,1
675,320000.0,2,1,1,41,0,0,0,0,0,0,97797.0,99672.0,101953.0,102284.0,104090.0,105859.0,4520.0,5050.0,3590.0,3700.0,3750.0,3510.0,0
676,90000.0,1,3,2,42,2,2,2,2,2,2,64762.0,63164.0,32789.0,31641.0,29240.0,28306.0,0.0,2900.0,0.0,2500.0,0.0,1300.0,1
687,20000.0,2,3,1,41,-1,-1,-1,0,0,0,780.0,0.0,732.0,642.0,1252.0,643.0,0.0,732.0,300.0,1000.0,500.0,1000.0,1
688,170000.0,2,2,2,27,0,0,0,0,0,0,162671.0,166202.0,161973.0,167201.0,161327.0,171863.0,7500.0,6000.0,10000.0,7000.0,16000.0,6200.0,0
693,200000.0,2,2,1,29,2,0,0,0,0,0,159398.0,156955.0,132144.0,119136.0,122211.0,125021.0,6163.0,4530.0,4500.0,5000.0,5000.0,5000.0,1
699,280000.0,1,1,1,41,-2,-2,-2,-2,-1,0,28026.0,41302.0,51500.0,35752.0,3955.0,13969.0,41346.0,52110.0,35752.0,3955.0,13939.0,4437.0,0
707,50000.0,1,2,1,38,1,2,0,0,0,0,58102.0,59011.0,56272.0,53663.0,51507.0,50616.0,2500.0,2500.0,2000.0,2000.0,3200.0,2000.0,0
726,10000.0,1,2,1,45,0,0,0,2,0,0,7139.0,8416.0,9815.0,9508.0,9754.0,10192.0,1400.0,1700.0,0.0,400.0,600.0,200.0,1
731,50000.0,2,3,2,26,0,0,0,0,0,0,9935.0,11029.0,12795.0,9983.0,10884.0,7666.0,1234.0,2000.0,297.0,1000.0,307.0,361.0,0
734,160000.0,2,1,1,37,-1,-1,-1,-1,-1,-1,316.0,316.0,0.0,316.0,632.0,0.0,316.0,0.0,316.0,632.0,0.0,316.0,0
740,80000.0,2,2,2,25,2,0,0,2,0,0,17330.0,19258.0,23416.0,22768.0,23243.0,23718.0,3000.0,4790.0,0.0,816.0,833.0,2000.0,1
741,170000.0,2,2,1,33,0,0,0,0,0,0,109863.0,79574.0,78440.0,80141.0,81862.0,84237.0,4380.0,3000.0,3000.0,3000.0,4000.0,4500.0,0
743,140000.0,2,1,1,51,0,0,0,0,0,0,56764.0,57950.0,57668.0,55024.0,55883.0,55744.0,2115.0,2004.0,1941.0,2073.0,1909.0,2132.0,0
746,170000.0,1,3,2,38,0,0,0,0,0,0,21310.0,22957.0,24266.0,25556.0,29949.0,34434.0,2000.0,2000.0,2000.0,5000.0,5000.0,5000.0,0
747,50000.0,2,2,1,34,0,0,0,0,0,0,10821.0,11877.0,13656.0,14949.0,16567.0,16826.0,1221.0,2000.0,1500.0,2000.0,2000.0,4000.0,0
751,50000.0,2,2,1,26,1,-2,-1,0,0,0,0.0,0.0,1756.0,2719.0,4049.0,5176.0,0.0,1756.0,1000.0,1537.0,1200.0,2000.0,0
753,50000.0,1,2,2,26,0,0,0,0,0,0,48036.0,46787.0,42011.0,19147.0,2845.0,20041.0,2100.0,1227.0,383.0,2000.0,20000.0,649.0,1
759,420000.0,2,2,2,31,0,0,0,0,-1,-1,25103.0,21330.0,16024.0,9603.0,2131.0,64507.0,1509.0,1067.0,3061.0,2210.0,64524.0,2324.0,0
768,210000.0,2,1,2,28,-1,-1,-1,0,0,0,11442.0,3738.0,7526.0,10217.0,11737.0,8114.0,3738.0,7526.0,5000.0,5000.0,162.0,27760.0,0
769,220000.0,1,2,1,40,-1,-1,-2,-2,-2,-2,158.0,0.0,0.0,0.0,0.0,612.0,0.0,0.0,0.0,0.0,612.0,1863.0,0
770,200000.0,2,1,1,35,-2,-2,-2,-2,-2,-2,2257.0,4261.0,1265.0,2473.0,0.0,0.0,4266.0,1667.0,2473.0,0.0,0.0,0.0,0
774,120000.0,2,2,1,32,0,0,0,0,0,0,113869.0,116110.0,111978.0,112822.0,114969.0,117949.0,5498.0,5500.0,4000.0,4300.0,5012.0,4003.0,0
775,50000.0,2,1,2,33,-1,2,-1,-1,-1,-2,7363.0,5180.0,31902.0,11044.0,0.0,0.0,39.0,32013.0,11079.0,0.0,0.0,0.0,0
788,230000.0,2,1,1,35,-1,-1,-1,-1,0,0,2648.0,191.0,1947.0,11674.0,16160.0,32519.0,200.0,1950.0,11692.0,10000.0,20000.0,6000.0,0
791,30000.0,2,2,2,51,1,2,2,0,0,0,25382.0,26480.0,25761.0,25964.0,26507.0,27249.0,1800.0,0.0,928.0,960.0,1181.0,967.0,0
798,50000.0,2,1,2,22,0,0,0,-1,-1,-2,13801.0,9549.0,5385.0,7781.0,0.0,0.0,1372.0,1275.0,7900.0,0.0,0.0,0.0,0
801,400000.0,1,1,2,37,-1,-1,-1,-1,-2,-1,385.0,12695.0,1290.0,0.0,0.0,3058.0,13032.0,1290.0,0.0,0.0,3058.0,3768.0,0
803,50000.0,2,3,1,44,-1,-1,-1,-1,0,0,2000.0,780.0,0.0,7472.0,10174.0,11104.0,780.0,0.0,7472.0,3000.0,1104.0,1000.0,0
806,300000.0,2,1,1,36,0,0,0,0,-2,-1,25239.0,25001.0,20800.0,0.0,0.0,65755.0,1713.0,1000.0,0.0,0.0,65755.0,3000.0,0
812,700000.0,2,1,1,39,0,0,0,0,-2,-1,99259.0,102345.0,109636.0,326.0,2016.0,61707.0,5000.0,10000.0,326.0,2016.0,61707.0,17785.0,0
822,50000.0,2,2,2,24,1,2,0,0,0,0,48861.0,48082.0,48614.0,26667.0,26036.0,26850.0,2000.0,2233.0,1083.0,1100.0,1400.0,3000.0,1
829,200000.0,2,2,1,58,-1,-1,-1,-1,-2,-1,3035.0,199602.0,720.0,0.0,0.0,1500.0,199646.0,720.0,0.0,0.0,1500.0,185652.0,0
833,470000.0,2,2,1,27,0,0,0,0,-1,0,152478.0,62084.0,54551.0,14363.0,97440.0,90717.0,3001.0,4005.0,2021.0,97441.0,5001.0,5001.0,1
836,30000.0,2,3,2,53,-1,-1,-1,-1,-1,-1,1598.0,2487.0,0.0,4810.0,2796.0,3245.0,2487.0,0.0,4810.0,2796.0,3245.0,7305.0,1
837,80000.0,2,2,2,23,2,2,2,2,2,2,22895.0,23837.0,24253.0,24562.0,25126.0,25476.0,1600.0,1100.0,1000.0,1100.0,906.0,0.0,0
842,350000.0,2,2,1,31,0,0,0,0,0,0,67648.0,68557.0,63179.0,57987.0,53948.0,39965.0,3039.0,2047.0,1750.0,1703.0,1721.0,784.0,0
845,500000.0,1,3,1,39,0,0,0,0,0,0,315201.0,332071.0,375070.0,354839.0,369532.0,367399.0,25000.0,50000.0,20000.0,19586.0,14122.0,12022.0,0
847,300000.0,2,2,1,34,-2,-2,-2,-2,-2,-2,205064.0,-86.0,-86.0,2014.0,-185.0,1815.0,0.0,0.0,2100.0,0.0,2000.0,5000.0,0
852,30000.0,1,2,2,32,1,2,2,0,0,0,29095.0,30819.0,29214.0,29478.0,23384.0,22428.0,2500.0,0.0,910.0,1000.0,1000.0,1000.0,0
873,500000.0,2,3,1,38,-2,-2,-2,-2,-2,-2,13655.0,8351.0,2340.0,2340.0,11435.0,189.0,8351.0,2340.0,2340.0,11435.0,189.0,5391.0,0
874,180000.0,1,1,1,45,-1,-1,-1,-1,-1,-1,4453.0,3310.0,7226.0,5060.0,2832.0,1890.0,3310.0,7228.0,5060.0,2832.0,1890.0,2576.0,0
885,50000.0,1,3,2,55,0,0,0,0,0,0,51737.0,27121.0,28103.0,28814.0,29261.0,29878.0,2930.0,1447.0,1158.0,1041.0,1082.0,994.0,1
891,150000.0,2,3,1,34,-1,-1,-1,-1,-1,-1,772.0,337.0,618.0,150.0,150.0,377.0,340.0,618.0,150.0,150.0,227.0,0.0,0
909,50000.0,1,1,2,27,0,0,0,0,0,0,7010.0,9876.0,11115.0,12915.0,14415.0,0.0,3000.0,1500.0,2000.0,2000.0,0.0,0.0,0
912,500000.0,1,1,2,32,-1,0,0,0,0,0,386405.0,387910.0,293177.0,274539.0,253443.0,253671.0,25016.0,20018.0,10000.0,79377.0,52778.0,10000.0,0
927,20000.0,1,2,1,46,0,0,0,0,0,0,5902.0,6767.0,8145.0,8153.0,8324.0,8490.0,1122.0,1500.0,291.0,302.0,304.0,319.0,0
935,50000.0,2,2,1,36,0,0,0,0,0,0,16906.0,17645.0,18478.0,10279.0,10646.0,10776.0,1314.0,1147.0,348.0,512.0,435.0,190.0,0
938,240000.0,1,1,2,34,1,2,-1,-1,0,-1,11874.0,5979.0,6938.0,41858.0,10416.0,1711.0,0.0,6938.0,41877.0,0.0,1711.0,27162.0,0
947,240000.0,2,2,1,37,0,0,0,0,0,0,219099.0,217058.0,187841.0,186140.0,191678.0,191816.0,8131.0,8123.0,6700.0,10000.0,7700.0,6000.0,0
950,160000.0,2,3,1,51,-1,2,-1,-1,-1,-1,2000.0,1000.0,2125.0,2125.0,1000.0,2125.0,0.0,2125.0,2125.0,1000.0,2125.0,23250.0,0
952,80000.0,2,2,1,32,0,0,0,0,0,0,81074.0,78262.0,76163.0,76813.0,77511.0,79069.0,3700.0,3400.0,2900.0,2900.0,2841.0,3100.0,0
955,110000.0,2,2,1,46,-1,-1,-1,-1,-1,0,2410.0,2151.0,2161.0,1719.0,107591.0,107940.0,2151.0,2161.0,1719.0,107591.0,5000.0,3500.0,0
957,210000.0,2,2,2,30,0,0,0,0,0,0,21780.0,20974.0,18652.0,13464.0,109722.0,105573.0,1325.0,1074.0,1000.0,99000.0,3745.0,4000.0,0
965,50000.0,1,2,2,24,0,0,-1,-1,0,0,14937.0,12171.0,3847.0,11117.0,6479.0,6187.0,3027.0,3858.0,11139.0,3009.0,3016.0,3008.0,0
966,500000.0,1,1,1,36,0,0,0,0,0,0,294827.0,292920.0,291760.0,288024.0,274632.0,266669.0,20007.0,20026.0,20020.0,10017.0,15024.0,10002.0,0
973,180000.0,2,3,1,39,2,2,2,2,2,0,10159.0,12689.0,12183.0,13979.0,13621.0,14809.0,2710.0,0.0,2000.0,0.0,2000.0,2000.0,1
976,50000.0,2,2,2,22,0,0,0,0,0,0,49609.0,61162.0,31485.0,15281.0,18031.0,18233.0,2100.0,2000.0,4000.0,3000.0,1500.0,1000.0,0
982,30000.0,1,2,2,29,8,7,6,5,4,3,34423.0,33952.0,33165.0,32391.0,31332.0,30558.0,0.0,0.0,0.0,0.0,0.0,0.0,0
983,500000.0,1,1,2,36,-2,-2,-2,-2,-2,-2,45106.0,81264.0,18122.0,27229.0,21462.0,27911.0,81690.0,18225.0,27365.0,21570.0,28050.0,17397.0,1
986,130000.0,1,3,2,43,1,-1,-1,-2,-1,-1,1018.0,6377.0,-2.0,935.0,4985.0,1212.0,6433.0,2.0,937.0,4990.0,1215.0,9546.0,1
994,360000.0,2,1,2,25,0,0,0,0,0,-2,279846.0,169426.0,68810.0,12800.0,0.0,0.0,7004.0,1793.0,2757.0,0.0,0.0,0.0,1
1001,100000.0,1,2,1,29,0,0,0,0,-1,-1,94453.0,95860.0,67782.0,-2618.0,95748.0,101299.0,3320.0,5000.0,0.0,100000.0,7186.0,0.0,0
1003,90000.0,2,2,1,40,-1,-1,-1,-1,-1,-1,4989.0,-818.0,1114.0,657.0,1332.0,780.0,0.0,2806.0,2256.0,2274.0,780.0,0.0,0
1004,360000.0,1,1,2,36,1,-2,-2,-2,-2,-2,0.0,0.0,0.0,0.0,0.0,0.0,0.0,0.0,0.0,0.0,0.0,0.0,1
1011,280000.0,1,1,2,31,0,0,0,0,0,2,164736.0,170564.0,150666.0,133465.0,133536.0,132964.0,8833.0,12005.0,5000.0,8000.0,3000.0,5000.0,0
1014,80000.0,1,2,2,36,0,0,0,0,0,0,79148.0,52174.0,44275.0,42029.0,33838.0,29757.0,2000.0,2000.0,1500.0,1500.0,2000.0,1500.0,0
1020,180000.0,2,3,0,45,-1,-1,-2,-2,-2,-2,4148.0,0.0,0.0,0.0,0.0,0.0,0.0,0.0,0.0,0.0,0.0,0.0,0
1027,300000.0,1,2,2,31,0,0,0,-1,-1,-1,62198.0,35674.0,34979.0,510.0,2166.0,765.0,1600.0,2600.0,510.0,903.0,765.0,773.0,0
1028,450000.0,2,1,2,41,-1,-1,-1,-1,-1,-1,11343.0,75083.0,25273.0,85357.0,27745.0,1990.0,75459.0,25413.0,85784.0,27856.0,2000.0,1900.0,0
1029,200000.0,1,1,2,33,1,-1,-1,0,-1,-1,-5.0,3465.0,3191.0,1873.0,90687.0,4577.0,3470.0,3191.0,0.0,90729.0,0.0,6266.0,0
1030,30000.0,2,2,1,67,2,2,0,0,2,2,30374.0,29038.0,27737.0,29499.0,30124.0,26855.0,0.0,1500.0,2182.0,1200.0,0.0,2302.0,1
1031,400000.0,2,1,1,40,-1,-1,-1,0,0,-1,1107.0,3891.0,120338.0,8318.0,8488.0,130.0,3891.0,120407.0,0.0,170.0,130.0,8595.0,0
1041,20000.0,1,2,2,26,-1,-1,-2,-2,-2,-2,70.0,-620.0,-620.0,-1400.0,0.0,0.0,0.0,0.0,0.0,1400.0,0.0,0.0,0
1051,110000.0,1,2,2,31,2,2,3,3,2,-1,279.0,279.0,279.0,279.0,129.0,179.0,0.0,0.0,0.0,0.0,200.0,0.0,0
1059,80000.0,2,3,1,67,0,0,0,0,0,-1,20255.0,18885.0,21529.0,29236.0,10662.0,2408.0,6000.0,5002.0,10662.0,2.0,2408.0,11662.0,0
1062,50000.0,1,2,1,49,0,0,0,0,0,0,10750.0,8755.0,8684.0,5983.0,4252.0,5034.0,1507.0,3109.0,2209.0,2000.0,2500.0,3000.0,0
1064,300000.0,1,1,1,42,0,0,0,0,0,0,120151.0,89618.0,47857.0,48128.0,50332.0,23688.0,4229.0,5024.0,6012.0,5191.0,12139.0,110247.0,0
1068,240000.0,1,2,2,43,-1,-1,-1,-1,-1,-1,291.0,291.0,291.0,291.0,291.0,291.0,291.0,291.0,291.0,291.0,291.0,291.0,1
1069,200000.0,1,1,2,40,-1,-1,-1,-1,-1,-1,2159.0,760.0,2775.0,22813.0,10526.0,326.0,1086.0,2775.0,22813.0,10526.0,326.0,573.0,0
1073,350000.0,1,1,2,33,-1,-1,-1,-1,-1,-1,148341.0,8095.0,15047.0,3220.0,20461.0,3249.0,8405.0,15052.0,3805.0,20467.0,3253.0,27168.0,0
1076,100000.0,1,3,2,47,0,0,0,0,0,0,94925.0,95130.0,60003.0,38500.0,4681.0,76728.0,3889.0,2412.0,1698.0,679.0,72809.0,2748.0,0
1077,500000.0,1,1,2,27,0,0,0,0,0,0,204198.0,201648.0,197549.0,192093.0,187726.0,183860.0,7434.0,6342.0,5276.0,5271.0,5778.0,5029.0,0
1082,10000.0,1,2,1,32,1,2,2,2,2,2,8425.0,8148.0,9481.0,9180.0,10052.0,10091.0,0.0,1632.0,0.0,1022.0,350.0,0.0,0
1085,80000.0,2,2,2,23,-1,0,0,0,0,0,57314.0,58489.0,50452.0,51573.0,49061.0,33931.0,2145.0,2000.0,2012.0,2049.0,2008.0,1217.0,0
1094,360000.0,1,2,1,41,1,-2,-2,-2,-2,-2,0.0,0.0,0.0,0.0,0.0,0.0,0.0,0.0,0.0,0.0,0.0,0.0,1
1098,170000.0,1,1,1,42,1,-2,-2,-2,-2,-1,0.0,0.0,0.0,0.0,0.0,2485.0,0.0,0.0,0.0,0.0,2485.0,7797.0,0
1100,110000.0,1,1,1,50,0,0,0,0,0,0,36802.0,38210.0,40259.0,41585.0,42913.0,44197.0,2000.0,3000.0,2000.0,2000.0,2000.0,2000.0,0
1107,200000.0,2,1,1,41,-2,-2,-2,-2,-2,-2,7812.0,0.0,0.0,1115.0,0.0,0.0,0.0,0.0,1115.0,0.0,0.0,0.0,0
1108,120000.0,2,2,1,47,-1,-1,-1,-1,-1,-1,1188.0,2512.0,3444.0,1742.0,502.0,346.0,2512.0,3444.0,1742.0,502.0,346.0,325.0,0
1111,110000.0,1,2,2,29,1,2,2,2,0,0,83687.0,85360.0,86274.0,84001.0,85897.0,88759.0,3900.0,3200.0,0.0,3400.0,4500.0,2600.0,0
1121,200000.0,2,2,2,40,2,0,0,0,0,0,176502.0,176297.0,162826.0,160186.0,161965.0,152361.0,8000.0,7300.0,6000.0,6000.0,6000.0,6000.0,1
1125,100000.0,2,2,2,29,-2,-1,0,0,0,0,75912.0,85276.0,88498.0,90289.0,92485.0,95630.0,10000.0,4000.0,2600.0,3000.0,4000.0,5000.0,0
1130,50000.0,2,2,2,23,0,0,0,2,2,2,47053.0,47835.0,51109.0,51713.0,52738.0,48789.0,1842.0,4116.0,2000.0,1950.0,0.0,1885.0,1
1134,50000.0,2,2,1,36,2,2,2,0,0,2,45159.0,49125.0,47956.0,43578.0,35126.0,34420.0,4700.0,0.0,2004.0,3500.0,0.0,1000.0,0
1138,50000.0,1,2,1,41,0,0,0,0,0,0,19339.0,20424.0,20086.0,18600.0,19153.0,19289.0,1703.0,1306.0,810.0,1000.0,900.0,900.0,0
1142,30000.0,2,1,2,25,0,0,2,0,0,2,19801.0,20449.0,19798.0,20217.0,21435.0,19239.0,3000.0,0.0,700.0,1500.0,0.0,323.0,0
1143,200000.0,2,1,1,39,-1,0,-1,0,0,0,8432.0,6977.0,6727.0,6864.0,5253.0,3388.0,3746.0,6737.0,2013.0,10.0,20.0,10901.0,0
1150,50000.0,1,2,1,52,-1,2,0,0,0,0,2072.0,1532.0,3106.0,2721.0,780.0,0.0,0.0,2000.0,5.0,0.0,0.0,0.0,0
1152,280000.0,1,1,2,30,1,2,2,0,0,0,191493.0,187913.0,169223.0,153063.0,133490.0,130377.0,1000.0,7600.0,5949.0,6000.0,5200.0,5117.0,0
1155,20000.0,1,3,1,47,1,2,0,0,0,2,19739.0,19137.0,19857.0,15422.0,19279.0,9537.0,0.0,1200.0,0.0,9537.0,0.0,0.0,0
1156,350000.0,2,2,1,29,-1,-1,-1,-1,-1,-1,8760.0,5882.0,9845.0,4677.0,5767.0,6532.0,5932.0,9908.0,4692.0,5787.0,6548.0,4863.0,0
1163,180000.0,2,2,1,36,0,0,0,-2,-1,0,21494.0,25600.0,0.0,0.0,36565.0,37353.0,5000.0,0.0,0.0,36565.0,1548.0,1000.0,0
1184,200000.0,2,1,2,29,0,0,0,0,0,0,194241.0,193425.0,196537.0,195268.0,192829.0,192499.0,12000.0,8500.0,7000.0,10000.0,10000.0,10000.0,0
1192,250000.0,1,1,2,38,-2,-2,-2,-2,-2,-2,584.0,3291.0,8660.0,7495.0,1120.0,62.0,3307.0,8703.0,7532.0,1125.0,62.0,7718.0,0
1194,200000.0,1,1,1,37,0,0,0,0,0,0,123337.0,11148.0,19165.0,21171.0,17762.0,23670.0,11202.0,19275.0,22304.0,23850.0,23784.0,84430.0,0
1200,360000.0,1,1,1,36,-2,-1,-1,-1,-2,-2,0.0,394.0,11142.0,0.0,0.0,0.0,394.0,11253.0,0.0,0.0,0.0,0.0,0
1201,120000.0,2,3,1,40,0,0,0,0,0,0,108300.0,108538.0,94833.0,49078.0,40643.0,4200.0,5000.0,4121.0,2000.0,2000.0,2000.0,96583.0,0
1206,210000.0,2,2,1,29,0,0,0,0,0,0,209807.0,123664.0,51353.0,43485.0,44784.0,45685.0,5088.0,2000.0,1600.0,2000.0,1800.0,1807.0,1
1210,20000.0,1,3,1,23,-1,-1,0,0,0,0,3675.0,19316.0,19844.0,19844.0,20388.0,19554.0,19316.0,1261.0,651.0,803.0,747.0,155.0,1
1211,210000.0,2,1,1,37,0,0,0,0,0,0,211749.0,205947.0,201848.0,168664.0,172013.0,175557.0,7000.0,10015.0,10000.0,5331.0,5748.0,48061.0,0
1223,210000.0,1,1,2,26,-1,-1,-2,-1,-1,-2,1360.0,0.0,0.0,3620.0,0.0,0.0,0.0,0.0,3620.0,0.0,0.0,15513.0,0
1229,90000.0,2,2,1,23,0,0,0,0,0,0,12770.0,14241.0,14895.0,25195.0,23769.0,2269.0,2500.0,1200.0,10500.0,7000.0,1000.0,0.0,1
1236,30000.0,1,2,2,54,0,0,0,0,0,0,26278.0,24767.0,27533.0,26400.0,25620.0,390.0,1700.0,3400.0,2528.0,0.0,390.0,780.0,1
1239,120000.0,1,2,1,57,0,0,0,0,0,0,118709.0,120580.0,118684.0,88557.0,91124.0,88094.0,5000.0,5007.0,4000.0,4003.0,4003.0,4000.0,1
1240,80000.0,2,2,1,35,-1,-1,-1,-1,-1,0,2890.0,9796.0,13443.0,396.0,396.0,396.0,9796.0,13443.0,396.0,396.0,0.0,396.0,0
1249,180000.0,2,3,2,42,0,0,0,0,0,0,67414.0,61256.0,66668.0,83568.0,90418.0,88898.0,10000.0,10000.0,17500.0,7000.0,25000.0,33600.0,0
1263,50000.0,1,2,1,44,0,0,0,0,0,0,45335.0,46027.0,30286.0,26275.0,26823.0,27371.0,1524.0,1427.0,941.0,972.0,992.0,1000.0,0
1273,370000.0,2,1,1,53,-1,-1,-1,-1,-1,0,21160.0,8153.0,12094.0,30751.0,30131.0,9630.0,8162.0,12294.0,30751.0,30131.0,0.0,0.0,0
1285,440000.0,2,2,2,26,0,0,0,0,0,0,96190.0,90462.0,78267.0,71795.0,51812.0,25064.0,3513.0,3017.0,2037.0,2019.0,3010.0,3004.0,0
1287,230000.0,2,2,1,29,0,0,0,0,0,0,64982.0,44908.0,51535.0,24607.0,28279.0,48934.0,3000.0,11000.0,15000.0,13000.0,36000.0,3000.0,0
1295,300000.0,1,2,2,41,0,0,0,-1,-1,2,34480.0,31159.0,18580.0,1400.0,6297.0,977.0,1472.0,1000.0,1410.0,6297.0,0.0,19480.0,0
1299,80000.0,2,1,2,29,0,0,0,0,0,0,16936.0,17963.0,18976.0,19660.0,20343.0,21003.0,1303.0,1316.0,1000.0,1000.0,1000.0,933.0,1
1300,70000.0,1,2,1,37,-1,2,0,0,-1,-1,10323.0,6659.0,6740.0,3559.0,7086.0,6979.0,0.0,3559.0,189.0,7086.0,3370.0,0.0,1
1315,50000.0,2,1,1,37,2,0,0,0,-1,2,8014.0,7668.0,7081.0,5738.0,6461.0,4822.0,1200.0,1000.0,91.0,11283.0,0.0,1000.0,0
1316,140000.0,1,2,1,48,-1,-1,2,0,0,-2,1600.0,5012.0,4739.0,4739.0,0.0,0.0,5012.0,0.0,0.0,0.0,0.0,2770.0,1
1319,390000.0,2,1,1,34,1,-2,-1,-1,-2,-2,0.0,0.0,1266.0,0.0,0.0,0.0,0.0,1266.0,0.0,0.0,0.0,0.0,0
1327,170000.0,1,2,1,48,0,0,0,0,0,0,137823.0,137199.0,136331.0,123913.0,122657.0,122225.0,5396.0,5000.0,5000.0,5000.0,5000.0,4000.0,0
1343,50000.0,2,1,2,22,-1,-1,-1,-1,-1,-1,586.0,297.0,3674.0,1392.0,3085.0,3450.0,297.0,3675.0,1392.0,3086.0,3492.0,3721.0,1
1344,20000.0,2,2,2,26,2,-1,0,0,0,0,1041.0,10757.0,11094.0,9351.0,8562.0,8058.0,10758.0,2679.0,502.0,224.0,513.0,9.0,0
1347,220000.0,2,2,1,49,0,0,0,0,0,0,172184.0,170697.0,168041.0,163783.0,160806.0,158866.0,7583.0,7461.0,5809.0,5608.0,6500.0,6100.0,0
1354,30000.0,2,3,1,28,0,0,0,2,0,0,23182.0,19083.0,19632.0,15252.0,14021.0,13793.0,2000.0,2000.0,0.0,1500.0,1353.0,0.0,0
1357,80000.0,1,2,2,29,0,0,0,0,0,0,41815.0,42938.0,44022.0,44792.0,45915.0,46998.0,2100.0,2100.0,1800.0,2000.0,2000.0,2500.0,0
1364,150000.0,2,1,2,25,1,-2,-1,-1,-1,-1,191.0,1963.0,4729.0,1568.0,4295.0,0.0,1964.0,4729.0,1568.0,4295.0,0.0,1895.0,0
1373,270000.0,2,1,1,42,2,2,5,5,4,3,1250.0,1250.0,1250.0,1250.0,650.0,350.0,0.0,0.0,0.0,0.0,0.0,0.0,0
1384,300000.0,2,1,2,27,-1,-1,-1,0,0,0,42189.0,83754.0,120927.0,105303.0,82475.0,33262.0,83754.0,120927.0,0.0,716.0,25213.0,92250.0,0
1391,60000.0,1,2,1,37,3,4,3,2,2,2,30381.0,29986.0,29210.0,29729.0,30505.0,32232.0,366.0,0.0,1300.0,1400.0,2400.0,2300.0,1
1393,200000.0,2,2,1,26,0,0,0,0,0,0,47236.0,45200.0,35939.0,34096.0,34876.0,34615.0,1800.0,1603.0,2000.0,2500.0,1500.0,1500.0,0
1395,140000.0,2,3,2,23,-2,-2,-2,-2,-2,-2,67505.0,36772.0,38399.0,39131.0,39508.0,3441.0,2000.0,2400.0,2132.0,1617.0,515.0,2031.0,0
1404,470000.0,1,1,2,33,-1,-1,-1,0,0,-1,5613.0,11576.0,7017.0,1185.0,0.0,542.0,11606.0,7017.0,24.0,0.0,542.0,208896.0,0
1419,50000.0,1,2,2,37,0,0,0,0,0,0,48206.0,48659.0,47248.0,48241.0,49196.0,50296.0,2120.0,1750.0,1700.0,1800.0,2023.0,2113.0,0
1420,230000.0,1,3,2,27,-2,-2,-2,-2,-2,-2,19200.0,10000.0,20176.0,10000.0,10000.0,10000.0,10000.0,20176.0,200.0,10000.0,10000.0,10000.0,0
1428,20000.0,2,2,2,32,2,3,2,2,2,0,17757.0,17193.0,16602.0,19521.0,18925.0,18806.0,0.0,0.0,3200.0,0.0,900.0,633.0,0
1429,210000.0,2,1,1,37,2,2,2,2,2,2,76089.0,77985.0,79104.0,80399.0,81462.0,83366.0,3700.0,3000.0,3200.0,2500.0,3400.0,4300.0,1
1449,10000.0,1,3,2,34,0,0,0,0,0,0,8813.0,8464.0,9474.0,9716.0,9960.0,10188.0,2148.0,1158.0,400.0,400.0,400.0,300.0,0
1450,60000.0,2,3,1,50,0,0,0,0,0,0,61600.0,61952.0,60661.0,29095.0,17636.0,31406.0,3300.0,2000.0,900.0,889.0,21500.0,3600.0,1
1455,30000.0,1,2,2,26,0,0,0,0,0,0,33195.0,32705.0,32406.0,32167.0,31728.0,31061.0,1600.0,1500.0,1500.0,1300.0,1261.0,1003.0,0
1459,90000.0,2,3,2,24,-1,-1,-1,-1,-1,-2,595.0,207.0,18189.0,557.0,0.0,0.0,207.0,18281.0,557.0,0.0,0.0,0.0,1
1466,90000.0,1,2,1,27,0,0,0,0,0,0,70482.0,70591.0,64926.0,59949.0,54029.0,48170.0,2580.0,2337.0,1634.0,1606.0,1371.0,620.0,0
1470,160000.0,2,3,2,29,1,-2,-2,-2,-2,-2,0.0,0.0,4150.0,2065.0,0.0,500.0,0.0,4150.0,2065.0,0.0,500.0,0.0,1
1486,20000.0,2,2,3,44,2,2,7,7,7,6,2400.0,2400.0,2400.0,2400.0,2400.0,1800.0,0.0,0.0,0.0,0.0,0.0,0.0,1
1491,130000.0,2,4,2,28,0,0,0,0,0,0,36108.0,34256.0,36357.0,37878.0,39489.0,41833.0,3000.0,3000.0,2500.0,3000.0,3000.0,2000.0,0
1505,310000.0,2,2,1,39,0,0,0,0,0,0,7246.0,6713.0,9507.0,8894.0,7418.0,12154.0,1155.0,4507.0,1000.0,283.0,7482.0,2473.0,0
1520,420000.0,1,2,1,39,0,0,0,0,0,0,171141.0,118103.0,119543.0,122851.0,126007.0,129144.0,5700.0,4600.0,5000.0,5000.0,5000.0,4700.0,0
1530,360000.0,2,2,1,50,-1,-1,-1,-1,-1,-1,147.0,686.0,6037.0,1560.0,0.0,275.0,686.0,6041.0,1560.0,0.0,275.0,0.0,0
1535,50000.0,1,3,1,44,0,0,0,0,0,0,15931.0,17363.0,18735.0,19188.0,17578.0,16855.0,2000.0,2000.0,1006.0,1003.0,1000.0,1000.0,0
1537,40000.0,2,3,2,24,-1,2,-1,-1,0,0,5496.0,698.0,400.0,25289.0,24435.0,2201.0,0.0,400.0,25289.0,0.0,0.0,1329.0,0
1540,110000.0,2,3,2,28,0,0,2,2,0,0,85918.0,87442.0,82975.0,80446.0,80006.0,80421.0,4000.0,6000.0,12.0,3100.0,3200.0,3000.0,0
1544,50000.0,1,3,2,34,0,0,0,-2,-2,-2,50375.0,51400.0,0.0,0.0,0.0,0.0,2400.0,0.0,0.0,0.0,0.0,0.0,0
1546,240000.0,2,2,1,44,-1,-1,-1,-1,-1,-1,3313.0,7458.0,2329.0,4267.0,2404.0,4243.0,7458.0,2335.0,4267.0,2404.0,4243.0,2952.0,1
1547,150000.0,1,1,2,32,0,-1,-1,-1,-1,-2,46272.0,1079.0,0.0,41147.0,-3.0,-3.0,1082.0,0.0,41147.0,0.0,0.0,0.0,0
1551,170000.0,1,2,1,48,0,0,0,0,0,0,93420.0,96284.0,97322.0,99419.0,101590.0,111679.0,4371.0,3533.0,3716.0,3934.0,12030.0,0.0,1
1558,310000.0,1,1,1,50,-1,-1,-1,-1,-1,-1,316.0,316.0,10131.0,2456.0,316.0,316.0,316.0,10131.0,2456.0,316.0,316.0,316.0,0
1559,50000.0,2,3,1,31,1,2,2,2,2,2,38102.0,40025.0,40071.0,40906.0,42100.0,41269.0,2830.0,1000.0,1800.0,2000.0,0.0,1704.0,1
1566,50000.0,1,1,2,29,0,0,0,0,0,0,2087.0,2632.0,3355.0,3253.0,3640.0,3512.0,1000.0,1186.0,500.0,1000.0,500.0,1000.0,0
1568,120000.0,2,2,2,23,0,0,0,0,0,0,118063.0,120851.0,120013.0,77539.0,77333.0,79113.0,4700.0,3538.0,3000.0,3000.0,3000.0,5000.0,0
1571,180000.0,1,3,1,45,1,2,0,0,0,0,24400.0,24508.0,22627.0,23306.0,22780.0,20890.0,1500.0,1500.0,1000.0,1000.0,1000.0,1000.0,0
1582,20000.0,1,3,3,47,0,0,0,0,0,0,18768.0,18795.0,19390.0,19464.0,18126.0,18827.0,1400.0,1400.0,1000.0,700.0,1600.0,0.0,0
1584,50000.0,2,1,2,70,2,2,0,0,0,0,49546.0,48480.0,48621.0,17793.0,18224.0,18612.0,0.0,2200.0,700.0,700.0,674.0,608.0,0
1585,50000.0,2,2,1,32,0,0,0,0,0,0,48508.0,49213.0,38280.0,12305.0,6436.0,0.0,3037.0,1800.0,1130.0,2000.0,0.0,0.0,0
1589,450000.0,2,2,2,36,-1,-1,-1,-1,-1,-1,13500.0,6350.0,11670.0,1530.0,1232.0,201.0,6364.0,11728.0,1532.0,1234.0,201.0,3.0,0
1604,260000.0,2,2,2,38,-2,-2,-2,-2,-2,-2,-2.0,-2.0,725.0,2074.0,0.0,585.0,0.0,727.0,2074.0,0.0,585.0,0.0,0
1607,160000.0,1,1,1,51,2,3,2,0,0,0,79244.0,77441.0,75598.0,82277.0,84955.0,87549.0,0.0,0.0,8000.0,4000.0,4000.0,4000.0,1
1608,270000.0,2,1,1,37,-1,-1,-1,-1,-1,-1,264.0,264.0,1191.0,3691.0,3445.0,56264.0,264.0,1191.0,3691.0,3445.0,56264.0,953.0,1
1611,30000.0,2,2,2,23,0,0,0,2,0,0,24285.0,26143.0,26929.0,19610.0,20591.0,19472.0,3002.0,2130.0,2.0,3004.0,8013.0,0.0,0
1616,320000.0,1,1,1,35,1,-2,-2,-2,-2,-2,291.0,2594.0,2691.0,291.0,291.0,291.0,2594.0,2691.0,291.0,291.0,291.0,3124.0,1
1621,30000.0,2,1,2,26,-1,-1,-1,-1,-1,2,2635.0,807.0,11428.0,2462.0,3605.0,1559.0,1270.0,11500.0,2462.0,1559.0,0.0,3192.0,0
1622,240000.0,1,1,2,29,0,0,0,0,0,0,240248.0,221277.0,201606.0,183454.0,180255.0,184230.0,11000.0,9100.0,8000.0,8000.0,7000.0,8000.0,0
1647,50000.0,2,1,2,27,1,2,2,2,2,2,36794.0,35922.0,39319.0,38387.0,42764.0,41926.0,0.0,4000.0,0.0,5000.0,0.0,5000.0,1
1650,50000.0,1,1,1,40,0,0,0,0,0,0,42549.0,36110.0,9715.0,8965.0,6652.0,7385.0,2200.0,2000.0,1000.0,500.0,1000.0,400.0,0
1652,170000.0,1,1,2,26,-1,-1,-1,-1,-1,-1,23594.0,1512.0,1362.0,1591.0,3524.0,8545.0,1512.0,1362.0,1591.0,3524.0,8545.0,1485.0,0
1655,50000.0,1,2,2,30,0,0,0,0,0,0,50507.0,48751.0,44688.0,19823.0,13645.0,10876.0,4000.0,2220.0,1000.0,1500.0,1000.0,1500.0,0
1657,150000.0,2,1,2,29,0,0,2,0,0,0,108817.0,83654.0,79713.0,64468.0,66488.0,58131.0,7500.0,0.0,4000.0,4000.0,4000.0,3500.0,1
1659,190000.0,2,2,2,31,-1,-1,-1,-1,-2,-1,771.0,0.0,4251.0,0.0,0.0,6732.0,0.0,4251.0,0.0,0.0,6732.0,11306.0,0
1660,20000.0,2,3,2,22,0,0,0,0,-1,-1,14562.0,5991.0,6870.0,0.0,2734.0,0.0,1121.0,1000.0,0.0,1367.0,0.0,0.0,0
1665,280000.0,1,1,1,40,-1,-1,-1,-1,-1,-1,5310.0,2196.0,2928.0,9564.0,22017.0,5220.0,2196.0,2928.0,9564.0,22017.0,5220.0,1964.0,0
1672,50000.0,2,2,3,51,0,-1,0,0,0,-2,10571.0,2477.0,3234.0,2904.0,0.0,0.0,2477.0,2904.0,0.0,0.0,0.0,0.0,0
1682,150000.0,2,2,2,29,0,0,-1,0,0,0,3559.0,4724.0,2629.0,2584.0,1371.0,0.0,1222.0,2634.0,1008.0,506.0,0.0,0.0,0
1694,190000.0,2,2,2,53,0,0,0,0,0,0,173058.0,133198.0,131891.0,133516.0,135008.0,136486.0,6300.0,5000.0,5000.0,5000.0,5100.0,5000.0,0
1700,300000.0,1,1,2,31,-1,-1,-1,-1,0,-1,2166.0,2894.0,8903.0,12445.0,24650.0,8339.0,2918.0,8974.0,12457.0,15113.0,8369.0,3832.0,0
1705,60000.0,2,1,2,24,0,0,0,0,0,0,60381.0,39798.0,38344.0,37311.0,37428.0,38187.0,1639.0,1590.0,1500.0,1354.0,1377.0,1514.0,0
1713,180000.0,1,3,1,33,2,2,0,0,0,2,159999.0,156038.0,159924.0,162775.0,174719.0,178651.0,0.0,8000.0,7000.0,15000.0,7000.0,0.0,1
1737,80000.0,2,2,2,29,2,0,0,0,0,0,77416.0,75500.0,69313.0,67972.0,66800.0,68693.0,2661.0,2509.0,2500.0,3000.0,3000.0,3000.0,1
1753,60000.0,2,2,1,38,-2,-2,-2,-2,-2,-2,4764.0,30500.0,0.0,0.0,52829.0,41404.0,30500.0,0.0,0.0,52829.0,41404.0,22401.0,0
1754,60000.0,2,2,1,29,0,0,0,0,0,0,33147.0,54511.0,56167.0,28609.0,27660.0,27059.0,24511.0,6000.0,17000.0,1984.0,1100.0,1600.0,0
1767,20000.0,2,1,2,24,2,2,2,0,0,0,7919.0,8637.0,9339.0,10029.0,10615.0,11285.0,1000.0,1000.0,1000.0,900.0,1000.0,500.0,1
1773,180000.0,2,3,1,26,0,0,0,-2,-2,-2,32023.0,20233.0,0.0,0.0,0.0,0.0,10000.0,0.0,0.0,0.0,0.0,0.0,0
1779,50000.0,1,2,2,26,0,0,0,0,0,0,27570.0,28820.0,29400.0,5124.0,6874.0,7654.0,2000.0,1200.0,1000.0,2000.0,1000.0,1979.0,0
1793,390000.0,2,1,2,33,0,0,0,0,0,0,85538.0,79875.0,82853.0,82747.0,44143.0,38488.0,3500.0,4502.0,3518.0,2003.0,3001.0,3000.0,0
1806,250000.0,1,2,1,30,-2,-2,-2,-2,-2,-2,2419.0,28965.0,44179.0,37145.0,46733.0,46963.0,29062.0,44385.0,40682.0,46873.0,47104.0,52448.0,0
1807,100000.0,2,2,1,58,0,0,0,0,0,0,101249.0,101476.0,94893.0,101301.0,101451.0,99319.0,3642.0,4230.0,10000.0,3582.0,5000.0,4133.0,0
1811,20000.0,1,2,2,36,-1,-1,-1,0,0,0,3152.0,0.0,4956.0,10148.0,6979.0,8353.0,0.0,4956.0,200.0,2000.0,1500.0,500.0,0
1812,50000.0,1,2,2,53,0,0,0,0,0,0,18922.0,19486.0,19917.0,20017.0,20146.0,20221.0,1329.0,1310.0,680.0,705.0,728.0,690.0,0
1816,80000.0,1,1,2,23,0,0,0,-1,2,2,60130.0,59744.0,44031.0,48089.0,44789.0,30423.0,2550.0,1848.0,6084.0,38.0,4.0,70.0,0
1828,50000.0,1,3,1,32,0,0,0,0,0,0,40992.0,35215.0,29156.0,18891.0,19443.0,19478.0,2026.0,2021.0,1000.0,1001.0,1000.0,707.0,0
1830,50000.0,1,2,2,24,-1,-1,-2,-2,-2,-2,402.0,-2760.0,-3650.0,-3650.0,-3650.0,-3650.0,0.0,0.0,0.0,0.0,0.0,0.0,0
1833,460000.0,1,1,2,32,0,0,0,0,0,0,386437.0,393742.0,392625.0,368365.0,377858.0,362132.0,15000.0,15000.0,15000.0,15000.0,15000.0,20000.0,0
1841,70000.0,2,2,1,31,0,0,0,0,0,0,60058.0,49647.0,43968.0,41127.0,39137.0,28712.0,1834.0,1608.0,1559.0,1630.0,1300.0,1000.0,0
1844,20000.0,1,1,2,41,-2,-2,0,0,0,0,18803.0,18376.0,19342.0,19081.0,19799.0,18718.0,36147.0,1281.0,658.0,1000.0,1000.0,760.0,1
1849,150000.0,1,1,2,30,-1,-1,-1,-1,-1,-1,6708.0,1098.0,1908.0,1589.0,9918.0,-16586.0,1098.0,2000.0,1589.0,9918.0,1157.0,0.0,0
1863,500000.0,1,1,1,46,0,0,0,0,0,0,407331.0,403816.0,386053.0,389008.0,392650.0,391336.0,15043.0,14000.0,14003.0,14011.0,15003.0,14009.0,0
1871,100000.0,2,2,1,31,0,0,-1,-1,0,-1,92265.0,93873.0,1473.0,2946.0,1473.0,540.0,5000.0,1473.0,2946.0,0.0,540.0,780.0,0
1873,130000.0,2,3,2,32,0,0,0,0,0,2,119312.0,116259.0,103438.0,49319.0,91191.0,82168.0,20021.0,40354.0,20000.0,43608.0,103.0,10000.0,0
1878,310000.0,1,2,1,29,0,0,0,0,0,0,31132.0,45718.0,62992.0,62473.0,69837.0,69898.0,20000.0,20000.0,2500.0,11056.0,3000.0,4377.0,0
1884,80000.0,2,3,2,65,0,0,0,0,0,0,84985.0,84247.0,81619.0,30095.0,20639.0,7849.0,4000.0,2048.0,1300.0,1700.0,401.0,180.0,0
1899,260000.0,1,2,2,32,0,0,0,0,0,0,106093.0,95060.0,90948.0,84986.0,84491.0,72248.0,4410.0,6500.0,9500.0,10000.0,9000.0,8000.0,0
1900,50000.0,2,2,1,44,-2,-2,-2,-2,-2,-2,1473.0,390.0,390.0,390.0,390.0,0.0,390.0,390.0,390.0,390.0,0.0,780.0,0
1901,30000.0,2,2,2,22,0,0,0,0,0,0,27388.0,29016.0,26941.0,27491.0,6726.0,0.0,2075.0,1000.0,550.0,135.0,0.0,0.0,0
1903,500000.0,1,1,1,39,-1,-1,-1,-1,-1,-1,6057.0,9418.0,7667.0,6222.0,9435.0,7235.0,9418.0,7667.0,6222.0,9435.0,7235.0,8840.0,0
1915,260000.0,2,1,2,33,-2,-1,-1,-1,0,0,0.0,204.0,-810.0,2190.0,810.0,0.0,204.0,0.0,3000.0,0.0,0.0,0.0,0
1926,470000.0,2,2,2,26,0,0,0,0,0,0,169699.0,170309.0,167876.0,170610.0,173643.0,178083.0,6200.0,7000.0,5716.0,5982.0,7000.0,5500.0,0
1930,470000.0,1,2,1,49,0,0,0,0,0,0,169260.0,161760.0,154424.0,147137.0,138240.0,125866.0,6600.0,6170.0,5100.0,4726.0,4555.0,4375.0,0
1932,20000.0,2,1,2,24,-1,-1,-1,2,2,2,390.0,707.0,1320.0,930.0,780.0,240.0,1097.0,1003.0,0.0,240.0,0.0,780.0,1
1936,460000.0,2,2,2,35,0,0,0,0,0,0,449790.0,450047.0,453770.0,396600.0,392879.0,398478.0,17610.0,17500.0,13810.0,14100.0,14520.0,15000.0,0
1942,360000.0,1,3,1,53,-2,-2,-2,-2,-2,-2,0.0,0.0,0.0,0.0,0.0,0.0,0.0,0.0,0.0,0.0,0.0,0.0,0
1956,10000.0,1,2,2,41,1,2,2,2,2,2,8722.0,9592.0,9289.0,10140.0,10417.0,10104.0,1157.0,0.0,1008.0,584.0,0.0,198.0,0
1970,200000.0,2,1,2,43,-2,-2,-2,-2,-2,-2,830.0,-6.0,-6.0,657.0,2088.0,150.0,0.0,0.0,663.0,2088.0,150.0,594.0,0
1971,200000.0,1,1,1,42,0,-1,0,0,-1,-1,19318.0,19067.0,17858.0,326.0,326.0,326.0,19067.0,5000.0,0.0,326.0,326.0,326.0,0
1980,500000.0,2,1,1,35,0,0,0,0,0,0,35176.0,36193.0,44157.0,48322.0,21593.0,13866.0,2504.0,10004.0,5178.0,1047.0,2019.0,1004.0,1
1986,50000.0,2,2,2,49,2,0,-1,-1,-1,0,38947.0,37799.0,3.0,18080.0,12227.0,13296.0,2000.0,1000.0,19000.0,12500.0,2000.0,2000.0,1
1997,60000.0,2,1,2,24,0,0,0,0,0,0,15050.0,16203.0,16891.0,15474.0,14612.0,16354.0,2000.0,1300.0,2000.0,1000.0,2000.0,1000.0,0
2003,50000.0,2,1,2,23,-1,0,0,0,0,0,15036.0,15790.0,18202.0,18601.0,19138.0,18319.0,1300.0,2701.0,700.0,847.0,655.0,700.0,0
2005,320000.0,2,2,2,35,0,0,0,0,0,0,98697.0,100572.0,103621.0,103720.0,100136.0,102167.0,3891.0,5240.0,3616.0,3770.0,4264.0,3345.0,0
2006,20000.0,1,2,2,34,-2,-2,-2,-2,-2,-2,2199.0,1530.0,750.0,2280.0,1500.0,780.0,1530.0,750.0,1140.0,3000.0,780.0,0.0,0
2007,50000.0,1,2,1,40,0,0,0,0,0,0,48219.0,48978.0,49257.0,19641.0,20053.0,19613.0,2037.0,2316.0,690.0,715.0,718.0,690.0,0
2020,50000.0,2,2,1,36,2,0,0,0,0,0,50922.0,50367.0,41627.0,42297.0,43031.0,45837.0,1715.0,1991.0,1661.0,1566.0,3526.0,0.0,1
2023,260000.0,1,3,1,36,-1,0,0,0,0,0,154462.0,153799.0,77156.0,73658.0,70273.0,67100.0,7425.0,2795.0,2779.0,2947.0,3400.0,5000.0,0
2025,140000.0,1,2,2,41,0,0,0,0,0,0,132758.0,83498.0,84837.0,85663.0,79852.0,81090.0,4002.0,3900.0,3000.0,2892.0,3059.0,3003.0,0
2031,500000.0,2,1,1,39,0,0,0,0,0,0,358020.0,360047.0,369045.0,382231.0,204593.0,211655.0,15000.0,15000.0,20000.0,10000.0,10000.0,10000.0,0
2038,180000.0,2,2,1,39,0,0,0,0,0,0,65710.0,58159.0,60188.0,61090.0,62450.0,63911.0,2500.0,3000.0,2500.0,2500.0,2500.0,3000.0,0
2043,330000.0,2,1,1,36,1,-2,-2,-1,-1,-1,0.0,0.0,0.0,1983.0,0.0,207.0,0.0,0.0,1983.0,0.0,207.0,49974.0,0
2044,50000.0,2,2,2,28,0,0,0,0,0,0,28457.0,29491.0,30508.0,31599.0,32262.0,32904.0,1492.0,1509.0,1600.0,1170.0,1177.0,1217.0,1
2045,130000.0,1,2,2,32,0,0,-2,-2,-2,-2,27495.0,0.0,0.0,0.0,0.0,0.0,0.0,0.0,0.0,0.0,0.0,0.0,0
2048,120000.0,2,1,2,25,0,0,-1,0,0,-1,8676.0,10599.0,5814.0,4426.0,3038.0,5184.0,5000.0,5814.0,0.0,0.0,5184.0,7048.0,0
2056,130000.0,1,3,1,46,1,2,0,0,0,0,26582.0,25956.0,25144.0,23235.0,13277.0,13895.0,100.0,2000.0,1000.0,700.0,1000.0,2000.0,1
2057,80000.0,2,2,2,30,1,2,0,0,0,0,6393.0,6148.0,7311.0,7303.0,7456.0,7605.0,0.0,1266.0,258.0,267.0,269.0,278.0,1
2075,260000.0,1,1,2,37,0,0,0,0,0,0,112053.0,108596.0,100005.0,101759.0,100698.0,99222.0,5000.0,5000.0,5000.0,5000.0,5000.0,5000.0,0
2081,70000.0,2,1,2,24,0,0,0,0,0,0,69572.0,71233.0,66844.0,50410.0,44958.0,46655.0,2828.0,2337.0,1702.0,1800.0,2600.0,2000.0,0
2093,20000.0,1,3,2,23,0,0,0,0,0,0,10103.0,11139.0,12106.0,12349.0,11420.0,11641.0,1205.0,1172.0,415.0,404.0,400.0,400.0,0
2100,50000.0,2,1,2,24,2,2,2,0,0,0,43379.0,46097.0,44187.0,43165.0,37967.0,36327.0,3628.0,8.0,1500.0,1490.0,1303.0,2000.0,1
2117,230000.0,1,2,2,27,-1,-1,-1,-1,0,0,416.0,568.0,1427.0,14947.0,13255.0,8226.0,568.0,1427.0,14947.0,437.0,1000.0,900.0,1
2118,20000.0,1,3,2,43,-1,-1,2,0,0,0,390.0,1736.0,1170.0,780.0,780.0,0.0,1736.0,0.0,0.0,0.0,0.0,0.0,1
2120,360000.0,1,2,2,42,0,-1,-1,-1,-1,-2,10000.0,10000.0,141.0,7054.0,-2946.0,-2946.0,10000.0,141.0,7054.0,1941.0,0.0,0.0,0
2124,220000.0,2,1,2,27,0,0,0,0,0,0,164855.0,168607.0,152765.0,152953.0,156065.0,145846.0,6102.0,7000.0,6500.0,5573.0,7000.0,8000.0,0
2125,350000.0,1,1,2,42,2,0,0,0,0,0,320982.0,322788.0,272799.0,117867.0,117518.0,119718.0,12618.0,11127.0,4327.0,4261.0,4150.0,4153.0,1
2128,100000.0,2,2,1,31,2,2,0,0,0,2,17606.0,17040.0,19139.0,19325.0,20855.0,20372.0,0.0,2700.0,800.0,2000.0,0.0,1000.0,0
2139,230000.0,2,2,2,34,1,-2,-2,-2,-1,0,-2.0,-2.0,-2.0,-2.0,794.0,796.0,0.0,0.0,0.0,796.0,2.0,0.0,0
2140,260000.0,1,1,1,43,1,-2,-2,-1,0,0,0.0,0.0,0.0,14855.0,13650.0,0.0,0.0,0.0,15055.0,0.0,0.0,0.0,1
2141,60000.0,2,1,2,22,2,0,0,0,0,-1,58841.0,60970.0,58082.0,59882.0,19663.0,29343.0,3700.0,1400.0,2000.0,500.0,30000.0,1100.0,0
2164,20000.0,1,1,2,30,0,0,2,0,0,0,14406.0,20653.0,19995.0,19391.0,19120.0,19158.0,6500.0,84.0,7171.0,1000.0,1000.0,2000.0,0
2174,270000.0,1,1,2,36,-2,-2,-2,-2,-2,-2,15986.0,16635.0,15913.0,14192.0,10559.0,7672.0,2008.0,1513.0,1019.0,515.0,302.0,3050.0,0
2193,500000.0,1,1,1,38,0,0,0,0,0,0,419487.0,389605.0,309466.0,246519.0,247263.0,251389.0,13000.0,20000.0,15000.0,9322.0,10000.0,10000.0,0
2201,140000.0,2,1,2,30,2,-1,-1,-1,-1,-1,1070.0,4593.0,4705.0,1710.0,0.0,6096.0,4593.0,4705.0,1710.0,0.0,6096.0,0.0,1
2207,20000.0,2,1,2,21,0,0,0,0,0,-1,17471.0,14129.0,13937.0,9429.0,1393.0,2055.0,1400.0,3500.0,1567.0,162.0,2055.0,0.0,0
2227,310000.0,1,1,1,43,0,0,0,0,2,0,250708.0,256157.0,261550.0,285233.0,280905.0,272240.0,11000.0,11300.0,29841.0,69.0,9980.0,9546.0,1
2231,190000.0,2,1,1,50,1,-1,-1,-1,-1,-2,0.0,2329.0,15951.0,332.0,0.0,0.0,2329.0,15990.0,332.0,0.0,0.0,0.0,0
2239,150000.0,2,3,1,50,-1,-1,-1,-1,-1,-1,3644.0,875.0,2162.0,0.0,5085.0,2887.0,875.0,2162.0,0.0,5085.0,2887.0,0.0,0
2240,300000.0,2,1,2,35,0,0,0,0,0,0,294344.0,302638.0,300159.0,226705.0,229739.0,232942.0,15000.0,11311.0,7941.0,8412.0,9000.0,5258.0,0
2247,140000.0,1,1,2,32,0,0,0,0,0,0,101458.0,99196.0,78458.0,76387.0,76344.0,67302.0,3997.0,3520.0,2500.0,2689.0,2494.0,2498.0,0
2263,220000.0,1,2,2,26,2,2,2,2,2,0,215477.0,216099.0,210839.0,216988.0,213824.0,39819.0,5516.0,0.0,8275.0,0.0,800.0,223833.0,0
2270,70000.0,2,2,2,24,0,0,2,2,2,2,41485.0,44697.0,47229.0,47956.0,47056.0,49565.0,4200.0,3600.0,1800.0,0.0,3308.0,2500.0,0
2286,180000.0,1,1,1,37,-1,0,0,0,0,0,121915.0,116093.0,99267.0,74324.0,47642.0,37957.0,7416.0,7038.0,7000.0,6000.0,5000.0,5000.0,0
2287,50000.0,1,2,2,27,1,3,2,2,0,0,41322.0,40383.0,42413.0,41434.0,45567.0,61595.0,0.0,3000.0,0.0,5000.0,20000.0,0.0,0
2295,150000.0,2,1,2,29,-1,2,2,-1,2,-1,766.0,515.0,-150.0,974.0,269.0,191.0,0.0,85.0,1124.0,0.0,191.0,591.0,1
2320,30000.0,2,3,3,60,-1,-1,-2,-2,-1,-1,2365.0,-581.0,-581.0,-2054.0,1473.0,14510.0,0.0,0.0,0.0,5000.0,14510.0,0.0,0
2323,50000.0,2,1,2,53,0,0,0,0,0,0,50777.0,51086.0,50321.0,20141.0,18039.0,19349.0,2504.0,2059.0,666.0,1000.0,2008.0,1513.0,0
2326,50000.0,1,3,2,52,0,0,0,0,0,0,47479.0,49344.0,19596.0,19194.0,19201.0,19199.0,29456.0,1300.0,675.0,694.0,704.0,798.0,0
2330,90000.0,2,2,1,36,0,0,0,0,0,0,89309.0,88544.0,88888.0,48534.0,49874.0,32078.0,5000.0,3500.0,2000.0,2100.0,1000.0,1000.0,0
2334,210000.0,2,1,1,38,-1,-1,2,2,-1,-1,2360.0,4707.0,4465.0,0.0,9306.0,5855.0,4465.0,0.0,0.0,9306.0,5855.0,9840.0,0
2354,180000.0,2,1,2,32,0,-1,0,0,0,-1,64008.0,3414.0,3844.0,5344.0,4000.0,10395.0,3414.0,1500.0,1500.0,0.0,10395.0,3600.0,0
2358,280000.0,2,2,1,52,0,0,0,0,0,0,50667.0,50400.0,50108.0,49425.0,48977.0,48459.0,2007.0,2007.0,1370.0,1407.0,1359.0,1381.0,0
2366,130000.0,1,3,2,49,2,0,0,0,0,0,60273.0,61839.0,62370.0,63429.0,26779.0,27521.0,2536.0,1857.0,1681.0,971.0,1186.0,1698.0,1
2369,460000.0,2,2,1,33,0,0,0,0,0,0,128302.0,59254.0,52099.0,45512.0,39041.0,33571.0,2371.0,2008.0,1560.0,1457.0,1299.0,769.0,0
2373,50000.0,2,3,1,39,0,0,0,0,0,0,41250.0,40813.0,10695.0,8841.0,8140.0,8267.0,1501.0,1297.0,448.0,449.0,419.0,415.0,0
2374,250000.0,2,1,2,29,-1,-1,0,0,0,0,1181.0,1545.0,2319.0,1856.0,4356.0,7026.0,1545.0,1000.0,1500.0,2500.0,3000.0,1379.0,0
2375,50000.0,2,2,2,25,3,3,2,2,2,2,35592.0,36518.0,36822.0,37421.0,38424.0,39035.0,1800.0,1200.0,1500.0,1750.0,1390.0,0.0,1
2378,210000.0,1,1,2,33,1,-2,-2,-2,-1,-1,0.0,0.0,0.0,0.0,700.0,0.0,0.0,0.0,0.0,700.0,0.0,0.0,1
2382,400000.0,1,1,1,44,0,0,0,0,0,0,95719.0,96369.0,92336.0,91816.0,57477.0,66203.0,4652.0,3565.0,2731.0,10031.0,16027.0,25000.0,0
2404,320000.0,1,1,2,32,-1,2,-1,-1,-2,-2,752.0,169.0,1940.0,0.0,0.0,0.0,0.0,1948.0,0.0,0.0,0.0,0.0,1
2406,50000.0,2,3,2,43,2,2,7,7,7,7,2400.0,2400.0,2400.0,2400.0,2400.0,2400.0,0.0,0.0,0.0,0.0,0.0,0.0,1
2422,20000.0,2,2,1,24,4,3,2,2,2,2,16549.0,16002.0,16047.0,15492.0,16739.0,16320.0,0.0,600.0,0.0,1500.0,0.0,2000.0,1
2425,60000.0,1,1,2,29,0,0,0,0,0,-1,31462.0,31499.0,16773.0,11568.0,9727.0,3832.0,6037.0,5084.0,6000.0,4000.0,3832.0,3065.0,0
2454,60000.0,2,1,2,23,0,0,2,0,0,0,59423.0,63347.0,61183.0,29052.0,29087.0,27296.0,5500.0,146.0,1500.0,1200.0,1500.0,1500.0,0
2455,390000.0,2,1,2,25,-1,0,0,0,0,0,83514.0,79730.0,64171.0,58767.0,54224.0,51667.0,4013.0,4000.0,2100.0,2000.0,3000.0,1200.0,0
2462,30000.0,2,2,2,26,2,2,2,2,2,2,25615.0,29849.0,31034.0,28071.0,29978.0,29365.0,5000.0,2000.0,0.0,2500.0,0.0,600.0,1
2464,20000.0,1,2,2,27,1,3,2,2,2,2,19443.0,18851.0,19248.0,18648.0,20040.0,19464.0,0.0,1000.0,0.0,2000.0,0.0,817.0,1
2467,180000.0,1,2,2,32,-1,-1,-1,-1,-1,-1,1071.0,1671.0,1981.0,4241.0,4542.0,5261.0,1671.0,1981.0,4241.0,4542.0,5261.0,4731.0,1
2473,100000.0,2,3,1,38,0,0,0,0,0,0,62427.0,63922.0,65864.0,66578.0,69503.0,72346.0,2500.0,3000.0,2400.0,4000.0,4000.0,4000.0,0
2485,80000.0,2,2,2,27,1,2,2,0,0,0,81635.0,83465.0,81472.0,82332.0,84067.0,78510.0,3716.0,0.0,2989.0,3105.0,2973.0,2830.0,0
2488,200000.0,1,2,1,46,1,-1,-1,-1,-1,-1,0.0,552.0,2523.0,2327.0,2308.0,0.0,552.0,2531.0,2327.0,2308.0,0.0,0.0,1
2500,340000.0,2,1,2,26,0,0,0,0,0,0,337871.0,311076.0,156674.0,129651.0,126192.0,94722.0,11208.0,5000.0,23809.0,4136.0,3600.0,3169.0,0
2502,220000.0,2,1,2,28,0,0,0,0,0,0,44109.0,32978.0,30415.0,28038.0,25669.0,16003.0,5000.0,13500.0,14000.0,13500.0,13500.0,15550.0,0
2506,200000.0,1,2,1,44,-1,-1,2,0,0,-1,780.0,390.0,1170.0,780.0,0.0,390.0,390.0,780.0,0.0,0.0,390.0,780.0,0
2507,110000.0,2,3,2,41,0,0,0,0,0,0,90599.0,60949.0,62235.0,63499.0,64877.0,66230.0,2213.0,2300.0,2300.0,2400.0,2431.0,8700.0,1
2515,360000.0,2,4,2,36,-2,-2,-1,0,0,0,15019.0,1221.0,6909.0,5954.0,4160.0,1726.0,2074.0,7039.0,10.0,1.0,4.0,45197.0,0
2516,230000.0,2,1,2,25,-1,-1,-1,-1,-1,-1,736.0,645.0,855.0,0.0,590.0,0.0,645.0,855.0,0.0,590.0,0.0,299.0,0
2522,50000.0,1,3,2,28,0,0,0,0,0,0,46709.0,12889.0,50199.0,74405.0,38772.0,39438.0,1690.0,38000.0,1500.0,4000.0,2000.0,1500.0,0
2534,70000.0,2,2,2,23,0,0,0,0,0,0,22658.0,31647.0,24487.0,25125.0,26651.0,26125.0,9397.0,1487.0,1039.0,2073.0,1045.0,1231.0,0
2539,250000.0,2,1,1,42,0,0,-2,-2,-2,-2,25298.0,0.0,0.0,0.0,0.0,0.0,0.0,0.0,0.0,0.0,0.0,0.0,0
2545,20000.0,1,2,2,25,0,0,0,0,0,0,13896.0,12906.0,13983.0,10983.0,5400.0,0.0,2000.0,2500.0,2000.0,0.0,0.0,0.0,1
2564,20000.0,2,2,1,32,0,0,0,0,0,0,15498.0,16409.0,17291.0,17588.0,18034.0,18658.0,1600.0,1600.0,1000.0,1000.0,1500.0,700.0,0
2579,200000.0,1,1,2,27,-1,0,-1,-1,-1,-1,9747.0,17230.0,198.0,875.0,1977.0,2052.0,10051.0,198.0,877.0,1982.0,2058.0,2939.0,0
2580,20000.0,2,3,2,22,1,2,0,0,2,2,18590.0,17838.0,18680.0,19788.0,22265.0,21629.0,0.0,1307.0,1580.0,3100.0,0.0,1000.0,1
2583,110000.0,2,3,1,46,0,0,2,2,0,0,94025.0,101460.0,102724.0,100188.0,102110.0,107014.0,8942.0,3800.0,0.0,3685.0,6580.0,4703.0,1
2603,10000.0,1,3,2,25,2,0,0,0,0,-2,4693.0,5371.0,6327.0,6055.0,0.0,0.0,1300.0,1600.0,400.0,0.0,0.0,0.0,1
2607,170000.0,1,2,2,34,-1,-1,2,0,-1,-1,7885.0,7190.0,6854.0,3142.0,5000.0,0.0,2336.0,0.0,0.0,5000.0,0.0,0.0,0
2629,420000.0,2,2,1,36,-1,-1,-1,-1,-1,-1,3663.0,4338.0,3400.0,2535.0,3216.0,4652.0,4338.0,3400.0,2535.0,3216.0,2652.0,2500.0,0
2636,210000.0,2,1,1,34,1,-2,-1,-1,2,-1,-300.0,-716.0,416.0,1132.0,566.0,416.0,0.0,1548.0,1132.0,0.0,416.0,416.0,0
2640,140000.0,2,1,1,33,0,0,0,0,0,0,85314.0,87042.0,90165.0,91318.0,94847.0,35773.0,4000.0,5000.0,2000.0,4000.0,5000.0,6000.0,0
2641,80000.0,2,3,1,35,2,2,2,2,2,0,70002.0,71389.0,73788.0,74463.0,72834.0,74190.0,3100.0,4204.0,2790.0,0.0,3043.0,2625.0,1
2645,170000.0,2,2,1,49,1,2,0,0,0,0,153322.0,149027.0,150920.0,145689.0,33588.0,0.0,0.0,6320.0,5045.0,1000.0,0.0,0.0,1
2653,170000.0,2,1,2,26,0,0,0,0,2,0,99387.0,102141.0,103972.0,108405.0,102303.0,99767.0,5250.0,5100.0,7500.0,0.0,3900.0,3600.0,0
2656,260000.0,2,1,1,35,2,2,-2,-1,0,0,1013.0,0.0,0.0,6895.0,3718.0,0.0,0.0,0.0,6895.0,0.0,0.0,0.0,1
2658,40000.0,2,2,1,25,0,0,0,0,2,2,40633.0,40311.0,39380.0,41389.0,40628.0,41389.0,4300.0,2000.0,2938.0,0.0,3700.0,0.0,0
2663,220000.0,2,1,2,45,-1,-1,-1,-1,-1,-1,4624.0,2874.0,1210.0,632.0,15243.0,5471.0,2888.0,1216.0,640.0,15251.0,5472.0,4045.0,0
2665,50000.0,2,2,2,36,0,0,0,0,0,2,94228.0,47635.0,42361.0,19574.0,20295.0,19439.0,2000.0,1500.0,1000.0,1800.0,0.0,1000.0,1
2673,30000.0,2,2,2,41,0,-1,-1,0,-1,2,1448.0,1261.0,630.0,240.0,690.0,150.0,1261.0,630.0,0.0,840.0,0.0,780.0,0
2693,350000.0,1,1,1,42,-1,-1,-1,-1,-1,-1,3800.0,3138.0,4150.0,3750.0,1362.0,8210.0,3138.0,4160.0,3750.0,2272.0,8210.0,9731.0,0
2695,30000.0,1,2,2,33,1,2,0,0,0,0,31956.0,30425.0,30615.0,29304.0,28996.0,28970.0,0.0,1753.0,1200.0,1041.0,1194.0,1100.0,0
2696,450000.0,2,1,1,36,1,-1,-1,-2,-2,-2,0.0,2500.0,2500.0,0.0,0.0,0.0,2500.0,2500.0,0.0,0.0,0.0,0.0,0
2719,170000.0,2,2,2,39,-1,-1,-1,-1,-1,-1,2860.0,15643.0,1104.0,190.0,4786.0,2714.0,15643.0,1108.0,191.0,4786.0,2714.0,7714.0,0
2722,100000.0,2,1,2,33,0,0,0,0,0,0,75374.0,44796.0,47294.0,38712.0,39304.0,40479.0,2000.0,5000.0,1521.0,1595.0,2000.0,2716.0,0
2723,140000.0,1,1,2,41,2,2,2,0,0,0,138379.0,143684.0,139902.0,142729.0,142406.0,142694.0,9000.0,0.0,6800.0,40000.0,5600.0,5900.0,1
2727,200000.0,2,2,1,39,0,0,0,0,0,0,178665.0,133266.0,95836.0,85635.0,66137.0,30410.0,3677.0,2441.0,1854.0,1567.0,5000.0,1953.0,0
2728,200000.0,1,2,2,27,0,0,2,0,0,0,25334.0,26203.0,25652.0,25162.0,24995.0,23901.0,2204.0,1004.0,1004.0,1013.0,2018.0,4.0,0
2746,310000.0,2,3,2,28,0,0,-1,-1,-1,-1,19610.0,14746.0,28216.0,4245.0,3500.0,396.0,10000.0,28216.0,4245.0,3500.0,396.0,396.0,0
2748,290000.0,2,2,1,38,0,0,0,0,0,0,144160.0,147451.0,150617.0,153351.0,156213.0,158938.0,6000.0,6010.0,5600.0,5700.0,5700.0,6000.0,0
2764,20000.0,2,2,1,22,0,0,0,0,0,0,15749.0,16221.0,19836.0,14354.0,10962.0,9274.0,1500.0,5000.0,500.0,500.0,246.0,500.0,0
2773,50000.0,2,1,2,25,2,3,2,2,2,2,43870.0,42891.0,43582.0,44561.0,45592.0,46495.0,0.0,1700.0,2000.0,1900.0,1800.0,0.0,1
2775,400000.0,2,2,1,30,0,0,-1,-1,-1,-1,161226.0,139481.0,17939.0,10315.0,22728.0,11493.0,5000.0,17939.0,12845.0,22728.0,11493.0,10703.0,0
2787,20000.0,1,3,1,31,0,0,0,0,0,-2,17557.0,18739.0,19473.0,17136.0,0.0,0.0,1466.0,1200.0,343.0,0.0,0.0,0.0,0
2794,250000.0,2,2,2,44,1,-1,-1,0,0,0,0.0,664.0,62791.0,48598.0,50078.0,36050.0,664.0,65791.0,2000.0,2100.0,2000.0,0.0,0
2796,50000.0,1,1,2,23,1,-2,-2,-2,-2,-2,0.0,0.0,0.0,0.0,0.0,0.0,0.0,0.0,0.0,0.0,0.0,0.0,1
2802,140000.0,1,2,2,28,1,3,4,3,2,0,82265.0,86127.0,84107.0,82362.0,74000.0,60977.0,5747.0,0.0,0.0,0.0,2600.0,2800.0,1
2811,20000.0,2,2,1,45,0,0,0,0,2,0,14296.0,15321.0,16333.0,17434.0,17013.0,17500.0,1262.0,1274.0,1375.0,0.0,771.0,805.0,0
2815,50000.0,2,1,2,26,-1,-1,-1,-1,-1,-1,750.0,0.0,3116.0,302.0,0.0,5778.0,0.0,3116.0,302.0,0.0,5778.0,200.0,0
2817,100000.0,1,2,1,49,0,0,0,0,0,0,69896.0,71360.0,72820.0,74264.0,75821.0,77410.0,2588.0,2644.0,2656.0,2752.0,2850.0,2965.0,0
2821,30000.0,1,2,1,38,2,0,0,0,0,-2,28484.0,29242.0,30037.0,29682.0,0.0,0.0,1905.0,1700.0,1108.0,0.0,0.0,0.0,0
2826,40000.0,2,2,1,29,-1,0,0,-2,-2,-1,8801.0,9544.0,0.0,0.0,0.0,7922.0,1000.0,0.0,0.0,0.0,7922.0,158.0,1
2830,300000.0,2,1,1,32,1,-1,-1,-1,-1,-1,-227.0,44791.0,-649.0,129798.0,558.0,522.0,45018.0,0.0,130447.0,560.0,524.0,6776.0,0
2835,230000.0,2,1,1,37,-1,-1,0,0,0,0,400.0,20123.0,20590.0,20029.0,17198.0,5177.0,20123.0,1256.0,1000.0,1000.0,500.0,801.0,0
2836,50000.0,1,1,1,27,2,2,2,2,0,0,43333.0,46308.0,47250.0,46192.0,46997.0,48221.0,4000.0,2000.0,0.0,1700.0,2000.0,3600.0,1
2838,130000.0,2,1,2,26,0,-1,-1,-1,-2,-2,20054.0,1298.0,6712.0,-884.0,-6332.0,-9333.0,1298.0,6730.0,900.0,5448.0,0.0,25000.0,0
2844,120000.0,2,2,2,28,1,2,2,2,2,2,108993.0,111266.0,112056.0,112819.0,111298.0,113290.0,5500.0,4100.0,4087.0,400.0,4000.0,8932.0,0
2846,210000.0,2,2,2,34,0,0,0,0,0,0,63672.0,57299.0,59336.0,61349.0,63366.0,65155.0,2200.0,3000.0,3000.0,3000.0,3000.0,3500.0,0
2852,30000.0,2,2,1,39,2,2,0,0,0,2,9884.0,9586.0,10318.0,10522.0,11354.0,11022.0,0.0,1200.0,375.0,1000.0,0.0,1000.0,1
2853,90000.0,2,2,1,24,2,2,2,2,2,2,86643.0,87249.0,86858.0,86373.0,85875.0,82150.0,3881.0,3000.0,2800.0,1500.0,2299.0,2500.0,1
2866,70000.0,1,1,1,42,0,0,0,0,0,0,70730.0,58103.0,68197.0,50756.0,50843.0,46727.0,3500.0,15000.0,3000.0,2000.0,1840.0,1798.0,0
2872,170000.0,2,2,1,42,0,0,0,0,-2,-2,4600.0,6519.0,7360.0,2437.0,2881.0,2659.0,2000.0,1000.0,2437.0,3103.0,2659.0,2659.0,0
2874,470000.0,2,2,2,33,0,0,0,0,0,0,43353.0,47682.0,46429.0,43405.0,42796.0,44171.0,5000.0,2600.0,1500.0,1500.0,2000.0,1500.0,0
2884,280000.0,1,1,1,44,-2,-1,-1,-1,-1,0,593.0,1763.0,53669.0,4707.0,22014.0,3415.0,1777.0,53934.0,4726.0,22102.0,12.0,1301.0,0
2885,300000.0,1,2,2,36,-1,0,0,-1,-1,-1,15536.0,17923.0,27007.0,360.0,257.0,21140.0,10000.0,10140.0,360.0,257.0,21346.0,360.0,0
2891,150000.0,2,2,1,36,0,0,0,0,0,0,296846.0,301634.0,314201.0,84135.0,90500.0,0.0,7143.0,13700.0,15000.0,7500.0,0.0,0.0,0
2898,320000.0,1,1,2,36,0,0,0,0,0,-1,146201.0,129311.0,112151.0,84218.0,76058.0,24068.0,5465.0,3137.0,52.0,2384.0,25094.0,30011.0,0
2899,20000.0,1,1,2,37,0,0,0,0,0,0,66599.0,67259.0,69521.0,16970.0,17326.0,17688.0,2317.0,2579.0,606.0,628.0,649.0,623.0,1
2906,130000.0,1,1,2,32,-1,-1,-1,-2,-2,-1,32236.0,41510.0,-1523.0,-1523.0,-1523.0,48477.0,10000.0,0.0,0.0,0.0,50000.0,5000.0,0
2907,500000.0,2,1,2,38,0,0,0,0,0,0,74615.0,74399.0,68761.0,70260.0,70143.0,68506.0,4010.0,6720.0,5000.0,5000.0,4000.0,5000.0,0
2910,220000.0,1,1,2,25,0,0,-1,0,-1,2,29664.0,5995.0,8419.0,6523.0,508.0,370.0,1018.0,8424.0,20.0,878.0,1.0,3046.0,0
2928,160000.0,1,1,2,34,-1,-1,-1,-1,-1,-1,390.0,390.0,390.0,520.0,540.0,390.0,390.0,390.0,520.0,560.0,390.0,0.0,1
2940,390000.0,1,1,2,31,0,0,0,0,0,0,19469.0,17227.0,17400.0,19180.0,20036.0,4071.0,2227.0,2400.0,2180.0,1036.0,2071.0,3291.0,0
2942,90000.0,1,2,2,26,2,2,-1,2,0,0,121368.0,102385.0,91591.0,66033.0,70654.0,121966.0,0.0,95800.0,0.0,6000.0,3000.0,3000.0,0
2945,90000.0,2,1,2,28,0,0,2,2,2,2,87916.0,87459.0,88183.0,91204.0,89687.0,91060.0,5800.0,5400.0,5804.0,0.0,6700.0,0.0,1
2958,120000.0,2,3,2,32,0,0,-1,-1,-1,2,5152.0,4529.0,890.0,890.0,3040.0,1000.0,1015.0,890.0,890.0,3040.0,0.0,1580.0,0
2960,280000.0,2,3,2,33,-1,-1,-1,-1,-1,-1,2186.0,2186.0,2184.0,2542.0,2186.0,2109.0,2196.0,2194.0,2554.0,2196.0,2119.0,17555.0,0
2965,170000.0,2,2,1,33,0,0,0,0,0,0,172382.0,173101.0,171158.0,121399.0,118539.0,121276.0,6558.0,6316.0,3828.0,3569.0,3959.0,3997.0,0
2978,300000.0,1,1,2,25,0,0,0,0,0,0,76918.0,41773.0,31180.0,19507.0,18169.0,18533.0,4103.0,1427.0,600.0,1200.0,2500.0,18000.0,0
2986,120000.0,1,2,2,27,0,0,0,0,0,0,33474.0,29029.0,26523.0,20554.0,19348.0,17439.0,1789.0,2037.0,659.0,802.0,640.0,513.0,0
3004,50000.0,1,1,1,41,2,0,0,0,0,0,39159.0,40194.0,41209.0,42125.0,43443.0,44476.0,1669.0,1684.0,1600.0,2000.0,1753.0,1696.0,1
3009,20000.0,1,2,2,25,0,0,0,0,0,0,15006.0,16166.0,17160.0,16760.0,16760.0,0.0,1406.0,1400.0,0.0,0.0,0.0,0.0,0
3010,30000.0,1,3,2,25,2,2,2,0,0,2,22440.0,24168.0,23481.0,23950.0,25659.0,25098.0,2390.0,0.0,859.0,2097.0,0.0,1092.0,1
3014,180000.0,2,1,2,28,-2,-2,-2,-2,-2,-2,584.0,1133.0,572.0,803.0,916.0,1189.0,1133.0,572.0,803.0,916.0,1189.0,375.0,0
3032,20000.0,1,2,2,22,0,0,2,0,0,0,8134.0,9992.0,10526.0,11049.0,11865.0,12665.0,2000.0,1000.0,1000.0,1000.0,1000.0,8100.0,0
3053,280000.0,1,1,1,44,1,-2,-2,-2,-2,-1,-136.0,-496.0,-856.0,-1216.0,-1576.0,4266.0,360.0,360.0,360.0,317.0,6252.0,8.0,0
3057,200000.0,1,3,0,36,-2,-2,-2,-2,-2,-2,5644.0,82620.0,14129.0,41359.0,9140.0,0.0,89187.0,14178.0,41359.0,9140.0,0.0,0.0,0
3059,50000.0,1,2,1,37,-1,-1,-1,-1,-1,-1,4719.0,22449.0,6640.0,5410.0,9570.0,1500.0,22530.0,6640.0,5410.0,9570.0,1500.0,0.0,0
3060,180000.0,1,1,2,26,0,0,0,-1,-1,-1,24464.0,25332.0,11991.0,4394.0,200.0,200.0,1573.0,3007.0,4394.0,200.0,200.0,200.0,0
3065,430000.0,2,2,1,42,0,0,0,0,0,0,89395.0,90052.0,90604.0,91200.0,92134.0,92834.0,3243.0,3200.0,3185.0,3500.0,3500.0,3420.0,0
3073,210000.0,1,2,1,40,-1,-1,0,0,0,0,5130.0,15266.0,11423.0,9329.0,12329.0,10039.0,15266.0,2500.0,1200.0,3000.0,1077.0,2104.0,0
3076,200000.0,2,1,2,29,1,2,0,0,2,2,16198.0,14320.0,15439.0,14757.0,14275.0,13680.0,0.0,5000.0,1000.0,0.0,2000.0,0.0,0
3087,30000.0,2,2,2,24,2,2,7,7,7,7,300.0,300.0,300.0,300.0,300.0,300.0,0.0,0.0,0.0,0.0,0.0,0.0,0
3094,230000.0,2,1,2,30,2,2,2,2,2,2,216409.0,221419.0,224753.0,228022.0,232724.0,260472.0,10000.0,8500.0,8500.0,8500.0,32000.0,200.0,0
3096,360000.0,2,1,1,39,-1,-1,-1,-1,-1,-1,165.0,853.0,165.0,300.0,0.0,1790.0,853.0,165.0,300.0,0.0,1790.0,0.0,0
3101,400000.0,2,3,1,41,0,0,0,0,0,0,18487.0,12366.0,13010.0,12620.0,17945.0,20030.0,2620.0,1000.0,0.0,13945.0,7116.0,1280.0,1
3102,280000.0,1,2,2,28,-2,-2,-2,-2,-2,-2,1799.0,1768.0,1848.0,-8.0,1601.0,-3.0,1782.0,1857.0,0.0,1609.0,3.0,1077.0,0
3105,330000.0,1,1,1,42,0,0,0,0,0,0,241191.0,114291.0,113296.0,35048.0,36491.0,37252.0,10000.0,5449.0,5000.0,2000.0,2000.0,5000.0,0
3106,350000.0,2,2,1,33,-2,-2,-1,0,0,0,-7438.0,144562.0,147437.0,135043.0,137980.0,138908.0,152000.0,6000.0,5000.0,4000.0,4017.0,5000.0,0
3109,260000.0,1,2,2,28,0,0,0,0,0,0,234867.0,237497.0,215343.0,205576.0,207688.0,198955.0,10500.0,9150.0,7500.0,8000.0,7500.0,7100.0,0
3112,70000.0,1,3,1,47,0,0,0,0,0,0,67670.0,62529.0,59024.0,26008.0,28210.0,18296.0,2730.0,2490.0,1000.0,5746.0,2000.0,143.0,0
3120,260000.0,1,1,2,28,-1,-1,-1,-1,-1,-1,76996.0,11515.0,13392.0,22209.0,54807.0,62534.0,11515.0,13419.0,22209.0,54807.0,62534.0,37935.0,0
3121,110000.0,1,2,1,36,0,0,0,0,0,0,109361.0,102505.0,103834.0,76491.0,77245.0,78049.0,3940.0,3256.0,2696.0,2780.0,2900.0,3000.0,0
3123,280000.0,2,1,2,32,0,0,0,0,0,0,157480.0,155362.0,156387.0,159584.0,163009.0,161769.0,6400.0,6100.0,5600.0,5805.0,7007.0,5400.0,0
3134,210000.0,2,2,1,37,0,0,-2,-2,-2,-2,22908.0,32513.0,6192.0,2885.0,8419.0,2810.0,32513.0,9.0,8.0,8444.0,3118.0,0.0,1
3136,100000.0,2,1,2,26,0,0,0,0,0,0,96353.0,99710.0,102093.0,97701.0,99322.0,98787.0,4900.0,5000.0,4000.0,3800.0,3710.0,4100.0,0
3141,20000.0,2,2,2,49,1,2,2,2,0,0,18718.0,18132.0,19530.0,18950.0,16510.0,19386.0,0.0,3000.0,0.0,1000.0,3000.0,2000.0,1
3142,80000.0,2,2,2,24,-2,-2,-2,-2,-2,-2,0.0,0.0,0.0,0.0,0.0,0.0,0.0,0.0,0.0,0.0,0.0,400.0,0
3144,70000.0,2,2,1,41,2,2,2,2,2,2,50241.0,51145.0,50022.0,53390.0,54579.0,55722.0,2000.0,0.0,4200.0,2200.0,2200.0,2200.0,1
3180,500000.0,2,2,1,27,-2,-2,-2,-2,-2,-2,11354.0,9983.0,13570.0,10000.0,10000.0,10000.0,9983.0,13587.0,10000.0,10000.0,10000.0,25304.0,0
3195,20000.0,2,1,2,38,-1,0,0,3,2,2,3527.0,4556.0,5867.0,5495.0,5126.0,5899.0,1241.0,1700.0,0.0,0.0,1000.0,0.0,1
3201,60000.0,2,2,1,26,0,0,2,0,0,0,60597.0,61332.0,58787.0,58472.0,57777.0,60985.0,5504.0,0.0,2304.0,2261.0,4600.0,2100.0,1
3202,20000.0,1,1,1,30,1,2,2,2,2,0,6885.0,8627.0,8340.0,10044.0,9739.0,10571.0,2000.0,0.0,1855.0,0.0,1000.0,397.0,1
3216,340000.0,2,2,1,31,-1,0,0,0,0,0,33639.0,37373.0,40990.0,42415.0,38367.0,37940.0,5000.0,5000.0,3000.0,2000.0,2000.0,3000.0,0
3218,320000.0,1,3,2,52,0,0,0,0,0,0,31858.0,33562.0,35119.0,36886.0,38756.0,40543.0,5000.0,5000.0,5000.0,5000.0,5000.0,5000.0,0
3223,200000.0,1,2,2,33,1,2,2,2,0,0,98990.0,96566.0,103019.0,100464.0,102844.0,105505.0,0.0,9000.0,0.0,4000.0,4500.0,4000.0,0
3225,130000.0,2,3,1,25,0,0,0,0,0,0,132110.0,133734.0,129299.0,131871.0,132168.0,129779.0,6359.0,4505.0,4530.0,4798.0,4600.0,4655.0,0
3226,20000.0,2,3,1,44,0,0,2,0,0,-2,17095.0,19112.0,17980.0,18780.0,0.0,0.0,3000.0,0.0,1000.0,1000.0,0.0,0.0,0
3227,120000.0,2,5,1,57,0,0,0,0,0,0,116497.0,109247.0,98109.0,74387.0,75237.0,78967.0,5000.0,5007.0,5000.0,5000.0,5000.0,5000.0,0
3240,240000.0,2,2,1,44,-2,-1,-1,2,2,3,16925.0,1411.0,1696.0,1437.0,2714.0,2202.0,1411.0,1200.0,0.0,1479.0,0.0,0.0,0
3242,200000.0,1,3,1,40,2,0,0,2,2,2,91368.0,92989.0,99704.0,101169.0,103401.0,109831.0,4000.0,8300.0,4000.0,4000.0,8300.0,0.0,1
3247,310000.0,1,1,1,33,-2,-2,-2,-2,-2,-2,0.0,0.0,0.0,0.0,0.0,0.0,0.0,0.0,0.0,0.0,0.0,0.0,0
3251,130000.0,2,1,2,27,0,0,0,0,0,0,86883.0,99516.0,77188.0,78304.0,79941.0,81648.0,40000.0,3400.0,3000.0,3052.0,3190.0,3300.0,0
3252,50000.0,1,5,1,30,0,0,0,0,0,0,47311.0,44136.0,17865.0,6431.0,6939.0,4509.0,2900.0,1035.0,500.0,508.0,410.0,0.0,0
3253,210000.0,2,2,1,33,-1,-1,-1,-2,-1,-1,98.0,1090.0,0.0,0.0,580.0,500.0,1120.0,0.0,0.0,580.0,500.0,0.0,0
3257,80000.0,2,2,2,24,2,2,3,2,3,2,75444.0,80025.0,78129.0,82581.0,81053.0,79133.0,6400.0,0.0,6300.0,0.0,0.0,5000.0,1
3259,530000.0,1,1,2,32,-2,-2,-1,0,0,0,12451.0,24095.0,15688.0,24511.0,12144.0,34963.0,24120.0,15791.0,12808.0,8090.0,34110.0,90231.0,0
3260,20000.0,1,2,2,46,0,0,0,0,0,0,20376.0,19927.0,19907.0,19349.0,17484.0,-1216.0,2000.0,1500.0,607.0,1360.0,1300.0,20538.0,0
3268,420000.0,1,1,2,29,0,0,0,0,0,0,194505.0,144086.0,144169.0,122453.0,120509.0,119783.0,5479.0,5502.0,4193.0,5006.0,4503.0,4003.0,0
3277,160000.0,2,2,2,24,0,0,0,0,0,0,157389.0,158475.0,162309.0,162462.0,160085.0,158236.0,6800.0,6500.0,6000.0,6200.0,6200.0,6000.0,0
3281,300000.0,2,1,2,39,-1,-1,-1,-1,-1,-1,729.0,0.0,236.0,766.0,227.0,0.0,0.0,236.0,800.0,227.0,0.0,0.0,0
3283,110000.0,2,3,1,52,1,-2,-1,-1,-2,-2,0.0,0.0,1000.0,0.0,0.0,0.0,0.0,1000.0,0.0,0.0,0.0,0.0,0
3286,280000.0,1,1,1,35,0,0,0,0,2,0,146368.0,244092.0,210226.0,177595.0,153181.0,145852.0,101585.0,90762.0,50119.0,282.0,50436.0,54184.0,0
3287,180000.0,2,1,2,47,1,-2,-1,-1,-2,-1,-6.0,-6.0,1251.0,0.0,0.0,679.0,0.0,1257.0,0.0,0.0,679.0,421.0,0
3288,30000.0,2,1,1,30,2,2,2,3,2,2,12109.0,12917.0,13909.0,13394.0,13036.0,15019.0,1300.0,1500.0,0.0,0.0,2200.0,0.0,1
3294,30000.0,1,1,2,23,0,0,0,0,0,0,29025.0,28331.0,29792.0,30106.0,30318.0,28985.0,1507.0,5538.0,1030.0,1500.0,1500.0,1500.0,0
3305,220000.0,2,2,2,29,0,0,0,0,0,0,36106.0,33494.0,29518.0,29569.0,28587.0,21201.0,3000.0,3000.0,6000.0,5000.0,1136.0,10000.0,1
3311,110000.0,2,1,1,31,2,2,2,0,0,0,107507.0,108067.0,83164.0,79428.0,80235.0,79412.0,7960.0,0.0,3000.0,3000.0,3100.0,3000.0,1
3320,210000.0,2,2,2,27,-1,-1,-1,0,0,2,5353.0,280.0,4609.0,4703.0,6324.0,1621.0,280.0,4609.0,94.0,1621.0,0.0,32.0,0
3326,140000.0,2,1,2,28,0,0,0,0,0,0,138036.0,140922.0,144072.0,142381.0,142807.0,141635.0,6600.0,7000.0,5300.0,6000.0,5500.0,5500.0,1
3330,320000.0,2,2,1,35,0,0,0,2,0,0,4050.0,4914.0,6630.0,6393.0,9721.0,10584.0,1073.0,1789.0,0.0,3425.0,1000.0,3425.0,0
3347,250000.0,2,2,1,33,2,2,-2,-2,-2,-2,2500.0,0.0,0.0,0.0,0.0,0.0,0.0,0.0,0.0,0.0,0.0,0.0,1
3364,420000.0,1,2,1,37,0,0,0,0,0,0,415257.0,411624.0,388363.0,390003.0,398229.0,409615.0,16850.0,15522.0,14000.0,14500.0,18007.0,12733.0,1
3365,140000.0,1,2,1,28,-1,-1,-1,2,-1,-1,6007.0,7332.0,7983.0,3277.0,2964.0,4791.0,7340.0,7983.0,0.0,2964.0,4800.0,2353.0,1
3377,350000.0,2,2,2,37,0,0,0,0,0,0,128146.0,117713.0,51961.0,46207.0,35052.0,12536.0,4052.0,1700.0,1500.0,2000.0,500.0,2000.0,0
3387,360000.0,1,1,2,29,-1,-1,-1,-1,-1,-1,5143.0,2092.0,1864.0,969.0,2500.0,0.0,6159.0,1870.0,969.0,2500.0,0.0,0.0,0
3390,270000.0,1,3,1,32,3,2,0,0,0,0,150616.0,146262.0,149449.0,150893.0,153878.0,157324.0,0.0,7100.0,5500.0,6000.0,6000.0,5100.0,0
3394,260000.0,2,1,2,30,0,0,0,0,-1,-1,83138.0,93416.0,84117.0,28683.0,3154.0,13603.0,14038.0,5018.0,10000.0,3154.0,13603.0,9189.0,0
3395,90000.0,1,1,2,33,-1,-1,2,-1,-1,2,1650.0,721.0,421.0,2754.0,309.0,159.0,721.0,0.0,2833.0,1000.0,0.0,2000.0,0
3400,50000.0,1,3,2,22,0,0,0,0,-1,-1,6673.0,5054.0,2340.0,1990.0,1377.0,1080.0,1056.0,1000.0,40.0,1377.0,1080.0,382.0,1
3407,170000.0,2,1,2,26,0,0,0,0,0,0,47642.0,40779.0,34570.0,33153.0,24969.0,22893.0,4000.0,2006.0,1000.0,1000.0,1000.0,1000.0,0
3414,150000.0,1,1,2,33,1,2,2,2,0,0,88590.0,85800.0,91242.0,88399.0,89629.0,94637.0,0.0,7400.0,0.0,3300.0,7000.0,0.0,1
3419,50000.0,1,3,1,54,2,0,0,-1,0,0,55518.0,52931.0,55122.0,33975.0,18827.0,19222.0,3000.0,4000.0,53083.0,1268.0,708.0,664.0,0
3423,80000.0,1,2,2,35,0,0,0,0,0,0,26994.0,28659.0,57803.0,27562.0,28224.0,28867.0,2000.0,30000.0,1000.0,1000.0,1000.0,1500.0,0
3431,240000.0,2,2,1,40,-1,-1,-1,0,-1,2,3571.0,2298.0,2632.0,904.0,5559.0,2748.0,2309.0,2637.0,2.0,5567.0,8.0,2730.0,1
3433,240000.0,2,1,2,40,-1,2,2,-2,-1,-1,1841.0,764.0,-13.0,-13.0,687.0,-44.0,2.0,0.0,0.0,700.0,0.0,0.0,0
3438,290000.0,2,3,1,49,0,0,0,-1,-1,0,169004.0,166920.0,153092.0,3804.0,155233.0,148003.0,7600.0,7521.0,3804.0,160897.0,5198.0,6000.0,0
3439,200000.0,2,1,1,34,-1,-1,-1,-1,0,0,3987.0,1631.0,21698.0,12657.0,11349.0,9006.0,1631.0,21698.0,12657.0,569.0,3000.0,25000.0,0
3443,300000.0,2,2,1,37,1,-2,-2,-1,-1,-1,0.0,0.0,0.0,363.0,0.0,944.0,0.0,0.0,363.0,0.0,944.0,2000.0,1
3467,200000.0,1,1,1,52,-1,-1,-1,-1,-1,-1,1015.0,932.0,1453.0,821.0,1123.0,878.0,934.0,1461.0,823.0,1126.0,880.0,926.0,0
3470,220000.0,2,2,1,41,0,0,0,0,0,0,126532.0,90013.0,91191.0,86139.0,83743.0,78555.0,4500.0,4006.0,3000.0,3000.0,3000.0,6000.0,0
3479,500000.0,2,1,2,36,-1,-1,-1,-1,-1,-1,10935.0,4079.0,3943.0,3338.0,1224.0,31022.0,4081.0,4283.0,3338.0,1224.0,31022.0,1088.0,0
3485,100000.0,1,2,2,27,0,0,0,0,0,0,99668.0,100181.0,99156.0,80234.0,80090.0,79494.0,4850.0,3740.0,2798.0,2865.0,3020.0,2377.0,0
3496,100000.0,2,3,1,59,1,-1,0,-1,-1,-1,0.0,7240.0,7702.0,1550.0,12079.0,35920.0,7240.0,1000.0,1558.0,12079.0,35920.0,0.0,0
3519,360000.0,1,1,1,34,-1,-1,-1,-1,-1,-1,997.0,1267.0,3935.0,2437.0,2797.0,256.0,1270.0,3946.0,2444.0,2805.0,258.0,1.0,0
3529,100000.0,2,2,1,24,0,0,0,0,0,0,68963.0,64880.0,60536.0,55708.0,51724.0,48671.0,3000.0,2700.0,2000.0,1900.0,1700.0,1794.0,0
3536,90000.0,1,1,1,35,0,0,2,2,2,2,15952.0,18780.0,19177.0,18574.0,19721.0,19254.0,3100.0,1000.0,0.0,1600.0,0.0,800.0,1
3541,100000.0,2,2,1,40,1,2,2,-1,0,-1,4535.0,3546.0,-2106.0,8538.0,390.0,150.0,0.0,0.0,10644.0,0.0,150.0,780.0,1
3542,80000.0,1,2,2,39,0,0,0,0,0,0,55084.0,51265.0,47950.0,48869.0,49445.0,49979.0,3012.0,2100.0,2001.0,2001.0,2000.0,1782.0,0
3543,20000.0,2,2,2,31,0,0,-1,-1,-1,-2,5526.0,5561.0,2935.0,5909.0,0.0,0.0,1032.0,2938.0,6039.0,0.0,0.0,0.0,0
3550,50000.0,1,2,1,28,0,0,-1,-1,-1,-1,20914.0,29303.0,2515.0,7885.0,14493.0,2113.0,10087.0,2522.0,7951.0,14493.0,2120.0,3027.0,0
3552,500000.0,1,1,1,46,-1,-1,-1,-1,-1,-1,3580.0,18785.0,10742.0,37171.0,6192.0,31453.0,18785.0,10742.0,37171.0,6192.0,31453.0,12333.0,0
3561,80000.0,1,3,1,57,2,2,2,2,2,2,7431.0,9895.0,9937.0,9629.0,10571.0,10749.0,2600.0,350.0,0.0,1100.0,500.0,1300.0,1
3562,90000.0,1,2,2,33,2,2,2,2,2,2,62011.0,63426.0,64288.0,65236.0,66639.0,67893.0,3000.0,2500.0,2600.0,2600.0,2500.0,2800.0,1
3577,500000.0,2,1,2,37,-1,-1,-1,-1,0,0,4168.0,19169.0,22893.0,52002.0,16521.0,-38.0,19169.0,22893.0,53198.0,0.0,0.0,12000.0,0
3584,10000.0,1,3,1,51,2,2,2,2,0,0,3577.0,6012.0,6066.0,5820.0,6026.0,7680.0,2500.0,300.0,0.0,300.0,1774.0,284.0,1
3601,210000.0,2,2,1,49,1,-2,-2,-2,-2,-2,0.0,0.0,0.0,0.0,0.0,0.0,0.0,0.0,0.0,0.0,0.0,0.0,0
3615,150000.0,1,3,2,32,1,-1,0,0,0,0,3706.0,40093.0,65063.0,69046.0,60619.0,61096.0,40093.0,30000.0,10000.0,10030.0,5000.0,5000.0,0
3625,290000.0,2,2,1,48,-1,-1,-1,-1,-1,-1,31386.0,31394.0,1369.0,15010.0,3280.0,0.0,31401.0,1369.0,15010.0,3280.0,0.0,3357.0,0
3631,30000.0,2,2,2,22,0,-1,-1,-1,-1,-2,3158.0,5547.0,3312.0,3145.0,3022.0,3247.0,5572.0,3321.0,3154.0,3031.0,3339.0,2921.0,0
3632,260000.0,2,1,2,35,0,0,0,0,0,0,20556.0,25256.0,50175.0,46516.0,42815.0,39004.0,9581.0,30000.0,1590.0,1472.0,1317.0,1314.0,0
3635,130000.0,2,2,1,28,0,0,0,-1,-1,-1,71983.0,71514.0,73274.0,3541.0,3333.0,3333.0,4000.0,7000.0,3600.0,3333.0,3333.0,3110.0,0
3638,20000.0,1,2,1,34,0,0,0,0,0,0,17179.0,17815.0,9519.0,10469.0,14272.0,15033.0,1300.0,1500.0,1415.0,4000.0,1000.0,1000.0,1
3645,30000.0,1,2,1,34,2,0,0,0,0,2,27358.0,25652.0,26723.0,27104.0,28616.0,29102.0,1750.0,1800.0,1118.0,2100.0,1100.0,0.0,0
3647,220000.0,1,3,1,41,-2,-2,-2,-2,-2,-2,10804.0,34407.0,14510.0,7229.0,12806.0,35433.0,34415.0,14565.0,7229.0,12806.0,35433.0,11405.0,0
3653,180000.0,2,2,1,26,0,0,0,0,0,0,186248.0,178001.0,145248.0,58142.0,22312.0,7340.0,18000.0,5044.0,6506.0,500.0,500.0,2000.0,0
3672,80000.0,2,2,2,26,0,-1,0,0,0,-1,509.0,437.0,3586.0,2248.0,2222.0,4822.0,525.0,3519.0,2201.0,2203.0,8389.0,8048.0,0
3674,20000.0,1,3,1,47,2,2,2,2,2,0,14328.0,17196.0,17418.0,17608.0,17187.0,17528.0,3114.0,800.0,770.0,0.0,776.0,549.0,1
3694,50000.0,1,1,2,29,-1,0,0,2,0,0,20258.0,22932.0,22265.0,23896.0,26514.0,28073.0,3000.0,0.0,2000.0,3000.0,2000.0,1500.0,0
3706,80000.0,2,3,2,34,1,-2,-2,-2,-2,-2,0.0,0.0,0.0,0.0,0.0,0.0,0.0,0.0,0.0,0.0,0.0,0.0,0
3708,140000.0,2,1,2,27,0,0,0,0,0,0,143536.0,141849.0,131491.0,94362.0,85863.0,83974.0,5341.0,4000.0,3500.0,3000.0,13000.0,2300.0,0
3711,180000.0,2,5,1,39,0,0,0,0,0,0,84484.0,79099.0,77640.0,78369.0,80010.0,83683.0,3007.0,2804.0,2802.0,2901.0,5000.0,80000.0,0
3725,50000.0,2,2,2,29,-2,-2,-2,-2,-2,-2,5520.0,0.0,0.0,0.0,0.0,0.0,0.0,0.0,0.0,0.0,0.0,0.0,0
3727,250000.0,2,1,1,38,-1,-1,-1,-1,-1,-1,532.0,1106.0,771.0,625.0,1099.0,326.0,1106.0,771.0,625.0,1099.0,326.0,326.0,0
3731,80000.0,2,3,1,52,2,0,0,-1,0,0,82198.0,80531.0,42334.0,39137.0,39074.0,40103.0,3543.0,1139.0,40003.0,2000.0,2100.0,24.0,0
3732,410000.0,1,2,1,36,-2,-2,-2,-2,-2,-2,41116.0,38144.0,31177.0,27185.0,13818.0,8477.0,5071.0,3041.0,3096.0,3845.0,212.0,3.0,0
3737,430000.0,2,1,2,31,-2,-2,-1,0,0,0,10226.0,5671.0,52983.0,70672.0,52378.0,56360.0,5873.0,52983.0,35002.0,10203.0,7500.0,10000.0,0
3740,150000.0,2,1,1,37,0,0,-1,-1,-1,-2,26416.0,18915.0,16047.0,17633.0,0.0,0.0,2497.0,16047.0,18776.0,0.0,0.0,0.0,0
3742,40000.0,1,2,1,47,1,2,2,3,2,0,37611.0,36726.0,40985.0,40085.0,39354.0,40322.0,0.0,4898.0,0.0,0.0,1800.0,3000.0,0
3743,280000.0,2,1,1,34,-1,0,0,0,0,0,11584.0,12211.0,10247.0,10247.0,6170.0,11170.0,7011.0,3000.0,0.0,123.0,5000.0,0.0,1
3746,290000.0,1,1,1,39,-1,-1,-1,-1,-2,-2,1757.0,3555.0,2256.0,2830.0,1682.0,1235.0,3579.0,2262.0,2830.0,1682.0,1235.0,1280.0,0
3752,180000.0,2,1,2,29,-1,-1,-1,-1,-2,-2,1010.0,3070.0,307.0,0.0,0.0,0.0,3394.0,307.0,0.0,0.0,0.0,0.0,0
3762,30000.0,1,3,1,57,0,0,0,0,0,0,20976.0,22332.0,23654.0,24952.0,26551.0,29598.0,2000.0,2000.0,2000.0,2000.0,4500.0,0.0,0
3764,70000.0,2,2,2,22,0,0,0,0,0,-1,68247.0,68263.0,22551.0,16008.0,0.0,13180.0,2120.0,1010.0,328.0,0.0,13180.0,2000.0,0
3774,140000.0,2,1,1,66,1,-2,-2,-2,-1,2,0.0,0.0,0.0,0.0,825.0,675.0,0.0,0.0,0.0,825.0,0.0,23715.0,0
3776,230000.0,1,2,2,34,0,0,0,0,0,0,151778.0,152966.0,157188.0,158490.0,161456.0,164677.0,5556.0,7200.0,5820.0,6100.0,6500.0,5100.0,0
3778,10000.0,1,2,2,24,0,0,0,2,0,0,5803.0,6849.0,8371.0,8090.0,8261.0,8773.0,1300.0,1800.0,0.0,450.0,800.0,0.0,0
3798,80000.0,1,1,2,25,-2,-2,-2,-2,-2,-2,0.0,0.0,0.0,0.0,0.0,150.0,0.0,0.0,0.0,30000.0,150.0,657.0,0
3806,140000.0,2,2,1,27,1,2,2,0,0,0,139058.0,140243.0,132693.0,135638.0,132105.0,134851.0,4900.0,0.0,5200.0,5000.0,5100.0,4800.0,0
3809,220000.0,1,1,2,35,0,0,0,0,0,0,158882.0,164258.0,161778.0,165741.0,175823.0,29765.0,8000.0,5669.0,7599.0,14800.0,2303.0,2000.0,0
3811,80000.0,2,3,2,46,0,0,0,0,0,0,76184.0,78306.0,79835.0,40499.0,41346.0,42348.0,3345.0,3344.0,1447.0,1497.0,1686.0,1509.0,0
3812,130000.0,1,2,2,28,2,2,0,0,0,0,70952.0,69264.0,70184.0,8518.0,11296.0,6514.0,0.0,3000.0,2000.0,3000.0,2000.0,0.0,1
3814,60000.0,2,2,1,42,0,0,0,0,0,0,58264.0,57923.0,58987.0,17350.0,17937.0,17298.0,3200.0,3000.0,800.0,1000.0,1000.0,1000.0,0
3819,200000.0,1,2,1,35,1,-2,-2,-2,-2,-2,0.0,0.0,0.0,0.0,0.0,0.0,0.0,0.0,0.0,0.0,0.0,28027.0,0
3821,220000.0,1,1,1,42,0,0,2,2,-2,-2,3208.0,9134.0,8820.0,1502.0,4505.0,3766.0,6000.0,0.0,0.0,3003.0,31.0,4007.0,0
3828,20000.0,1,3,2,22,0,0,0,0,0,0,11242.0,11070.0,11788.0,9607.0,9191.0,0.0,1282.0,1000.0,192.0,184.0,0.0,0.0,0
3831,230000.0,2,2,2,37,-2,-2,-2,-2,-2,-2,0.0,0.0,0.0,0.0,0.0,0.0,0.0,0.0,0.0,0.0,0.0,0.0,0
3833,120000.0,2,3,1,48,-1,2,-1,-1,0,-1,3845.0,199.0,1823.0,3646.0,1823.0,1823.0,0.0,1823.0,3646.0,0.0,1823.0,1823.0,1
3840,50000.0,1,3,2,28,2,2,2,0,0,2,28129.0,29184.0,28421.0,28751.0,30685.0,30040.0,1800.0,0.0,1100.0,2400.0,0.0,1500.0,1
3841,240000.0,2,1,1,54,0,0,0,0,2,0,60381.0,64395.0,66323.0,70422.0,69170.0,71018.0,5000.0,3000.0,5200.0,0.0,3000.0,5400.0,0
3852,20000.0,2,3,2,38,1,-1,-1,-1,-1,-2,0.0,3796.0,5081.0,888.0,0.0,0.0,3796.0,5081.0,888.0,0.0,0.0,0.0,1
3862,170000.0,2,2,1,39,0,0,0,2,0,0,114007.0,117677.0,124636.0,121232.0,124199.0,129346.0,7000.0,10500.0,0.0,5000.0,11000.0,4500.0,1
3870,90000.0,2,1,2,26,1,2,2,-1,-1,2,23812.0,15616.0,11988.0,32658.0,30885.0,26639.0,0.0,1525.0,35011.0,3000.0,0.0,2000.0,0
3877,390000.0,2,1,2,43,0,0,0,0,0,0,90294.0,87292.0,88335.0,89396.0,90769.0,91825.0,3200.0,3200.0,3200.0,3500.0,3300.0,4000.0,0
3881,300000.0,1,3,2,51,-1,-1,-1,-1,-1,-1,18341.0,19847.0,6246.0,3872.0,11875.0,5290.0,19854.0,6279.0,3883.0,11883.0,5305.0,9998.0,0
3883,200000.0,1,1,1,34,-1,-1,-1,-1,0,0,5392.0,1938.0,4819.0,13074.0,2070.0,0.0,1938.0,4819.0,13074.0,0.0,0.0,790.0,0
3884,50000.0,1,2,2,24,0,0,0,0,0,0,33715.0,22824.0,17144.0,18104.0,19205.0,19014.0,6600.0,1900.0,1500.0,1500.0,1500.0,1500.0,0
3885,20000.0,1,2,2,24,-1,-1,2,-1,0,0,390.0,780.0,390.0,780.0,780.0,0.0,780.0,0.0,780.0,0.0,0.0,0.0,1
3893,170000.0,2,1,1,36,-1,-1,-1,-1,-1,-1,1218.0,2434.0,1537.0,2156.0,1898.0,2656.0,2434.0,1537.0,2156.0,1898.0,2656.0,1626.0,0
3895,100000.0,1,2,2,27,0,0,0,0,0,0,82609.0,81989.0,82466.0,78234.0,75615.0,76849.0,3106.0,3000.0,2805.0,2739.0,3085.0,2958.0,0
3896,30000.0,2,2,2,22,0,-1,2,-1,-1,-1,1924.0,7096.0,2982.0,1732.0,3836.0,2461.0,7096.0,0.0,1732.0,3836.0,2461.0,3704.0,0
3902,50000.0,2,2,2,27,1,2,2,2,2,2,8951.0,8862.0,10061.0,9751.0,11585.0,11250.0,200.0,1500.0,0.0,2000.0,0.0,1600.0,1
3903,50000.0,1,2,1,33,0,0,0,0,0,0,16149.0,13662.0,14675.0,14967.0,15282.0,15585.0,1223.0,1236.0,528.0,548.0,550.0,569.0,0
3909,50000.0,1,2,2,24,0,0,0,0,0,0,47530.0,46155.0,28650.0,19659.0,19802.0,19699.0,1537.0,1679.0,688.0,713.0,858.0,660.0,0
3913,80000.0,1,2,1,26,0,0,0,0,0,0,67692.0,63789.0,65771.0,28690.0,29137.0,29569.0,2763.0,3500.0,900.0,700.0,700.0,700.0,0
3914,390000.0,1,1,1,44,-1,-1,-1,0,0,-1,4197.0,4688.0,63661.0,60616.0,61357.0,2798.0,4711.0,63701.0,1214.0,1241.0,2812.0,46220.0,0
3920,360000.0,1,1,2,26,1,-2,-2,-2,-2,-1,-1917.0,-1917.0,-1917.0,-1917.0,-1917.0,18083.0,0.0,0.0,0.0,0.0,20000.0,1000.0,0
3927,20000.0,1,2,2,24,0,0,0,0,0,0,17697.0,18445.0,19382.0,18440.0,18826.0,17311.0,1634.0,1571.0,629.0,652.0,618.0,640.0,0
3928,240000.0,2,3,2,40,0,0,0,0,0,0,227819.0,222299.0,227281.0,195027.0,199186.0,203475.0,8200.0,8800.0,7000.0,7200.0,7500.0,7800.0,1
3929,480000.0,2,1,1,50,-1,-1,-1,-1,-1,-1,14638.0,11940.0,12318.0,6295.0,5284.0,6220.0,11956.0,12331.0,6295.0,5284.0,6220.0,9104.0,0
3935,50000.0,1,2,2,27,0,0,0,-1,-1,-2,25140.0,23936.0,11107.0,1210.0,0.0,0.0,1252.0,1093.0,1210.0,0.0,0.0,0.0,0
3938,60000.0,2,1,2,30,1,2,2,2,2,2,41259.0,40715.0,43153.0,43845.0,44795.0,45710.0,400.0,3406.0,1700.0,1800.0,1800.0,0.0,0
3940,500000.0,1,2,1,40,0,0,0,0,0,-2,30415.0,31645.0,32556.0,36642.0,-8.0,-8.0,2006.0,3000.0,5080.0,8.0,0.0,0.0,0
3941,270000.0,2,2,1,34,0,0,0,0,0,0,74813.0,75221.0,73293.0,72213.0,74734.0,76089.0,3000.0,4000.0,4000.0,5000.0,4000.0,5000.0,0
3942,410000.0,2,1,2,34,1,-1,-1,-2,-2,-1,0.0,13621.0,0.0,0.0,0.0,666.0,13621.0,0.0,0.0,0.0,666.0,0.0,1
3948,170000.0,1,3,1,44,1,-2,-2,-2,-2,-2,0.0,0.0,0.0,0.0,0.0,0.0,0.0,0.0,0.0,0.0,0.0,0.0,0
3955,420000.0,2,1,2,30,0,0,0,0,-1,-1,34567.0,36416.0,7406.0,0.0,12150.0,150.0,10000.0,2056.0,0.0,12150.0,150.0,399.0,0
3962,240000.0,2,1,2,28,0,0,0,0,0,0,237633.0,200572.0,189615.0,197092.0,201528.0,197155.0,7065.0,6002.0,10002.0,7030.0,6275.0,8088.0,0
3968,50000.0,1,2,1,53,0,0,2,2,0,0,12291.0,14295.0,9714.0,9047.0,8983.0,9289.0,3300.0,1000.0,0.0,1000.0,1000.0,1423.0,0
3971,250000.0,1,1,1,31,-2,-2,-1,-1,-1,-1,3759.0,17694.0,14505.0,4757.0,11357.0,6679.0,8873.0,14548.0,4771.0,11491.0,6896.0,890.0,0
3972,290000.0,1,3,1,47,2,0,0,0,0,-1,255412.0,217382.0,250549.0,31370.0,-4020.0,107239.0,5130.0,4647.0,949.0,4391.0,146216.0,60686.0,1
3988,210000.0,2,1,1,34,0,0,0,0,0,0,146756.0,150057.0,153238.0,156384.0,160056.0,163188.0,5500.0,5510.0,5500.0,6000.0,6000.0,6000.0,0
3992,50000.0,2,2,2,56,0,0,-1,0,0,-1,30121.0,31295.0,19100.0,18900.0,0.0,3900.0,2295.0,19100.0,0.0,0.0,3900.0,0.0,0
4008,100000.0,2,3,2,24,1,-2,-2,-2,-1,-1,0.0,0.0,0.0,0.0,2483.0,0.0,0.0,0.0,0.0,2483.0,0.0,80.0,0
4009,130000.0,2,2,2,24,1,-2,-2,-2,-2,-2,0.0,0.0,0.0,0.0,0.0,0.0,0.0,0.0,0.0,0.0,0.0,0.0,0
4014,20000.0,2,2,2,22,4,3,2,2,2,2,19529.0,18937.0,18335.0,19530.0,19076.0,20444.0,0.0,0.0,1500.0,0.0,1700.0,0.0,1
4020,30000.0,2,2,1,27,2,2,2,2,2,2,27896.0,26835.0,28690.0,27633.0,29184.0,28776.0,0.0,2659.0,0.0,2309.0,1087.0,0.0,1
4021,50000.0,1,2,2,23,0,0,0,0,0,0,49798.0,50795.0,50150.0,9658.0,10011.0,9345.0,2193.0,2040.0,330.0,492.0,332.0,500.0,0
4026,250000.0,2,3,2,36,-1,0,0,0,0,0,44242.0,58876.0,73068.0,102311.0,75543.0,88283.0,25000.0,24000.0,30000.0,25000.0,30000.0,25000.0,0
4042,20000.0,1,2,2,36,0,0,2,2,3,2,11423.0,13976.0,13455.0,15227.0,14699.0,14313.0,2749.0,0.0,2000.0,0.0,0.0,1230.0,0
4044,160000.0,2,2,1,34,-1,-1,-1,-1,-1,-1,2734.0,0.0,625.0,406.0,338.0,0.0,0.0,625.0,406.0,338.0,0.0,0.0,1
4051,160000.0,2,3,2,30,-1,-1,-1,-1,0,-1,1055.0,2579.0,1155.0,3334.0,1055.0,8824.0,2579.0,1155.0,3334.0,0.0,8824.0,1055.0,0
4057,60000.0,2,2,2,26,0,0,0,0,2,2,48867.0,49979.0,51316.0,54046.0,55036.0,53985.0,2200.0,2470.0,4200.0,2000.0,0.0,6200.0,0
4061,320000.0,2,2,2,24,-1,-1,-1,0,-1,-1,44500.0,51257.0,54659.0,35196.0,71244.0,35299.0,51334.0,54726.0,103.0,71404.0,35448.0,47699.0,0
4066,100000.0,2,3,2,46,2,-1,2,0,0,-2,216.0,964.0,964.0,365.0,0.0,0.0,964.0,0.0,0.0,0.0,0.0,301.0,0
4067,50000.0,1,1,2,25,-1,-1,-1,-1,-1,-1,25045.0,15180.0,6964.0,7604.0,2173.0,6586.0,15522.0,6964.0,7604.0,2173.0,6586.0,11890.0,0
4078,50000.0,1,2,2,29,3,2,2,0,0,0,49747.0,51075.0,43662.0,18115.0,17300.0,17947.0,2500.0,14.0,2000.0,1000.0,1500.0,1500.0,1
4086,150000.0,2,1,1,54,0,0,0,0,0,0,152059.0,150510.0,152228.0,141778.0,142694.0,145622.0,7100.0,5800.0,5300.0,5200.0,5300.0,5600.0,0
4093,50000.0,1,2,2,33,2,0,0,2,2,2,30773.0,33275.0,41329.0,5392.0,5722.0,4501.0,4000.0,9000.0,0.0,1000.0,0.0,1000.0,0
4096,80000.0,1,2,2,43,0,0,0,2,2,2,19260.0,16902.0,15173.0,10493.0,10313.0,6687.0,1270.0,1874.0,0.0,3313.0,0.0,291.0,0
4105,210000.0,1,2,2,25,2,0,0,0,2,0,7474.0,8625.0,3511.0,4950.0,4727.0,5494.0,1500.0,1500.0,1500.0,0.0,1000.0,1000.0,1
4106,90000.0,2,2,2,23,-1,-1,0,0,0,0,803.0,16983.0,18644.0,12718.0,12984.0,13247.0,16983.0,2000.0,500.0,424.0,431.0,1000.0,0
4107,420000.0,2,1,1,40,-2,-2,-2,-2,-2,-2,1794.0,7748.0,2950.0,17827.0,23711.0,63784.0,7786.0,2965.0,18048.0,23831.0,64101.0,30731.0,0
4111,90000.0,2,2,1,29,0,0,0,0,0,0,13770.0,14024.0,9232.0,4173.0,4408.0,5846.0,1522.0,3010.0,1500.0,1500.0,1500.0,2000.0,0
4121,140000.0,1,1,1,47,0,0,0,0,0,0,109259.0,108015.0,107209.0,106353.0,100653.0,99546.0,5400.0,5211.0,4000.0,4000.0,4000.0,3600.0,0
4124,120000.0,2,2,1,40,-2,-2,-2,-1,0,0,73900.0,0.0,0.0,3663.0,3663.0,0.0,0.0,0.0,3663.0,0.0,0.0,0.0,0
4126,80000.0,2,3,2,32,0,0,0,0,0,0,77385.0,79038.0,80899.0,79387.0,81593.0,80254.0,2900.0,3200.0,3000.0,3500.0,3100.0,6200.0,0
4127,240000.0,2,1,1,41,-1,-1,-1,-1,-1,-1,4420.0,16829.0,4745.0,2430.0,7792.0,33196.0,16920.0,4774.0,2442.0,7829.0,33361.0,1076.0,0
4132,230000.0,2,5,1,29,0,0,0,0,0,0,123436.0,127873.0,129832.0,133273.0,139818.0,65649.0,7000.0,6000.0,6000.0,10000.0,30000.0,3044.0,0
4133,390000.0,2,1,2,26,-2,-1,-1,0,0,0,5044.0,1248.0,199466.0,200701.0,210885.0,213137.0,1248.0,201925.0,6195.0,30000.0,8000.0,8000.0,0
4147,80000.0,2,2,2,26,0,0,0,0,0,0,47788.0,45221.0,46830.0,48429.0,52142.0,56060.0,4000.0,3000.0,3000.0,5000.0,5000.0,5000.0,0
4149,70000.0,2,2,1,44,0,0,0,0,0,0,68687.0,69531.0,71271.0,70712.0,50793.0,50605.0,2545.0,2918.0,6329.0,1996.0,1977.0,1975.0,0
4151,200000.0,1,3,1,34,0,0,0,0,0,0,192910.0,199344.0,186878.0,140743.0,129806.0,121623.0,10000.0,10000.0,6000.0,10000.0,10000.0,5000.0,0
4158,230000.0,2,1,2,45,0,0,0,0,0,0,204625.0,205816.0,205294.0,194263.0,212257.0,206084.0,15006.0,15026.0,15000.0,20000.0,15030.0,15030.0,0
4159,150000.0,2,1,2,40,-1,-1,-1,-2,-1,-1,800.0,2400.0,0.0,0.0,1000.0,0.0,2400.0,0.0,0.0,1000.0,0.0,0.0,0
4171,140000.0,1,1,2,27,-1,-1,-1,-1,-1,-1,13497.0,15680.0,3400.0,3218.0,16478.0,4078.0,15688.0,4000.0,3218.0,17000.0,4500.0,4448.0,0
4174,200000.0,1,2,1,48,0,0,-2,-2,-2,-2,205150.0,0.0,0.0,0.0,0.0,0.0,0.0,0.0,0.0,0.0,0.0,0.0,0
4180,310000.0,2,3,1,40,0,0,0,0,0,0,69569.0,71437.0,71464.0,72299.0,50967.0,51153.0,3366.0,2400.0,2212.0,1985.0,2422.0,1407.0,0
4182,150000.0,2,1,2,33,0,-1,-1,-1,-1,-1,74033.0,237.0,1420.0,1141.0,1067.0,1128.0,237.0,1426.0,1141.0,1067.0,1200.0,1150.0,0
4183,80000.0,1,2,2,28,0,0,0,0,0,0,49302.0,35916.0,25528.0,26034.0,26615.0,28173.0,1412.0,1425.0,931.0,1000.0,2000.0,2000.0,0
4184,480000.0,2,2,1,45,-1,-1,-1,-1,-1,-1,1223.0,22308.0,6070.0,5924.0,547.0,1308.0,22313.0,6083.0,5924.0,547.0,1308.0,1480.0,1
4187,180000.0,1,3,2,46,0,0,0,0,0,0,109114.0,71952.0,16765.0,14611.0,16209.0,25653.0,2835.0,1500.0,1000.0,2000.0,10000.0,20000.0,0
4190,10000.0,1,1,1,41,0,0,3,2,2,2,6859.0,9751.0,9451.0,9169.0,10056.0,8559.0,3000.0,0.0,0.0,1002.0,0.0,500.0,0
4198,160000.0,2,2,2,25,-1,-1,-1,-1,-1,-1,21570.0,7501.0,10703.0,12448.0,2129.0,24461.0,7545.0,10841.0,12448.0,2141.0,24603.0,16897.0,0
4203,200000.0,1,1,2,29,-1,0,0,0,0,2,1124.0,1206.0,1292.0,1778.0,2064.0,1000.0,1000.0,1000.0,1400.0,1200.0,0.0,1203.0,0
4209,30000.0,1,3,2,23,2,2,2,2,2,2,10732.0,20501.0,20831.0,21231.0,20589.0,31018.0,10000.0,1000.0,1000.0,0.0,13000.0,0.0,0
4211,80000.0,2,3,1,41,0,0,0,0,0,0,54074.0,50967.0,29143.0,33520.0,19060.0,14275.0,10000.0,10000.0,5000.0,3000.0,3000.0,5000.0,0
4214,50000.0,1,3,2,31,0,0,0,2,0,0,5458.0,7208.0,17221.0,16738.0,17106.0,15415.0,2000.0,10600.0,0.0,700.0,3000.0,4200.0,0
4235,260000.0,2,1,2,33,-2,-2,-2,-1,0,0,6475.0,2500.0,500.0,210.0,210.0,-90.0,2500.0,500.0,210.0,0.0,0.0,0.0,0
4245,260000.0,2,1,2,32,-2,-2,-2,-2,-2,-2,-34.0,6846.0,1479.0,173.0,6326.0,369.0,6880.0,1486.0,174.0,6357.0,370.0,2500.0,0
4249,90000.0,1,3,1,42,2,2,2,3,3,3,48674.0,49895.0,52570.0,53614.0,54534.0,53374.0,2300.0,4116.0,2500.0,2052.0,0.0,0.0,0
4252,580000.0,2,2,1,57,-1,-1,-1,-1,-1,-1,20498.0,2290.0,4968.0,4481.0,5574.0,14240.0,2290.0,4968.0,4485.0,5583.0,14242.0,9986.0,0
4255,60000.0,2,2,1,25,0,0,0,0,0,0,39831.0,33147.0,32239.0,30110.0,30465.0,30510.0,4500.0,4500.0,2000.0,1301.0,1128.0,1023.0,0
4259,310000.0,2,1,1,37,-1,-1,-1,-1,0,-1,325.0,4373.0,26863.0,7443.0,4221.0,8172.0,4373.0,26863.0,7443.0,0.0,8172.0,31362.0,0
4274,200000.0,1,1,1,49,-1,-1,-1,-1,0,-1,416.0,416.0,0.0,832.0,416.0,416.0,416.0,0.0,1248.0,0.0,416.0,416.0,1
4279,140000.0,2,2,2,27,0,0,0,0,0,0,111820.0,104189.0,100638.0,93092.0,94663.0,96257.0,3817.0,4500.0,3500.0,3600.0,3700.0,3500.0,0
4282,80000.0,2,1,2,25,-1,-1,-1,-1,-1,-1,390.0,390.0,390.0,390.0,390.0,390.0,390.0,390.0,390.0,390.0,390.0,390.0,0
4290,100000.0,1,2,1,52,0,0,0,0,0,0,81382.0,72937.0,65480.0,66777.0,68176.0,69547.0,4611.0,4000.0,2387.0,2472.0,2502.0,2544.0,0
4299,100000.0,2,1,2,23,-1,-1,-1,0,0,0,850.0,0.0,8472.0,8472.0,1768.0,0.0,0.0,8472.0,0.0,0.0,0.0,9038.0,0
4307,20000.0,2,2,2,24,0,0,0,0,0,0,14367.0,16130.0,18136.0,18258.0,19478.0,19866.0,2001.0,2600.0,701.0,1500.0,705.0,1000.0,0
4317,10000.0,1,3,2,24,0,0,0,0,0,0,4050.0,5426.0,6743.0,8544.0,9858.0,1303.0,2000.0,2000.0,2000.0,2000.0,1000.0,0.0,0
4322,70000.0,2,2,1,30,0,0,0,0,0,0,8432.0,9596.0,10637.0,11965.0,12178.0,13962.0,1300.0,1200.0,1507.0,1000.0,2000.0,1000.0,0
4330,150000.0,2,2,2,24,1,-2,-1,-1,-1,-1,0.0,0.0,3230.0,1085.0,10000.0,0.0,0.0,3230.0,1085.0,10000.0,0.0,0.0,0
4338,140000.0,2,2,3,30,0,0,0,0,0,0,107060.0,104629.0,98453.0,96149.0,96500.0,96550.0,4598.0,4333.0,3381.0,3637.0,3645.0,3440.0,0
4344,150000.0,2,2,1,37,0,0,0,0,0,0,135211.0,142398.0,121570.0,130780.0,130780.0,0.0,10109.0,10000.0,10000.0,10000.0,20000.0,16100.0,0
4350,50000.0,1,2,1,54,2,2,0,0,0,0,48580.0,47112.0,30246.0,26953.0,27249.0,27521.0,0.0,1500.0,1000.0,986.0,986.0,996.0,0
4352,60000.0,2,2,1,25,0,0,2,0,0,0,34733.0,37460.0,36558.0,37945.0,38782.0,39582.0,3600.0,0.0,2000.0,1600.0,1600.0,1340.0,1
4354,20000.0,1,2,2,23,1,2,2,2,2,0,16332.0,18111.0,18325.0,18391.0,14235.0,18955.0,2500.0,1000.0,600.0,0.0,5000.0,1300.0,1
4378,100000.0,1,1,1,52,1,2,2,2,0,0,21509.0,20877.0,24122.0,23440.0,28843.0,31353.0,0.0,3600.0,0.0,6000.0,3000.0,0.0,1
4379,180000.0,2,2,1,34,2,2,2,2,2,2,95008.0,97088.0,98093.0,99578.0,101828.0,103986.0,4500.0,3500.0,4000.0,4000.0,4000.0,4000.0,1
4389,160000.0,2,1,1,29,0,0,-1,-1,0,0,50989.0,25227.0,26666.0,839.0,26516.0,-150.0,1695.0,28800.0,839.0,26500.0,0.0,0.0,0
4408,50000.0,1,2,2,27,0,0,0,0,0,0,50902.0,50716.0,49179.0,19747.0,19726.0,20140.0,2128.0,2300.0,1004.0,730.0,700.0,800.0,0
4416,170000.0,1,2,1,48,-1,-1,-1,0,0,-2,390.0,390.0,780.0,780.0,0.0,0.0,390.0,780.0,0.0,0.0,0.0,0.0,0
4419,200000.0,2,3,2,37,-2,-2,-2,-2,-2,-2,3938.0,8556.0,4846.0,807.0,2183.0,210.0,8576.0,4850.0,1047.0,2183.0,210.0,0.0,0
4430,260000.0,2,2,1,35,0,0,0,0,2,0,70098.0,70972.0,77604.0,82681.0,81244.0,83268.0,2598.0,7835.0,6386.0,0.0,3795.0,4000.0,0
4443,360000.0,2,1,1,27,1,-2,-2,-2,-2,-2,0.0,0.0,0.0,0.0,0.0,0.0,0.0,0.0,0.0,0.0,0.0,3220.0,1
4444,180000.0,1,2,1,47,0,0,0,0,0,0,84973.0,89989.0,94895.0,98738.0,127382.0,155470.0,6000.0,6000.0,5000.0,30000.0,30000.0,20000.0,0
4448,90000.0,1,2,1,52,2,2,2,2,2,2,90603.0,92152.0,86671.0,91280.0,85868.0,91047.0,3900.0,0.0,6800.0,0.0,6500.0,0.0,0
4452,30000.0,2,1,2,25,0,0,0,0,0,0,8341.0,10039.0,11560.0,16611.0,18179.0,19712.0,2000.0,2000.0,5611.0,2000.0,2000.0,1500.0,1
4461,270000.0,2,2,2,45,0,0,0,-1,-1,-1,7088.0,8139.0,8966.0,8294.0,3902.0,468.0,1173.0,1000.0,8294.0,3902.0,468.0,291.0,0
4465,50000.0,1,2,1,26,0,0,0,0,0,0,28440.0,23228.0,21482.0,18029.0,18705.0,18698.0,1436.0,1162.0,2184.0,871.0,500.0,0.0,0
4466,20000.0,1,2,2,36,2,0,0,-1,-1,-1,19597.0,35869.0,9066.0,309.0,3019.0,16496.0,1503.0,2036.0,309.0,3100.0,16890.0,500.0,0
4468,70000.0,2,1,2,36,0,0,0,0,0,0,75021.0,71101.0,73831.0,46898.0,48686.0,47171.0,2893.0,4231.0,8000.0,2500.0,1675.0,2000.0,0
4470,160000.0,1,4,2,26,-2,-1,-1,0,0,0,2810.0,16175.0,8632.0,25234.0,21234.0,567.0,16261.0,8641.0,20012.0,62.0,1.0,0.0,0
4477,300000.0,1,1,2,45,0,0,0,0,0,0,62296.0,64460.0,56439.0,53637.0,55981.0,58270.0,3000.0,3000.0,3000.0,3000.0,3000.0,3000.0,0
4480,50000.0,1,2,1,39,0,0,0,0,0,0,39323.0,45625.0,38157.0,15966.0,15733.0,17703.0,7031.0,2013.0,3005.0,2007.0,5007.0,1003.0,0
4482,500000.0,1,1,2,39,-1,-1,-1,-1,0,-1,83528.0,-24702.0,23804.0,92715.0,6655.0,3966.0,472.0,113935.0,108041.0,33.0,3984.0,2122.0,0
4494,360000.0,1,1,2,31,1,-2,-1,-1,-2,-1,0.0,0.0,1650.0,0.0,0.0,1650.0,0.0,1650.0,0.0,0.0,1650.0,0.0,0
4499,320000.0,1,2,1,31,-1,-1,-1,-1,-1,-1,6927.0,10063.0,1876.0,396.0,11256.0,546.0,10063.0,1876.0,396.0,11256.0,546.0,396.0,0
4501,160000.0,2,2,2,24,0,0,0,0,0,0,52373.0,51839.0,39847.0,39114.0,39935.0,41269.0,1676.0,1940.0,1400.0,1451.0,2000.0,1533.0,1
4517,80000.0,2,2,1,39,0,0,0,0,0,2,63368.0,67331.0,75973.0,70283.0,73491.0,66976.0,5000.0,10000.0,2550.0,5100.0,0.0,2700.0,0
4519,470000.0,2,2,2,40,0,0,0,0,0,0,277185.0,282983.0,290274.0,294508.0,300646.0,306652.0,10257.0,11982.0,10536.0,10879.0,10971.0,11326.0,0
4521,200000.0,2,1,2,32,-1,-1,-1,-1,-2,-1,146.0,-3.0,670.0,0.0,0.0,868.0,0.0,673.0,0.0,0.0,868.0,4.0,0
4554,350000.0,2,2,1,32,-2,-2,-1,0,0,0,19637.0,239770.0,8111.0,198877.0,191248.0,183157.0,242247.0,8111.0,198748.0,7000.0,6509.0,7022.0,0
4558,160000.0,2,1,1,39,0,0,2,0,0,0,43583.0,50028.0,48928.0,49812.0,50855.0,52354.0,7500.0,0.0,2000.0,2000.0,2500.0,2100.0,0
4568,240000.0,2,1,1,41,0,0,0,0,0,0,126395.0,129371.0,132218.0,136003.0,139798.0,142574.0,5000.0,5000.0,6000.0,6000.0,5098.0,5281.0,0
4569,30000.0,1,2,2,23,0,0,0,0,0,0,27275.0,26948.0,28183.0,25484.0,27062.0,28703.0,2000.0,2000.0,1400.0,2000.0,2100.0,2500.0,0
4572,120000.0,2,2,1,40,0,0,0,0,0,0,22462.0,15692.0,19312.0,13262.0,16923.0,16903.0,5000.0,10000.0,5000.0,7000.0,5000.0,10000.0,0
4575,200000.0,2,2,2,26,-1,-1,2,-1,0,-1,3374.0,4053.0,2337.0,1904.0,548.0,1403.0,4053.0,0.0,1904.0,0.0,1403.0,0.0,1
4578,220000.0,2,1,1,35,-1,-1,-1,-1,-1,-1,288.0,392.0,-4.0,392.0,396.0,396.0,500.0,0.0,792.0,400.0,396.0,792.0,0
4581,120000.0,1,2,1,43,0,0,0,0,0,0,33131.0,33121.0,32222.0,32877.0,30587.0,25938.0,2000.0,1500.0,1000.0,1000.0,2000.0,1000.0,0
4582,210000.0,1,1,1,43,-1,-1,-1,-1,-2,-1,880.0,724.0,844.0,-36.0,-916.0,1030.0,724.0,1000.0,0.0,0.0,3000.0,670.0,1
4584,110000.0,1,2,1,54,2,2,2,2,2,2,56839.0,58039.0,58792.0,59620.0,60819.0,62069.0,2700.0,2300.0,2400.0,2300.0,2400.0,0.0,1
4595,30000.0,1,1,1,32,0,0,2,0,0,0,28401.0,31065.0,30031.0,29838.0,29651.0,1567.0,3434.0,0.0,597.0,593.0,31.0,0.0,1
4596,80000.0,2,1,1,35,0,0,0,0,0,0,27560.0,22441.0,19960.0,6199.0,5623.0,6880.0,1701.0,2000.0,2000.0,1000.0,2000.0,3000.0,0
4599,10000.0,2,2,1,46,1,2,-1,-1,-1,-1,9841.0,9628.0,4060.0,4530.0,2140.0,1875.0,121.0,4060.0,4530.0,2140.0,1875.0,0.0,1
4607,50000.0,2,2,1,31,0,0,0,0,0,-1,50628.0,48748.0,46368.0,2443.0,6251.0,357.0,2350.0,3000.0,1000.0,6000.0,400.0,9844.0,1
4616,30000.0,1,3,2,23,2,0,0,0,0,0,29144.0,30419.0,30097.0,25887.0,25707.0,0.0,2033.0,1420.0,0.0,92.0,0.0,0.0,1
4631,100000.0,1,2,1,35,1,2,2,2,2,2,59121.0,57604.0,62635.0,64994.0,63827.0,67839.0,0.0,6000.0,4000.0,0.0,5100.0,2200.0,1
4640,230000.0,2,3,2,39,1,2,0,0,0,-2,11391.0,10923.0,13554.0,12134.0,0.0,0.0,0.0,3200.0,0.0,0.0,0.0,0.0,0
4645,90000.0,2,2,1,47,-1,-1,-1,-1,-1,-1,1887.0,43542.0,12148.0,880.0,10880.0,880.0,43542.0,12148.0,880.0,10880.0,880.0,1080.0,0
4652,330000.0,2,1,2,44,0,0,2,0,0,0,243621.0,259517.0,253863.0,257535.0,262753.0,268145.0,21400.0,0.0,9400.0,9542.0,9766.0,9786.0,1
4659,170000.0,2,1,1,28,0,0,0,0,-1,-1,20302.0,14653.0,7234.0,9908.0,3205.0,60.0,3000.0,1000.0,5000.0,3205.0,60.0,0.0,0
4661,80000.0,1,1,1,36,0,0,0,0,0,-2,60110.0,51784.0,50071.0,47099.0,41063.0,6408.0,2186.0,1491.0,1099.0,1243.0,6408.0,6825.0,0
4664,80000.0,1,2,1,34,1,-2,-1,-1,-1,-2,0.0,0.0,862.0,41300.0,0.0,0.0,0.0,862.0,41300.0,0.0,0.0,10000.0,0
4672,110000.0,1,2,2,26,0,0,0,0,0,0,49732.0,46766.0,41796.0,44251.0,42921.0,37748.0,2300.0,2000.0,3000.0,3000.0,2000.0,10000.0,0
4677,150000.0,2,5,1,53,0,0,0,0,0,0,135903.0,137719.0,144913.0,135063.0,134417.0,134490.0,7474.0,14004.0,4876.0,4750.0,5090.0,4594.0,0
4683,500000.0,2,1,2,47,-2,-2,-2,-2,-2,-2,0.0,3270.0,30760.0,143791.0,-200.0,-200.0,3270.0,30760.0,143791.0,0.0,0.0,0.0,0
4684,340000.0,1,1,1,48,0,0,0,0,0,0,321046.0,329563.0,335012.0,197797.0,201935.0,140812.0,13690.0,12693.0,6100.0,6300.0,5100.0,5400.0,0
4710,290000.0,1,1,1,44,-1,-1,-1,-1,-1,-1,19213.0,33274.0,17495.0,1528.0,4176.0,189.0,33548.0,17732.0,1862.0,4188.0,189.0,7324.0,0
4711,50000.0,2,2,2,32,1,-1,0,0,-1,-1,30382.0,45888.0,48599.0,-250.0,12122.0,3685.0,54608.0,7060.0,112.0,32132.0,11304.0,52681.0,0
4719,80000.0,1,2,2,30,0,0,0,0,0,0,13793.0,67840.0,61546.0,55294.0,40868.0,33420.0,63023.0,3010.0,3053.0,2013.0,2015.0,3019.0,1
4727,50000.0,2,5,2,42,0,0,0,0,0,0,50806.0,48798.0,29003.0,28911.0,28601.0,29215.0,1545.0,1454.0,1019.0,1039.0,1091.0,1015.0,1
4729,50000.0,2,1,2,26,0,0,2,2,2,2,5800.0,8189.0,7909.0,9767.0,9466.0,11300.0,2500.0,0.0,2000.0,0.0,2000.0,400.0,1
4747,110000.0,1,2,1,27,1,2,2,2,2,2,46657.0,48615.0,49519.0,48421.0,50644.0,51662.0,3000.0,2000.0,0.0,3000.0,2000.0,3000.0,0
4748,260000.0,2,2,1,60,1,-2,-1,-1,-2,-2,-20.0,-20.0,2000.0,0.0,0.0,0.0,0.0,2020.0,0.0,0.0,0.0,0.0,0
4751,50000.0,2,2,1,45,0,0,0,0,0,0,35116.0,26171.0,25088.0,21090.0,21749.0,22386.0,1441.0,1500.0,756.0,1000.0,1000.0,829.0,1
4753,20000.0,1,3,1,56,1,2,0,0,2,2,8766.0,8481.0,13318.0,15096.0,14717.0,16159.0,0.0,5000.0,2000.0,0.0,2000.0,0.0,1
4757,170000.0,2,1,2,27,0,0,0,0,0,0,118801.0,108980.0,112125.0,109579.0,107030.0,101130.0,4000.0,5300.0,3800.0,3880.0,3500.0,3400.0,0
4763,30000.0,2,2,1,22,2,0,0,0,0,0,26846.0,27718.0,28067.0,28334.0,28984.0,14769.0,2000.0,1500.0,1000.0,800.0,728.0,1000.0,1
4766,480000.0,1,2,2,33,-1,-1,0,0,0,-1,57732.0,55379.0,71063.0,60155.0,66078.0,64958.0,55614.0,47003.0,30171.0,40282.0,115224.0,12973.0,0
4770,100000.0,2,1,2,29,3,2,0,0,2,0,87791.0,85548.0,85391.0,50605.0,49666.0,50689.0,0.0,2500.0,5864.0,0.0,2000.0,2000.0,1
4774,50000.0,1,2,2,24,0,0,0,0,0,0,27963.0,28715.0,29381.0,29140.0,25022.0,29608.0,2001.0,2001.0,1014.0,1006.0,7004.0,1003.0,0
4782,20000.0,2,3,1,30,-2,-2,-2,-2,-2,-1,18920.0,20030.0,21408.0,21974.0,22391.0,27189.0,1700.0,2000.0,1200.0,1000.0,12000.0,1000.0,0
4784,360000.0,2,2,2,34,1,-2,-2,-1,0,0,0.0,1680.0,0.0,5950.0,6352.0,6563.0,1680.0,0.0,5950.0,500.0,317.0,1150.0,0
4786,80000.0,1,2,2,36,-2,-2,-2,-2,-2,-2,59223.0,26241.0,10387.0,74864.0,74305.0,0.0,1141.0,10725.0,74864.0,1486.0,0.0,0.0,0
4787,100000.0,2,2,2,56,0,0,2,0,0,0,97549.0,102864.0,98969.0,70352.0,68186.0,68538.0,9300.0,0.0,2500.0,2700.0,2700.0,2600.0,1
4790,20000.0,2,2,2,35,1,3,2,0,0,0,20971.0,20360.0,19583.0,19575.0,16624.0,0.0,0.0,0.0,392.0,332.0,0.0,0.0,0
4796,20000.0,1,3,1,40,0,0,0,0,0,0,20167.0,37198.0,17858.0,16400.0,14711.0,18691.0,1308.0,2466.0,555.0,583.0,4275.0,973.0,0
4797,80000.0,2,2,1,41,0,0,0,0,0,0,21709.0,22432.0,23693.0,24089.0,24832.0,25269.0,1378.0,1639.0,1089.0,1132.0,1000.0,1100.0,0
4802,190000.0,1,2,1,35,6,5,4,3,2,0,254951.0,237094.0,218603.0,202639.0,199480.0,188113.0,0.0,0.0,0.0,0.0,142000.0,7000.0,1
4807,60000.0,1,2,1,33,0,0,0,0,0,0,42246.0,38923.0,32532.0,27780.0,29280.0,39976.0,2008.0,3004.0,3003.0,2000.0,1064.0,2000.0,0
4808,260000.0,1,1,2,28,1,-1,-1,-1,-1,-1,-1197.0,37785.0,3780.0,3202.0,3754.0,848.0,40000.0,3780.0,3202.0,4000.0,848.0,5795.0,0
4816,50000.0,1,2,3,37,0,0,0,0,0,0,44828.0,43746.0,43122.0,43803.0,41425.0,42536.0,2005.0,2056.0,1737.0,1501.0,1797.0,1680.0,0
4830,10000.0,2,3,3,48,0,0,0,0,0,0,7065.0,8148.0,9199.0,9558.0,9136.0,9392.0,1200.0,1200.0,500.0,500.0,500.0,0.0,0
4849,100000.0,2,2,1,42,0,0,0,0,0,0,65917.0,67673.0,66292.0,67793.0,67182.0,66132.0,4000.0,3000.0,2500.0,3000.0,2500.0,2500.0,0
4853,60000.0,2,3,2,23,1,2,0,0,0,0,28831.0,28024.0,24215.0,6000.0,7568.0,7568.0,0.0,1050.0,0.0,1568.0,0.0,6729.0,1
4857,60000.0,1,2,2,32,0,0,0,0,0,0,51934.0,40855.0,37742.0,29450.0,8850.0,0.0,2000.0,2000.0,1400.0,200.0,600.0,0.0,0
4859,140000.0,2,2,1,55,0,0,0,0,0,2,22662.0,23306.0,21048.0,22332.0,30228.0,316.0,2500.0,2500.0,2000.0,12988.0,2168.0,932.0,0
4861,210000.0,1,2,1,41,2,2,2,2,2,2,87705.0,90376.0,90687.0,91888.0,93852.0,95734.0,4800.0,2500.0,3900.0,3400.0,3400.0,3400.0,1
4881,250000.0,2,1,2,43,0,0,0,0,0,0,93163.0,96024.0,90901.0,69927.0,71403.0,69948.0,4409.0,3023.0,2600.0,2700.0,2801.0,2500.0,0
4882,100000.0,2,1,2,27,0,0,0,0,0,0,75296.0,76672.0,78343.0,79111.0,79993.0,81279.0,3000.0,3400.0,3000.0,3000.0,3000.0,3000.0,0
4890,70000.0,2,2,2,36,0,0,0,0,0,0,67864.0,59165.0,29314.0,28844.0,29443.0,30101.0,2044.0,1773.0,1181.0,1215.0,1297.0,1008.0,0
4904,490000.0,1,2,1,50,0,0,0,0,0,0,205873.0,210880.0,215628.0,217883.0,223541.0,224889.0,10000.0,10000.0,10000.0,10000.0,8000.0,10000.0,0
4905,30000.0,2,2,2,22,0,0,0,0,2,0,25536.0,26635.0,27383.0,29061.0,28492.0,29850.0,1800.0,1500.0,2100.0,0.0,1800.0,1000.0,0
4909,50000.0,1,2,2,23,-2,-2,-2,-2,-2,-2,-29.0,9881.0,10188.0,2277.0,18488.0,10263.0,9910.0,10294.0,2284.0,18546.0,11294.0,7752.0,0
4914,170000.0,1,1,1,33,1,2,-1,0,0,0,9020.0,326.0,7788.0,104556.0,141077.0,138790.0,0.0,7788.0,100000.0,41077.0,5200.0,5600.0,0
4915,50000.0,1,2,1,42,2,0,0,0,0,0,12664.0,42985.0,15085.0,17245.0,17316.0,17297.0,2000.0,2000.0,17000.0,1000.0,1000.0,2955.0,0
4917,360000.0,2,1,1,32,-2,-2,-2,-2,-2,-2,0.0,0.0,0.0,0.0,0.0,0.0,0.0,0.0,0.0,0.0,0.0,0.0,0
4932,30000.0,2,2,1,29,1,2,2,2,2,2,16609.0,16057.0,18089.0,17504.0,18727.0,18279.0,0.0,2300.0,0.0,1500.0,0.0,1500.0,1
4934,140000.0,2,2,2,24,0,0,0,0,0,0,38483.0,43627.0,35893.0,40883.0,16256.0,14354.0,10169.0,20000.0,15000.0,628.0,1392.0,1200.0,0
4954,280000.0,2,1,2,34,-1,2,2,-2,-1,-1,8719.0,844.0,0.0,0.0,1000.0,0.0,0.0,0.0,0.0,1000.0,0.0,0.0,0
4964,180000.0,2,1,2,42,-1,0,0,0,0,0,4314.0,5495.0,54903.0,56458.0,58616.0,55032.0,2500.0,50000.0,3000.0,3000.0,2000.0,2500.0,0
4967,50000.0,1,3,1,45,0,0,0,0,0,0,45982.0,41372.0,18059.0,18020.0,18028.0,17744.0,1421.0,1500.0,629.0,672.0,626.0,2000.0,0
4981,50000.0,1,1,2,24,0,0,0,0,0,0,16277.0,14875.0,19195.0,13134.0,13398.0,13549.0,4006.0,6200.0,3000.0,2000.0,2000.0,2500.0,0
4992,410000.0,2,2,1,50,0,0,0,0,0,0,246659.0,248934.0,246011.0,240845.0,213767.0,214410.0,11000.0,10000.0,7500.0,8000.0,8000.0,7000.0,0
4993,80000.0,1,2,1,36,2,2,2,2,2,2,77054.0,81697.0,79347.0,81325.0,76550.0,78715.0,6900.0,0.0,5800.0,0.0,4000.0,2000.0,1
4994,160000.0,2,3,1,58,-1,-1,-1,-1,-1,-1,2034.0,68942.0,40194.0,942.0,942.0,942.0,68942.0,40194.0,942.0,942.0,942.0,942.0,0
5007,280000.0,2,1,2,31,-2,-2,-2,-2,-2,-2,326.0,326.0,0.0,326.0,652.0,0.0,326.0,0.0,326.0,652.0,0.0,652.0,0
5011,20000.0,1,3,2,26,0,0,-2,-2,-2,-2,16320.0,0.0,0.0,0.0,0.0,0.0,0.0,0.0,0.0,0.0,0.0,0.0,0
5013,30000.0,2,3,2,40,1,2,2,2,2,2,53720.0,52268.0,49338.0,44430.0,40875.0,40272.0,0.0,3000.0,1000.0,2000.0,5000.0,0.0,0
5036,400000.0,1,2,1,45,0,0,2,0,0,2,337135.0,373869.0,366338.0,374255.0,409777.0,527566.0,44000.0,0.0,14000.0,42000.0,126000.0,18000.0,0
5042,310000.0,1,1,2,28,0,0,0,0,0,0,272588.0,169978.0,156699.0,131276.0,118837.0,119402.0,9978.0,6699.0,11276.0,9695.0,19402.0,6270.0,1
5048,220000.0,2,2,2,52,0,0,0,0,0,0,127624.0,125718.0,125917.0,124683.0,127890.0,131520.0,6046.0,5600.0,5000.0,8000.0,6000.0,3736.0,0
5051,20000.0,2,2,1,39,0,0,0,0,0,0,45629.0,46661.0,47594.0,49281.0,18714.0,19162.0,2500.0,2400.0,2000.0,900.0,800.0,600.0,0
5061,50000.0,1,2,1,52,2,0,0,0,0,-1,27548.0,28578.0,29660.0,30600.0,-300.0,9037.0,1478.0,1560.0,1500.0,0.0,9337.0,323.0,1
5062,60000.0,1,2,2,25,1,2,2,0,0,0,61514.0,61748.0,58583.0,28301.0,29301.0,14400.0,1800.0,0.0,600.0,1000.0,300.0,28154.0,0
5067,350000.0,2,3,1,49,-2,-1,2,-1,-1,-1,10658.0,8598.0,3816.0,4223.0,1414.0,5941.0,9004.0,0.0,4223.0,1414.0,5941.0,2720.0,0
5070,150000.0,1,2,1,35,-1,-1,-1,-1,-1,-1,4030.0,592.0,2483.0,4556.0,1606.0,2047.0,593.0,2490.0,4573.0,1610.0,2053.0,4349.0,0
5073,130000.0,2,1,1,55,0,0,0,0,0,0,126205.0,128064.0,131524.0,46445.0,44973.0,45578.0,4998.0,5946.0,1620.0,1623.0,1659.0,1749.0,0
5077,50000.0,1,2,2,31,1,2,2,0,0,0,25859.0,26937.0,27687.0,28424.0,29311.0,30169.0,1800.0,1500.0,1500.0,1500.0,1500.0,1500.0,0
5079,50000.0,2,2,3,48,2,0,0,0,0,0,18460.0,20942.0,18942.0,18811.0,18183.0,18561.0,2813.0,1289.0,658.0,659.0,679.0,654.0,1
5091,60000.0,2,2,1,29,0,0,0,0,0,0,62325.0,59359.0,30604.0,22204.0,19895.0,19199.0,2864.0,1300.0,1000.0,803.0,1107.0,1000.0,0
5095,360000.0,1,1,2,26,0,-1,-1,0,-1,-1,11910.0,1356.0,4073.0,17812.0,2981.0,1936.0,1500.0,5000.0,15000.0,3000.0,2000.0,1033.0,0
5098,280000.0,2,2,1,31,0,0,0,2,2,2,127609.0,76057.0,75377.0,68277.0,72042.0,65921.0,6000.0,6000.0,0.0,4800.0,0.0,2226.0,0
5099,120000.0,1,1,2,26,0,0,0,0,0,0,19544.0,24230.0,28022.0,29249.0,29926.0,35357.0,5000.0,4200.0,2000.0,1300.0,6000.0,6000.0,0
5104,240000.0,2,1,1,33,-2,-2,-1,0,-1,-1,9187.0,4740.0,5240.0,7795.0,3771.0,1891.0,5005.0,5240.0,4101.0,3771.0,1891.0,46438.0,0
5106,80000.0,1,2,3,45,0,0,0,0,0,0,28219.0,29276.0,30210.0,30505.0,31184.0,28641.0,1816.0,1750.0,1045.0,1123.0,1038.0,2008.0,0
5118,500000.0,1,1,2,38,-2,-2,-2,-2,-2,-2,0.0,2326.0,1164.0,0.0,0.0,0.0,2326.0,1164.0,0.0,0.0,0.0,28666.0,1
5122,200000.0,1,1,1,37,-1,2,-1,-1,-1,-1,446.0,123.0,123.0,200.0,123.0,280.0,0.0,123.0,200.0,123.0,280.0,151.0,1
5136,180000.0,2,1,2,32,2,2,2,2,2,2,73618.0,76990.0,78181.0,82645.0,84739.0,83282.0,4500.0,3000.0,5700.0,3500.0,0.0,3200.0,1
5137,50000.0,1,2,1,28,2,0,0,0,0,0,42435.0,44030.0,43979.0,31508.0,16519.0,19231.0,3000.0,2000.0,2000.0,2000.0,3000.0,1000.0,1
5146,240000.0,2,3,2,36,1,-2,-2,-2,-1,-1,-28.0,-28.0,-28.0,-28.0,1522.0,6820.0,0.0,0.0,0.0,1550.0,6900.0,4100.0,0
5150,30000.0,1,3,2,29,1,-2,-2,-2,-2,-1,0.0,0.0,0.0,0.0,0.0,7035.0,0.0,0.0,0.0,0.0,7035.0,0.0,1
5154,80000.0,1,2,2,24,0,0,0,0,0,0,79047.0,81120.0,69986.0,46965.0,46518.0,47330.0,3837.0,2800.0,2008.0,1700.0,2000.0,1800.0,0
5162,20000.0,1,1,2,22,0,0,2,0,0,0,18523.0,17889.0,16473.0,19004.0,19254.0,16287.0,3500.0,0.0,3000.0,574.0,539.0,342.0,1
5164,110000.0,2,2,1,26,2,2,2,2,2,2,85814.0,91999.0,91803.0,94376.0,96409.0,98072.0,8500.0,2200.0,5000.0,3700.0,3400.0,4000.0,1
5168,200000.0,1,3,1,40,0,0,0,0,0,0,187431.0,192558.0,196537.0,76167.0,76810.0,72039.0,8124.0,8339.0,5004.0,2961.0,2579.0,2761.0,0
5170,140000.0,2,2,2,26,0,0,2,0,0,-1,28282.0,148806.0,139462.0,125046.0,46364.0,83460.0,125000.0,6.0,4578.0,1427.0,87179.0,26291.0,1
5183,150000.0,2,1,1,36,-1,-1,-1,-1,-1,-1,13447.0,17877.0,25172.0,4694.0,6292.0,13943.0,17914.0,25349.0,4694.0,6324.0,14433.0,17378.0,0
5195,500000.0,2,2,2,31,-2,-1,-1,-1,0,0,4543.0,8723.0,17058.0,19858.0,19974.0,22774.0,9001.0,10000.0,3000.0,10000.0,6000.0,10000.0,0
5200,70000.0,2,3,2,24,1,2,2,0,0,0,69346.0,70864.0,68645.0,28929.0,28597.0,28237.0,3200.0,13.0,1008.0,1103.0,1100.0,850.0,0
5203,60000.0,1,3,1,58,2,2,0,0,2,0,22658.0,22703.0,23495.0,24349.0,23960.0,24530.0,700.0,1546.0,1400.0,0.0,900.0,0.0,0
5204,330000.0,1,2,1,43,-1,-1,-1,0,0,-1,13200.0,9843.0,15440.0,45033.0,64723.0,3784.0,9863.0,15440.0,35033.0,30000.0,3874.0,25349.0,0
5206,30000.0,2,3,1,45,-2,-2,-2,-2,-2,-2,0.0,1930.0,1930.0,2072.0,4072.0,0.0,1930.0,1930.0,2072.0,4072.0,0.0,0.0,0
5210,50000.0,2,2,1,43,-1,-1,-1,-1,-1,-1,560.0,1121.0,195.0,197.0,197.0,197.0,1121.0,195.0,197.0,197.0,197.0,197.0,0
5212,50000.0,1,2,2,23,2,2,-1,0,0,0,49365.0,48927.0,49543.0,19649.0,20064.0,19691.0,1200.0,50189.0,682.0,710.0,690.0,693.0,0
5216,350000.0,2,1,2,32,0,-1,-1,-1,0,0,10830.0,2749.0,3229.0,3096.0,6373.0,10531.0,2749.0,3229.0,3500.0,4000.0,5000.0,4000.0,0
5221,170000.0,1,1,2,35,0,0,0,0,0,-2,169282.0,173226.0,134832.0,70479.0,0.0,0.0,10126.0,5667.0,9223.0,0.0,0.0,0.0,0
5222,50000.0,2,2,1,24,0,0,0,0,0,0,48928.0,32646.0,31428.0,24880.0,26098.0,26886.0,2000.0,3505.0,2000.0,8000.0,4000.0,3650.0,1
5230,260000.0,2,1,2,27,0,0,0,0,0,0,15178.0,23360.0,22099.0,18985.0,19662.0,22274.0,12007.0,8000.0,1000.0,1000.0,5000.0,5000.0,0
5231,20000.0,1,2,2,24,0,0,0,0,0,0,19102.0,18054.0,19026.0,19406.0,18258.0,18694.0,1318.0,1290.0,670.0,663.0,740.0,536.0,0
5234,50000.0,1,1,2,35,3,2,0,0,0,0,39437.0,38525.0,40809.0,33021.0,35479.0,36238.0,0.0,3000.0,2000.0,3000.0,1500.0,2000.0,0
5238,250000.0,1,1,1,46,-1,2,-1,-1,-1,-2,5379.0,992.0,12738.0,2310.0,0.0,0.0,0.0,12738.0,2310.0,0.0,0.0,840.0,0
5243,20000.0,2,2,2,50,1,2,2,2,2,2,5065.0,4840.0,6100.0,5856.0,6432.0,6182.0,0.0,1500.0,0.0,822.0,0.0,2540.0,1
5246,240000.0,2,2,1,34,-2,-2,-2,-2,-2,-2,6170.0,0.0,0.0,0.0,0.0,0.0,0.0,0.0,0.0,0.0,0.0,0.0,0
5249,30000.0,2,2,1,28,0,0,0,2,0,0,11692.0,14505.0,17262.0,16690.0,17763.0,18960.0,3000.0,3000.0,0.0,1500.0,1500.0,1500.0,1
5255,70000.0,1,2,2,29,0,0,3,2,0,0,61762.0,70242.0,68107.0,42630.0,12927.0,27184.0,9500.0,0.0,0.0,1570.0,15184.0,2000.0,1
5259,250000.0,2,1,2,32,-1,-1,-1,-1,-1,-1,165.0,165.0,165.0,165.0,165.0,315.0,165.0,165.0,165.0,165.0,315.0,130.0,0
5269,110000.0,1,2,2,25,0,0,0,0,0,0,99353.0,90517.0,78484.0,74652.0,75251.0,75643.0,3500.0,3500.0,3000.0,3000.0,2870.0,3000.0,0
5275,20000.0,1,1,2,24,-1,-1,-1,-1,-2,-2,10283.0,0.0,750.0,0.0,0.0,0.0,0.0,750.0,0.0,0.0,0.0,0.0,1
5277,60000.0,1,3,2,34,2,0,0,0,0,0,58501.0,59225.0,59592.0,58654.0,58664.0,59323.0,2300.0,2578.0,2039.0,2088.0,2767.0,1750.0,0
5294,20000.0,1,1,2,33,0,0,0,0,0,0,17593.0,38478.0,19703.0,19697.0,17303.0,1554.0,1472.0,1400.0,394.0,346.0,31.0,0.0,0
5300,360000.0,2,1,2,36,1,-1,-1,-1,-1,-1,-8.0,2379.0,0.0,11850.0,150.0,459.0,2387.0,0.0,11850.0,300.0,459.0,52.0,0
5308,160000.0,2,2,2,24,0,0,0,0,0,0,13038.0,158725.0,155808.0,98160.0,99057.0,100984.0,155000.0,5000.0,5000.0,3537.0,5000.0,4000.0,0
5312,80000.0,1,2,1,46,0,0,2,0,0,0,30773.0,38879.0,26128.0,29137.0,30283.0,30523.0,10036.0,15.0,5003.0,3003.0,2007.0,1007.0,0
5335,80000.0,2,3,2,25,0,0,0,0,0,0,80012.0,78748.0,76722.0,70370.0,64510.0,51695.0,3010.0,2700.0,2300.0,2500.0,2000.0,1400.0,0
5342,40000.0,2,3,1,48,2,2,-1,-1,-1,2,780.0,0.0,390.0,540.0,1080.0,540.0,0.0,390.0,540.0,1080.0,0.0,780.0,0
5359,230000.0,2,2,2,30,0,0,0,0,0,0,74664.0,63540.0,66131.0,58430.0,72617.0,66787.0,3000.0,10000.0,10000.0,20145.0,11745.0,686.0,0
5361,20000.0,1,1,2,26,0,0,0,0,0,0,14554.0,15273.0,16616.0,16643.0,17372.0,18070.0,1260.0,1600.0,600.0,1000.0,1000.0,1000.0,0
5363,50000.0,2,3,2,23,0,0,0,0,0,0,33239.0,33199.0,33757.0,23332.0,23782.0,16816.0,6010.0,5008.0,3013.0,5035.0,5001.0,5002.0,0
5368,200000.0,2,1,1,40,-2,-2,-2,-2,-2,-2,6549.0,9389.0,18475.0,1016.0,4934.0,7749.0,9421.0,14068.0,3.0,4948.0,7770.0,23918.0,0
5372,10000.0,1,3,1,40,1,2,2,3,2,2,7229.0,6968.0,8881.0,8594.0,8312.0,9241.0,0.0,2035.0,0.0,0.0,1069.0,1000.0,1
5378,240000.0,2,1,1,41,-1,0,0,0,0,0,10839.0,16665.0,13039.0,9439.0,11378.0,13046.0,10000.0,3500.0,0.0,5000.0,5000.0,5000.0,0
5399,50000.0,2,1,2,27,1,2,2,0,0,2,12884.0,14382.0,13859.0,14032.0,14852.0,14464.0,2000.0,0.0,700.0,1200.0,0.0,1365.0,1
5406,150000.0,2,3,2,27,0,0,2,0,0,0,3081.0,7997.0,8710.0,9559.0,10401.0,11069.0,5000.0,1000.0,1000.0,1000.0,1000.0,1398.0,0
5415,280000.0,2,1,1,44,0,0,0,0,0,0,235635.0,197003.0,198808.0,187425.0,177340.0,180506.0,7665.0,6497.0,5555.0,5027.0,5065.0,5361.0,0
5423,80000.0,1,2,2,25,0,0,0,0,0,0,31780.0,33261.0,34703.0,36125.0,38374.0,39382.0,2000.0,2000.0,2000.0,3000.0,1800.0,2000.0,1
5426,240000.0,2,1,1,58,1,-1,-1,-1,-2,-1,0.0,222.0,1900.0,0.0,0.0,5435.0,222.0,1900.0,0.0,0.0,5435.0,7000.0,1
5433,80000.0,1,2,2,28,-1,0,0,0,0,0,77701.0,19577.0,22033.0,57522.0,58939.0,60790.0,2000.0,2800.0,36000.0,2500.0,3000.0,5000.0,0
5434,90000.0,2,1,2,26,-1,-1,-1,-1,-1,-1,17018.0,3692.0,5037.0,5899.0,4129.0,17246.0,3692.0,5037.0,5899.0,4129.0,17246.0,4221.0,0
5443,150000.0,1,4,2,30,0,0,0,0,0,0,175348.0,153679.0,110237.0,46972.0,29045.0,20105.0,9304.0,2921.0,15000.0,1137.0,600.0,0.0,0
5446,50000.0,1,2,1,40,0,0,0,0,0,0,15090.0,16421.0,17144.0,17636.0,17850.0,18212.0,1577.0,1300.0,777.0,647.0,658.0,811.0,0
5447,20000.0,2,3,1,36,1,2,0,0,0,0,17216.0,17541.0,18300.0,19100.0,2200.0,0.0,900.0,1200.0,1000.0,100.0,0.0,0.0,0
5456,70000.0,2,2,2,28,1,2,2,2,0,0,70736.0,72014.0,72215.0,70779.0,62525.0,71427.0,3000.0,2200.0,0.0,3000.0,10000.0,10000.0,1
5466,80000.0,2,2,2,34,1,-1,-1,-2,-2,-2,0.0,7400.0,-600.0,-600.0,-600.0,-600.0,7400.0,0.0,0.0,0.0,0.0,0.0,0
5473,20000.0,2,3,3,55,1,2,3,2,2,2,18558.0,20358.0,19743.0,19128.0,20560.0,20082.0,2400.0,0.0,0.0,1744.0,0.0,600.0,1
5481,80000.0,2,2,2,31,0,0,0,0,0,0,81358.0,69913.0,71541.0,72541.0,54061.0,55136.0,3126.0,3391.0,3000.0,2000.0,1974.0,2043.0,0
5488,30000.0,1,1,2,33,2,2,2,2,2,2,27274.0,25744.0,27504.0,26987.0,26927.0,25553.0,0.0,3000.0,1000.0,1300.0,0.0,1000.0,1
5491,290000.0,1,1,2,41,0,0,0,0,0,0,255049.0,247090.0,242309.0,238609.0,238712.0,237847.0,9006.0,8507.0,10902.0,8600.0,8671.0,8210.0,0
5495,280000.0,1,1,1,34,0,0,0,0,0,0,212968.0,312960.0,373419.0,232919.0,228387.0,235187.0,237000.0,150000.0,10000.0,150000.0,10572.0,7313.0,0
5500,390000.0,2,1,1,39,-2,-2,-2,-2,-2,-2,48417.0,15530.0,112316.0,114797.0,131601.0,130295.0,2000.0,97472.0,4000.0,20000.0,31667.0,6539.0,0
5506,20000.0,1,2,2,37,0,0,0,0,0,0,20009.0,20602.0,21255.0,19105.0,19609.0,19283.0,1700.0,1600.0,1200.0,1000.0,900.0,1000.0,0
5512,30000.0,1,1,2,36,0,0,0,0,2,2,27748.0,24640.0,51026.0,27400.0,26823.0,28621.0,1500.0,1500.0,4200.0,0.0,2252.0,0.0,0
5514,80000.0,2,1,2,27,-1,-1,-1,-1,-2,-2,5060.0,0.0,3885.0,0.0,0.0,0.0,0.0,3885.0,0.0,0.0,0.0,860.0,0
5533,270000.0,1,1,2,33,0,0,2,0,0,0,117705.0,123812.0,125284.0,126708.0,134352.0,108585.0,8000.0,5000.0,5000.0,10000.0,5000.0,5000.0,0
5534,290000.0,1,1,2,35,-2,-2,-2,-2,-2,-2,184910.0,118701.0,97606.0,76053.0,53994.0,31812.0,4166.0,3400.0,2588.0,1696.0,1113.0,1647.0,1
5538,150000.0,1,2,1,29,0,0,0,0,0,0,46625.0,66174.0,81085.0,75300.0,77276.0,64065.0,30151.0,40104.0,10013.0,5083.0,1819.0,4793.0,0
5540,500000.0,1,1,1,34,-2,-1,-1,-1,-1,-1,33348.0,90852.0,42389.0,19238.0,34750.0,21464.0,90889.0,42398.0,19244.0,34750.0,21464.0,28557.0,0
5542,50000.0,1,3,1,29,1,2,0,0,0,0,22446.0,21799.0,23130.0,24432.0,26862.0,29244.0,0.0,1698.0,2000.0,3000.0,3000.0,5000.0,0
5547,30000.0,2,2,1,24,0,0,0,0,0,0,22280.0,23671.0,24233.0,22893.0,3332.0,3400.0,1748.0,1310.0,490.0,67.0,68.0,0.0,0
5553,10000.0,1,2,2,27,1,-1,0,0,0,0,-2000.0,2475.0,4428.0,6368.0,9046.0,10000.0,4475.0,2000.0,2000.0,2780.0,2000.0,0.0,0
5559,150000.0,2,2,1,38,-2,-2,-2,-2,-2,-1,0.0,0.0,0.0,0.0,0.0,150.0,0.0,0.0,0.0,0.0,150.0,810.0,1
5561,100000.0,2,2,2,28,0,0,0,0,0,0,106750.0,76374.0,68584.0,66901.0,63261.0,64409.0,3004.0,47000.0,2540.0,3000.0,3000.0,3000.0,0
5563,80000.0,1,1,2,29,0,-1,-1,-1,-1,-1,6228.0,589.0,390.0,390.0,390.0,383.0,589.0,390.0,390.0,390.0,383.0,2390.0,0
5581,220000.0,1,1,1,42,1,2,0,0,0,0,59932.0,57477.0,54788.0,54468.0,51920.0,49016.0,0.0,2421.0,1964.0,2000.0,2000.0,1600.0,0
5583,80000.0,1,2,1,34,0,0,0,-2,-2,-2,11460.0,16000.0,0.0,0.0,0.0,0.0,5000.0,0.0,0.0,0.0,0.0,0.0,0
5584,60000.0,1,1,2,22,0,0,2,0,0,0,57392.0,60254.0,58971.0,29137.0,29900.0,30069.0,4400.0,304.0,1100.0,1216.0,1300.0,589.0,0
5587,150000.0,2,2,2,28,0,0,0,0,0,0,103227.0,105462.0,109160.0,109859.0,112314.0,114614.0,3900.0,5450.0,4000.0,4227.0,4321.0,5000.0,0
5600,360000.0,1,3,1,37,-1,-1,-2,-2,-2,-1,303.0,0.0,0.0,0.0,0.0,860.0,0.0,0.0,0.0,0.0,860.0,0.0,0
5601,80000.0,2,2,1,23,2,0,0,0,0,0,82628.0,134880.0,67325.0,68652.0,70388.0,76743.0,2500.0,2404.0,3000.0,2800.0,7700.0,0.0,1
5607,20000.0,2,3,1,43,-1,-1,-1,0,-1,-1,390.0,0.0,780.0,390.0,390.0,0.0,0.0,1170.0,0.0,390.0,0.0,780.0,0
5610,60000.0,1,2,2,33,1,-2,-2,-2,-2,-1,-64.0,-64.0,-64.0,-64.0,-64.0,16759.0,0.0,0.0,0.0,0.0,17000.0,13000.0,0
5611,160000.0,2,2,2,27,2,2,2,2,2,2,157818.0,161308.0,162923.0,161481.0,155819.0,168283.0,7500.0,5800.0,5700.0,0.0,18100.0,0.0,1
5613,100000.0,2,1,1,38,-1,-1,-1,-1,-1,-1,1669.0,710.0,1824.0,1968.0,0.0,640.0,710.0,1824.0,1968.0,0.0,640.0,0.0,0
5627,360000.0,1,2,1,51,1,3,2,0,0,0,3551.0,3348.0,2504.0,1878.0,1252.0,626.0,0.0,0.0,0.0,0.0,0.0,626.0,1
5638,200000.0,1,2,2,29,0,0,0,0,0,2,7468.0,34399.0,36792.0,49648.0,33498.0,30895.0,30035.0,10008.0,15011.0,5010.0,153.0,14100.0,0
5639,50000.0,2,1,2,25,1,2,0,0,0,0,43099.0,42133.0,43127.0,44210.0,45844.0,49869.0,0.0,2000.0,1800.0,2500.0,5500.0,1801.0,0
5642,130000.0,2,2,2,42,0,0,0,0,0,0,42946.0,43969.0,44975.0,45723.0,46515.0,47450.0,1676.0,1682.0,1430.0,1318.0,1331.0,1525.0,0
5644,360000.0,2,2,1,49,-1,-1,-2,-2,-2,-2,15000.0,0.0,0.0,0.0,0.0,0.0,0.0,0.0,0.0,0.0,0.0,780.0,0
5648,50000.0,2,2,2,22,2,0,0,0,0,0,47076.0,48628.0,48524.0,8411.0,8587.0,8758.0,2617.0,2463.0,350.0,311.0,313.0,324.0,1
5650,360000.0,1,1,2,36,0,0,0,0,0,-1,256324.0,246283.0,211725.0,49064.0,19272.0,18609.0,12009.0,9530.0,2116.0,9291.0,18718.0,19333.0,0
5656,20000.0,1,2,2,24,-1,2,2,2,0,0,19318.0,18735.0,20905.0,20270.0,19409.0,19954.0,0.0,2480.0,0.0,1000.0,1035.0,1000.0,0
5657,330000.0,1,2,1,39,1,-1,-1,0,0,0,-208.0,208.0,125755.0,128671.0,132598.0,136229.0,416.0,125755.0,5000.0,6000.0,6000.0,10000.0,0
5672,180000.0,1,2,2,29,0,0,0,0,0,0,98535.0,99196.0,98905.0,75576.0,59889.0,51422.0,3977.0,6516.0,1611.0,3000.0,7080.0,1132.0,0
5675,100000.0,2,2,1,41,2,2,2,2,2,0,97031.0,96919.0,93277.0,97576.0,94742.0,95578.0,3500.0,0.0,7000.0,0.0,3600.0,4000.0,1
5682,30000.0,2,2,1,23,2,2,2,2,2,2,11851.0,14416.0,13887.0,14564.0,15183.0,14790.0,2762.0,0.0,910.0,1000.0,0.0,1200.0,1
5691,80000.0,1,1,2,38,-1,-1,-1,0,-1,-1,780.0,259.0,7544.0,390.0,390.0,332.0,259.0,7544.0,0.0,390.0,332.0,780.0,1
5704,380000.0,2,2,1,30,-2,-2,-2,-2,-2,-2,3745.0,738.0,1175.0,576.0,576.0,-2.0,745.0,1180.0,578.0,578.0,0.0,580.0,0
5715,310000.0,2,1,2,27,1,-1,-1,-2,-1,-1,0.0,113.0,0.0,0.0,6960.0,6008.0,113.0,200.0,0.0,6960.0,6008.0,0.0,1
5724,80000.0,2,2,2,22,3,2,0,0,0,2,42080.0,41131.0,42281.0,42605.0,47544.0,33115.0,0.0,2200.0,1500.0,5600.0,0.0,2275.0,0
5727,120000.0,2,2,3,37,2,2,2,2,2,2,26446.0,27719.0,27570.0,28318.0,29217.0,28598.0,2000.0,600.0,1500.0,1500.0,0.0,1056.0,1
5733,200000.0,1,1,1,44,-1,-1,-1,-1,-1,-1,25929.0,1582.0,21133.0,2941.0,8191.0,22842.0,1582.0,21133.0,2941.0,8191.0,22842.0,5567.0,0
5740,150000.0,2,3,1,34,0,0,0,0,0,0,112391.0,98583.0,95810.0,87216.0,88201.0,87483.0,5000.0,4000.0,4000.0,3290.0,3200.0,3215.0,0
5759,10000.0,2,2,2,33,0,0,0,0,0,-1,15004.0,8663.0,9437.0,9630.0,8399.0,1697.0,2452.0,1000.0,193.0,168.0,1734.0,770.0,1
5760,190000.0,2,1,2,44,0,0,0,0,0,0,181045.0,184249.0,158883.0,99255.0,80219.0,81912.0,8000.0,7000.0,4000.0,3000.0,3000.0,3000.0,0
5767,90000.0,2,3,2,26,0,0,0,0,0,0,14692.0,15722.0,16733.0,17453.0,17970.0,18175.0,1269.0,1280.0,1000.0,950.0,652.0,1000.0,0
5768,100000.0,2,2,1,43,0,0,0,0,0,0,98944.0,75296.0,78049.0,48644.0,54963.0,57269.0,4000.0,5000.0,3000.0,9000.0,4000.0,5000.0,0
5769,320000.0,1,1,3,32,-1,-1,-1,-1,-1,-1,802.0,4929.0,2064.0,4365.0,1183.0,3287.0,4929.0,2064.0,4365.0,1183.0,3287.0,2810.0,0
5774,270000.0,2,2,2,26,0,0,0,0,0,0,29951.0,12211.0,13533.0,14391.0,15255.0,16273.0,1300.0,1533.0,1391.0,1255.0,1273.0,1000.0,0
5775,20000.0,2,3,2,49,0,0,0,0,0,0,19437.0,20154.0,18957.0,19334.0,19373.0,19460.0,1337.0,2000.0,666.0,714.0,810.0,600.0,0
5787,240000.0,2,1,1,40,2,2,2,2,-2,-2,2500.0,2500.0,2500.0,0.0,0.0,0.0,0.0,0.0,0.0,0.0,0.0,0.0,1
5788,160000.0,2,2,1,40,0,0,2,0,0,2,137695.0,146193.0,139323.0,140719.0,143638.0,144482.0,12121.0,0.0,5100.0,10251.0,5205.0,0.0,0
5789,200000.0,2,2,1,44,-2,-2,-2,-2,-2,-2,0.0,138.0,0.0,0.0,1675.0,69.0,138.0,0.0,0.0,1675.0,69.0,39411.0,0
5791,100000.0,2,2,2,26,-1,-1,-1,-1,-1,-1,780.0,0.0,390.0,390.0,390.0,380.0,0.0,390.0,390.0,390.0,380.0,400.0,0
5792,280000.0,2,1,1,30,0,0,0,0,0,0,217773.0,215017.0,209089.0,167458.0,137312.0,109980.0,8155.0,10048.0,6011.0,6010.0,6514.0,10011.0,0
5798,50000.0,2,1,2,23,-2,-2,-2,-2,-2,-2,807.0,0.0,0.0,0.0,0.0,0.0,0.0,0.0,0.0,0.0,0.0,0.0,0
5805,140000.0,2,2,1,28,0,0,0,0,0,0,99296.0,89391.0,79173.0,43370.0,28850.0,17896.0,3205.0,2894.0,2000.0,1500.0,1000.0,2000.0,0
5809,640000.0,1,1,2,36,0,0,0,0,0,0,192325.0,68891.0,71564.0,32968.0,37541.0,42064.0,4000.0,4000.0,3000.0,5000.0,5000.0,3000.0,0
5813,190000.0,1,1,2,36,2,2,2,2,2,2,107689.0,109678.0,110887.0,111871.0,114223.0,116577.0,5200.0,4500.0,4300.0,4300.0,4400.0,4500.0,1
5825,50000.0,2,3,1,70,2,2,0,0,0,0,54084.0,51564.0,50733.0,30363.0,30444.0,30482.0,0.0,2504.0,1200.0,1500.0,1100.0,1301.0,0
5847,90000.0,2,1,1,43,0,0,0,0,2,2,58043.0,61485.0,62540.0,81123.0,80073.0,82472.0,5003.0,5000.0,20000.0,10.0,10104.0,87.0,1
5851,200000.0,1,1,2,28,0,-1,2,2,-1,-1,7464.0,22182.0,10373.0,2669.0,1024.0,170722.0,22182.0,7.0,0.0,6177.0,180722.0,5000.0,0
5852,130000.0,1,2,2,29,0,0,0,0,0,0,62530.0,62562.0,62650.0,63896.0,65411.0,64684.0,2272.0,2230.0,2243.0,2500.0,3000.0,4000.0,0
5855,30000.0,1,3,1,53,0,0,-2,-2,-2,-2,1596.0,0.0,0.0,0.0,0.0,0.0,0.0,0.0,0.0,0.0,0.0,0.0,0
5858,220000.0,1,1,1,40,0,0,0,0,0,0,129597.0,147323.0,132188.0,83844.0,89299.0,94777.0,20000.0,8000.0,5000.0,7000.0,7000.0,5000.0,0
5859,50000.0,1,1,2,46,0,0,-2,-2,-2,-2,51400.0,0.0,0.0,0.0,0.0,0.0,0.0,0.0,0.0,0.0,0.0,0.0,0
5868,30000.0,1,2,2,24,1,2,2,3,2,0,20985.0,20393.0,20399.0,19945.0,19645.0,11229.0,0.0,2403.0,0.0,0.0,2000.0,0.0,0
5871,180000.0,2,1,1,30,0,0,0,0,0,2,149069.0,152317.0,156282.0,161163.0,172190.0,148963.0,7500.0,8000.0,9000.0,14000.0,0.0,5500.0,1
5872,270000.0,2,1,2,27,0,0,0,0,0,0,200750.0,204418.0,197854.0,173743.0,149095.0,145068.0,9500.0,8929.0,7265.0,5400.0,5300.0,5100.0,0
5873,80000.0,2,3,2,30,0,0,0,-1,0,0,36676.0,38247.0,39856.0,28698.0,29299.0,30120.0,2165.0,2774.0,30458.0,1063.0,1308.0,4317.0,0
5875,100000.0,1,3,1,35,2,2,0,0,2,2,101326.0,97751.0,92431.0,97227.0,88899.0,93766.0,0.0,3500.0,7000.0,0.0,7000.0,0.0,1
5882,400000.0,2,1,2,32,0,0,0,0,0,0,48419.0,51886.0,53291.0,57265.0,61035.0,64879.0,5000.0,3000.0,5000.0,5000.0,5000.0,5000.0,0
5887,20000.0,1,2,2,23,1,2,2,2,2,0,4673.0,6433.0,6181.0,6778.0,6524.0,8408.0,2000.0,0.0,700.0,0.0,2000.0,2000.0,0
5891,510000.0,2,1,2,36,0,0,0,0,0,0,234900.0,214522.0,217620.0,218692.0,191069.0,195124.0,9975.0,8200.0,7268.0,7000.0,7177.0,7200.0,0
5893,20000.0,1,3,2,26,2,0,0,0,0,0,17880.0,19224.0,19327.0,18696.0,19233.0,19909.0,1641.0,2400.0,632.0,800.0,1000.0,1500.0,1
5896,180000.0,2,1,2,27,0,0,0,0,0,0,124501.0,126822.0,129440.0,128571.0,128631.0,129813.0,5000.0,6000.0,5000.0,5000.0,5000.0,5000.0,0
5901,80000.0,1,2,1,53,0,0,0,-2,-2,-2,5800.0,6666.0,0.0,0.0,0.0,0.0,1000.0,0.0,0.0,0.0,0.0,0.0,1
5911,50000.0,2,2,2,24,-1,-1,-1,-1,0,-1,1580.0,306.0,995.0,1055.0,102.0,2110.0,306.0,995.0,1055.0,0.0,2110.0,0.0,0
5913,230000.0,1,2,2,32,0,0,0,0,0,0,171111.0,164406.0,76691.0,76952.0,77577.0,78017.0,7468.0,3000.0,2723.0,2810.0,2793.0,2860.0,1
5915,200000.0,2,2,1,53,-1,-1,-1,-1,-2,-1,5059.0,0.0,16556.0,0.0,0.0,47140.0,0.0,16556.0,0.0,0.0,47140.0,0.0,0
5917,150000.0,2,2,1,44,0,0,0,0,0,0,17723.0,19440.0,14945.0,12966.0,14882.0,8105.0,2019.0,2020.0,2000.0,2000.0,2000.0,1000.0,0
5932,230000.0,2,2,1,43,0,0,0,0,0,0,84821.0,87055.0,87601.0,89762.0,92735.0,95768.0,4293.0,4162.0,5000.0,5000.0,5000.0,5000.0,0
5937,300000.0,1,3,2,34,-1,-1,-1,-1,-1,-1,4741.0,3767.0,10436.0,9650.0,4198.0,0.0,3767.0,10436.0,9856.0,4198.0,0.0,0.0,0
5938,200000.0,2,2,1,36,-1,-1,-1,-1,-1,-1,1070.0,4078.0,1099.0,1099.0,1099.0,1099.0,4107.0,1099.0,1099.0,1099.0,1099.0,1099.0,0
5942,30000.0,2,2,1,30,0,0,0,2,0,0,25156.0,25949.0,28478.0,27754.0,28186.0,30240.0,1500.0,3000.0,0.0,1001.0,2500.0,1200.0,0
5944,100000.0,2,1,1,38,0,0,0,0,0,0,66762.0,68566.0,65132.0,48738.0,51020.0,51948.0,5000.0,2436.0,3000.0,3000.0,2000.0,3000.0,0
5949,170000.0,2,1,2,26,0,0,0,0,0,0,108426.0,109889.0,84897.0,82608.0,84388.0,86096.0,3600.0,3111.0,3000.0,3100.0,3101.0,3306.0,0
5953,290000.0,2,1,1,41,-1,-1,-1,-1,-2,-1,11200.0,0.0,970.0,0.0,0.0,2184.0,0.0,970.0,0.0,0.0,2184.0,1140.0,0
5954,120000.0,2,1,2,27,1,-2,-2,-2,-2,-2,0.0,0.0,0.0,0.0,0.0,0.0,0.0,0.0,0.0,0.0,0.0,0.0,1
5988,360000.0,2,3,2,39,1,-2,-2,-2,-2,-2,0.0,0.0,0.0,0.0,0.0,0.0,0.0,0.0,0.0,0.0,0.0,0.0,1
5996,140000.0,1,1,2,30,0,-1,-1,-1,-1,-1,22778.0,6405.0,1683.0,-885.0,3019.0,-177.0,6500.0,2515.0,0.0,8000.0,0.0,1000.0,0
5997,50000.0,2,3,1,54,0,0,0,0,0,0,50318.0,50579.0,48491.0,29157.0,29097.0,29039.0,2008.0,3537.0,5700.0,1102.0,1200.0,1100.0,0
6003,90000.0,2,2,2,30,0,0,0,0,2,2,75382.0,73980.0,75036.0,77094.0,75708.0,76610.0,3350.0,3300.0,5500.0,1600.0,3950.0,0.0,1
6004,500000.0,1,1,2,36,-1,-1,-1,0,0,0,2450.0,1038.0,34741.0,20409.0,23804.0,22697.0,1100.0,35157.0,3000.0,5000.0,5000.0,5000.0,0
6005,80000.0,2,3,1,33,0,0,0,0,0,0,78428.0,76513.0,74383.0,48315.0,48831.0,48950.0,3373.0,7248.0,2980.0,2000.0,1903.0,1851.0,0
6016,60000.0,2,2,1,49,1,-2,-2,-2,-2,-2,0.0,0.0,0.0,0.0,0.0,0.0,0.0,0.0,0.0,0.0,0.0,0.0,1
6022,300000.0,2,3,1,39,-1,-1,-2,-2,-2,-2,1117.0,0.0,0.0,0.0,0.0,0.0,0.0,0.0,0.0,0.0,0.0,0.0,0
6024,70000.0,2,3,1,71,0,0,0,2,0,0,64670.0,66197.0,70867.0,54425.0,55555.0,48530.0,3166.0,6550.0,0.0,2033.0,1915.0,1708.0,0
6037,80000.0,2,3,1,39,-1,-1,-1,-1,-2,-1,5280.0,5000.0,5000.0,0.0,0.0,5000.0,5000.0,5000.0,0.0,5000.0,5000.0,470.0,0
6043,100000.0,2,1,2,32,0,0,0,0,0,0,93724.0,96017.0,98111.0,68668.0,66845.0,67452.0,3800.0,4000.0,2500.0,2500.0,3000.0,2600.0,0
6047,360000.0,2,1,2,30,0,0,0,0,0,0,70701.0,74550.0,78212.0,69453.0,73423.0,72575.0,10000.0,10005.0,10000.0,10000.0,10000.0,10000.0,0
6061,170000.0,2,1,2,36,-1,-1,2,-1,-1,-1,248.0,832.0,416.0,2304.0,323.0,-1092.0,1416.0,0.0,2304.0,0.0,0.0,0.0,0
6063,90000.0,2,2,1,27,-1,-1,0,0,0,0,1767.0,17684.0,18382.0,21415.0,6654.0,10323.0,17684.0,3000.0,5000.0,3000.0,5000.0,7000.0,0
6067,280000.0,2,1,1,41,2,-1,-1,-1,-2,-1,280.0,6852.0,486.0,0.0,0.0,244.0,6859.0,486.0,0.0,0.0,244.0,0.0,0
6071,80000.0,2,2,1,41,0,0,0,0,0,0,74228.0,76138.0,45441.0,30526.0,28356.0,2661.0,3500.0,2000.0,1400.0,1600.0,400.0,1000.0,0
6075,220000.0,2,1,2,42,-1,-1,-1,-1,-1,-1,26340.0,31523.0,35718.0,24288.0,25720.0,48759.0,31533.0,20600.0,24288.0,25720.0,48759.0,23303.0,0
6083,50000.0,2,2,1,41,1,2,2,2,2,0,15910.0,15370.0,16490.0,16962.0,15446.0,14739.0,0.0,1700.0,1002.0,2.0,684.0,442.0,0
6091,160000.0,2,2,2,26,-1,-1,-1,-1,0,-1,8036.0,7663.0,768.0,10488.0,4724.0,104205.0,7663.0,768.0,10488.0,2049.0,104205.0,3000.0,0
6095,80000.0,2,1,2,26,-1,-1,-1,0,-1,-1,666.0,666.0,1332.0,666.0,666.0,416.0,666.0,1332.0,0.0,666.0,416.0,416.0,1
6104,60000.0,2,3,2,51,0,0,0,0,0,0,56793.0,57455.0,59295.0,19212.0,19232.0,19218.0,2342.0,3057.0,700.0,700.0,682.0,700.0,0
6116,240000.0,1,1,1,35,-2,-2,-2,-2,-2,-2,2007.0,21790.0,17102.0,13367.0,22659.0,22707.0,21817.0,1120.0,13434.0,22772.0,22820.0,8050.0,0
6122,250000.0,2,2,1,29,2,2,2,0,0,2,128413.0,124320.0,108995.0,84196.0,95286.0,93613.0,5300.0,0.0,3100.0,12500.0,0.0,2100.0,1
6126,30000.0,2,3,1,47,-2,-2,-2,-2,-2,-2,6911.0,10507.0,4785.0,4567.0,11762.0,4209.0,10523.0,4790.0,4736.0,55762.0,4209.0,22815.0,0
6129,420000.0,2,1,1,36,-1,-1,-1,-1,-1,-1,0.0,1493.0,0.0,11511.0,14916.0,15564.0,0.0,0.0,11511.0,14916.0,15564.0,11339.0,0
6134,240000.0,2,1,2,27,-2,-2,-2,-2,-2,-2,3293.0,9051.0,2804.0,3958.0,12157.0,3874.0,9079.0,2804.0,3958.0,12157.0,3874.0,937.0,0
6140,280000.0,1,1,2,33,0,0,0,0,0,0,275487.0,207378.0,107293.0,6283.0,5783.0,5283.0,8879.0,4743.0,1640.0,0.0,0.0,0.0,0
6142,260000.0,2,1,2,53,0,0,0,0,0,0,235073.0,235704.0,198181.0,143561.0,110982.0,72514.0,30000.0,10087.0,6030.0,5001.0,10002.0,148.0,0
6149,300000.0,2,1,2,37,1,2,0,0,0,0,34085.0,29305.0,25945.0,22318.0,18636.0,15374.0,0.0,1380.0,753.0,630.0,1000.0,500.0,0
6151,300000.0,2,3,2,39,1,-2,-1,-1,-1,-1,-3928.0,-5973.0,4735.0,6186.0,116.0,14429.0,1720.0,344467.0,6822.0,49.0,15000.0,12000.0,1
6161,370000.0,1,1,1,40,1,-2,-2,-2,-2,-2,0.0,0.0,0.0,0.0,0.0,0.0,0.0,0.0,0.0,0.0,0.0,0.0,1
6183,70000.0,2,1,2,24,2,2,2,0,0,0,26410.0,31128.0,24486.0,21879.0,13127.0,14149.0,5190.0,42.0,3000.0,3000.0,1400.0,2000.0,1
6194,70000.0,2,1,1,45,1,2,2,0,0,0,69794.0,70756.0,65348.0,58253.0,35943.0,27930.0,3000.0,0.0,3000.0,5943.0,10000.0,2249.0,0
6199,30000.0,1,2,1,49,0,0,2,2,0,0,12855.0,16012.0,16453.0,15891.0,16224.0,16710.0,3690.0,1000.0,0.0,589.0,756.0,1500.0,0
6205,50000.0,1,1,1,56,-1,0,0,0,0,0,5433.0,12906.0,7044.0,6787.0,6534.0,6277.0,1117.0,1098.0,231.0,234.0,238.0,175.0,1
6214,310000.0,2,2,2,25,0,0,0,0,0,0,28598.0,22017.0,14605.0,15125.0,18048.0,16607.0,8820.0,1576.0,1000.0,3100.0,2000.0,1000.0,0
6219,450000.0,2,1,1,40,1,-2,-2,-2,-2,-2,0.0,0.0,0.0,0.0,0.0,0.0,0.0,0.0,0.0,0.0,0.0,0.0,0
6223,50000.0,2,2,2,32,0,0,0,0,0,0,36211.0,28530.0,20084.0,18088.0,18476.0,20168.0,1709.0,2004.0,7497.0,671.0,2000.0,6100.0,0
6224,90000.0,2,3,2,28,0,0,0,0,0,2,86493.0,86960.0,87187.0,86669.0,90391.0,87207.0,4200.0,4000.0,3200.0,6700.0,0.0,4000.0,0
6247,360000.0,1,1,1,38,-1,-1,-1,-1,-1,-1,7975.0,4062.0,1914.0,4877.0,2100.0,3602.0,4062.0,1914.0,4877.0,2100.0,3602.0,9452.0,0
6253,200000.0,1,3,1,43,-1,-1,-1,0,0,-1,1435.0,1270.0,3783.0,2522.0,1261.0,1436.0,1270.0,4000.0,0.0,0.0,1436.0,1261.0,0
6262,240000.0,2,1,2,28,0,0,0,0,0,0,209848.0,214477.0,218142.0,195913.0,197823.0,189111.0,10000.0,9000.0,7000.0,7000.0,6625.0,7000.0,0
6268,280000.0,2,2,1,47,0,0,0,0,0,-1,231181.0,26610.0,24910.0,20133.0,5821.0,143866.0,1610.0,1910.0,1133.0,821.0,155681.0,4785.0,0
6284,150000.0,1,3,1,29,0,0,-2,-2,-2,-2,38675.0,0.0,0.0,0.0,0.0,0.0,0.0,0.0,0.0,0.0,0.0,0.0,0
6288,200000.0,2,1,1,33,0,0,0,0,0,0,105775.0,88262.0,69596.0,32709.0,31816.0,33368.0,3493.0,2536.0,1065.0,10020.0,6097.0,5022.0,0
6290,130000.0,2,2,1,28,2,2,0,0,0,0,135805.0,125973.0,95602.0,91328.0,93099.0,95825.0,75.0,3369.0,3423.0,3400.0,4275.0,2307.0,0
6293,470000.0,2,1,2,40,0,0,0,0,0,0,17243.0,14722.0,15270.0,15615.0,16261.0,16969.0,1243.0,1300.0,600.0,900.0,1000.0,1324.0,1
6309,70000.0,2,1,2,28,0,0,0,0,0,0,20335.0,21699.0,22460.0,20345.0,42123.0,19852.0,2000.0,1500.0,3000.0,721.0,1200.0,2000.0,0
6325,500000.0,1,1,1,49,-1,-1,-1,-1,-1,-1,12939.0,28805.0,41027.0,36073.0,46096.0,103065.0,28954.0,41027.0,36073.0,46096.0,103065.0,154321.0,0
6335,70000.0,2,2,1,33,2,2,2,2,3,2,63963.0,65350.0,66279.0,70580.0,69180.0,70392.0,3000.0,2600.0,6000.0,0.0,2500.0,1165.0,1
6338,20000.0,1,3,2,26,2,2,-1,-1,2,0,20155.0,10356.0,556.0,20897.0,20438.0,20325.0,0.0,600.0,20900.0,1.0,805.0,752.0,0
6340,200000.0,2,2,3,35,-1,-1,-1,-1,0,-1,1992.0,8287.0,9427.0,2040.0,16338.0,2076.0,8290.0,9427.0,2240.0,16000.0,2076.0,833.0,0
6344,150000.0,1,3,1,53,2,2,2,2,2,0,17790.0,18209.0,18608.0,20294.0,19828.0,20396.0,1000.0,1000.0,2000.0,0.0,900.0,2000.0,1
6358,50000.0,2,1,1,40,-1,2,-1,-1,2,2,465.0,465.0,760.0,1360.0,518.0,3518.0,0.0,760.0,600.0,0.0,3000.0,0.0,1
6360,50000.0,1,1,2,27,0,0,0,0,0,0,17541.0,18716.0,19098.0,3291.0,1855.0,540.0,1762.0,1144.0,66.0,37.0,158.0,390.0,0
6366,20000.0,1,3,1,27,0,0,2,0,0,0,20184.0,20702.0,20057.0,19583.0,19991.0,20446.0,2950.0,2.0,687.0,709.0,965.0,559.0,1
6370,80000.0,2,2,1,34,0,0,0,0,-2,-2,49005.0,49551.0,45930.0,0.0,0.0,0.0,2141.0,2150.0,0.0,0.0,0.0,0.0,0
6377,150000.0,2,1,2,41,-2,-2,-2,-2,-1,-1,9682.0,-399.0,0.0,0.0,399.0,150.0,399.0,399.0,0.0,399.0,150.0,200.0,0
6378,30000.0,2,3,2,26,0,0,0,0,-1,-1,27594.0,29717.0,28812.0,28762.0,10404.0,8578.0,2595.0,1200.0,1020.0,10404.0,51000.0,0.0,0
6381,150000.0,1,2,1,32,0,0,0,0,0,0,141346.0,145483.0,146410.0,142858.0,146007.0,130721.0,10000.0,7000.0,4000.0,8071.0,4000.0,3283.0,0
6407,240000.0,2,1,2,38,-1,-1,-1,-1,-1,-1,6916.0,2098.0,9927.0,3633.0,3603.0,926.0,2106.0,9951.0,3633.0,3603.0,926.0,7199.0,1
6411,210000.0,2,1,1,43,-2,-1,-1,-1,-2,-2,0.0,981.0,2148.0,0.0,0.0,0.0,981.0,2148.0,0.0,0.0,0.0,0.0,0
6413,160000.0,1,2,2,45,0,0,0,0,0,0,131895.0,132154.0,129237.0,90981.0,92580.0,77184.0,5336.0,4900.0,2807.0,2898.0,2713.0,2885.0,1
6419,30000.0,1,1,1,38,0,0,2,0,0,0,27429.0,29085.0,29282.0,29270.0,29078.0,28652.0,2403.0,1200.0,588.0,588.0,574.0,0.0,0
6420,30000.0,2,2,2,27,0,0,2,0,0,0,28392.0,31439.0,30394.0,29994.0,29834.0,15960.0,3500.0,0.0,0.0,0.0,0.0,0.0,0
6421,200000.0,1,2,2,33,0,0,0,0,0,2,80012.0,81703.0,83290.0,85085.0,89707.0,63787.0,2972.0,2952.0,3107.0,6056.0,0.0,3000.0,1
6422,290000.0,2,2,2,28,0,0,0,0,0,0,133789.0,137875.0,124871.0,118193.0,121283.0,124109.0,6300.0,6000.0,5000.0,5000.0,5000.0,5000.0,0
6424,180000.0,1,1,2,28,0,0,0,0,0,-1,9853.0,18399.0,29973.0,42347.0,-53.0,10653.0,10732.0,22119.0,17012.0,0.0,10706.0,9659.0,0
6426,210000.0,1,2,1,39,-1,-1,-2,-2,-2,-2,7128.0,3605.0,4308.0,3713.0,5133.0,5749.0,3623.0,4315.0,3713.0,5133.0,5749.0,6762.0,0
6429,130000.0,2,2,2,25,2,2,0,0,0,0,138910.0,119948.0,135259.0,95956.0,97770.0,92206.0,0.0,18259.0,3456.0,3770.0,3706.0,3708.0,1
6430,10000.0,1,2,2,21,0,0,0,0,0,0,9042.0,10038.0,9784.0,9984.0,9780.0,0.0,1305.0,1000.0,200.0,196.0,0.0,0.0,1
6433,20000.0,2,3,1,53,0,0,0,-2,-2,-2,12237.0,12870.0,0.0,0.0,0.0,0.0,1000.0,0.0,0.0,0.0,0.0,0.0,0
6444,110000.0,2,2,2,32,0,0,0,0,0,0,108159.0,106812.0,108464.0,108829.0,110557.0,106082.0,5400.0,5400.0,4100.0,4100.0,4100.0,4200.0,0
6446,200000.0,2,1,1,45,-1,-1,-1,-1,-2,-1,15127.0,1890.0,3699.0,367.0,-1530.0,4812.0,1896.0,3712.0,379.0,1217.0,9652.0,16.0,1
6448,290000.0,2,1,1,47,-1,-1,-1,-1,-1,-1,15485.0,12332.0,3979.0,7139.0,6448.0,1476.0,12369.0,4690.0,7160.0,6471.0,1476.0,6078.0,0
6454,60000.0,2,2,1,23,0,0,0,2,2,0,58844.0,43427.0,30408.0,30632.0,30021.0,30445.0,2000.0,4300.0,1000.0,0.0,2000.0,1500.0,0
6455,180000.0,2,2,1,25,0,0,0,0,0,0,134733.0,120775.0,112784.0,114794.0,105248.0,107130.0,9148.0,4030.0,4211.0,3798.0,4000.0,4327.0,0
6458,150000.0,2,4,1,36,-2,-2,-2,-2,-2,-2,5253.0,0.0,0.0,0.0,0.0,0.0,0.0,0.0,0.0,0.0,0.0,0.0,0
6466,330000.0,2,1,2,34,0,0,0,0,0,0,261974.0,245882.0,228275.0,227974.0,185431.0,107493.0,15000.0,10008.0,10000.0,20000.0,25000.0,3500.0,0
6475,260000.0,2,1,2,29,1,2,0,0,0,0,234922.0,227802.0,215320.0,177965.0,171201.0,164834.0,6.0,6918.0,5295.0,4805.0,5002.0,3005.0,0
6480,130000.0,1,2,1,40,-1,-1,-1,-1,-1,-1,390.0,390.0,390.0,390.0,390.0,390.0,390.0,390.0,390.0,390.0,390.0,390.0,0
6491,50000.0,1,3,1,34,0,0,0,0,0,0,6808.0,6198.0,22456.0,19776.0,9433.0,7487.0,1318.0,19776.0,1096.0,572.0,645.0,0.0,0
6494,50000.0,1,2,2,34,2,2,0,0,0,-1,61220.0,56388.0,53813.0,22667.0,23488.0,20022.0,9.0,2061.0,0.0,821.0,21414.0,703.0,0
6501,10000.0,1,3,1,47,0,0,2,0,0,2,6817.0,9119.0,8826.0,8849.0,9567.0,9265.0,2588.0,0.0,318.0,862.0,0.0,502.0,1
6507,50000.0,1,2,2,52,1,2,0,0,0,2,5893.0,5653.0,6747.0,7859.0,7464.0,7199.0,0.0,1200.0,1200.0,1200.0,0.0,1200.0,0
6510,50000.0,1,2,2,25,2,2,3,3,3,3,1050.0,1050.0,1050.0,1050.0,1050.0,1050.0,0.0,0.0,0.0,0.0,0.0,0.0,1
6511,80000.0,1,1,2,38,0,0,0,0,0,0,32562.0,23346.0,18361.0,10434.0,7387.0,3300.0,1482.0,1011.0,8.0,111.0,3509.0,0.0,0
6514,140000.0,2,1,1,41,-1,2,-1,-1,0,-1,780.0,390.0,390.0,780.0,390.0,390.0,0.0,390.0,780.0,0.0,390.0,390.0,0
6521,230000.0,2,1,2,37,0,0,2,0,0,-2,9092.0,12509.0,12784.0,12584.0,0.0,0.0,3500.0,700.0,0.0,0.0,0.0,0.0,1
6522,60000.0,2,3,2,24,0,0,0,0,0,0,60491.0,61319.0,56550.0,43279.0,28289.0,28013.0,2560.0,1593.0,1348.0,1012.0,1016.0,1007.0,1
6531,230000.0,1,3,1,61,1,-2,-2,-2,-2,-2,0.0,0.0,0.0,0.0,0.0,0.0,0.0,0.0,0.0,0.0,0.0,0.0,1
6535,170000.0,1,1,1,35,0,0,0,0,0,0,51207.0,38528.0,34688.0,30542.0,61032.0,23711.0,5000.0,2000.0,3000.0,1000.0,6000.0,8753.0,0
6545,360000.0,1,3,1,32,0,0,0,0,0,0,89120.0,191329.0,92915.0,52341.0,51739.0,55079.0,105484.0,4500.0,2000.0,2100.0,4400.0,2934.0,0
6547,50000.0,1,2,2,26,0,0,0,0,0,2,40959.0,41996.0,43296.0,44187.0,49132.0,48191.0,2000.0,2000.0,1608.0,5684.0,0.0,2000.0,0
6548,150000.0,2,2,1,36,0,0,0,0,-1,-1,70001.0,45813.0,44309.0,27428.0,2013.0,4724.0,2500.0,1200.0,2618.0,2013.0,4724.0,0.0,0
6553,230000.0,2,3,2,30,0,0,0,0,0,0,1873.0,2778.0,4734.0,6642.0,8520.0,9869.0,1500.0,2000.0,2000.0,2000.0,1500.0,2000.0,1
6557,20000.0,1,2,2,22,3,2,2,3,2,2,16014.0,15474.0,19739.0,19194.0,38414.0,19200.0,0.0,4900.0,0.0,800.0,800.0,500.0,1
6573,90000.0,2,1,2,26,0,0,0,0,0,0,32154.0,33521.0,34443.0,31223.0,31723.0,32505.0,1888.0,1810.0,1300.0,1152.0,1310.0,1197.0,0
6576,20000.0,2,2,2,23,0,0,0,0,2,2,11564.0,13063.0,14337.0,15596.0,15204.0,17149.0,2000.0,1500.0,1500.0,0.0,2200.0,0.0,1
6602,290000.0,1,3,1,50,0,0,0,0,-1,0,62381.0,32320.0,22528.0,10502.0,82823.0,52624.0,1778.0,1565.0,212.0,82902.0,2008.0,1177.0,0
6604,200000.0,2,2,1,40,0,0,0,0,0,0,22065.0,23382.0,21522.0,8815.0,4280.0,0.0,2000.0,1128.0,4280.0,0.0,0.0,0.0,0
6614,30000.0,2,2,2,25,0,0,0,0,0,0,7244.0,8265.0,9436.0,10123.0,10335.0,10691.0,1142.0,1313.0,1000.0,375.0,528.0,600.0,0
6623,90000.0,2,3,1,45,0,0,0,0,0,0,63115.0,33963.0,33807.0,2966.0,1223.0,0.0,1988.0,1900.0,59.0,24.0,0.0,0.0,0
6631,120000.0,2,2,2,35,0,0,0,0,0,0,71708.0,72047.0,67080.0,68660.0,69411.0,2855.0,3200.0,3000.0,3700.0,3500.0,1000.0,68074.0,0
6636,20000.0,1,2,2,24,2,2,0,0,2,0,15166.0,14638.0,15582.0,17809.0,17385.0,18437.0,0.0,1500.0,2500.0,0.0,1500.0,1500.0,1
6643,200000.0,1,1,2,29,0,0,0,2,2,2,137218.0,141808.0,151020.0,152040.0,164405.0,161525.0,6808.0,11620.0,5000.0,15000.0,0.0,4089.0,0
6644,20000.0,1,1,2,29,0,0,2,0,0,0,14897.0,17512.0,16926.0,17368.0,17959.0,19023.0,3170.0,0.0,1000.0,1000.0,3000.0,0.0,0
6653,530000.0,2,3,1,50,0,0,0,0,0,0,219884.0,223526.0,206593.0,275847.0,163157.0,164838.0,10000.0,10000.0,10000.0,7000.0,7000.0,5000.0,0
6658,20000.0,2,2,2,26,2,2,0,0,0,0,17368.0,16801.0,17789.0,17419.0,17628.0,18125.0,0.0,1281.0,771.0,640.0,790.0,761.0,0
6668,50000.0,1,2,2,39,1,2,2,2,2,2,39966.0,37584.0,38423.0,37212.0,39319.0,36082.0,0.0,3000.0,0.0,3007.0,7.0,3119.0,0
6669,50000.0,1,3,1,51,0,0,0,0,0,0,42257.0,44243.0,64104.0,33406.0,34104.0,34869.0,3000.0,2500.0,1985.0,1163.0,1256.0,1316.0,0
6672,230000.0,2,1,2,42,-1,-1,-1,-1,-1,2,326.0,326.0,326.0,1458.0,952.0,476.0,326.0,326.0,1458.0,952.0,0.0,326.0,0
6674,30000.0,1,1,2,34,1,2,2,2,2,0,26921.0,27809.0,21658.0,22794.0,22289.0,22916.0,1700.0,0.0,1800.0,0.0,1000.0,1000.0,0
6678,20000.0,1,3,2,24,1,2,0,0,0,0,17231.0,15897.0,16232.0,16555.0,16104.0,16055.0,0.0,1300.0,573.0,576.0,600.0,1900.0,0
6682,80000.0,2,2,1,28,0,0,0,0,0,0,77857.0,80002.0,82020.0,73904.0,75558.0,77279.0,4000.0,4000.0,3000.0,3000.0,3000.0,3000.0,0
6683,20000.0,1,2,1,36,1,2,0,0,0,0,12564.0,12077.0,12779.0,13033.0,13308.0,13985.0,0.0,1212.0,466.0,485.0,900.0,1000.0,1
6691,150000.0,2,3,2,47,0,0,0,0,0,0,153720.0,150540.0,153103.0,152060.0,151470.0,151974.0,7000.0,7000.0,5200.0,5500.0,6300.0,5100.0,0
6692,160000.0,1,3,2,38,0,0,0,0,0,0,47269.0,45688.0,47690.0,48712.0,49525.0,50389.0,2767.0,2769.0,1791.0,1928.0,1960.0,1461.0,0
6695,50000.0,1,2,2,24,0,0,0,0,0,0,6716.0,7737.0,8741.0,8911.0,8943.0,9140.0,1290.0,1294.0,464.0,324.0,345.0,500.0,0
6698,60000.0,1,3,2,27,0,0,0,0,0,0,37170.0,36918.0,10163.0,10692.0,15307.0,19838.0,2000.0,3000.0,1000.0,5000.0,5000.0,1000.0,0
6704,30000.0,1,1,3,27,0,0,0,0,0,0,25107.0,26312.0,28102.0,29078.0,29201.0,24122.0,2000.0,3000.0,2000.0,1000.0,1500.0,1000.0,0
6706,120000.0,1,2,2,29,0,0,0,0,0,0,60098.0,50910.0,44943.0,37176.0,38245.0,28682.0,2000.0,1500.0,1500.0,1500.0,1500.0,1500.0,0
6708,20000.0,2,2,2,23,0,0,0,0,0,-1,17772.0,19058.0,19681.0,19507.0,14656.0,756.0,1877.0,1500.0,500.0,0.0,756.0,23750.0,0
6715,170000.0,1,1,1,45,2,-1,-1,-1,-1,-1,360.0,360.0,360.0,360.0,360.0,870.0,360.0,360.0,360.0,360.0,870.0,0.0,0
6718,140000.0,1,1,2,27,0,0,0,2,0,0,19484.0,20114.0,16606.0,9609.0,5429.0,9763.0,2000.0,10063.0,0.0,2000.0,5000.0,5000.0,1
6725,230000.0,2,3,1,31,0,0,0,0,0,0,184444.0,182933.0,178409.0,175091.0,171800.0,168476.0,7016.0,5500.0,5125.0,5031.0,4969.0,5071.0,0
6726,200000.0,1,1,1,36,0,0,2,2,2,0,2346.0,4802.0,4579.0,5840.0,5603.0,6352.0,2500.0,0.0,1500.0,0.0,1000.0,1000.0,1
6735,500000.0,2,2,1,31,-1,-1,-1,0,0,0,2181.0,5625.0,60201.0,45299.0,40940.0,16923.0,5700.0,60207.0,1000.0,838.0,4476.0,24236.0,0
6736,90000.0,2,1,2,23,-1,-1,-1,0,0,0,316.0,3066.0,3832.0,6194.0,5878.0,316.0,3066.0,3832.0,5878.0,0.0,0.0,3316.0,0
6738,390000.0,1,1,2,47,1,-1,-1,-2,-1,-1,0.0,3760.0,0.0,0.0,123.0,0.0,3760.0,0.0,0.0,123.0,0.0,0.0,0
6740,10000.0,2,2,2,32,0,0,0,0,0,0,9463.0,9338.0,10073.0,10059.0,9760.0,10048.0,1165.0,1200.0,400.0,520.0,600.0,500.0,0
6745,10000.0,1,2,2,23,0,0,2,0,0,2,7886.0,9085.0,7784.0,8547.0,8907.0,6844.0,1500.0,1000.0,1000.0,600.0,200.0,500.0,1
6748,150000.0,2,1,1,37,-1,-1,-1,0,0,-1,4787.0,1046.0,344.0,1291.0,1193.0,1914.0,1054.0,344.0,1193.0,0.0,3000.0,0.0,0
6749,50000.0,1,3,1,48,0,0,0,0,0,0,11839.0,13240.0,14015.0,14293.0,14763.0,14968.0,1600.0,1300.0,511.0,700.0,600.0,800.0,1
6756,300000.0,1,1,1,45,-1,-1,-1,-1,-1,-1,999.0,-7334.0,8333.0,6666.0,8333.0,8333.0,0.0,24000.0,6666.0,10000.0,8333.0,15449.0,1
6757,90000.0,1,2,1,28,0,0,-2,-2,-2,-2,5580.0,0.0,0.0,0.0,0.0,0.0,0.0,0.0,0.0,0.0,0.0,776.0,0
6761,70000.0,2,2,2,26,0,0,0,0,0,-1,50680.0,51256.0,47394.0,7879.0,-1940.0,27545.0,2000.0,1500.0,0.0,0.0,30000.0,656.0,0
6773,110000.0,2,3,2,46,0,0,0,0,0,0,45846.0,47104.0,48325.0,0.0,49461.0,48438.0,2000.0,2000.0,2000.0,0.0,2000.0,2000.0,0
6790,50000.0,2,2,1,45,0,0,0,0,0,0,46188.0,14082.0,15021.0,7696.0,7872.0,8028.0,1261.0,1200.0,300.0,300.0,287.0,297.0,0
6792,20000.0,1,2,2,22,1,-2,-2,-1,0,0,-50.0,-440.0,-830.0,780.0,780.0,0.0,0.0,0.0,2000.0,0.0,0.0,0.0,0
6812,420000.0,2,2,2,36,-1,-1,-1,0,-1,-1,3581.0,16629.0,33433.0,28468.0,35669.0,23317.0,16647.0,33595.0,16000.0,36625.0,23317.0,23983.0,0
6815,110000.0,1,2,2,31,0,0,0,0,0,0,61050.0,62663.0,62425.0,59118.0,49449.0,38047.0,2600.0,2100.0,2000.0,2000.0,1500.0,1000.0,0
6818,180000.0,1,1,2,27,0,0,0,0,0,0,13895.0,14385.0,13190.0,17676.0,14792.0,11210.0,5000.0,3000.0,8700.0,1500.0,600.0,4000.0,0
6824,90000.0,2,2,1,51,0,0,0,0,0,0,112577.0,105189.0,97048.0,88247.0,88564.0,90145.0,4000.0,3330.0,3087.0,3162.0,4496.0,4003.0,1
6825,30000.0,2,1,2,23,0,0,0,0,0,0,29292.0,28809.0,30005.0,30452.0,29197.0,29381.0,1804.0,2000.0,1200.0,1600.0,1211.0,1165.0,0
6831,130000.0,2,2,2,26,0,0,0,0,0,0,84133.0,84458.0,62441.0,48175.0,29874.0,15525.0,2758.0,2741.0,2175.0,1874.0,1525.0,0.0,0
6835,50000.0,2,1,2,24,-2,-2,-2,-2,-2,-2,894.0,1020.0,0.0,0.0,0.0,0.0,1020.0,0.0,0.0,0.0,0.0,0.0,0
6836,190000.0,2,1,1,31,-1,3,2,-1,-1,-1,8121.0,6523.0,750.0,14724.0,919.0,-3899.0,0.0,0.0,14724.0,0.0,0.0,25000.0,0
6842,230000.0,2,2,1,36,-2,-2,-2,-2,-2,-2,3786.0,2894.0,1200.0,2735.0,3231.0,909.0,2914.0,1406.0,2735.0,3241.0,913.0,0.0,0
6857,360000.0,2,1,2,29,-2,-2,-2,-2,-2,-2,5041.0,7485.0,4480.0,3260.0,3884.0,4352.0,2500.0,7740.0,3260.0,3884.0,4352.0,4509.0,0
6858,180000.0,2,1,1,33,-1,0,0,0,0,0,996.0,1999.0,2216.0,2301.0,2364.0,2286.0,1503.0,1400.0,250.0,228.0,106.0,1601.0,1
6863,180000.0,2,2,1,36,0,0,0,0,0,0,111190.0,113912.0,116231.0,117803.0,120350.0,124190.0,6000.0,5700.0,5000.0,4600.0,6000.0,3500.0,0
6873,240000.0,1,2,2,30,-2,-2,-1,-1,-1,-1,53812.0,2000.0,2396.0,4657.0,2452.0,2418.0,2010.0,2613.0,5076.0,2464.0,2428.0,4170.0,0
6884,200000.0,1,2,2,36,-1,-1,-2,-1,-1,-1,2989.0,0.0,0.0,2989.0,9059.0,52248.0,0.0,0.0,2989.0,9059.0,52546.0,10380.0,0
6889,80000.0,1,2,2,23,0,-1,2,-1,-1,-2,25992.0,904.0,68.0,232.0,-604.0,-440.0,1000.0,0.0,1000.0,0.0,1000.0,0.0,0
6894,370000.0,2,2,2,29,4,3,2,0,0,0,390509.0,382898.0,365461.0,304436.0,311426.0,275628.0,0.0,0.0,10019.0,11000.0,10000.0,10000.0,1
6904,80000.0,2,2,2,24,1,-2,-2,-1,-1,-1,0.0,159.0,0.0,110.0,-390.0,1104.0,159.0,0.0,110.0,390.0,1884.0,0.0,1
6906,50000.0,1,2,2,25,3,2,0,0,0,0,50516.0,22781.0,25064.0,12927.0,18691.0,19291.0,9.0,1210.0,1000.0,6000.0,1060.0,780.0,1
6925,50000.0,2,2,3,49,0,0,0,0,0,2,45681.0,14657.0,9677.0,8826.0,10177.0,9865.0,1209.0,1300.0,350.0,1500.0,0.0,300.0,0
6927,60000.0,2,2,2,24,2,2,2,0,0,2,60270.0,65005.0,63309.0,62369.0,64603.0,66584.0,5706.0,0.0,2250.0,5000.0,4800.0,0.0,1
6935,210000.0,2,1,2,28,-1,-1,-1,-1,0,0,262.0,3771.0,5474.0,69536.0,76188.0,72678.0,3771.0,5474.0,69536.0,10000.0,4000.0,2100.0,0
6947,220000.0,2,2,1,37,2,0,-1,-1,0,0,2345.0,2572.0,15.0,947.0,631.0,715.0,1007.0,16.0,1578.0,0.0,400.0,1.0,1
6968,140000.0,2,2,2,29,0,0,0,0,0,0,43030.0,44335.0,45351.0,46317.0,55506.0,56609.0,2000.0,1755.0,1721.0,10000.0,2028.0,3000.0,0
6973,230000.0,1,1,1,38,-1,-1,-1,-1,-1,-1,1902.0,2161.0,1144.0,1346.0,1024.0,-4.0,2170.0,1149.0,1352.0,1029.0,0.0,654.0,0
6975,300000.0,1,2,1,31,-1,-1,-1,-1,-1,-1,12793.0,14185.0,12970.0,14786.0,12794.0,14180.0,14212.0,12985.0,14816.0,12808.0,14201.0,14109.0,0
6981,210000.0,2,2,1,35,0,0,0,0,0,0,44552.0,45831.0,46870.0,48089.0,49311.0,50296.0,2000.0,1800.0,2000.0,2000.0,1803.0,2000.0,0
6987,60000.0,2,1,2,27,-1,-1,-1,-1,-1,2,3136.0,1286.0,1047.0,-239.0,1475.0,1289.0,1286.0,1047.0,0.0,3000.0,0.0,0.0,0
6989,50000.0,1,3,1,51,1,2,0,0,0,0,48091.0,47028.0,46672.0,28478.0,29074.0,29671.0,1.0,2213.0,1019.0,1055.0,1080.0,1245.0,1
6991,20000.0,1,3,2,59,2,2,2,0,0,0,5119.0,5546.0,6302.0,7193.0,8075.0,8938.0,1500.0,1000.0,1000.0,1000.0,1000.0,1000.0,0
6993,420000.0,2,1,2,36,-2,-2,-2,-2,-2,-2,0.0,3363.0,13581.0,1024.0,7853.0,5562.0,3363.0,13591.0,1026.0,7853.0,5562.0,990.0,0
7001,30000.0,2,3,2,22,0,0,0,0,0,0,20741.0,21906.0,23183.0,13273.0,3027.0,3177.0,1500.0,1700.0,750.0,200.0,200.0,100.0,0
7004,20000.0,1,3,2,58,0,0,-2,-2,-2,-2,12066.0,0.0,0.0,0.0,0.0,0.0,0.0,0.0,0.0,0.0,0.0,0.0,0
7005,210000.0,2,1,2,29,-1,-1,-1,-1,2,-1,27371.0,871.0,871.0,2042.0,1021.0,1666.0,871.0,871.0,2042.0,0.0,1666.0,316.0,0
7008,500000.0,2,2,1,44,0,0,0,0,0,0,38034.0,39044.0,38458.0,39222.0,40043.0,40854.0,1632.0,1639.0,1403.0,1452.0,1475.0,1117.0,0
7010,10000.0,1,2,1,59,0,0,0,0,0,0,6827.0,7849.0,8704.0,8877.0,9063.0,9318.0,1290.0,1145.0,318.0,329.0,406.0,186.0,0
7023,100000.0,1,2,1,44,2,2,2,2,3,2,59586.0,60842.0,61749.0,65130.0,63816.0,65011.0,2800.0,2500.0,5000.0,0.0,2400.0,2400.0,1
7029,100000.0,1,1,1,49,0,0,0,2,2,2,63977.0,64854.0,69258.0,67546.0,71938.0,73605.0,2500.0,6100.0,0.0,5500.0,3000.0,0.0,1
7036,240000.0,2,1,1,37,-1,-1,-2,-2,-2,-2,317.0,0.0,0.0,0.0,0.0,0.0,0.0,0.0,0.0,0.0,0.0,0.0,0
7037,140000.0,1,1,2,35,-1,-1,-1,-1,-1,-1,325.0,537.0,4233.0,857.0,325.0,325.0,537.0,4233.0,857.0,325.0,325.0,954.0,0
7038,120000.0,1,1,1,52,2,2,2,2,3,2,112593.0,112623.0,115258.0,119620.0,118928.0,121619.0,3300.0,6000.0,7800.0,1500.0,4800.0,0.0,0
7039,460000.0,1,2,1,61,1,-1,-1,-1,-1,-1,0.0,8602.0,0.0,880.0,1018.0,99.0,8602.0,0.0,880.0,1018.0,99.0,1922.0,0
7041,500000.0,2,1,1,39,0,0,0,0,0,-1,39823.0,61597.0,52210.0,27843.0,28926.0,11931.0,30006.0,23016.0,566.0,22323.0,11931.0,10683.0,0
7047,80000.0,2,2,1,53,1,2,2,2,0,0,9715.0,9415.0,11254.0,10777.0,12096.0,13895.0,0.0,2000.0,0.0,1500.0,2000.0,0.0,0
7056,30000.0,1,3,2,31,3,2,0,0,0,2,30588.0,26860.0,21165.0,21281.0,22938.0,22422.0,0.0,1646.0,762.0,2000.0,0.0,647.0,1
7065,50000.0,2,2,2,23,0,0,0,2,0,0,47020.0,48383.0,47231.0,20508.0,20584.0,19625.0,2139.0,2500.0,6.0,2000.0,2000.0,2000.0,1
7070,90000.0,1,2,2,38,0,0,0,0,0,0,112212.0,109495.0,48950.0,20253.0,18810.0,19496.0,5170.0,21287.0,1353.0,1000.0,1000.0,607.0,0
7077,60000.0,2,2,1,42,0,0,0,0,0,0,61759.0,60399.0,38994.0,40338.0,40142.0,39904.0,2600.0,2000.0,2000.0,1614.0,1590.0,2000.0,0
7078,130000.0,1,1,1,40,0,0,0,0,0,-2,25375.0,26128.0,25327.0,25775.0,0.0,0.0,1500.0,1852.0,1300.0,0.0,0.0,0.0,0
7080,120000.0,2,3,1,42,-1,-1,-1,0,-1,0,2207.0,263.0,4531.0,1211.0,4015.0,2042.0,263.0,4531.0,0.0,4015.0,0.0,1007.0,0
7092,50000.0,2,2,2,23,0,0,2,0,0,0,17313.0,20019.0,19399.0,19785.0,20465.0,20877.0,3000.0,0.0,709.0,1000.0,750.0,1000.0,1
7097,460000.0,2,1,2,34,1,-2,-2,-2,-2,-2,-258.0,-258.0,-258.0,1209.0,703.0,990.0,0.0,0.0,1467.0,703.0,990.0,3200.0,0
7099,130000.0,2,2,1,47,0,0,0,0,0,0,85317.0,86865.0,88760.0,35671.0,36977.0,38931.0,3813.0,4013.0,1274.0,1878.0,3116.0,0.0,0
7100,170000.0,1,2,2,41,0,0,0,0,0,0,162500.0,122372.0,66038.0,67934.0,69834.0,71668.0,4781.0,3000.0,3000.0,3000.0,3000.0,3000.0,0
7102,180000.0,2,1,2,33,-2,-2,-2,-2,-2,-2,1246.0,1845.0,471.0,471.0,248.0,335.0,1845.0,471.0,471.0,248.0,335.0,200.0,0
7113,250000.0,2,1,1,30,-1,-1,-1,2,-1,-1,1923.0,-574.0,2533.0,1607.0,56694.0,58091.0,900.0,4500.0,0.0,57000.0,5000.0,0.0,1
7128,500000.0,1,2,2,40,-1,-1,-1,-1,0,-1,33179.0,97882.0,48017.0,49403.0,40018.0,54109.0,99159.0,48276.0,49450.0,201.0,54379.0,9905.0,0
7140,10000.0,2,3,1,48,0,0,0,0,0,0,7863.0,8504.0,8162.0,6978.0,2278.0,0.0,1172.0,1000.0,186.0,0.0,0.0,0.0,0
7145,100000.0,2,2,2,30,2,2,2,2,2,2,96638.0,98491.0,99983.0,100555.0,103300.0,101471.0,4300.0,4000.0,3100.0,4500.0,0.0,3845.0,1
7152,40000.0,2,1,2,24,0,0,0,0,0,0,28140.0,32343.0,39717.0,37263.0,35224.0,34111.0,5000.0,8017.0,7000.0,4000.0,5000.0,5000.0,1
7157,50000.0,1,2,2,30,0,0,0,0,0,0,49259.0,47114.0,83908.0,18801.0,16494.0,19191.0,2500.0,3320.0,2000.0,1000.0,3000.0,1000.0,0
7160,150000.0,2,1,2,35,-2,-2,-2,-2,-2,-2,9164.0,14011.0,7715.0,8295.0,7301.0,4388.0,14021.0,7723.0,8295.0,7301.0,4388.0,1600.0,0
7162,100000.0,2,2,2,37,0,0,0,0,0,0,177961.0,108173.0,15697.0,11353.0,9306.0,9693.0,3082.0,2022.0,1000.0,1000.0,500.0,300.0,1
7164,20000.0,1,2,1,43,0,0,0,0,0,0,14102.0,14870.0,16116.0,16436.0,16781.0,17112.0,1300.0,1500.0,588.0,610.0,611.0,788.0,0
7165,320000.0,2,1,2,32,-2,-2,-2,-2,-2,-2,-1.0,-1.0,-1.0,-1.0,0.0,-400.0,0.0,0.0,0.0,1.0,400.0,6083.0,1
7166,90000.0,2,3,1,68,-2,-2,-2,-2,-1,-1,2000.0,1000.0,1000.0,1000.0,1052.0,69237.0,0.0,1000.0,1000.0,1052.0,71062.0,3000.0,0
7172,360000.0,2,3,1,39,-1,-1,-1,-1,-1,-2,4964.0,177.0,2011.0,1116.0,0.0,0.0,177.0,2011.0,1116.0,0.0,0.0,0.0,0
7178,500000.0,1,2,1,61,1,-2,-2,-2,-2,-2,0.0,0.0,0.0,0.0,0.0,0.0,0.0,0.0,0.0,0.0,0.0,0.0,1
7181,300000.0,2,1,1,42,-1,-1,-1,-1,-1,-1,400.0,0.0,14583.0,2506.0,2996.0,370.0,0.0,14583.0,2513.0,2996.0,370.0,1986.0,0
7182,240000.0,1,1,2,34,0,-1,2,-1,0,0,18825.0,12675.0,2880.0,13267.0,10036.0,24731.0,12880.0,0.0,13267.0,2000.0,15000.0,0.0,0
7186,20000.0,1,2,1,47,-1,-1,-1,-2,-2,-2,390.0,780.0,0.0,0.0,0.0,0.0,780.0,0.0,0.0,0.0,0.0,0.0,0
7197,80000.0,2,2,1,35,-1,-1,-1,-1,-1,0,7961.0,15290.0,1806.0,-1203.0,14107.0,8575.0,20004.0,1806.0,0.0,20000.0,0.0,6955.0,0
7211,90000.0,2,1,2,29,0,0,0,0,0,0,9124.0,10220.0,12044.0,27847.0,8251.0,26501.0,10000.0,10016.0,25000.0,8000.0,26000.0,12000.0,0
7223,360000.0,2,1,1,34,-2,-1,-1,-1,0,0,4259.0,1374.0,846.0,14998.0,14998.0,679.0,1376.0,852.0,14998.0,0.0,683.0,4902.0,0
7225,140000.0,2,2,1,37,-1,-1,-1,-1,-1,-1,330.0,330.0,330.0,330.0,330.0,947.0,330.0,330.0,330.0,330.0,947.0,2389.0,0
7226,150000.0,1,1,2,33,0,0,0,0,0,0,78038.0,63176.0,52807.0,34199.0,32061.0,23682.0,5000.0,10116.0,5000.0,6000.0,3000.0,7000.0,0
7227,130000.0,1,1,1,45,0,0,0,0,0,0,58180.0,59134.0,61156.0,62377.0,63832.0,65099.0,2886.0,2908.0,2129.0,2354.0,2366.0,2291.0,0
7230,30000.0,2,1,2,24,0,0,0,0,0,0,27181.0,26849.0,27594.0,28157.0,28723.0,28059.0,2000.0,1500.0,1000.0,1000.0,1000.0,1000.0,0
7242,60000.0,2,1,2,24,0,0,0,0,0,0,48890.0,43651.0,34358.0,34986.0,35770.0,36622.0,2000.0,1800.0,1500.0,1500.0,1600.0,1500.0,0
7243,320000.0,2,2,1,47,-1,-1,2,-1,2,-1,10159.0,37758.0,15591.0,39240.0,28424.0,25120.0,38075.0,0.0,39424.0,0.0,25120.0,35375.0,0
7247,180000.0,2,1,2,25,-2,-2,-2,-2,-2,-2,0.0,0.0,0.0,0.0,0.0,0.0,0.0,0.0,0.0,0.0,0.0,0.0,0
7253,150000.0,2,2,2,28,-1,-1,-1,-1,-1,-1,8200.0,2500.0,7500.0,11478.0,7080.0,1651.0,2500.0,7500.0,11478.0,7080.0,1651.0,43600.0,0
7269,20000.0,1,2,2,36,2,2,2,0,0,0,10360.0,13336.0,13307.0,13633.0,15054.0,16505.0,3467.0,486.0,545.0,1639.0,1700.0,1504.0,0
7272,340000.0,2,2,2,39,-2,-2,-1,-1,0,0,56412.0,45990.0,84050.0,172925.0,140040.0,95230.0,10034.0,50024.0,100108.0,4933.0,10114.0,2014.0,0
7273,50000.0,2,1,2,31,1,2,0,0,2,2,1129.0,1111.0,3186.0,6527.0,3328.0,33166.0,0.0,3000.0,3341.0,0.0,30000.0,0.0,1
7287,80000.0,1,1,2,26,0,0,0,0,0,0,77397.0,77839.0,69534.0,60747.0,52280.0,43461.0,3328.0,2811.0,1192.0,1516.0,2316.0,1500.0,0
7301,10000.0,2,1,2,26,0,-1,-1,0,0,0,9459.0,231.0,3364.0,6129.0,9009.0,9188.0,231.0,5000.0,3000.0,3000.0,329.0,340.0,0
7304,130000.0,2,2,2,43,-1,-1,-1,-1,0,-1,2048.0,2529.0,11929.0,5722.0,3076.0,5250.0,2529.0,11929.0,5722.0,0.0,5250.0,3526.0,0
7311,90000.0,2,2,2,23,2,3,3,2,2,2,82623.0,86621.0,84369.0,82117.0,84395.0,85739.0,5900.0,0.0,0.0,3600.0,2900.0,3500.0,1
7314,30000.0,2,2,2,22,0,0,0,0,0,-2,27447.0,28623.0,28700.0,29300.0,0.0,0.0,1923.0,1000.0,600.0,0.0,0.0,0.0,1
7330,140000.0,2,1,2,24,0,0,2,2,-2,-2,6265.0,7300.0,1934.0,0.0,0.0,0.0,2198.0,5.0,0.0,0.0,0.0,0.0,1
7332,150000.0,2,1,2,27,2,2,2,2,0,0,15475.0,18212.0,18617.0,18020.0,18726.0,19414.0,3000.0,1000.0,0.0,1000.0,1000.0,1000.0,1
7346,500000.0,1,2,1,34,-2,-2,-2,-2,-2,-1,13010.0,5016.0,-32.0,6443.0,0.0,265.0,5041.0,0.0,6475.0,0.0,265.0,5099.0,0
7359,150000.0,2,2,2,27,0,0,0,0,0,0,146778.0,139111.0,134382.0,134593.0,91112.0,68482.0,6554.0,10000.0,4749.0,3304.0,2285.0,700.0,0
7370,50000.0,1,2,1,37,0,0,0,0,-2,-2,23607.0,24921.0,25775.0,0.0,0.0,0.0,2000.0,1800.0,0.0,0.0,0.0,0.0,0
7371,330000.0,2,1,2,39,-1,-1,-1,-2,-1,-1,1972.0,1586.0,0.0,0.0,1588.0,0.0,1586.0,0.0,0.0,1588.0,0.0,0.0,1
7385,80000.0,1,2,1,23,-2,-2,-2,-2,-2,-2,795.0,1698.0,798.0,-2.0,748.0,708.0,1703.0,800.0,0.0,750.0,810.0,1310.0,0
7408,50000.0,2,2,2,34,-2,-2,-2,-2,-2,-2,588.0,592.0,390.0,390.0,280.0,720.0,592.0,390.0,390.0,280.0,913.0,390.0,0
7417,110000.0,1,2,2,34,2,0,0,0,0,2,108180.0,107597.0,89775.0,47139.0,47259.0,46348.0,5000.0,3000.0,2020.0,5000.0,0.0,3000.0,0
7421,280000.0,2,2,2,31,1,-2,-2,-2,-1,-1,0.0,0.0,0.0,0.0,5360.0,251.0,0.0,0.0,0.0,5360.0,251.0,5360.0,0
7431,210000.0,2,2,1,30,-2,-2,-2,-2,-2,-2,0.0,0.0,0.0,0.0,0.0,0.0,0.0,0.0,0.0,0.0,0.0,0.0,0
7448,240000.0,2,2,1,31,2,0,0,0,0,0,71876.0,72382.0,72155.0,72543.0,73011.0,73484.0,3100.0,2400.0,2367.0,2435.0,2500.0,3000.0,1
7453,350000.0,2,1,2,32,-2,-2,-2,-2,-2,-2,0.0,0.0,0.0,0.0,0.0,0.0,0.0,0.0,0.0,0.0,0.0,0.0,1
7470,230000.0,2,2,1,35,0,0,0,0,0,0,76050.0,76921.0,65452.0,61129.0,55199.0,55380.0,3000.0,4000.0,3000.0,3000.0,2000.0,3000.0,0
7471,170000.0,2,2,2,28,0,0,0,0,0,0,169531.0,174799.0,179868.0,177952.0,176160.0,175304.0,8000.0,8000.0,7000.0,7000.0,8000.0,9000.0,0
7472,60000.0,2,3,1,63,0,0,0,0,0,0,56285.0,56894.0,57006.0,28198.0,23888.0,24083.0,5000.0,2156.0,3017.0,2009.0,3000.0,3000.0,0
7477,30000.0,2,2,1,42,0,0,0,0,0,0,9801.0,10535.0,11552.0,11933.0,12092.0,17884.0,1200.0,1200.0,573.0,500.0,6000.0,1200.0,1
7482,20000.0,2,1,2,23,0,0,2,0,0,0,11672.0,8584.0,8279.0,8444.0,8621.0,8868.0,2424.0,0.0,284.0,294.0,371.0,500.0,0
7484,310000.0,2,2,1,42,-2,-2,-2,-2,-2,-1,-606.0,44878.0,19950.0,79227.0,20097.0,25594.0,45484.0,20033.0,79520.0,94.0,25910.0,10933.0,0
7486,30000.0,2,2,1,27,0,0,2,2,2,2,21632.0,24267.0,24572.0,24872.0,25427.0,25860.0,3300.0,1000.0,1000.0,1100.0,1000.0,1100.0,1
7490,200000.0,2,3,1,40,0,0,0,0,0,2,158809.0,150904.0,144302.0,137700.0,135443.0,128229.0,5380.0,5141.0,5032.0,9400.0,4400.0,0.0,0
7491,20000.0,1,2,1,36,1,2,2,2,2,0,19006.0,18418.0,20465.0,20381.0,18446.0,18598.0,0.0,2690.0,900.0,0.0,1000.0,1000.0,1
7492,30000.0,1,2,1,33,0,0,0,0,0,0,23900.0,25507.0,26489.0,27017.0,56186.0,29146.0,2000.0,1418.0,946.0,1437.0,3000.0,0.0,0
7501,500000.0,2,1,2,30,1,-1,2,-1,-1,-1,17144.0,2447.0,1221.0,1157.0,1133.0,2107.0,3678.0,6.0,1162.0,1133.0,1010.0,5.0,0
7505,120000.0,1,2,1,60,2,2,2,2,2,2,27497.0,27960.0,28996.0,29321.0,29803.0,30511.0,1200.0,1800.0,1100.0,1100.0,1350.0,1500.0,1
7519,160000.0,1,2,2,37,0,0,0,0,0,0,119165.0,118392.0,117553.0,113256.0,112678.0,111924.0,6008.0,6011.0,3606.0,3803.0,4003.0,3311.0,0
7537,300000.0,1,2,1,32,-1,-1,-1,-1,-1,-2,2884.0,1706.0,2960.0,579.0,0.0,0.0,1706.0,2964.0,579.0,0.0,0.0,2937.0,1
7541,210000.0,2,2,2,33,0,0,0,0,0,0,19951.0,21620.0,23251.0,24358.0,25805.0,27168.0,2000.0,2000.0,1500.0,2000.0,1800.0,1500.0,0
7542,50000.0,1,2,2,22,-1,2,2,2,0,0,19875.0,19273.0,21133.0,19121.0,19663.0,20235.0,0.0,2500.0,0.0,1000.0,1050.0,600.0,1
7549,80000.0,2,2,2,23,2,2,2,0,0,2,20661.0,22515.0,23339.0,23654.0,25119.0,24567.0,2500.0,1500.0,1000.0,2000.0,0.0,1058.0,0
7551,30000.0,1,2,2,49,0,0,0,0,0,-2,27414.0,26910.0,25321.0,19455.0,0.0,0.0,1526.0,1696.0,1015.0,0.0,0.0,0.0,0
7552,200000.0,1,3,1,44,0,0,0,0,0,0,69106.0,70393.0,73220.0,74419.0,76078.0,77822.0,3000.0,4000.0,3000.0,3000.0,3000.0,3000.0,0
7557,20000.0,1,2,2,30,0,-1,0,0,0,0,12755.0,832.0,2800.0,1231.0,1052.0,0.0,832.0,1000.0,900.0,500.0,0.0,0.0,0
7569,30000.0,1,2,2,30,2,2,2,2,2,2,20732.0,21451.0,20808.0,21761.0,22762.0,23139.0,1347.0,0.0,1300.0,1500.0,900.0,0.0,1
7570,80000.0,2,2,2,22,0,0,0,0,0,0,76737.0,70614.0,68502.0,27160.0,27712.0,29245.0,3500.0,10092.0,966.0,2000.0,2000.0,1037.0,0
7574,280000.0,1,1,2,26,0,0,0,0,2,2,245969.0,251120.0,254735.0,270486.0,276026.0,271408.0,10600.0,9300.0,20000.0,10000.0,0.0,11000.0,0
7585,90000.0,2,2,2,28,1,2,2,2,0,0,83480.0,89264.0,89896.0,86706.0,87385.0,88351.0,8000.0,3000.0,0.0,3000.0,5000.0,5000.0,0
7587,260000.0,2,1,2,34,-2,-2,-2,-2,-2,-2,5237.0,0.0,0.0,0.0,3982.0,0.0,0.0,0.0,0.0,3982.0,0.0,0.0,0
7612,80000.0,1,3,1,60,0,0,0,0,0,0,68085.0,70604.0,26890.0,27450.0,27634.0,28216.0,10000.0,1500.0,1000.0,1100.0,1041.0,1500.0,0
7613,250000.0,2,2,2,36,0,0,0,0,0,0,62131.0,63238.0,51547.0,48483.0,49553.0,49683.0,2741.0,1741.0,1824.0,1942.0,2100.0,1366.0,0
7614,240000.0,1,2,2,37,0,0,0,0,0,0,171974.0,175049.0,176990.0,169198.0,166131.0,169245.0,8000.0,7000.0,6000.0,5200.0,5400.0,5400.0,0
7622,140000.0,1,3,1,33,0,0,0,0,0,0,140795.0,93199.0,64487.0,53220.0,50051.0,45859.0,3609.0,2039.0,3014.0,2514.0,1656.0,1005.0,0
7624,20000.0,2,1,2,25,1,2,2,2,2,2,11729.0,12236.0,17994.0,17412.0,18422.0,18768.0,1000.0,6000.0,0.0,1600.0,800.0,800.0,0
7626,20000.0,2,3,3,48,0,0,0,0,0,0,19590.0,19120.0,18932.0,18749.0,18620.0,18668.0,1308.0,1593.0,800.0,700.0,741.0,531.0,0
7627,410000.0,1,1,1,42,0,0,0,0,0,0,27559.0,29866.0,32233.0,34450.0,36954.0,39251.0,3000.0,2800.0,3000.0,3000.0,3000.0,2000.0,0
7628,250000.0,1,1,1,41,-1,-1,-1,-1,-1,-1,390.0,390.0,390.0,1130.0,1683.0,2587.0,390.0,390.0,1130.0,1683.0,2587.0,0.0,1
7631,340000.0,1,1,1,38,-1,-1,-1,-1,-1,-1,325.0,325.0,325.0,580.0,9664.0,29200.0,325.0,325.0,580.0,9664.0,29200.0,5260.0,0
7633,80000.0,1,3,2,33,0,0,2,2,2,2,30013.0,33514.0,34662.0,35784.0,37065.0,36320.0,4000.0,2000.0,2000.0,2000.0,0.0,3600.0,0
7635,60000.0,2,2,1,35,0,0,0,0,0,0,60505.0,60820.0,54853.0,39112.0,39714.0,38850.0,2300.0,2000.0,1500.0,1500.0,1600.0,1400.0,0
7636,50000.0,2,2,2,24,0,0,0,0,2,0,8587.0,9941.0,10950.0,11519.0,11191.0,11903.0,1500.0,1481.0,1050.0,0.0,903.0,333.0,0
7639,20000.0,1,3,2,32,0,0,0,0,2,2,4338.0,5355.0,6369.0,6891.0,6635.0,7287.0,1092.0,1106.0,628.0,0.0,762.0,0.0,0
7642,210000.0,1,2,2,27,0,0,0,0,0,0,30365.0,29858.0,30713.0,27644.0,26236.0,26312.0,1606.0,2000.0,1200.0,1200.0,1000.0,1000.0,0
7654,20000.0,1,3,1,39,0,0,0,0,0,0,16946.0,14960.0,12772.0,12630.0,12524.0,11179.0,1529.0,1161.0,409.0,444.0,405.0,163.0,0
7664,90000.0,2,2,1,50,0,0,-1,-1,-1,-1,76025.0,55440.0,11227.0,4000.0,5000.0,10327.0,10374.0,16926.0,4000.0,6000.0,10327.0,0.0,0
7668,20000.0,1,1,2,28,1,2,-1,0,0,0,10631.0,1512.0,20400.0,20000.0,20000.0,0.0,0.0,20400.0,0.0,0.0,0.0,0.0,0
7671,80000.0,2,2,2,25,-2,-2,-2,-2,-2,-1,0.0,0.0,0.0,0.0,0.0,442.0,0.0,0.0,0.0,0.0,442.0,1102.0,0
7673,300000.0,2,2,1,34,1,2,0,0,0,-1,6451.0,4828.0,6858.0,8048.0,1701.0,2920.0,0.0,4004.0,2000.0,0.0,2920.0,2282.0,1
7684,400000.0,2,2,2,40,1,-2,-2,-2,-2,-2,0.0,0.0,0.0,0.0,0.0,0.0,0.0,0.0,0.0,0.0,0.0,0.0,0
7695,50000.0,1,1,2,29,0,0,0,0,0,0,16645.0,18368.0,20053.0,20721.0,21234.0,22881.0,2000.0,2000.0,1000.0,1000.0,2000.0,0.0,0
7703,410000.0,1,3,2,38,-1,-1,-1,-1,-1,-1,4822.0,232.0,2255.0,2546.0,2650.0,6286.0,233.0,2266.0,2558.0,2663.0,6303.0,12.0,0
7707,20000.0,1,1,2,25,-2,-2,-2,-2,-2,-2,85.0,1347.0,3969.0,1855.0,3569.0,3823.0,1377.0,4122.0,1865.0,3611.0,3823.0,19386.0,0
7709,380000.0,2,2,1,50,0,0,0,0,2,2,294100.0,313346.0,299786.0,307801.0,288820.0,266266.0,30125.0,11600.0,20009.0,11000.0,0.0,40000.0,0
7713,50000.0,1,2,1,34,0,0,0,0,0,0,24249.0,25952.0,29915.0,30215.0,5964.0,2800.0,2100.0,5000.0,1000.0,0.0,56.0,0.0,0
7715,130000.0,1,2,2,30,0,0,0,0,2,2,95799.0,97858.0,100534.0,105347.0,103550.0,109733.0,4500.0,5200.0,8000.0,0.0,8100.0,0.0,0
7716,180000.0,1,1,2,33,0,0,2,0,0,0,33331.0,35311.0,31648.0,23461.0,20671.0,17122.0,5317.0,23.0,208.0,10.0,51.0,0.0,0
7718,50000.0,1,1,1,35,0,0,0,0,0,0,50482.0,50267.0,44880.0,45122.0,49518.0,50389.0,6749.0,5000.0,8000.0,5000.0,10000.0,2000.0,0
7728,200000.0,2,1,1,49,-1,-1,-2,-2,-2,-2,4739.0,-61.0,-61.0,-61.0,-61.0,-61.0,0.0,0.0,0.0,0.0,0.0,0.0,0
7732,80000.0,2,5,1,23,-1,-1,-1,0,0,0,5000.0,0.0,31432.0,24455.0,26920.0,0.0,0.0,31432.0,3000.0,3000.0,0.0,0.0,0
7742,50000.0,1,2,2,22,0,0,0,-1,-1,0,49334.0,48237.0,49496.0,10353.0,4337.0,15017.0,5000.0,2510.0,10371.0,16533.0,11017.0,698.0,1
7743,370000.0,2,2,2,28,0,0,0,0,0,0,87248.0,82477.0,71825.0,69872.0,63656.0,46555.0,2896.0,2097.0,2000.0,1818.0,1044.0,28034.0,0
7745,50000.0,2,1,2,24,0,0,0,0,0,0,50537.0,44686.0,38493.0,33769.0,34211.0,34944.0,2554.0,1900.0,1355.0,1300.0,1300.0,1500.0,0
7753,120000.0,1,3,2,44,4,3,2,0,0,0,149229.0,138487.0,127516.0,124530.0,120937.0,67711.0,0.0,0.0,6000.0,5067.0,1548.0,120862.0,1
7754,310000.0,1,2,1,44,0,0,0,0,0,0,3947.0,5987.0,7739.0,8843.0,12204.0,14520.0,2500.0,2000.0,2000.0,3500.0,2500.0,1500.0,0
7765,230000.0,2,1,2,31,0,0,0,0,0,0,81734.0,82238.0,80623.0,90997.0,62063.0,62003.0,3687.0,4539.0,2220.0,3214.0,2407.0,2061.0,0
7768,160000.0,1,1,2,29,-1,-1,-1,0,-1,-1,390.0,4238.0,780.0,390.0,390.0,540.0,4238.0,780.0,0.0,390.0,540.0,780.0,0
7770,240000.0,2,2,2,37,0,0,0,0,0,0,280110.0,281104.0,286048.0,369693.0,243198.0,243498.0,10000.0,15002.0,9000.0,10000.0,8600.0,8500.0,0
7780,30000.0,2,1,2,24,-1,-1,-1,-1,-1,-1,3055.0,18392.0,640.0,0.0,2583.0,4653.0,18407.0,640.0,0.0,2583.0,4653.0,2583.0,0
7782,100000.0,1,2,2,32,0,0,0,0,0,0,43788.0,44843.0,45814.0,46727.0,46798.0,46799.0,1759.0,1730.0,1643.0,1696.0,1685.0,1653.0,0
7789,200000.0,1,1,1,49,2,2,2,2,2,2,2500.0,2500.0,2500.0,2500.0,2500.0,2500.0,0.0,0.0,0.0,0.0,0.0,0.0,1
7792,320000.0,2,2,1,44,-1,-1,-1,-1,0,-1,396.0,396.0,396.0,792.0,396.0,396.0,396.0,396.0,792.0,0.0,396.0,396.0,0
7795,300000.0,2,2,2,36,1,-2,-1,-1,-1,-1,0.0,0.0,200.0,0.0,16418.0,88632.0,0.0,200.0,0.0,16418.0,88632.0,1913.0,0
7796,500000.0,2,1,1,38,0,0,0,2,-1,-1,54787.0,72780.0,48785.0,16025.0,19120.0,11461.0,20015.0,1670.0,0.0,19120.0,11461.0,18038.0,0
7797,30000.0,1,2,2,22,1,-1,0,0,0,0,4873.0,14891.0,14860.0,14260.0,8864.0,2578.0,16547.0,3000.0,1000.0,1000.0,1990.0,3597.0,0
7800,20000.0,2,2,2,22,0,0,0,0,-2,-1,19194.0,19840.0,7627.0,0.0,0.0,19191.0,1129.0,1002.0,0.0,0.0,19191.0,0.0,0
7801,470000.0,2,1,2,39,-1,-1,-1,-1,-1,-1,1264.0,5478.0,4753.0,5289.0,831.0,2140.0,5478.0,4757.0,5289.0,831.0,2140.0,2440.0,0
7807,50000.0,1,3,2,26,0,0,0,0,0,-1,24132.0,20109.0,19932.0,19762.0,10708.0,20148.0,1902.0,1200.0,30.0,1031.0,20201.0,605.0,0
7810,70000.0,2,3,1,40,0,0,0,0,0,0,65198.0,65674.0,58599.0,49179.0,49080.0,49705.0,2924.0,1924.0,1726.0,1763.0,2136.0,1384.0,0
7816,250000.0,1,1,2,29,-1,-1,-1,-1,-1,0,12044.0,3260.0,4037.0,1184.0,5107.0,1893.0,3276.0,4057.0,1196.0,5123.0,6.0,2539.0,0
7819,120000.0,1,3,1,38,-1,-1,-1,-1,0,-1,3465.0,5543.0,5463.0,10912.0,5228.0,9769.0,5558.0,5479.0,10929.0,24.0,9769.0,18.0,0
7836,100000.0,2,1,2,26,0,0,2,2,2,0,64086.0,68836.0,69704.0,70566.0,69311.0,70844.0,6005.0,2600.0,2600.0,0.0,2685.0,2800.0,0
7843,120000.0,2,1,2,25,1,-2,-2,-2,-2,-2,0.0,0.0,0.0,0.0,0.0,0.0,0.0,0.0,0.0,0.0,0.0,0.0,1
7860,20000.0,2,2,2,21,0,0,2,0,0,0,13660.0,15056.0,15400.0,12900.0,19500.0,0.0,2000.0,1000.0,0.0,6600.0,0.0,0.0,0
7861,50000.0,1,2,2,25,3,3,2,2,2,0,26798.0,27274.0,27529.0,28280.0,27691.0,28278.0,1200.0,1000.0,1500.0,0.0,1200.0,1200.0,1
7870,220000.0,2,3,1,47,-1,-1,-1,-1,-1,-1,38412.0,50367.0,64735.0,22792.0,184483.0,62140.0,50451.0,64775.0,22794.0,184483.0,62140.0,48080.0,0
7884,180000.0,1,2,1,30,0,0,0,0,0,0,135001.0,135199.0,134817.0,52629.0,51543.0,52781.0,6100.0,6000.0,1900.0,1680.0,1900.0,3888.0,0
7888,200000.0,1,2,1,29,0,0,0,0,0,2,168374.0,172158.0,175701.0,181235.0,192713.0,189449.0,8000.0,7900.0,10000.0,14400.0,0.0,6700.0,0
7893,50000.0,2,2,2,23,0,0,0,0,0,0,30941.0,30730.0,29908.0,28809.0,27905.0,13835.0,1751.0,1402.0,776.0,773.0,522.0,430.0,0
7894,120000.0,2,2,2,23,0,0,0,0,0,0,115653.0,108971.0,83592.0,22321.0,32150.0,36644.0,5000.0,5000.0,2000.0,20000.0,10000.0,10000.0,0
7897,160000.0,1,1,2,41,-1,-1,-1,-1,-1,-1,396.0,396.0,396.0,0.0,688.0,396.0,396.0,396.0,0.0,688.0,500.0,0.0,1
7898,280000.0,1,1,2,29,-1,2,-1,-1,-1,0,7712.0,1171.0,1599.0,436.0,47613.0,31987.0,0.0,2013.0,436.0,47613.0,1472.0,2275.0,1
7901,210000.0,2,2,1,40,-1,-1,-1,-1,-1,-1,12555.0,560.0,5287.0,2000.0,900.0,406.0,560.0,5287.0,2000.0,900.0,406.0,900.0,0
7913,180000.0,2,1,2,27,0,0,0,0,0,0,95757.0,98098.0,101255.0,101341.0,98419.0,85259.0,3880.0,5114.0,3238.0,3401.0,2980.0,3000.0,0
7915,450000.0,2,1,2,37,-1,0,0,0,0,0,71985.0,85047.0,74354.0,57628.0,57381.0,14870.0,15000.0,1879.0,20000.0,20000.0,5000.0,50893.0,0
7917,400000.0,2,2,2,35,-1,2,-1,-1,-1,2,1908.0,952.0,333.0,4928.0,8235.0,3317.0,0.0,333.0,4928.0,8235.0,0.0,1708.0,0
7918,60000.0,1,3,2,25,0,0,0,0,0,0,57530.0,59869.0,59942.0,28934.0,27461.0,28504.0,3869.0,2742.0,1200.0,1461.0,1504.0,1683.0,0
7924,30000.0,2,3,2,53,0,0,0,0,2,0,21101.0,21831.0,23457.0,24972.0,24432.0,25126.0,1374.0,2000.0,1908.0,0.0,1100.0,1000.0,0
7934,50000.0,2,2,1,26,0,0,0,0,0,0,14661.0,11586.0,9275.0,11181.0,2931.0,27209.0,3000.0,1000.0,5000.0,0.0,25000.0,5000.0,0
7938,150000.0,2,1,2,25,-1,0,-1,-1,-1,-2,18836.0,5312.0,740.0,10.0,0.0,0.0,2000.0,740.0,1410.0,0.0,0.0,0.0,0
7946,20000.0,2,2,1,37,0,0,2,0,0,0,17450.0,20358.0,19722.0,19616.0,19228.0,19878.0,3200.0,0.0,830.0,750.0,1000.0,282.0,1
7948,310000.0,2,2,1,48,-2,-2,-2,-2,-2,-2,0.0,0.0,0.0,0.0,0.0,0.0,0.0,0.0,0.0,0.0,0.0,0.0,0
7956,50000.0,2,3,0,27,2,0,-1,-1,-2,-2,49929.0,49667.0,780.0,0.0,0.0,0.0,1750.0,780.0,0.0,0.0,0.0,0.0,0
7963,50000.0,1,2,1,34,0,0,0,0,0,0,45398.0,37433.0,30609.0,30432.0,30254.0,30088.0,2008.0,2000.0,1500.0,1501.0,2105.0,2219.0,0
7965,20000.0,2,2,2,34,0,0,0,0,0,0,19727.0,20330.0,20199.0,19609.0,19957.0,2361.0,2000.0,1200.0,0.0,348.0,0.0,420.0,0
7967,150000.0,2,2,2,24,1,-1,-1,-2,-2,-2,0.0,10437.0,4044.0,594.0,0.0,0.0,10437.0,4156.0,600.0,0.0,0.0,9240.0,0
7969,20000.0,1,3,1,45,0,0,2,2,2,2,10574.0,13097.0,12595.0,13157.0,12803.0,13851.0,3010.0,0.0,1070.0,0.0,1260.0,0.0,1
7973,320000.0,2,2,2,30,-1,-1,-1,-1,0,0,3720.0,4206.0,15610.0,10556.0,11863.0,5619.0,4206.0,15610.0,10556.0,8000.0,5600.0,2604.0,0
7974,50000.0,1,3,2,34,-1,2,2,-2,-2,-2,780.0,780.0,0.0,0.0,0.0,0.0,0.0,0.0,0.0,0.0,0.0,0.0,0
7980,400000.0,1,1,2,32,0,0,0,0,0,2,21930.0,20489.0,20734.0,16476.0,17857.0,14656.0,5028.0,5030.0,2012.0,4014.0,37.0,2013.0,0
7983,150000.0,1,1,2,38,1,2,2,2,0,0,139005.0,135350.0,148041.0,143259.0,142519.0,142162.0,0.0,15000.0,0.0,5099.0,5472.0,5000.0,0
7985,30000.0,2,3,2,21,2,2,2,0,0,0,28309.0,31229.0,29752.0,27262.0,27262.0,24265.0,3700.0,0.0,0.0,0.0,0.0,0.0,0
7989,200000.0,2,2,2,27,-2,-2,-2,-2,-2,-2,264.0,264.0,264.0,264.0,264.0,264.0,264.0,264.0,264.0,264.0,264.0,0.0,0
7999,200000.0,2,1,1,34,-1,-1,-1,-1,-1,-1,7448.0,5471.0,4506.0,10067.0,9273.0,2931.0,5473.0,4506.0,10137.0,9521.0,2931.0,10381.0,0
8011,80000.0,2,3,1,28,0,0,0,0,0,0,75903.0,34137.0,32390.0,32651.0,32170.0,31493.0,2014.0,1705.0,2000.0,2000.0,3000.0,3000.0,0
8015,330000.0,2,1,1,36,-1,-1,-1,-1,-1,-1,399.0,26.0,519.0,452.0,457.0,0.0,26.0,707.0,452.0,457.0,0.0,0.0,0
8026,30000.0,2,2,2,23,0,0,0,2,0,0,10805.0,10527.0,12443.0,11949.0,12107.0,12907.0,1184.0,2100.0,0.0,500.0,1000.0,0.0,0
8028,130000.0,2,2,1,45,0,0,0,0,0,2,128671.0,129901.0,127658.0,127362.0,128726.0,129081.0,7000.0,4710.0,4500.0,9400.0,3600.0,5500.0,0
8030,350000.0,2,2,1,46,-1,-1,-1,-1,-1,-1,13000.0,13576.0,15059.0,13000.0,25300.0,626.0,13576.0,15059.0,13000.0,25300.0,626.0,0.0,0
8034,50000.0,1,2,2,25,0,0,-1,0,0,-1,27206.0,0.0,14805.0,14699.0,14999.0,497.0,0.0,14805.0,294.0,300.0,498.0,1003.0,0
8048,260000.0,2,1,1,40,-2,-2,-2,-2,-2,-2,2095.0,781.0,3985.0,942.0,-18.0,3739.0,785.0,4004.0,946.0,0.0,3757.0,6119.0,0
8067,180000.0,2,2,2,29,0,0,0,0,0,0,122024.0,123228.0,120339.0,122743.0,124893.0,126390.0,4500.0,4300.0,4200.0,4487.0,4087.0,3700.0,0
8076,100000.0,2,3,2,46,1,-1,2,2,-1,0,0.0,203.0,203.0,0.0,7856.0,16544.0,203.0,0.0,0.0,7856.0,10000.0,865.0,0
8101,100000.0,1,2,2,30,0,0,0,0,0,0,83312.0,58651.0,37913.0,38582.0,39408.0,40593.0,2900.0,2000.0,1600.0,1600.0,2000.0,1700.0,0
8106,500000.0,2,1,1,34,-2,-2,-1,2,2,-2,0.0,0.0,3500.0,3500.0,0.0,0.0,0.0,3500.0,0.0,0.0,0.0,0.0,1
8108,30000.0,1,2,2,39,0,0,0,0,0,0,28708.0,28285.0,26702.0,20115.0,18426.0,18013.0,1514.0,1278.0,671.0,870.0,879.0,0.0,0
8123,130000.0,1,2,2,30,0,0,0,0,0,2,131801.0,129141.0,132221.0,131743.0,131986.0,131430.0,4800.0,5250.0,5050.0,5700.0,5100.0,5012.0,0
8127,140000.0,2,2,1,42,0,0,0,0,0,0,19080.0,18807.0,18624.0,19652.0,23477.0,22330.0,4344.0,4548.0,3760.0,5854.0,3039.0,3866.0,0
8129,30000.0,1,2,2,30,0,0,0,0,0,0,27020.0,27985.0,28782.0,24082.0,17060.0,0.0,1703.0,1500.0,1000.0,1000.0,0.0,0.0,0
8131,160000.0,2,1,2,37,0,0,0,0,0,0,153002.0,157427.0,158160.0,156314.0,145663.0,113486.0,7812.0,6700.0,5000.0,5049.0,3825.0,3570.0,0
8136,80000.0,1,2,1,33,0,0,-1,-1,-1,0,28496.0,16984.0,1155.0,-144.0,57245.0,49947.0,1000.0,1155.0,0.0,59000.0,2061.0,1390.0,0
8139,380000.0,1,1,1,39,2,0,0,0,0,0,127449.0,130506.0,132838.0,136616.0,140240.0,143914.0,6600.0,6000.0,6000.0,6000.0,6000.0,6005.0,1
8140,50000.0,2,2,1,34,1,2,2,0,0,2,51046.0,52337.0,51170.0,51526.0,50524.0,48510.0,2400.0,0.0,3000.0,6000.0,0.0,2000.0,1
8141,10000.0,1,2,2,35,0,0,0,0,0,0,7026.0,8106.0,9363.0,9559.0,9855.0,10042.0,1200.0,1400.0,500.0,600.0,500.0,200.0,0
8165,290000.0,1,1,1,56,0,0,0,0,0,0,222000.0,226917.0,415700.0,232732.0,220460.0,224780.0,10013.0,8501.0,15018.0,10001.0,7997.0,7624.0,0
8168,30000.0,1,2,1,38,1,2,2,0,-1,-1,16063.0,17512.0,16800.0,16600.0,11959.0,12957.0,2000.0,0.0,0.0,11959.0,1200.0,0.0,0
8169,180000.0,2,1,1,47,0,0,0,0,0,0,174648.0,104179.0,84940.0,65613.0,67256.0,71934.0,5000.0,13000.0,3000.0,2700.0,6000.0,5000.0,0
8173,500000.0,1,1,2,43,0,0,0,-1,-1,-1,504644.0,512650.0,0.0,3887.0,0.0,7413.0,22650.0,0.0,3887.0,0.0,7413.0,0.0,1
8175,50000.0,1,2,2,23,2,2,0,0,0,0,52156.0,51041.0,50205.0,20218.0,20263.0,19864.0,0.0,1310.0,705.0,750.0,730.0,700.0,1
8176,200000.0,1,1,2,31,-1,-1,-1,0,0,-1,3702.0,25548.0,10594.0,7969.0,2865.0,5625.0,25678.0,10623.0,25.0,16.0,6000.0,19.0,1
8178,70000.0,2,2,1,32,3,3,4,4,5,6,31507.0,33699.0,35839.0,37954.0,39787.0,41601.0,3000.0,3000.0,3000.0,3000.0,3000.0,0.0,1
8203,130000.0,2,2,1,44,2,2,2,2,2,2,99801.0,102403.0,103828.0,104139.0,106519.0,109109.0,5100.0,4000.0,3500.0,4200.0,4500.0,3500.0,0
8209,270000.0,1,1,1,51,-1,-1,-1,-1,-2,-2,19984.0,2099.0,12985.0,0.0,0.0,0.0,2099.0,13056.0,0.0,0.0,0.0,0.0,1
8210,20000.0,2,2,2,28,0,0,0,0,0,0,10818.0,11938.0,12949.0,13332.0,13618.0,14619.0,1300.0,1217.0,600.0,500.0,1230.0,0.0,0
8214,90000.0,1,2,1,58,0,0,0,0,0,0,85818.0,88988.0,50780.0,50929.0,48735.0,49746.0,5100.0,2200.0,2200.0,1944.0,2200.0,2000.0,0
8216,450000.0,1,3,1,42,2,0,0,0,0,0,152652.0,128708.0,100429.0,77069.0,63851.0,36877.0,7032.0,3003.0,10000.0,11000.0,3000.0,58000.0,1
8219,30000.0,2,2,2,46,0,0,0,0,0,0,32006.0,60079.0,26882.0,27570.0,28075.0,29065.0,1755.0,1500.0,1135.0,1100.0,1455.0,775.0,0
8220,50000.0,1,2,2,51,0,0,0,2,2,0,15096.0,16541.0,18356.0,18181.0,18285.0,10220.0,2000.0,2400.0,420.0,600.0,600.0,500.0,1
8225,30000.0,2,2,1,22,1,2,2,2,2,0,28037.0,29055.0,28303.0,29462.0,28859.0,29122.0,1745.0,0.0,3554.0,0.0,1190.0,1030.0,0
8226,20000.0,1,1,2,33,1,2,2,2,2,2,17971.0,17399.0,19057.0,18453.0,19755.0,19288.0,0.0,2260.0,0.0,1600.0,0.0,644.0,0
8233,50000.0,1,2,1,53,-1,-1,-1,-1,-1,-1,493.0,493.0,493.0,493.0,493.0,493.0,493.0,493.0,493.0,493.0,493.0,493.0,0
8235,30000.0,1,2,2,26,0,0,0,0,0,0,26301.0,27376.0,28359.0,24844.0,25364.0,25935.0,1500.0,1450.0,889.0,920.0,992.0,1000.0,0
8239,110000.0,2,1,2,29,2,0,0,0,0,0,106321.0,107630.0,106354.0,79154.0,69988.0,69018.0,4334.0,4250.0,2946.0,2506.0,2458.0,2524.0,1
8241,70000.0,2,2,1,30,1,2,0,0,0,0,42490.0,35668.0,32397.0,24306.0,24316.0,20216.0,17.0,5043.0,2500.0,2009.0,2015.0,2010.0,0
8250,180000.0,1,1,2,38,0,0,0,0,0,0,141510.0,144439.0,146529.0,151106.0,153900.0,0.0,6700.0,6000.0,7000.0,6900.0,0.0,0.0,1
8252,30000.0,2,2,1,35,0,0,0,0,0,2,22206.0,23846.0,24554.0,25213.0,27638.0,27042.0,2000.0,1409.0,1068.0,3000.0,0.0,3450.0,0
8262,180000.0,2,2,1,31,0,0,0,0,0,0,173517.0,160996.0,132054.0,115551.0,109539.0,108837.0,10122.0,35206.0,40600.0,5000.0,10000.0,10000.0,0
8267,310000.0,2,3,2,30,-1,0,0,0,0,0,118109.0,131107.0,97009.0,51757.0,50009.0,45262.0,18008.0,20000.0,12000.0,5000.0,3000.0,1900.0,0
8273,50000.0,1,2,2,24,0,0,0,0,0,0,10834.0,11771.0,12762.0,12769.0,13512.0,14772.0,1509.0,1500.0,605.0,1500.0,1500.0,3000.0,0
8282,110000.0,2,1,1,29,-1,-1,-1,-1,0,-1,3261.0,1380.0,1380.0,2760.0,1380.0,1700.0,1380.0,1380.0,2760.0,0.0,1700.0,0.0,0
8285,50000.0,2,2,1,36,0,0,0,0,0,0,44625.0,46078.0,46689.0,8261.0,8434.0,8738.0,2174.0,1785.0,296.0,306.0,444.0,10686.0,0
8298,50000.0,2,2,2,22,1,-2,-2,-2,-2,-2,0.0,0.0,0.0,0.0,0.0,0.0,0.0,0.0,0.0,0.0,0.0,0.0,0
8299,30000.0,2,2,1,24,0,0,0,2,2,0,26755.0,27828.0,29103.0,29565.0,26319.0,27738.0,1507.0,2172.0,1523.0,0.0,2000.0,2000.0,1
8302,110000.0,2,1,2,27,0,0,0,0,0,-1,8086.0,8848.0,9283.0,8950.0,8943.0,333.0,1232.0,1000.0,0.0,326.0,333.0,12425.0,0
8303,30000.0,2,3,2,24,1,3,2,2,2,0,23031.0,22393.0,21736.0,23192.0,22701.0,22954.0,0.0,0.0,1800.0,0.0,1000.0,1000.0,0
8304,70000.0,2,2,1,23,0,0,0,0,0,0,43397.0,44336.0,35757.0,27906.0,25731.0,21430.0,2500.0,21000.0,2000.0,687.0,1500.0,2000.0,0
8317,320000.0,2,3,2,45,0,0,0,0,0,0,300598.0,308931.0,186223.0,114605.0,117159.0,119733.0,14227.0,9334.0,4106.0,4405.0,4678.0,4527.0,0
8323,210000.0,2,2,2,28,0,0,-1,0,0,-2,2162.0,61.0,259323.0,139861.0,1684.0,826.0,61.0,130000.0,10000.0,1684.0,826.0,1793.0,0
8326,200000.0,2,1,2,32,0,0,0,0,0,0,47517.0,8219.0,9000.0,10000.0,11340.0,0.0,1219.0,1000.0,1000.0,1340.0,0.0,0.0,0
8327,180000.0,2,2,1,28,-2,-2,-2,-2,-2,-2,454.0,14213.0,10621.0,3913.0,1707.0,15087.0,14213.0,10628.0,7826.0,1707.0,15087.0,5379.0,0
8333,60000.0,1,3,1,57,0,0,0,0,0,0,20865.0,16590.0,10816.0,6956.0,2489.0,0.0,1262.0,1003.0,0.0,1050.0,0.0,0.0,0
8338,30000.0,2,3,1,39,2,2,2,2,2,2,20652.0,24993.0,24293.0,25896.0,26435.0,25859.0,4700.0,0.0,2010.0,1100.0,0.0,2100.0,0
8340,160000.0,1,2,1,50,-1,-1,-1,-1,-1,-1,269.0,0.0,697.0,697.0,895.0,1341.0,0.0,697.0,697.0,895.0,1341.0,402.0,0
8348,360000.0,1,1,1,40,0,-1,-1,-2,-1,2,21489.0,40715.0,-34041.0,-34503.0,43013.0,11654.0,41088.0,2.0,38.0,85155.0,58.0,13652.0,0
8353,300000.0,2,2,1,31,-1,-1,-1,-1,-1,-1,3863.0,4242.0,5090.0,309.0,2700.0,7593.0,5021.0,5134.0,322.0,5013.0,7611.0,8059.0,0
8364,190000.0,2,1,1,30,-1,-1,-1,-1,-1,-1,6936.0,500.0,0.0,19000.0,19000.0,19000.0,500.0,0.0,19000.0,19000.0,19000.0,19000.0,0
8373,170000.0,2,1,1,38,0,0,0,0,0,0,71712.0,70194.0,43210.0,23096.0,23397.0,27817.0,3332.0,7770.0,5000.0,3000.0,5000.0,25000.0,0
8388,30000.0,1,2,2,28,0,0,0,0,0,-2,26054.0,25144.0,25775.0,18585.0,0.0,0.0,2000.0,2000.0,2000.0,0.0,0.0,0.0,0
8397,90000.0,2,1,2,24,0,0,0,0,0,2,30639.0,25390.0,27618.0,26382.0,27546.0,17660.0,2913.0,9000.0,0.0,2000.0,0.0,10639.0,0
8400,170000.0,1,1,1,38,-2,-2,-2,-2,-2,-2,0.0,0.0,0.0,1012.0,0.0,0.0,0.0,0.0,1012.0,0.0,0.0,492.0,0
8403,220000.0,1,2,1,32,-1,-1,-1,-1,-1,-1,1565.0,3067.0,5797.0,1195.0,1797.0,1195.0,3082.0,5820.0,1198.0,1802.0,1198.0,1802.0,0
8404,470000.0,2,1,2,31,-2,-2,-2,-2,-2,-2,22988.0,10353.0,5603.0,11685.0,5093.0,2791.0,10363.0,5910.0,13380.0,5093.0,2791.0,9527.0,0
8408,50000.0,2,1,2,28,2,2,2,2,2,2,31336.0,32039.0,32714.0,32482.0,33807.0,34398.0,1500.0,1500.0,600.0,2000.0,1300.0,1500.0,0
8415,30000.0,1,1,2,23,0,0,0,0,0,0,30287.0,28171.0,29410.0,29705.0,28647.0,28776.0,1496.0,1735.0,1030.0,1017.0,1033.0,989.0,0
8420,110000.0,1,2,1,46,0,0,0,0,2,0,44953.0,47315.0,46997.0,50740.0,49115.0,49529.0,3087.0,1769.0,4512.0,0.0,1930.0,1601.0,1
8424,500000.0,1,1,1,43,-1,-1,2,-1,-1,0,14132.0,35814.0,20089.0,28077.0,132588.0,115442.0,35820.0,18.0,28077.0,132588.0,28500.0,20000.0,0
8427,50000.0,1,2,2,24,0,0,0,0,0,0,7240.0,8264.0,9273.0,9609.0,9657.0,9927.0,2644.0,1153.0,489.0,351.0,431.0,198.0,0
8438,50000.0,1,2,1,56,1,2,0,0,0,0,32134.0,30391.0,10725.0,10541.0,10052.0,10400.0,0.0,1159.0,365.0,448.0,600.0,0.0,0
8448,70000.0,2,2,2,26,0,0,0,0,0,0,23409.0,23174.0,26103.0,28342.0,24894.0,25272.0,3003.0,5106.0,4026.0,755.0,1029.0,5303.0,1
8453,20000.0,1,2,1,45,1,2,0,0,0,-2,20011.0,10753.0,10853.0,10670.0,-120.0,-120.0,0.0,10600.0,800.0,0.0,0.0,0.0,1
8454,350000.0,2,1,2,33,0,0,0,0,0,0,314994.0,322472.0,244792.0,140218.0,181571.0,167905.0,12695.0,9790.0,5302.0,95621.0,11920.0,6107.0,1
8464,260000.0,2,2,2,28,0,0,0,0,0,0,251560.0,379318.0,226538.0,202887.0,195364.0,181206.0,9139.0,13805.0,7100.0,6952.0,12812.0,6362.0,0
8467,140000.0,1,1,2,36,0,0,0,0,0,0,74177.0,65336.0,53578.0,49288.0,43870.0,44854.0,4000.0,3500.0,2000.0,2500.0,1800.0,2000.0,1
8470,180000.0,2,2,1,37,0,0,0,0,0,0,14704.0,14417.0,13387.0,9537.0,38456.0,35947.0,1244.0,1064.0,278.0,31369.0,1268.0,1118.0,1
8482,310000.0,2,1,2,27,-1,-1,-1,-1,-1,-1,833.0,323.0,1083.0,2134.0,2474.0,2097.0,323.0,1093.0,2140.0,9201.0,2103.0,6571.0,0
8483,30000.0,2,1,2,27,-1,-1,-1,-1,-1,-1,7843.0,2670.0,2670.0,2670.0,10302.0,15643.0,2670.0,2670.0,2670.0,10302.0,15643.0,9947.0,0
8487,200000.0,2,2,2,26,-2,-2,-2,-2,-2,-2,58147.0,1468.0,2321.0,327194.0,6680.0,3963.0,1468.0,2321.0,163597.0,6680.0,3963.0,2514.0,0
8488,270000.0,2,3,1,42,2,0,0,0,0,0,106986.0,103249.0,89221.0,86996.0,86384.0,85440.0,3578.0,3207.0,3000.0,3200.0,3241.0,3078.0,0
8499,10000.0,1,2,2,34,0,0,0,0,0,0,8097.0,9109.0,10125.0,10327.0,10552.0,18836.0,1151.0,2167.0,369.0,391.0,436.0,200.0,0
8531,50000.0,2,2,2,25,0,0,0,0,0,0,30857.0,28481.0,27634.0,26691.0,26329.0,25923.0,1800.0,1400.0,915.0,1500.0,1500.0,2000.0,0
8532,50000.0,1,1,2,38,0,0,0,0,0,0,27148.0,27619.0,20997.0,21018.0,20556.0,20302.0,1655.0,1323.0,734.0,1058.0,406.0,0.0,0
8538,30000.0,1,1,2,26,2,2,0,0,0,0,7510.0,7247.0,8165.0,8529.0,8743.0,8949.0,0.0,1200.0,500.0,500.0,500.0,500.0,1
8547,20000.0,1,2,2,26,1,4,3,2,3,2,19276.0,18691.0,18048.0,18553.0,19465.0,16523.0,0.0,0.0,1000.0,1400.0,0.0,3000.0,0
8550,500000.0,1,1,2,38,-2,-2,-2,-2,-1,0,0.0,0.0,0.0,218.0,11959.0,13692.0,0.0,0.0,218.0,11959.0,2000.0,403.0,0
8552,100000.0,2,3,1,28,-2,-2,-2,-2,-2,-2,3166.0,6896.0,416.0,416.0,416.0,412.0,6896.0,416.0,416.0,416.0,412.0,1223.0,0
8554,400000.0,2,1,2,33,-2,-2,-2,-2,-2,-2,0.0,0.0,0.0,0.0,0.0,0.0,0.0,0.0,0.0,0.0,0.0,0.0,1
8555,270000.0,1,2,1,49,-1,-1,0,0,0,0,3197.0,61164.0,61145.0,62186.0,62123.0,58995.0,61164.0,4000.0,5000.0,6000.0,5000.0,5000.0,0
8557,250000.0,2,2,2,32,0,0,0,0,0,0,72618.0,72972.0,43497.0,13877.0,14395.0,14063.0,3800.0,3000.0,4500.0,3000.0,5000.0,6000.0,0
8578,220000.0,2,2,1,37,2,0,0,2,0,0,48166.0,49164.0,46730.0,45680.0,46651.0,49507.0,2100.0,3900.0,0.0,1858.0,3800.0,0.0,0
8582,270000.0,2,2,2,38,-2,-2,-2,-2,-2,-2,11421.0,6060.0,4180.0,1833.0,511.0,6635.0,2000.0,1000.0,2.0,1.0,6668.0,1026.0,0
8585,360000.0,1,2,1,49,1,-2,-1,-1,-2,-2,0.0,0.0,8209.0,-41.0,-41.0,-41.0,0.0,8209.0,0.0,0.0,0.0,0.0,1
8597,570000.0,1,1,2,29,-1,-1,-1,-1,-1,-1,4119.0,-1031.0,5100.0,5150.0,5150.0,5138.0,0.0,11500.0,5200.0,5150.0,5138.0,81438.0,0
8603,30000.0,1,1,2,47,2,0,0,0,2,2,25690.0,26719.0,27774.0,28809.0,30399.0,29760.0,1445.0,1500.0,1500.0,2200.0,0.0,1200.0,0
8604,90000.0,2,2,1,47,0,0,0,0,0,0,28477.0,28718.0,28847.0,28747.0,29177.0,29452.0,2000.0,2000.0,2000.0,2000.0,2000.0,2000.0,0
8610,140000.0,1,2,1,55,0,0,0,0,0,0,78314.0,81049.0,82810.0,83544.0,85692.0,87425.0,4000.0,4000.0,3000.0,3500.0,3158.0,8000.0,0
8618,140000.0,2,1,1,45,-1,-1,-1,-1,-1,-1,316.0,316.0,316.0,316.0,632.0,150.0,316.0,316.0,316.0,632.0,150.0,316.0,0
8639,50000.0,2,2,1,39,0,0,0,0,0,0,22187.0,23755.0,21772.0,22541.0,22871.0,23989.0,5000.0,2049.0,5000.0,1500.0,1500.0,3000.0,0
8654,130000.0,2,2,1,31,-1,-1,0,0,0,0,6279.0,10862.0,5878.0,15306.0,8015.0,5965.0,11054.0,5172.0,14593.0,727.0,5222.0,4200.0,0
8662,180000.0,2,2,2,32,-1,-1,-2,-2,-2,-2,134.0,357.0,288.0,837.0,467.0,15868.0,357.0,288.0,837.0,467.0,15868.0,351.0,0
8664,100000.0,2,1,2,42,0,0,0,0,0,0,91141.0,93027.0,94925.0,96837.0,98894.0,100500.0,2635.0,2688.0,2718.0,2854.0,2500.0,0.0,0
8672,270000.0,1,1,2,29,-1,-1,-1,-2,-1,-1,38840.0,197.0,-61.0,-61.0,20207.0,538.0,197.0,0.0,0.0,20268.0,538.0,29995.0,0
8676,290000.0,2,1,2,28,0,0,0,0,0,0,42601.0,34927.0,32034.0,29620.0,29822.0,28502.0,5000.0,6010.0,5000.0,1200.0,2000.0,901.0,0
8678,360000.0,1,5,1,34,0,-1,-1,-1,0,-1,30447.0,9428.0,11704.0,19036.0,41147.0,53733.0,10052.0,11767.0,20036.0,22207.0,54981.0,2227.0,0
8679,380000.0,1,1,2,32,-1,-1,-1,-1,-1,-1,326.0,24899.0,2816.0,11773.0,23397.0,10551.0,24899.0,2816.0,11773.0,23397.0,10551.0,43302.0,0
8686,50000.0,2,2,2,23,0,0,0,0,0,0,21249.0,20771.0,17626.0,10078.0,9654.0,9648.0,1649.0,1300.0,500.0,500.0,300.0,500.0,0
8687,150000.0,2,1,2,33,1,-2,-2,-2,-2,-2,-286.0,-286.0,-286.0,-286.0,-286.0,-286.0,0.0,0.0,0.0,0.0,0.0,750.0,0
8737,90000.0,2,2,2,39,0,0,0,0,0,0,45709.0,45045.0,42151.0,37842.0,30849.0,28061.0,2000.0,2000.0,1200.0,1018.0,1200.0,710.0,1
8742,80000.0,2,2,1,26,2,2,2,2,2,2,27458.0,28522.0,27770.0,29396.0,29974.0,30529.0,1800.0,0.0,2400.0,1200.0,1200.0,1200.0,1
8745,150000.0,2,1,2,32,1,-1,-1,-1,0,0,-300.0,7628.0,0.0,1089.0,1089.0,843.0,7928.0,0.0,1089.0,0.0,0.0,0.0,0
8751,280000.0,2,1,2,34,0,0,0,0,0,0,95278.0,98281.0,101651.0,103776.0,105617.0,107788.0,4525.0,5000.0,3800.0,3500.0,3500.0,3500.0,0
8765,70000.0,2,2,2,22,0,0,0,0,0,0,24817.0,27424.0,28406.0,29013.0,29625.0,30404.0,3018.0,1500.0,1000.0,1001.0,1191.0,1000.0,0
8773,220000.0,2,1,1,41,7,6,5,4,3,2,243234.0,238172.0,232446.0,227800.0,225044.0,222356.0,0.0,0.0,0.0,0.0,0.0,6000.0,1
8783,210000.0,2,2,2,29,0,0,-1,-1,0,0,14073.0,13034.0,2569.0,36116.0,36287.0,5695.0,2059.0,2576.0,36120.0,1093.0,2968.0,1430.0,0
8786,400000.0,2,1,2,30,0,0,0,0,0,0,139862.0,125280.0,109278.0,94511.0,64995.0,28654.0,9209.0,3807.0,2403.0,1933.0,1014.0,104078.0,0
8787,290000.0,2,1,1,36,0,0,0,-2,-2,-2,49885.0,51400.0,0.0,0.0,0.0,0.0,2400.0,0.0,0.0,0.0,0.0,0.0,0
8798,70000.0,1,2,1,37,2,2,2,2,2,2,44207.0,45305.0,46067.0,45029.0,47835.0,48797.0,2100.0,1800.0,0.0,3700.0,1900.0,2000.0,1
8799,360000.0,2,2,1,36,0,0,2,0,0,2,63389.0,48359.0,37054.0,50009.0,53984.0,25258.0,15000.0,11.0,20000.0,5000.0,0.0,37000.0,0
8803,10000.0,1,2,1,50,2,2,2,0,0,0,9415.0,8852.0,8297.0,8792.0,9277.0,9744.0,1000.0,1000.0,1000.0,1000.0,1000.0,1000.0,0
8805,140000.0,2,2,2,29,-1,-1,-1,-1,-1,-1,743.0,896.0,2385.0,732.0,100.0,1526.0,900.0,2385.0,735.0,0.0,1526.0,981.0,0
8806,100000.0,1,2,1,50,0,0,-1,-1,-1,-1,23908.0,3360.0,560.0,480.0,480.0,390.0,1000.0,560.0,500.0,480.0,390.0,390.0,0
8810,30000.0,1,2,1,59,0,0,0,0,0,0,20044.0,21246.0,22115.0,22158.0,22610.0,0.0,1531.0,1400.0,443.0,452.0,0.0,0.0,0
8813,70000.0,1,1,1,49,-1,-1,-1,-1,-1,-1,1261.0,2041.0,1261.0,2431.0,904.0,1801.0,2431.0,1261.0,2431.0,904.0,2191.0,0.0,1
8816,30000.0,1,2,2,24,0,0,2,0,0,0,22885.0,25886.0,25172.0,27239.0,57036.0,28789.0,3700.0,0.0,2500.0,2100.0,3000.0,1700.0,1
8820,30000.0,2,1,1,41,0,0,0,0,0,0,26480.0,27529.0,28783.0,28312.0,28159.0,28870.0,1481.0,1735.0,994.0,2003.0,1180.0,1238.0,0
8824,430000.0,2,1,1,34,-1,-1,-1,-1,-1,-1,5149.0,4588.0,11164.0,1531.0,9848.0,10178.0,4600.0,11220.0,1531.0,9902.0,10202.0,5926.0,0
8841,120000.0,1,1,2,31,-1,-1,-1,-1,-1,-1,2340.0,4908.0,70.0,220.0,220.0,220.0,4908.0,70.0,220.0,220.0,220.0,360.0,0
8843,230000.0,2,2,2,32,1,2,0,0,-1,-1,73757.0,69748.0,23266.0,13565.0,80.0,0.0,0.0,1200.0,1027.0,80.0,0.0,0.0,0
8852,20000.0,1,3,2,24,-1,-1,-1,0,0,0,1473.0,390.0,8595.0,7454.0,7208.0,0.0,390.0,8595.0,149.0,144.0,0.0,780.0,0
8858,190000.0,1,1,2,29,1,-1,2,2,2,-1,0.0,2214.0,66.0,66.0,0.0,4433.0,2214.0,0.0,0.0,66.0,4433.0,0.0,1
8863,80000.0,2,2,2,22,0,0,0,0,0,0,2524.0,5097.0,6107.0,7141.0,7355.0,7357.0,3000.0,1500.0,1500.0,700.0,500.0,500.0,0
8864,200000.0,1,1,1,40,-2,-2,-2,-2,-2,-2,15596.0,1470.0,7289.0,0.0,0.0,2376.0,1470.0,7289.0,0.0,0.0,2376.0,0.0,0
8868,150000.0,2,1,1,30,2,0,0,0,0,0,151060.0,139648.0,119043.0,112072.0,113932.0,105706.0,3864.0,3868.0,2808.0,3037.0,2583.0,1079.0,1
8869,90000.0,2,2,2,24,1,2,0,0,2,0,13137.0,10724.0,9621.0,17701.0,15496.0,9341.0,0.0,1000.0,10000.0,0.0,1000.0,3105.0,0
8877,50000.0,2,2,1,37,0,0,0,0,0,0,25234.0,23518.0,21746.0,18082.0,18461.0,18830.0,1384.0,1300.0,700.0,670.0,676.0,700.0,0
8887,70000.0,1,3,0,26,1,2,2,0,0,0,39073.0,40154.0,39214.0,39861.0,41063.0,42918.0,2000.0,0.0,1600.0,2000.0,2700.0,1500.0,1
8891,370000.0,2,1,1,39,0,0,0,0,0,0,141552.0,67739.0,49097.0,48216.0,47675.0,48074.0,2157.0,2000.0,1668.0,2000.0,3000.0,1000.0,0
8897,130000.0,2,2,2,33,0,0,0,0,0,0,127781.0,122319.0,107674.0,89780.0,90625.0,90492.0,4700.0,3500.0,3200.0,3200.0,3300.0,3100.0,0
8898,20000.0,2,1,2,24,-1,2,0,0,0,2,19214.0,15703.0,9914.0,8200.0,11876.0,4792.0,0.0,1000.0,0.0,5000.0,5400.0,13324.0,0
8906,50000.0,1,2,2,25,2,2,4,3,2,2,42883.0,47887.0,46836.0,45785.0,47003.0,48085.0,6000.0,0.0,0.0,2100.0,2000.0,0.0,0
8907,200000.0,1,2,1,49,-1,0,-1,0,-1,-1,8143.0,39869.0,38685.0,22125.0,17778.0,24354.0,39100.0,38759.0,102.0,17868.0,25125.0,35031.0,0
8909,200000.0,1,2,1,46,1,-1,-1,-1,-1,-1,0.0,760.0,1281.0,1328.0,1114.0,1205.0,760.0,1281.0,1328.0,1114.0,1205.0,1403.0,0
8923,360000.0,2,1,2,38,0,0,0,0,0,0,53035.0,54125.0,55135.0,54645.0,54859.0,55112.0,3492.0,3452.0,1912.0,2000.0,2091.0,1929.0,0
8927,200000.0,1,2,1,41,0,0,0,0,0,0,193781.0,197132.0,195011.0,196986.0,187687.0,193978.0,10000.0,7010.0,8000.0,7000.0,14500.0,5600.0,0
8940,100000.0,1,2,2,26,0,0,0,0,0,0,32186.0,32949.0,33680.0,34419.0,37782.0,76185.0,2000.0,2000.0,2000.0,4500.0,40000.0,3000.0,0
8944,170000.0,2,2,1,28,0,0,0,0,0,0,105509.0,106445.0,68703.0,66338.0,62135.0,65706.0,4285.0,3000.0,3000.0,3000.0,5000.0,3000.0,0
8948,180000.0,2,3,2,40,-2,-2,-2,-2,-2,-2,0.0,0.0,0.0,0.0,0.0,0.0,0.0,0.0,0.0,0.0,0.0,0.0,1
8977,250000.0,2,1,1,43,-1,-1,2,-1,-1,-1,1041.0,6854.0,3774.0,4508.0,2916.0,4969.0,6854.0,0.0,4508.0,2916.0,4969.0,0.0,0
8984,210000.0,2,1,2,33,-1,-1,-1,0,0,-2,1888.0,320.0,1403.0,418.0,-16.0,-342.0,320.0,1409.0,0.0,0.0,0.0,2108.0,1
8985,30000.0,2,2,1,34,-1,-1,2,-1,-1,3,5088.0,996.0,888.0,656.0,1957.0,1536.0,996.0,0.0,656.0,1957.0,0.0,0.0,1
8989,130000.0,2,1,1,41,-1,-1,2,2,2,0,767.0,9637.0,8256.0,14890.0,13742.0,7630.0,9804.0,0.0,7600.0,0.0,5000.0,10000.0,1
8991,140000.0,2,2,1,37,-1,0,0,0,0,0,65863.0,63803.0,61998.0,63517.0,62463.0,62168.0,3000.0,10000.0,6500.0,3900.0,6700.0,2000.0,0
8997,260000.0,2,1,2,31,-1,-1,-1,-1,-1,-1,597.0,1304.0,5734.0,24898.0,150.0,381.0,1306.0,5734.0,24898.0,3883.0,381.0,2234.0,0
9000,280000.0,2,2,1,35,1,-1,2,-1,-1,0,-3.0,146.0,146.0,1596.0,1672.0,1596.0,149.0,0.0,1600.0,1672.0,1562.0,326.0,0
9003,30000.0,1,2,1,36,0,0,2,0,0,0,18441.0,19936.0,20803.0,21655.0,22646.0,23764.0,1800.0,1500.0,1500.0,1500.0,1500.0,1500.0,1
9009,560000.0,1,2,1,32,1,-2,-2,-1,-1,-2,19924.0,16297.0,4593.0,2512.0,11461.0,3402.0,1163.0,1023.0,2519.0,46518.0,3421.0,11467.0,0
9012,300000.0,2,1,2,48,2,0,0,0,0,0,304040.0,305627.0,305697.0,269017.0,275230.0,260419.0,11500.0,12000.0,10000.0,10500.0,10000.0,10000.0,1
9013,100000.0,2,2,1,29,1,4,3,2,2,2,85264.0,83376.0,81445.0,82710.0,84242.0,82730.0,0.0,0.0,3200.0,3000.0,0.0,3300.0,0
9020,200000.0,1,1,1,34,2,2,2,2,2,2,170487.0,174258.0,175905.0,178528.0,175581.0,180145.0,8000.0,6000.0,7000.0,0.0,7500.0,6000.0,1
9021,170000.0,2,2,1,42,0,0,0,0,0,0,37772.0,38862.0,39914.0,40559.0,41953.0,42210.0,2000.0,2000.0,1610.0,2200.0,1600.0,1600.0,0
9023,60000.0,2,3,1,51,1,-1,-1,-1,-1,-2,0.0,724.0,0.0,785.0,0.0,0.0,724.0,0.0,785.0,0.0,0.0,0.0,0
9028,520000.0,1,1,2,39,-1,-1,-1,-1,-1,-1,13273.0,12709.0,5480.0,5397.0,70137.0,11819.0,12712.0,5487.0,5397.0,70137.0,11820.0,7888.0,0
9041,20000.0,1,3,1,52,1,2,0,0,0,-2,20838.0,20212.0,20148.0,19845.0,0.0,0.0,0.0,1200.0,397.0,0.0,0.0,0.0,1
9050,500000.0,1,2,1,31,0,0,0,0,0,0,39291.0,29122.0,26639.0,22828.0,21293.0,17544.0,1700.0,1174.0,1007.0,1013.0,1018.0,264.0,0
9063,70000.0,2,1,2,34,2,2,2,2,2,2,44347.0,43357.0,46626.0,47562.0,48651.0,49700.0,0.0,4000.0,2000.0,2000.0,2000.0,2000.0,1
9076,180000.0,2,1,2,31,-1,-1,-1,-2,-2,-2,8260.0,5921.0,0.0,0.0,0.0,0.0,5921.0,0.0,0.0,0.0,0.0,0.0,1
9079,10000.0,2,2,1,53,0,0,0,-2,-2,-2,9269.0,10400.0,0.0,0.0,0.0,0.0,1400.0,0.0,0.0,0.0,0.0,0.0,1
9092,240000.0,2,3,2,50,0,0,0,0,0,0,223045.0,218120.0,221051.0,191997.0,196221.0,200058.0,9490.0,8163.0,6753.0,7197.0,7176.0,5265.0,0
9101,20000.0,1,2,2,39,0,0,0,0,0,0,15972.0,16432.0,17618.0,17365.0,17719.0,17740.0,1500.0,1600.0,347.0,354.0,355.0,0.0,1
9104,90000.0,1,2,2,32,0,0,0,0,0,0,23730.0,24693.0,6470.0,9882.0,28283.0,27893.0,2000.0,5000.0,5000.0,25000.0,22000.0,5000.0,0
9109,50000.0,1,3,2,28,0,0,0,0,0,0,17141.0,18361.0,19214.0,15519.0,15129.0,13747.0,1500.0,1211.0,516.0,520.0,622.0,5000.0,0
9113,30000.0,2,2,2,22,0,0,-2,-2,-2,-2,18830.0,0.0,0.0,0.0,0.0,0.0,0.0,0.0,0.0,0.0,0.0,0.0,0
9118,360000.0,2,1,2,30,0,0,0,0,0,0,40514.0,31871.0,27793.0,19409.0,18093.0,10800.0,1800.0,2025.0,3000.0,2000.0,1000.0,2000.0,0
9120,50000.0,1,2,2,40,1,1,-1,-1,0,0,50209.0,-2522.0,409.0,29148.0,30270.0,22814.0,0.0,2931.0,30000.0,5270.0,2814.0,3089.0,0
9122,60000.0,1,2,2,30,0,0,0,0,0,0,39264.0,41622.0,42627.0,43914.0,45053.0,46303.0,3000.0,2000.0,2000.0,2000.0,2000.0,2000.0,0
9139,600000.0,2,3,1,46,-1,-1,-1,-1,-1,-1,22921.0,11441.0,23471.0,30871.0,17314.0,10000.0,11444.0,23537.0,31171.0,17348.0,10000.0,10000.0,0
9156,160000.0,1,1,2,30,-1,-1,-1,-1,-1,-1,4180.0,7781.0,1256.0,14160.0,6180.0,2000.0,7781.0,1276.0,14160.0,6180.0,2000.0,290.0,0
9158,330000.0,2,2,1,45,0,0,0,0,0,0,123813.0,127050.0,135631.0,138036.0,141330.0,144529.0,5100.0,10600.0,5000.0,5000.0,5000.0,5000.0,0
9161,360000.0,2,1,2,30,-2,-2,-2,-2,-2,-2,-28.0,-28.0,1072.0,1980.0,10780.0,2036.0,0.0,1100.0,2025.0,10819.0,2110.0,5600.0,0
9169,70000.0,2,3,2,55,0,0,0,0,0,0,69997.0,41409.0,31450.0,29592.0,29703.0,19582.0,1700.0,3018.0,3338.0,3000.0,717.0,595.0,0
9172,30000.0,2,2,2,22,1,2,0,0,0,0,29676.0,28532.0,29510.0,29040.0,29178.0,0.0,0.0,1493.0,803.0,420.0,0.0,0.0,0
9175,410000.0,2,1,1,46,-2,-2,-2,-2,-2,-2,0.0,0.0,0.0,0.0,0.0,0.0,0.0,0.0,0.0,0.0,0.0,0.0,1
9184,130000.0,1,1,2,27,0,0,0,0,0,0,32464.0,33805.0,34810.0,35194.0,35951.0,36703.0,1867.0,1872.0,1256.0,1500.0,1500.0,1500.0,0
9200,190000.0,2,1,2,32,0,0,0,0,0,0,161248.0,157952.0,157663.0,161039.0,161907.0,161729.0,6500.0,7000.0,10000.0,7000.0,6500.0,6000.0,0
9202,60000.0,1,2,2,33,0,0,0,0,0,0,58760.0,57635.0,56706.0,56452.0,58542.0,60273.0,2500.0,2000.0,2100.0,3000.0,3210.0,10000.0,0
9203,260000.0,2,1,1,38,0,0,0,0,0,0,256359.0,208852.0,192782.0,189886.0,196398.0,194568.0,10027.0,10107.0,20000.0,10000.0,10000.0,10000.0,0
9205,160000.0,2,1,2,25,0,0,0,0,0,0,76038.0,64399.0,52532.0,39455.0,26505.0,13302.0,2791.0,3000.0,1286.0,890.0,497.0,267.0,0
9212,400000.0,1,1,2,28,-2,-2,-2,-2,-2,-2,1202.0,-14.0,2893.0,13854.0,13860.0,12215.0,0.0,2907.0,13863.0,13869.0,12216.0,29171.0,0
9213,80000.0,1,2,1,34,1,2,2,0,0,0,64575.0,65961.0,64308.0,65047.0,66504.0,74360.0,3000.0,0.0,2400.0,2500.0,9000.0,0.0,0
9220,360000.0,2,2,2,46,-1,-1,-1,-1,-1,-1,4000.0,311.0,913.0,465.0,157.0,4247.0,311.0,920.0,465.0,157.0,4247.0,157.0,0
9246,130000.0,2,2,2,33,0,0,-1,-1,-1,-1,7547.0,3773.0,4329.0,8638.0,2279.0,-1.0,1011.0,4345.0,9261.0,2285.0,0.0,338.0,0
9248,280000.0,1,1,1,38,-2,-2,-2,-2,-2,-1,101259.0,7224.0,11169.0,2300.0,0.0,10551.0,7259.0,11055.0,2311.0,0.0,10551.0,15000.0,1
9254,240000.0,1,1,1,29,-1,-1,-1,-2,-1,-1,17882.0,367.0,-4661.0,-23.0,4638.0,2500.0,403.0,4838.0,4638.0,4661.0,2500.0,0.0,0
9260,360000.0,2,2,1,43,-1,-1,-1,-1,-1,-1,1999.0,10145.0,4005.0,19158.0,3569.0,31171.0,10145.0,4723.0,19158.0,3569.0,31171.0,3283.0,0
9265,10000.0,2,1,2,27,0,0,0,2,2,0,8128.0,8470.0,10255.0,9389.0,8345.0,8572.0,1400.0,2500.0,500.0,0.0,500.0,2000.0,0
9271,180000.0,1,2,2,26,0,0,0,0,0,0,145574.0,108617.0,102711.0,95652.0,97661.0,99656.0,3907.0,3600.0,3415.0,3542.0,3616.0,2000.0,0
9279,180000.0,1,2,1,33,0,0,-1,-1,0,0,177017.0,107267.0,11426.0,96562.0,144345.0,141659.0,20135.0,12099.0,96562.0,49000.0,140000.0,6000.0,0
9281,500000.0,1,2,1,38,1,2,0,0,2,0,91662.0,88467.0,90193.0,94629.0,92621.0,80971.0,0.0,4500.0,7200.0,8.0,3403.0,2311.0,0
9295,140000.0,2,2,2,27,1,2,2,-1,0,0,28332.0,27464.0,-1116.0,90558.0,92530.0,83880.0,0.0,28.0,92000.0,3800.0,3600.0,2604.0,0
9298,140000.0,1,2,2,30,0,0,0,0,0,0,131026.0,130023.0,76098.0,50419.0,47202.0,43946.0,5006.0,2169.0,1651.0,2122.0,3006.0,2505.0,0
9301,130000.0,2,1,2,28,-2,-2,-2,-2,-1,-1,9821.0,8582.0,0.0,0.0,1170.0,0.0,8611.0,0.0,0.0,1170.0,0.0,1070.0,1
9311,360000.0,2,2,2,27,-2,-2,-1,0,0,0,5497.0,3300.0,512.0,2512.0,2593.0,0.0,3000.0,512.0,2000.0,2473.0,0.0,947.0,1
9319,200000.0,2,3,1,41,2,0,0,0,0,0,199802.0,195038.0,129415.0,88682.0,74132.0,71281.0,9231.0,4872.0,2894.0,2637.0,2591.0,2410.0,0
9341,30000.0,2,2,1,45,2,2,2,0,0,0,30330.0,30948.0,29480.0,28805.0,19733.0,16543.0,1400.0,0.0,928.0,602.0,768.0,1299.0,1
9343,20000.0,2,3,2,50,0,0,0,0,0,0,16350.0,17382.0,18488.0,19179.0,19720.0,19822.0,1300.0,1400.0,1000.0,1000.0,626.0,300.0,0
9344,210000.0,1,2,2,31,2,2,0,0,2,0,200332.0,195530.0,176634.0,128137.0,130500.0,128838.0,0.0,6800.0,4900.0,4500.0,4700.0,4900.0,1
9347,10000.0,2,2,2,24,0,0,0,0,0,0,7199.0,8275.0,9232.0,9266.0,9501.0,9729.0,1350.0,1270.0,300.0,350.0,350.0,300.0,1
9348,50000.0,2,1,2,24,-2,-2,-2,-2,-2,-2,220.0,220.0,677.0,1200.0,666.0,1480.0,220.0,677.0,1200.0,666.0,1480.0,3710.0,0
9360,500000.0,1,1,2,36,-1,-1,0,-1,-1,-1,15401.0,23032.0,54759.0,52030.0,71797.0,93159.0,23128.0,40105.0,52221.0,71852.0,93218.0,179568.0,0
9362,60000.0,2,2,2,29,1,2,0,0,0,0,9045.0,7910.0,6770.0,6880.0,5021.0,4952.0,1000.0,1000.0,1000.0,2000.0,2000.0,3000.0,0
9363,340000.0,1,2,1,42,0,0,0,0,0,0,76166.0,83909.0,169911.0,130718.0,131684.0,126223.0,10000.0,115000.0,5000.0,6000.0,10000.0,10000.0,0
9371,90000.0,2,2,1,55,0,-1,-1,-1,-1,-1,15000.0,1055.0,-180.0,2320.0,1286.0,1132.0,1055.0,0.0,2500.0,2000.0,1132.0,1110.0,1
9381,170000.0,1,2,2,27,0,0,0,0,0,0,21958.0,22572.0,14549.0,10849.0,12509.0,64218.0,1300.0,2000.0,1000.0,2000.0,52292.0,2200.0,0
9391,400000.0,1,1,2,42,-2,-2,-2,-2,-2,-2,4279.0,100815.0,15906.0,81768.0,4887.0,43827.0,101319.0,15942.0,82308.0,4903.0,44257.0,53406.0,0
9395,190000.0,1,3,2,34,0,0,0,0,0,0,47713.0,49242.0,52394.0,55521.0,113760.0,116299.0,3000.0,5000.0,5000.0,60000.0,5000.0,5000.0,0
9396,20000.0,1,2,1,62,0,0,0,-2,-2,-2,19724.0,19581.0,0.0,0.0,0.0,0.0,1000.0,0.0,20500.0,0.0,0.0,0.0,1
9402,120000.0,2,3,1,54,0,0,0,0,0,0,67094.0,69010.0,70683.0,71504.0,73230.0,73613.0,3000.0,3000.0,2300.0,2600.0,2500.0,1500.0,0
9403,80000.0,2,1,2,24,-1,-1,-1,-1,-1,-1,329.0,49.0,317.0,827.0,390.0,120.0,500.0,320.0,900.0,400.0,120.0,400.0,0
9407,10000.0,1,2,2,26,0,0,0,0,-1,-1,2989.0,3454.0,2917.0,1473.0,390.0,1320.0,2000.0,1000.0,29.0,390.0,1320.0,0.0,1
9419,300000.0,1,1,2,32,1,2,2,-1,0,0,10566.0,11293.0,12000.0,3458.0,56338.0,56735.0,1200.0,1200.0,9427.0,55000.0,2000.0,2000.0,0
9430,400000.0,2,2,2,30,2,0,0,0,0,0,24054.0,25381.0,26085.0,26779.0,29283.0,29764.0,1624.0,1328.0,1022.0,3000.0,1000.0,1171.0,0
9433,400000.0,2,1,1,32,-2,-2,-2,-2,-2,-1,110.0,532.0,2651.0,0.0,644.0,636.0,587.0,2651.0,0.0,644.0,636.0,572.0,0
9434,200000.0,2,2,2,36,-1,-1,-1,-1,-1,-1,694.0,2695.0,660.0,2315.0,1290.0,5745.0,2721.0,660.0,2315.0,1290.0,5745.0,0.0,1
9435,10000.0,2,2,2,22,-1,-1,0,0,0,0,656.0,8748.0,9644.0,9541.0,8971.0,9645.0,10128.0,1200.0,400.0,323.0,1600.0,300.0,0
9443,80000.0,2,1,2,25,0,0,0,0,0,0,45392.0,46723.0,41986.0,40060.0,38124.0,37140.0,5000.0,2000.0,2000.0,2000.0,3000.0,2000.0,0
9446,20000.0,1,1,2,35,-1,2,2,-1,0,0,17007.0,16200.0,0.0,8303.0,8519.0,9371.0,0.0,0.0,8303.0,500.0,1000.0,460.0,1
9452,50000.0,1,2,1,43,2,2,2,2,2,2,15641.0,15105.0,16545.0,16977.0,16563.0,17688.0,0.0,2000.0,1000.0,0.0,1400.0,0.0,1
9458,190000.0,1,2,1,37,2,-1,0,0,-1,2,2461.0,8040.0,9640.0,0.0,5100.0,2350.0,8040.0,2000.0,0.0,5100.0,0.0,2792.0,1
9460,230000.0,2,1,1,38,-1,-1,0,0,0,0,2130.0,62469.0,62583.0,59047.0,52574.0,43723.0,62469.0,5000.0,2000.0,5000.0,5000.0,3000.0,0
9473,440000.0,2,2,2,25,2,2,0,0,0,0,225416.0,220405.0,226731.0,231456.0,237707.0,243555.0,0.0,10000.0,10000.0,10000.0,10000.0,10000.0,1
9474,170000.0,2,2,1,52,0,0,0,0,0,0,168516.0,168529.0,169956.0,119844.0,117944.0,118163.0,6791.0,7333.0,4218.0,4269.0,4481.0,4144.0,0
9478,20000.0,1,1,2,24,0,-1,-1,-1,-1,-1,3395.0,2296.0,396.0,396.0,8972.0,3984.0,2296.0,396.0,396.0,8972.0,3984.0,396.0,1
9485,70000.0,1,1,2,26,0,0,0,-1,0,0,35666.0,18116.0,18397.0,17262.0,24921.0,0.0,5000.0,17831.0,17262.0,15001.0,0.0,11672.0,0
9497,200000.0,2,1,2,30,0,0,0,0,0,0,196845.0,189104.0,183255.0,147612.0,148088.0,99985.0,8990.0,7000.0,5500.0,6000.0,4220.0,3610.0,0
9502,330000.0,2,1,2,34,0,0,0,0,0,0,173630.0,178833.0,187820.0,190202.0,194964.0,199008.0,8000.0,12000.0,7000.0,8000.0,7287.0,7400.0,0
9511,350000.0,2,1,1,31,-2,-2,-1,0,0,-1,7914.0,4221.0,23907.0,28528.0,24965.0,5727.0,4221.0,23916.0,25528.0,2965.0,5753.0,8095.0,0
9520,20000.0,2,3,1,25,1,2,3,2,2,0,19045.0,20438.0,19771.0,20241.0,19364.0,18260.0,2000.0,0.0,1000.0,0.0,1000.0,0.0,0
9532,200000.0,2,2,1,40,-1,-1,-1,-1,-1,-1,390.0,390.0,390.0,390.0,390.0,390.0,390.0,390.0,390.0,390.0,390.0,390.0,1
9539,140000.0,1,1,2,31,0,0,0,-2,-2,-2,97448.0,70631.0,0.0,0.0,0.0,0.0,1413.0,0.0,0.0,0.0,0.0,0.0,0
9543,140000.0,1,1,2,32,-1,-1,-2,-1,0,-1,12319.0,0.0,0.0,61.0,561.0,528.0,0.0,0.0,61.0,500.0,528.0,498.0,0
9551,80000.0,1,2,2,30,2,2,2,2,2,2,73113.0,74639.0,75408.0,76618.0,77459.0,75327.0,3300.0,2600.0,3000.0,3000.0,1580.0,5800.0,0
9560,70000.0,2,2,2,24,0,0,2,0,0,0,65508.0,50382.0,49271.0,50449.0,51636.0,53666.0,4000.0,0.0,2000.0,2000.0,3000.0,2000.0,1
9570,20000.0,1,2,1,38,0,0,0,0,2,0,6715.0,7736.0,8745.0,9394.0,9101.0,9282.0,1287.0,1296.0,945.0,0.0,481.0,829.0,0
9580,50000.0,1,3,1,50,0,0,0,2,0,0,63889.0,65512.0,68764.0,14353.0,16110.0,17832.0,2800.0,4000.0,0.0,2000.0,2000.0,1000.0,0
9605,290000.0,1,1,3,55,0,0,2,0,0,0,7970.0,10320.0,10005.0,10838.0,11663.0,13301.0,2482.0,0.0,1000.0,1000.0,2000.0,2000.0,1
9611,150000.0,1,3,2,31,-1,-1,-1,-1,-1,-1,4213.0,5897.0,2365.0,5004.0,5531.0,3567.0,5914.0,2378.0,5019.0,5547.0,3576.0,5138.0,0
9614,120000.0,1,1,1,34,2,2,2,2,2,2,97463.0,99018.0,100493.0,101937.0,104159.0,102324.0,4000.0,4000.0,4000.0,4000.0,0.0,8000.0,1
9624,30000.0,2,3,2,23,-1,-1,-1,-1,-1,-1,528.0,913.0,10773.0,916.0,3091.0,700.0,913.0,10773.0,916.0,3091.0,700.0,0.0,0
9625,50000.0,1,2,1,47,1,-1,-1,-1,-2,-2,0.0,835.0,226.0,-1300.0,-1300.0,-1300.0,835.0,226.0,0.0,0.0,0.0,0.0,0
9635,240000.0,2,1,2,34,-1,-1,-2,-2,-2,-2,4970.0,0.0,0.0,0.0,0.0,0.0,0.0,0.0,0.0,0.0,0.0,0.0,0
9637,90000.0,2,2,2,28,0,0,0,0,0,2,69186.0,72450.0,73798.0,74682.0,79586.0,78261.0,5000.0,3158.0,2600.0,6000.0,0.0,19000.0,0
9640,260000.0,1,1,2,29,0,0,0,0,0,0,128208.0,100939.0,92549.0,90038.0,88772.0,111287.0,17000.0,6000.0,5000.0,6500.0,25000.0,4000.0,0
9645,210000.0,1,2,1,39,-1,-1,-1,-1,-1,-1,1443.0,1443.0,1443.0,1443.0,1443.0,1443.0,1443.0,1443.0,1443.0,1443.0,1443.0,1443.0,0
9647,30000.0,2,2,2,34,1,2,2,2,2,2,23860.0,23192.0,30042.0,28276.0,30483.0,29848.0,0.0,7300.0,0.0,2666.0,0.0,1000.0,0
9653,300000.0,2,2,1,26,-1,-1,-1,-1,-1,-1,316.0,316.0,316.0,316.0,316.0,466.0,316.0,316.0,316.0,316.0,466.0,316.0,0
9658,80000.0,1,1,1,46,0,0,0,0,0,0,39115.0,40176.0,39681.0,29213.0,25356.0,22723.0,2000.0,2490.0,1522.0,1100.0,960.0,988.0,0
9662,30000.0,2,2,1,36,2,2,2,2,2,2,16818.0,20213.0,19590.0,21261.0,20783.0,22081.0,4000.0,0.0,2000.0,0.0,1800.0,0.0,1
9681,200000.0,2,2,2,37,2,0,0,0,0,0,214261.0,210315.0,206563.0,202896.0,173111.0,170326.0,8000.0,9000.0,8000.0,7000.0,7200.0,10500.0,0
9682,460000.0,2,1,2,36,-1,-1,-1,0,0,-1,58312.0,36388.0,52920.0,50106.0,50147.0,1341.0,36570.0,52937.0,1006.0,1019.0,1347.0,1965.0,0
9683,130000.0,2,2,2,23,0,0,0,0,0,0,78426.0,77613.0,62963.0,58470.0,59069.0,51599.0,3000.0,3000.0,3000.0,2500.0,2000.0,3000.0,0
9685,280000.0,1,2,2,38,2,2,2,0,0,0,168581.0,170775.0,166749.0,168739.0,166757.0,161777.0,6000.0,5.0,5858.0,5741.0,5608.0,5712.0,1
9691,280000.0,2,3,2,43,0,0,0,0,0,0,194868.0,178774.0,172045.0,175487.0,179270.0,183394.0,7000.0,7000.0,6200.0,6500.0,7000.0,7000.0,0
9700,130000.0,1,2,2,27,1,2,2,2,2,2,123371.0,125905.0,126524.0,127534.0,130524.0,132416.0,6000.0,4300.0,4400.0,5000.0,4000.0,63.0,1
9705,190000.0,2,2,1,34,-1,-1,-1,-2,-1,-1,500.0,300.0,0.0,0.0,418.0,964.0,300.0,0.0,0.0,418.0,964.0,670.0,0
9718,360000.0,2,2,1,33,0,0,-2,-1,-1,-1,3177.0,0.0,0.0,1672.0,0.0,986.0,0.0,0.0,1672.0,0.0,986.0,780.0,0
9720,360000.0,1,2,2,38,-2,-2,-2,-2,-1,0,0.0,0.0,0.0,0.0,3189.0,177585.0,0.0,0.0,0.0,3189.0,177000.0,5000.0,0
9722,70000.0,1,2,2,26,0,0,0,-1,0,0,67864.0,68284.0,67375.0,71270.0,71157.0,71008.0,3517.0,3700.0,71270.0,3000.0,3000.0,3000.0,1
9727,140000.0,1,2,2,30,-1,-1,-1,-1,-1,-1,326.0,326.0,326.0,326.0,326.0,326.0,326.0,326.0,326.0,326.0,326.0,326.0,1
9742,60000.0,1,2,1,42,0,0,0,0,0,0,49244.0,48310.0,41746.0,25488.0,26199.0,28200.0,2000.0,2000.0,1000.0,1501.0,3000.0,1500.0,0
9747,160000.0,2,2,2,52,0,0,0,0,0,0,38695.0,40757.0,42769.0,44448.0,46269.0,48036.0,3000.0,2700.0,2700.0,2700.0,2700.0,2700.0,0
9748,100000.0,1,2,2,43,0,0,0,0,0,0,103601.0,105282.0,83616.0,67825.0,66756.0,57075.0,5088.0,3098.0,5010.0,3038.0,4031.0,3000.0,0
9770,150000.0,1,2,2,35,0,0,-1,-1,0,0,6008.0,8765.0,19674.0,57858.0,53588.0,56892.0,8008.0,20155.0,63992.0,3004.0,6002.0,5702.0,0
9775,150000.0,2,1,1,36,-2,-2,-2,-2,-2,-2,14843.0,14528.0,11317.0,14037.0,12030.0,10738.0,14528.0,11322.0,14042.0,12030.0,10738.0,322.0,0
9779,110000.0,2,2,1,33,2,0,0,0,0,0,87514.0,75394.0,82627.0,57533.0,59289.0,60828.0,4000.0,10090.0,2100.0,3000.0,3000.0,3000.0,1
9786,80000.0,2,2,2,25,1,2,0,0,2,0,31040.0,30259.0,31712.0,33734.0,29822.0,30966.0,0.0,2000.0,2444.0,0.0,3000.0,1000.0,1
9787,360000.0,1,1,1,32,-1,-1,-1,0,0,0,2612.0,3218.0,6989.0,2729.0,1436.0,-14.0,3234.0,7021.0,6.0,7.0,0.0,0.0,0
9797,20000.0,1,3,2,40,0,0,0,0,0,0,17180.0,17715.0,18841.0,18989.0,11583.0,11859.0,1500.0,1500.0,1000.0,1000.0,1000.0,1000.0,0
9798,370000.0,2,1,2,34,0,0,0,0,0,0,206161.0,203907.0,178625.0,164483.0,157497.0,141493.0,10000.0,7014.0,6000.0,6000.0,6000.0,4000.0,0
9810,360000.0,1,1,2,27,-1,-1,-1,-1,-1,-1,5810.0,4036.0,2310.0,1300.0,0.0,348.0,4041.0,2310.0,1300.0,0.0,348.0,1080.0,0
9812,90000.0,1,3,1,49,2,2,2,2,2,2,74766.0,76470.0,77514.0,78730.0,80316.0,82321.0,3500.0,2900.0,3100.0,3000.0,3500.0,6500.0,1
9832,80000.0,2,2,1,26,0,0,0,0,0,0,75405.0,75681.0,72263.0,50312.0,49878.0,50101.0,3000.0,2200.0,1730.0,1800.0,2500.0,3000.0,0
9833,100000.0,1,3,1,67,2,2,2,2,2,2,16918.0,20511.0,19944.0,22915.0,23472.0,23016.0,4145.0,0.0,3260.0,1000.0,0.0,2286.0,1
9834,30000.0,2,3,1,41,-2,-2,-2,-2,-2,-2,0.0,18393.0,7501.0,11216.0,14333.0,0.0,18393.0,7501.0,11216.0,14387.0,0.0,0.0,0
9835,180000.0,2,1,2,42,-2,-2,-2,-2,-2,-2,177061.0,180778.0,3647.0,1593.0,1228.0,1006.0,8000.0,3653.0,32.0,0.0,1006.0,0.0,0
9838,180000.0,2,2,1,30,0,0,0,0,-1,-1,39259.0,41054.0,25590.0,5817.0,13623.0,-2202.0,3000.0,6000.0,1000.0,13623.0,388.0,77001.0,0
9861,190000.0,2,1,2,25,0,0,0,0,0,0,106223.0,103922.0,106082.0,95645.0,89762.0,91835.0,7500.0,16027.0,9000.0,2919.0,3220.0,22000.0,0
9877,80000.0,2,2,1,29,1,2,2,0,0,0,56340.0,57022.0,55081.0,55350.0,55906.0,57538.0,2600.0,0.0,2200.0,2028.0,3000.0,2200.0,0
9880,60000.0,2,1,2,26,0,0,0,0,0,0,41525.0,33907.0,27517.0,27506.0,28115.0,28815.0,1815.0,1760.0,1100.0,1052.0,1200.0,1100.0,0
9881,180000.0,1,1,2,23,2,2,2,2,2,2,157074.0,158088.0,166492.0,168487.0,172662.0,172027.0,5000.0,12552.0,6200.0,7000.0,2304.0,6180.0,1
9882,470000.0,1,2,2,29,0,0,0,0,0,0,59235.0,47091.0,34901.0,33953.0,34188.0,35444.0,3106.0,5017.0,3007.0,2001.0,2093.0,10076.0,0
9891,50000.0,1,1,2,42,-1,-1,0,0,0,0,12751.0,19660.0,14659.0,14951.0,14195.0,14471.0,22660.0,1300.0,519.0,518.0,515.0,528.0,0
9897,360000.0,1,2,2,33,-1,-1,-1,0,-1,-1,9582.0,2119.0,10549.0,4409.0,2567.0,6234.0,2139.0,10580.0,110.0,2578.0,6265.0,0.0,0
9898,200000.0,2,2,1,34,1,-1,-1,-1,0,0,2500.0,9814.0,0.0,4379.0,1699.0,0.0,9814.0,0.0,4379.0,0.0,0.0,0.0,1
9902,250000.0,2,1,2,28,2,2,2,0,0,0,21404.0,48774.0,28705.0,32017.0,19052.0,9847.0,28705.0,0.0,4000.0,3000.0,1500.0,1000.0,1
9913,200000.0,2,3,1,44,0,0,0,0,0,0,34760.0,37871.0,39879.0,42946.0,46141.0,46305.0,4000.0,3000.0,4000.0,4000.0,3000.0,3000.0,0
9919,100000.0,1,2,1,53,2,0,0,0,0,0,43611.0,45415.0,47053.0,47747.0,48459.0,49560.0,2500.0,2400.0,1845.0,2400.0,2500.0,0.0,1
9921,200000.0,1,3,2,34,1,2,2,3,2,2,138839.0,142121.0,193777.0,189225.0,192304.0,188695.0,7001.0,56100.0,5.0,7269.0,28.0,5828.0,0
9923,60000.0,1,1,1,38,2,2,2,0,0,0,59310.0,60482.0,58748.0,49375.0,38433.0,38378.0,2700.0,0.0,2100.0,1600.0,1600.0,1600.0,0
9926,200000.0,1,1,1,32,0,0,0,0,0,0,30144.0,32649.0,32425.0,32625.0,9687.0,5526.0,3000.0,1000.0,1000.0,400.0,1000.0,752.0,0
9930,160000.0,2,1,2,32,1,-2,-2,-2,-2,-2,0.0,0.0,0.0,0.0,0.0,0.0,0.0,0.0,0.0,0.0,0.0,0.0,0
9932,220000.0,2,1,2,32,-2,-2,-2,-2,-2,-2,21332.0,27844.0,33260.0,9142.0,15687.0,9148.0,28567.0,34393.0,9203.0,15765.0,9194.0,11317.0,0
9935,50000.0,2,2,1,25,-1,0,0,0,0,0,42726.0,43072.0,34984.0,30090.0,23820.0,18012.0,3941.0,1432.0,1000.0,2000.0,2036.0,404.0,1
9936,50000.0,1,3,1,38,0,0,0,0,0,0,10825.0,11377.0,10760.0,10973.0,10693.0,9888.0,1500.0,1155.0,368.0,372.0,356.0,500.0,0
9944,160000.0,2,2,1,33,0,0,0,0,0,0,189935.0,183501.0,175363.0,172417.0,165800.0,158671.0,8113.0,6395.0,10000.0,6160.0,5772.0,5854.0,0
9948,180000.0,2,1,2,29,0,0,0,0,0,0,123154.0,126078.0,78070.0,50730.0,48039.0,47665.0,5200.0,3045.0,3500.0,2700.0,2720.0,2000.0,0
9958,30000.0,2,2,1,33,2,0,0,2,2,0,31947.0,31564.0,34804.0,33808.0,31740.0,31135.0,1872.0,5550.0,1238.0,0.0,1515.0,4665.0,1
9963,20000.0,1,2,2,55,2,2,2,2,-2,-2,11736.0,11180.0,780.0,0.0,0.0,0.0,780.0,0.0,0.0,0.0,0.0,0.0,0
9967,170000.0,2,3,2,33,0,0,0,0,0,0,166348.0,162319.0,165592.0,167482.0,171106.0,164042.0,7354.0,7464.0,6127.0,6550.0,6100.0,10000.0,0
9973,300000.0,2,1,2,39,-1,-1,-2,-2,-2,-2,2019.0,-1.0,-1.0,-1.0,-1.0,-1.0,1.0,0.0,0.0,0.0,0.0,2774.0,1
9977,110000.0,2,1,2,32,1,-1,0,0,0,-2,0.0,1670.0,11693.0,7903.0,-18.0,-18.0,1670.0,10200.0,0.0,0.0,0.0,0.0,0
9994,120000.0,2,2,1,29,-1,-1,-1,-1,-1,-1,7778.0,3157.0,5456.0,0.0,2777.0,0.0,3179.0,5463.0,0.0,2777.0,0.0,0.0,1
10005,200000.0,2,3,2,45,1,-2,-2,-2,-1,0,666.0,1928.0,-15.0,1753.0,4717.0,1230.0,1937.0,0.0,1768.0,6137.0,0.0,27.0,0
10007,170000.0,1,2,2,35,0,0,0,0,0,2,115634.0,118823.0,120475.0,109993.0,115151.0,112232.0,5935.0,6040.0,4000.0,8000.0,0.0,4320.0,0
10009,360000.0,2,1,1,48,1,-1,-1,-2,-2,-2,491.0,3670.0,-114.0,-200.0,-200.0,-200.0,3700.0,0.0,0.0,0.0,0.0,0.0,1
10016,150000.0,1,2,2,30,-1,-1,-1,-1,-1,-1,8821.0,5943.0,6569.0,24604.0,4878.0,1477.0,5964.0,6588.0,24677.0,4896.0,1477.0,4303.0,0
10018,360000.0,2,1,2,47,1,2,0,0,2,0,366577.0,345484.0,354469.0,187836.0,186172.0,189759.0,0.0,14148.0,11500.0,0.0,5324.0,5500.0,0
10019,170000.0,1,2,2,43,0,0,0,0,0,0,136485.0,87236.0,79244.0,59144.0,60228.0,61578.0,3602.0,3903.0,2265.0,2188.0,2353.0,2411.0,0
10020,50000.0,1,1,2,26,0,0,0,0,0,2,44838.0,45894.0,47121.0,45625.0,49367.0,46001.0,1769.0,1996.0,1800.0,4603.0,0.0,1486.0,1
10026,50000.0,2,2,2,24,0,0,0,0,0,0,48600.0,47819.0,48527.0,39147.0,38314.0,37758.0,2200.0,1889.0,1510.0,1400.0,1700.0,2000.0,1
10044,50000.0,1,2,1,50,0,0,0,0,0,0,6449.0,7314.0,8474.0,8488.0,8665.0,8843.0,1129.0,1289.0,303.0,313.0,321.0,472.0,0
10046,50000.0,2,2,1,39,0,0,0,0,0,0,42822.0,43872.0,25400.0,24202.0,25904.0,27567.0,2000.0,2000.0,1000.0,2000.0,2000.0,2000.0,0
10047,130000.0,1,2,2,31,0,0,0,0,0,0,5551.0,6953.0,8176.0,8884.0,9737.0,11404.0,1500.0,1500.0,1000.0,1000.0,2000.0,2000.0,1
10052,70000.0,2,3,2,24,0,0,0,0,-1,0,65429.0,67513.0,67767.0,69275.0,1058.0,48376.0,3136.0,2076.0,2243.0,1058.0,48000.0,2000.0,0
10056,240000.0,2,1,2,35,0,0,0,0,0,0,18336.0,19648.0,11138.0,11481.0,18265.0,4365.0,5118.0,5015.0,5000.0,10000.0,2000.0,5326.0,0
10062,50000.0,2,3,1,61,0,0,0,2,0,0,38158.0,35961.0,37417.0,24663.0,24655.0,26088.0,2220.0,2943.0,0.0,887.0,2000.0,716.0,0
10071,360000.0,2,1,1,56,0,-1,-1,-2,-2,-1,60206.0,7690.0,0.0,0.0,0.0,6232.0,7690.0,0.0,0.0,0.0,6232.0,158.0,0
10073,360000.0,1,1,2,33,-1,-1,-1,-1,-1,-1,845.0,-4.0,831.0,899.0,1172.0,820.0,0.0,835.0,899.0,1172.0,820.0,670.0,0
10084,30000.0,2,2,2,23,2,2,2,0,0,2,19674.0,21050.0,20414.0,22008.0,23480.0,23777.0,2000.0,0.0,1934.0,1824.0,830.0,0.0,0
10097,30000.0,1,1,2,24,0,0,0,0,0,0,28749.0,29457.0,29530.0,28433.0,21365.0,0.0,2004.0,2169.0,1260.0,819.0,0.0,0.0,0
10098,90000.0,2,2,1,33,0,0,0,2,2,2,76395.0,79168.0,84904.0,87914.0,90043.0,91534.0,4000.0,8000.0,5348.0,3700.0,3128.0,0.0,0
10100,240000.0,2,1,2,28,1,-1,-1,-1,-1,-1,0.0,1748.0,0.0,14944.0,968.0,10408.0,1748.0,0.0,14944.0,968.0,10408.0,0.0,1
10105,30000.0,2,2,1,51,0,0,0,0,0,0,16883.0,17909.0,18920.0,19297.0,19699.0,20091.0,1303.0,1314.0,691.0,713.0,718.0,742.0,0
10115,50000.0,1,2,2,29,0,0,0,0,0,0,23236.0,19132.0,15138.0,14036.0,14752.0,15445.0,1660.0,1065.0,5000.0,5000.0,5000.0,2000.0,0
10139,140000.0,2,2,2,34,0,0,2,2,2,0,27098.0,29832.0,29354.0,30609.0,29981.0,30581.0,3485.0,300.0,2038.0,0.0,1100.0,2570.0,1
10142,50000.0,2,1,2,23,0,0,0,0,0,0,18975.0,19763.0,21081.0,21432.0,21933.0,22569.0,1400.0,1649.0,1000.0,1000.0,1000.0,1200.0,0
10145,160000.0,2,3,2,54,1,-2,-2,-1,-1,-2,0.0,0.0,0.0,1690.0,0.0,0.0,0.0,0.0,1690.0,0.0,0.0,0.0,0
10148,20000.0,2,3,2,35,0,0,0,2,0,0,10704.0,11352.0,13297.0,12418.0,12581.0,12305.0,1517.0,2852.0,0.0,500.0,700.0,500.0,0
10149,50000.0,2,2,1,47,0,0,0,0,2,2,47500.0,46937.0,44681.0,47537.0,46644.0,49765.0,2700.0,2000.0,3600.0,0.0,3890.0,0.0,0
10152,60000.0,2,2,2,48,2,3,2,3,2,2,60717.0,59183.0,62075.0,60501.0,61808.0,60668.0,0.0,4500.0,0.0,2400.0,0.0,2200.0,1
10158,440000.0,1,1,2,35,0,0,0,0,0,0,421895.0,413687.0,420892.0,352705.0,359770.0,351535.0,15100.0,16076.0,12445.0,13183.0,12874.0,12146.0,1
10160,20000.0,1,3,2,24,0,0,0,0,0,-2,14628.0,16391.0,18045.0,18055.0,0.0,0.0,3000.0,2000.0,1000.0,0.0,0.0,0.0,0
10170,70000.0,2,2,2,26,0,0,2,0,0,0,28986.0,30609.0,31301.0,31980.0,32813.0,33614.0,2400.0,1500.0,1500.0,1500.0,1500.0,1500.0,0
10171,330000.0,2,1,2,28,1,-2,-2,-2,-2,-2,0.0,1056.0,2006.0,-2.0,1683.0,1382.0,1056.0,2014.0,0.0,1685.0,1388.0,967.0,0
10178,60000.0,2,2,1,30,0,0,0,0,0,0,36082.0,37127.0,38117.0,38874.0,38667.0,39544.0,1628.0,1618.0,1375.0,1403.0,1520.0,1205.0,0
10180,210000.0,2,1,2,30,1,-2,-2,-1,-1,-1,0.0,0.0,0.0,830.0,0.0,10533.0,0.0,0.0,830.0,0.0,10533.0,13877.0,0
10184,30000.0,1,2,1,39,1,2,2,0,0,2,22595.0,24928.0,24230.0,26811.0,28702.0,28092.0,3000.0,0.0,3000.0,2327.0,0.0,1200.0,1
10187,50000.0,2,1,2,22,2,2,2,0,0,0,41632.0,44069.0,37395.0,32284.0,32805.0,33751.0,3509.0,0.0,1302.0,1191.0,1492.0,1949.0,1
10194,110000.0,2,2,1,28,0,0,0,0,0,2,66831.0,62435.0,59977.0,59411.0,55112.0,45025.0,3021.0,2800.0,2710.0,5227.0,0.0,1900.0,0
10196,180000.0,2,1,2,34,-1,-1,-2,-2,-2,-2,1599.0,0.0,0.0,0.0,0.0,0.0,0.0,0.0,0.0,0.0,0.0,0.0,0
10200,50000.0,1,1,2,25,-1,-1,-1,-1,-1,-1,910.0,1597.0,997.0,-3.0,999.0,491.0,1607.0,1000.0,0.0,1002.0,492.0,3243.0,0
10206,350000.0,2,1,1,46,0,0,0,0,0,-1,102060.0,86242.0,63012.0,47172.0,19482.0,125875.0,10069.0,5631.0,20036.0,5000.0,125000.0,3000.0,0
10211,90000.0,2,2,2,31,0,0,0,2,2,2,23418.0,24443.0,26695.0,25967.0,26946.0,28346.0,1408.0,2660.0,0.0,1400.0,2000.0,1200.0,0
10213,50000.0,1,3,1,41,2,2,2,0,0,0,31303.0,35716.0,30087.0,29610.0,40736.0,25690.0,5700.0,0.0,1000.0,12000.0,2000.0,900.0,0
10214,220000.0,2,1,2,30,1,2,-1,-1,0,-1,29007.0,23428.0,339.0,207.0,207.0,12890.0,0.0,339.0,500.0,0.0,12999.0,0.0,0
10216,30000.0,1,3,1,52,2,3,2,0,0,0,31521.0,30749.0,29506.0,29106.0,29106.0,29700.0,0.0,0.0,0.0,0.0,594.0,0.0,0
10217,80000.0,2,3,1,46,2,0,0,0,-1,-1,58934.0,52253.0,34721.0,5544.0,9318.0,7298.0,2254.0,2086.0,19.0,9346.0,7319.0,1352.0,1
10219,80000.0,2,2,1,46,0,0,-1,0,0,0,4742.0,3913.0,6383.0,5016.0,1760.0,2783.0,1277.0,6387.0,102.0,35.0,1850.0,6099.0,0
10220,50000.0,1,3,2,25,0,0,0,0,0,0,45943.0,45922.0,34514.0,23610.0,21760.0,6398.0,1818.0,1400.0,472.0,435.0,128.0,25518.0,0
10221,60000.0,1,1,3,47,0,-1,-1,0,0,0,49689.0,2497.0,59271.0,28101.0,29724.0,25664.0,3007.0,59274.0,1500.0,2013.0,1000.0,1000.0,0
10223,80000.0,2,3,2,26,0,0,0,0,0,0,78513.0,76475.0,80131.0,75920.0,75421.0,73991.0,3000.0,5000.0,3500.0,8000.0,3000.0,3200.0,0
10225,80000.0,2,3,3,60,0,0,0,0,0,2,30959.0,15774.0,9365.0,6515.0,6845.0,5789.0,1458.0,1230.0,250.0,800.0,0.0,300.0,0
10239,50000.0,1,1,1,49,0,0,0,0,0,0,50430.0,46924.0,48351.0,28442.0,29481.0,30232.0,2500.0,2500.0,1500.0,1500.0,1256.0,1018.0,0
10240,60000.0,1,2,2,24,0,0,2,0,0,0,57480.0,60491.0,57187.0,57619.0,57033.0,58493.0,4207.0,1000.0,1690.0,1473.0,2354.0,2009.0,0
10245,50000.0,1,3,1,38,0,0,0,0,0,0,31304.0,33479.0,34617.0,35735.0,37154.0,38380.0,3000.0,2000.0,2000.0,2000.0,2000.0,2000.0,0
10247,180000.0,1,2,1,35,0,0,0,0,0,0,95757.0,76696.0,77720.0,79430.0,81098.0,82791.0,3400.0,2900.0,3000.0,3100.0,3200.0,7300.0,0
10251,50000.0,1,2,2,26,1,-2,-2,-2,-2,-2,0.0,0.0,0.0,0.0,0.0,0.0,0.0,0.0,0.0,0.0,0.0,0.0,0
10255,160000.0,1,2,1,41,0,0,-2,-2,-2,-2,2524.0,0.0,0.0,0.0,0.0,0.0,0.0,0.0,0.0,0.0,0.0,0.0,1
10260,100000.0,2,1,2,25,-1,-1,-1,-1,-1,-1,9424.0,1259.0,586.0,3195.0,3732.0,42605.0,1259.0,586.0,3195.0,3732.0,42605.0,30583.0,0
10277,500000.0,2,2,1,34,0,0,0,0,0,0,60278.0,56247.0,46940.0,45607.0,41412.0,31200.0,1745.0,1635.0,2000.0,3450.0,3000.0,2000.0,0
10278,30000.0,2,3,1,35,0,0,0,0,0,0,23697.0,20523.0,20762.0,22535.0,22622.0,11400.0,3000.0,3102.0,3008.0,3136.0,1103.0,0.0,0
10284,140000.0,2,1,1,33,0,0,0,0,0,0,27234.0,20191.0,26276.0,26847.0,21713.0,22143.0,1389.0,12000.0,915.0,788.0,791.0,821.0,0
10289,150000.0,2,3,1,33,0,0,0,0,0,-1,21112.0,13155.0,14534.0,3334.0,318.0,1963.0,5000.0,4500.0,3300.0,300.0,2029.0,16368.0,0
10292,210000.0,1,2,2,25,0,0,0,0,0,0,96518.0,35523.0,34809.0,25199.0,25395.0,25692.0,1681.0,1409.0,886.0,912.0,1035.0,900.0,0
10295,180000.0,2,3,2,29,-2,-2,-2,-2,-2,-2,0.0,0.0,0.0,0.0,0.0,0.0,0.0,0.0,0.0,0.0,0.0,0.0,0
10297,50000.0,2,2,2,23,0,0,0,0,0,0,48529.0,44669.0,45684.0,46592.0,47568.0,48907.0,1743.0,1758.0,1666.0,1725.0,2128.0,1374.0,0
10304,210000.0,2,1,1,51,-1,-1,-2,-2,-2,-2,1900.0,0.0,0.0,0.0,0.0,0.0,0.0,0.0,0.0,0.0,0.0,0.0,0
10305,100000.0,2,2,2,23,0,0,0,0,0,2,85435.0,85957.0,86295.0,86945.0,94526.0,91630.0,3143.0,3052.0,3264.0,10398.0,0.0,3390.0,0
10307,190000.0,2,3,1,54,-1,-1,-2,-2,-2,-2,88.0,-468.0,-1024.0,-1397.0,-1953.0,-825.0,0.0,0.0,1580.0,556.0,2047.0,7932.0,0
10317,20000.0,2,3,2,23,0,0,2,2,2,2,13884.0,16344.0,15784.0,17517.0,17097.0,18654.0,3000.0,0.0,2000.0,0.0,2000.0,0.0,1
10323,20000.0,1,2,2,25,1,2,0,0,0,0,15863.0,14498.0,15064.0,13605.0,11844.0,10152.0,0.0,1157.0,574.0,423.0,374.0,648.0,0
10331,90000.0,2,1,2,32,1,2,2,0,0,0,32226.0,33255.0,32426.0,32763.0,33602.0,34193.0,1839.0,0.0,1176.0,1367.0,1300.0,4337.0,1
10336,50000.0,2,2,1,45,0,0,0,0,0,0,49073.0,12630.0,9215.0,9215.0,8011.0,5615.0,2022.0,2000.0,0.0,1000.0,1904.0,1664.0,0
10344,410000.0,2,1,1,53,-1,-1,-1,-1,-1,-1,4213.0,187.0,7884.0,1842.0,1129.0,7592.0,187.0,7898.0,1842.0,1129.0,7592.0,0.0,0
10352,20000.0,2,2,2,24,0,0,0,0,0,0,19096.0,20087.0,16752.0,15017.0,13754.0,4699.0,1335.0,5000.0,370.0,350.0,176.0,94.0,0
10354,20000.0,1,2,2,43,2,0,0,2,2,2,9286.0,10176.0,12298.0,11809.0,12333.0,11986.0,1200.0,2300.0,0.0,1015.0,0.0,1900.0,1
10364,80000.0,2,2,2,28,0,0,0,2,2,2,44739.0,46708.0,49611.0,50496.0,51543.0,50563.0,3000.0,4000.0,2000.0,2000.0,0.0,5000.0,0
10365,180000.0,2,2,1,41,2,0,0,0,0,0,106944.0,78405.0,47542.0,44952.0,24904.0,26825.0,3500.0,2000.0,1500.0,2000.0,3000.0,3000.0,0
10369,290000.0,2,2,1,39,-1,-1,-1,-1,-1,-1,316.0,316.0,316.0,316.0,316.0,297.0,316.0,316.0,316.0,316.0,297.0,2828.0,0
10370,100000.0,2,2,1,58,2,2,0,0,0,0,87851.0,85594.0,87095.0,88357.0,77155.0,80108.0,0.0,3300.0,2839.0,3000.0,4000.0,2000.0,1
10371,360000.0,2,1,1,37,-1,-1,-1,0,0,-1,4644.0,1417.0,3588.0,2589.0,1549.0,1278.0,1417.0,3588.0,0.0,0.0,1278.0,1998.0,0
10379,90000.0,2,2,1,49,-2,-2,-2,-2,-2,-2,316.0,714.0,1443.0,13982.0,4105.0,1594.0,714.0,1443.0,13982.0,4105.0,1765.0,2000.0,0
10382,50000.0,2,2,2,29,0,0,0,0,0,0,48517.0,49391.0,27780.0,28585.0,28130.0,29005.0,3000.0,2000.0,1200.0,1000.0,1300.0,1000.0,0
10385,60000.0,1,1,1,34,0,0,0,0,0,0,37749.0,38785.0,39803.0,40837.0,41783.0,42689.0,1948.0,1966.0,2000.0,1600.0,1600.0,1600.0,0
10402,200000.0,1,1,1,32,-1,-1,-1,-2,-1,-1,1727.0,1796.0,-4.0,-4.0,1565.0,1686.0,1809.0,0.0,0.0,1569.0,1691.0,0.0,0
10413,90000.0,2,2,1,27,1,-2,-2,-2,-2,-2,0.0,0.0,0.0,0.0,0.0,0.0,0.0,0.0,0.0,0.0,0.0,0.0,0
10418,170000.0,2,2,1,33,-2,-2,-2,-2,-2,-2,4018.0,6302.0,6844.0,1467.0,4797.0,2659.0,6330.0,6844.0,1467.0,9594.0,2659.0,7076.0,0
10428,100000.0,2,2,1,49,-2,-2,-2,-2,-2,-2,1261.0,1261.0,1261.0,390.0,390.0,390.0,1261.0,1261.0,390.0,390.0,390.0,0.0,0
10436,100000.0,2,2,1,33,0,0,0,0,0,2,70096.0,71667.0,73043.0,73928.0,80682.0,77485.0,3300.0,3200.0,2650.0,9000.0,0.0,3100.0,0
10440,330000.0,2,2,1,27,1,-2,-2,-2,-2,-2,0.0,0.0,0.0,0.0,0.0,0.0,0.0,0.0,0.0,0.0,0.0,0.0,1
10441,200000.0,1,1,1,38,-1,-1,-1,-1,-2,-2,3048.0,0.0,100000.0,0.0,0.0,0.0,0.0,100000.0,0.0,0.0,0.0,0.0,0
10457,80000.0,2,3,1,50,-1,0,0,2,2,2,67328.0,69356.0,73445.0,74645.0,73330.0,78032.0,3113.0,5850.0,3000.0,0.0,6103.0,0.0,1
10462,220000.0,2,1,1,36,-1,-1,-1,-2,-1,-1,307.0,191.0,-125.0,-441.0,10243.0,9927.0,200.0,0.0,0.0,11000.0,10000.0,11000.0,0
10469,240000.0,2,2,2,28,0,0,0,0,0,0,121109.0,124460.0,126384.0,126917.0,90822.0,83742.0,6000.0,5000.0,4000.0,4000.0,4000.0,3000.0,0
10470,80000.0,2,3,2,54,0,-1,-1,0,0,0,60980.0,1541.0,4822.0,4918.0,5188.0,5797.0,1541.0,4822.0,324.0,500.0,700.0,500.0,0
10472,420000.0,2,1,1,32,0,0,0,0,0,0,45465.0,46232.0,31233.0,22768.0,22588.0,22172.0,1706.0,1401.0,804.0,852.0,0.0,8100.0,0
10473,220000.0,2,2,1,41,2,0,0,2,0,0,27094.0,27819.0,30363.0,29579.0,48933.0,97187.0,1465.0,3009.0,0.0,20000.0,50000.0,1240.0,0
10480,200000.0,1,5,2,40,2,0,0,0,0,0,58118.0,205712.0,194265.0,139360.0,82750.0,0.0,150000.0,7673.0,5000.0,5000.0,0.0,0.0,0
10490,200000.0,2,2,1,31,1,2,0,0,0,0,153829.0,153229.0,148438.0,143121.0,141466.0,128846.0,7022.0,6700.0,5500.0,6000.0,9800.0,0.0,0
10491,50000.0,2,6,2,33,2,0,0,0,0,0,50786.0,50450.0,45210.0,29917.0,17859.0,0.0,2034.0,1251.0,848.0,872.0,0.0,0.0,0
10501,70000.0,1,2,2,32,0,0,0,0,0,0,66982.0,68817.0,60607.0,28622.0,24485.0,18419.0,3036.0,2264.0,858.0,797.0,814.0,2003.0,0
10507,20000.0,2,2,2,22,0,0,2,2,2,2,15189.0,17802.0,17219.0,18377.0,17941.0,19572.0,2869.0,0.0,1444.0,0.0,1933.0,0.0,1
10508,360000.0,2,1,2,34,1,-2,-2,-2,-2,-2,0.0,0.0,0.0,0.0,0.0,0.0,0.0,0.0,0.0,0.0,0.0,0.0,1
10509,140000.0,1,1,2,29,0,0,0,0,0,0,29785.0,32140.0,34002.0,23567.0,24377.0,4327.0,4000.0,3000.0,3000.0,1000.0,1000.0,2000.0,0
10511,100000.0,2,1,1,35,0,0,2,0,0,0,98899.0,102435.0,98188.0,97189.0,97013.0,96950.0,8800.0,0.0,3600.0,3500.0,3700.0,3443.0,1
10514,290000.0,2,1,1,39,-2,-2,-2,-2,-2,-2,79298.0,-40.0,122380.0,0.0,32720.0,-200.0,0.0,122420.0,0.0,32720.0,200.0,0.0,0
10517,350000.0,2,2,2,33,0,0,0,0,0,0,293303.0,338272.0,177483.0,182381.0,194678.0,215024.0,50070.0,10000.0,8000.0,15036.0,30050.0,8110.0,0
10529,50000.0,2,2,1,34,1,2,0,0,0,0,49378.0,48052.0,48573.0,28902.0,28205.0,30388.0,0.0,2033.0,1119.0,985.0,2000.0,4000.0,0
10534,10000.0,2,3,1,52,2,2,2,2,2,2,3475.0,4366.0,4148.0,4579.0,4360.0,4787.0,1100.0,0.0,500.0,0.0,500.0,0.0,0
10543,410000.0,1,1,2,33,-2,-2,-2,-1,-1,-1,333.0,333.0,333.0,1019.0,2218.0,1216.0,333.0,333.0,1019.0,2218.0,1216.0,1019.0,0
10550,300000.0,1,2,1,66,0,0,0,0,0,0,259513.0,257866.0,261088.0,257288.0,256369.0,212395.0,10000.0,15000.0,9500.0,11000.0,9000.0,6000.0,1
10552,220000.0,1,1,1,36,-1,-1,-2,-2,-2,-2,769.0,0.0,0.0,0.0,0.0,0.0,0.0,0.0,0.0,0.0,0.0,863.0,0
10571,360000.0,2,1,1,40,-1,-1,-2,-1,-1,-1,10210.0,-1814.0,-11035.0,12319.0,6050.0,2125.0,0.0,0.0,32319.0,6050.0,2125.0,35860.0,0
10580,360000.0,2,1,2,31,-2,-2,-2,-2,-2,-2,12521.0,18746.0,47535.0,186.0,38169.0,2665.0,18843.0,48271.0,187.0,38359.0,2678.0,6169.0,0
10582,90000.0,2,1,2,24,0,0,0,0,0,0,85365.0,88054.0,90370.0,26420.0,27398.0,28295.0,4054.0,4444.0,1420.0,1398.0,1345.0,3265.0,0
10588,500000.0,2,1,2,27,0,0,0,0,0,0,78335.0,61234.0,55446.0,47208.0,32019.0,22318.0,2315.0,2599.0,1500.0,2019.0,1200.0,1784.0,0
10598,100000.0,1,3,1,30,2,2,2,2,0,0,68436.0,66783.0,74555.0,72759.0,74131.0,75603.0,0.0,9557.0,0.0,2700.0,2707.0,3120.0,1
10601,180000.0,2,3,1,51,1,-1,2,2,0,-1,0.0,31.0,31.0,31.0,1931.0,878.0,31.0,0.0,0.0,1900.0,878.0,0.0,1
10604,50000.0,2,3,1,43,-1,-1,-1,-1,-1,-1,6748.0,1366.0,1173.0,1473.0,1473.0,1623.0,1366.0,1173.0,1773.0,1473.0,1623.0,946.0,0
10614,360000.0,1,2,1,26,-2,-1,-1,-2,-2,-2,0.0,2500.0,0.0,0.0,0.0,0.0,2500.0,0.0,0.0,0.0,0.0,0.0,0
10622,20000.0,2,1,2,24,0,0,0,0,0,0,24146.0,25374.0,19075.0,18907.0,18507.0,20046.0,2024.0,2000.0,1005.0,1188.0,2002.0,1015.0,0
10631,180000.0,1,1,1,46,-1,3,2,-1,-1,-1,780.0,780.0,390.0,390.0,390.0,540.0,0.0,0.0,390.0,390.0,540.0,390.0,0
10639,310000.0,2,2,2,24,0,0,0,0,0,0,203519.0,182513.0,161002.0,139275.0,120762.0,102598.0,6373.0,5600.0,5000.0,4500.0,3500.0,2816.0,0
10640,100000.0,1,1,2,25,0,0,0,0,0,0,18883.0,20272.0,22577.0,21037.0,22373.0,23352.0,2000.0,3000.0,1000.0,2000.0,1500.0,1000.0,0
10645,500000.0,1,1,1,37,-1,-1,-1,-1,-1,-1,37443.0,24110.0,28593.0,22707.0,23495.0,40283.0,24197.0,28832.0,22784.0,23536.0,40542.0,12169.0,0
10653,50000.0,1,2,1,25,0,0,0,0,0,0,43259.0,35307.0,23096.0,18970.0,19514.0,20038.0,1405.0,1366.0,1000.0,1000.0,1000.0,600.0,0
10659,50000.0,2,3,2,43,-1,-1,-1,-2,-2,-2,150.0,809.0,-60.0,-210.0,-360.0,-510.0,809.0,0.0,0.0,0.0,0.0,0.0,0
10663,70000.0,1,1,2,40,2,2,0,0,0,2,45740.0,44727.0,45738.0,48977.0,52191.0,53242.0,0.0,1750.0,4000.0,4000.0,2060.0,2200.0,1
10683,480000.0,2,1,2,33,0,0,0,0,0,0,118986.0,62137.0,79556.0,97836.0,96299.0,88757.0,30000.0,30276.0,30000.0,30000.0,15000.0,15000.0,0
10690,50000.0,2,1,2,27,-1,-1,-1,-1,-1,-1,451.0,-49.0,6258.0,1032.0,2766.0,1401.0,0.0,6307.0,1035.0,3164.0,1405.0,1507.0,0
10699,200000.0,2,1,1,39,1,-2,-2,-2,-2,-2,0.0,0.0,0.0,0.0,0.0,0.0,0.0,0.0,0.0,0.0,0.0,0.0,1
10703,50000.0,2,2,2,25,0,0,0,0,-2,-2,40407.0,31811.0,13898.0,0.0,0.0,0.0,1814.0,1000.0,0.0,0.0,0.0,0.0,0
10709,230000.0,2,2,2,30,0,0,0,0,0,0,112402.0,116273.0,118467.0,108826.0,100862.0,92481.0,6000.0,6000.0,4000.0,4000.0,3500.0,4000.0,0
10712,80000.0,1,2,1,49,0,0,0,0,0,0,71775.0,68083.0,50642.0,47283.0,42340.0,40223.0,2911.0,1920.0,1541.0,1502.0,1619.0,1472.0,0
10720,140000.0,1,5,2,26,0,0,0,0,0,0,136953.0,133265.0,82163.0,83238.0,85383.0,86615.0,6350.0,2900.0,2950.0,4000.0,3576.0,2200.0,0
10726,290000.0,2,2,1,33,0,0,0,0,0,0,117275.0,110481.0,107735.0,100195.0,84268.0,76356.0,3700.0,4005.0,4000.0,3000.0,2928.0,2000.0,0
10733,260000.0,2,5,2,32,0,0,0,0,0,0,169734.0,168207.0,155963.0,148701.0,141039.0,143838.0,6568.0,6025.0,5703.0,5123.0,5148.0,5368.0,1
10752,20000.0,1,2,2,26,0,0,0,0,0,0,18626.0,20296.0,18902.0,38250.0,19709.0,19774.0,2000.0,1308.0,683.0,1472.0,714.0,357.0,1
10755,220000.0,1,1,2,31,-2,-2,-2,-2,-2,-2,2828.0,2828.0,2828.0,2828.0,2828.0,3013.0,2828.0,2828.0,2828.0,2828.0,3013.0,2828.0,0
10759,70000.0,2,2,1,51,2,2,2,2,2,2,43913.0,44911.0,45772.0,46611.0,47508.0,48476.0,2000.0,1900.0,1900.0,1800.0,1900.0,1900.0,0
10765,50000.0,2,1,2,24,0,0,2,0,0,0,52227.0,55264.0,52028.0,32140.0,32216.0,31482.0,5350.0,0.0,1085.0,2000.0,1226.0,2415.0,0
10766,10000.0,1,2,2,23,2,0,0,0,0,0,8206.0,6828.0,9694.0,9888.0,10094.0,9762.0,1134.0,3000.0,345.0,356.0,425.0,194.0,0
10769,500000.0,1,1,1,41,2,0,0,0,0,0,564757.0,572834.0,430774.0,437950.0,447203.0,456453.0,19850.0,17200.0,15853.0,17000.0,17000.0,15740.0,1
10770,50000.0,2,2,1,42,0,0,0,0,0,0,49401.0,47828.0,48416.0,20098.0,20130.0,20158.0,2100.0,2000.0,702.0,718.0,730.0,632.0,0
10774,50000.0,1,2,2,22,-1,0,0,2,0,0,5696.0,6723.0,8619.0,8334.0,8510.0,8728.0,1277.0,2173.0,0.0,459.0,513.0,161.0,0
10789,40000.0,1,2,2,27,0,0,0,0,0,0,38561.0,38614.0,39951.0,40552.0,38935.0,40187.0,1700.0,2000.0,1526.0,1500.0,1900.0,1400.0,0
10790,60000.0,1,2,2,24,0,0,0,0,0,2,60753.0,54892.0,59268.0,17967.0,20309.0,17867.0,2800.0,6100.0,621.0,2609.0,0.0,756.0,0
10794,210000.0,1,2,1,30,0,0,0,2,0,0,85988.0,88410.0,93234.0,90571.0,94653.0,142549.0,5000.0,7500.0,0.0,6000.0,50000.0,0.0,1
10795,20000.0,2,2,2,35,0,0,2,0,0,0,16528.0,19347.0,18600.0,19000.0,19000.0,20000.0,3400.0,0.0,1000.0,0.0,1000.0,0.0,0
10800,50000.0,2,3,1,29,0,0,0,0,0,0,45561.0,47322.0,49054.0,7378.0,8103.0,8963.0,2500.0,3125.0,417.0,1000.0,1000.0,500.0,0
10812,180000.0,2,2,1,41,-2,-2,-2,-2,-2,-2,21450.0,0.0,6980.0,10628.0,9920.0,6205.0,0.0,6980.0,10628.0,9920.0,6205.0,6381.0,0
10823,140000.0,2,1,2,27,2,2,2,2,2,2,94903.0,96912.0,98015.0,99155.0,100979.0,99251.0,4400.0,3600.0,3600.0,3500.0,0.0,3470.0,1
10832,80000.0,2,1,1,36,-1,-1,-1,-1,-1,-1,1069.0,1460.0,4337.0,0.0,2649.0,708.0,2000.0,4507.0,999.0,2649.0,787.0,288.0,0
10833,110000.0,2,2,2,28,0,0,0,0,0,0,105080.0,107420.0,107325.0,108545.0,105341.0,106822.0,5540.0,5361.0,4500.0,4000.0,4500.0,4100.0,0
10836,160000.0,2,1,2,36,1,2,0,0,0,0,163897.0,116343.0,118552.0,119376.0,122039.0,121841.0,0.0,5677.0,4197.0,4509.0,4412.0,4228.0,0
10840,360000.0,2,2,2,34,0,0,0,0,0,0,277569.0,246380.0,236139.0,241056.0,246297.0,246072.0,10500.0,8500.0,8750.0,9200.0,9800.0,8700.0,0
10846,500000.0,1,1,1,41,-1,-1,-1,-2,-1,-1,719.0,1550.0,-50.0,-50.0,10037.0,79.0,1558.0,0.0,0.0,10087.0,79.0,471.0,0
10848,180000.0,2,3,2,28,0,0,0,0,0,0,176802.0,179271.0,180382.0,132104.0,129772.0,124734.0,6963.0,6208.0,3749.0,4365.0,4517.0,177.0,0
10873,480000.0,2,3,1,42,-2,-2,-2,-2,-2,-2,7245.0,0.0,0.0,0.0,790.0,0.0,0.0,0.0,0.0,790.0,0.0,0.0,0
10874,60000.0,1,2,1,46,2,0,0,0,0,0,59748.0,60684.0,59532.0,30193.0,27726.0,26520.0,2500.0,2108.0,1008.0,1160.0,2000.0,4000.0,1
10881,50000.0,2,2,1,23,0,0,0,0,-1,0,50643.0,50199.0,23986.0,-17250.0,20129.0,20502.0,2741.0,2079.0,2177.0,41608.0,713.0,837.0,0
10889,210000.0,2,1,2,26,0,0,0,0,0,0,129882.0,131991.0,134515.0,134141.0,137667.0,126127.0,6000.0,6000.0,3000.0,5000.0,5000.0,3000.0,0
10896,630000.0,2,1,2,29,0,0,0,0,0,0,497106.0,497921.0,490093.0,435019.0,329476.0,338557.0,15868.0,12371.0,26454.0,8510.0,11039.0,5390.0,1
10908,150000.0,1,1,2,30,2,2,2,2,2,2,17352.0,21338.0,20304.0,21585.0,20718.0,22813.0,5000.0,0.0,2000.0,0.0,3000.0,0.0,1
10909,150000.0,2,1,2,30,0,0,2,0,-1,-1,14883.0,12683.0,2700.0,1500.0,18439.0,1381.0,4908.0,0.0,0.0,18439.0,1381.0,0.0,0
10917,10000.0,2,3,2,22,0,0,0,-1,-1,2,7572.0,8520.0,6118.0,245.0,10274.0,9963.0,1118.0,1020.0,250.0,10300.0,0.0,200.0,0
10921,500000.0,2,1,2,32,-2,-2,-2,-2,-2,-2,0.0,0.0,973.0,229.0,3330.0,7980.0,0.0,973.0,229.0,3330.0,7980.0,538.0,1
10926,360000.0,1,2,1,46,1,-2,-2,-2,-2,-2,5800.0,0.0,0.0,0.0,0.0,0.0,0.0,0.0,0.0,0.0,0.0,76873.0,0
10930,50000.0,1,1,2,22,0,0,0,0,0,0,13444.0,14819.0,15967.0,16599.0,17329.0,17888.0,1600.0,1700.0,1200.0,1000.0,1000.0,1000.0,0
10934,330000.0,2,1,2,24,0,0,0,0,0,0,341499.0,334929.0,317997.0,274132.0,267622.0,261246.0,12500.0,10882.0,9902.0,10000.0,10000.0,17629.0,0
10939,250000.0,2,2,1,54,-1,-1,2,-1,-1,-1,17582.0,600.0,600.0,9375.0,8765.0,3649.0,1200.0,0.0,9375.0,8765.0,3649.0,95417.0,0
10952,10000.0,2,3,1,45,2,-1,-1,-1,-1,-2,390.0,390.0,0.0,780.0,5018.0,5275.0,390.0,0.0,780.0,5018.0,375.0,0.0,0
10964,60000.0,2,1,2,28,2,2,2,2,2,2,22343.0,24678.0,25079.0,24380.0,26022.0,26542.0,3000.0,1100.0,0.0,2200.0,1100.0,1000.0,1
10971,60000.0,1,2,1,37,0,0,0,0,0,0,54770.0,58257.0,59675.0,60646.0,60071.0,60066.0,5000.0,3000.0,2500.0,2500.0,3000.0,2500.0,1
10976,200000.0,2,2,2,24,0,0,0,0,0,0,21447.0,23429.0,26158.0,29486.0,27166.0,25954.0,2649.0,3500.0,4008.0,1098.0,1500.0,1000.0,0
10992,20000.0,2,2,1,63,-1,2,2,0,-1,-1,858.0,2310.0,1716.0,929.0,978.0,0.0,1716.0,0.0,0.0,978.0,0.0,0.0,0
11004,30000.0,1,2,1,29,0,0,0,0,0,-2,29852.0,30348.0,31570.0,32661.0,0.0,0.0,1600.0,1738.0,1829.0,0.0,0.0,0.0,0
11005,90000.0,2,1,2,28,0,0,0,0,0,0,62062.0,62617.0,57990.0,51537.0,52486.0,48483.0,2971.0,2168.0,1686.0,1878.0,1611.0,1334.0,0
11007,60000.0,1,2,2,22,1,3,2,0,0,0,25300.0,23150.0,20999.0,21423.0,19049.0,18282.0,0.0,0.0,1000.0,1000.0,1000.0,1000.0,0
11008,500000.0,1,1,2,32,0,0,0,0,0,0,208603.0,211340.0,166739.0,166464.0,168722.0,170299.0,8444.0,8009.0,5301.0,5220.0,5419.0,5313.0,0
11010,180000.0,2,1,2,26,-1,-1,-1,-1,-1,-1,873.0,7233.0,2701.0,1900.0,45517.0,9451.0,7233.0,2701.0,1900.0,45517.0,9451.0,5795.0,0
11024,70000.0,1,2,2,48,-1,-1,-1,-1,-1,-1,193.0,188.0,299.0,829.0,338.0,865.0,188.0,299.0,829.0,338.0,865.0,833.0,0
11030,20000.0,2,3,2,30,-1,-1,-1,0,0,0,390.0,286.0,9457.0,10311.0,10374.0,10692.0,286.0,9847.0,1000.0,1000.0,500.0,442.0,0
11034,30000.0,2,1,2,22,1,2,2,0,0,0,25229.0,25533.0,24441.0,24441.0,11255.0,0.0,1000.0,0.0,0.0,0.0,0.0,0.0,1
11035,30000.0,2,3,1,38,2,2,0,0,2,2,5685.0,5448.0,7347.0,8024.0,7751.0,9607.0,0.0,2000.0,800.0,0.0,2000.0,0.0,1
11038,150000.0,1,1,2,32,2,2,-2,-2,-2,-2,3354.0,-18.0,-18.0,-18.0,-18.0,-18.0,0.0,0.0,0.0,0.0,0.0,0.0,1
11047,410000.0,2,1,1,35,-1,-1,-2,-2,-2,-1,99687.0,0.0,0.0,0.0,0.0,18000.0,0.0,0.0,0.0,0.0,18000.0,0.0,0
11049,50000.0,1,1,2,26,0,0,0,0,0,0,50947.0,23750.0,11105.0,5960.0,5220.0,3024.0,3432.0,1071.0,158.0,500.0,400.0,337.0,0
11052,70000.0,2,1,2,24,0,0,2,0,0,0,8244.0,10569.0,8159.0,8241.0,9103.0,9361.0,2500.0,0.0,1000.0,1000.0,409.0,1000.0,0
11054,120000.0,2,3,1,43,1,2,-1,-1,-1,-2,2057.0,1722.0,716.0,926.0,0.0,0.0,524.0,716.0,926.0,0.0,0.0,485.0,0
11061,380000.0,1,1,1,39,1,-2,-2,-2,-2,-2,0.0,0.0,0.0,0.0,0.0,0.0,0.0,0.0,0.0,0.0,0.0,0.0,1
11068,120000.0,2,2,1,34,-1,-1,-1,-1,0,0,326.0,499.0,1870.0,652.0,326.0,0.0,499.0,1870.0,652.0,0.0,0.0,1705.0,0
11071,130000.0,1,2,2,28,0,0,0,0,0,0,119513.0,121776.0,122440.0,125189.0,127644.0,74295.0,6000.0,4500.0,5100.0,5365.0,2846.0,2600.0,0
11075,260000.0,2,2,1,43,2,2,2,2,2,2,2500.0,2500.0,2500.0,2500.0,2500.0,2500.0,0.0,0.0,0.0,0.0,0.0,0.0,1
11078,260000.0,2,2,1,40,-2,-2,-2,-2,-2,-2,209.0,217.0,613.0,2339.0,1474.0,1254.0,217.0,613.0,2339.0,0.0,1254.0,431.0,0
11079,470000.0,1,3,2,37,2,0,0,0,0,0,499024.0,494290.0,470617.0,398523.0,389927.0,381295.0,20600.0,19000.0,14000.0,13600.0,13600.0,13500.0,1
11082,50000.0,1,2,2,24,0,0,0,0,0,0,42025.0,37828.0,6382.0,6284.0,6681.0,6813.0,1500.0,2000.0,1000.0,500.0,243.0,256.0,0
11087,220000.0,2,2,1,35,0,0,0,0,0,-1,228754.0,227903.0,93311.0,67900.0,64150.0,6000.0,10626.0,3600.0,3100.0,4000.0,6000.0,0.0,0
11091,340000.0,2,2,2,28,0,0,0,0,0,0,329096.0,259604.0,231178.0,201471.0,181740.0,140088.0,10025.0,7007.0,7865.0,5795.0,5000.0,4000.0,0
11095,300000.0,2,2,1,38,-1,-1,-1,-1,0,0,5848.0,24718.0,45114.0,16949.0,9537.0,0.0,24718.0,45533.0,17136.0,0.0,0.0,0.0,0
11097,250000.0,2,1,2,50,1,-2,-1,-1,-1,-1,0.0,0.0,138.0,946.0,377.0,0.0,0.0,138.0,946.0,377.0,0.0,0.0,0
11100,160000.0,2,2,2,34,0,0,0,0,0,0,57287.0,12226.0,13962.0,14844.0,15716.0,131874.0,1264.0,2000.0,1000.0,1000.0,116425.0,4500.0,0
11102,60000.0,2,1,2,25,-2,-1,-1,-1,-1,-1,564.0,2035.0,2175.0,3528.0,10260.0,6378.0,2045.0,2175.0,3528.0,10260.0,6378.0,6869.0,0
11108,260000.0,1,1,2,34,0,0,0,0,-2,-2,254332.0,257628.0,161545.0,0.0,0.0,0.0,11710.0,7503.0,0.0,0.0,0.0,195603.0,0
11109,210000.0,2,1,2,32,-1,2,-1,-1,-1,-1,552.0,276.0,381.0,404.0,943.0,1909.0,0.0,381.0,404.0,943.0,1909.0,465.0,0
11120,30000.0,2,2,2,39,1,2,0,0,0,0,26981.0,26264.0,27240.0,27440.0,28000.0,0.0,0.0,1500.0,600.0,560.0,0.0,15225.0,0
11123,50000.0,1,1,2,30,1,2,2,0,0,0,7690.0,8805.0,9502.0,10189.0,10869.0,11533.0,1400.0,1000.0,1000.0,1000.0,1000.0,1000.0,0
11126,250000.0,2,2,2,26,0,0,0,0,0,0,70522.0,72062.0,73511.0,75314.0,74172.0,71933.0,2667.0,2700.0,3000.0,5000.0,2800.0,1800.0,0
11128,80000.0,2,3,1,45,-1,-1,-1,2,2,3,2516.0,0.0,1890.0,1712.0,4180.0,3820.0,0.0,1890.0,0.0,2523.0,0.0,0.0,0
11139,20000.0,1,2,2,22,-1,2,-1,0,0,0,2880.0,1435.0,1170.0,780.0,390.0,0.0,0.0,1170.0,0.0,0.0,0.0,780.0,0
11140,60000.0,2,1,1,37,0,0,0,0,0,2,37934.0,39020.0,40071.0,41098.0,43536.0,44670.0,2000.0,2000.0,2000.0,3100.0,2000.0,0.0,0
11143,230000.0,2,3,1,32,-1,-1,-1,-1,-1,-2,8756.0,930.0,8400.0,1900.0,0.0,9198.0,930.0,8485.0,1900.0,0.0,9198.0,0.0,0
11145,150000.0,1,1,2,30,-1,-1,-1,0,-1,-1,3415.0,2419.0,1541.0,1345.0,23018.0,1989.0,2425.0,1541.0,4.0,23087.0,1996.0,4010.0,0
11147,140000.0,2,1,2,36,-1,-1,-1,0,0,-1,780.0,177.0,1170.0,390.0,0.0,930.0,177.0,1170.0,0.0,0.0,930.0,0.0,0
11153,500000.0,1,1,2,33,0,-1,-1,0,0,0,76440.0,1397.0,56449.0,55121.0,54797.0,19732.0,1397.0,56449.0,1515.0,1426.0,747.0,1476.0,0
11155,10000.0,2,5,2,24,-1,0,0,0,0,-2,5742.0,4576.0,4139.0,2583.0,0.0,0.0,1500.0,2000.0,583.0,0.0,0.0,0.0,0
11157,180000.0,1,1,2,31,-2,-2,-2,-2,-2,-2,2930.0,3300.0,2860.0,4216.0,2609.0,9609.0,3300.0,2860.0,4216.0,2609.0,9700.0,6525.0,0
11168,70000.0,2,1,2,25,-1,-1,0,0,-1,-1,2781.0,18180.0,3463.0,4256.0,4244.0,10032.0,18180.0,1500.0,3000.0,4244.0,10032.0,7329.0,0
11177,180000.0,2,1,2,28,0,0,0,0,0,2,90874.0,79901.0,82451.0,83201.0,77081.0,74441.0,3000.0,3900.0,3400.0,5600.0,0.0,2600.0,0
11181,190000.0,2,2,1,45,2,0,0,0,0,0,140329.0,128107.0,131132.0,96083.0,97453.0,99426.0,6800.0,7000.0,3585.0,3700.0,3754.0,7900.0,0
11189,350000.0,2,1,1,32,0,0,0,0,0,0,67761.0,63187.0,58719.0,60737.0,63593.0,82202.0,8007.0,2200.0,3000.0,4000.0,20000.0,8000.0,0
11190,90000.0,2,2,2,29,0,0,2,0,0,0,83158.0,91759.0,88487.0,88201.0,87219.0,86803.0,12128.0,0.0,3301.0,3136.0,3156.0,3244.0,0
11191,50000.0,1,3,2,34,0,0,0,2,0,0,9110.0,10454.0,12274.0,11780.0,14578.0,18309.0,1500.0,2000.0,0.0,3000.0,4000.0,0.0,0
11195,200000.0,1,1,2,38,-2,-2,-2,-2,-2,-2,0.0,0.0,0.0,0.0,0.0,0.0,0.0,0.0,0.0,0.0,0.0,0.0,0
11201,200000.0,1,2,2,58,0,0,0,0,0,0,105836.0,108055.0,110258.0,112451.0,115090.0,117064.0,3923.0,4001.0,4025.0,4451.0,4167.0,3527.0,0
11218,30000.0,2,2,1,31,-1,2,2,3,2,2,699.0,309.0,-471.0,1479.0,1320.0,930.0,0.0,0.0,1950.0,0.0,390.0,0.0,1
11220,150000.0,2,1,1,42,-1,2,2,-1,0,-1,496.0,1188.0,940.0,965.0,965.0,726.0,940.0,0.0,965.0,0.0,726.0,0.0,0
11221,50000.0,1,3,1,58,0,0,0,-2,-2,-1,50456.0,51400.0,0.0,0.0,0.0,10400.0,2400.0,0.0,0.0,0.0,10400.0,0.0,0
11227,310000.0,2,1,2,44,-1,-1,-1,0,0,-1,11983.0,7759.0,16799.0,32372.0,6680.0,4732.0,7797.0,16818.0,20313.0,1006.0,4739.0,6615.0,0
11231,230000.0,2,1,1,39,1,-2,-2,-2,-2,-2,0.0,0.0,0.0,0.0,0.0,0.0,0.0,0.0,0.0,0.0,0.0,0.0,1
11238,20000.0,1,2,1,58,-1,-1,2,2,-1,-1,21116.0,21470.0,200.0,0.0,28740.0,1295.0,21654.0,0.0,0.0,28740.0,1565.0,0.0,0
11263,120000.0,1,1,2,30,1,-2,-1,-1,-2,-2,0.0,0.0,1990.0,0.0,0.0,0.0,0.0,1990.0,0.0,0.0,0.0,0.0,0
11268,360000.0,1,1,1,37,-1,-1,-1,-1,-1,-1,25078.0,20970.0,14407.0,6820.0,10099.0,7806.0,21006.0,14430.0,6820.0,10099.0,7806.0,7862.0,0
11269,130000.0,2,1,2,26,-2,-2,-2,-2,-2,-1,0.0,0.0,0.0,402.0,0.0,2054.0,0.0,0.0,402.0,0.0,2054.0,0.0,0
11270,240000.0,1,2,1,38,0,0,0,0,0,0,132090.0,143966.0,155632.0,162379.0,156655.0,157536.0,20030.0,20000.0,10070.0,10037.0,13137.0,10052.0,0
11275,230000.0,2,1,2,31,0,0,0,0,0,0,20356.0,21504.0,21729.0,23113.0,22936.0,23378.0,1676.0,1700.0,2007.0,1000.0,1000.0,1000.0,0
11277,100000.0,1,2,1,42,0,0,0,0,0,0,100699.0,94528.0,89010.0,81545.0,75592.0,68715.0,3368.0,3995.0,2800.0,3267.0,2919.0,334.0,1
11278,340000.0,2,1,1,49,1,-2,-2,-1,-1,-1,-11.0,-11.0,-11.0,2894.0,0.0,530.0,0.0,0.0,2905.0,0.0,530.0,0.0,1
11281,130000.0,2,1,2,27,-2,-2,-2,-2,-2,-2,5188.0,-26.0,3955.0,0.0,708.0,2773.0,0.0,3981.0,0.0,708.0,2773.0,860.0,0
11303,80000.0,1,1,1,34,0,0,2,2,2,0,73839.0,78934.0,76649.0,81845.0,80021.0,82334.0,6700.0,0.0,7500.0,0.0,4200.0,3000.0,1
11305,500000.0,1,2,2,30,0,0,-2,-2,-2,-2,380417.0,377866.0,-3634.0,-3634.0,-3634.0,-3634.0,9027.0,3634.0,0.0,1907.0,0.0,210000.0,0
11309,200000.0,1,1,1,40,-1,-1,-1,-1,-1,-1,4394.0,3366.0,9379.0,4253.0,4403.0,4326.0,3405.0,9436.0,4274.0,4424.0,4347.0,10741.0,0
11315,50000.0,1,3,2,30,2,0,0,0,0,0,50110.0,50322.0,27078.0,19107.0,19506.0,20024.0,1500.0,1620.0,1000.0,707.0,841.0,657.0,1
11318,340000.0,1,1,2,29,0,0,0,0,0,0,191426.0,190339.0,148694.0,150872.0,149218.0,152598.0,8200.0,6500.0,6000.0,6000.0,6000.0,5000.0,0
11349,160000.0,2,2,2,25,0,0,0,0,0,0,153392.0,143297.0,140984.0,120742.0,115637.0,111354.0,8000.0,7000.0,5000.0,5000.0,5000.0,10500.0,0
11352,70000.0,1,3,2,53,0,0,0,0,0,0,14054.0,15078.0,15787.0,16100.0,16437.0,16764.0,1554.0,1263.0,576.0,596.0,600.0,622.0,0
11355,20000.0,2,3,2,25,-1,-1,-1,0,0,-2,12547.0,14699.0,900.0,900.0,0.0,0.0,14745.0,900.0,0.0,0.0,0.0,0.0,1
11357,30000.0,2,3,1,43,1,2,2,2,2,2,12603.0,13103.0,13785.0,13911.0,13548.0,14465.0,1000.0,1200.0,646.0,0.0,1300.0,1000.0,0
11358,50000.0,2,2,1,39,0,0,0,0,2,0,10960.0,12030.0,13125.0,14104.0,13735.0,14307.0,1250.0,1300.0,1200.0,0.0,800.0,600.0,0
11360,90000.0,2,1,2,42,2,0,0,0,0,0,88346.0,85975.0,86302.0,67592.0,69518.0,68228.0,3500.0,3500.0,3000.0,3000.0,3000.0,2800.0,1
11379,180000.0,1,2,2,25,0,0,0,0,0,-1,4236.0,5230.0,6570.0,7192.0,6437.0,12499.0,2001.0,2000.0,1018.0,6154.0,12527.0,5016.0,0
11389,10000.0,1,3,2,41,2,2,2,0,0,2,3983.0,4764.0,5528.0,7420.0,8298.0,8019.0,1000.0,1000.0,2000.0,1000.0,0.0,1390.0,1
11400,110000.0,1,2,1,39,0,0,0,0,0,0,49464.0,40359.0,34533.0,36819.0,32467.0,35806.0,3007.0,3000.0,3000.0,3000.0,4000.0,3000.0,0
11407,260000.0,2,2,2,29,-2,-2,-2,-2,-2,-2,4400.0,942.0,1058.0,2106.0,2282.0,2531.0,942.0,1058.0,2106.0,2282.0,2531.0,0.0,0
11413,30000.0,1,2,1,31,0,0,0,0,0,0,29285.0,29390.0,30300.0,29463.0,29531.0,29901.0,1820.0,1730.0,1154.0,1034.0,1212.0,1054.0,0
11416,130000.0,1,1,2,26,0,-1,0,0,0,0,4417.0,93163.0,90056.0,69832.0,46645.0,11869.0,105072.0,5000.0,3000.0,12000.0,10000.0,3500.0,0
11423,60000.0,1,2,2,30,0,-1,-1,-1,-1,0,41540.0,390.0,390.0,0.0,15666.0,15915.0,390.0,390.0,0.0,16056.0,1000.0,390.0,0
11424,30000.0,1,2,1,23,-1,-1,-1,-1,-1,-1,390.0,390.0,390.0,0.0,780.0,0.0,390.0,390.0,0.0,780.0,0.0,0.0,0
11445,20000.0,2,2,2,27,0,0,-1,2,2,2,17304.0,0.0,26373.0,26644.0,26079.0,27941.0,0.0,26373.0,1000.0,0.0,2300.0,1200.0,0
11451,80000.0,1,2,2,29,1,2,0,0,0,0,75234.0,76417.0,76916.0,51070.0,52727.0,54847.0,3007.0,5090.0,2001.0,3000.0,3000.0,3000.0,0
11456,60000.0,2,3,1,48,0,0,0,0,0,0,59063.0,53377.0,37418.0,37543.0,35447.0,35641.0,2000.0,1900.0,1500.0,1300.0,1300.0,1300.0,0
11463,10000.0,2,2,2,22,1,2,0,0,0,-2,7194.0,6934.0,8786.0,8014.0,0.0,0.0,0.0,2000.0,430.0,0.0,0.0,0.0,1
11472,20000.0,2,2,2,23,2,0,0,0,0,0,16235.0,17857.0,18862.0,18931.0,19624.0,20049.0,2200.0,1610.0,679.0,1000.0,900.0,599.0,1
11476,130000.0,2,1,2,26,-1,-1,2,0,0,0,10274.0,10750.0,8699.0,7199.0,5699.0,6275.0,2352.0,0.0,199.0,199.0,2275.0,1699.0,0
11486,150000.0,2,2,1,34,2,0,0,0,0,0,30821.0,33009.0,34867.0,24438.0,18883.0,14737.0,3000.0,3000.0,1000.0,2000.0,4500.0,0.0,0
11488,190000.0,2,1,2,38,0,0,0,0,0,0,77720.0,79417.0,81326.0,81650.0,83354.0,85163.0,3774.0,3799.0,2874.0,2970.0,3138.0,3054.0,0
11496,320000.0,1,2,1,42,-2,-2,-2,-2,-2,-2,730.0,1550.0,0.0,2000.0,700.0,760.0,1550.0,0.0,2000.0,700.0,760.0,810.0,0
11497,80000.0,1,2,2,26,0,0,0,0,0,0,76304.0,78680.0,79897.0,27950.0,28579.0,29138.0,4203.0,3900.0,1200.0,1230.0,1230.0,1000.0,0
11498,250000.0,1,1,1,42,1,1,1,1,2,2,352016.0,341600.0,321232.0,307354.0,285901.0,272322.0,15210.0,8273.0,8100.0,100.0,8942.0,254000.0,1
11499,250000.0,1,1,1,40,-1,-1,-1,-1,-1,-1,396.0,396.0,396.0,396.0,396.0,109.0,396.0,396.0,396.0,396.0,109.0,0.0,0
11503,360000.0,2,1,2,43,1,-1,-1,-1,-1,-1,0.0,10121.0,390.0,2809.0,390.0,390.0,10121.0,780.0,2809.0,390.0,390.0,390.0,1
11511,20000.0,1,2,2,63,2,2,4,4,4,4,1650.0,1650.0,1650.0,1650.0,1650.0,1650.0,0.0,0.0,0.0,0.0,0.0,0.0,0
11519,100000.0,1,3,1,56,0,0,0,0,0,0,10882.0,11952.0,13047.0,13330.0,14112.0,14477.0,1250.0,1300.0,500.0,1000.0,600.0,600.0,0
11521,420000.0,2,1,2,41,0,0,0,0,0,0,79899.0,82012.0,84079.0,85614.0,87053.0,88657.0,3391.0,3427.0,2909.0,2877.0,2976.0,2686.0,0
11522,20000.0,2,2,1,42,0,0,0,0,0,0,19185.0,18621.0,19605.0,19717.0,19203.0,19871.0,1323.0,1307.0,691.0,705.0,995.0,722.0,0
11527,100000.0,2,2,1,49,-1,-1,-1,-1,-1,-1,10430.0,3313.0,490.0,6974.0,8018.0,8441.0,3313.0,490.0,6974.0,8018.0,8441.0,11461.0,0
11528,80000.0,2,2,2,38,2,0,0,2,0,0,18733.0,20081.0,17245.0,13507.0,14479.0,14083.0,2000.0,2500.0,0.0,2000.0,2000.0,3000.0,0
11539,200000.0,1,2,1,34,1,-2,-1,-1,-2,-2,0.0,0.0,188.0,0.0,0.0,0.0,0.0,188.0,0.0,0.0,0.0,0.0,0
11540,150000.0,2,2,1,39,1,-2,-2,-2,-2,-2,0.0,0.0,0.0,0.0,0.0,0.0,0.0,0.0,0.0,0.0,0.0,0.0,1
11542,200000.0,1,1,2,29,0,0,0,0,0,0,45841.0,37221.0,34718.0,32148.0,25380.0,22701.0,4000.0,7000.0,7000.0,7000.0,7000.0,295.0,0
11543,30000.0,1,2,1,26,-2,-2,-2,-2,-1,0,-201.0,349.0,-199.0,0.0,199.0,199.0,550.0,0.0,199.0,199.0,0.0,3915.0,0
11550,80000.0,1,1,2,39,0,0,0,0,0,0,49171.0,50376.0,51536.0,52782.0,53781.0,55389.0,2000.0,2000.0,2100.0,2000.0,2500.0,2500.0,1
11554,500000.0,2,2,2,34,0,0,0,0,0,0,175570.0,141773.0,132747.0,94651.0,73734.0,62519.0,8734.0,40000.0,3912.0,2101.0,34000.0,32000.0,0
11557,60000.0,2,1,1,49,0,0,0,0,0,0,61618.0,61382.0,34958.0,33760.0,32946.0,0.0,2800.0,1400.0,675.0,659.0,0.0,3353.0,0
11559,30000.0,1,1,2,35,2,2,2,2,2,2,14489.0,15460.0,15514.0,14968.0,16026.0,15619.0,1500.0,600.0,0.0,1300.0,0.0,1300.0,0
11563,80000.0,2,1,2,27,0,0,0,0,0,0,77967.0,79561.0,61018.0,36084.0,13693.0,79701.0,3565.0,1752.0,1105.0,1499.0,78000.0,0.0,0
11582,80000.0,1,3,1,27,2,-1,0,0,0,0,40846.0,3099.0,1950.0,1170.0,780.0,780.0,1149.0,1000.0,0.0,0.0,0.0,2440.0,1
11584,280000.0,2,1,1,37,0,-1,-1,0,0,-1,1908.0,12699.0,7819.0,7831.0,5428.0,2295.0,12763.0,7819.0,12.0,27.0,2309.0,13004.0,0
11585,170000.0,2,1,1,30,2,2,2,2,2,2,158819.0,161487.0,157577.0,168094.0,170922.0,166972.0,6500.0,0.0,13000.0,5500.0,1000.0,7000.0,0
11590,30000.0,1,2,2,26,1,2,2,2,2,2,17989.0,17417.0,19807.0,20186.0,19725.0,22225.0,0.0,3000.0,1000.0,0.0,3000.0,0.0,1
11593,260000.0,2,1,2,27,-1,-1,-1,-1,0,-1,399.0,399.0,399.0,798.0,399.0,399.0,399.0,399.0,798.0,0.0,399.0,399.0,0
11594,170000.0,2,2,2,27,1,-1,0,0,0,0,-1020.0,25607.0,23922.0,24399.0,24919.0,26884.0,27107.0,1500.0,863.0,903.0,3000.0,6186.0,0
11604,240000.0,2,3,1,43,0,0,0,0,0,0,61190.0,62506.0,63864.0,65130.0,66494.0,67441.0,2300.0,2400.0,2329.0,2411.0,2050.0,2000.0,0
11614,30000.0,1,2,2,33,0,0,0,0,0,-2,28949.0,30319.0,29400.0,30000.0,0.0,0.0,2233.0,1000.0,600.0,0.0,0.0,0.0,0
11615,180000.0,2,2,3,52,-2,-2,-2,-2,-2,-2,0.0,0.0,145.0,0.0,0.0,0.0,0.0,145.0,0.0,0.0,0.0,0.0,0
11627,90000.0,2,3,2,23,0,-1,-1,0,-1,-1,119836.0,21836.0,11036.0,29836.0,986.0,21615.0,30000.0,11036.0,19836.0,986.0,21615.0,5885.0,0
11628,150000.0,2,1,2,27,-1,-1,-1,0,0,-2,222.0,3.0,3359.0,2924.0,0.0,0.0,3.0,3461.0,261.0,0.0,0.0,0.0,0
11630,110000.0,2,2,1,48,0,0,0,0,0,0,216582.0,110865.0,74340.0,47152.0,48138.0,49171.0,8788.0,3152.0,1687.0,1745.0,1831.0,1732.0,0
11635,290000.0,1,1,2,35,0,0,0,0,0,0,247280.0,250007.0,261236.0,223092.0,185522.0,170190.0,30000.0,29000.0,10000.0,8000.0,30000.0,48000.0,0
11650,290000.0,1,2,1,48,-2,-2,-2,-2,-2,-2,730.0,4426.0,820.0,0.0,2653.0,0.0,4426.0,820.0,0.0,2653.0,0.0,0.0,1
11652,130000.0,2,1,2,30,1,-2,-2,-2,-2,-2,-915.0,-915.0,-915.0,-915.0,-915.0,-1070.0,0.0,0.0,0.0,0.0,0.0,0.0,0
11658,220000.0,2,2,2,54,-1,0,0,-1,-1,-1,2742.0,3131.0,2664.0,891.0,1927.0,4250.0,1500.0,1500.0,891.0,1927.0,4250.0,3000.0,0
11659,60000.0,1,2,2,26,3,2,0,0,0,0,61014.0,59473.0,56912.0,47513.0,42945.0,45648.0,0.0,2100.0,1500.0,1700.0,3500.0,1341.0,1
11661,80000.0,2,2,1,39,3,2,0,0,2,2,13683.0,13178.0,13853.0,14823.0,14443.0,15802.0,0.0,1200.0,1200.0,0.0,1600.0,2200.0,1
11663,210000.0,2,2,1,34,0,0,0,0,0,0,86792.0,88106.0,89419.0,88758.0,85239.0,81723.0,3319.0,3892.0,3184.0,3128.0,2944.0,2870.0,0
11670,210000.0,1,1,2,32,0,0,0,0,0,2,124838.0,102995.0,17383.0,172065.0,181981.0,174744.0,5000.0,1400.0,155000.0,12700.0,0.0,6300.0,0
11673,140000.0,1,1,2,26,0,0,0,0,-1,0,84729.0,102693.0,41266.0,39634.0,115440.0,133580.0,26894.0,1500.0,11888.0,115440.0,23900.0,10586.0,0
11678,50000.0,1,2,1,46,0,0,0,-1,-1,-1,49046.0,49221.0,46505.0,6991.0,4809.0,1890.0,2185.0,2938.0,6996.0,4809.0,1890.0,6890.0,0
11682,100000.0,1,2,2,29,2,2,3,2,2,2,86974.0,98246.0,95884.0,93528.0,96397.0,96258.0,12700.0,0.0,0.0,6050.0,1600.0,3400.0,1
11686,330000.0,2,2,2,27,0,0,0,0,0,0,237515.0,230471.0,233421.0,201240.0,186444.0,158521.0,11012.0,11012.0,6548.0,6497.0,6037.0,5141.0,0
11688,290000.0,2,2,2,39,0,0,0,0,0,0,228342.0,235380.0,240049.0,107993.0,110691.0,50143.0,10600.0,10200.0,4000.0,4534.0,2670.0,700.0,1
11689,60000.0,1,2,2,42,0,0,0,0,0,2,60660.0,57718.0,38144.0,29542.0,30700.0,30064.0,3500.0,1731.0,2009.0,4121.0,0.0,1000.0,0
11701,120000.0,2,1,2,25,0,0,0,0,0,0,120568.0,122285.0,123294.0,81042.0,81225.0,79777.0,5224.0,5427.0,2830.0,3000.0,2900.0,2818.0,0
11713,120000.0,2,3,2,47,1,2,2,2,2,2,121400.0,123055.0,118030.0,122443.0,120370.0,123766.0,7352.0,0.0,8990.0,0.0,9000.0,0.0,0
11714,50000.0,1,2,2,29,0,0,0,0,2,2,13192.0,14668.0,15614.0,17155.0,16741.0,19131.0,2000.0,1500.0,1800.0,0.0,2843.0,0.0,1
11720,70000.0,2,1,2,29,2,2,2,2,2,2,44594.0,45588.0,46540.0,47378.0,46490.0,47758.0,2000.0,2000.0,1900.0,0.0,2200.0,3600.0,1
11730,20000.0,2,2,2,22,0,0,0,0,0,0,18062.0,18374.0,19222.0,18014.0,18627.0,15811.0,1700.0,1500.0,1000.0,1000.0,1000.0,1000.0,0
11734,400000.0,2,1,2,28,0,0,0,0,0,0,10430.0,24979.0,29925.0,25423.0,7064.0,15920.0,24030.0,14062.0,1824.0,40.0,15673.0,16694.0,0
11741,20000.0,1,2,2,36,0,0,-2,-2,-2,-2,18400.0,0.0,0.0,0.0,0.0,0.0,0.0,0.0,0.0,0.0,0.0,0.0,1
11752,130000.0,2,1,1,38,-1,-1,-1,-2,-2,-2,5190.0,649.0,0.0,0.0,0.0,0.0,649.0,0.0,0.0,0.0,0.0,0.0,1
11765,240000.0,2,2,2,37,-2,-2,-2,-2,-2,-2,500.0,0.0,0.0,0.0,0.0,0.0,0.0,0.0,0.0,0.0,0.0,0.0,0
11787,50000.0,1,2,2,27,0,0,0,0,0,0,6105.0,7347.0,8000.0,8000.0,10000.0,0.0,1500.0,1000.0,0.0,2000.0,0.0,2556.0,0
11798,120000.0,2,2,1,33,0,0,0,0,0,0,46640.0,50865.0,54401.0,57873.0,61917.0,63880.0,5000.0,5000.0,5000.0,5000.0,3000.0,3000.0,0
11801,20000.0,2,1,2,24,0,0,0,0,0,0,18556.0,19162.0,19293.0,19298.0,19198.0,0.0,1805.0,1400.0,405.0,400.0,0.0,0.0,0
11802,20000.0,2,2,2,22,0,0,-2,-1,0,0,8392.0,-100.0,0.0,1828.0,2800.0,0.0,0.0,1000.0,1828.0,1500.0,0.0,3000.0,0
11810,360000.0,1,1,2,30,0,-1,-1,-1,-1,-1,14409.0,3540.0,500.0,500.0,0.0,1191.0,3540.0,500.0,500.0,0.0,1191.0,0.0,0
11828,50000.0,2,2,2,30,1,3,2,2,2,2,47629.0,46592.0,47517.0,48439.0,49418.0,50326.0,0.0,2000.0,2000.0,1900.0,1900.0,1900.0,1
11829,130000.0,1,1,2,26,1,-1,2,2,-1,-1,-888.0,5806.0,888.0,0.0,5087.0,3103.0,6694.0,0.0,0.0,5087.0,3103.0,2490.0,0
11830,30000.0,2,3,2,24,2,2,2,2,2,3,15335.0,14804.0,16546.0,15985.0,17869.0,17291.0,0.0,2300.0,0.0,2300.0,0.0,0.0,1
11832,160000.0,2,2,2,28,-1,-1,-1,-1,-1,2,1426.0,326.0,1976.0,810.0,2165.0,1997.0,326.0,1976.0,810.0,2165.0,0.0,28377.0,0
11845,30000.0,2,1,2,24,2,2,6,6,5,4,1800.0,1800.0,1800.0,1800.0,1200.0,600.0,0.0,0.0,0.0,0.0,0.0,0.0,0
11846,210000.0,2,2,2,27,-1,-1,-1,-1,-1,-1,190.0,-310.0,1527.0,1901.0,0.0,2706.0,0.0,3054.0,2189.0,0.0,2706.0,0.0,0
11850,260000.0,1,1,1,53,-1,3,2,0,0,-1,1361.0,1188.0,792.0,792.0,396.0,2289.0,0.0,0.0,396.0,0.0,2289.0,164047.0,0
11864,200000.0,1,2,1,41,1,2,0,0,0,0,69963.0,67223.0,69167.0,69289.0,70333.0,70610.0,0.0,2943.0,2301.0,2374.0,2500.0,5300.0,0
11866,280000.0,1,2,2,29,-1,-1,-1,-2,-2,-1,330.0,9500.0,0.0,0.0,0.0,261.0,9500.0,0.0,0.0,0.0,261.0,0.0,0
11909,80000.0,2,1,2,23,0,-1,-1,-1,-1,-1,78358.0,826.0,-507.0,3129.0,1956.0,4246.0,826.0,0.0,4969.0,4990.0,2500.0,4000.0,0
11919,90000.0,2,3,1,44,0,0,0,0,0,0,94393.0,93361.0,91820.0,48220.0,45766.0,43343.0,3820.0,3785.0,1721.0,1651.0,1661.0,2147.0,0
11920,150000.0,2,1,2,33,-1,-1,-2,-2,-2,-2,717.0,-959.0,-959.0,-959.0,-959.0,-959.0,0.0,0.0,0.0,0.0,0.0,0.0,0
11925,150000.0,2,1,2,29,-2,-2,-2,-2,-2,-2,23414.0,23349.0,0.0,3180.0,0.0,13649.0,1000.0,0.0,3180.0,0.0,13649.0,1000.0,0
11930,20000.0,1,2,1,32,0,0,0,2,2,0,9622.0,10974.0,14963.0,15123.0,14741.0,15340.0,1511.0,4500.0,700.0,0.0,1000.0,1500.0,0
11935,140000.0,2,2,1,51,-2,-2,-2,-2,-2,-2,4885.0,649.0,-9.0,-9.0,3177.0,-10.0,650.0,0.0,0.0,3186.0,0.0,0.0,0
11937,50000.0,2,2,1,49,-1,-1,0,0,-1,-1,3126.0,25362.0,23683.0,22833.0,1352.0,20791.0,25368.0,1237.0,457.0,1354.0,20794.0,540.0,0
11938,360000.0,1,1,2,34,-1,2,0,0,0,-2,9.0,9.0,2009.0,1029.0,0.0,0.0,0.0,2000.0,0.0,0.0,0.0,399.0,1
11939,140000.0,1,3,1,43,-1,0,0,0,0,0,139445.0,137950.0,133250.0,98147.0,98924.0,95100.0,5500.0,5000.0,3500.0,3510.0,3500.0,3500.0,1
11944,60000.0,2,2,2,26,0,0,0,0,0,0,57171.0,58656.0,53271.0,54331.0,55513.0,56898.0,2464.0,1932.0,1944.0,2057.0,2351.0,1963.0,0
11950,150000.0,1,1,2,38,0,0,-2,-2,-2,-2,421504.0,299860.0,300000.0,0.0,0.0,0.0,17000.0,17000.0,0.0,0.0,0.0,0.0,0
11957,130000.0,1,3,1,49,0,0,0,0,0,0,119466.0,116833.0,106524.0,89412.0,86993.0,87433.0,5044.0,5067.0,5013.0,5002.0,4002.0,5009.0,0
11960,30000.0,2,3,1,35,2,0,0,0,0,0,28852.0,29777.0,29478.0,30290.0,27803.0,25762.0,1700.0,1700.0,1500.0,1500.0,1500.0,1500.0,1
11970,260000.0,2,1,1,35,0,0,0,0,0,0,51133.0,60247.0,63615.0,71839.0,75506.0,78647.0,10000.0,5000.0,10000.0,5000.0,5000.0,10000.0,0
11979,180000.0,2,2,1,33,0,0,0,0,0,0,47050.0,49282.0,50159.0,51336.0,54332.0,56249.0,3000.0,2000.0,2011.0,4000.0,3000.0,3000.0,0
11984,100000.0,1,1,2,31,1,2,0,0,2,0,104395.0,101736.0,106101.0,54707.0,54924.0,52141.0,1867.0,1867.0,5026.0,2800.0,2800.0,2800.0,0
11985,470000.0,2,1,2,30,-2,-1,-1,-2,-1,-1,1689.0,499.0,350.0,2277.0,41523.0,2175.0,499.0,350.0,2277.0,41523.0,2175.0,6351.0,1
11992,50000.0,1,1,1,40,1,-2,-2,-2,-2,-2,0.0,0.0,0.0,0.0,0.0,0.0,0.0,0.0,0.0,0.0,0.0,200.0,0
11994,100000.0,2,3,1,28,2,0,0,2,2,2,29770.0,30485.0,32434.0,32592.0,33102.0,33860.0,1825.0,3100.0,1300.0,1500.0,1771.0,0.0,0
11997,330000.0,2,1,1,36,-1,-1,2,-1,-1,-1,2964.0,36.0,36.0,24699.0,2912.0,14231.0,36.0,0.0,24863.0,2912.0,14231.0,6976.0,0
11998,90000.0,1,2,2,34,1,2,0,-1,-1,0,50281.0,14033.0,12628.0,20172.0,73512.0,72588.0,0.0,2000.0,20172.0,73512.0,3000.0,4000.0,0
12001,120000.0,1,1,2,37,-1,2,-1,-1,-1,-1,1235.0,316.0,316.0,16885.0,46929.0,69521.0,0.0,316.0,16885.0,54629.0,77046.0,4499.0,0
12022,80000.0,1,3,1,52,1,2,2,2,2,2,13701.0,13034.0,4119.0,2705.0,2855.0,1411.0,0.0,1200.0,0.0,1411.0,0.0,390.0,1
12025,90000.0,2,2,2,28,2,0,0,0,2,0,48177.0,49563.0,47750.0,47169.0,46284.0,47519.0,2500.0,2500.0,3700.0,0.0,2200.0,1800.0,1
12030,50000.0,1,2,2,35,1,2,2,0,0,2,40624.0,41381.0,40416.0,41395.0,44063.0,44587.0,1700.0,0.0,1650.0,3505.0,1400.0,1700.0,1
12031,50000.0,1,2,2,37,0,0,0,0,0,0,50581.0,47990.0,33276.0,28507.0,28709.0,29793.0,2020.0,2010.0,2000.0,2000.0,2000.0,2000.0,1
12038,80000.0,2,6,2,51,0,0,0,0,-1,0,9747.0,7592.0,7420.0,1467.0,7505.0,3837.0,1203.0,1020.0,1467.0,7505.0,135.0,61.0,0
12039,260000.0,2,2,2,28,0,0,0,0,0,0,154489.0,143383.0,132873.0,122528.0,111409.0,100032.0,6000.0,5000.0,5000.0,4000.0,3600.0,5005.0,0
12040,20000.0,1,2,2,49,2,0,0,0,0,0,7823.0,8691.0,9701.0,9894.0,10102.0,10534.0,1151.0,1161.0,354.0,367.0,600.0,600.0,1
12045,430000.0,2,1,1,37,-1,-1,-1,-1,-1,-1,1669.0,412.0,23547.0,5064.0,13258.0,2249.0,416.0,23547.0,5064.0,13258.0,2249.0,3686.0,0
12051,80000.0,2,3,0,37,-2,-2,-2,-2,-2,-2,7070.0,3087.0,5210.0,3882.0,4785.0,1000.0,3087.0,5215.0,3882.0,4785.0,1968.0,0.0,0
12070,80000.0,2,2,1,44,0,0,0,0,0,0,47102.0,24470.0,25614.0,21053.0,18531.0,19051.0,1473.0,1617.0,856.0,672.0,828.0,910.0,0
12071,140000.0,2,1,1,41,0,0,0,0,0,0,142129.0,130705.0,99736.0,80445.0,81005.0,79387.0,15126.0,9064.0,4009.0,5014.0,5011.0,7006.0,1
12076,120000.0,2,2,1,42,-1,-1,-1,-1,-1,-1,499.0,499.0,499.0,499.0,499.0,1148.0,499.0,499.0,499.0,499.0,1148.0,0.0,0
12080,290000.0,2,2,1,34,0,0,0,0,0,0,38027.0,23036.0,129433.0,117500.0,113149.0,102593.0,6000.0,120000.0,5000.0,5000.0,5000.0,3500.0,0
12099,120000.0,2,1,2,28,-1,2,-1,-1,2,2,594.0,594.0,15611.0,7628.0,7361.0,9200.0,0.0,15611.0,3000.0,0.0,2000.0,0.0,0
12106,200000.0,2,1,2,59,0,0,0,0,0,0,180887.0,166921.0,155945.0,109271.0,36753.0,78079.0,10000.0,30000.0,7.0,7000.0,73000.0,700.0,0
12117,120000.0,1,3,1,46,0,-1,0,0,0,0,94953.0,116914.0,89799.0,89913.0,88484.0,90477.0,120656.0,3520.0,2931.0,3180.0,3432.0,1116.0,0
12126,20000.0,2,1,2,29,1,2,0,0,0,2,6345.0,6098.0,7107.0,7401.0,7826.0,7552.0,0.0,1118.0,412.0,694.0,0.0,300.0,0
12128,230000.0,2,2,1,27,0,0,0,0,0,0,25947.0,26998.0,25825.0,25908.0,26341.0,27898.0,1800.0,1500.0,1500.0,1000.0,2000.0,2000.0,0
12138,180000.0,2,2,2,28,0,0,0,0,0,0,10479.0,11793.0,12500.0,13383.0,14760.0,15472.0,1410.0,1117.0,1000.0,1500.0,1000.0,1000.0,0
12139,50000.0,2,1,2,25,0,0,0,0,0,0,42056.0,46024.0,45452.0,45450.0,41154.0,39034.0,5000.0,2000.0,1500.0,2000.0,4000.0,1364.0,1
12140,120000.0,2,2,2,31,0,0,0,0,0,0,115573.0,117767.0,115918.0,116918.0,118698.0,121372.0,5700.0,4172.0,4168.0,4770.0,5119.0,2954.0,0
12155,70000.0,2,1,1,35,4,4,3,2,0,0,77021.0,73268.0,70275.0,46045.0,42357.0,41026.0,0.0,2001.0,0.0,1666.0,1505.0,2079.0,0
12158,130000.0,1,1,2,33,1,2,2,2,0,0,36672.0,35807.0,40851.0,39526.0,41346.0,40630.0,0.0,6000.0,0.0,3000.0,1000.0,1100.0,0
12170,120000.0,2,3,1,58,1,-1,-1,-2,-2,-1,0.0,2228.0,0.0,0.0,0.0,672.0,2228.0,0.0,0.0,0.0,672.0,2507.0,1
12181,50000.0,2,2,2,46,0,0,0,0,0,0,44808.0,44899.0,46346.0,47273.0,48357.0,50393.0,2100.0,2500.0,2000.0,2000.0,3000.0,1600.0,0
12184,150000.0,1,2,1,30,-2,-2,-2,-2,-2,-1,9248.0,6831.0,2902.0,6468.0,1883.0,1519.0,6871.0,2918.0,6506.0,1893.0,1527.0,5330.0,0
12189,100000.0,1,2,1,30,0,0,0,0,0,0,57998.0,60063.0,63925.0,68058.0,69273.0,56101.0,3000.0,5000.0,5305.0,3000.0,6600.0,0.0,1
12196,150000.0,1,2,2,28,2,0,0,0,0,0,148095.0,143845.0,132677.0,86265.0,88390.0,90599.0,8000.0,5300.0,3500.0,5000.0,4000.0,3000.0,0
12202,50000.0,1,2,1,25,0,0,2,2,2,2,21397.0,24233.0,23551.0,24848.0,26298.0,28112.0,3500.0,0.0,2000.0,2000.0,2400.0,0.0,1
12203,20000.0,1,1,2,31,-1,-1,-1,-1,-1,-1,1261.0,390.0,390.0,390.0,0.0,780.0,390.0,390.0,390.0,0.0,780.0,0.0,0
12209,10000.0,1,2,2,45,-1,-1,0,0,0,0,492.0,9017.0,9787.0,9897.0,9707.0,-173.0,10300.0,1000.0,500.0,200.0,0.0,10200.0,0
12213,100000.0,2,3,1,45,-1,-1,-1,-1,-1,-1,1480.0,916.0,1238.0,916.0,1444.0,1450.0,916.0,1238.0,916.0,1444.0,1450.0,1143.0,0
12219,380000.0,1,1,1,55,0,0,0,0,0,0,126880.0,130324.0,152869.0,137442.0,82800.0,42083.0,7000.0,25390.0,10000.0,20000.0,1659.0,1600.0,0
12231,30000.0,1,2,1,37,0,0,0,2,2,2,19625.0,20673.0,23702.0,23026.0,27798.0,27219.0,1671.0,3700.0,0.0,5335.0,0.0,2054.0,0
12233,80000.0,2,1,2,25,0,0,0,0,0,0,66426.0,55334.0,53738.0,49021.0,45494.0,44218.0,2657.0,1800.0,1799.0,1616.0,1697.0,1737.0,0
12239,20000.0,2,2,2,22,-1,0,0,-1,-1,-2,11999.0,3617.0,4165.0,6323.0,0.0,0.0,1062.0,1000.0,10488.0,0.0,0.0,0.0,1
12242,400000.0,2,3,1,42,-1,-1,-1,-1,-1,-1,10132.0,16932.0,13088.0,28540.0,11860.0,3978.0,16932.0,13088.0,28540.0,11860.0,3978.0,2390.0,0
12246,50000.0,2,2,1,34,0,0,0,0,0,0,46337.0,47384.0,48382.0,49392.0,50608.0,50722.0,1792.0,1790.0,1800.0,2000.0,1835.0,3628.0,0
12247,160000.0,2,1,1,34,-1,-1,-1,-1,-1,-1,1072.0,3297.0,5923.0,158.0,11030.0,158.0,3297.0,5939.0,158.0,11030.0,158.0,158.0,0
12252,160000.0,2,2,1,42,-2,-2,-2,-2,-2,-2,0.0,0.0,0.0,0.0,0.0,0.0,0.0,0.0,0.0,0.0,0.0,0.0,0
12261,90000.0,2,2,2,23,2,4,4,3,4,3,37639.0,38743.0,37825.0,40299.0,39093.0,38167.0,2000.0,0.0,3400.0,0.0,0.0,1000.0,0
12267,290000.0,2,3,2,37,-1,-1,-1,-1,-1,-1,396.0,396.0,396.0,396.0,396.0,396.0,396.0,396.0,396.0,396.0,396.0,396.0,0
12268,200000.0,1,3,1,36,-1,-1,-1,-1,-1,-1,5308.0,3959.0,13868.0,4094.0,2247.0,17794.0,3981.0,13909.0,4106.0,2253.0,17847.0,2123.0,0
12273,310000.0,2,1,2,29,0,0,0,0,0,0,44592.0,40110.0,39805.0,36823.0,38987.0,32304.0,2000.0,1620.0,1332.0,2772.0,1500.0,1500.0,0
12276,50000.0,2,2,2,38,0,0,0,0,0,-1,41724.0,92054.0,50120.0,19587.0,10577.0,7533.0,5000.0,5120.0,10292.0,5577.0,7533.0,1000.0,0
12285,280000.0,2,1,2,35,-2,-2,-2,-2,0,-1,6302.0,4618.0,183.0,2568.0,2371.0,7610.0,4663.0,0.0,4953.0,12.0,7647.0,1676.0,0
12298,100000.0,2,1,2,22,2,0,0,0,2,0,36891.0,38498.0,39185.0,39867.0,39696.0,7594.0,2201.0,1888.0,1500.0,96.0,300.0,432.0,1
12299,100000.0,2,1,2,25,1,-1,-1,-1,-1,-1,0.0,460.0,0.0,85.0,60.0,520.0,460.0,0.0,85.0,60.0,520.0,0.0,0
12306,30000.0,2,2,2,21,-1,-1,0,0,-1,-1,290.0,12115.0,11306.0,3562.0,1621.0,1307.0,20002.0,1101.0,1.0,1724.0,1408.0,0.0,0
12313,300000.0,2,1,2,37,-2,-1,0,0,0,0,0.0,51.0,12351.0,12351.0,12363.0,9974.0,51.0,12300.0,0.0,12.0,49.0,11767.0,0
12339,10000.0,2,1,2,24,0,0,0,0,0,0,6709.0,7895.0,8751.0,8925.0,9111.0,9360.0,1300.0,1146.0,320.0,330.0,400.0,1000.0,0
12341,210000.0,2,1,2,26,0,0,-1,-1,0,-1,3292.0,6399.0,2085.0,3000.0,6634.0,1298.0,3399.0,2085.0,3000.0,3634.0,1300.0,2000.0,0
12343,80000.0,2,2,2,24,0,0,0,-2,-2,-2,3278.0,4000.0,0.0,0.0,0.0,0.0,1000.0,0.0,0.0,0.0,0.0,0.0,0
12344,230000.0,1,1,2,28,0,0,0,0,0,0,29108.0,29240.0,30062.0,31253.0,31965.0,36782.0,1587.0,1409.0,10000.0,1193.0,6782.0,1026.0,0
12348,130000.0,2,2,1,46,0,0,0,-2,-2,-2,125557.0,124900.0,0.0,0.0,0.0,0.0,2498.0,0.0,0.0,0.0,0.0,0.0,0
12357,150000.0,2,5,2,33,0,0,0,0,0,0,232327.0,237150.0,239410.0,39584.0,32815.0,35626.0,5877.0,5419.0,1009.0,1120.0,5000.0,7128.0,0
12378,120000.0,2,1,2,32,0,0,0,0,0,0,18955.0,18973.0,18204.0,17344.0,13246.0,26781.0,1315.0,1169.0,2472.0,453.0,500.0,8494.0,0
12380,140000.0,2,2,2,33,-1,-1,-1,-1,-1,-1,4882.0,4882.0,4876.0,4666.0,4884.0,4666.0,4882.0,4876.0,4666.0,4884.0,4666.0,4666.0,0
12384,340000.0,2,1,2,30,-1,-1,-1,-1,-1,-1,2943.0,3352.0,3738.0,1794.0,1339.0,10673.0,3375.0,3759.0,1803.0,1345.0,10726.0,869.0,0
12390,30000.0,2,2,1,33,0,0,0,0,0,0,12051.0,13101.0,14413.0,14476.0,14792.0,15145.0,1250.0,1537.0,600.0,550.0,600.0,800.0,0
12393,30000.0,2,3,1,47,2,2,2,2,2,2,28073.0,28515.0,27150.0,28100.0,28104.0,28181.0,1800.0,0.0,2300.0,1200.0,1300.0,0.0,1
12395,20000.0,1,3,2,45,1,2,2,2,2,2,15748.0,16497.0,16928.0,17354.0,16934.0,18347.0,1300.0,1000.0,1000.0,0.0,1700.0,600.0,1
12399,400000.0,2,1,2,29,1,2,0,0,0,0,77970.0,70557.0,71867.0,72137.0,72955.0,76467.0,0.0,3200.0,2750.0,3000.0,5800.0,2800.0,0
12415,180000.0,2,2,1,28,-1,-1,-1,-1,-1,-1,1206.0,661.0,1503.0,1379.0,1216.0,1440.0,661.0,1512.0,1379.0,1216.0,1440.0,316.0,0
12416,370000.0,2,1,1,31,-2,-1,0,0,0,0,0.0,229818.0,234379.0,239082.0,244124.0,243986.0,229818.0,8409.0,8500.0,8800.0,8800.0,14100.0,0
12430,150000.0,1,2,2,42,-2,-2,-2,-2,-2,-2,6407.0,-6.0,-3.0,-3.0,-3.0,1040.0,0.0,0.0,0.0,0.0,1043.0,0.0,0
12433,20000.0,1,2,2,24,2,2,4,4,4,4,1650.0,1650.0,1650.0,1650.0,1650.0,1650.0,0.0,0.0,0.0,0.0,0.0,0.0,0
12441,150000.0,1,3,1,49,0,0,0,0,0,0,32866.0,37293.0,36772.0,4521.0,6452.0,6742.0,5028.0,3000.0,3000.0,2000.0,378.0,3306.0,0
12442,460000.0,1,1,2,34,0,0,0,0,0,0,362816.0,372284.0,380257.0,386847.0,301231.0,325831.0,15325.0,16000.0,15000.0,11000.0,30000.0,20004.0,0
12450,260000.0,2,3,1,31,0,0,-2,-2,-2,-2,20000.0,0.0,0.0,0.0,0.0,0.0,0.0,0.0,0.0,0.0,0.0,7287.0,0
12454,60000.0,2,2,2,22,1,2,2,0,0,0,52126.0,52707.0,47939.0,29351.0,28128.0,27811.0,2030.0,0.0,1014.0,1001.0,1020.0,1142.0,1
12461,50000.0,2,3,1,36,0,0,0,0,0,0,13572.0,10805.0,8623.0,8799.0,8468.0,8768.0,1188.0,3000.0,176.0,169.0,300.0,1200.0,0
12464,360000.0,1,1,1,40,0,0,2,-1,-1,-1,76584.0,85400.0,17295.0,8331.0,2643.0,6008.0,21358.0,86.0,8372.0,2656.0,6038.0,3325.0,0
12466,210000.0,1,3,1,44,1,2,2,-2,-2,-2,19131.0,18447.0,0.0,0.0,0.0,0.0,0.0,0.0,0.0,0.0,0.0,0.0,1
12479,20000.0,1,3,2,25,0,0,0,0,0,0,13701.0,14413.0,15781.0,15939.0,16271.0,16590.0,1241.0,1609.0,717.0,738.0,740.0,789.0,0
12481,110000.0,2,2,2,34,0,0,0,0,0,0,93039.0,81169.0,82800.0,107986.0,99627.0,80610.0,4500.0,4100.0,67606.0,4100.0,3100.0,2861.0,0
12499,50000.0,1,3,1,48,0,0,0,0,-1,-1,45600.0,12404.0,7857.0,3181.0,2430.0,780.0,1800.0,1506.0,6.0,2430.0,780.0,0.0,0
12505,560000.0,1,2,1,43,-1,0,0,0,0,0,168211.0,139873.0,142391.0,145345.0,148177.0,139831.0,5060.0,4827.0,4974.0,4942.0,4573.0,4074.0,0
12515,90000.0,2,2,2,29,0,0,0,0,0,0,89068.0,83890.0,77489.0,46544.0,48266.0,49926.0,4073.0,5021.0,3000.0,3000.0,3000.0,2000.0,0
12516,30000.0,1,2,2,28,-1,0,0,0,-1,-1,27368.0,23023.0,27428.0,28720.0,780.0,0.0,3000.0,5000.0,2000.0,780.0,0.0,0.0,1
12518,280000.0,2,2,2,32,-2,-2,-2,-2,-2,-2,0.0,0.0,0.0,0.0,0.0,0.0,0.0,0.0,0.0,0.0,0.0,0.0,0
12520,100000.0,2,2,2,27,2,3,3,2,2,3,97156.0,97634.0,96461.0,96975.0,101280.0,101935.0,2900.0,1300.0,3000.0,5450.0,2000.0,0.0,1
12529,250000.0,2,1,1,37,0,0,0,0,0,0,13504.0,13486.0,14261.0,7019.0,7062.0,7242.0,1267.0,1310.0,232.0,238.0,279.0,122.0,0
12535,210000.0,2,2,1,34,0,0,0,0,0,0,140272.0,115922.0,105875.0,97873.0,90872.0,72969.0,6018.0,6029.0,3000.0,3500.0,3000.0,3000.0,0
12545,50000.0,1,2,1,39,0,0,0,0,0,0,11665.0,12405.0,13355.0,13622.0,11550.0,11713.0,1232.0,1182.0,449.0,565.0,504.0,233.0,0
12548,220000.0,1,1,2,38,1,2,-1,-1,0,-1,7311.0,5590.0,1066.0,2404.0,1338.0,19082.0,0.0,1066.0,2404.0,0.0,19082.0,4421.0,0
12551,160000.0,1,1,2,53,2,2,-1,-1,-2,-1,1309.0,0.0,4582.0,0.0,0.0,2191.0,0.0,4582.0,0.0,0.0,2191.0,4825.0,1
12560,200000.0,1,1,1,31,0,0,0,0,0,0,179063.0,159466.0,162739.0,163555.0,166452.0,168398.0,5000.0,5100.0,5000.0,6000.0,4500.0,20000.0,0
12571,120000.0,2,1,2,27,-1,-1,-1,-1,-1,-1,1026.0,1026.0,1026.0,1026.0,1026.0,1026.0,1026.0,1026.0,1026.0,1026.0,1026.0,1026.0,0
12574,10000.0,2,3,1,49,-1,-1,-2,-1,2,2,32.0,-358.0,-748.0,1690.0,1138.0,930.0,0.0,0.0,2828.0,0.0,182.0,0.0,1
12580,500000.0,1,1,2,33,0,0,0,0,0,0,49981.0,45803.0,43838.0,25588.0,24648.0,23773.0,2200.0,2000.0,3000.0,2000.0,2657.0,85500.0,0
12590,60000.0,2,2,2,26,0,0,0,0,0,0,3724.0,5782.0,24653.0,25831.0,27483.0,28085.0,5600.0,20000.0,2500.0,3000.0,2000.0,1500.0,0
12596,30000.0,1,3,2,38,0,0,0,0,0,0,14095.0,15117.0,16130.0,16462.0,16808.0,17140.0,1255.0,1268.0,600.0,611.0,612.0,1000.0,0
12598,150000.0,2,2,1,30,-1,-1,2,-1,-1,-1,696.0,1392.0,696.0,696.0,873.0,1392.0,1392.0,0.0,696.0,873.0,1392.0,696.0,1
12600,150000.0,1,3,1,38,0,0,0,0,0,0,40441.0,38497.0,39552.0,40393.0,41243.0,42157.0,2000.0,2000.0,1500.0,1500.0,1600.0,1600.0,0
12601,50000.0,1,3,1,55,0,0,2,0,0,2,42067.0,45127.0,44106.0,44839.0,47634.0,46718.0,4055.0,0.0,1767.0,3683.0,0.0,1817.0,0
12602,40000.0,1,2,3,41,0,0,0,0,0,0,39295.0,38490.0,38224.0,37764.0,38029.0,32179.0,1786.0,1890.0,2000.0,1104.0,948.0,337.0,0
12627,80000.0,1,3,1,55,0,0,0,0,0,0,82567.0,84221.0,80041.0,19000.0,15178.0,14717.0,3121.0,8443.0,1582.0,548.0,531.0,479.0,0
12636,250000.0,2,1,1,53,0,0,0,0,0,0,252916.0,251830.0,245429.0,186620.0,193003.0,191867.0,9011.0,8146.0,6000.0,13003.0,11867.0,17186.0,0
12637,50000.0,2,2,2,24,1,-2,-1,-1,0,0,0.0,0.0,51400.0,11330.0,12144.0,12938.0,0.0,51400.0,11330.0,1000.0,1000.0,1519.0,0
12639,280000.0,1,1,2,31,-1,-1,-2,-1,-1,-1,2158.0,-2.0,-2.0,5823.0,2900.0,42128.0,0.0,0.0,5825.0,2915.0,42338.0,2419.0,1
12642,140000.0,2,2,2,24,1,-2,-1,-1,2,0,0.0,0.0,167.0,80644.0,146651.0,55776.0,0.0,167.0,80677.0,0.0,2500.0,28.0,0
12649,160000.0,2,2,1,40,1,-2,-2,-2,-2,-2,0.0,0.0,0.0,0.0,0.0,0.0,0.0,0.0,0.0,0.0,0.0,0.0,0
12651,500000.0,2,1,1,38,0,0,0,0,0,0,105587.0,105478.0,100026.0,86265.0,67539.0,53676.0,3627.0,3059.0,2670.0,2331.0,2406.0,1645.0,0
12652,290000.0,2,2,2,24,0,0,0,0,0,0,230014.0,219207.0,215223.0,216261.0,217537.0,216014.0,8411.0,8600.0,7000.0,7300.0,7000.0,6000.0,0
12670,60000.0,1,3,1,55,-2,-2,-2,-2,-2,-2,0.0,0.0,0.0,0.0,0.0,0.0,0.0,0.0,0.0,0.0,0.0,0.0,0
12672,60000.0,2,1,2,26,1,-1,0,0,0,0,0.0,23040.0,28266.0,43296.0,44307.0,43550.0,23040.0,8000.0,20000.0,1669.0,1549.0,15000.0,0
12674,430000.0,2,2,1,42,2,2,2,2,2,2,289358.0,296219.0,300873.0,294527.0,308523.0,318274.0,13000.0,11000.0,0.0,19000.0,15000.0,0.0,1
12677,200000.0,1,3,1,36,0,0,0,2,2,2,25469.0,26663.0,28509.0,27381.0,29054.0,28052.0,2000.0,3000.0,0.0,2500.0,0.0,1500.0,1
12685,170000.0,2,1,2,30,0,0,0,0,0,0,30552.0,29342.0,30544.0,30477.0,2609.0,1359.0,2500.0,2500.0,780.0,1100.0,400.0,918.0,0
12693,120000.0,1,1,2,27,0,0,0,0,0,0,60109.0,44206.0,38083.0,36728.0,36952.0,35475.0,2415.0,1816.0,1381.0,1264.0,1228.0,1217.0,0
12696,20000.0,2,3,2,38,-1,-1,2,0,-1,-1,12193.0,11242.0,8015.0,3668.0,3508.0,5278.0,5015.0,0.0,0.0,3508.0,5278.0,780.0,0
12702,200000.0,2,1,2,25,0,0,0,0,0,0,190123.0,194059.0,194464.0,76223.0,77822.0,80598.0,8487.0,5105.0,3000.0,2828.0,4073.0,1794.0,0
12705,270000.0,1,1,2,33,-1,-1,-1,-1,-1,-1,9711.0,9363.0,13951.0,8938.0,15280.0,18002.0,9391.0,13999.0,8964.0,15325.0,18028.0,211.0,0
12708,350000.0,2,1,1,50,-1,-1,-1,-1,-1,-1,50376.0,20717.0,10133.0,28858.0,8693.0,9194.0,20717.0,10173.0,28858.0,8693.0,9194.0,17436.0,0
12719,150000.0,2,1,2,52,0,0,0,0,0,0,135450.0,137647.0,141046.0,143490.0,146060.0,149861.0,4771.0,4952.0,4019.0,4132.0,5037.0,3500.0,1
12721,20000.0,1,2,1,32,0,0,0,0,0,0,14662.0,10305.0,11127.0,12928.0,13721.0,14492.0,1500.0,1300.0,2000.0,1000.0,1000.0,1000.0,0
12743,170000.0,2,2,2,50,-1,-1,-1,-1,-1,-1,10072.0,2417.0,199.0,1628.0,0.0,4968.0,2417.0,199.0,1628.0,0.0,4968.0,0.0,0
12767,80000.0,2,2,1,42,0,0,-1,-1,0,0,43024.0,9821.0,600.0,53900.0,55000.0,65000.0,5098.0,600.0,53900.0,1100.0,10000.0,0.0,0
12768,180000.0,2,1,2,27,2,2,0,0,2,2,153198.0,151128.0,152785.0,168657.0,165872.0,173667.0,1813.0,5667.0,18483.0,0.0,11000.0,1842.0,1
12780,300000.0,2,1,2,46,1,-2,-2,-2,-2,-2,0.0,0.0,0.0,0.0,0.0,0.0,0.0,0.0,0.0,0.0,0.0,0.0,1
12790,300000.0,2,1,2,26,-1,0,0,0,0,0,48729.0,47798.0,57390.0,36766.0,38586.0,84950.0,7500.0,18340.0,1000.0,3000.0,57543.0,64629.0,0
12792,50000.0,2,2,2,22,0,0,0,0,0,0,44320.0,45884.0,47104.0,48205.0,17555.0,7809.0,2280.0,2500.0,1401.0,0.0,3000.0,2110.0,0
12804,150000.0,1,3,1,52,0,0,0,0,0,0,88812.0,90649.0,92499.0,94364.0,97589.0,99921.0,2564.0,2616.0,2647.0,4000.0,3158.0,2215.0,1
12806,110000.0,2,1,1,46,-1,-1,-1,-1,-1,-1,734.0,9455.0,1277.0,2170.0,16070.0,1760.0,9483.0,1338.0,2176.0,16070.0,1760.0,927.0,0
12813,130000.0,2,2,2,29,1,3,2,2,2,2,129094.0,125616.0,126531.0,127571.0,121365.0,125368.0,0.0,4500.0,4500.0,900.0,7200.0,4980.0,1
12833,110000.0,1,1,2,26,0,0,0,0,0,0,110925.0,110909.0,111851.0,153551.0,75749.0,77217.0,5607.0,4400.0,2683.0,5466.0,5000.0,2000.0,0
12839,300000.0,2,1,2,42,-1,-1,-1,0,0,-2,6349.0,668.0,9737.0,367.0,-23.0,-413.0,668.0,9800.0,0.0,0.0,0.0,0.0,0
12841,60000.0,2,2,1,33,2,0,0,0,0,0,60099.0,60983.0,55595.0,54940.0,47959.0,29763.0,2500.0,2006.0,5000.0,2000.0,2000.0,0.0,1
12845,200000.0,1,1,1,30,0,0,0,0,0,0,182338.0,123079.0,124075.0,99440.0,104685.0,54038.0,4653.0,5000.0,5000.0,6000.0,5000.0,10000.0,0
12849,30000.0,2,3,1,51,0,0,0,0,0,0,17454.0,18964.0,20442.0,21592.0,23079.0,24529.0,1800.0,1800.0,1801.0,2001.0,2000.0,2001.0,0
12853,330000.0,1,1,2,33,0,0,0,0,0,0,223445.0,122096.0,125969.0,127044.0,127027.0,129945.0,5005.0,6000.0,3614.0,4000.0,4000.0,4000.0,0
12858,130000.0,2,2,1,45,2,-1,-1,-1,-1,-1,990.0,990.0,990.0,990.0,1130.0,990.0,990.0,990.0,990.0,1130.0,1000.0,9880.0,0
12862,50000.0,1,2,1,36,-1,0,0,0,0,0,3580.0,4597.0,5757.0,5869.0,5838.0,5971.0,1084.0,1244.0,356.0,212.0,230.0,205.0,1
12868,20000.0,1,3,2,40,0,0,2,0,0,-2,5945.0,8184.0,7839.0,7999.0,0.0,0.0,2345.0,0.0,160.0,0.0,0.0,0.0,1
12870,500000.0,1,2,1,35,-2,-2,-2,-2,-2,-2,2295.0,1384.0,1384.0,1384.0,5590.0,4542.0,1384.0,1384.0,1384.0,5590.0,4542.0,1000.0,0
12872,200000.0,1,2,2,27,0,-1,-1,-1,-2,-2,7934.0,16140.0,9043.0,-1136.0,-1136.0,-1136.0,16140.0,1000.0,0.0,0.0,0.0,0.0,0
12875,170000.0,2,2,1,38,0,0,0,0,0,0,146518.0,142954.0,134372.0,84558.0,86538.0,88299.0,7031.0,6026.0,3200.0,3500.0,3200.0,4000.0,0
12886,100000.0,2,2,1,60,-2,-1,-1,-1,-1,-1,0.0,198.0,198.0,324.0,171.0,0.0,198.0,198.0,324.0,171.0,0.0,144.0,0
12891,180000.0,2,1,2,29,0,0,0,0,0,0,134797.0,134041.0,132295.0,130166.0,129158.0,127963.0,5000.0,4600.0,4600.0,4700.0,4972.0,5000.0,0
12892,210000.0,2,3,2,35,-2,-2,-2,-2,-2,-2,1983.0,-17.0,9000.0,7905.0,1434.0,1008.0,0.0,9017.0,7905.0,1434.0,1008.0,660.0,0
12899,50000.0,1,2,2,31,2,0,0,0,-1,-1,49804.0,28662.0,29476.0,4011.0,1000.0,0.0,2000.0,1500.0,1000.0,1000.0,0.0,0.0,0
12901,150000.0,2,3,1,46,1,-2,-2,-2,-2,-2,0.0,0.0,0.0,0.0,0.0,0.0,0.0,0.0,0.0,0.0,0.0,0.0,1
12923,90000.0,2,2,2,33,2,2,0,0,2,2,61367.0,59814.0,61816.0,65180.0,63979.0,63733.0,0.0,3000.0,5010.0,0.0,5000.0,0.0,1
12941,60000.0,2,3,1,33,0,0,0,0,0,0,57561.0,57766.0,49351.0,28549.0,29063.0,28863.0,2100.0,3000.0,1500.0,1500.0,1100.0,1100.0,0
12944,70000.0,2,2,2,30,0,0,0,0,0,0,19758.0,8960.0,9949.0,10298.0,10511.0,9764.0,1162.0,1151.0,500.0,513.0,424.0,195.0,0
12946,150000.0,2,2,2,42,-1,-1,-1,-2,-1,-1,2800.0,67568.0,0.0,0.0,6674.0,0.0,67568.0,0.0,0.0,6674.0,0.0,0.0,0
12954,210000.0,2,1,1,36,-2,-2,-2,-2,-2,-2,167.0,0.0,0.0,0.0,0.0,0.0,0.0,0.0,0.0,0.0,0.0,0.0,0
12955,150000.0,2,1,2,29,-1,-1,-1,0,-1,-1,560.0,290.0,549.0,204.0,16048.0,0.0,390.0,649.0,145.0,16048.0,0.0,0.0,0
12960,150000.0,2,3,1,25,0,0,0,0,0,0,29823.0,25968.0,24823.0,22908.0,19325.0,12854.0,1630.0,7000.0,5000.0,3000.0,257.0,40825.0,0
12962,270000.0,2,1,1,50,-1,-1,-1,-1,-1,-1,1363.0,0.0,6098.0,3500.0,7324.0,9466.0,0.0,6098.0,3500.0,7324.0,9466.0,2296.0,0
12971,280000.0,2,2,1,44,0,0,0,0,0,0,286706.0,272243.0,203744.0,203520.0,207878.0,211812.0,10480.0,8041.0,7200.0,7500.0,7093.0,5702.0,0
12979,100000.0,1,2,1,44,0,0,2,0,0,-1,11119.0,12376.0,4419.0,2946.0,1473.0,3230.0,3000.0,0.0,0.0,0.0,3230.0,0.0,0
12984,30000.0,1,1,2,31,0,0,0,0,0,0,28398.0,18550.0,13198.0,13222.0,14620.0,17376.0,2081.0,1196.0,1000.0,2000.0,3000.0,5000.0,0
13005,230000.0,2,1,1,36,-2,-2,-2,-2,-2,-2,3240.0,0.0,0.0,0.0,0.0,0.0,0.0,0.0,0.0,0.0,0.0,0.0,0
13012,110000.0,1,2,2,26,0,0,0,0,0,2,34949.0,35686.0,37086.0,37967.0,40551.0,39749.0,1600.0,2000.0,1500.0,3200.0,0.0,1500.0,0
13019,200000.0,2,2,2,27,0,0,0,0,0,0,65489.0,41413.0,40400.0,25570.0,10060.0,8619.0,4013.0,2684.0,5625.0,1020.0,3044.0,39777.0,0
13036,130000.0,1,2,1,45,-1,-1,-1,-1,-1,-1,390.0,390.0,390.0,390.0,390.0,0.0,390.0,390.0,390.0,390.0,0.0,780.0,1
13042,20000.0,1,1,2,23,0,0,0,0,0,0,15196.0,16373.0,17590.0,18107.0,18756.0,19949.0,1428.0,1500.0,800.0,936.0,2000.0,797.0,0
13049,40000.0,1,3,2,24,2,0,0,0,0,0,39149.0,39189.0,40543.0,38922.0,39901.0,40746.0,1658.0,2012.0,1392.0,1605.0,1668.0,1201.0,1
13053,50000.0,2,2,2,23,0,0,0,0,0,0,49100.0,47910.0,32842.0,19748.0,19403.0,19536.0,15000.0,2024.0,5004.0,1000.0,1000.0,1000.0,0
13057,30000.0,2,2,1,29,2,2,0,0,0,0,26414.0,27189.0,28235.0,28669.0,29355.0,29913.0,1500.0,1800.0,1200.0,1300.0,1200.0,600.0,0
13066,80000.0,2,2,2,30,0,0,0,0,0,0,79194.0,80575.0,76782.0,48643.0,49263.0,49869.0,3077.0,2291.0,1723.0,1775.0,1802.0,1763.0,0
13069,100000.0,1,1,2,33,0,0,0,0,0,0,84647.0,87369.0,88489.0,83639.0,80893.0,81643.0,4085.0,3505.0,3479.0,3097.0,3259.0,3253.0,0
13071,500000.0,2,1,1,38,1,-2,-1,-1,-2,-1,0.0,0.0,2331.0,0.0,0.0,2199.0,0.0,2331.0,0.0,0.0,2199.0,0.0,0
13075,490000.0,2,1,1,37,-1,-1,-1,0,0,-1,36518.0,77996.0,274442.0,233793.0,49461.0,12207.0,77996.0,274526.0,4693.0,989.0,12207.0,93707.0,0
13107,360000.0,2,1,1,49,1,-2,-2,-2,-2,-2,0.0,0.0,0.0,0.0,0.0,0.0,0.0,0.0,0.0,0.0,0.0,0.0,0
13111,210000.0,2,2,1,28,-2,-2,-2,-2,-2,-2,1412.0,1194.0,404.0,2851.0,2959.0,693.0,1194.0,404.0,2851.0,2959.0,782.0,2657.0,1
13126,400000.0,1,1,1,34,-2,-2,-2,-2,-2,-2,0.0,0.0,0.0,0.0,0.0,0.0,0.0,0.0,0.0,0.0,0.0,0.0,0
13140,200000.0,2,2,1,50,-1,-1,-2,-1,-1,-2,4608.0,-200.0,0.0,12141.0,0.0,0.0,0.0,200.0,12141.0,0.0,0.0,0.0,1
13143,180000.0,2,2,1,29,0,0,-1,0,0,0,3783.0,2813.0,839.0,1557.0,51680.0,53115.0,2000.0,839.0,718.0,50824.0,2242.0,1100.0,0
13173,60000.0,1,3,1,38,2,2,2,0,0,0,32232.0,25086.0,24404.0,25212.0,28147.0,30152.0,4000.0,0.0,1500.0,3500.0,2600.0,0.0,1
13174,100000.0,2,2,1,33,2,0,0,0,0,0,96547.0,97120.0,95375.0,54612.0,30306.0,60897.0,5305.0,3590.0,1118.0,720.0,50000.0,4200.0,0
13178,300000.0,2,1,2,34,2,2,2,2,-2,-2,2500.0,2500.0,2500.0,0.0,0.0,0.0,0.0,0.0,0.0,0.0,0.0,0.0,1
13184,360000.0,1,2,1,36,-1,-1,-1,-1,-1,-1,6783.0,2337.0,10990.0,74562.0,-28.0,5677.0,2347.0,11046.0,74934.0,0.0,5705.0,8503.0,0
13194,30000.0,1,2,1,42,0,0,2,0,0,0,18583.0,20940.0,20306.0,20965.0,21625.0,22055.0,2975.0,0.0,1000.0,1000.0,790.0,816.0,1
13198,140000.0,2,2,2,26,0,0,0,0,0,2,135294.0,137425.0,134487.0,135945.0,131296.0,139207.0,7462.0,6487.0,5025.0,6101.0,10601.0,2.0,0
13204,220000.0,2,1,2,24,0,0,0,0,0,0,51908.0,53087.0,54167.0,55267.0,56586.0,57993.0,2017.0,1965.0,2000.0,2210.0,2500.0,2339.0,0
13205,400000.0,1,2,2,35,0,0,-2,-1,0,0,11052.0,0.0,0.0,53826.0,55061.0,71541.0,0.0,0.0,53826.0,1642.0,20000.0,1256.0,0
13209,30000.0,1,2,2,34,0,0,0,0,0,0,28509.0,29739.0,29372.0,29514.0,27226.0,25408.0,2003.0,1504.0,2017.0,2000.0,1000.0,1100.0,0
13219,20000.0,1,1,2,23,2,0,0,2,2,2,3206.0,4093.0,5514.0,5277.0,5791.0,5550.0,1100.0,1500.0,0.0,600.0,0.0,600.0,1
13231,90000.0,2,2,2,23,0,0,0,0,0,0,42105.0,43919.0,46812.0,44976.0,46406.0,47625.0,2500.0,3970.0,2500.0,2500.0,2500.0,1700.0,1
13233,100000.0,1,2,2,32,1,-2,-2,-2,-2,-2,0.0,0.0,0.0,0.0,0.0,0.0,0.0,0.0,0.0,0.0,0.0,0.0,1
13237,70000.0,2,1,2,23,0,0,0,0,0,0,8878.0,10077.0,11203.0,11320.0,11487.0,11895.0,1500.0,1600.0,600.0,500.0,600.0,2600.0,0
13238,360000.0,2,2,2,53,-1,-1,-1,-1,-1,-1,5583.0,495.0,1862.0,230.0,661.0,658.0,495.0,1862.0,230.0,661.0,658.0,532.0,0
13247,360000.0,1,1,2,29,0,0,0,0,0,0,90071.0,83204.0,75869.0,58219.0,45605.0,32245.0,3032.0,2311.0,1570.0,1500.0,983.0,3000.0,0
13252,120000.0,2,1,2,26,0,0,-1,0,0,-1,1379.0,9839.0,4390.0,850.0,850.0,831.0,9000.0,4390.0,0.0,0.0,831.0,6000.0,0
13256,170000.0,2,2,2,29,0,0,0,0,0,0,161581.0,163500.0,166003.0,167287.0,165510.0,168507.0,6000.0,8000.0,6300.0,6000.0,6500.0,6100.0,0
13258,200000.0,1,1,2,36,1,-2,-2,-2,-1,-1,0.0,0.0,0.0,0.0,3774.0,0.0,0.0,0.0,0.0,3774.0,0.0,686.0,0
13262,60000.0,2,2,1,60,8,7,6,5,4,3,69183.0,68216.0,66616.0,65016.0,63449.0,62149.0,0.0,0.0,0.0,0.0,0.0,0.0,0
13266,300000.0,1,1,2,29,-2,-2,-2,-2,-2,-2,22391.0,3637.0,1705.0,-4.0,36581.0,332.0,4018.0,1809.0,0.0,36583.0,334.0,0.0,0
13282,450000.0,2,1,2,36,-1,-1,-1,-1,-1,-1,3893.0,522.0,2218.0,99.0,99.0,412.0,600.0,2300.0,0.0,0.0,412.0,3146.0,1
13291,20000.0,2,3,1,41,0,0,0,2,2,2,7478.0,8497.0,10162.0,9852.0,10418.0,10102.0,1146.0,1811.0,0.0,876.0,0.0,374.0,0
13292,50000.0,2,1,2,22,2,2,2,2,2,2,46035.0,46620.0,47341.0,45527.0,48358.0,47442.0,2000.0,1800.0,0.0,4100.0,0.0,2500.0,1
13293,10000.0,1,3,2,31,0,0,0,0,0,0,5062.0,5687.0,6132.0,5851.0,5735.0,6087.0,1259.0,1100.0,197.0,362.0,1000.0,1000.0,0
13302,110000.0,1,1,2,26,0,0,0,0,0,0,64767.0,67724.0,49104.0,51202.0,50289.0,50528.0,6000.0,2000.0,3000.0,2000.0,2000.0,3000.0,0
13309,360000.0,2,2,1,40,0,0,0,0,0,0,352583.0,343476.0,279728.0,264189.0,271688.0,288740.0,10461.0,10212.0,8000.0,10000.0,20000.0,10000.0,0
13311,140000.0,1,2,1,42,0,0,0,0,0,0,127939.0,100372.0,84587.0,65589.0,69117.0,65911.0,5059.0,14659.0,5000.0,8000.0,5000.0,10000.0,0
13318,330000.0,1,2,1,42,-1,-1,-1,0,0,-1,118601.0,4101.0,133359.0,138959.0,102279.0,106172.0,4101.0,133359.0,6000.0,2046.0,106172.0,63750.0,0
13329,390000.0,2,1,2,31,0,0,0,0,0,0,252109.0,252401.0,180074.0,178025.0,198721.0,162444.0,12009.0,7508.0,6000.0,39604.0,6341.0,5000.0,1
13336,100000.0,1,3,2,28,-1,0,0,-1,-1,-1,103728.0,104908.0,65800.0,18300.0,33336.0,31558.0,3184.0,3000.0,18300.0,33336.0,984.0,63000.0,1
13349,150000.0,2,1,1,38,-1,-1,-2,-2,-2,-1,750.0,0.0,0.0,0.0,0.0,2040.0,0.0,0.0,0.0,0.0,2040.0,13061.0,1
13360,200000.0,2,1,2,29,0,-1,0,0,0,0,1467.0,439.0,2257.0,43720.0,43968.0,45182.0,439.0,2000.0,42000.0,1700.0,2000.0,1700.0,0
13367,360000.0,2,2,1,42,1,-1,-1,-1,-1,-1,0.0,6815.0,0.0,1000.0,6344.0,2408.0,6815.0,0.0,1000.0,6344.0,2408.0,0.0,0
13369,10000.0,1,2,2,35,0,0,0,0,0,0,8857.0,8661.0,9055.0,9665.0,9297.0,5555.0,2300.0,1000.0,1000.0,1000.0,2000.0,3094.0,0
13371,500000.0,1,1,1,35,-2,-2,-2,-2,-2,-2,0.0,0.0,0.0,0.0,0.0,0.0,0.0,0.0,0.0,0.0,0.0,0.0,1
13372,500000.0,1,1,1,69,-1,-1,-1,-1,-1,-1,1200.0,5652.0,271.0,1234.0,1015.0,3579.0,5652.0,271.0,1234.0,1015.0,3579.0,2053.0,0
13373,360000.0,2,2,2,28,0,0,0,0,0,-1,63352.0,58601.0,19567.0,16658.0,17249.0,247.0,6010.0,4000.0,0.0,2000.0,247.0,12000.0,0
13383,140000.0,1,3,1,54,-1,-1,-1,-1,-1,-1,1045.0,1947.0,998.0,955.0,1976.0,1895.0,1952.0,1001.0,957.0,1981.0,1900.0,1822.0,0
13397,360000.0,1,2,2,32,0,0,0,2,0,0,33215.0,28683.0,16989.0,12751.0,10272.0,9631.0,1331.0,6478.0,14.0,443.0,6093.0,190.0,0
13398,50000.0,2,2,1,26,0,0,0,0,-1,0,49744.0,40859.0,20706.0,-1166.0,19133.0,19127.0,1500.0,1206.0,0.0,20689.0,697.0,641.0,0
13413,100000.0,2,2,1,28,-1,-1,-1,-1,-1,-1,316.0,316.0,316.0,316.0,2588.0,782.0,316.0,316.0,316.0,2588.0,1098.0,0.0,1
13416,290000.0,2,2,1,37,0,0,0,0,-1,0,48978.0,58858.0,36129.0,20369.0,29521.0,59219.0,20078.0,5017.0,509.0,29526.0,35000.0,93600.0,0
13434,10000.0,1,1,2,25,0,0,0,0,0,0,9501.0,5794.0,7109.0,9082.0,7165.0,6951.0,1300.0,2000.0,3000.0,234.0,284.0,1149.0,0
13437,260000.0,1,2,2,30,0,0,0,0,0,0,434442.0,443629.0,452727.0,48238.0,19335.0,7093.0,10000.0,10031.0,2141.0,3074.0,3000.0,3000.0,0
13445,320000.0,1,1,1,48,2,2,2,2,2,2,201932.0,215392.0,218370.0,220977.0,225021.0,221730.0,18300.0,8000.0,7700.0,7700.0,0.0,7900.0,1
13449,200000.0,1,2,1,57,-1,-1,-1,-1,-1,-1,780.0,0.0,780.0,390.0,0.0,390.0,0.0,780.0,390.0,0.0,390.0,390.0,0
13456,140000.0,1,2,2,34,1,2,2,0,0,0,94153.0,100214.0,97720.0,98997.0,101439.0,103840.0,8500.0,0.0,3800.0,4200.0,4250.0,4100.0,0
13460,380000.0,2,3,2,39,0,0,0,0,0,0,55241.0,49773.0,81365.0,87341.0,87358.0,103740.0,10000.0,60218.0,10076.0,15012.0,20667.0,15000.0,0
13461,200000.0,1,2,1,36,1,-2,-2,-2,-1,-1,0.0,0.0,0.0,0.0,1680.0,0.0,0.0,0.0,0.0,1680.0,0.0,0.0,0
13462,50000.0,2,3,1,46,0,0,0,0,0,0,21453.0,22365.0,12874.0,13341.0,10556.0,9396.0,1634.0,1143.0,610.0,509.0,500.0,1000.0,0
13465,20000.0,1,1,2,25,1,-2,-2,-2,-2,-1,0.0,0.0,0.0,0.0,0.0,1000.0,0.0,0.0,0.0,0.0,1000.0,0.0,1
13475,130000.0,1,2,2,27,0,0,0,0,0,0,29078.0,30110.0,31119.0,31891.0,32429.0,33035.0,1506.0,1515.0,1287.0,1200.0,1341.0,1663.0,0
13488,240000.0,2,1,2,36,0,0,0,0,0,0,7283.0,5266.0,5113.0,7113.0,7113.0,4178.0,1263.0,1000.0,2000.0,2500.0,2000.0,5000.0,0
13491,150000.0,1,2,1,45,0,0,0,0,0,0,44832.0,46939.0,57181.0,49453.0,86869.0,79150.0,6020.0,15043.0,5021.0,46034.0,5002.0,5000.0,0
13494,230000.0,1,1,1,45,0,0,0,0,0,0,26071.0,27937.0,28774.0,29202.0,29683.0,30277.0,2200.0,2000.0,1100.0,1000.0,980.0,1012.0,0
13498,10000.0,1,3,1,37,-1,-1,-1,-1,-1,-1,678.0,500.0,381.0,2977.0,1000.0,0.0,602.0,381.0,2986.0,1203.0,0.0,0.0,1
13499,180000.0,2,3,1,41,2,2,2,0,0,0,100094.0,101204.0,98680.0,100644.0,102750.0,104792.0,3582.0,0.0,3605.0,3731.0,3752.0,4038.0,1
13505,50000.0,1,2,1,35,-1,2,0,0,0,0,15609.0,14686.0,15831.0,16884.0,18070.0,19218.0,0.0,2100.0,2000.0,2000.0,2000.0,2000.0,1
13506,340000.0,1,3,2,38,-2,-2,-2,-2,-2,-2,660.0,1131.0,291.0,291.0,291.0,291.0,1131.0,291.0,291.0,291.0,291.0,8048.0,0
13512,200000.0,1,1,1,42,-1,-1,-1,-1,-1,0,3664.0,718.0,2946.0,390.0,390.0,390.0,718.0,2946.0,390.0,390.0,0.0,1313.0,0
13521,140000.0,1,1,2,35,0,0,0,0,0,0,10339.0,18276.0,25852.0,14390.0,13728.0,2905.0,10006.0,10048.0,5008.0,2018.0,2005.0,1005.0,0
13523,160000.0,2,2,2,36,-2,-2,-1,-1,-1,-1,2992.0,1300.0,8899.0,6257.0,-1197.0,12151.0,1300.0,12038.0,10696.0,613.0,14262.0,0.0,0
13524,200000.0,2,2,1,40,-1,-1,-1,-2,-2,-2,6699.0,4856.0,-3.0,-3.0,-3.0,-3.0,4880.0,0.0,0.0,0.0,0.0,0.0,0
13529,20000.0,1,3,2,31,2,2,2,2,2,2,13335.0,15617.0,15090.0,16859.0,16472.0,21819.0,2800.0,0.0,2001.0,0.0,5782.0,0.0,0
13530,90000.0,1,1,2,29,-1,-1,-1,0,-1,-1,140.0,0.0,280.0,140.0,133.0,2506.0,0.0,420.0,0.0,133.0,2513.0,910.0,0
13537,200000.0,2,1,2,32,0,0,0,0,0,0,14254.0,19902.0,17822.0,15022.0,13051.0,10790.0,10000.0,2000.0,1000.0,2000.0,1790.0,1000.0,0
13538,170000.0,1,2,1,35,-1,-1,-1,0,0,-1,3995.0,6300.0,15291.0,9085.0,5801.0,6603.0,6380.0,15291.0,182.0,116.0,6603.0,4000.0,0
13545,20000.0,1,1,2,28,1,-2,-2,-2,-1,0,0.0,0.0,0.0,0.0,12723.0,30000.0,0.0,0.0,0.0,12723.0,18000.0,32200.0,0
13547,50000.0,1,1,2,28,0,0,0,-1,-1,-1,44476.0,45984.0,20972.0,16359.0,1340.0,0.0,2869.0,1527.0,16408.0,1444.0,0.0,0.0,0
13558,130000.0,2,1,2,28,0,0,0,0,0,0,31283.0,32045.0,28974.0,23386.0,23958.0,24740.0,1900.0,1500.0,1000.0,1100.0,1337.0,1500.0,1
13559,240000.0,2,2,1,48,-1,-1,-2,-2,-2,-2,101.0,0.0,0.0,0.0,0.0,0.0,0.0,0.0,0.0,0.0,0.0,0.0,1
13560,80000.0,1,3,1,65,0,0,0,-1,-1,-1,25043.0,17472.0,8922.0,3932.0,2900.0,0.0,1374.0,1026.0,3944.0,3208.0,0.0,0.0,0
13561,500000.0,2,1,2,36,1,-2,-2,-2,-2,-2,0.0,0.0,0.0,0.0,0.0,0.0,0.0,0.0,0.0,0.0,0.0,0.0,1
13566,340000.0,2,1,1,38,-1,-1,-1,0,0,-1,4397.0,13840.0,10780.0,8201.0,7675.0,5653.0,13847.0,10780.0,0.0,2000.0,5653.0,1976.0,0
13581,30000.0,1,2,1,33,0,0,0,-2,-2,-2,34914.0,35000.0,0.0,0.0,0.0,0.0,1000.0,18000.0,0.0,0.0,0.0,0.0,0
13587,80000.0,2,2,1,50,0,0,0,-1,0,-1,56602.0,14233.0,15729.0,3000.0,1500.0,1500.0,5000.0,5000.0,3000.0,0.0,1500.0,4473.0,0
13588,20000.0,2,1,1,34,0,0,0,0,0,0,5048.0,6797.0,9489.0,11349.0,14176.0,15616.0,2000.0,3000.0,2000.0,3000.0,3000.0,3000.0,0
13590,80000.0,1,2,2,28,-1,-1,0,0,0,0,10394.0,86115.0,77955.0,49955.0,47700.0,48689.0,77900.0,3694.0,1694.0,1454.0,1499.0,1711.0,0
13592,120000.0,2,2,1,42,0,0,0,0,0,0,117059.0,117000.0,116955.0,109973.0,108693.0,104890.0,5026.0,4541.0,4100.0,4100.0,4000.0,4000.0,0
13598,30000.0,1,2,2,25,0,0,0,2,0,0,7298.0,8322.0,9826.0,9519.0,10362.0,11187.0,1147.0,1651.0,0.0,1000.0,1000.0,1000.0,1
13602,30000.0,2,3,2,27,-1,-1,0,0,0,-1,5334.0,697.0,12791.0,12490.0,13990.0,300.0,3565.0,12591.0,490.0,1500.0,300.0,0.0,0
13608,260000.0,2,1,2,31,0,0,0,0,0,0,180891.0,165412.0,108223.0,108860.0,80757.0,79073.0,8250.0,5500.0,5000.0,3500.0,3000.0,4000.0,0
13610,210000.0,2,2,1,34,0,0,0,0,0,0,128553.0,109234.0,87567.0,83716.0,69925.0,64108.0,3762.0,3808.0,4177.0,2594.0,2442.0,2319.0,0
13611,280000.0,2,1,1,29,0,0,0,0,0,0,58308.0,61024.0,62665.0,63730.0,57916.0,59122.0,4000.0,3000.0,2315.0,2103.0,2500.0,2000.0,0
13613,20000.0,2,3,2,22,0,0,0,0,0,0,14218.0,13573.0,14137.0,13737.0,12680.0,12067.0,1700.0,1500.0,0.0,0.0,1067.0,392.0,0
13620,80000.0,1,1,1,25,0,0,2,2,0,0,48470.0,52374.0,52889.0,51520.0,50741.0,50322.0,4700.0,2000.0,0.0,1800.0,1850.0,1800.0,1
13638,90000.0,2,2,2,26,0,0,2,0,0,0,87561.0,92996.0,89866.0,48574.0,41746.0,38486.0,8548.0,0.0,1527.0,1617.0,1490.0,659.0,0
13646,230000.0,1,2,2,32,0,0,0,0,0,0,143345.0,134344.0,116691.0,116220.0,112746.0,108653.0,6000.0,5000.0,5000.0,5000.0,5000.0,5038.0,0
13654,50000.0,2,3,1,36,2,2,2,2,0,0,45557.0,46732.0,46589.0,30949.0,29857.0,30322.0,2200.0,1100.0,0.0,1224.0,1105.0,1400.0,0
13656,30000.0,2,3,2,29,2,2,2,2,2,0,15070.0,17509.0,17923.0,18134.0,17704.0,18256.0,3000.0,1000.0,800.0,0.0,1000.0,700.0,1
13672,180000.0,1,2,2,28,0,0,0,0,0,0,139097.0,131157.0,128342.0,122345.0,109228.0,101428.0,5699.0,4300.0,4023.0,3785.0,3684.0,4000.0,0
13678,90000.0,1,2,1,50,0,0,0,0,0,0,85241.0,86576.0,86914.0,28698.0,29722.0,29400.0,3600.0,2196.0,1027.0,1486.0,588.0,352.0,0
13688,320000.0,1,1,2,34,-1,-1,-1,-1,-1,-1,744.0,2291.0,2197.0,3934.0,5541.0,3141.0,2297.0,2203.0,3957.0,5557.0,3150.0,3056.0,0
13691,60000.0,2,3,3,53,0,0,0,0,0,0,57605.0,48877.0,39689.0,27736.0,28420.0,29002.0,2088.0,1900.0,962.0,1100.0,1023.0,963.0,0
13695,210000.0,1,1,1,52,0,0,0,-1,-1,-1,44933.0,38542.0,39332.0,11140.0,8463.0,10406.0,1793.0,8242.0,12000.0,8534.0,11000.0,7500.0,0
13696,20000.0,2,2,1,29,0,0,2,3,3,2,16196.0,17825.0,20234.0,20510.0,19897.0,19900.0,2200.0,3000.0,900.0,0.0,500.0,0.0,0
13698,500000.0,2,1,1,56,-1,-1,-1,-1,-1,-1,881.0,1035.0,29944.0,10528.0,17907.0,3147.0,1035.0,29944.0,10528.0,17907.0,3147.0,5011.0,0
13706,50000.0,1,2,1,21,-1,0,0,0,0,0,47285.0,47807.0,48371.0,48629.0,49410.0,49568.0,2108.0,2062.0,1710.0,1923.0,1512.0,1000.0,0
13710,180000.0,2,3,1,41,-1,-1,-1,-1,-1,-1,6092.0,3576.0,13920.0,11112.0,3182.0,1985.0,4198.0,13935.0,11112.0,3182.0,1985.0,3276.0,0
13711,240000.0,1,2,1,33,0,0,0,0,0,-1,23486.0,19867.0,14653.0,8626.0,0.0,1128.0,3000.0,2000.0,0.0,1790.0,1128.0,0.0,0
13713,20000.0,1,2,2,40,8,7,6,5,4,3,20753.0,20496.0,19930.0,19434.0,18577.0,18011.0,0.0,0.0,70.0,0.0,0.0,0.0,1
13723,50000.0,2,1,2,23,-1,-1,2,-1,-1,-1,8225.0,2763.0,2545.0,1170.0,2480.0,8047.0,5308.0,0.0,1170.0,2480.0,8047.0,4428.0,0
13730,30000.0,2,1,2,23,0,0,0,0,0,0,14294.0,15253.0,2142.0,29288.0,26579.0,25972.0,1300.0,2000.0,28000.0,800.0,501.0,553.0,0
13746,280000.0,1,1,2,34,1,-2,-2,-2,-2,-2,0.0,0.0,0.0,0.0,0.0,0.0,0.0,0.0,0.0,0.0,0.0,0.0,0
13754,180000.0,1,1,2,30,1,-2,-2,-2,-1,-1,-203.0,-698.0,-193.0,-688.0,817.0,1157.0,0.0,1000.0,0.0,2000.0,1000.0,2000.0,1
13761,480000.0,1,6,2,49,-2,-2,-2,-2,-2,-2,7174.0,0.0,0.0,0.0,0.0,0.0,0.0,0.0,0.0,0.0,0.0,0.0,0
13774,240000.0,2,1,2,30,-1,-1,-1,-1,-1,-1,1749.0,1087.0,3503.0,1003.0,1003.0,1003.0,1099.0,6430.0,1003.0,1003.0,1003.0,203.0,0
13789,180000.0,2,1,2,25,0,0,0,0,0,0,112403.0,83515.0,71259.0,66661.0,62770.0,58067.0,3500.0,3500.0,3000.0,3000.0,2300.0,2400.0,0
13791,50000.0,1,2,1,37,0,0,0,0,0,0,33105.0,31113.0,26669.0,29876.0,29257.0,28071.0,10005.0,5000.0,4800.0,1002.0,2000.0,2000.0,0
13799,210000.0,2,1,1,35,-1,-1,-2,-2,-2,-2,3805.0,0.0,0.0,0.0,0.0,0.0,0.0,0.0,0.0,0.0,0.0,0.0,0
13806,230000.0,2,1,2,27,0,0,0,0,0,0,70327.0,66310.0,54176.0,42944.0,40391.0,35820.0,2963.0,1941.0,1534.0,1532.0,1565.0,1330.0,0
13810,20000.0,1,2,2,23,0,0,2,2,0,0,9811.0,15726.0,15723.0,15173.0,15925.0,16245.0,6097.0,547.0,0.0,1000.0,585.0,1000.0,0
13813,150000.0,2,2,1,43,0,0,0,0,0,0,158844.0,149298.0,157537.0,162697.0,113925.0,116382.0,10004.0,10009.0,8014.0,5008.0,5012.0,5000.0,0
13821,60000.0,1,3,2,52,0,0,0,0,0,0,22460.0,23592.0,24665.0,26305.0,23756.0,25353.0,1500.0,1500.0,2000.0,1500.0,2000.0,2000.0,0
13825,230000.0,1,1,1,42,2,0,0,0,0,0,222059.0,161817.0,160270.0,60604.0,60986.0,62195.0,7300.0,4160.0,2308.0,2300.0,2223.0,2304.0,1
13837,170000.0,2,2,2,29,0,0,-2,-2,-2,-2,5155.0,0.0,0.0,0.0,0.0,0.0,0.0,0.0,0.0,0.0,0.0,0.0,0
13844,50000.0,1,2,1,34,0,0,0,0,0,0,37699.0,35203.0,15360.0,15031.0,12173.0,11728.0,2000.0,2000.0,1150.0,2000.0,1000.0,1000.0,0
13849,290000.0,2,2,1,45,2,2,-2,-2,-2,-2,95.0,-6.0,-6.0,1217.0,1055.0,176.0,6.0,0.0,1223.0,1276.0,0.0,1190.0,0
13855,360000.0,2,1,1,30,1,-2,-2,-2,-2,-2,0.0,0.0,0.0,0.0,0.0,0.0,0.0,0.0,0.0,0.0,0.0,0.0,1
13864,520000.0,2,3,1,41,-2,-2,-1,0,0,0,7322.0,2728.0,385425.0,387189.0,395445.0,402289.0,2728.0,415552.0,14000.0,14005.0,14000.0,15200.0,0
13878,120000.0,2,2,1,37,-1,-1,-1,-1,-1,-1,396.0,396.0,396.0,2707.0,3247.0,396.0,396.0,396.0,2707.0,3247.0,396.0,595.0,0
13888,270000.0,1,3,2,51,0,0,0,0,0,0,152979.0,101616.0,105562.0,6102.0,6741.0,65672.0,3500.0,4000.0,1000.0,1000.0,63000.0,3000.0,0
13894,170000.0,2,3,1,54,0,0,0,0,0,0,139211.0,136982.0,130585.0,127013.0,126635.0,127093.0,7020.0,7005.0,7000.0,6000.0,6000.0,6000.0,0
13895,300000.0,2,2,1,39,0,0,0,0,0,0,145138.0,148586.0,151878.0,123417.0,104922.0,107005.0,5785.0,6163.0,4728.0,3811.0,3830.0,3970.0,0
13897,110000.0,2,2,2,31,2,0,0,0,0,2,1472.0,2785.0,5496.0,7496.0,9298.0,3340.0,1500.0,3000.0,2000.0,2000.0,0.0,93665.0,1
13899,80000.0,2,1,2,23,0,0,0,0,0,0,69584.0,66342.0,60514.0,48965.0,29648.0,28737.0,2519.0,1838.0,1434.0,1015.0,1505.0,663.0,0
13903,180000.0,2,3,1,43,1,-1,-1,-1,-1,-1,0.0,2602.0,498.0,498.0,1835.0,11337.0,2602.0,498.0,498.0,1835.0,10000.0,380.0,1
13913,140000.0,1,1,2,29,1,-2,-2,-2,-2,-2,0.0,0.0,0.0,0.0,0.0,0.0,0.0,0.0,0.0,0.0,0.0,0.0,0
13918,200000.0,2,2,1,40,-2,-2,-2,-2,-2,-2,39929.0,32910.0,17965.0,9846.0,13621.0,10466.0,33000.0,18000.0,9900.0,13650.0,10500.0,9900.0,0
13920,360000.0,2,1,2,36,-1,-1,-1,-1,-1,-1,1365.0,2703.0,863.0,390.0,390.0,3540.0,3000.0,1000.0,1000.0,390.0,3540.0,390.0,0
13922,120000.0,2,2,2,24,0,0,0,0,0,2,112336.0,113351.0,115515.0,113948.0,122127.0,121962.0,4200.0,4100.0,4100.0,10000.0,4560.0,0.0,0
13934,200000.0,2,1,2,32,-1,-1,-1,-1,-1,-1,34500.0,10706.0,3835.0,12559.0,6764.0,7700.0,36659.0,3835.0,12559.0,6764.0,7700.0,4.0,0
13944,30000.0,2,3,2,50,-1,-1,2,-1,-1,-2,178.0,1860.0,940.0,1110.0,0.0,0.0,1860.0,0.0,1110.0,0.0,0.0,0.0,1
13953,180000.0,1,2,2,50,-1,-1,-1,-1,-1,0,1156.0,396.0,776.0,776.0,1552.0,776.0,396.0,776.0,776.0,1552.0,0.0,776.0,0
13955,60000.0,2,1,2,46,0,0,0,0,0,2,30073.0,18385.0,20732.0,21196.0,23175.0,22724.0,3000.0,3000.0,1000.0,3000.0,0.0,3500.0,0
13958,20000.0,2,1,2,33,1,3,3,2,2,2,16180.0,16635.0,16082.0,15529.0,16525.0,16110.0,1000.0,0.0,0.0,1400.0,0.0,1504.0,0
13961,120000.0,1,2,1,38,1,2,2,2,2,2,116344.0,111960.0,115804.0,92542.0,83581.0,61650.0,0.0,6781.0,0.0,5550.0,0.0,0.0,0
13978,260000.0,2,1,2,29,0,0,0,0,0,0,203896.0,196219.0,188608.0,172722.0,159826.0,146891.0,7282.0,6486.0,5712.0,5647.0,5386.0,5000.0,0
13980,50000.0,2,3,1,42,0,0,0,0,0,0,50427.0,48115.0,46991.0,47276.0,47870.0,47865.0,6506.0,2607.0,3312.0,13107.0,2648.0,0.0,1
14002,500000.0,1,1,1,53,1,1,-1,0,-1,0,7196.0,-1189.0,4639.0,2800.0,854.0,10854.0,0.0,7439.0,0.0,854.0,10000.0,13313.0,0
14003,360000.0,2,1,1,34,-2,-2,-2,-2,-2,-2,9100.0,15658.0,1874.0,6330.0,-200.0,-200.0,15658.0,1874.0,6330.0,0.0,0.0,0.0,0
14008,20000.0,2,1,2,29,-1,-1,-2,-1,0,-1,3417.0,-802.0,-1282.0,1718.0,1238.0,1831.0,4.0,0.0,3000.0,0.0,1831.0,1500.0,1
14013,50000.0,1,3,2,39,0,-1,-1,2,0,0,34390.0,810.0,19009.0,18035.0,18364.0,18670.0,810.0,51000.0,0.0,1000.0,1000.0,1000.0,0
14019,50000.0,1,2,1,30,0,0,0,0,0,0,14040.0,14903.0,7288.0,6662.0,4920.0,6060.0,1152.0,1032.0,166.0,149.0,2000.0,68.0,0
14023,30000.0,2,3,1,22,2,2,0,0,0,0,30678.0,29893.0,29086.0,25352.0,25096.0,24920.0,1.0,1957.0,678.0,684.0,776.0,235.0,0
14031,50000.0,2,2,1,31,0,0,0,2,0,0,45074.0,46546.0,48945.0,47994.0,48704.0,41189.0,2201.0,3600.0,0.0,1500.0,1500.0,1531.0,1
14032,20000.0,2,2,1,29,0,0,0,0,0,0,10747.0,11558.0,9961.0,10310.0,10372.0,9838.0,1317.0,1150.0,499.0,361.0,573.0,193.0,0
14042,230000.0,2,3,1,43,-2,-2,-2,-2,-2,-2,1099.0,2508.0,976.0,416.0,416.0,416.0,2508.0,976.0,416.0,416.0,416.0,416.0,0
14043,110000.0,2,3,2,27,0,0,0,2,0,0,28686.0,32765.0,27864.0,25691.0,28257.0,24161.0,5000.0,7000.0,0.0,10000.0,4161.0,5000.0,1
14048,170000.0,1,2,1,30,0,0,0,0,0,0,150693.0,154424.0,148564.0,105858.0,105075.0,107358.0,7000.0,7000.0,4000.0,4000.0,4000.0,4000.0,0
14049,120000.0,2,1,1,31,-1,-1,2,0,0,-2,413.0,4480.0,2080.0,2280.0,0.0,0.0,4269.0,0.0,200.0,0.0,0.0,0.0,0
14051,210000.0,2,1,2,34,-1,-1,-1,-2,-1,-1,300878.0,2250.0,0.0,0.0,692.0,1560.0,2250.0,0.0,0.0,692.0,1560.0,1838.0,0
14052,300000.0,2,1,2,26,-1,-1,-1,-1,-1,-1,3853.0,1946.0,790.0,3569.0,657.0,0.0,1946.0,790.0,3569.0,657.0,0.0,3412.0,0
14053,70000.0,2,2,2,49,-1,-1,-1,0,-1,0,390.0,390.0,772.0,390.0,780.0,390.0,390.0,772.0,8.0,780.0,0.0,989.0,0
14064,120000.0,1,1,2,31,-1,-1,-1,-1,-1,-1,1316.0,1316.0,1316.0,533.0,4116.0,9834.0,1316.0,1316.0,533.0,4116.0,9834.0,7100.0,1
14071,250000.0,2,3,2,29,-2,-2,-1,-1,-1,-1,686.0,0.0,947.0,7385.0,3806.0,22319.0,0.0,947.0,7385.0,5301.0,46660.0,2964.0,0
14080,500000.0,1,1,1,33,-1,-1,-1,0,0,-1,1901.0,3800.0,5239.0,5239.0,1559.0,2680.0,3800.0,5239.0,0.0,0.0,2680.0,299.0,0
14082,80000.0,1,1,1,41,2,2,2,2,2,2,79950.0,82956.0,83656.0,84457.0,83897.0,80159.0,4900.0,3000.0,3000.0,3100.0,0.0,11000.0,1
14088,20000.0,1,2,2,33,0,0,-1,-1,-1,-1,14765.0,6371.0,4150.0,988.0,390.0,1935.0,1000.0,4150.0,988.0,390.0,1935.0,1316.0,0
14090,190000.0,1,3,1,38,0,0,0,0,0,0,94921.0,97397.0,99789.0,102131.0,104491.0,106755.0,4000.0,4000.0,4000.0,4000.0,4000.0,4000.0,0
14095,500000.0,1,1,2,28,2,0,0,0,0,0,216657.0,174694.0,165203.0,136067.0,16120.0,93532.0,8508.0,4699.0,623.0,1590.0,93469.0,2554.0,0
14096,60000.0,2,1,2,25,0,0,0,0,0,0,16006.0,16840.0,18001.0,18048.0,12583.0,12754.0,1400.0,1500.0,500.0,700.0,500.0,1000.0,0
14105,380000.0,1,1,1,52,1,-1,-1,-1,-1,-2,0.0,2879.0,1395.0,3261.0,0.0,0.0,742.0,1395.0,3261.0,0.0,0.0,0.0,0
14114,50000.0,2,2,2,23,2,2,-2,-2,-2,-1,4338.0,0.0,0.0,0.0,0.0,74.0,0.0,0.0,0.0,0.0,74.0,390.0,1
14120,110000.0,1,3,2,49,0,0,0,0,0,0,113928.0,112775.0,110399.0,48532.0,44703.0,47869.0,4915.0,4379.0,12466.0,5000.0,5307.0,5000.0,0
14125,90000.0,1,6,1,57,-2,-2,-2,-2,-2,-1,0.0,0.0,0.0,0.0,0.0,585.0,0.0,0.0,0.0,0.0,585.0,0.0,0
14127,360000.0,2,1,1,33,-1,-1,-1,-1,-1,-1,10571.0,11174.0,10000.0,10000.0,18335.0,18889.0,11174.0,10000.0,10000.0,18335.0,18889.0,19775.0,0
14128,150000.0,1,1,2,28,0,0,0,0,0,-2,6065.0,9606.0,3425.0,3425.0,0.0,0.0,5000.0,1000.0,0.0,0.0,0.0,53082.0,1
14142,30000.0,1,1,2,28,0,0,0,0,2,0,10480.0,11503.0,12513.0,13804.0,13442.0,14066.0,1199.0,1209.0,1500.0,0.0,1000.0,1500.0,1
14149,20000.0,1,1,2,23,1,2,0,0,2,0,18551.0,17469.0,18414.0,20234.0,18438.0,18225.0,0.0,1576.0,2396.0,0.0,1200.0,2500.0,0
14151,50000.0,1,1,1,41,1,2,0,0,0,0,48063.0,46565.0,38617.0,8999.0,8870.0,5876.0,0.0,1906.0,500.0,500.0,300.0,1000.0,1
14157,140000.0,2,3,1,32,0,0,0,0,0,0,88966.0,39565.0,41284.0,45793.0,40782.0,32283.0,3000.0,3000.0,10000.0,1400.0,1660.0,2000.0,0
14161,120000.0,2,1,1,38,-1,-1,-1,-1,-1,-1,980.0,4000.0,1000.0,0.0,19100.0,0.0,4000.0,1000.0,0.0,19100.0,0.0,0.0,1
14169,30000.0,1,2,2,23,0,0,0,0,0,0,27044.0,28384.0,29037.0,29667.0,29669.0,29995.0,2000.0,1427.0,1291.0,1029.0,1229.0,549.0,0
14176,500000.0,2,1,1,52,-2,-2,-2,-2,-2,-2,144430.0,50001.0,62622.0,166818.0,78909.0,40268.0,50133.0,62646.0,166853.0,79331.0,40268.0,66607.0,0
14183,160000.0,1,2,2,29,0,0,0,0,0,0,128809.0,127595.0,115094.0,111678.0,105336.0,104306.0,5000.0,4000.0,5000.0,4000.0,3603.0,4200.0,0
14200,210000.0,2,2,2,25,-1,-1,0,0,0,0,461.0,6472.0,83589.0,73689.0,64854.0,66124.0,13966.0,80000.0,2326.0,2272.0,3661.0,0.0,0
14203,230000.0,2,1,2,34,-1,0,0,0,-1,0,18482.0,22938.0,3569.0,2845.0,1935.0,6781.0,5000.0,1000.0,0.0,2000.0,5000.0,1000.0,0
14220,130000.0,2,1,2,26,0,0,0,0,0,0,7852.0,8871.0,9883.0,10079.0,10289.0,10495.0,1152.0,1164.0,360.0,372.0,376.0,540.0,1
14223,30000.0,2,2,2,54,0,0,2,0,0,2,29230.0,30786.0,27167.0,27440.0,30117.0,29523.0,3500.0,0.0,3000.0,6000.0,0.0,781.0,0
14225,360000.0,2,2,2,44,-1,-1,-1,-1,-1,-1,10311.0,2758.0,1397.0,298.0,7950.0,60097.0,2758.0,1397.0,298.0,7950.0,60097.0,1200.0,0
14229,150000.0,2,1,2,40,-2,-2,-2,-2,-2,-2,-3.0,371.0,0.0,0.0,222.0,0.0,374.0,0.0,0.0,222.0,0.0,401.0,0
14235,100000.0,1,1,2,27,0,0,0,0,0,0,14712.0,19142.0,37882.0,40882.0,45683.0,5765.0,5000.0,20000.0,3000.0,5000.0,2000.0,2000.0,0
14239,450000.0,1,1,2,26,0,0,0,-1,-1,-1,20571.0,37283.0,43482.0,5626.0,73516.0,11854.0,20000.0,20006.0,5676.0,74306.0,11889.0,13347.0,0
14242,210000.0,2,1,2,32,-2,-2,-2,-2,-1,0,1400.0,2800.0,1400.0,1400.0,27100.0,25644.0,2800.0,1400.0,0.0,27100.0,1543.0,75000.0,0
14247,100000.0,1,1,2,26,0,0,0,2,0,0,96644.0,99119.0,97195.0,69299.0,68030.0,63601.0,5000.0,5900.0,0.0,2500.0,2500.0,2600.0,0
14248,210000.0,2,1,2,33,0,0,-2,-2,-2,-2,6309.0,0.0,0.0,0.0,0.0,0.0,0.0,0.0,0.0,0.0,0.0,0.0,1
14251,390000.0,2,1,1,40,1,-1,0,0,0,0,30245.0,227123.0,211996.0,210100.0,206462.0,203201.0,236533.0,38142.0,15152.0,38097.0,23080.0,15055.0,0
14260,30000.0,2,3,2,51,-1,-1,-1,-1,-1,-2,770.0,-10.0,390.0,3797.0,0.0,0.0,0.0,400.0,3797.0,0.0,0.0,0.0,0
14266,230000.0,2,1,1,34,0,0,0,0,0,0,124824.0,102327.0,103506.0,100554.0,103929.0,107780.0,10001.0,5000.0,4500.0,5000.0,6500.0,4300.0,0
14268,240000.0,1,1,1,49,-1,-1,-2,-1,-1,-2,511.0,-5.0,-5.0,561.0,0.0,0.0,0.0,0.0,566.0,0.0,0.0,517.0,0
14269,330000.0,1,1,2,32,-1,2,2,-1,-1,-1,2145.0,636.0,0.0,4009.0,0.0,2307.0,0.0,0.0,4009.0,0.0,2307.0,0.0,0
14295,20000.0,1,2,2,24,2,2,4,4,4,4,1650.0,1650.0,1650.0,1650.0,1650.0,1650.0,0.0,0.0,0.0,0.0,0.0,0.0,1
14296,80000.0,2,3,1,25,-1,-1,2,-1,-1,-1,550.0,1606.0,1422.0,2685.0,1395.0,2896.0,1606.0,4.0,2693.0,1395.0,2906.0,0.0,0
14299,30000.0,2,2,1,37,0,0,0,2,2,2,26168.0,27442.0,30165.0,29383.0,32739.0,33143.0,2000.0,3500.0,0.0,4000.0,1150.0,1000.0,0
14307,370000.0,1,2,1,34,-1,-1,-1,-1,0,-1,13854.0,3366.0,2671.0,13780.0,20652.0,10876.0,3382.0,2684.0,13795.0,10103.0,11020.0,10684.0,0
14322,140000.0,2,2,2,29,0,0,0,0,0,0,46605.0,35797.0,36615.0,28354.0,18093.0,6723.0,2281.0,1683.0,929.0,1000.0,134.0,0.0,0
14326,120000.0,2,2,2,23,0,0,0,0,0,0,38842.0,38973.0,37708.0,4293.0,4305.0,5128.0,2300.0,1200.0,1000.0,1000.0,888.0,60000.0,0
14333,170000.0,1,2,2,24,0,0,0,0,0,0,108717.0,69632.0,56537.0,113576.0,138419.0,101452.0,8092.0,20121.0,100071.0,50122.0,6468.0,278311.0,0
14350,340000.0,1,2,1,43,1,-2,-2,-2,-2,-2,-15.0,-15.0,-15.0,-15.0,-15.0,-15.0,0.0,0.0,0.0,0.0,0.0,0.0,1
14357,180000.0,1,2,2,34,0,0,0,0,0,0,167604.0,162774.0,148961.0,78024.0,72989.0,75454.0,6949.0,6502.0,3022.0,3000.0,3022.0,2000.0,0
14360,210000.0,2,2,2,24,0,0,0,0,0,0,94681.0,96920.0,98562.0,100329.0,103697.0,91408.0,3766.0,3507.0,3334.0,4723.0,3418.0,2682.0,0
14383,20000.0,1,3,2,25,0,0,-1,-1,-1,-1,3556.0,3271.0,798.0,798.0,798.0,408.0,1481.0,798.0,798.0,798.0,408.0,1188.0,0
14385,140000.0,2,3,1,25,-2,-2,-2,-2,-2,-2,76910.0,22972.0,28336.0,30281.0,38339.0,80792.0,1994.0,18002.0,3001.0,9004.0,45117.0,40158.0,0
14397,420000.0,2,2,1,40,0,0,0,2,0,0,33561.0,38901.0,38710.0,38022.0,20256.0,22743.0,5900.0,900.0,101.0,3000.0,3000.0,5000.0,0
14400,460000.0,1,1,1,50,-1,-1,-1,-1,-1,-1,30765.0,13883.0,19146.0,27639.0,38586.0,-260.0,13953.0,19441.0,27778.0,38780.0,0.0,0.0,0
14407,30000.0,2,3,1,55,0,0,0,0,0,0,27381.0,27803.0,28170.0,9515.0,780.0,0.0,1633.0,1000.0,1190.0,0.0,0.0,0.0,0
14409,50000.0,2,1,2,23,0,0,0,0,0,0,33959.0,35409.0,36120.0,36991.0,37744.0,39115.0,2000.0,1601.0,1472.0,1500.0,2000.0,5000.0,0
14411,10000.0,1,3,2,24,1,3,2,3,2,0,5530.0,5792.0,6050.0,5808.0,5569.0,5876.0,500.0,500.0,0.0,0.0,400.0,364.0,1
14414,150000.0,1,1,2,26,-2,-2,-2,-2,-2,-2,0.0,0.0,0.0,0.0,0.0,0.0,0.0,0.0,0.0,0.0,0.0,0.0,0
14432,200000.0,2,2,2,27,0,0,0,0,0,0,127843.0,131352.0,130884.0,132142.0,118084.0,114281.0,6579.0,4734.0,4368.0,4183.0,4227.0,4066.0,0
14437,50000.0,2,3,1,50,0,0,0,0,0,0,48173.0,28233.0,28610.0,28808.0,29403.0,20260.0,2235.0,1612.0,1200.0,1057.0,871.0,897.0,0
14443,50000.0,2,1,2,34,1,-2,-2,-2,-2,-2,0.0,0.0,0.0,0.0,300.0,150.0,0.0,0.0,0.0,300.0,0.0,980.0,0
14450,280000.0,1,2,2,28,0,0,0,0,0,0,104451.0,105960.0,100542.0,103087.0,103983.0,105638.0,4470.0,4188.0,5000.0,3679.0,3703.0,3652.0,0
14464,500000.0,1,1,2,35,-1,0,0,0,0,-1,1369.0,6138.0,20424.0,7840.0,846.0,790.0,4769.0,19629.0,157.0,0.0,790.0,860.0,0
14468,60000.0,1,2,1,37,1,2,3,4,4,3,22007.0,24360.0,26647.0,27912.0,26889.0,29140.0,3000.0,3000.0,2000.0,0.0,3000.0,3000.0,1
14473,290000.0,1,2,1,33,-1,-1,-1,-1,-1,-1,1300.0,0.0,500.0,1000.0,3441.0,2415.0,0.0,500.0,1000.0,3441.0,2415.0,1643.0,0
14477,250000.0,2,1,1,42,-1,-1,-2,-2,-2,-2,16240.0,0.0,0.0,0.0,0.0,0.0,0.0,0.0,0.0,0.0,0.0,0.0,0
14479,30000.0,2,1,2,23,0,0,0,2,2,2,29064.0,27368.0,30475.0,27808.0,31208.0,30582.0,2000.0,5026.0,0.0,4000.0,0.0,1500.0,0
14485,200000.0,2,1,1,43,0,0,0,0,0,0,200898.0,197438.0,200912.0,145658.0,146351.0,149667.0,10000.0,9000.0,6000.0,6000.0,6000.0,6000.0,0
14487,110000.0,1,3,1,45,0,0,0,0,0,0,66820.0,36002.0,37484.0,38935.0,40633.0,41393.0,4400.0,3900.0,3900.0,4000.0,3100.0,1600.0,0
14488,60000.0,2,2,2,26,0,0,0,0,0,2,58452.0,52445.0,52974.0,54589.0,59518.0,60491.0,2500.0,2000.0,2500.0,6000.0,2100.0,0.0,0
14492,110000.0,2,2,2,39,0,0,0,0,0,0,109221.0,111674.0,111867.0,111535.0,111870.0,110979.0,4230.0,4230.0,4200.0,4300.0,4150.0,4220.0,0
14504,50000.0,2,2,2,23,0,0,0,2,0,0,16370.0,15373.0,12065.0,10199.0,9261.0,6816.0,1524.0,2588.0,0.0,284.0,1000.0,1000.0,1
14515,10000.0,2,2,2,32,0,0,0,0,0,0,8509.0,9228.0,9821.0,9495.0,9469.0,10191.0,1400.0,1300.0,350.0,500.0,1650.0,0.0,0
14524,160000.0,2,1,2,31,-1,-1,-1,-1,-1,-1,4203.0,9739.0,15628.0,3666.0,4098.0,4237.0,9739.0,17751.0,3666.0,4098.0,4237.0,3007.0,0
14526,180000.0,1,2,2,43,0,0,0,0,0,0,164222.0,169073.0,171820.0,160018.0,164717.0,151235.0,7500.0,5900.0,6000.0,7000.0,7000.0,5000.0,0
14529,180000.0,2,3,2,25,0,0,0,0,0,0,120583.0,97341.0,87773.0,89547.0,91639.0,93991.0,3507.0,3201.0,3200.0,3500.0,4000.0,3704.0,0
14540,320000.0,2,2,2,28,1,-2,-1,-1,0,-1,0.0,0.0,2428.0,990.0,495.0,854.0,0.0,2428.0,990.0,0.0,854.0,495.0,0
14546,50000.0,1,2,2,23,0,0,0,0,0,0,47385.0,48790.0,19306.0,19857.0,20361.0,20051.0,2472.0,1234.0,785.0,900.0,2800.0,1500.0,0
14555,170000.0,1,2,1,36,0,0,0,0,0,0,87076.0,77902.0,54592.0,56128.0,57469.0,59669.0,3781.0,2104.0,3208.0,2998.0,3000.0,2208.0,0
14556,170000.0,2,2,1,36,0,0,0,0,0,0,158651.0,143801.0,138145.0,125499.0,124205.0,123940.0,5428.0,4707.0,4400.0,4450.0,4650.0,4500.0,0
14564,20000.0,1,2,2,24,0,0,2,0,0,-1,12549.0,11552.0,6622.0,6232.0,390.0,930.0,2319.0,0.0,0.0,0.0,930.0,0.0,1
14568,290000.0,2,1,2,29,-1,-1,-1,-1,-1,-1,6649.0,15819.0,10986.0,8184.0,14936.0,19573.0,15837.0,11584.0,8184.0,14936.0,19573.0,6309.0,0
14580,140000.0,2,2,1,34,0,0,0,0,0,0,15550.0,17780.0,18226.0,19915.0,20891.0,21542.0,2500.0,1500.0,2000.0,1300.0,1000.0,1500.0,0
14584,60000.0,2,3,1,43,2,2,-2,-2,-2,-1,4703.0,0.0,0.0,0.0,0.0,992.0,0.0,0.0,0.0,0.0,992.0,14000.0,1
14588,130000.0,1,3,3,40,2,0,0,0,0,0,88222.0,88288.0,84822.0,85970.0,86644.0,87576.0,3515.0,3107.0,5003.0,3203.0,3456.0,4000.0,0
14589,280000.0,1,1,1,50,3,5,4,3,2,0,327918.0,321476.0,314931.0,176439.0,154010.0,134334.0,0.0,0.0,500.0,0.0,6267.0,2257.0,0
14593,70000.0,2,1,2,24,0,0,0,0,0,0,10916.0,12386.0,9864.0,5201.0,6950.0,7256.0,2000.0,2063.0,2000.0,2000.0,421.0,2000.0,0
14605,280000.0,2,2,1,42,-1,0,0,0,0,0,256675.0,253682.0,260274.0,153516.0,156830.0,152045.0,13000.0,11000.0,8000.0,5866.0,8000.0,5616.0,0
14606,10000.0,1,3,2,25,0,0,0,0,0,0,6892.0,7915.0,10086.0,18714.0,9781.0,9979.0,1294.0,2465.0,500.0,1000.0,500.0,0.0,0
14610,50000.0,1,2,2,22,0,0,0,0,0,0,34033.0,34622.0,19993.0,18852.0,18020.0,18537.0,1342.0,1500.0,700.0,651.0,1000.0,1000.0,1
14612,150000.0,1,2,2,28,0,0,0,0,0,0,95322.0,96903.0,94682.0,89207.0,46259.0,50504.0,3216.0,2338.0,2653.0,2001.0,5012.0,2058.0,0
14629,30000.0,1,2,2,38,0,0,0,0,0,0,20996.0,25607.0,26813.0,25868.0,25418.0,27572.0,5000.0,2000.0,1089.0,3000.0,5000.0,0.0,1
14630,320000.0,2,1,1,39,0,0,0,0,0,0,206461.0,117168.0,128832.0,133329.0,53870.0,13185.0,5000.0,15000.0,5000.0,5000.0,3000.0,5000.0,0
14631,10000.0,1,2,2,23,3,2,2,2,2,2,10034.0,9239.0,10025.0,10227.0,9933.0,9884.0,0.0,1600.0,500.0,0.0,1000.0,0.0,1
14642,50000.0,2,2,2,23,0,0,0,0,-1,2,16139.0,17261.0,14354.0,8713.0,1781.0,1615.0,1400.0,1000.0,500.0,1781.0,0.0,0.0,0
14643,300000.0,2,1,1,52,1,-2,-2,-2,-2,-2,0.0,0.0,0.0,0.0,0.0,0.0,0.0,0.0,0.0,0.0,0.0,0.0,0
14653,30000.0,1,2,2,25,2,2,2,2,2,2,14420.0,15390.0,14846.0,16098.0,15700.0,16784.0,1500.0,0.0,1500.0,0.0,1500.0,0.0,1
14656,10000.0,1,3,1,42,1,2,0,-1,0,0,6091.0,6837.0,7666.0,9270.0,7897.0,8763.0,1000.0,1000.0,9501.0,500.0,1000.0,1000.0,0
14671,280000.0,2,3,2,47,-1,-1,-1,-1,-1,-1,27572.0,38918.0,27000.0,27000.0,0.0,30460.0,39787.0,29000.0,27000.0,0.0,30460.0,5983.0,0
14676,200000.0,2,2,2,35,0,0,0,0,0,0,72450.0,52795.0,41861.0,34531.0,1794.0,-345.0,5556.0,1000.0,2000.0,1000.0,0.0,0.0,0
14677,100000.0,1,1,1,45,0,0,0,0,0,0,42049.0,43570.0,44601.0,45598.0,46752.0,48008.0,2200.0,2100.0,2000.0,2000.0,2010.0,2006.0,0
14699,140000.0,1,1,2,33,0,0,0,0,0,0,128891.0,103523.0,86543.0,68972.0,47268.0,2299.0,4637.0,2083.0,1503.0,1083.0,1121.0,67243.0,0
14701,150000.0,2,2,1,43,0,-1,0,-1,-1,0,32283.0,18361.0,9160.0,13596.0,11457.0,29550.0,18361.0,1000.0,13596.0,11457.0,18550.0,0.0,0
14704,80000.0,2,3,1,46,0,0,0,0,0,0,70324.0,66864.0,32990.0,30059.0,28786.0,29371.0,3000.0,2003.0,1500.0,1200.0,1200.0,1500.0,0
14706,180000.0,1,1,2,30,1,-1,-1,-2,-2,-2,0.0,1186.0,0.0,0.0,0.0,0.0,1186.0,0.0,0.0,0.0,0.0,0.0,1
14723,80000.0,2,3,1,30,2,2,2,2,2,2,41687.0,42719.0,43018.0,44013.0,45058.0,46068.0,2000.0,1300.0,2000.0,1900.0,1900.0,0.0,1
14727,290000.0,2,2,1,35,0,0,0,2,0,0,260698.0,267453.0,278924.0,235368.0,232117.0,230763.0,11019.0,20326.0,44.0,10035.0,10034.0,10062.0,0
14728,110000.0,2,2,1,46,0,0,0,0,0,0,110950.0,111750.0,111227.0,110849.0,110575.0,110394.0,4088.0,3912.0,3888.0,3975.0,4162.0,3945.0,1
14738,420000.0,1,2,1,36,0,0,0,0,0,0,56068.0,55115.0,19304.0,22304.0,28465.0,38182.0,15005.0,10013.0,10000.0,10000.0,20000.0,20000.0,0
14749,150000.0,1,2,1,38,-1,-1,-1,-1,-1,-1,509.0,14310.0,980.0,1000.0,1132.0,8774.0,14310.0,980.0,1000.0,1132.0,8774.0,10867.0,0
14750,340000.0,2,1,2,29,-1,-1,-1,2,0,0,2688.0,11432.0,12411.0,9119.0,29280.0,23093.0,11486.0,12824.0,10.0,29047.0,6153.0,3523.0,0
14751,140000.0,1,1,2,30,0,0,-2,-2,-1,-1,5600.0,0.0,0.0,0.0,5302.0,10251.0,0.0,0.0,0.0,5302.0,5251.0,0.0,0
14758,30000.0,2,3,1,24,2,0,0,0,0,0,27896.0,29938.0,30061.0,29621.0,27956.0,29484.0,2506.0,1748.0,1003.0,1022.0,2000.0,1000.0,0
14760,160000.0,1,1,2,28,-1,-1,-1,0,0,-1,3236.0,-524.0,3003.0,737.0,0.0,894.0,0.0,3740.0,0.0,0.0,894.0,0.0,0
14764,220000.0,2,2,1,36,2,2,2,0,0,0,195725.0,197466.0,189149.0,187531.0,187856.0,186532.0,8200.0,0.0,7000.0,7000.0,7200.0,23700.0,1
14765,120000.0,2,2,2,25,0,0,0,0,0,0,54628.0,55235.0,45025.0,43834.0,43449.0,44675.0,2200.0,2000.0,1700.0,2000.0,2100.0,1500.0,0
14768,180000.0,1,1,2,29,-1,-1,-1,-1,-1,-2,18213.0,4390.0,1016.0,4745.0,0.0,0.0,4390.0,1016.0,4745.0,0.0,0.0,1400.0,0
14776,60000.0,1,2,2,35,1,2,0,-1,-1,0,62522.0,60932.0,113580.0,673.0,28976.0,29719.0,0.0,1680.0,2752.0,59358.0,1231.0,1200.0,0
14788,500000.0,1,1,2,31,0,0,-1,0,0,0,239824.0,226716.0,115610.0,89359.0,63609.0,123128.0,5614.0,118640.0,5841.0,6000.0,100000.0,5000.0,0
14792,10000.0,2,3,1,51,2,2,-2,-2,-2,-1,103.0,-677.0,-677.0,-1067.0,-747.0,71.0,0.0,0.0,0.0,1100.0,818.0,1418.0,1
14794,20000.0,1,1,2,25,2,2,4,4,3,2,2902.0,6888.0,7638.0,7388.0,6991.0,33327.0,4200.0,1000.0,0.0,0.0,27150.0,900.0,1
14796,10000.0,1,2,1,31,0,0,0,2,0,0,6106.0,7199.0,10215.0,9943.0,9758.0,9335.0,1200.0,4442.0,0.0,1200.0,1200.0,0.0,0
14805,60000.0,1,2,1,49,0,0,0,0,0,0,59578.0,66781.0,65508.0,17677.0,19481.0,19205.0,22000.0,2188.0,2501.0,2512.0,4005.0,2604.0,1
14822,80000.0,2,2,2,25,0,0,2,-1,-1,-1,57994.0,17695.0,7987.0,2622.0,2449.0,-331.0,3327.0,44.0,2629.0,2457.0,0.0,0.0,0
14834,30000.0,1,3,2,50,2,0,0,0,0,0,46868.0,42397.0,38569.0,33570.0,19895.0,30125.0,1800.0,2200.0,1400.0,2000.0,30000.0,997.0,1
14840,220000.0,2,2,1,41,-1,0,0,-1,-1,-1,4016.0,3962.0,2908.0,3054.0,3054.0,0.0,3000.0,2000.0,3200.0,3054.0,0.0,0.0,0
14859,30000.0,2,3,2,40,-1,2,-1,0,-1,-1,780.0,390.0,650.0,260.0,370.0,-20.0,0.0,650.0,0.0,500.0,0.0,800.0,0
14862,30000.0,2,2,2,24,2,2,7,7,7,7,2550.0,2550.0,2550.0,2550.0,2550.0,2550.0,0.0,0.0,0.0,0.0,0.0,0.0,1
14864,470000.0,2,1,2,27,-1,-1,-1,-1,-1,-1,2981.0,3182.0,1512.0,3657.0,6556.0,3772.0,3182.0,1512.0,3657.0,6556.0,3772.0,957.0,0
14867,420000.0,1,1,1,60,0,0,0,0,0,0,195379.0,198147.0,200431.0,200252.0,202789.0,205082.0,8003.0,7529.0,10005.0,8015.0,10018.0,7715.0,0
14868,100000.0,2,2,2,29,0,0,2,0,0,2,95205.0,102039.0,99504.0,94453.0,99711.0,97944.0,9300.0,0.0,3400.0,6800.0,0.0,3500.0,1
14870,200000.0,1,1,1,34,-1,-1,-1,-1,-1,-1,780.0,0.0,390.0,3672.0,390.0,390.0,0.0,390.0,3672.0,390.0,390.0,390.0,0
14872,410000.0,2,1,2,30,0,-1,-1,0,0,-1,6972.0,3188.0,15106.0,15313.0,10959.0,8341.0,3188.0,15106.0,6000.0,0.0,8341.0,17331.0,0
14896,230000.0,2,2,1,31,0,0,0,0,0,0,160413.0,149267.0,126107.0,105831.0,82694.0,65983.0,6011.0,5012.0,2000.0,2300.0,2400.0,1500.0,0
14897,30000.0,1,1,2,27,0,0,0,0,0,0,27159.0,27577.0,28838.0,28085.0,28428.0,29430.0,1500.0,1749.0,1200.0,1100.0,1465.0,1386.0,0
14912,240000.0,1,2,1,42,0,0,-1,-1,-1,-1,66394.0,63650.0,7117.0,2898.0,5530.0,67010.0,1273.0,7117.0,2905.0,5530.0,46275.0,17446.0,0
14915,30000.0,1,2,2,26,2,2,2,2,2,2,200.0,200.0,200.0,200.0,200.0,200.0,0.0,0.0,0.0,0.0,0.0,0.0,1
14942,100000.0,2,2,1,39,2,2,0,0,0,0,78353.0,77726.0,79151.0,80249.0,82405.0,77011.0,1200.0,3400.0,2900.0,3500.0,3000.0,6100.0,1
14945,180000.0,1,3,1,43,-1,-1,-1,-1,-1,-1,3690.0,15618.0,4685.0,238.0,218.0,6690.0,15682.0,4699.0,238.0,218.0,6710.0,11949.0,0
14953,180000.0,1,2,1,33,1,-2,-2,-2,-2,-2,0.0,0.0,0.0,0.0,0.0,0.0,0.0,0.0,0.0,0.0,0.0,0.0,0
14963,80000.0,2,2,1,29,0,0,0,0,0,0,49528.0,44639.0,39720.0,34465.0,29488.0,32912.0,1730.0,1644.0,1222.0,1400.0,10000.0,1200.0,0
14976,50000.0,1,1,1,28,0,0,-2,-2,-2,-2,4545.0,0.0,0.0,0.0,0.0,0.0,0.0,0.0,0.0,0.0,0.0,0.0,1
14983,500000.0,2,2,1,36,0,0,0,0,0,-1,4952.0,6607.0,8544.0,15351.0,5839.0,9192.0,3008.0,4005.0,8048.0,131.0,9213.0,111.0,0
14989,70000.0,2,1,1,42,0,0,0,0,0,2,40466.0,41805.0,42520.0,43378.0,46664.0,47341.0,1994.0,1709.0,1567.0,4000.0,1600.0,2000.0,1
14994,360000.0,1,2,1,37,-2,-2,-2,-2,-2,-1,194836.0,134296.0,128307.0,61650.0,0.0,87754.0,5180.0,5564.0,2850.0,0.0,87754.0,3159.0,0
14995,50000.0,2,2,2,26,0,0,-1,0,-1,0,49028.0,49740.0,780.0,390.0,850.0,18460.0,2400.0,780.0,0.0,850.0,18000.0,1000.0,0
14999,50000.0,1,3,2,27,0,0,0,0,0,0,45002.0,46053.0,45120.0,45870.0,46975.0,49284.0,2100.0,2100.0,1800.0,2000.0,3100.0,1300.0,0
15002,80000.0,2,1,2,24,-1,0,0,0,0,0,75356.0,78236.0,77700.0,58025.0,59527.0,60778.0,5000.0,4176.0,4000.0,3000.0,2141.0,3000.0,0
15003,90000.0,2,2,1,28,0,0,0,0,0,0,24657.0,25743.0,26406.0,24364.0,19726.0,19166.0,1500.0,1500.0,1508.0,1000.0,1000.0,800.0,0
15007,240000.0,2,2,1,35,-2,-2,-2,-2,-2,-2,3862.0,1780.0,0.0,0.0,0.0,0.0,1783.0,0.0,0.0,0.0,0.0,2500.0,0
15008,240000.0,1,1,2,36,0,0,0,0,0,0,131477.0,126941.0,62378.0,20156.0,157391.0,158991.0,6009.0,3017.0,1048.0,150004.0,5613.0,5809.0,0
15011,370000.0,1,2,2,33,0,0,0,2,0,0,72322.0,74758.0,78423.0,81017.0,81698.0,83562.0,4252.0,5500.0,4500.0,2926.0,3182.0,3043.0,0
15013,130000.0,1,2,2,35,0,0,-1,0,0,0,2541.0,0.0,7609.0,8217.0,9741.0,8308.0,0.0,7609.0,2500.0,1600.0,510.0,299.0,0
15019,50000.0,1,1,1,41,0,0,0,2,2,2,34384.0,35503.0,38931.0,38006.0,44357.0,43516.0,2000.0,4000.0,0.0,7000.0,0.0,2000.0,0
15023,20000.0,1,2,2,38,0,0,0,0,0,0,19817.0,19751.0,20242.0,20098.0,20059.0,20513.0,2000.0,1700.0,1300.0,1008.0,1700.0,1000.0,0
15027,150000.0,1,1,1,31,-1,-1,-1,-2,-2,-1,1600.0,1815.0,0.0,0.0,0.0,16877.0,1815.0,0.0,0.0,0.0,16877.0,25069.0,0
15036,200000.0,1,1,1,38,-2,-2,-2,-2,-2,-2,0.0,0.0,0.0,0.0,0.0,0.0,0.0,0.0,0.0,0.0,0.0,0.0,1
15043,230000.0,1,3,2,39,-1,-1,-1,2,-1,0,948.0,1156.0,1728.0,1156.0,1172.0,396.0,1156.0,1728.0,0.0,1172.0,0.0,776.0,0
15045,390000.0,1,1,1,35,0,0,0,0,0,0,24297.0,28804.0,43996.0,47532.0,49414.0,51380.0,5000.0,20000.0,5006.0,5006.0,5008.0,3004.0,0
15046,210000.0,1,2,1,40,-1,-1,-2,-2,-2,-2,3180.0,0.0,0.0,0.0,0.0,0.0,0.0,0.0,0.0,0.0,0.0,0.0,0
15056,200000.0,1,1,1,39,0,0,0,0,0,2,132589.0,135286.0,139725.0,142605.0,149894.0,153054.0,4900.0,6600.0,6700.0,11200.0,5700.0,5900.0,1
15057,20000.0,1,3,2,40,1,3,2,0,0,0,9080.0,8790.0,8505.0,9557.0,10395.0,11227.0,0.0,0.0,1200.0,1000.0,1000.0,1000.0,0
15063,100000.0,1,3,2,35,2,2,2,2,2,2,67646.0,69237.0,70638.0,71680.0,72705.0,74195.0,3300.0,3100.0,2800.0,2800.0,2800.0,2800.0,1
15065,240000.0,1,1,1,46,-2,-2,-2,-2,-2,-2,7278.0,800.0,437.0,11624.0,9411.0,-3316.0,804.0,437.0,11705.0,9473.0,1405.0,164705.0,0
15068,360000.0,1,2,1,34,-1,-1,-1,-1,-1,-1,5375.0,0.0,7799.0,8506.0,0.0,4186.0,0.0,7799.0,8528.0,0.0,4186.0,0.0,0
15069,280000.0,1,1,1,35,0,0,0,0,0,2,59188.0,146368.0,244092.0,210226.0,177595.0,153181.0,100000.0,101585.0,90762.0,50119.0,282.0,50436.0,0
15080,210000.0,1,2,1,44,-2,-2,-2,-2,-2,-2,245.0,245.0,141.0,-104.0,-104.0,-104.0,245.0,141.0,88.0,0.0,0.0,0.0,0
15081,500000.0,1,1,2,38,0,-1,-1,0,0,0,130700.0,15785.0,154653.0,450497.0,425957.0,298509.0,15785.0,154653.0,338394.0,16000.0,500.0,19999.0,0
15083,110000.0,1,2,2,32,0,0,0,0,0,0,97510.0,92152.0,94503.0,95571.0,91794.0,80365.0,3300.0,3838.0,3056.0,8000.0,3000.0,3200.0,0
15086,300000.0,1,2,1,41,0,0,0,0,-1,0,39260.0,29318.0,16703.0,16000.0,10154.0,10154.0,2052.0,3012.0,2048.0,10154.0,0.0,4589.0,0
15105,180000.0,1,1,1,39,0,0,0,-1,0,0,257579.0,274731.0,281713.0,242063.0,122295.0,-1005.0,20000.0,11000.0,145000.0,26000.0,0.0,101005.0,0
15111,20000.0,1,2,1,50,1,2,2,2,0,0,18206.0,18217.0,19930.0,780.0,780.0,0.0,1000.0,3000.0,0.0,0.0,0.0,0.0,0
15112,50000.0,1,2,1,50,2,2,2,2,2,2,19786.0,19170.0,21864.0,21215.0,23494.0,22978.0,0.0,3008.0,0.0,2638.0,0.0,845.0,1
15114,50000.0,1,1,2,51,1,-2,-2,-2,-2,-2,0.0,0.0,0.0,0.0,0.0,0.0,0.0,0.0,0.0,0.0,0.0,0.0,0
15134,240000.0,1,2,1,54,0,0,0,2,0,0,14332.0,16135.0,249258.0,243589.0,204754.0,201426.0,2000.0,234000.0,30.0,7046.0,7023.0,10005.0,0
15139,30000.0,1,3,1,55,3,2,2,7,7,7,2395.0,2395.0,2395.0,2395.0,2395.0,2395.0,0.0,0.0,0.0,0.0,0.0,0.0,1
15158,50000.0,2,2,1,26,0,0,0,0,0,0,50905.0,49796.0,50783.0,49776.0,50937.0,49956.0,2200.0,2100.0,2000.0,2000.0,2000.0,2300.0,0
15159,30000.0,2,2,2,22,0,0,0,0,-1,0,14617.0,17363.0,20430.0,25130.0,7746.0,10583.0,3000.0,3376.0,5076.0,8009.0,6017.0,3023.0,0
15163,300000.0,2,2,2,26,0,0,0,-1,0,0,29300.0,18988.0,6893.0,49379.0,49161.0,50646.0,1214.0,2000.0,49379.0,1500.0,2000.0,15000.0,0
15167,80000.0,2,2,2,22,-1,-1,-1,0,0,-1,3436.0,3473.0,10007.0,3584.0,2961.0,3831.0,3473.0,10020.0,2986.0,22.0,3835.0,5683.0,0
15171,160000.0,2,2,2,23,0,0,0,0,-1,-1,17920.0,17195.0,17164.0,7175.0,1942.0,100025.0,2000.0,3181.0,3012.0,1942.0,100025.0,3000.0,0
15175,30000.0,2,2,2,23,0,0,0,0,0,0,34084.0,33476.0,32006.0,31672.0,31247.0,30673.0,1521.0,1573.0,1500.0,1300.0,1300.0,1329.0,0
15180,90000.0,2,2,2,28,2,2,0,0,0,2,65521.0,63869.0,65212.0,66627.0,70652.0,69397.0,0.0,2368.0,2500.0,5140.0,0.0,2600.0,1
15190,90000.0,2,2,2,24,1,2,0,0,0,0,88550.0,78892.0,75808.0,63362.0,65300.0,67248.0,3000.0,3500.0,3000.0,3000.0,3000.0,5000.0,1
15202,50000.0,2,2,2,23,3,2,2,2,0,0,22613.0,21957.0,24482.0,24693.0,25283.0,27367.0,0.0,3200.0,910.0,1000.0,2500.0,0.0,1
15221,140000.0,2,2,1,31,1,-2,-1,-1,-2,-2,-53.0,-53.0,1117.0,0.0,0.0,0.0,0.0,1170.0,0.0,0.0,0.0,278.0,0
15225,60000.0,2,2,2,28,0,0,0,0,0,0,58204.0,56930.0,56616.0,56749.0,57504.0,58296.0,2030.0,2083.0,1983.0,2200.0,2500.0,2200.0,0
15226,90000.0,2,3,1,40,1,2,2,3,2,2,78976.0,84566.0,89609.0,87282.0,88261.0,90029.0,7500.0,7300.0,0.0,3300.0,3300.0,0.0,1
15238,290000.0,2,1,1,30,0,0,0,0,0,0,53476.0,52089.0,49979.0,36439.0,33231.0,32131.0,2009.0,2569.0,1532.0,987.0,1002.0,1035.0,0
15242,80000.0,2,2,1,36,0,0,0,0,0,0,79407.0,66491.0,59040.0,49555.0,38185.0,32582.0,2491.0,2540.0,1566.0,1485.0,1258.0,3600.0,0
15245,80000.0,2,2,1,37,-1,0,0,2,2,2,28652.0,29869.0,33071.0,33531.0,34184.0,33503.0,2000.0,4000.0,1300.0,1500.0,0.0,1300.0,0
15250,500000.0,2,1,1,35,-1,-1,-1,-1,0,0,416.0,258.0,1563.0,21557.0,14802.0,19552.0,258.0,1563.0,21557.0,1000.0,8000.0,23762.0,0
15254,180000.0,2,1,2,37,0,0,0,0,0,0,34607.0,43623.0,46667.0,31931.0,33928.0,35235.0,10000.0,5000.0,15000.0,5000.0,2000.0,5000.0,0
15258,360000.0,2,3,2,27,-2,-2,-2,-2,-2,-1,0.0,750.0,-2.0,468.0,-8.0,2496.0,750.0,2.0,470.0,0.0,2504.0,1153.0,0
15259,130000.0,2,1,2,29,1,-2,-2,-2,-2,-2,0.0,0.0,0.0,0.0,0.0,0.0,0.0,0.0,0.0,0.0,0.0,1313.0,0
15263,240000.0,2,2,2,29,0,0,0,0,0,0,238225.0,243044.0,239228.0,243318.0,195320.0,196664.0,9000.0,10500.0,10000.0,7000.0,7300.0,7439.0,0
15268,30000.0,2,2,1,34,1,2,2,0,0,0,22419.0,24932.0,23502.0,24603.0,24996.0,26426.0,3207.0,0.0,1800.0,1100.0,2000.0,1977.0,0
15278,260000.0,2,2,1,32,0,0,0,0,0,0,104717.0,102159.0,102369.0,80488.0,82150.0,84818.0,5300.0,3500.0,3000.0,3000.0,4000.0,4000.0,0
15280,20000.0,2,2,1,46,1,2,2,2,0,0,10935.0,11456.0,13169.0,13656.0,14430.0,14200.0,1000.0,1900.0,1000.0,1000.0,0.0,8119.0,1
15281,200000.0,2,2,1,30,0,0,0,0,0,0,75014.0,77044.0,80096.0,82269.0,85093.0,86870.0,3190.0,4195.0,4300.0,5000.0,3196.0,3231.0,0
15284,290000.0,2,1,1,34,-1,-1,-1,-1,-1,-1,3412.0,1573.0,11859.0,2483.0,1170.0,20328.0,1573.0,11886.0,2485.0,1170.0,20328.0,375.0,0
15293,200000.0,2,2,1,45,-2,-2,-2,-2,-2,-2,1182.0,0.0,198.0,3532.0,0.0,0.0,0.0,198.0,3532.0,0.0,0.0,0.0,0
15319,30000.0,2,3,1,48,0,0,0,0,0,0,29757.0,29059.0,26386.0,9370.0,7290.0,0.0,1720.0,1450.0,1010.0,500.0,0.0,0.0,0
15330,390000.0,2,1,2,33,-2,-2,-2,-2,-2,-2,2703.0,1017.0,0.0,0.0,1560.0,4386.0,1017.0,0.0,0.0,1560.0,4386.0,12000.0,0
15335,330000.0,2,1,2,39,0,0,0,0,0,0,118467.0,110930.0,100498.0,95072.0,94164.0,94043.0,4000.0,4600.0,4000.0,4190.0,6680.0,3500.0,0
15343,180000.0,2,2,1,30,1,2,-1,0,0,0,18435.0,1563.0,3842.0,7146.0,10480.0,13886.0,0.0,3842.0,5000.0,5000.0,10000.0,5000.0,0
15357,440000.0,2,2,1,33,0,0,0,2,0,0,411970.0,420142.0,443407.0,431200.0,440000.0,-6948.0,15003.0,30000.0,0.0,9000.0,788.0,0.0,0
15358,280000.0,2,1,2,33,2,0,0,0,0,0,3192.0,4962.0,7860.0,10708.0,13516.0,16279.0,2000.0,3000.0,3000.0,3000.0,3000.0,3000.0,0
15362,470000.0,2,2,2,36,-1,-1,-1,-1,0,-1,9.0,89.0,0.0,157.0,157.0,205430.0,1960.0,0.0,157.0,0.0,205430.0,130.0,0
15366,80000.0,2,3,2,40,2,2,0,0,0,0,81428.0,78041.0,75945.0,61740.0,29089.0,28267.0,4.0,3716.0,2000.0,1000.0,1000.0,2000.0,1
15371,230000.0,2,1,2,29,0,0,-1,-1,0,0,23586.0,6633.0,2525.0,146959.0,150080.0,153186.0,5576.0,2525.0,146959.0,4452.0,4586.0,5497.0,0
15373,390000.0,2,1,2,30,0,0,0,0,0,0,152535.0,153477.0,148629.0,141571.0,126583.0,154557.0,5153.0,10000.0,10000.0,5010.0,50000.0,5000.0,0
15384,20000.0,2,3,1,45,2,2,3,2,2,0,21646.0,24390.0,23719.0,23936.0,23253.0,25871.0,3400.0,0.0,900.0,0.0,3000.0,2000.0,1
15391,150000.0,2,2,1,49,-1,-1,0,-1,-1,-1,4016.0,5115.0,3425.0,1334.0,2117.0,1098.0,5119.0,1002.0,1336.0,2119.0,1098.0,757.0,0
15401,280000.0,2,2,1,49,2,2,2,0,0,0,28788.0,31315.0,30529.0,33562.0,34557.0,35600.0,3315.0,0.0,3562.0,1557.0,1600.0,3175.0,0
15402,470000.0,2,2,1,49,0,-1,-1,-1,-1,-1,3388.0,1359.0,7650.0,6682.0,1942.0,0.0,1359.0,7650.0,6682.0,1942.0,0.0,5870.0,1
15403,100000.0,2,5,1,54,0,0,0,0,0,0,95980.0,99056.0,100415.0,102666.0,63913.0,65246.0,4057.0,3232.0,3275.0,2290.0,2365.0,2382.0,0
15420,80000.0,2,2,1,57,1,-1,-1,-2,-2,-1,0.0,2412.0,0.0,0.0,0.0,1650.0,2412.0,0.0,0.0,0.0,1650.0,2500.0,0
15423,500000.0,2,1,2,54,0,0,0,0,0,0,260356.0,253580.0,239479.0,200081.0,185130.0,168868.0,18609.0,9800.0,6610.0,6000.0,6000.0,5000.0,0
15429,50000.0,1,2,2,23,0,0,0,0,0,0,42284.0,31512.0,26097.0,27148.0,54991.0,28480.0,1800.0,1600.0,1500.0,1000.0,2400.0,1500.0,0
15447,30000.0,1,2,2,22,0,0,0,0,0,0,30465.0,27943.0,14588.0,30158.0,29562.0,29818.0,1630.0,2231.0,16310.0,1051.0,1103.0,1003.0,0
15448,20000.0,1,2,2,26,0,0,2,2,0,0,15481.0,18004.0,19121.0,18521.0,18615.0,19015.0,3100.0,1700.0,0.0,700.0,700.0,860.0,1
15449,50000.0,1,2,2,27,-2,-2,-2,-2,-2,-2,0.0,0.0,0.0,0.0,0.0,0.0,0.0,0.0,0.0,0.0,0.0,0.0,0
15450,150000.0,1,1,2,25,0,0,0,0,0,0,51568.0,52952.0,95134.0,31578.0,26089.0,16624.0,3000.0,60086.0,2000.0,2000.0,5000.0,6000.0,0
15453,120000.0,1,1,2,27,0,0,2,0,0,0,75896.0,77931.0,79384.0,81367.0,82321.0,84336.0,3900.0,3300.0,3900.0,3200.0,3500.0,3500.0,0
15459,160000.0,1,2,2,28,-2,-2,-2,-2,-2,-2,0.0,0.0,0.0,0.0,0.0,0.0,0.0,0.0,0.0,0.0,0.0,0.0,0
15460,200000.0,1,1,2,28,-1,2,2,-2,-2,-2,2006.0,1823.0,-2.0,-2.0,-90.0,-90.0,0.0,27.0,88.0,0.0,0.0,0.0,0
15464,490000.0,1,1,2,35,0,0,0,0,0,0,156021.0,155635.0,156094.0,159376.0,158235.0,163963.0,8030.0,9071.0,18944.0,10000.0,8030.0,6059.0,0
15485,180000.0,1,1,1,36,1,-2,-2,-2,-2,-2,0.0,0.0,0.0,0.0,0.0,0.0,0.0,0.0,0.0,0.0,0.0,0.0,0
15490,30000.0,1,3,1,28,-1,0,0,0,2,0,38390.0,20830.0,56262.0,59113.0,58016.0,30900.0,4200.0,36444.0,4360.0,4.0,2204.0,0.0,0
15494,160000.0,1,2,1,35,0,0,0,-2,-2,-2,160303.0,164150.0,0.0,0.0,0.0,0.0,8000.0,0.0,0.0,0.0,0.0,0.0,0
15495,20000.0,1,2,2,35,0,0,0,0,0,0,19600.0,19694.0,19945.0,20051.0,19472.0,19830.0,1312.0,1363.0,1249.0,1000.0,2000.0,1000.0,1
15503,200000.0,1,2,1,41,0,0,2,0,0,0,92272.0,69963.0,67223.0,69167.0,69289.0,70333.0,6582.0,0.0,2943.0,2301.0,2374.0,2500.0,0
15508,270000.0,1,2,1,35,0,0,0,0,0,0,48465.0,45898.0,46765.0,55438.0,54285.0,54198.0,1737.0,2000.0,10000.0,1461.0,1492.0,899.0,0
15518,50000.0,1,3,1,41,2,2,2,2,-2,-2,20186.0,15773.0,13555.0,0.0,0.0,0.0,2700.0,103.0,0.0,0.0,0.0,0.0,1
15521,180000.0,1,2,2,32,0,0,0,0,-1,0,45469.0,39368.0,9652.0,10775.0,1943.0,13243.0,5000.0,2000.0,3000.0,1943.0,13000.0,170000.0,0
15524,500000.0,1,1,1,48,0,0,0,0,0,0,107595.0,109605.0,113409.0,114191.0,117285.0,120388.0,5000.0,5571.0,4152.0,5000.0,5000.0,5000.0,0
15547,280000.0,1,1,1,47,-1,-1,-1,-1,-1,-1,3587.0,3187.0,3190.0,1982.0,3590.0,3590.0,3200.0,3203.0,1992.0,3608.0,3600.0,3602.0,0
15557,500000.0,1,1,1,42,0,-1,-1,0,0,0,9894.0,1500.0,14148.0,28190.0,7423.0,3588.0,1500.0,14148.0,20000.0,0.0,0.0,1715.0,0
15569,100000.0,1,2,2,40,0,0,0,0,0,0,95600.0,87442.0,60737.0,66077.0,68990.0,70724.0,15037.0,5003.0,8058.0,8000.0,3000.0,5000.0,0
15582,50000.0,1,2,1,58,-1,0,0,0,0,0,60524.0,61627.0,56937.0,51506.0,45058.0,37598.0,2200.0,2297.0,1751.0,1086.0,3307.0,1142.0,0
15593,30000.0,1,2,1,53,0,0,0,0,0,0,29557.0,30091.0,28247.0,28884.0,29523.0,30672.0,1427.0,2973.0,1500.0,1100.0,2000.0,1000.0,0
15596,270000.0,1,1,1,61,0,0,0,0,0,0,15194.0,16934.0,18533.0,8855.0,3140.0,5140.0,2000.0,2000.0,2000.0,1000.0,2000.0,2000.0,0
15604,20000.0,2,3,2,24,-1,-1,-2,-2,-1,0,12509.0,0.0,0.0,0.0,13398.0,7224.0,0.0,0.0,0.0,13398.0,0.0,0.0,0
15614,120000.0,2,2,1,30,0,0,0,0,0,0,121038.0,121211.0,119339.0,122334.0,121254.0,122094.0,4700.0,4400.0,5000.0,4600.0,5000.0,4500.0,0
15631,140000.0,2,2,1,35,0,0,0,0,0,0,62244.0,55125.0,48943.0,42337.0,35446.0,29383.0,2000.0,2200.0,2000.0,1300.0,2000.0,0.0,0
15633,90000.0,2,2,2,25,1,-1,-1,-1,-1,2,0.0,840.0,420.0,0.0,1140.0,150.0,840.0,420.0,0.0,1140.0,0.0,570.0,1
15635,200000.0,2,1,1,38,-2,-2,-2,-2,-2,-2,5625.0,12125.0,13300.0,3450.0,13880.0,5147.0,12125.0,13416.0,3450.0,13880.0,5147.0,1050.0,0
15642,250000.0,2,2,1,36,0,0,0,0,-1,0,253627.0,239250.0,245611.0,33017.0,182078.0,184036.0,10153.0,11000.0,4701.0,190071.0,8000.0,10014.0,0
15654,200000.0,2,2,1,42,-1,-1,-1,-1,-2,-2,8050.0,0.0,1560.0,0.0,0.0,0.0,0.0,1560.0,0.0,0.0,0.0,0.0,0
15656,130000.0,2,2,1,37,0,0,0,2,0,0,41200.0,42532.0,46413.0,45000.0,45800.0,0.0,2019.0,4900.0,0.0,1000.0,0.0,0.0,1
15664,10000.0,2,2,2,55,1,2,0,0,0,0,9193.0,7653.0,8337.0,8356.0,8527.0,4694.0,0.0,1201.0,1000.0,171.0,94.0,80.0,1
15667,130000.0,1,3,2,27,1,2,0,0,0,0,133019.0,133178.0,132355.0,131797.0,131457.0,132202.0,6000.0,6000.0,5000.0,5000.0,5000.0,5200.0,0
15669,410000.0,1,1,2,27,0,-1,-1,0,-1,-1,7189.0,15646.0,15678.0,40512.0,17884.0,34251.0,16090.0,16076.0,40203.0,17974.0,34518.0,369.0,0
15672,80000.0,1,3,1,31,2,0,0,2,0,0,28175.0,57433.0,61513.0,59769.0,61937.0,66088.0,30000.0,5000.0,0.0,3000.0,5000.0,5000.0,1
15673,30000.0,1,2,2,31,1,2,2,2,2,2,10916.0,11940.0,11462.0,13263.0,12758.0,13545.0,1500.0,0.0,2300.0,0.0,1300.0,800.0,1
15674,200000.0,1,1,1,32,-1,2,-1,2,-1,-1,760.0,380.0,760.0,380.0,380.0,0.0,0.0,760.0,0.0,380.0,0.0,154350.0,0
15683,250000.0,1,2,2,28,-2,-2,-2,-2,-2,-2,22303.0,51749.0,186394.0,9458.0,6620.0,10040.0,51762.0,186398.0,9467.0,6620.0,10040.0,8960.0,0
15686,360000.0,1,1,2,29,1,-2,-2,-2,-2,-2,0.0,0.0,0.0,0.0,0.0,0.0,0.0,0.0,0.0,0.0,0.0,0.0,0
15690,30000.0,1,2,2,22,0,0,0,0,0,0,4921.0,3810.0,3890.0,2199.0,2209.0,1429.0,1500.0,2000.0,2000.0,400.0,0.0,500.0,1
15692,10000.0,1,1,2,26,0,0,0,0,0,0,6376.0,7386.0,8581.0,9765.0,10066.0,10151.0,1121.0,1316.0,1500.0,450.0,500.0,800.0,1
15696,170000.0,1,2,2,33,-1,-1,-1,-1,-1,-1,2754.0,2754.0,2754.0,2754.0,2754.0,2754.0,2754.0,2754.0,2754.0,2754.0,2754.0,2754.0,0
15705,500000.0,1,3,2,53,-1,-1,-1,-1,-1,2,17362.0,16666.0,16666.0,16666.0,33923.0,16666.0,16666.0,16666.0,16666.0,33923.0,0.0,16666.0,0
15706,50000.0,1,2,2,35,0,0,0,0,0,0,47816.0,49694.0,48543.0,46366.0,9076.0,9812.0,3000.0,3000.0,3019.0,3000.0,1000.0,2000.0,0
15707,180000.0,1,2,1,36,-2,-2,-2,-2,-2,-2,15315.0,0.0,0.0,0.0,500.0,2240.0,0.0,0.0,0.0,500.0,2240.0,1800.0,0
15709,360000.0,1,1,1,37,0,0,0,0,0,0,68438.0,71287.0,73406.0,74397.0,75467.0,79841.0,4000.0,3009.0,3509.0,3500.0,5000.0,5019.0,0
15729,50000.0,2,1,2,21,0,0,0,0,0,0,36809.0,33121.0,29672.0,22365.0,12702.0,4134.0,5143.0,5000.0,1021.0,0.0,3000.0,0.0,0
15732,220000.0,1,1,1,42,-1,-1,-1,-1,0,-1,2358.0,156.0,0.0,50510.0,2202.0,4533.0,156.0,0.0,50510.0,0.0,5131.0,0.0,0
15740,80000.0,2,1,2,27,-1,-1,-1,-1,0,-1,993.0,1528.0,1138.0,4130.0,3740.0,1404.0,1528.0,1499.0,4130.0,0.0,1404.0,1621.0,0
15749,20000.0,2,2,1,23,1,2,0,0,0,2,15988.0,16219.0,17626.0,18398.0,19052.0,15429.0,794.0,1674.0,1446.0,1100.0,0.0,379.0,0
15752,20000.0,2,1,2,23,2,0,0,0,0,0,17476.0,18807.0,15784.0,19062.0,19444.0,20004.0,2000.0,1500.0,4300.0,624.0,800.0,600.0,1
15766,30000.0,2,3,2,22,3,2,2,2,2,3,9340.0,10533.0,10221.0,16808.0,17738.0,17174.0,1500.0,0.0,6808.0,1502.0,0.0,0.0,1
15770,30000.0,2,2,2,24,-2,-2,-2,-2,-2,-2,0.0,0.0,0.0,0.0,0.0,0.0,0.0,0.0,0.0,0.0,0.0,0.0,0
15772,100000.0,2,3,2,24,0,0,0,0,0,2,54938.0,55621.0,56999.0,57748.0,62489.0,60984.0,1985.0,2664.0,2700.0,6700.0,0.0,2389.0,0
15779,20000.0,2,2,2,24,2,3,2,2,2,2,12764.0,12267.0,13266.0,12756.0,13801.0,13439.0,0.0,1500.0,0.0,1259.0,0.0,1200.0,1
15783,80000.0,2,2,2,23,0,0,0,0,0,0,77894.0,79427.0,79514.0,72712.0,42309.0,43227.0,2850.0,2874.0,2335.0,1600.0,1600.0,1700.0,0
15785,50000.0,2,1,2,23,2,2,0,0,2,2,50668.0,46576.0,46225.0,46473.0,45099.0,45116.0,0.0,2120.0,2810.0,1000.0,2083.0,1500.0,1
15799,50000.0,2,2,1,27,1,2,0,0,0,0,52180.0,51009.0,49025.0,38697.0,18561.0,18952.0,0.0,2080.0,1600.0,657.0,683.0,838.0,0
15800,20000.0,2,2,2,23,0,0,0,0,2,0,13858.0,15121.0,16472.0,18087.0,17499.0,17868.0,1500.0,1600.0,2200.0,0.0,650.0,1450.0,0
15805,90000.0,2,2,2,24,0,0,0,0,0,-2,87711.0,80699.0,68100.0,33434.0,0.0,0.0,3248.0,2991.0,2655.0,0.0,0.0,0.0,0
15810,140000.0,2,2,1,28,0,0,0,0,0,0,62204.0,65280.0,56504.0,53528.0,42168.0,25742.0,7028.0,6000.0,5026.0,5000.0,3000.0,2000.0,0
15818,180000.0,2,2,1,27,0,0,0,0,0,0,114556.0,116155.0,120264.0,124203.0,125702.0,128734.0,5000.0,6000.0,6000.0,5000.0,5000.0,10000.0,0
15821,30000.0,2,1,2,27,2,0,0,0,0,0,23575.0,24584.0,25885.0,26851.0,26808.0,27599.0,1400.0,1700.0,1900.0,557.0,1000.0,2000.0,0
15832,50000.0,2,1,2,27,1,2,2,-2,-2,-2,4040.0,3800.0,0.0,0.0,0.0,0.0,0.0,0.0,0.0,0.0,0.0,0.0,1
15838,130000.0,2,1,2,27,0,-1,-1,0,0,0,15700.0,250.0,7671.0,12088.0,74088.0,63593.0,250.0,7671.0,5000.0,65000.0,3000.0,41803.0,0
15842,210000.0,2,2,2,28,-2,-2,-2,-2,-2,-2,2316.0,2316.0,2836.0,2316.0,1446.0,131242.0,2316.0,2836.0,2316.0,1446.0,131242.0,5000.0,0
15845,50000.0,2,2,1,25,0,-1,-1,-1,-1,-1,2126.0,1513.0,1246.0,1111.0,3018.0,5847.0,1513.0,1246.0,1111.0,3018.0,5847.0,1273.0,0
15847,100000.0,2,2,2,26,0,-1,0,0,0,0,1734.0,6645.0,7725.0,11246.0,9755.0,8260.0,6649.0,2704.0,5250.0,4.0,0.0,24.0,1
15862,30000.0,2,2,2,29,2,2,2,0,0,0,13519.0,16493.0,15545.0,16557.0,16857.0,18121.0,3211.0,0.0,1275.0,575.0,1539.0,700.0,1
15882,50000.0,2,1,2,25,0,0,0,0,0,0,3624.0,4487.0,4545.0,6249.0,6249.0,6249.0,1100.0,1600.0,2000.0,0.0,0.0,0.0,0
15902,110000.0,2,2,2,26,0,0,0,0,0,0,63376.0,67293.0,67536.0,77697.0,82888.0,88048.0,5000.0,1317.0,11380.0,6508.0,6540.0,6671.0,0
15904,50000.0,2,3,2,29,2,0,0,0,0,0,48259.0,48740.0,26953.0,27860.0,28420.0,29045.0,1726.0,1500.0,1376.0,936.0,1000.0,1100.0,1
15907,180000.0,2,2,2,30,0,0,0,0,0,0,148860.0,135814.0,138654.0,130773.0,121293.0,123947.0,6500.0,7000.0,6600.0,4700.0,5100.0,4700.0,0
15922,130000.0,2,2,1,28,0,0,0,0,0,0,115303.0,113502.0,111651.0,102622.0,96723.0,98827.0,4157.0,4168.0,5025.0,3223.0,4105.0,4000.0,0
15926,30000.0,2,2,2,31,-2,-2,-2,-2,-2,-2,0.0,0.0,0.0,0.0,0.0,0.0,0.0,0.0,0.0,0.0,0.0,0.0,0
15937,130000.0,2,2,2,42,0,0,0,-1,-1,-1,49363.0,47432.0,94050.0,21000.0,858.0,2160.0,5026.0,5000.0,21000.0,858.0,2160.0,200.0,0
15938,50000.0,2,2,2,26,1,2,2,2,2,3,18253.0,20539.0,20616.0,20977.0,23287.0,22637.0,2900.0,700.0,1000.0,2970.0,0.0,0.0,0
15940,30000.0,2,2,1,32,1,3,2,0,0,2,27807.0,27078.0,26363.0,27379.0,28953.0,28354.0,0.0,0.0,1758.0,2332.0,0.0,1400.0,1
15951,50000.0,2,2,1,31,1,3,2,0,0,0,50701.0,49147.0,21163.0,19894.0,19758.0,19324.0,0.0,507.0,1300.0,1000.0,700.0,771.0,1
15957,50000.0,2,2,1,30,0,0,0,-2,-2,-2,50425.0,51400.0,0.0,0.0,0.0,0.0,2400.0,0.0,0.0,0.0,0.0,0.0,0
15988,50000.0,2,2,2,31,2,2,2,2,2,2,28947.0,30072.0,30895.0,31589.0,32071.0,32709.0,1900.0,1600.0,1500.0,1300.0,1300.0,1500.0,1
15991,120000.0,2,2,2,30,0,0,0,2,2,0,98546.0,100675.0,104347.0,108258.0,104972.0,104638.0,5600.0,6800.0,7300.0,0.0,4600.0,3400.0,0
15993,50000.0,2,2,1,44,0,0,-2,-2,-2,-2,49644.0,0.0,0.0,0.0,0.0,0.0,0.0,0.0,0.0,0.0,0.0,0.0,0
15995,220000.0,2,1,1,36,0,0,0,0,0,0,215979.0,210475.0,216513.0,196219.0,200117.0,204312.0,7800.0,9639.0,7123.0,7162.0,7419.0,7462.0,0
16002,130000.0,2,2,2,29,0,0,2,0,0,0,34529.0,52868.0,51457.0,60045.0,47696.0,43677.0,19000.0,0.0,10000.0,10000.0,10000.0,10000.0,0
16009,50000.0,2,1,2,22,0,0,0,0,0,0,15787.0,17486.0,17823.0,18495.0,18266.0,18631.0,2250.0,1587.0,1259.0,765.0,773.0,476.0,0
16010,140000.0,2,2,1,30,0,0,0,0,0,2,106526.0,85019.0,82784.0,81458.0,86227.0,84646.0,4000.0,3000.0,4000.0,7000.0,0.0,4000.0,0
16013,300000.0,2,1,1,36,1,-2,-2,-2,-1,0,0.0,0.0,0.0,0.0,1894.0,2394.0,0.0,0.0,0.0,1894.0,500.0,4662.0,0
16014,200000.0,2,3,2,26,-1,-1,0,0,-1,-1,0.0,2381.0,10.0,1010.0,2230.0,1191.0,0.0,15.0,1000.0,2000.0,1191.0,866.0,0
16035,110000.0,2,2,1,41,0,0,0,0,0,0,182235.0,185646.0,168171.0,129227.0,49830.0,50287.0,6071.0,5070.0,3362.0,1755.0,2000.0,2000.0,0
16037,90000.0,2,2,2,26,0,0,0,0,0,0,61982.0,46323.0,43710.0,45474.0,46369.0,47623.0,2000.0,2100.0,2500.0,1650.0,2000.0,2000.0,0
16041,50000.0,2,2,1,34,0,0,0,0,0,0,51012.0,49882.0,50446.0,49910.0,29844.0,30524.0,2000.0,2200.0,2270.0,1204.0,1300.0,1238.0,0
16049,70000.0,2,1,1,34,0,0,0,0,0,0,40498.0,41192.0,42274.0,43596.0,44173.0,45309.0,1668.0,1750.0,2023.0,1600.0,1850.0,5800.0,0
16053,30000.0,2,2,1,48,2,2,2,2,2,0,28695.0,29824.0,29066.0,31236.0,29819.0,30058.0,1900.0,0.0,3000.0,0.0,1500.0,2000.0,1
16055,300000.0,2,2,1,36,-1,-1,-2,-1,-1,-1,77765.0,1443.0,41071.0,58995.0,24713.0,28948.0,1443.0,41071.0,58995.0,24713.0,28948.0,7210.0,0
16061,50000.0,2,3,1,47,0,0,2,2,2,2,25347.0,29766.0,26283.0,28198.0,23159.0,23089.0,4881.0,0.0,4087.0,0.0,1798.0,0.0,0
16071,50000.0,2,2,1,33,0,0,0,0,0,0,33441.0,20668.0,22926.0,21767.0,13806.0,5320.0,2659.0,2917.0,4600.0,1000.0,5200.0,0.0,0
16082,100000.0,2,2,2,31,0,0,0,0,0,0,71171.0,72613.0,74105.0,75617.0,77150.0,78953.0,1746.0,1792.0,1828.0,1855.0,2121.0,2100.0,0
16085,50000.0,2,2,1,43,-1,-1,-1,-1,0,0,7965.0,12717.0,11016.0,22263.0,18711.0,12712.0,12724.0,11022.0,22264.0,378.0,258.0,5380.0,0
16092,100000.0,2,1,1,40,2,2,0,0,2,0,97229.0,94777.0,95634.0,65828.0,61621.0,62756.0,0.0,2924.0,5226.0,0.0,2278.0,2292.0,1
16093,40000.0,2,2,1,37,2,2,2,2,2,0,25561.0,26343.0,25635.0,28100.0,27352.0,27862.0,1500.0,0.0,2900.0,0.0,1100.0,2400.0,1
16096,140000.0,2,2,1,36,1,2,3,2,0,0,59379.0,63007.0,61459.0,59798.0,61287.0,8383.0,5200.0,0.0,0.0,3009.0,1000.0,94000.0,0
16099,70000.0,2,2,1,46,2,2,2,2,2,2,24036.0,25035.0,25930.0,26206.0,26477.0,27404.0,1700.0,1600.0,1000.0,1000.0,1500.0,0.0,1
16101,50000.0,2,2,1,30,0,0,0,0,-2,-2,34811.0,30753.0,6680.0,0.0,0.0,0.0,2000.0,1000.0,0.0,0.0,0.0,0.0,1
16103,200000.0,2,5,1,33,0,0,0,0,0,0,92707.0,73970.0,122304.0,116674.0,89694.0,68256.0,3112.0,50000.0,6760.0,3486.0,2476.0,2500.0,0
16118,110000.0,2,3,2,33,0,0,0,0,0,0,35370.0,30661.0,62708.0,52873.0,48240.0,41313.0,11000.0,40000.0,3526.0,4515.0,3000.0,0.0,0
16126,30000.0,2,2,1,34,2,2,0,0,0,2,16944.0,16374.0,17724.0,18473.0,19763.0,19306.0,0.0,1620.0,1350.0,1600.0,0.0,1630.0,1
16127,30000.0,2,2,1,37,2,2,2,2,0,0,8229.0,11076.0,11787.0,11301.0,11677.0,11766.0,3000.0,1188.0,0.0,564.0,426.0,429.0,0
16150,290000.0,2,1,2,30,-1,-1,-1,-1,-2,-2,1459.0,1029.0,2154.0,1492.0,229.0,943.0,1078.0,2154.0,1518.0,229.0,943.0,189.0,0
16152,60000.0,2,2,1,38,0,0,-2,-1,-1,-1,21261.0,2522.0,0.0,1411.0,1455.0,4486.0,2522.0,0.0,1411.0,1455.0,4486.0,11961.0,0
16154,120000.0,2,2,2,29,0,0,0,2,-1,0,9102.0,10626.0,15003.0,9270.0,46193.0,30774.0,2000.0,5000.0,0.0,49920.0,1500.0,4000.0,0
16157,20000.0,2,2,1,25,-1,-1,-1,-1,-1,-1,3454.0,6875.0,13936.0,2816.0,7419.0,165.0,6885.0,14523.0,2816.0,7419.0,0.0,16963.0,1
16159,180000.0,2,1,2,30,0,0,0,0,0,0,174869.0,173094.0,131039.0,132269.0,144990.0,152632.0,8328.0,7000.0,4900.0,15000.0,10000.0,6000.0,0
16170,50000.0,2,3,2,41,0,0,0,0,0,0,3048.0,4063.0,5081.0,6090.0,6211.0,6342.0,1074.0,1092.0,1101.0,222.0,231.0,231.0,1
16175,190000.0,2,1,2,29,0,0,0,0,0,0,189417.0,95341.0,74959.0,76514.0,78047.0,79603.0,3318.0,2719.0,2800.0,2800.0,2900.0,3400.0,1
16176,340000.0,2,2,1,36,0,0,0,0,0,0,3058.0,4087.0,5129.0,3142.0,3210.0,4153.0,1087.0,1129.0,1052.0,120.0,1000.0,1000.0,0
16184,150000.0,2,1,2,30,1,-2,-2,-2,-1,0,0.0,0.0,0.0,0.0,1883.0,1883.0,0.0,0.0,0.0,1883.0,0.0,0.0,1
16186,110000.0,2,2,2,23,-1,0,0,0,0,0,37857.0,39117.0,34330.0,12207.0,71932.0,73769.0,2000.0,3000.0,1500.0,71392.0,3000.0,3500.0,0
16191,10000.0,2,2,2,36,1,2,0,0,0,0,7081.0,6819.0,7996.0,9004.0,9180.0,9371.0,0.0,1290.0,1298.0,474.0,487.0,500.0,1
16200,50000.0,2,3,2,34,0,0,0,0,0,0,60170.0,48000.0,50192.0,50451.0,49086.0,34161.0,3000.0,3000.0,5000.0,3000.0,1000.0,711.0,0
16205,10000.0,2,2,1,49,0,0,0,0,0,0,8671.0,6613.0,7648.0,8758.0,9410.0,4373.0,1265.0,1300.0,1400.0,1000.0,304.0,283.0,0
16208,80000.0,2,2,2,45,0,0,0,0,0,0,78083.0,79829.0,80896.0,53052.0,91667.0,47160.0,3045.0,2545.0,2100.0,1700.0,3374.0,1740.0,0
16209,360000.0,2,1,1,35,-2,-1,0,-1,-1,-1,94657.0,34529.0,106276.0,73331.0,7759.0,31840.0,45000.0,100000.0,73427.0,7759.0,31840.0,12577.0,1
16220,180000.0,2,1,2,44,0,0,2,0,0,0,7668.0,10006.0,7996.0,8960.0,6310.0,4656.0,2489.0,0.0,1166.0,126.0,112.0,244.0,1
16222,160000.0,2,1,1,47,0,0,0,0,0,0,151400.0,155658.0,143564.0,130860.0,122188.0,79360.0,6960.0,6882.0,6307.0,4730.0,2874.0,3052.0,0
16226,50000.0,2,2,3,34,-1,0,0,0,0,0,33436.0,31231.0,30994.0,20244.0,12135.0,12270.0,2005.0,2005.0,2716.0,1000.0,911.0,500.0,1
16231,50000.0,2,2,1,33,0,0,0,0,0,0,49450.0,50067.0,69594.0,46181.0,16770.0,19890.0,1743.0,2236.0,2807.0,629.0,3810.0,719.0,0
16235,210000.0,2,1,1,40,1,-2,-2,-1,-1,-1,0.0,0.0,0.0,4351.0,0.0,6200.0,0.0,0.0,4351.0,0.0,6200.0,5276.0,0
16240,200000.0,2,3,1,37,-1,-1,-1,0,0,-1,10701.0,4251.0,5144.0,6807.0,51013.0,54416.0,4251.0,5144.0,2000.0,44406.0,54725.0,3000.0,0
16242,210000.0,2,3,1,35,0,0,0,0,0,0,79662.0,25442.0,26823.0,32032.0,37457.0,43814.0,3000.0,1791.0,6000.0,6000.0,7000.0,5000.0,0
16246,20000.0,2,2,2,40,0,0,0,-1,-1,-1,3135.0,2643.0,2454.0,2250.0,2296.0,4315.0,2000.0,2296.0,2296.0,2342.0,4315.0,2796.0,0
16257,130000.0,2,1,2,28,-1,-1,-1,-1,-1,-1,2936.0,1688.0,5890.0,1113.0,1283.0,3000.0,2464.0,5890.0,1113.0,1283.0,3000.0,883.0,0
16262,80000.0,2,2,1,32,-2,-2,-2,-2,-2,-2,1880.0,1261.0,1650.0,3176.0,3379.0,1807.0,1261.0,1650.0,3176.0,3379.0,1807.0,2241.0,0
16268,200000.0,2,2,2,35,0,0,0,0,0,0,4585.0,5859.0,7763.0,8525.0,6843.0,2865.0,1500.0,2000.0,1000.0,518.0,1000.0,296.0,0
16272,110000.0,2,2,2,28,0,0,0,-1,-1,-1,10048.0,8311.0,3404.0,407.0,1250.0,88628.0,2000.0,3000.0,410.0,1250.0,89035.0,3491.0,0
16283,450000.0,2,2,2,36,-1,-1,-2,-2,-1,-1,12050.0,13500.0,6350.0,11670.0,1530.0,1232.0,13551.0,6364.0,11728.0,1532.0,1234.0,201.0,0
16291,190000.0,2,2,1,43,1,2,0,0,0,0,189697.0,185105.0,184180.0,156969.0,157856.0,158451.0,0.0,9021.0,6000.0,5489.0,5670.0,6000.0,1
16294,30000.0,2,2,2,38,0,0,0,0,0,0,29632.0,30239.0,30526.0,29219.0,30012.0,28422.0,1492.0,1661.0,1238.0,1031.0,1083.0,0.0,0
16316,30000.0,2,2,1,45,-1,-1,2,2,-2,-2,390.0,780.0,780.0,0.0,0.0,0.0,780.0,0.0,0.0,0.0,0.0,0.0,0
16339,420000.0,2,2,1,41,0,0,0,0,0,0,373978.0,389754.0,366938.0,361024.0,354813.0,344221.0,33808.0,14996.0,13209.0,12890.0,11081.0,16298.0,1
16343,160000.0,2,1,1,45,0,0,0,0,0,0,108799.0,110963.0,114975.0,115923.0,107621.0,110006.0,3972.0,5800.0,4431.0,3854.0,4121.0,4603.0,0
16346,190000.0,2,4,2,39,0,0,0,0,0,0,109023.0,99265.0,78430.0,77653.0,78395.0,70849.0,4000.0,3507.0,3003.0,3003.0,3510.0,3500.0,0
16352,160000.0,2,5,1,38,0,0,0,0,0,0,141282.0,144433.0,152067.0,155527.0,157886.0,156241.0,5500.0,10000.0,6000.0,6100.0,6100.0,6000.0,0
16356,200000.0,2,2,1,48,0,0,-2,-1,-1,-2,1002.0,0.0,490.0,902.0,0.0,0.0,0.0,490.0,902.0,0.0,0.0,0.0,0
16363,360000.0,2,2,1,33,1,-1,2,2,-2,-2,-10.0,2635.0,590.0,-9.0,-9.0,-9.0,2645.0,2.0,0.0,0.0,0.0,0.0,0
16366,300000.0,2,1,2,35,-1,-1,-1,-1,-1,-1,103.0,344.0,891.0,889.0,889.0,739.0,344.0,891.0,889.0,889.0,739.0,1807.0,0
16368,380000.0,2,3,1,38,0,0,0,0,0,0,379080.0,374137.0,371624.0,362191.0,322148.0,309689.0,13501.0,14152.0,12270.0,11031.0,10207.0,10910.0,1
16371,200000.0,2,1,1,39,-1,-1,-1,-2,-1,-1,14510.0,7922.0,0.0,0.0,506.0,4408.0,7922.0,0.0,0.0,506.0,4408.0,0.0,0
16377,30000.0,2,2,1,48,2,2,3,2,2,2,10509.0,12727.0,12240.0,11747.0,12651.0,12305.0,2700.0,0.0,0.0,1100.0,0.0,1100.0,1
16385,220000.0,2,1,1,42,-1,-1,-1,-1,-1,-1,316.0,316.0,396.0,316.0,32816.0,316.0,316.0,396.0,316.0,32816.0,316.0,316.0,0
16392,180000.0,2,2,1,34,0,-1,-1,-1,-1,-1,3359.0,4060.0,-200.0,2000.0,0.0,19726.0,4060.0,0.0,2200.0,0.0,19726.0,0.0,1
16395,320000.0,2,2,1,46,-1,-1,-1,-1,0,-1,545.0,5590.0,8477.0,18428.0,119.0,9416.0,5590.0,8489.0,18443.0,0.0,9416.0,2328.0,0
16398,20000.0,2,3,1,42,0,0,0,0,0,0,18650.0,15456.0,16504.0,17496.0,18219.0,18783.0,1300.0,1300.0,1280.0,1000.0,1000.0,1107.0,0
16399,140000.0,2,3,2,34,-1,-1,-1,-1,-1,-1,316.0,0.0,2549.0,151.0,0.0,574.0,0.0,2549.0,151.0,0.0,574.0,918.0,0
16407,360000.0,2,2,2,37,-1,-1,-1,-1,-1,-1,1066.0,0.0,878.0,1142.0,926.0,1401.0,0.0,878.0,1142.0,926.0,1401.0,938.0,1
16411,150000.0,2,1,2,36,0,0,2,0,0,0,20755.0,25019.0,24335.0,24908.0,15339.0,0.0,4938.0,0.0,1200.0,507.0,0.0,0.0,0
16419,200000.0,2,2,1,46,0,0,0,0,0,0,47403.0,37835.0,30212.0,26302.0,20465.0,12460.0,1550.0,1503.0,5000.0,3000.0,1000.0,5000.0,0
16420,270000.0,2,1,1,45,-2,-2,-2,-2,-2,-2,1526.0,0.0,0.0,0.0,0.0,0.0,0.0,0.0,0.0,0.0,0.0,0.0,0
16423,130000.0,2,2,1,35,0,0,0,0,0,0,125989.0,127884.0,128231.0,127677.0,125675.0,127318.0,6500.0,6500.0,6201.0,5000.0,5500.0,5100.0,0
16424,30000.0,2,3,1,54,0,0,0,0,2,0,24285.0,25379.0,26964.0,29307.0,28537.0,30378.0,1500.0,2000.0,2800.0,0.0,2300.0,2500.0,1
16425,200000.0,2,3,1,50,0,0,0,0,0,0,162296.0,169288.0,168430.0,100175.0,95267.0,87086.0,13000.0,6900.0,4200.0,3000.0,3200.0,6000.0,0
16435,30000.0,2,2,1,53,0,0,0,0,0,2,14495.0,15447.0,16390.0,17717.0,19420.0,18970.0,1500.0,1500.0,1600.0,2000.0,0.0,1500.0,1
16439,140000.0,2,2,1,49,-1,-1,0,-1,-1,-1,8280.0,3147.0,2421.0,5021.0,2646.0,6117.0,3147.0,2000.0,5021.0,2646.0,5541.0,0.0,1
16448,20000.0,2,3,1,55,0,0,0,0,0,0,3580.0,4751.0,5813.0,7052.0,7779.0,8495.0,1238.0,1300.0,1500.0,1000.0,1000.0,2500.0,0
16450,120000.0,2,1,1,60,-2,-2,-2,-2,-2,-2,3956.0,0.0,2216.0,2550.0,9246.0,8307.0,0.0,2216.0,2557.0,9246.0,8307.0,10000.0,0
16459,20000.0,2,3,1,54,1,2,2,2,0,0,7189.0,6925.0,8402.0,9111.0,9802.0,10508.0,0.0,1600.0,1000.0,1000.0,866.0,0.0,0
16461,100000.0,2,1,1,51,0,0,0,0,0,0,94247.0,87079.0,89076.0,91143.0,77655.0,78518.0,3200.0,3400.0,3700.0,2800.0,2900.0,3100.0,0
16465,80000.0,2,3,1,59,0,0,0,0,0,0,75662.0,70073.0,53169.0,50875.0,50372.0,49470.0,3212.0,2106.0,2000.0,1603.0,1903.0,2006.0,0
16488,20000.0,1,2,2,21,2,0,0,2,0,0,19820.0,19277.0,20997.0,20200.0,20000.0,0.0,2000.0,5000.0,0.0,0.0,0.0,0.0,1
16496,120000.0,1,2,2,25,1,2,0,0,0,0,117160.0,92262.0,79889.0,66828.0,55511.0,21938.0,70.0,8000.0,2000.0,1346.0,3000.0,0.0,1
16509,20000.0,1,2,2,24,0,0,0,0,0,-1,3843.0,4110.0,4560.0,4567.0,4060.0,1035.0,1073.0,1258.0,1000.0,228.0,1035.0,0.0,0
16518,40000.0,1,2,2,24,4,3,2,3,2,2,38344.0,37433.0,38862.0,39125.0,39408.0,40925.0,0.0,2335.0,1200.0,1225.0,2300.0,1396.0,1
16534,320000.0,1,2,2,26,0,0,0,0,0,0,303703.0,308121.0,204879.0,143976.0,143142.0,145070.0,12167.0,8335.0,5113.0,5062.0,5221.0,5184.0,0
16539,50000.0,1,1,2,28,1,-2,-2,-2,-2,-2,0.0,0.0,0.0,0.0,0.0,0.0,0.0,0.0,0.0,0.0,0.0,0.0,0
16542,50000.0,1,2,2,27,2,2,0,0,0,0,49079.0,47992.0,48502.0,49170.0,49891.0,50570.0,0.0,1842.0,1770.0,1751.0,3894.0,0.0,1
16546,30000.0,1,2,2,26,0,0,0,0,0,2,27889.0,26990.0,24706.0,25022.0,26405.0,25861.0,2875.0,4900.0,2000.0,2100.0,0.0,2500.0,0
16547,100000.0,1,1,2,30,0,0,0,0,0,0,100544.0,101167.0,101007.0,97862.0,79099.0,79812.0,4511.0,3711.0,3685.0,2797.0,2897.0,3046.0,1
16559,30000.0,1,2,2,27,3,2,2,4,4,4,1650.0,1650.0,1650.0,1650.0,1650.0,1650.0,0.0,0.0,0.0,0.0,0.0,0.0,1
16560,310000.0,1,1,1,29,1,2,0,0,0,0,191457.0,187341.0,70359.0,77884.0,87484.0,89633.0,651.0,15000.0,10000.0,10200.0,2149.0,299.0,1
16563,240000.0,1,2,2,29,-1,-1,-1,-1,-1,-2,390.0,0.0,390.0,780.0,0.0,0.0,0.0,780.0,780.0,0.0,0.0,0.0,0
16566,80000.0,1,2,2,29,0,0,-2,-2,-2,-2,82150.0,0.0,0.0,0.0,0.0,0.0,0.0,0.0,0.0,0.0,0.0,0.0,0
16569,360000.0,1,2,1,28,-2,-1,2,2,-2,-2,0.0,2500.0,2500.0,0.0,0.0,0.0,2500.0,0.0,0.0,0.0,0.0,0.0,0
16574,50000.0,1,2,3,30,0,0,0,0,0,0,47812.0,97538.0,49187.0,17518.0,17710.0,18079.0,2536.0,2454.0,1588.0,780.0,803.0,673.0,0
16575,30000.0,1,2,2,24,2,-1,-1,-2,-2,-2,390.0,780.0,0.0,0.0,0.0,0.0,780.0,0.0,0.0,0.0,0.0,0.0,0
16582,20000.0,1,3,0,29,5,4,3,2,3,3,1800.0,1800.0,1800.0,1800.0,1800.0,1800.0,0.0,0.0,0.0,0.0,0.0,0.0,0
16583,180000.0,1,1,2,26,0,0,-2,-2,-2,-2,8516.0,0.0,0.0,0.0,0.0,0.0,0.0,0.0,0.0,0.0,0.0,0.0,1
16593,70000.0,1,1,2,29,2,2,2,2,2,2,33786.0,34730.0,35878.0,36392.0,36990.0,37751.0,1800.0,2000.0,1400.0,1500.0,1500.0,1600.0,1
16594,20000.0,1,2,2,28,3,2,2,2,2,-1,150.0,150.0,150.0,150.0,150.0,1150.0,0.0,0.0,0.0,0.0,1150.0,0.0,0
16595,10000.0,1,2,2,28,-1,2,-1,2,3,2,619.0,619.0,8642.0,9151.0,8023.0,5475.0,0.0,8642.0,800.0,107.0,200.0,0.0,1
16601,10000.0,1,2,1,29,2,0,0,2,2,2,2918.0,4204.0,5670.0,6416.0,7159.0,7904.0,1500.0,1700.0,1000.0,1000.0,1000.0,1500.0,0
16614,80000.0,1,3,1,31,0,0,0,0,0,0,65088.0,65200.0,61969.0,40457.0,42875.0,44724.0,3000.0,4000.0,3000.0,3000.0,4000.0,3000.0,0
16616,150000.0,1,2,1,39,1,2,0,0,0,0,9937.0,9629.0,10633.0,10649.0,10570.0,10481.0,0.0,1175.0,1135.0,1000.0,1000.0,1000.0,0
16617,370000.0,1,1,1,34,0,0,0,0,0,0,379039.0,374221.0,279467.0,262511.0,248101.0,243899.0,14104.0,10107.0,9410.0,8398.0,8464.0,7826.0,0
16629,170000.0,1,2,1,34,0,0,0,0,2,2,47956.0,48854.0,50068.0,56691.0,57367.0,56322.0,2000.0,2000.0,7500.0,2200.0,0.0,3000.0,0
16633,220000.0,1,2,2,30,0,0,0,2,-1,-1,6229.0,3516.0,7413.0,3697.0,3703.0,3500.0,1000.0,7397.0,0.0,3703.0,3500.0,3697.0,0
16640,30000.0,1,3,1,48,0,0,0,2,2,3,19650.0,20817.0,23860.0,24372.0,25776.0,25088.0,1500.0,3400.0,1200.0,2100.0,0.0,0.0,1
16644,120000.0,1,1,2,35,-1,-1,-1,-1,-1,2,326.0,326.0,176.0,-150.0,952.0,476.0,326.0,176.0,0.0,1428.0,0.0,476.0,0
16649,200000.0,1,1,1,44,-2,-2,-2,-2,-2,-2,1640.0,0.0,0.0,0.0,0.0,0.0,0.0,0.0,0.0,0.0,0.0,0.0,0
16656,150000.0,1,1,2,29,0,0,0,0,0,0,4614.0,6370.0,9243.0,10280.0,10637.0,10916.0,2000.0,3000.0,1500.0,527.0,600.0,1000.0,0
16662,150000.0,1,1,1,46,0,0,0,0,0,0,150838.0,152696.0,136915.0,139449.0,140851.0,142160.0,6000.0,5000.0,7000.0,5165.0,5500.0,6000.0,0
16673,100000.0,1,1,2,34,-1,2,2,-1,-1,-2,772.0,772.0,-8.0,2562.0,0.0,0.0,0.0,8.0,2570.0,0.0,0.0,0.0,0
16676,230000.0,1,3,1,46,-2,-2,-2,-2,-2,-2,1313.0,1414.0,1258.0,2565.0,-5.0,1100.0,1421.0,1264.0,2577.0,0.0,1105.0,0.0,0
16680,140000.0,1,2,2,32,1,2,2,2,2,3,67923.0,69412.0,67734.0,73079.0,75255.0,75757.0,3200.0,0.0,6500.0,4000.0,2000.0,3000.0,1
16683,350000.0,1,2,2,36,0,0,0,0,0,0,249663.0,230738.0,232382.0,234254.0,211309.0,210897.0,8026.0,9503.0,9015.0,7511.0,8011.0,7361.0,0
16690,260000.0,1,2,1,46,2,2,2,2,2,2,82683.0,84424.0,86472.0,87157.0,88526.0,90355.0,4000.0,4300.0,3000.0,3700.0,3400.0,3600.0,1
16701,120000.0,1,3,1,39,-1,2,2,0,0,3,12190.0,13091.0,12591.0,17366.0,22064.0,21432.0,1400.0,0.0,5000.0,5000.0,0.0,0.0,1
16704,50000.0,1,2,2,43,0,0,0,0,0,0,50756.0,50552.0,49465.0,40020.0,10407.0,9037.0,1934.0,1917.0,2500.0,500.0,500.0,1000.0,0
16705,50000.0,1,3,2,42,2,0,0,0,0,2,4864.0,5876.0,6898.0,7910.0,8681.0,8397.0,1252.0,1274.0,1286.0,1057.0,0.0,306.0,0
16709,120000.0,1,2,1,40,-1,0,0,0,0,0,112123.0,114344.0,117684.0,117344.0,58800.0,0.0,4089.0,5179.0,2543.0,1176.0,0.0,0.0,0
16729,50000.0,1,2,1,32,0,0,0,0,0,0,46827.0,48134.0,49550.0,48377.0,18727.0,19116.0,2084.0,2500.0,1135.0,497.0,514.0,335.0,0
16731,180000.0,1,3,1,42,0,0,0,0,0,0,177027.0,173635.0,172514.0,157768.0,126964.0,125456.0,7003.0,6500.0,7507.0,4500.0,5000.0,5000.0,0
16732,100000.0,1,2,1,39,0,0,0,0,-2,-2,10603.0,11735.0,12460.0,0.0,0.0,0.0,1315.0,1040.0,0.0,0.0,0.0,0.0,1
16738,180000.0,1,2,2,32,0,0,0,0,-2,-2,22832.0,19517.0,11988.0,0.0,0.0,0.0,1429.0,1000.0,0.0,0.0,0.0,0.0,0
16751,300000.0,1,1,1,42,-1,-1,-1,-2,-2,-2,1653.0,1734.0,0.0,0.0,0.0,0.0,1734.0,0.0,0.0,0.0,0.0,0.0,0
16753,140000.0,1,2,1,49,0,0,0,0,0,0,35815.0,36800.0,37344.0,37933.0,38522.0,38519.0,1590.0,1926.0,1911.0,1500.0,1541.0,1559.0,0
16755,20000.0,1,2,1,45,0,0,0,0,-2,-2,13243.0,11699.0,12372.0,0.0,-800.0,0.0,1500.0,5017.0,0.0,0.0,800.0,0.0,0
16760,80000.0,1,2,1,41,0,0,0,0,0,0,15824.0,12781.0,9994.0,10704.0,9201.0,6275.0,2000.0,2000.0,4000.0,1000.0,1000.0,1000.0,0
16769,50000.0,1,2,2,35,3,2,2,2,2,-1,150.0,150.0,150.0,150.0,150.0,805.0,0.0,0.0,0.0,0.0,805.0,43340.0,0
16774,50000.0,1,3,1,43,0,0,0,0,0,0,50444.0,49654.0,49921.0,50512.0,20071.0,20277.0,2000.0,2050.0,1641.0,1000.0,1000.0,1000.0,0
16777,50000.0,1,3,2,43,0,0,0,0,-1,0,50517.0,48230.0,42674.0,4593.0,18007.0,18230.0,2015.0,1882.0,2119.0,45800.0,662.0,1000.0,0
16779,240000.0,1,3,2,45,1,2,0,0,0,0,221341.0,213264.0,207403.0,201331.0,195040.0,188968.0,7000.0,7500.0,7300.0,7000.0,7000.0,5869.0,0
16780,50000.0,1,2,1,47,1,-1,2,2,-1,-1,-658.0,46342.0,25600.0,-400.0,40000.0,0.0,47000.0,0.0,0.0,20400.0,0.0,0.0,1
16785,30000.0,1,2,2,39,0,0,0,0,0,0,24065.0,25660.0,26257.0,27641.0,29335.0,10493.0,2005.0,2000.0,2000.0,2000.0,1000.0,1000.0,1
16787,90000.0,1,2,2,29,0,0,0,-2,-2,-2,70559.0,51550.0,0.0,0.0,0.0,0.0,3000.0,0.0,0.0,0.0,0.0,0.0,0
16793,30000.0,1,2,2,34,2,0,0,4,3,2,18402.0,19785.0,24633.0,23961.0,23289.0,22779.0,2000.0,5500.0,0.0,0.0,0.0,3400.0,0
16799,10000.0,1,3,1,41,1,4,3,2,0,0,10711.0,10399.0,10092.0,9700.0,10000.0,9900.0,0.0,0.0,0.0,302.0,0.0,0.0,0
16829,230000.0,1,2,1,46,0,0,0,0,0,0,117255.0,109450.0,109794.0,109143.0,107996.0,109230.0,5400.0,5505.0,5505.0,4000.0,4500.0,5000.0,0
16830,470000.0,1,1,1,38,0,0,0,0,0,0,33277.0,34292.0,38423.0,197773.0,202722.0,46980.0,1869.0,5000.0,162546.0,5783.0,1689.0,1977.0,1
16834,10000.0,1,2,1,45,1,2,2,2,2,0,7953.0,9164.0,8876.0,10009.0,7169.0,8842.0,1500.0,0.0,1500.0,0.0,3000.0,2000.0,0
16840,230000.0,1,1,1,37,1,-1,-1,2,-1,0,0.0,2062.0,5056.0,3050.0,3700.0,1900.0,2062.0,3050.0,0.0,3700.0,0.0,2436.0,1
16842,260000.0,1,2,2,37,-1,-1,-1,-1,-1,-2,3000.0,150.0,-850.0,300.0,-832.0,-832.0,150.0,0.0,1000.0,0.0,0.0,0.0,0
16849,20000.0,1,3,2,40,0,0,0,0,0,0,16884.0,17891.0,19078.0,19800.0,20000.0,0.0,1291.0,1478.0,1200.0,400.0,0.0,0.0,0
16855,270000.0,1,1,2,35,1,-2,-2,-2,-2,-2,-12.0,-12.0,-12.0,-12.0,-12.0,-12.0,0.0,0.0,0.0,0.0,0.0,0.0,0
16859,160000.0,1,1,1,47,1,2,2,2,2,3,58706.0,57384.0,59875.0,61518.0,65152.0,64074.0,0.0,3200.0,3000.0,5000.0,0.0,3000.0,1
16864,280000.0,1,1,1,46,1,-2,-1,-1,-1,-1,0.0,0.0,26330.0,6880.0,797.0,4898.0,0.0,26330.0,6880.0,797.0,4898.0,3680.0,1
16875,140000.0,1,2,2,48,0,0,2,2,2,0,119965.0,124944.0,124901.0,129675.0,121292.0,121343.0,8506.0,4706.0,9463.0,16.0,5002.0,10006.0,0
16876,300000.0,1,1,2,43,-1,-1,-1,-1,0,0,163.0,2508.0,8534.0,14378.0,16245.0,19047.0,2508.0,8534.0,14378.0,4000.0,6550.0,0.0,0
16881,50000.0,1,2,1,39,1,2,2,3,2,0,26094.0,25376.0,29548.0,28786.0,28024.0,28772.0,0.0,4600.0,0.0,0.0,1200.0,1200.0,0
16916,390000.0,1,1,1,64,0,0,0,0,0,0,38383.0,38134.0,38679.0,39689.0,40472.0,41320.0,1608.0,1647.0,1657.0,1440.0,1496.0,1518.0,0
16933,20000.0,1,3,1,53,3,2,2,7,7,7,2255.0,2255.0,2255.0,2255.0,2255.0,2255.0,0.0,0.0,0.0,0.0,0.0,0.0,1
16934,80000.0,1,3,1,53,1,2,0,0,0,0,9637.0,7251.0,8026.0,3878.0,3618.0,0.0,0.0,1088.0,1000.0,1000.0,958.0,1210.0,0
16944,60000.0,1,3,1,54,0,0,0,0,0,-1,58432.0,58312.0,59388.0,29941.0,1341.0,1876.0,20000.0,3000.0,3000.0,1000.0,2000.0,25000.0,0
16945,330000.0,1,2,1,52,0,0,0,0,0,0,120212.0,119507.0,118891.0,107722.0,96842.0,85015.0,5000.0,5000.0,5000.0,5000.0,3500.0,5000.0,0
16950,50000.0,1,2,1,58,2,2,2,2,0,0,8728.0,10726.0,11257.0,11772.0,12574.0,13369.0,2152.0,1000.0,1000.0,1000.0,1000.0,1000.0,1
16951,10000.0,1,2,1,50,1,2,0,0,0,0,10171.0,8150.0,8446.0,8067.0,8227.0,8400.0,2.0,1281.0,1134.0,294.0,305.0,1000.0,0
16953,50000.0,1,2,1,61,2,-1,-1,-1,-1,-1,390.0,390.0,390.0,390.0,390.0,390.0,390.0,390.0,390.0,390.0,390.0,390.0,1
16955,20000.0,1,2,2,50,-1,-1,0,0,0,-2,1956.0,16568.0,15586.0,12800.0,0.0,0.0,16573.0,1551.0,5060.0,0.0,0.0,0.0,0
16960,20000.0,1,3,1,49,0,0,0,-2,-2,-2,10823.0,11180.0,0.0,0.0,0.0,0.0,1400.0,0.0,0.0,0.0,0.0,0.0,1
16962,280000.0,1,3,1,52,0,0,0,0,0,0,247868.0,251246.0,258032.0,263163.0,267083.0,272706.0,9000.0,10842.0,10928.0,9700.0,10000.0,10125.0,1
16963,240000.0,1,1,1,65,0,0,0,0,0,0,146696.0,149707.0,151780.0,152373.0,145763.0,148276.0,6930.0,6000.0,6000.0,6000.0,5500.0,6000.0,0
16974,170000.0,2,2,2,27,0,0,0,0,0,0,48947.0,35777.0,37589.0,29079.0,27134.0,27734.0,10000.0,3037.0,5018.0,5006.0,3024.0,3309.0,0
16976,30000.0,2,3,2,26,0,0,0,0,0,0,30244.0,29640.0,30451.0,29391.0,30042.0,28436.0,1701.0,1600.0,1500.0,1095.0,1500.0,2000.0,0
16978,30000.0,2,2,1,30,1,3,2,2,2,2,28720.0,27977.0,27248.0,29281.0,28511.0,30952.0,0.0,0.0,2800.0,0.0,2900.0,0.0,0
16980,30000.0,2,3,1,35,1,2,0,0,0,0,29622.0,28852.0,29777.0,29478.0,30290.0,27803.0,0.0,1700.0,1700.0,1500.0,1500.0,1500.0,0
16995,50000.0,2,2,2,24,2,0,0,0,0,0,48690.0,48384.0,49450.0,49706.0,9472.0,9671.0,2078.0,2144.0,1400.0,339.0,352.0,500.0,1
17001,50000.0,2,2,2,22,0,0,0,0,0,0,24775.0,25971.0,26666.0,27324.0,29596.0,26226.0,2001.0,1501.0,1501.0,3001.0,919.0,3501.0,0
17005,50000.0,2,2,2,22,2,2,2,3,2,2,19091.0,18487.0,22219.0,21520.0,20108.0,18207.0,0.0,4042.0,0.0,648.0,0.0,921.0,0
17013,20000.0,2,1,2,23,-1,-1,0,0,0,0,6916.0,13914.0,10130.0,6165.0,6165.0,6315.0,14000.0,1145.0,950.0,0.0,150.0,6000.0,0
17016,80000.0,2,1,2,24,2,2,0,0,0,0,48597.0,49259.0,46209.0,46574.0,47230.0,48282.0,1800.0,1800.0,1800.0,1800.0,1800.0,2000.0,1
17017,80000.0,2,1,2,24,0,0,0,0,0,0,78862.0,71124.0,59692.0,58055.0,44578.0,45889.0,4000.0,3000.0,1844.0,1567.0,2000.0,2000.0,0
17020,10000.0,2,1,2,22,0,0,2,0,0,0,6967.0,9199.0,8908.0,9676.0,9680.0,8343.0,2523.0,0.0,1000.0,4.0,167.0,3535.0,1
17022,50000.0,2,1,2,22,1,2,0,0,0,0,4434.0,4215.0,5241.0,6238.0,5979.0,7492.0,0.0,1103.0,1100.0,215.0,2000.0,1000.0,0
17032,50000.0,2,3,2,23,2,2,2,2,2,2,41740.0,42755.0,43878.0,42877.0,45701.0,46720.0,2000.0,2100.0,0.0,3850.0,1900.0,1600.0,1
17037,140000.0,2,2,2,24,0,0,0,0,0,0,34814.0,35806.0,36823.0,36285.0,36683.0,37150.0,1887.0,3000.0,1580.0,1294.0,1355.0,5000.0,0
17039,30000.0,2,1,2,24,0,0,0,0,0,0,25288.0,27549.0,28784.0,28708.0,27916.0,30333.0,3000.0,2000.0,1800.0,2000.0,3000.0,2500.0,0
17040,100000.0,2,2,2,24,2,2,2,2,2,3,93330.0,95285.0,96674.0,97983.0,102803.0,100960.0,4400.0,3800.0,3800.0,7300.0,0.0,679.0,1
17049,60000.0,2,2,1,24,2,3,2,2,2,0,34708.0,33866.0,33041.0,35284.0,31602.0,32221.0,0.0,0.0,2900.0,0.0,1200.0,1409.0,1
17051,30000.0,2,2,2,22,2,2,0,0,0,2,31331.0,24544.0,28267.0,30470.0,29284.0,25762.0,0.0,5600.0,3005.0,1200.0,0.0,5000.0,1
17053,70000.0,2,3,2,25,2,0,0,0,0,0,70963.0,71056.0,70850.0,70823.0,71006.0,70828.0,2527.0,2615.0,2500.0,3000.0,2600.0,3000.0,1
17060,60000.0,2,2,2,23,2,0,0,0,0,0,58900.0,60020.0,60195.0,60864.0,40512.0,39523.0,2717.0,2929.0,2429.0,1551.0,1567.0,1456.0,1
17066,100000.0,2,2,2,24,0,0,0,0,-1,0,101614.0,99413.0,102252.0,89009.0,79853.0,80970.0,10000.0,17023.0,8942.0,86950.0,33000.0,7013.0,0
17077,100000.0,2,2,2,24,3,2,2,2,2,2,85016.0,86918.0,88624.0,89576.0,90614.0,89046.0,4200.0,4000.0,3300.0,3400.0,0.0,7000.0,1
17096,80000.0,2,1,2,25,0,0,0,0,0,0,72120.0,71702.0,71532.0,71222.0,47538.0,48879.0,2600.0,2700.0,2200.0,2000.0,3443.0,2000.0,0
17107,20000.0,2,2,2,25,0,0,0,0,0,0,15389.0,16397.0,17195.0,17499.0,16236.0,10400.0,1270.0,1341.0,1160.0,556.0,600.0,0.0,1
17109,260000.0,2,1,2,27,0,0,0,0,0,0,23820.0,23873.0,14856.0,17022.0,20032.0,11144.0,10000.0,3000.0,4000.0,5000.0,3000.0,6000.0,0
17112,20000.0,2,2,1,26,1,2,0,0,0,-2,20224.0,19210.0,19327.0,20000.0,0.0,0.0,0.0,1500.0,1000.0,0.0,0.0,0.0,0
17118,30000.0,2,1,2,27,0,0,0,0,0,0,26951.0,27726.0,28561.0,18030.0,11467.0,12681.0,2000.0,1682.0,1500.0,1000.0,1408.0,800.0,0
17119,150000.0,2,2,2,27,0,0,0,0,0,0,140947.0,121059.0,95250.0,55070.0,44425.0,7582.0,5000.0,3709.0,1101.0,2000.0,152.0,70181.0,0
17126,60000.0,2,2,2,26,1,-2,-2,-1,-1,0,-25.0,-25.0,-25.0,1901.0,38746.0,39178.0,0.0,0.0,2306.0,40367.0,1416.0,1419.0,0
17128,280000.0,2,2,2,31,0,0,0,0,0,0,147646.0,150703.0,156784.0,156230.0,159123.0,163152.0,7001.0,10000.0,6000.0,5200.0,6000.0,5400.0,0
17131,50000.0,2,2,2,23,0,0,0,0,-2,-2,33243.0,16290.0,12594.0,0.0,0.0,0.0,2000.0,2010.0,0.0,0.0,0.0,0.0,0
17139,130000.0,2,2,2,25,2,-1,-1,-1,-1,-1,836.0,668.0,1017.0,1298.0,550.0,-286.0,668.0,1200.0,1300.0,964.0,1698.0,60549.0,1
17143,80000.0,2,2,1,26,0,0,2,4,3,2,32183.0,34454.0,39559.0,38640.0,37721.0,39965.0,2820.0,6000.0,0.0,0.0,3000.0,0.0,1
17145,500000.0,2,1,2,28,0,-1,-1,-1,-1,0,6618.0,8984.0,9558.0,7426.0,11130.0,15382.0,8984.0,9570.0,7432.0,11130.0,10000.0,22212.0,0
17148,60000.0,2,2,2,27,0,0,2,0,0,0,45373.0,49363.0,48308.0,51616.0,56416.0,21680.0,4747.0,0.0,5000.0,5000.0,0.0,23999.0,0
17150,10000.0,2,1,1,27,0,-1,-1,0,0,-1,6031.0,836.0,2032.0,2150.0,1490.0,390.0,836.0,2032.0,1000.0,1000.0,390.0,1632.0,0
17153,260000.0,2,1,2,28,0,0,0,0,0,0,85666.0,92286.0,93742.0,93369.0,82476.0,73789.0,10005.0,4026.0,3481.0,141.0,20074.0,60308.0,0
17154,90000.0,2,2,1,27,3,2,2,2,0,0,81701.0,85753.0,87510.0,85188.0,87112.0,169533.0,6000.0,4000.0,0.0,4200.0,3285.0,7787.0,1
17157,420000.0,2,2,2,26,-2,-2,-2,-2,-2,-2,62364.0,30165.0,106030.0,33694.0,49354.0,44744.0,30336.0,107382.0,33850.0,49587.0,47222.0,57258.0,0
17164,20000.0,2,3,2,27,0,0,0,0,0,0,20288.0,20293.0,20196.0,19777.0,20130.0,19350.0,1500.0,1400.0,2000.0,3000.0,1000.0,1000.0,0
17165,150000.0,2,3,2,28,-1,0,0,0,0,0,35199.0,36206.0,36343.0,45180.0,45694.0,45694.0,1588.0,1971.0,20000.0,914.0,0.0,1746.0,0
17172,10000.0,2,2,2,27,1,2,0,0,0,0,5150.0,4922.0,5941.0,6984.0,7120.0,7267.0,0.0,1257.0,1300.0,400.0,410.0,420.0,0
17180,50000.0,2,1,2,28,-1,-1,-1,-1,0,0,390.0,390.0,390.0,39685.0,40109.0,41303.0,390.0,780.0,39685.0,1337.0,5000.0,4696.0,1
17183,130000.0,2,3,1,28,0,0,0,0,0,0,29974.0,28037.0,37414.0,42816.0,43089.0,37101.0,5026.0,15430.0,12015.0,8020.0,1060.0,5017.0,0
17185,260000.0,2,2,2,26,0,0,0,0,0,0,16150.0,17880.0,22248.0,26842.0,35997.0,55272.0,2000.0,5000.0,5000.0,10000.0,20000.0,15000.0,0
17193,200000.0,2,5,2,29,-1,-1,-1,0,-1,0,9383.0,37303.0,21244.0,7422.0,27761.0,21715.0,37465.0,21321.0,1200.0,27761.0,5548.0,30966.0,0
17205,70000.0,1,2,2,29,-2,-2,-2,-2,-2,-2,-8187.0,-17810.0,-595.0,7462.0,9390.0,5183.0,0.0,100104.0,10000.0,15000.0,10000.0,20000.0,0
17206,170000.0,2,2,2,28,0,0,0,2,0,0,44996.0,46045.0,48989.0,47900.0,51088.0,54256.0,2100.0,4000.0,0.0,4000.0,4000.0,4000.0,0
17218,20000.0,2,2,2,22,0,0,0,0,0,0,15513.0,17908.0,18652.0,19156.0,19206.0,19948.0,3000.0,1666.0,1500.0,592.0,1284.0,0.0,0
17219,30000.0,2,2,2,23,0,0,2,2,2,2,18497.0,21016.0,22178.0,21529.0,23863.0,22357.0,3153.0,1800.0,0.0,3000.0,0.0,4255.0,0
17221,20000.0,2,2,1,22,0,0,0,0,0,0,16366.0,17385.0,18142.0,17245.0,17657.0,18370.0,1600.0,1600.0,1600.0,1000.0,1000.0,1000.0,0
17229,240000.0,2,2,2,30,0,0,0,0,0,0,89009.0,71169.0,67528.0,64238.0,65521.0,65829.0,3071.0,2390.0,2311.0,2330.0,2392.0,2504.0,0
17233,10000.0,2,2,3,46,3,2,2,2,2,4,5997.0,5753.0,9629.0,9328.0,11411.0,10652.0,0.0,4000.0,0.0,2395.0,0.0,0.0,1
17236,40000.0,2,3,1,39,2,2,2,2,2,2,22241.0,23273.0,24204.0,24510.0,24811.0,24274.0,1700.0,1600.0,1000.0,1000.0,0.0,2000.0,1
17242,20000.0,2,2,2,38,0,0,0,0,0,-1,15925.0,16883.0,17536.0,14810.0,9579.0,9940.0,1618.0,1661.0,1046.0,192.0,10476.0,2965.0,0
17249,20000.0,2,2,1,38,3,4,3,2,2,2,18666.0,18087.0,17517.0,16930.0,18043.0,17156.0,0.0,0.0,0.0,1381.0,0.0,1600.0,1
17250,180000.0,2,1,1,42,0,0,0,0,0,0,79216.0,80905.0,82708.0,84433.0,86134.0,88251.0,3000.0,3100.0,3100.0,3100.0,3500.0,8400.0,1
17252,20000.0,2,3,1,37,1,2,0,0,2,0,15829.0,15283.0,16429.0,19764.0,19140.0,6420.0,0.0,1700.0,4000.0,0.0,1000.0,0.0,1
17256,60000.0,2,3,1,47,2,3,2,2,2,2,20347.0,19727.0,20909.0,21168.0,21520.0,21805.0,0.0,1800.0,900.0,1000.0,774.0,0.0,1
17261,130000.0,2,3,2,36,0,0,0,0,0,0,127544.0,126771.0,124824.0,123174.0,100585.0,97687.0,5963.0,6316.0,4845.0,3471.0,3673.0,3590.0,0
17263,60000.0,2,2,1,33,0,0,0,0,0,0,50696.0,54841.0,56444.0,53183.0,55288.0,55782.0,5000.0,2500.0,2000.0,3000.0,2700.0,2500.0,0
17267,20000.0,2,3,2,33,0,0,0,0,0,0,20023.0,20239.0,19164.0,19393.0,19725.0,20054.0,1300.0,1400.0,1300.0,1000.0,1000.0,1000.0,0
17269,50000.0,2,3,2,33,1,2,2,2,0,0,25922.0,25154.0,16820.0,15860.0,16179.0,16915.0,55.0,4500.0,800.0,582.0,1000.0,634.0,0
17270,130000.0,2,2,1,34,0,0,0,0,0,0,99891.0,101032.0,104705.0,105478.0,107725.0,109994.0,3700.0,5300.0,4000.0,4000.0,4000.0,6100.0,0
17277,400000.0,2,1,1,33,-2,-2,-2,-2,-2,-2,-4.0,1054.0,1420.0,-20.0,-20.0,-20.0,1058.0,1427.0,0.0,0.0,0.0,0.0,0
17282,20000.0,2,3,2,39,0,0,0,2,2,3,8720.0,12241.0,16020.0,16457.0,20906.0,20289.0,4000.0,4000.0,1000.0,4750.0,0.0,600.0,1
17292,50000.0,2,2,2,46,0,0,0,0,0,0,25119.0,26258.0,27199.0,18810.0,18487.0,18874.0,1559.0,1500.0,1400.0,1000.0,684.0,716.0,1
17296,360000.0,2,1,1,32,-2,-2,-2,-2,-1,0,-16.0,3194.0,430.0,1982.0,211250.0,215670.0,3210.0,436.0,1991.0,211250.0,7762.0,7823.0,0
17326,30000.0,2,3,1,32,0,0,0,0,0,0,30096.0,30287.0,28823.0,26799.0,25457.0,26143.0,1494.0,1445.0,1506.0,912.0,1097.0,1000.0,0
17327,90000.0,2,2,3,36,0,0,0,0,0,0,91337.0,91458.0,91049.0,70101.0,28942.0,27508.0,4000.0,3137.0,5094.0,1106.0,1001.0,1201.0,0
17339,30000.0,2,1,1,30,0,0,-1,2,-1,-1,3836.0,4380.0,1169.0,779.0,566.0,1361.0,1016.0,1169.0,0.0,567.0,1365.0,1834.0,0
17342,130000.0,2,3,1,32,0,0,0,0,0,0,126741.0,126889.0,125733.0,118394.0,96230.0,98583.0,6100.0,6103.0,4823.0,4000.0,4000.0,4000.0,0
17347,420000.0,2,2,1,35,0,0,0,0,0,0,67877.0,68979.0,57706.0,55628.0,54797.0,52759.0,3527.0,3000.0,4000.0,2500.0,2000.0,2100.0,0
17351,130000.0,2,3,2,45,0,0,0,0,0,0,38222.0,37939.0,37705.0,37391.0,38137.0,37647.0,1612.0,1639.0,1586.0,1332.0,1352.0,1382.0,0
17355,30000.0,2,3,1,41,-1,-1,-1,-1,-1,-1,1688.0,0.0,850.0,2158.0,0.0,1935.0,0.0,850.0,2158.0,0.0,1935.0,0.0,0
17356,50000.0,2,3,1,48,0,0,0,0,0,0,41842.0,42422.0,43050.0,43650.0,45217.0,46044.0,1984.0,2019.0,2026.0,3000.0,2000.0,1500.0,1
17359,120000.0,2,2,1,42,2,2,3,2,2,3,25809.0,29366.0,28615.0,29347.0,30868.0,30099.0,4300.0,0.0,1500.0,2300.0,0.0,0.0,1
17365,50000.0,2,1,1,43,0,0,0,0,0,2,49819.0,49390.0,50612.0,29975.0,30559.0,29433.0,2227.0,2449.0,1778.0,2382.0,0.0,1251.0,1
17373,50000.0,2,1,1,28,0,0,0,0,0,0,27888.0,18602.0,9795.0,32694.0,28899.0,28924.0,2000.0,4239.0,28000.0,1015.0,2000.0,1500.0,0
17382,220000.0,2,2,1,41,0,0,0,0,0,0,143660.0,126532.0,90013.0,91191.0,86139.0,83743.0,5005.0,4500.0,4006.0,3000.0,3000.0,3000.0,0
17393,310000.0,2,2,1,40,-2,-2,-2,-2,-2,-2,3268.0,206.0,589.0,1594.0,28252.0,15081.0,206.0,589.0,1594.0,28252.0,18381.0,4100.0,0
17394,100000.0,2,3,1,46,2,2,2,2,2,2,43677.0,42674.0,45983.0,46927.0,47759.0,46865.0,0.0,4000.0,2000.0,1900.0,0.0,2000.0,1
17407,350000.0,2,3,1,36,0,0,0,0,0,0,42548.0,41593.0,40375.0,37959.0,36416.0,34875.0,2000.0,2000.0,2000.0,1200.0,1200.0,1500.0,0
17409,50000.0,2,2,1,39,0,0,0,0,0,0,32802.0,31002.0,32115.0,31824.0,32498.0,21757.0,1497.0,2000.0,1000.0,1064.0,1059.0,290.0,0
17411,30000.0,2,2,2,36,0,0,0,0,0,0,11896.0,12990.0,14073.0,15131.0,15579.0,16175.0,1600.0,1600.0,1600.0,1000.0,1000.0,1000.0,0
17414,30000.0,2,2,2,47,2,2,2,2,2,2,15089.0,16039.0,17080.0,17302.0,17521.0,17893.0,1500.0,1600.0,800.0,800.0,800.0,800.0,1
17421,200000.0,2,2,1,46,1,2,2,0,0,2,30783.0,33017.0,30413.0,32582.0,34727.0,36036.0,3058.0,0.0,3000.0,3000.0,2002.0,0.0,0
17425,200000.0,2,2,1,47,0,0,0,0,0,0,193229.0,197253.0,158980.0,157837.0,127528.0,119550.0,9058.0,7260.0,7367.0,4303.0,4551.0,4411.0,0
17435,50000.0,2,3,1,32,-1,-1,-1,-1,-1,-1,1442.0,1444.0,1447.0,1261.0,1261.0,1261.0,1444.0,1447.0,1261.0,1261.0,1261.0,91.0,0
17441,30000.0,2,2,1,32,0,0,0,0,-2,-2,17168.0,28655.0,29239.0,9435.0,724.0,724.0,12155.0,2000.0,1920.0,724.0,724.0,3294.0,1
17442,30000.0,2,2,2,34,1,2,0,0,0,0,29678.0,28878.0,26758.0,27462.0,28014.0,29826.0,0.0,1751.0,1455.0,1007.0,2268.0,0.0,1
17446,260000.0,2,2,1,39,2,2,0,0,2,0,238601.0,228443.0,233958.0,252615.0,186443.0,190345.0,0.0,10698.0,24799.0,0.0,7035.0,7078.0,1
17451,100000.0,2,2,1,38,0,0,0,0,0,0,88231.0,91090.0,95935.0,78939.0,28667.0,29549.0,4326.0,7400.0,2914.0,1500.0,1500.0,1500.0,1
17454,320000.0,2,1,1,36,-1,2,0,0,0,0,7868.0,6728.0,13355.0,16876.0,20443.0,24101.0,0.0,8000.0,5000.0,5000.0,5000.0,11906.0,0
17457,120000.0,2,3,1,36,0,0,0,0,0,2,91914.0,94638.0,96290.0,97913.0,102959.0,104872.0,4260.0,4371.0,4425.0,7900.0,4000.0,0.0,0
17459,140000.0,2,3,1,30,0,0,0,0,2,0,93157.0,96304.0,98007.0,82227.0,65000.0,60848.0,4700.0,4505.0,12906.0,0.0,2210.0,2300.0,0
17466,500000.0,2,2,1,43,0,0,-2,-1,0,0,53477.0,0.0,0.0,113904.0,116168.0,117375.0,0.0,0.0,113904.0,4130.0,4356.0,4103.0,0
17474,10000.0,2,3,2,46,1,2,-1,2,0,0,4474.0,189.0,3510.0,3306.0,3551.0,5577.0,0.0,3510.0,0.0,300.0,2260.0,2000.0,1
17479,240000.0,2,1,1,35,-1,-1,-1,-1,-1,-1,380.0,380.0,380.0,380.0,0.0,380.0,380.0,380.0,380.0,0.0,380.0,760.0,0
17482,40000.0,2,2,2,33,0,0,0,0,0,0,34253.0,34954.0,36093.0,36891.0,37019.0,40734.0,1567.0,2000.0,2000.0,1318.0,4610.0,0.0,0
17483,250000.0,2,2,1,33,3,2,2,-2,-2,-2,2500.0,2500.0,0.0,0.0,0.0,0.0,0.0,0.0,0.0,0.0,0.0,0.0,1
17484,50000.0,2,2,1,32,1,2,2,2,0,0,51132.0,49594.0,50292.0,48532.0,27308.0,27539.0,0.0,4800.0,0.0,1200.0,1200.0,1400.0,0
17485,120000.0,2,3,1,39,2,2,2,2,4,3,49437.0,51505.0,53582.0,58310.0,57150.0,55961.0,3500.0,3500.0,6200.0,358.0,0.0,2100.0,1
17493,100000.0,2,2,2,34,0,0,0,0,0,0,22173.0,22776.0,23837.0,24166.0,24216.0,24901.0,1372.0,1829.0,1554.0,1000.0,1000.0,586.0,0
17503,180000.0,2,1,2,28,0,0,0,0,0,0,161694.0,166198.0,168711.0,172263.0,174127.0,176335.0,7500.0,7000.0,7189.0,6000.0,5100.0,10000.0,0
17516,130000.0,2,2,1,35,0,0,0,0,0,0,80713.0,93349.0,68158.0,69208.0,54677.0,59601.0,28000.0,3500.0,3000.0,3000.0,10000.0,3500.0,0
17518,300000.0,2,2,1,36,0,0,0,0,0,0,147051.0,138726.0,139649.0,104245.0,56788.0,57920.0,6700.0,5800.0,5000.0,2200.0,2200.0,2600.0,0
17521,140000.0,2,3,1,35,0,0,0,0,0,0,119184.0,130939.0,90894.0,85805.0,85907.0,88615.0,14113.0,5000.0,3000.0,4000.0,4000.0,10000.0,0
17524,200000.0,2,2,1,37,1,2,0,0,0,0,7841.0,7569.0,9282.0,10155.0,12470.0,13571.0,0.0,2000.0,1155.0,2470.0,1265.0,0.0,0
17527,290000.0,2,2,2,34,0,0,0,0,0,0,305781.0,310403.0,315048.0,314085.0,317631.0,315820.0,12012.0,12012.0,12012.0,11016.0,11088.0,12031.0,0
17530,80000.0,2,3,0,41,0,0,0,0,0,0,69964.0,52041.0,39864.0,38934.0,38816.0,38850.0,3082.0,2500.0,2200.0,2000.0,2000.0,2000.0,0
17541,100000.0,2,2,1,36,1,2,2,2,2,0,32196.0,31379.0,33862.0,35007.0,34147.0,35437.0,0.0,3000.0,2000.0,0.0,2000.0,3500.0,1
17549,60000.0,2,2,1,48,0,0,0,0,0,0,50806.0,50980.0,51874.0,51808.0,16941.0,17295.0,2000.0,2100.0,1400.0,600.0,1000.0,1000.0,1
17552,360000.0,2,2,1,48,-2,-2,-2,-2,-2,-2,0.0,0.0,0.0,0.0,0.0,0.0,0.0,0.0,0.0,0.0,0.0,0.0,0
17557,50000.0,2,2,2,42,0,0,0,0,0,0,48080.0,48062.0,48667.0,49311.0,24663.0,24854.0,1763.0,2112.0,1756.0,324.0,336.0,351.0,0
17562,50000.0,2,1,1,35,0,0,2,2,2,0,44487.0,47438.0,46400.0,49276.0,48286.0,47915.0,4000.0,0.0,3700.0,0.0,2000.0,6000.0,1
17566,180000.0,2,2,1,40,-1,-1,-1,-1,-1,-2,899.0,2879.0,8750.0,9931.0,0.0,7760.0,2879.0,8750.0,9931.0,0.0,7760.0,3450.0,0
17573,250000.0,2,1,2,35,-1,-1,-1,-1,0,0,4807.0,10446.0,17904.0,99464.0,86180.0,36038.0,10446.0,17911.0,99738.0,4055.0,0.0,0.0,0
17574,230000.0,2,2,1,46,0,0,0,-1,-1,-1,8136.0,3590.0,2936.0,476.0,476.0,476.0,1500.0,1000.0,476.0,476.0,476.0,1685.0,0
17583,80000.0,2,2,1,40,2,0,0,-2,-2,-2,80934.0,82150.0,0.0,0.0,0.0,0.0,3800.0,0.0,0.0,0.0,0.0,0.0,1
17584,260000.0,2,2,1,49,-1,-1,-1,0,0,0,8046.0,2184.0,15475.0,10981.0,8566.0,4741.0,2184.0,15482.0,2000.0,3000.0,1000.0,5125.0,1
17585,200000.0,2,3,1,43,-1,-1,-1,-1,-1,-1,623.0,623.0,5477.0,623.0,623.0,773.0,623.0,5477.0,623.0,623.0,773.0,623.0,0
17586,20000.0,2,3,1,39,2,3,2,2,3,2,15307.0,14769.0,15232.0,16677.0,16119.0,16548.0,0.0,1000.0,2000.0,0.0,1000.0,1000.0,1
17587,160000.0,2,1,2,31,-1,2,-1,-1,-1,-1,1494.0,696.0,1395.0,898.0,894.0,2198.0,2.0,1399.0,903.0,896.0,2204.0,786.0,1
17595,50000.0,2,2,1,33,0,0,0,0,2,2,40738.0,43923.0,45409.0,47718.0,46480.0,48756.0,4200.0,2500.0,3500.0,0.0,2800.0,1400.0,0
17610,50000.0,2,2,2,36,0,0,0,0,0,0,81793.0,84360.0,89215.0,93908.0,14308.0,14808.0,2682.0,5000.0,5000.0,1000.0,500.0,302.0,0
17615,80000.0,2,3,1,30,2,2,2,2,2,2,40654.0,41687.0,42719.0,43018.0,44013.0,45058.0,2000.0,2000.0,1300.0,2000.0,1900.0,1900.0,1
17617,500000.0,2,1,2,31,-1,-1,-1,-1,-1,-1,1779.0,644.0,1138.0,643.0,628.0,905.0,644.0,1138.0,643.0,630.0,905.0,3111.0,0
17618,410000.0,2,1,2,31,0,0,0,0,0,0,309531.0,313646.0,270317.0,209076.0,191671.0,192848.0,11270.0,15325.0,9099.0,7016.0,7703.0,100000.0,0
17626,140000.0,2,1,2,33,2,0,0,0,0,0,130104.0,131356.0,136107.0,128738.0,126491.0,125213.0,4900.0,7005.0,7000.0,4762.0,5000.0,5000.0,0
17640,170000.0,2,1,2,29,0,0,0,0,0,0,24717.0,26659.0,28592.0,29364.0,29096.0,29353.0,3000.0,3000.0,2000.0,1000.0,977.0,5000.0,0
17643,170000.0,2,2,2,39,0,0,0,0,0,0,161277.0,162706.0,166677.0,167049.0,38377.0,33668.0,5856.0,7424.0,7169.0,1241.0,1187.0,1396.0,0
17656,130000.0,2,1,1,40,-1,-1,-1,-1,-1,-1,989.0,989.0,989.0,989.0,990.0,702.0,991.0,991.0,991.0,992.0,703.0,992.0,0
17669,210000.0,2,1,1,41,1,-2,-1,-1,-2,-1,-28.0,-28.0,3330.0,0.0,0.0,300.0,0.0,3358.0,0.0,0.0,300.0,0.0,0
17677,280000.0,2,1,1,35,2,-1,0,0,0,0,47.0,97767.0,99036.0,96383.0,86060.0,62312.0,99007.0,5000.0,3027.0,6025.0,2001.0,1903.0,0
17679,250000.0,2,2,1,37,0,0,0,-1,0,0,59023.0,102006.0,56412.0,37764.0,23876.0,16891.0,45000.0,2012.0,72791.0,16891.0,0.0,5617.0,0
17680,70000.0,2,1,2,34,0,0,0,0,0,0,36467.0,40505.0,43333.0,36959.0,27296.0,23474.0,5000.0,5000.0,1500.0,546.0,1000.0,1746.0,0
17686,250000.0,2,2,1,35,2,0,0,0,0,0,92966.0,37341.0,38905.0,35356.0,34978.0,35822.0,1641.0,2205.0,2000.0,2000.0,1000.0,1000.0,1
17688,70000.0,2,1,1,35,2,2,2,2,2,2,51143.0,53185.0,55030.0,56530.0,55027.0,58461.0,3500.0,3300.0,3000.0,0.0,4500.0,2500.0,1
17689,440000.0,2,1,1,40,0,0,0,0,0,0,416044.0,424528.0,434015.0,434419.0,393135.0,385578.0,16500.0,17500.0,17000.0,14500.0,14500.0,13500.0,0
17690,280000.0,2,1,1,41,0,0,0,0,0,0,96590.0,99755.0,81244.0,81193.0,82470.0,49630.0,5000.0,3000.0,3007.0,5000.0,2000.0,1700.0,0
17703,60000.0,2,2,1,35,2,2,2,2,2,2,3167.0,5601.0,5366.0,6772.0,6515.0,7906.0,2500.0,0.0,1500.0,0.0,1500.0,0.0,0
17715,10000.0,2,3,2,50,3,2,2,2,2,2,600.0,600.0,600.0,600.0,600.0,2050.0,0.0,0.0,0.0,0.0,1450.0,0.0,1
17716,500000.0,2,1,1,50,0,0,0,0,0,0,378981.0,372392.0,353719.0,348365.0,306196.0,303114.0,20002.0,16023.0,13009.0,10008.0,10000.0,20004.0,0
17720,240000.0,2,2,1,50,-1,-1,-1,2,0,0,978.0,193.0,386.0,579.0,386.0,193.0,193.0,386.0,386.0,0.0,0.0,536.0,0
17721,150000.0,2,1,2,36,1,-1,-1,-1,-1,-2,0.0,990.0,0.0,234.0,0.0,0.0,990.0,0.0,234.0,0.0,0.0,0.0,0
17739,50000.0,2,3,1,59,1,-2,-2,-2,-2,-2,-639.0,-639.0,-1800.0,0.0,0.0,0.0,0.0,900.0,1800.0,0.0,0.0,0.0,1
17743,140000.0,2,2,2,53,0,0,0,0,0,0,8068.0,9446.0,13271.0,11243.0,12091.0,12691.0,1535.0,5004.0,1451.0,1000.0,1000.0,3194.0,0
17751,230000.0,2,2,1,55,0,0,0,0,0,0,7302.0,4561.0,5975.0,11072.0,10021.0,14431.0,2001.0,2001.0,6018.0,5007.0,5010.0,7053.0,0
17754,330000.0,2,3,1,55,0,0,0,0,0,0,21333.0,25915.0,25036.0,21804.0,19228.0,18799.0,5000.0,5200.0,6000.0,4300.0,5000.0,4000.0,0
17767,130000.0,2,3,2,55,0,0,0,0,0,0,116336.0,121544.0,128243.0,115204.0,101158.0,95895.0,10063.0,20000.0,10009.0,10000.0,5000.0,5000.0,0
17772,70000.0,2,3,2,60,0,0,0,0,0,0,10083.0,11091.0,12117.0,13125.0,13407.0,13692.0,1184.0,1210.0,1218.0,500.0,500.0,543.0,0
17773,70000.0,2,3,3,58,0,0,0,0,0,0,70012.0,67714.0,68412.0,69016.0,69701.0,70898.0,2418.0,2500.0,2456.0,2500.0,3000.0,2533.0,0
17781,100000.0,2,3,1,60,-1,-1,3,2,-1,-1,2178.0,4944.0,4709.0,2234.0,2267.0,2168.0,7300.0,0.0,0.0,2300.0,2168.0,2300.0,0
17800,50000.0,1,1,2,23,0,0,0,0,0,0,18666.0,15554.0,17159.0,8402.0,6646.0,7534.0,2000.0,2000.0,1500.0,500.0,1000.0,2000.0,0
17803,80000.0,1,5,2,24,0,0,0,0,0,0,52991.0,50195.0,44410.0,22649.0,20650.0,0.0,2121.0,2358.0,3123.0,1500.0,0.0,0.0,0
17805,170000.0,1,2,2,27,0,0,0,0,0,0,169106.0,141998.0,134212.0,133450.0,127020.0,123490.0,5000.0,5508.0,5915.0,3000.0,4000.0,4000.0,0
17812,20000.0,1,2,2,22,0,0,0,2,0,0,8785.0,8134.0,9992.0,10526.0,11049.0,11865.0,1142.0,2000.0,1000.0,1000.0,1000.0,1000.0,0
17822,50000.0,1,2,2,25,1,2,0,0,0,0,15491.0,15934.0,17168.0,18376.0,19068.0,19760.0,1000.0,1500.0,1500.0,1000.0,1000.0,2500.0,1
17829,50000.0,1,1,2,25,0,0,0,0,0,0,48848.0,48208.0,48265.0,43451.0,19790.0,17790.0,1845.0,1967.0,1400.0,396.0,0.0,0.0,0
17831,380000.0,1,2,2,26,0,0,0,0,-1,0,64900.0,43514.0,10626.0,312.0,986.0,284729.0,2600.0,1626.0,312.0,1007.0,284069.0,11340.0,0
17832,50000.0,1,1,2,24,2,0,0,2,0,0,5524.0,6474.0,8896.0,7088.0,7109.0,6898.0,1500.0,2700.0,0.0,500.0,500.0,500.0,1
17843,20000.0,1,2,2,24,2,2,2,2,2,2,16239.0,16276.0,16715.0,18327.0,17735.0,19446.0,600.0,1000.0,2200.0,0.0,2000.0,0.0,0
17844,170000.0,1,2,2,26,0,0,0,0,0,-1,85914.0,78411.0,57061.0,49734.0,14285.0,136394.0,10050.0,5050.0,6000.0,3561.0,139898.0,6000.0,0
17845,20000.0,1,3,2,26,3,3,2,0,0,0,21667.0,21081.0,19661.0,26158.0,13560.0,15324.0,0.0,25.0,2000.0,1000.0,2000.0,1000.0,1
17849,80000.0,1,2,2,27,0,0,0,0,0,2,48329.0,45920.0,47186.0,46882.0,49170.0,48269.0,5004.0,5013.0,5000.0,4000.0,0.0,2002.0,0
17850,180000.0,1,1,2,27,-1,0,0,0,0,0,3210.0,13852.0,6482.0,3246.0,2016.0,2334.0,12000.0,5004.0,1000.0,1000.0,2300.0,3000.0,0
17864,30000.0,1,2,2,26,1,3,2,2,2,2,14773.0,14252.0,13738.0,15424.0,14881.0,15894.0,0.0,0.0,2226.0,0.0,1406.0,0.0,1
17867,90000.0,1,2,2,26,-1,2,-1,0,0,0,481.0,1149.0,39674.0,38968.0,39853.0,8064.0,1000.0,39674.0,1200.0,1217.0,1025.0,500.0,1
17871,10000.0,1,2,1,28,0,0,0,0,0,0,1474.0,2641.0,3745.0,4642.0,5642.0,6342.0,1196.0,1300.0,1000.0,1000.0,700.0,1208.0,0
17880,80000.0,1,3,2,27,1,-2,-2,-2,-2,-2,0.0,0.0,0.0,0.0,0.0,0.0,0.0,0.0,0.0,0.0,0.0,0.0,1
17881,150000.0,1,1,1,27,-1,-1,-1,-1,-2,-2,390.0,0.0,780.0,0.0,0.0,0.0,0.0,780.0,0.0,0.0,0.0,0.0,0
17884,10000.0,1,3,2,23,0,0,0,0,0,0,5807.0,6974.0,7838.0,9002.0,9182.0,9729.0,1270.0,1134.0,1298.0,478.0,847.0,0.0,0
17891,170000.0,1,1,2,28,0,0,0,0,0,0,56061.0,57179.0,58450.0,58556.0,51671.0,51090.0,2051.0,2197.0,1934.0,1793.0,2500.0,2000.0,0
17906,50000.0,1,2,2,30,0,0,0,0,0,-2,26666.0,21062.0,6495.0,2207.0,0.0,0.0,2000.0,2000.0,1000.0,0.0,0.0,0.0,0
17915,250000.0,1,1,1,40,0,0,0,0,0,0,7351.0,6225.0,3645.0,3090.0,3700.0,1190.0,3039.0,2000.0,1000.0,1000.0,0.0,90403.0,0
17920,240000.0,1,2,2,25,0,0,-2,-2,-2,-2,24640.0,0.0,0.0,0.0,0.0,0.0,1700.0,0.0,0.0,0.0,0.0,0.0,0
17925,40000.0,1,2,1,44,2,2,2,2,2,2,24262.0,26640.0,25927.0,28184.0,28723.0,28125.0,3100.0,0.0,2700.0,1300.0,0.0,2500.0,1
17926,190000.0,1,2,1,38,0,0,0,0,0,0,194670.0,194690.0,189950.0,194092.0,192638.0,189113.0,9000.0,8400.0,8800.0,7500.0,7100.0,7450.0,0
17937,50000.0,1,2,2,37,0,0,0,0,0,0,49473.0,48970.0,46220.0,47459.0,27056.0,28452.0,2314.0,2261.0,2500.0,2000.0,2000.0,1500.0,0
17940,140000.0,1,2,2,33,0,0,0,0,0,0,133336.0,134483.0,131805.0,107950.0,88622.0,85165.0,5000.0,5000.0,4005.0,3500.0,3500.0,3000.0,0
17943,150000.0,1,3,2,30,0,0,0,0,0,0,80220.0,47272.0,141568.0,97990.0,96017.0,79743.0,3095.0,135332.0,2848.0,2330.0,2204.0,2100.0,0
17944,80000.0,1,2,1,35,0,0,0,0,0,0,79875.0,77201.0,78535.0,79296.0,75274.0,78051.0,4000.0,3500.0,3322.0,3000.0,5007.0,3000.0,0
17948,160000.0,1,2,2,36,1,-2,-2,-2,-2,-1,0.0,0.0,0.0,0.0,0.0,1000.0,0.0,0.0,0.0,0.0,1000.0,0.0,0
17952,170000.0,1,2,1,36,1,2,0,0,0,0,158954.0,139482.0,139869.0,139956.0,141431.0,149946.0,7.0,6513.0,6548.0,5300.0,11001.0,0.0,0
17953,50000.0,1,2,1,43,0,0,0,0,0,0,25387.0,25435.0,23268.0,23365.0,19602.0,18462.0,1374.0,1418.0,1295.0,677.0,669.0,686.0,0
17955,200000.0,1,2,1,39,-1,-1,-1,-1,-1,-2,1543.0,1109.0,1048.0,1294.0,0.0,0.0,1109.0,1048.0,1294.0,0.0,0.0,0.0,0
17956,50000.0,1,3,2,41,0,0,0,0,0,0,43383.0,43397.0,43395.0,42334.0,12316.0,9997.0,1992.0,2251.0,1451.0,540.0,503.0,430.0,0
17961,120000.0,1,1,2,34,0,0,0,2,0,0,32773.0,28002.0,32493.0,16258.0,8871.0,2000.0,1509.0,5000.0,7.0,0.0,2000.0,1666.0,0
17963,220000.0,1,1,2,48,0,0,0,0,2,0,113061.0,115294.0,117945.0,130365.0,126780.0,129570.0,5600.0,6000.0,16000.0,0.0,5000.0,6300.0,0
17972,50000.0,1,3,1,45,1,-2,-2,-2,-2,-2,0.0,0.0,0.0,0.0,0.0,0.0,0.0,0.0,0.0,0.0,0.0,0.0,1
17976,80000.0,1,2,1,42,0,0,0,0,0,0,78216.0,62890.0,52973.0,52328.0,49214.0,50245.0,2115.0,5004.0,1834.0,1562.0,1621.0,2196.0,0
17983,100000.0,1,2,2,36,0,0,0,0,-2,-2,2069.0,3521.0,5399.0,0.0,0.0,0.0,1500.0,2000.0,0.0,0.0,0.0,1700.0,0
17984,210000.0,1,1,1,42,-1,-1,-1,-1,-1,-1,2827.0,3517.0,4412.0,2700.0,3578.0,4075.0,3527.0,4425.0,2708.0,3588.0,4087.0,1841.0,0
17986,230000.0,1,1,1,33,0,0,0,0,0,0,213859.0,218094.0,225070.0,227528.0,121751.0,219354.0,9285.0,12000.0,9100.0,4600.0,4200.0,4100.0,1
17991,50000.0,1,3,2,41,0,0,0,0,0,0,94962.0,49032.0,50135.0,50269.0,29182.0,29096.0,4200.0,2200.0,3300.0,1200.0,1100.0,1100.0,0
17998,360000.0,1,1,2,32,-2,-2,-2,-2,-2,-2,8971.0,2284.0,21669.0,-3.0,15866.0,-46.0,2303.0,21785.0,0.0,15869.0,0.0,0.0,0
17999,80000.0,1,1,2,33,-2,-1,2,0,0,0,251594.0,264594.0,4374.0,5495.0,5902.0,6804.0,13000.0,0.0,1200.0,500.0,1000.0,1000.0,0
18003,100000.0,1,2,2,30,0,0,0,0,0,0,55776.0,44953.0,46922.0,48677.0,49496.0,51010.0,3000.0,3000.0,3000.0,2000.0,2000.0,2000.0,0
18005,300000.0,1,2,2,35,0,0,0,0,0,0,242168.0,276536.0,206885.0,169901.0,170540.0,152188.0,40006.0,26531.0,10017.0,9123.0,10259.0,5079.0,0
18031,90000.0,1,2,1,34,0,0,0,0,0,0,53105.0,54154.0,55683.0,56798.0,58508.0,63177.0,2525.0,3000.0,2637.0,3242.0,6783.0,0.0,0
18034,280000.0,1,2,1,32,2,2,2,2,2,2,204057.0,199262.0,211391.0,214343.0,215633.0,210876.0,0.0,18000.0,8000.0,7500.0,0.0,8000.0,1
18035,500000.0,1,1,1,46,-1,-1,-1,-1,-1,-2,991.0,4073.0,6738.0,2500.0,0.0,0.0,4082.0,6738.0,2510.0,0.0,0.0,1000.0,0
18055,180000.0,1,2,1,43,0,0,0,0,0,0,158843.0,152507.0,143489.0,146139.0,73718.0,137304.0,6029.0,7035.0,10007.0,20000.0,4000.0,10000.0,0
18061,240000.0,1,2,1,34,0,0,0,0,0,0,225709.0,228893.0,232706.0,187325.0,129889.0,123680.0,8544.0,9257.0,8583.0,4292.0,5133.0,4257.0,0
18069,260000.0,1,1,2,36,-2,-2,-2,-2,-2,-2,16751.0,5877.0,427.0,-73.0,-73.0,-73.0,10000.0,10000.0,0.0,0.0,0.0,0.0,0
18072,60000.0,1,2,2,36,2,2,2,2,2,2,48547.0,49446.0,49857.0,50737.0,52602.0,53613.0,2000.0,1500.0,2000.0,3000.0,2000.0,2000.0,1
18080,50000.0,1,2,2,42,0,0,0,0,0,0,49495.0,50586.0,49200.0,49763.0,18373.0,19187.0,3000.0,3000.0,3003.0,5000.0,2000.0,1500.0,0
18083,140000.0,1,1,1,36,0,0,0,0,0,0,39598.0,40836.0,41878.0,42977.0,43960.0,45093.0,2200.0,2001.0,2100.0,2000.0,2000.0,2000.0,0
18084,250000.0,1,1,2,29,1,-1,2,2,-2,-1,0.0,5023.0,2460.0,0.0,0.0,3081.0,5023.0,0.0,0.0,0.0,3081.0,0.0,0
18085,130000.0,1,1,2,29,1,-2,-2,-2,-2,-2,0.0,0.0,0.0,0.0,0.0,0.0,0.0,0.0,0.0,0.0,0.0,0.0,0
18087,360000.0,1,3,1,36,-2,-2,-2,-2,-2,-2,222.0,1256.0,-9.0,1840.0,0.0,0.0,1256.0,0.0,1849.0,0.0,0.0,0.0,1
18093,80000.0,1,3,2,35,2,0,0,0,0,0,88027.0,85314.0,84147.0,59671.0,80941.0,27436.0,3264.0,4092.0,2400.0,43532.0,1511.0,1200.0,1
18104,210000.0,1,1,2,38,-1,-1,-2,-2,-2,-1,280.0,0.0,0.0,0.0,0.0,14202.0,0.0,0.0,0.0,0.0,14202.0,2903.0,0
18107,300000.0,1,2,1,41,0,0,0,0,0,0,163033.0,140472.0,96234.0,64482.0,100558.0,76056.0,5505.0,5000.0,3000.0,95000.0,4000.0,3500.0,0
18109,350000.0,1,1,2,34,0,0,0,0,0,0,259524.0,213822.0,220211.0,225601.0,105586.0,111276.0,8432.0,9000.0,9500.0,10000.0,7000.0,10000.0,0
18111,110000.0,1,2,1,48,2,2,2,0,0,2,65070.0,69480.0,67800.0,69182.0,73431.0,72132.0,5500.0,0.0,2512.0,5400.0,0.0,3000.0,1
18113,100000.0,1,1,2,32,0,0,0,0,0,0,81210.0,78785.0,69138.0,69604.0,69448.0,69744.0,3019.0,2600.0,3100.0,3000.0,3000.0,3000.0,0
18115,130000.0,1,5,2,37,0,0,0,0,0,0,22335.0,23040.0,20487.0,21497.0,21617.0,22268.0,1617.0,1644.0,1654.0,774.0,1000.0,1021.0,0
18118,200000.0,1,3,1,42,0,0,0,2,0,0,151392.0,148467.0,153409.0,145476.0,119025.0,115255.0,7000.0,14834.0,0.0,4575.0,4180.0,4634.0,0
18124,60000.0,1,2,2,35,0,0,0,0,2,0,34604.0,35625.0,36701.0,39048.0,37269.0,38000.0,1900.0,1953.0,3300.0,0.0,1430.0,1300.0,0
18140,240000.0,1,1,2,33,0,0,0,0,0,0,85603.0,63733.0,61710.0,50106.0,18874.0,18994.0,2500.0,3354.0,1800.0,1000.0,1200.0,2000.0,0
18145,200000.0,1,1,2,30,-1,-1,-2,-1,0,0,8985.0,247.0,6015.0,34314.0,23403.0,-1839.0,805.0,6144.0,34418.0,230.0,1839.0,0.0,0
18146,260000.0,1,2,2,31,0,0,0,0,0,0,3113.0,3117.0,2924.0,2784.0,2413.0,902.0,1300.0,1100.0,1000.0,300.0,0.0,1261.0,0
18154,140000.0,1,1,2,31,-1,-1,-1,-1,-1,-2,4900.0,393.0,0.0,814.0,0.0,0.0,393.0,0.0,814.0,0.0,0.0,0.0,0
18170,60000.0,1,3,1,38,2,2,2,2,0,0,33044.0,32232.0,25086.0,24404.0,25212.0,28147.0,0.0,4000.0,0.0,1500.0,3500.0,2600.0,1
18175,220000.0,1,2,2,39,0,0,0,0,0,0,103159.0,91253.0,81847.0,79489.0,77040.0,78892.0,5000.0,3000.0,4000.0,3000.0,3000.0,3000.0,0
18180,120000.0,1,2,2,38,-1,-1,-2,-1,2,2,500.0,0.0,0.0,974.0,974.0,1624.0,0.0,0.0,974.0,0.0,650.0,0.0,0
18182,440000.0,1,2,1,48,0,0,0,0,0,0,23424.0,24222.0,24077.0,23241.0,24600.0,16344.0,3000.0,3000.0,2000.0,5000.0,0.0,5000.0,0
18198,80000.0,1,2,2,33,-1,-1,-1,-1,-1,-1,32394.0,23160.0,31484.0,396.0,3832.0,3867.0,23185.0,31610.0,396.0,3832.0,3867.0,1500.0,0
18205,260000.0,1,1,2,39,0,0,0,0,0,0,248880.0,248758.0,245404.0,169632.0,165098.0,151157.0,10611.0,9708.0,5929.0,5622.0,5465.0,5474.0,0
18207,500000.0,1,1,2,48,1,-2,-1,-1,0,0,-471.0,-471.0,157.0,20697.0,23906.0,23906.0,0.0,785.0,20697.0,3766.0,0.0,2040.0,0
18209,360000.0,1,3,2,34,0,0,0,0,0,0,304883.0,301286.0,258122.0,255309.0,233946.0,235916.0,15000.0,9221.0,9225.0,8112.0,8369.0,9000.0,0
18214,300000.0,1,1,3,50,0,0,0,0,0,0,301731.0,230617.0,306116.0,291201.0,241557.0,193103.0,60000.0,80006.0,10523.0,8565.0,8700.0,3412.0,1
18215,130000.0,1,2,1,50,0,0,2,0,0,2,122079.0,127725.0,129558.0,126907.0,99773.0,98086.0,7700.0,6000.0,5800.0,5800.0,2895.0,400.0,0
18220,230000.0,1,1,1,53,1,-2,-2,-2,-2,-2,0.0,0.0,0.0,0.0,0.0,0.0,0.0,0.0,0.0,0.0,0.0,0.0,1
18221,10000.0,1,3,1,50,0,0,0,3,2,2,4674.0,6422.0,9145.0,8854.0,8563.0,9918.0,2000.0,3000.0,0.0,0.0,1500.0,0.0,0
18227,60000.0,1,2,2,51,0,0,0,0,0,0,27293.0,27898.0,28574.0,29059.0,29244.0,29462.0,1450.0,1516.0,1391.0,966.0,997.0,948.0,0
18230,50000.0,1,2,1,54,2,2,2,3,2,2,35068.0,34205.0,39148.0,38233.0,37318.0,39757.0,0.0,5500.0,0.0,0.0,3036.0,2000.0,1
18238,260000.0,1,1,1,51,0,0,0,0,0,0,62635.0,67553.0,69466.0,71310.0,73124.0,74949.0,6000.0,3000.0,3000.0,3000.0,3000.0,2734.0,0
18240,160000.0,1,2,1,55,-2,-2,-1,0,0,0,-64.0,-64.0,140184.0,141992.0,143277.0,146438.0,0.0,140248.0,6600.0,5122.0,5464.0,5372.0,0
18244,20000.0,1,3,2,49,3,2,2,2,0,0,16066.0,15516.0,18047.0,17326.0,17326.0,17680.0,0.0,3100.0,0.0,400.0,354.0,2000.0,0
18245,300000.0,1,3,1,57,1,-1,-1,-1,-1,-1,0.0,176.0,1269.0,11347.0,369.0,860.0,176.0,1269.0,11347.0,369.0,860.0,0.0,0
18247,50000.0,1,3,1,54,1,2,0,0,0,0,48679.0,47597.0,48503.0,49517.0,19592.0,19868.0,0.0,2100.0,2500.0,800.0,1000.0,900.0,0
18253,100000.0,1,1,1,60,0,0,3,2,0,0,4814.0,8311.0,8031.0,5790.0,3860.0,2599.0,3591.0,0.0,0.0,0.0,0.0,2712.0,1
18254,350000.0,1,1,1,55,-1,-1,-1,-1,-1,-1,3297.0,11634.0,12952.0,39274.0,5474.0,14837.0,11637.0,12991.0,39278.0,6000.0,14837.0,931.0,0
18257,10000.0,1,3,1,54,4,3,2,2,2,2,7936.0,7662.0,8386.0,9069.0,9966.0,8410.0,0.0,1000.0,1000.0,1000.0,0.0,2000.0,1
18259,500000.0,1,1,1,62,1,-2,-2,-2,-1,-1,0.0,0.0,0.0,0.0,1981.0,1700.0,0.0,0.0,0.0,1981.0,1700.0,13969.0,0
18260,20000.0,1,2,1,61,3,4,3,2,2,4,18618.0,18040.0,17471.0,16893.0,21318.0,20412.0,0.0,0.0,0.0,4726.0,0.0,0.0,1
18262,250000.0,1,1,1,58,0,0,0,-1,0,0,1635.0,2491.0,-60.0,600.0,600.0,0.0,1025.0,0.0,660.0,0.0,0.0,0.0,0
18270,360000.0,1,1,1,62,-1,-1,-1,-1,-1,-1,5875.0,7279.0,6894.0,7143.0,1787.0,19526.0,7289.0,6918.0,7148.0,1792.0,19541.0,3689.0,0
18271,50000.0,1,2,2,57,0,0,0,0,2,0,51867.0,51136.0,51039.0,52079.0,49523.0,49128.0,2200.0,2500.0,4000.0,0.0,2000.0,2000.0,0
18275,420000.0,1,1,1,51,0,-1,-1,-1,0,0,57815.0,1000.0,0.0,287921.0,291770.0,299232.0,1000.0,0.0,288921.0,10000.0,21100.0,0.0,0
18280,190000.0,1,1,1,54,0,0,0,0,0,0,187295.0,186189.0,186002.0,170873.0,98013.0,94600.0,7000.0,7962.0,7000.0,3417.0,3463.0,3357.0,0
18283,460000.0,1,2,1,55,0,0,-1,0,0,0,5352.0,8240.0,76653.0,75117.0,76616.0,78248.0,3000.0,76653.0,20000.0,2481.0,2600.0,2600.0,0
18291,30000.0,2,3,1,28,0,0,0,0,2,0,23176.0,23182.0,19083.0,19632.0,15252.0,14021.0,2867.0,2000.0,2000.0,0.0,1500.0,1353.0,0
18292,80000.0,2,3,1,33,-1,2,-1,-1,-1,-1,780.0,390.0,814.0,390.0,390.0,390.0,0.0,814.0,390.0,390.0,390.0,1578.0,1
18295,150000.0,1,2,1,55,0,-1,-1,-1,0,0,1540.0,780.0,0.0,580.0,780.0,0.0,780.0,0.0,580.0,200.0,0.0,0.0,0
18298,310000.0,2,2,1,47,0,0,0,0,0,0,290211.0,296743.0,303686.0,226605.0,224937.0,228912.0,10989.0,12100.0,8000.0,8000.0,9000.0,7670.0,0
18300,210000.0,2,3,1,40,0,0,0,0,0,0,160292.0,144217.0,123657.0,112910.0,97400.0,9806.0,3720.0,3229.0,3165.0,1979.0,9806.0,390.0,0
18301,30000.0,2,3,1,47,0,0,0,0,0,0,15979.0,17705.0,19107.0,20281.0,20941.0,21799.0,2000.0,2000.0,1500.0,1000.0,1200.0,2000.0,0
18314,50000.0,2,2,1,22,0,0,0,0,0,0,48560.0,49644.0,47247.0,42541.0,19716.0,20145.0,2000.0,2003.0,1298.0,1000.0,800.0,879.0,1
18317,20000.0,2,2,1,29,0,0,0,0,0,0,5586.0,6599.0,7615.0,8472.0,8640.0,8971.0,1268.0,1284.0,1141.0,309.0,470.0,321.0,1
18318,40000.0,2,2,1,25,0,0,0,0,0,2,40633.0,40633.0,40311.0,39380.0,41389.0,40628.0,1950.0,4300.0,2000.0,2938.0,0.0,3700.0,1
18320,80000.0,2,2,2,29,0,0,0,0,0,0,78626.0,78262.0,80000.0,82025.0,78521.0,78947.0,3400.0,3600.0,4000.0,3500.0,3000.0,4000.0,0
18332,50000.0,2,3,1,46,0,0,0,0,2,0,13406.0,15175.0,16227.0,17746.0,7496.0,7877.0,2000.0,1600.0,2100.0,1930.0,500.0,500.0,0
18340,20000.0,2,6,2,22,0,0,0,0,0,0,19568.0,19420.0,15535.0,1434.0,500.0,0.0,4641.0,1019.0,900.0,0.0,1500.0,0.0,1
18341,10000.0,2,1,1,23,0,0,0,0,0,0,7641.0,8557.0,9080.0,1410.0,9508.0,8997.0,1262.0,1000.0,1115.0,9329.0,331.0,1000.0,0
18343,20000.0,2,2,2,21,1,2,2,0,0,0,18455.0,13081.0,12582.0,14255.0,14138.0,16138.0,1327.0,0.0,2000.0,283.0,2000.0,859.0,0
18356,200000.0,2,1,2,24,-2,-2,-2,-2,-2,-2,675.0,1053.0,0.0,500.0,2057.0,23322.0,1053.0,0.0,500.0,2057.0,23322.0,4299.0,0
18361,60000.0,2,2,2,23,1,2,-1,0,0,0,9491.0,9094.0,43457.0,34481.0,28695.0,26040.0,0.0,43460.0,1700.0,1100.0,1000.0,1000.0,0
18365,90000.0,2,1,2,23,0,0,0,0,0,0,18418.0,23068.0,24146.0,25692.0,27364.0,24521.0,5000.0,1454.0,2000.0,2000.0,1500.0,680.0,0
18378,140000.0,2,1,2,23,0,0,0,0,0,0,35206.0,26200.0,27771.0,29261.0,20121.0,24263.0,2000.0,2000.0,2025.0,1300.0,4500.0,3500.0,0
18383,50000.0,2,3,2,22,2,-1,-1,2,0,0,1261.0,1261.0,2136.0,1560.0,1170.0,780.0,1261.0,2136.0,0.0,0.0,0.0,0.0,1
18391,80000.0,2,1,2,23,1,-2,-2,-2,-1,-1,0.0,0.0,0.0,0.0,826.0,1803.0,0.0,0.0,0.0,826.0,1803.0,0.0,1
18414,30000.0,2,5,2,22,0,0,0,0,0,0,13738.0,10455.0,19869.0,26173.0,26848.0,27266.0,4000.0,10001.0,7000.0,1107.0,1000.0,1010.0,0
18419,160000.0,2,2,2,24,0,0,0,0,0,0,55559.0,51972.0,34983.0,26514.0,17602.0,9308.0,3010.0,3000.0,2000.0,1000.0,2000.0,0.0,0
18424,160000.0,2,1,2,23,0,0,0,0,0,-1,77947.0,78960.0,79594.0,49777.0,327.0,222.0,4000.0,3000.0,1000.0,0.0,222.0,2682.0,1
18433,250000.0,2,3,1,27,2,3,2,2,0,0,324204.0,308506.0,294198.0,278964.0,270046.0,265787.0,5000.0,6000.0,5000.0,9600.0,14000.0,14000.0,0
18451,100000.0,2,1,2,26,1,2,2,2,0,-1,3144.0,2949.0,4480.0,764.0,528.0,933.0,0.0,1795.0,0.0,13.0,933.0,3000.0,0
18481,330000.0,2,2,1,25,0,-1,0,0,0,0,118053.0,197622.0,25664.0,9461.0,6407.0,15791.0,198842.0,25000.0,9004.0,6000.0,15000.0,6000.0,0
18483,110000.0,2,1,2,24,0,0,0,0,0,0,67729.0,64388.0,63447.0,65394.0,66810.0,68732.0,3000.0,3000.0,3000.0,2500.0,3000.0,4000.0,0
18491,40000.0,2,1,2,26,0,0,0,0,-1,-1,6223.0,7944.0,8961.0,3090.0,390.0,795.0,2000.0,1196.0,1000.0,1950.0,795.0,1170.0,1
18492,170000.0,2,2,2,27,0,0,0,0,0,0,164646.0,162671.0,166202.0,161973.0,167201.0,161327.0,7200.0,7500.0,6000.0,10000.0,7000.0,16000.0,0
18493,60000.0,2,2,2,24,-1,2,-1,0,0,0,3485.0,2488.0,20956.0,22462.0,21476.0,23164.0,0.0,24419.0,2018.0,15000.0,2000.0,2000.0,0
18497,170000.0,2,2,2,25,0,0,0,0,0,0,65531.0,64149.0,46188.0,42793.0,30466.0,25583.0,2019.0,2006.0,2002.0,788.0,989.0,1000.0,0
18512,70000.0,2,2,2,22,0,0,0,0,0,0,66505.0,67514.0,69038.0,69927.0,50579.0,49483.0,2501.0,3001.0,2608.0,1777.0,1792.0,1793.0,1
18513,20000.0,2,2,1,25,0,0,3,2,0,0,17294.0,21821.0,21197.0,20400.0,20000.0,20000.0,4821.0,0.0,0.0,0.0,0.0,0.0,0
18524,50000.0,2,1,2,24,0,0,0,0,0,0,33879.0,35211.0,36263.0,37061.0,37943.0,42305.0,1900.0,1918.0,1700.0,1500.0,5000.0,0.0,1
18531,220000.0,2,2,2,26,-1,-1,-1,-1,-1,-1,1534.0,3524.0,2130.0,7510.0,1117.0,916.0,3524.0,2130.0,7521.0,1117.0,916.0,2719.0,0
18532,200000.0,2,2,1,27,-1,-1,-1,-1,-1,-1,14753.0,3670.0,5865.0,1303.0,4579.0,1107.0,3670.0,5865.0,1303.0,4579.0,1107.0,2109.0,0
18533,50000.0,2,3,1,27,2,2,-2,-1,-1,-1,1884.0,570.0,180.0,2672.0,3101.0,5465.0,570.0,0.0,2672.0,3101.0,5465.0,0.0,0
18537,80000.0,2,2,2,26,2,2,2,0,0,0,76540.0,81373.0,79496.0,78641.0,48837.0,50592.0,8000.0,0.0,3300.0,2000.0,3800.0,0.0,0
18538,110000.0,2,2,2,23,0,0,0,0,0,0,19980.0,20683.0,21654.0,21998.0,23255.0,24527.0,2500.0,2000.0,1400.0,2000.0,1800.0,1100.0,0
18555,70000.0,2,2,2,25,1,2,0,0,0,0,5412.0,5177.0,6291.0,9085.0,9270.0,6821.0,0.0,1206.0,3000.0,185.0,200.0,0.0,1
18572,180000.0,2,1,2,27,-1,-1,-1,-1,-1,-1,264.0,264.0,264.0,264.0,264.0,264.0,264.0,264.0,264.0,264.0,264.0,264.0,0
18574,250000.0,2,2,2,24,-2,-2,-1,0,0,0,0.0,0.0,19449.0,20623.0,21283.0,21943.0,0.0,19449.0,1500.0,1000.0,1000.0,1000.0,1
18581,30000.0,2,1,2,24,1,2,2,2,0,0,29492.0,29697.0,30737.0,27808.0,28204.0,28792.0,1000.0,3513.0,0.0,1155.0,1190.0,1502.0,0
18584,360000.0,2,3,1,27,0,0,0,0,0,0,115730.0,102973.0,96363.0,85616.0,79033.0,72152.0,4371.0,5438.0,3415.0,2430.0,2568.0,3017.0,0
18592,20000.0,2,1,2,22,1,2,0,0,0,0,19849.0,15995.0,16572.0,15556.0,18268.0,17319.0,0.0,4000.0,1238.0,4500.0,675.0,3000.0,1
18595,150000.0,2,2,2,26,0,0,0,0,0,0,11474.0,15023.0,17467.0,19789.0,20173.0,21696.0,5001.0,3000.0,2616.0,1000.0,2000.0,1000.0,0
18598,150000.0,2,1,2,26,-1,-1,-1,-1,-1,-1,15079.0,5018.0,6701.0,54574.0,983.0,25580.0,5018.0,6701.0,54579.0,983.0,25580.0,26738.0,0
18612,110000.0,2,1,2,25,0,0,0,0,0,0,103135.0,99731.0,101945.0,82873.0,68587.0,65648.0,4800.0,5000.0,4000.0,3000.0,2500.0,2600.0,0
18621,20000.0,2,1,2,26,-2,-2,-2,-2,-2,-2,1000.0,8930.0,0.0,0.0,0.0,790.0,8930.0,0.0,0.0,0.0,790.0,0.0,0
18623,50000.0,2,2,2,27,2,2,2,2,2,2,41126.0,42244.0,43264.0,43751.0,44731.0,45770.0,2100.0,2000.0,1500.0,2000.0,1900.0,1900.0,1
18625,60000.0,2,1,2,28,0,0,0,0,0,0,23518.0,25542.0,27649.0,29718.0,30171.0,30678.0,2700.0,2800.0,2800.0,1200.0,1100.0,1200.0,0
18636,80000.0,2,2,2,25,0,0,0,0,0,0,83931.0,82122.0,81028.0,81331.0,60614.0,63153.0,3500.0,3820.0,3220.0,4010.0,6700.0,7.0,0
18639,80000.0,2,1,2,25,-1,-1,2,-1,-1,-2,746.0,4824.0,690.0,6097.0,0.0,0.0,4830.0,0.0,6097.0,0.0,0.0,2169.0,0
18642,160000.0,2,3,2,26,0,0,0,0,-2,-2,2454.0,3488.0,4443.0,0.0,0.0,0.0,1083.0,1038.0,0.0,0.0,0.0,97502.0,0
18643,90000.0,2,2,2,26,0,0,0,2,0,0,86183.0,87561.0,92996.0,89866.0,48574.0,41746.0,4100.0,8548.0,0.0,1527.0,1617.0,1490.0,0
18645,150000.0,2,1,2,28,1,-1,-1,-2,-2,-1,0.0,382.0,0.0,0.0,0.0,904.0,382.0,0.0,0.0,0.0,904.0,0.0,0
18650,200000.0,2,1,2,29,-1,0,-1,-1,0,0,5612.0,28352.0,6282.0,5906.0,8787.0,14988.0,25004.0,6282.0,5911.0,6000.0,10000.0,20000.0,0
18652,100000.0,2,2,1,29,0,0,0,0,0,0,118008.0,116686.0,113939.0,111079.0,107257.0,105377.0,5614.0,5600.0,5500.0,4500.0,5000.0,6000.0,0
18658,80000.0,2,2,2,27,1,2,2,2,2,0,74250.0,76895.0,79548.0,80280.0,53034.0,54027.0,4500.0,4500.0,3000.0,0.0,2000.0,4350.0,0
18668,310000.0,2,2,1,25,0,0,0,0,0,0,191767.0,185445.0,188255.0,187384.0,184222.0,183544.0,6612.0,8321.0,7022.0,6021.0,6005.0,6042.0,0
18686,230000.0,2,2,2,28,0,0,0,0,0,0,33057.0,33698.0,36652.0,38421.0,37459.0,54778.0,1500.0,4767.0,3000.0,3092.0,17411.0,5000.0,0
18695,150000.0,2,1,1,26,2,2,2,2,2,0,69716.0,72156.0,70507.0,59123.0,39386.0,20561.0,5211.0,111.0,2371.0,0.0,702.0,341.0,1
18699,160000.0,2,2,2,27,1,-2,-2,-2,-2,-2,0.0,0.0,0.0,980.0,0.0,0.0,0.0,0.0,980.0,0.0,0.0,0.0,0
18705,210000.0,2,1,2,27,0,0,0,0,0,0,161055.0,156712.0,157087.0,177934.0,136807.0,139230.0,6000.0,7000.0,8000.0,6574.0,5500.0,5500.0,0
18717,150000.0,2,2,2,26,-2,-2,-2,-2,-2,-2,37636.0,27448.0,29890.0,390.0,257.0,10700.0,27603.0,29890.0,21890.0,257.0,10833.0,212.0,0
18726,140000.0,2,3,1,28,2,2,2,2,2,2,96008.0,98017.0,99961.0,101123.0,97375.0,103044.0,4500.0,4400.0,3700.0,0.0,7800.0,0.0,1
18732,80000.0,2,1,2,23,1,2,2,0,0,0,80457.0,82885.0,80495.0,78027.0,30052.0,30373.0,4350.0,0.0,2350.0,1048.0,1077.0,1154.0,1
18734,50000.0,2,2,1,24,0,0,0,0,0,-2,44159.0,41904.0,46174.0,40675.0,0.0,0.0,5000.0,5000.0,2000.0,0.0,0.0,0.0,0
18765,220000.0,2,1,2,28,0,0,0,0,0,0,157215.0,161006.0,165222.0,168145.0,169162.0,172041.0,6502.0,8100.0,8200.0,6000.0,6200.0,6200.0,0
18777,220000.0,2,1,2,27,0,0,0,0,0,0,67028.0,32546.0,29814.0,31488.0,8495.0,10170.0,5332.0,5000.0,10238.0,5000.0,5000.0,2000.0,0
18779,300000.0,2,1,2,29,-1,-1,-1,-1,-1,-2,3438.0,28.0,342.0,25022.0,0.0,0.0,28.0,342.0,25081.0,0.0,0.0,0.0,0
18784,420000.0,2,1,2,27,0,0,0,0,0,0,41354.0,45723.0,33124.0,31987.0,23703.0,22776.0,7004.0,9000.0,7000.0,5000.0,5000.0,10433.0,0
18792,110000.0,2,2,2,29,2,0,0,0,0,0,113394.0,108142.0,109325.0,111264.0,56311.0,58271.0,5314.0,4398.0,4196.0,1857.0,8271.0,1948.0,1
18800,150000.0,2,1,2,25,1,-2,-1,2,-1,-1,0.0,0.0,330.0,330.0,990.0,0.0,0.0,330.0,0.0,990.0,0.0,0.0,0
18802,80000.0,2,2,2,26,0,0,0,0,0,0,35220.0,38215.0,38598.0,40560.0,40968.0,42321.0,4000.0,5390.0,3000.0,1453.0,2000.0,1677.0,0
18812,180000.0,2,1,2,28,1,-1,-1,-1,-1,-1,0.0,652.0,0.0,326.0,2005.0,474.0,652.0,0.0,326.0,2005.0,474.0,326.0,0
18819,30000.0,2,2,2,25,0,0,0,0,0,0,28494.0,28139.0,27480.0,26960.0,27215.0,27977.0,1750.0,1804.0,1800.0,1000.0,1200.0,1500.0,1
18821,180000.0,2,2,1,26,0,0,0,0,-1,-1,182026.0,111563.0,78169.0,0.0,2354.0,9446.0,4500.0,10056.0,200.0,2354.0,9446.0,0.0,0
18837,120000.0,2,2,1,25,2,0,0,2,0,0,17488.0,19002.0,20805.0,18271.0,18128.0,16405.0,3000.0,3000.0,0.0,961.0,2000.0,2056.0,1
18846,120000.0,2,2,1,27,0,0,0,0,0,2,85492.0,83567.0,78276.0,78971.0,80907.0,79219.0,3500.0,4326.0,3000.0,9000.0,0.0,3000.0,1
18851,270000.0,2,1,2,28,-1,-1,-1,-1,0,-1,15167.0,841.0,9842.0,7931.0,3412.0,1035.0,845.0,9896.0,7977.0,17.0,1040.0,1848.0,0
18852,30000.0,2,2,1,30,1,5,4,3,2,2,28534.0,27805.0,27090.0,26361.0,26831.0,27552.0,0.0,0.0,0.0,1200.0,1300.0,985.0,1
18854,80000.0,2,3,1,26,0,0,0,2,0,0,69589.0,72802.0,77106.0,74420.0,76220.0,77877.0,5000.0,6100.0,0.0,3000.0,3000.0,3000.0,0
18855,310000.0,2,1,2,26,0,0,0,0,0,0,27283.0,28286.0,29427.0,29548.0,29839.0,30532.0,1459.0,1600.0,1607.0,898.0,1000.0,918.0,0
18856,20000.0,2,1,2,23,0,0,0,0,0,0,14302.0,15748.0,16986.0,18656.0,19101.0,20345.0,2000.0,1500.0,2000.0,1000.0,1500.0,3000.0,0
18858,180000.0,2,1,2,28,-1,-1,2,0,0,0,390.0,1345.0,955.0,1565.0,2175.0,2159.0,1345.0,0.0,1000.0,1000.0,400.0,1000.0,0
18862,100000.0,2,2,2,27,0,0,2,0,0,0,21043.0,24372.0,23699.0,24794.0,26067.0,28630.0,4000.0,0.0,1794.0,2000.0,3000.0,1200.0,0
18870,50000.0,2,1,2,28,-1,2,2,2,0,0,4917.0,4693.0,6945.0,6651.0,4060.0,4060.0,0.0,2500.0,0.0,1000.0,0.0,0.0,0
18877,60000.0,2,2,1,31,-1,-1,-1,-1,-1,-1,44912.0,11409.0,-61506.0,3859.0,415.0,415.0,144047.0,365.0,73000.0,415.0,415.0,50136.0,1
18880,300000.0,2,1,2,28,1,-2,-2,-2,-2,-2,0.0,0.0,0.0,0.0,0.0,0.0,0.0,0.0,0.0,0.0,0.0,0.0,0
18889,240000.0,2,3,2,31,0,0,0,0,0,-2,167686.0,108246.0,111397.0,61650.0,0.0,0.0,3977.0,5000.0,3000.0,0.0,0.0,111200.0,0
18898,340000.0,2,2,1,29,0,0,0,-1,0,-1,36533.0,33689.0,8108.0,19291.0,35882.0,18924.0,3000.0,3000.0,21000.0,20000.0,18924.0,22534.0,0
18915,120000.0,2,2,1,28,1,2,0,0,0,0,60188.0,58467.0,59760.0,60990.0,61960.0,65233.0,0.0,3000.0,3000.0,3000.0,5000.0,0.0,1
18920,150000.0,2,1,2,28,2,0,0,0,0,0,65809.0,55997.0,46392.0,36172.0,25767.0,16791.0,1498.0,1614.0,1227.0,655.0,2000.0,5000.0,1
18926,30000.0,2,2,1,29,2,2,2,2,2,2,26799.0,26002.0,27293.0,26551.0,30223.0,30592.0,5000.0,2000.0,0.0,4400.0,1600.0,0.0,0
18929,90000.0,2,1,2,29,2,2,2,0,0,0,7052.0,9370.0,9078.0,10267.0,10350.0,10564.0,2605.0,0.0,1500.0,550.0,529.0,531.0,1
18930,200000.0,2,1,1,30,-2,-2,-2,-2,-2,-2,4833.0,6370.0,2342.0,810.0,9743.0,1000.0,6370.0,2342.0,810.0,10253.0,1000.0,7079.0,0
18934,420000.0,2,2,1,32,0,0,0,0,0,0,89863.0,16500.0,17493.0,17215.0,17248.0,17763.0,1782.0,1275.0,1281.0,617.0,793.0,1000.0,0
18943,150000.0,2,1,1,31,-1,-1,-2,-2,-2,-2,12420.0,0.0,0.0,0.0,0.0,0.0,0.0,0.0,0.0,0.0,0.0,0.0,0
18947,220000.0,2,2,2,30,1,2,0,0,0,0,5627.0,5391.0,6442.0,7458.0,8177.0,111816.0,0.0,1300.0,1281.0,1000.0,103860.0,4346.0,1
18948,290000.0,2,2,1,32,1,2,0,0,0,0,146853.0,139756.0,136012.0,136466.0,136929.0,132179.0,1503.0,5400.0,5200.0,5000.0,4667.0,5000.0,0
18950,290000.0,2,2,1,32,0,0,0,0,0,0,76383.0,78200.0,79726.0,80890.0,81615.0,75661.0,3400.0,3700.0,3600.0,3000.0,3000.0,3000.0,0
18953,70000.0,2,1,2,26,0,0,0,0,0,0,64471.0,65577.0,53264.0,51464.0,96184.0,49104.0,2281.0,2888.0,1800.0,2000.0,1900.0,1760.0,0
18954,100000.0,2,2,2,23,0,0,-1,-1,-1,-1,82323.0,45756.0,9187.0,5408.0,12920.0,9656.0,1000.0,9187.0,5408.0,12920.0,9656.0,4737.0,0
18961,200000.0,2,1,2,29,-2,-2,-2,-2,-2,-1,-792.0,-792.0,-792.0,-792.0,-792.0,69708.0,0.0,792.0,0.0,0.0,70500.0,1688.0,1
18966,420000.0,2,1,2,29,-2,-2,-1,0,0,0,392.0,396.0,47581.0,48070.0,47523.0,45834.0,400.0,47581.0,1715.0,1700.0,1850.0,2000.0,0
18967,70000.0,2,1,2,29,0,0,0,0,2,0,17154.0,18550.0,20245.0,22904.0,22238.0,23870.0,2000.0,2000.0,3000.0,0.0,2000.0,2200.0,0
18972,210000.0,2,1,2,28,0,-1,0,0,-1,0,9918.0,6942.0,24680.0,41291.0,10623.0,10765.0,6942.0,24000.0,22000.0,20000.0,5000.0,3000.0,0
18976,70000.0,2,1,2,28,0,0,0,0,0,0,21777.0,20335.0,21699.0,22460.0,20345.0,42123.0,2000.0,2000.0,1500.0,3000.0,721.0,1200.0,0
18983,300000.0,2,3,2,33,-2,-2,-2,-2,-2,-2,0.0,0.0,0.0,0.0,0.0,0.0,0.0,0.0,0.0,0.0,0.0,0.0,1
18997,400000.0,2,2,1,36,0,-1,2,-1,0,0,20818.0,1079.0,799.0,1883.0,587.0,0.0,1878.0,0.0,1883.0,0.0,0.0,0.0,0
19007,120000.0,2,2,2,30,-2,-2,-2,-2,-2,-2,2680.0,14770.0,7817.0,416.0,270.0,0.0,14770.0,7832.0,416.0,270.0,0.0,0.0,0
19010,320000.0,2,1,2,29,0,0,0,0,0,0,198441.0,202806.0,207050.0,201114.0,190921.0,191781.0,10000.0,10000.0,10000.0,10000.0,7000.0,10000.0,0
19013,150000.0,2,1,1,30,-1,-1,-1,-1,-1,0,4083.0,3534.0,6484.0,12287.0,21888.0,19960.0,3537.0,6484.0,12306.0,21888.0,0.0,134.0,0
19015,50000.0,2,3,1,37,0,0,0,0,0,0,39804.0,41106.0,41843.0,42839.0,43690.0,44232.0,1964.0,1701.0,1697.0,1548.0,1620.0,1774.0,0
19026,440000.0,2,2,2,28,1,2,2,0,0,0,209176.0,215231.0,204369.0,186201.0,183518.0,148169.0,11000.0,54.0,7530.0,7648.0,6310.0,3312.0,1
19032,50000.0,2,2,2,34,0,0,0,0,0,0,47303.0,48427.0,48069.0,49081.0,48485.0,49484.0,2807.0,3008.0,2812.0,2000.0,2000.0,2000.0,0
19034,30000.0,2,2,1,45,0,0,0,0,0,0,30788.0,30395.0,27294.0,27216.0,26432.0,30692.0,1759.0,1762.0,1717.0,966.0,5739.0,1577.0,1
19035,500000.0,2,2,1,42,0,0,-2,-2,-2,-2,149838.0,0.0,0.0,0.0,0.0,0.0,0.0,0.0,0.0,0.0,0.0,0.0,0
19038,50000.0,2,1,2,22,0,0,-2,-2,-2,-2,2416.0,0.0,0.0,0.0,0.0,0.0,0.0,0.0,0.0,0.0,0.0,0.0,0
19039,90000.0,2,2,2,26,0,0,0,0,0,0,45069.0,43310.0,40275.0,37800.0,37323.0,34396.0,2000.0,2500.0,3000.0,3000.0,2000.0,3000.0,0
19042,50000.0,2,2,1,23,0,-1,0,0,0,0,14465.0,48796.0,50206.0,50831.0,42731.0,43224.0,50295.0,2500.0,2031.0,1274.0,1500.0,1600.0,0
19051,20000.0,2,2,2,30,3,2,0,0,0,0,20226.0,18702.0,18331.0,19111.0,15211.0,13562.0,0.0,2346.0,1400.0,304.0,271.0,0.0,1
19063,140000.0,2,1,2,29,0,0,0,0,0,0,130261.0,95550.0,96273.0,91059.0,92609.0,95184.0,3474.0,4000.0,4000.0,3500.0,8000.0,5000.0,0
19066,80000.0,2,2,1,32,2,2,0,0,0,2,70381.0,68660.0,70081.0,70899.0,75331.0,74005.0,0.0,3126.0,2578.0,5616.0,0.0,3000.0,1
19067,40000.0,2,2,1,41,0,0,0,0,0,0,21960.0,21484.0,7145.0,2424.0,822.0,0.0,1176.0,1049.0,1000.0,0.0,0.0,0.0,0
19070,30000.0,2,3,1,35,2,2,2,2,2,2,26088.0,27160.0,26444.0,28694.0,27936.0,29930.0,1800.0,0.0,3000.0,0.0,2600.0,0.0,1
19074,30000.0,2,2,1,33,0,0,-1,0,0,0,4101.0,157.0,30321.0,29225.0,29575.0,28850.0,172.0,33635.0,1368.0,1108.0,958.0,1353.0,0
19076,170000.0,2,1,1,39,1,2,0,0,0,2,161105.0,145908.0,119161.0,120662.0,127815.0,125098.0,0.0,6000.0,5000.0,9000.0,0.0,6000.0,0
19078,90000.0,2,3,1,40,1,2,2,2,2,2,40467.0,41495.0,42520.0,42997.0,41698.0,43976.0,2000.0,2000.0,1800.0,0.0,3434.0,1708.0,0
19083,70000.0,2,3,1,32,0,0,0,0,2,0,14180.0,10856.0,10822.0,13627.0,10852.0,12676.0,3000.0,2000.0,3000.0,0.0,2000.0,3000.0,1
19095,20000.0,2,2,1,37,0,0,0,0,0,0,19326.0,20240.0,17800.0,18699.0,17770.0,48321.0,1263.0,1630.0,1529.0,1200.0,2000.0,742.0,0
19096,60000.0,2,2,2,45,0,0,0,0,0,0,57711.0,58760.0,49576.0,50802.0,11110.0,12543.0,2500.0,2384.0,3000.0,2000.0,2000.0,2000.0,0
19105,30000.0,2,2,1,39,2,0,0,2,2,0,11436.0,12439.0,14911.0,15819.0,15346.0,16666.0,1500.0,3000.0,1500.0,0.0,1500.0,2000.0,1
19106,210000.0,2,2,1,49,2,0,0,0,0,0,114273.0,115302.0,111906.0,111423.0,92394.0,93321.0,6000.0,6000.0,5000.0,3000.0,3500.0,3000.0,1
19107,150000.0,2,1,2,27,-2,-2,-2,-2,-2,-2,0.0,0.0,0.0,0.0,0.0,0.0,0.0,0.0,0.0,0.0,0.0,0.0,1
19111,90000.0,2,3,1,35,0,0,-1,0,0,0,13865.0,5128.0,6911.0,8774.0,9622.0,9824.0,2054.0,6911.0,2000.0,1000.0,357.0,1000.0,0
19115,80000.0,2,2,1,31,-2,-2,-2,-2,-2,-2,0.0,0.0,0.0,0.0,0.0,0.0,0.0,0.0,0.0,0.0,0.0,0.0,0
19117,120000.0,2,3,1,28,0,0,0,0,0,0,93623.0,95472.0,93778.0,86416.0,53501.0,51931.0,3440.0,5017.0,5000.0,2000.0,1500.0,42800.0,0
19118,20000.0,2,3,1,44,0,0,0,2,2,2,7661.0,8981.0,10860.0,12380.0,11400.0,0.0,1457.0,2600.0,2000.0,0.0,0.0,0.0,0
19127,70000.0,2,2,2,26,2,0,0,0,0,0,66087.0,67510.0,69007.0,61845.0,60184.0,66801.0,3120.0,3303.0,2800.0,2200.0,7600.0,0.0,1
19129,50000.0,2,3,1,45,0,0,0,0,0,0,49212.0,42376.0,20009.0,20877.0,19642.0,18769.0,1611.0,1700.0,1547.0,785.0,1000.0,888.0,0
19134,50000.0,2,2,1,34,2,2,2,0,0,0,46843.0,49378.0,48052.0,48573.0,28902.0,28205.0,4310.0,0.0,2033.0,1119.0,985.0,2000.0,0
19135,350000.0,2,1,1,34,-1,0,0,0,0,0,37129.0,107295.0,108299.0,103487.0,90880.0,84387.0,75000.0,30000.0,4000.0,4000.0,5000.0,5000.0,0
19137,280000.0,2,3,1,34,1,-2,-2,-2,-2,-2,0.0,0.0,0.0,0.0,0.0,0.0,0.0,0.0,0.0,0.0,0.0,0.0,0
19153,150000.0,2,3,2,47,0,0,0,0,0,0,132093.0,129831.0,126485.0,124547.0,117364.0,117368.0,5000.0,5000.0,5000.0,5000.0,5000.0,5000.0,0
19154,50000.0,2,2,2,42,0,0,0,0,0,0,46566.0,47792.0,49322.0,50618.0,13842.0,14217.0,2000.0,2300.0,2500.0,500.0,600.0,600.0,0
19155,230000.0,2,2,1,37,0,0,0,0,-1,0,53327.0,52513.0,43726.0,22738.0,29019.0,20328.0,1973.0,1890.0,1595.0,29019.0,567.0,506.0,0
19164,350000.0,2,3,1,36,0,0,2,0,0,0,255751.0,275156.0,260963.0,261263.0,255566.0,254941.0,33010.0,0.0,11021.0,9200.0,8500.0,8300.0,0
19166,180000.0,2,1,2,34,0,0,0,0,0,0,108016.0,180959.0,169362.0,163957.0,138409.0,132864.0,150000.0,8000.0,5500.0,5000.0,5500.0,6000.0,0
19167,110000.0,2,2,1,35,0,0,0,0,0,0,6137.0,7040.0,3861.0,4869.0,4966.0,5070.0,1053.0,1073.0,1081.0,178.0,184.0,185.0,1
19176,30000.0,2,3,1,48,1,-1,-1,-2,-2,-2,-100.0,100.0,0.0,0.0,0.0,0.0,200.0,0.0,0.0,0.0,0.0,0.0,0
19178,200000.0,2,2,1,44,-2,-2,-2,-2,-2,-2,7096.0,1323.0,8457.0,48757.0,4200.0,7312.0,1336.0,8457.0,48757.0,4200.0,7312.0,21740.0,0
19182,50000.0,2,1,2,35,0,0,0,0,0,0,4309.0,10834.0,15251.0,12159.0,9581.0,15222.0,7000.0,8000.0,9400.0,1000.0,6000.0,3000.0,0
19184,160000.0,2,2,1,40,-2,-2,-2,-2,-2,-2,390.0,390.0,390.0,390.0,390.0,390.0,390.0,780.0,390.0,390.0,390.0,390.0,1
19194,200000.0,2,1,2,32,0,0,0,0,0,0,118532.0,121068.0,119122.0,121402.0,115419.0,116749.0,6000.0,4500.0,4300.0,6000.0,4400.0,4500.0,0
19196,50000.0,2,1,2,27,-1,0,0,0,-1,-1,17626.0,16789.0,12946.0,20650.0,20650.0,2529.0,1547.0,8000.0,8000.0,20650.0,2529.0,0.0,0
19201,20000.0,2,2,1,46,3,2,2,2,3,5,11698.0,13189.0,14663.0,16109.0,19525.0,18646.0,2000.0,2000.0,2000.0,4000.0,0.0,1000.0,1
19206,70000.0,2,1,2,24,0,0,0,0,0,0,110176.0,56378.0,57572.0,58130.0,59289.0,61331.0,2700.0,2700.0,2110.0,2125.0,3000.0,2300.0,0
19216,60000.0,2,1,2,27,0,0,0,0,0,0,23690.0,22413.0,17399.0,16553.0,14259.0,14134.0,1283.0,1584.0,1217.0,496.0,662.0,489.0,0
19221,30000.0,2,2,1,47,2,2,2,0,0,0,25893.0,30628.0,29368.0,27769.0,25999.0,26924.0,5501.0,22.0,2000.0,1000.0,2000.0,2039.0,1
19229,30000.0,2,1,1,32,-1,-1,-1,-2,-2,-2,3684.0,2911.0,5831.0,2083.0,2903.0,3874.0,2911.0,5842.0,2088.0,2903.0,3874.0,3201.0,0
19231,100000.0,2,3,1,44,-2,-2,-2,-2,-2,-2,1010.0,0.0,0.0,0.0,0.0,2947.0,0.0,0.0,0.0,0.0,2947.0,4193.0,0
19244,60000.0,2,2,1,47,0,0,0,2,-1,2,27970.0,28004.0,31688.0,30448.0,452.0,302.0,1456.0,4140.0,0.0,904.0,0.0,12985.0,1
19252,680000.0,2,1,2,30,0,0,-1,-1,-1,0,39639.0,-45.0,10251.0,25094.0,7327.0,167520.0,0.0,10296.0,25219.0,7341.0,163123.0,7267.0,1
19257,200000.0,2,1,2,31,-1,-1,-2,-2,-2,-2,1570.0,0.0,0.0,0.0,0.0,0.0,0.0,0.0,0.0,0.0,0.0,0.0,0
19262,70000.0,2,2,2,31,0,0,0,0,0,0,64888.0,64454.0,103298.0,50978.0,51374.0,52453.0,2127.0,2151.0,2500.0,1836.0,1904.0,1915.0,0
19266,150000.0,2,2,1,35,0,0,0,0,0,0,102007.0,93116.0,84302.0,74986.0,67369.0,60434.0,5000.0,5045.0,2563.0,3006.0,3000.0,2218.0,1
19273,360000.0,2,1,2,32,0,0,0,0,0,0,290543.0,118479.0,112746.0,102611.0,92290.0,51489.0,7288.0,6079.0,6091.0,6227.0,5055.0,27486.0,0
19276,210000.0,2,1,1,33,-2,-2,-2,-2,-2,-2,1345.0,6087.0,947.0,500.0,1283.0,500.0,6087.0,947.0,500.0,1283.0,500.0,500.0,0
19278,80000.0,2,2,1,41,-1,-1,-1,-1,0,0,2727.0,1679.0,566.0,61664.0,58281.0,58281.0,1679.0,566.0,61664.0,0.0,0.0,4480.0,0
19283,230000.0,2,2,2,29,-1,-1,-1,-1,-1,-1,2624.0,1149.0,2140.0,3313.0,3750.0,2491.0,1149.0,2140.0,3313.0,3750.0,2491.0,9785.0,0
19293,50000.0,2,2,1,37,0,0,0,0,-1,-1,12246.0,11901.0,11631.0,11035.0,1335.0,90.0,1196.0,1261.0,1000.0,1335.0,90.0,1335.0,0
19295,200000.0,2,2,2,36,0,0,0,0,0,0,193083.0,195259.0,196120.0,168814.0,163509.0,172037.0,9000.0,8993.0,7503.0,6000.0,11300.0,6103.0,0
19300,370000.0,2,1,2,37,0,0,0,0,0,0,308011.0,302783.0,297700.0,298224.0,338565.0,288924.0,10404.0,10015.0,16502.0,60003.0,15008.0,20000.0,0
19309,100000.0,2,3,1,32,-1,-1,2,-1,0,-1,24002.0,22329.0,2781.0,32231.0,2781.0,21651.0,2781.0,0.0,32231.0,0.0,21651.0,26748.0,0
19316,110000.0,2,1,1,41,3,2,2,7,7,7,150.0,150.0,150.0,150.0,150.0,150.0,0.0,0.0,0.0,0.0,0.0,0.0,0
19318,50000.0,2,3,1,44,2,2,2,2,2,2,19178.0,20088.0,19499.0,21578.0,20940.0,22605.0,1500.0,0.0,2385.0,0.0,2000.0,0.0,1
19327,230000.0,2,2,1,40,1,-2,-1,-1,-1,-1,0.0,0.0,3504.0,4272.0,2977.0,1900.0,0.0,3504.0,4272.0,2977.0,1900.0,0.0,0
19329,140000.0,2,3,1,40,2,0,0,0,2,2,30755.0,31757.0,32808.0,35342.0,35965.0,36741.0,1815.0,1866.0,3400.0,1500.0,1500.0,1484.0,1
19333,50000.0,2,3,2,35,-1,-1,-1,-1,-1,-1,3123.0,1326.0,2866.0,4406.0,2821.0,1854.0,1326.0,2866.0,4406.0,2821.0,1854.0,1688.0,0
19337,390000.0,2,2,2,35,0,0,0,0,0,0,42286.0,30038.0,27402.0,28352.0,28066.0,28215.0,2389.0,2414.0,2378.0,892.0,925.0,938.0,0
19341,50000.0,2,2,1,45,0,0,0,0,0,0,48875.0,50103.0,46641.0,31459.0,28901.0,29523.0,2080.0,1690.0,1458.0,1100.0,1076.0,1094.0,0
19342,100000.0,2,2,1,41,0,0,0,0,0,0,111925.0,107224.0,107126.0,101859.0,79519.0,74368.0,4000.0,7000.0,3533.0,2673.0,3500.0,4303.0,0
19345,20000.0,2,3,1,48,2,2,2,2,2,2,13836.0,14805.0,15865.0,16062.0,15509.0,16558.0,1500.0,1595.0,750.0,0.0,1452.0,0.0,1
19355,30000.0,2,3,1,39,0,0,0,2,0,0,21173.0,22513.0,23826.0,20613.0,21269.0,22761.0,2000.0,2000.0,1000.0,1000.0,2000.0,2000.0,1
19361,20000.0,2,2,1,34,0,0,2,-1,-1,-1,3223.0,3176.0,220.0,632.0,0.0,316.0,1220.0,0.0,632.0,0.0,316.0,782.0,1
19365,30000.0,2,5,1,36,-2,-2,-2,-2,-2,-2,8839.0,0.0,4342.0,690.0,0.0,99.0,0.0,4342.0,690.0,0.0,99.0,0.0,0
19375,370000.0,2,3,1,33,0,0,0,0,0,0,18082.0,18339.0,19031.0,17345.0,18245.0,23200.0,1628.0,1320.0,1100.0,1000.0,10000.0,1000.0,0
19376,200000.0,2,2,2,35,0,0,0,0,2,0,104393.0,108956.0,109339.0,113799.0,75536.0,66643.0,6300.0,4588.0,6910.0,30.0,2375.0,9577.0,0
19398,240000.0,2,1,1,33,0,0,0,0,0,0,95835.0,90385.0,85011.0,77329.0,50673.0,48723.0,4060.0,3181.0,3000.0,1500.0,3042.0,1377.0,0
19401,80000.0,2,2,1,35,2,2,-1,-1,-1,-1,252.0,-1624.0,2072.0,1752.0,1876.0,1876.0,0.0,5572.0,1752.0,2000.0,1876.0,2071.0,0
19429,200000.0,2,2,2,28,-1,-1,-1,2,2,-2,4571.0,0.0,2983.0,2780.0,0.0,0.0,0.0,2983.0,0.0,0.0,0.0,3125.0,0
19432,240000.0,2,1,2,27,1,2,0,0,0,-1,7029.0,3932.0,2105.0,2487.0,777.0,5300.0,0.0,1057.0,1000.0,0.0,5300.0,1800.0,0
19435,80000.0,2,2,2,26,1,-2,-2,-2,-2,-2,0.0,0.0,0.0,0.0,0.0,0.0,0.0,0.0,0.0,0.0,0.0,0.0,0
19439,20000.0,2,1,2,34,-2,-2,-2,-2,-2,-2,1789.0,16745.0,1464.0,1466.0,1691.0,4565.0,16745.0,1464.0,1466.0,1691.0,4565.0,4570.0,0
19445,30000.0,2,3,2,23,1,2,0,0,0,0,30335.0,29546.0,29826.0,29997.0,29789.0,29967.0,0.0,2000.0,1500.0,1000.0,2000.0,0.0,0
19451,420000.0,2,1,2,27,0,0,0,0,0,0,198604.0,202935.0,207548.0,211990.0,216362.0,220728.0,7518.0,7763.0,7768.0,7768.0,7877.0,7934.0,0
19457,260000.0,2,1,2,36,-2,-2,-2,-2,-2,-2,0.0,132.0,1109.0,1181.0,-18.0,3791.0,132.0,1119.0,1186.0,18.0,3809.0,1917.0,0
19458,200000.0,2,1,2,37,0,0,0,0,0,0,191876.0,121296.0,121473.0,123943.0,127552.0,130380.0,4305.0,4408.0,4489.0,5660.0,6000.0,0.0,0
19462,270000.0,2,2,1,33,-1,-1,-1,-1,-1,-1,10148.0,625.0,14430.0,7320.0,5500.0,500.0,625.0,14430.0,7325.0,5500.0,500.0,6921.0,0
19468,220000.0,2,3,2,43,0,0,0,0,0,0,223022.0,215787.0,220680.0,219459.0,177765.0,175238.0,7750.0,8397.0,7349.0,6518.0,7000.0,7000.0,0
19472,180000.0,2,2,1,32,2,2,2,2,2,0,13286.0,15548.0,15009.0,17752.0,17172.0,18732.0,2800.0,0.0,3000.0,0.0,2000.0,5000.0,1
19479,360000.0,2,1,2,32,0,0,0,0,0,0,167232.0,166848.0,149903.0,138091.0,138123.0,140324.0,6121.0,7294.0,6135.0,4504.0,4669.0,4060.0,0
19482,50000.0,2,2,1,38,0,0,0,2,0,0,5764.0,6786.0,9095.0,8803.0,8975.0,9008.0,1278.0,2587.0,0.0,467.0,326.0,329.0,0
19490,180000.0,2,1,2,42,2,2,2,2,2,2,130304.0,140191.0,142477.0,141674.0,146312.0,149133.0,13600.0,6000.0,3000.0,8500.0,5300.0,300.0,1
19495,170000.0,2,1,2,28,-1,-1,-1,-1,-1,-1,1311.0,3008.0,4244.0,1718.0,0.0,1125.0,3008.0,4244.0,1718.0,0.0,1125.0,0.0,0
19506,210000.0,2,2,1,29,0,0,0,-1,-1,0,145499.0,107712.0,-564.0,4270.0,143607.0,144505.0,4751.0,0.0,6000.0,143754.0,5000.0,5314.0,0
19508,240000.0,2,2,1,32,-2,-2,-2,-2,-2,-2,0.0,0.0,0.0,0.0,0.0,0.0,0.0,0.0,0.0,0.0,0.0,0.0,0
19514,170000.0,2,1,2,27,0,0,0,0,-1,0,89909.0,61785.0,17848.0,14000.0,124208.0,122955.0,8941.0,3848.0,4000.0,124208.0,5000.0,5000.0,0
19526,260000.0,2,2,1,33,-2,-2,-2,-2,-2,-2,3342.0,8978.0,4331.0,13860.0,1987.0,5626.0,9023.0,4353.0,13929.0,1997.0,5654.0,3964.0,0
19535,100000.0,2,3,1,43,0,0,0,0,0,0,5719.0,6633.0,3461.0,4471.0,4560.0,4656.0,1043.0,1064.0,1074.0,163.0,169.0,169.0,0
19542,170000.0,2,1,1,38,-1,-1,-2,-2,-2,-1,5910.0,0.0,0.0,0.0,0.0,3001.0,0.0,0.0,0.0,0.0,3001.0,9436.0,0
19549,80000.0,2,2,2,24,2,0,0,0,0,0,81228.0,76590.0,73327.0,69760.0,50642.0,48690.0,3400.0,2800.0,3038.0,2000.0,2000.0,2000.0,1
19568,240000.0,2,2,2,30,0,-1,0,0,0,0,35380.0,64013.0,51380.0,25438.0,19376.0,12889.0,64013.0,1651.0,1705.0,564.0,2093.0,144734.0,0
19569,220000.0,2,3,1,33,-2,-2,-2,-2,-2,-2,1037.0,1062.0,0.0,0.0,0.0,0.0,1062.0,0.0,0.0,0.0,0.0,0.0,0
19574,80000.0,2,2,2,46,0,0,0,2,0,0,79812.0,80717.0,80366.0,74782.0,47767.0,49278.0,2854.0,7014.0,44.0,1693.0,4000.0,0.0,0
19578,80000.0,2,2,1,45,1,2,2,2,2,2,53916.0,52462.0,55327.0,56804.0,57469.0,58505.0,0.0,4327.0,3000.0,2200.0,2100.0,0.0,1
19579,220000.0,2,2,1,32,0,0,0,0,0,0,28853.0,29145.0,27171.0,22067.0,17831.0,15671.0,2000.0,4000.0,1420.0,2000.0,3000.0,30789.0,0
19589,320000.0,2,1,2,30,0,0,0,0,0,0,2419.0,3193.0,5127.0,6871.0,7751.0,8623.0,2000.0,2000.0,2000.0,1000.0,1000.0,1000.0,0
19591,80000.0,2,2,2,36,0,0,0,0,0,0,23347.0,29927.0,53599.0,52038.0,53175.0,55751.0,10000.0,24369.0,2500.0,2500.0,5000.0,2700.0,0
19610,350000.0,2,2,1,38,0,0,0,0,0,0,62862.0,79927.0,76057.0,65139.0,56984.0,55038.0,24000.0,6000.0,5000.0,3000.0,6000.0,5000.0,0
19611,240000.0,2,2,1,47,0,0,0,0,0,0,121386.0,123877.0,127344.0,125050.0,126479.0,130266.0,6000.0,7000.0,6500.0,5000.0,6000.0,6000.0,0
19614,160000.0,2,2,1,30,-1,-1,-1,-1,-1,2,33712.0,14116.0,-2985.0,1472.0,2985.0,1513.0,14116.0,0.0,4457.0,1513.0,0.0,1328.0,0
19623,80000.0,2,1,1,37,-1,0,-1,-1,-1,-1,27695.0,15372.0,25919.0,18449.0,2655.0,20808.0,10000.0,25919.0,18449.0,2655.0,20808.0,0.0,1
19625,80000.0,2,2,1,45,0,0,0,-2,-2,-2,81328.0,82150.0,0.0,0.0,0.0,0.0,3750.0,0.0,0.0,0.0,0.0,0.0,0
19631,80000.0,2,2,1,35,0,0,0,0,0,0,81513.0,82816.0,74170.0,73609.0,46443.0,47231.0,3612.0,2830.0,2194.0,1797.0,2000.0,2000.0,0
19640,90000.0,2,1,2,31,2,2,3,3,3,2,20052.0,79532.0,79872.0,80662.0,80740.0,83275.0,59872.0,2200.0,2700.0,2000.0,4000.0,2200.0,0
19642,380000.0,2,1,2,29,0,0,0,0,0,0,384979.0,276655.0,174060.0,172167.0,142135.0,152135.0,20000.0,9500.0,4180.0,0.0,10000.0,5000.0,0
19648,500000.0,2,2,1,31,1,-1,-1,-1,0,0,0.0,5377.0,4131.0,44588.0,44388.0,5085.0,5377.0,4131.0,44588.0,0.0,0.0,3148.0,0
19652,240000.0,2,2,1,32,0,0,-2,-2,-2,-2,12000.0,0.0,0.0,0.0,0.0,0.0,0.0,0.0,0.0,0.0,0.0,0.0,0
19663,320000.0,2,1,2,44,-1,-1,-1,-1,-1,-1,29227.0,49177.0,143588.0,82261.0,44242.0,22999.0,49619.0,143588.0,82691.0,44242.0,24010.0,128424.0,0
19664,370000.0,2,2,1,36,0,0,0,0,0,0,219386.0,181046.0,169132.0,128553.0,88817.0,83763.0,10500.0,14045.0,8553.0,8817.0,10763.0,2526.0,0
19670,180000.0,2,2,1,41,0,0,0,0,0,0,9309.0,7596.0,9086.0,11477.0,4817.0,7121.0,1119.0,1609.0,3000.0,2500.0,5000.0,5000.0,0
19672,430000.0,2,2,1,37,0,0,0,0,0,0,17800.0,18175.0,11153.0,11073.0,2853.0,3177.0,2003.0,2000.0,1030.0,2350.0,2000.0,1150.0,0
19676,340000.0,2,1,2,37,0,0,0,0,0,0,334125.0,335778.0,343792.0,301895.0,198944.0,197439.0,13562.0,15000.0,12000.0,8120.0,7720.0,4000.0,0
19691,390000.0,2,2,1,37,0,0,0,0,0,0,175363.0,164292.0,144731.0,145140.0,130727.0,131619.0,5551.0,5358.0,5500.0,5000.0,20000.0,10000.0,0
19692,30000.0,2,2,2,33,-2,-2,-2,-2,-2,-2,498.0,4831.0,477.0,8560.0,1550.0,955.0,4831.0,477.0,8561.0,1550.0,955.0,570.0,0
19700,50000.0,2,3,1,48,1,2,0,0,0,0,49621.0,46863.0,46153.0,45284.0,23653.0,20733.0,0.0,2010.0,1807.0,812.0,743.0,844.0,1
19711,300000.0,2,4,1,41,-1,-1,-1,-1,0,-1,3399.0,0.0,4358.0,862.0,862.0,287.0,0.0,4358.0,862.0,0.0,287.0,5159.0,0
19718,280000.0,2,3,2,35,0,0,-1,0,0,0,5716.0,0.0,105082.0,105908.0,98380.0,93649.0,0.0,105082.0,4172.0,3408.0,3489.0,5295.0,0
19724,500000.0,2,1,1,44,0,-1,-1,0,0,0,329570.0,71921.0,367979.0,294969.0,189612.0,128459.0,72001.0,368199.0,6486.0,234.0,90.0,167116.0,0
19729,170000.0,2,1,2,32,-1,-1,-1,-1,-1,-1,6699.0,2999.0,4896.0,68.0,2761.0,2673.0,2999.0,4904.0,68.0,2761.0,2673.0,1861.0,0
19730,320000.0,2,2,1,35,0,0,0,0,0,0,158942.0,155925.0,126767.0,114110.0,109637.0,95850.0,5057.0,4606.0,5800.0,3375.0,3324.0,2500.0,0
19741,110000.0,2,2,1,30,0,0,0,0,0,0,101706.0,102946.0,104260.0,104162.0,104754.0,105707.0,3687.0,3850.0,3670.0,3662.0,4000.0,3795.0,0
19745,460000.0,2,1,1,45,-1,-1,-1,-1,-1,-1,184.0,1899.0,1819.0,1572.0,237.0,1572.0,1904.0,1819.0,1572.0,237.0,1572.0,230.0,0
19747,80000.0,2,2,2,35,0,0,0,0,0,0,28590.0,27635.0,26808.0,27680.0,26658.0,27324.0,1500.0,1600.0,3400.0,1300.0,3000.0,2000.0,0
19748,180000.0,2,1,1,40,-1,-1,-1,-1,-1,-1,15118.0,6041.0,1459.0,2178.0,2634.0,968.0,6047.0,3262.0,2178.0,2634.0,968.0,2432.0,0
19753,20000.0,2,2,1,41,1,2,2,0,0,0,10774.0,11596.0,11119.0,12429.0,12370.0,12659.0,1300.0,0.0,1502.0,443.0,489.0,2961.0,1
19755,180000.0,2,1,1,41,1,-2,-2,-1,-1,-2,1520.0,-10.0,-10.0,3844.0,0.0,0.0,10.0,0.0,3854.0,0.0,0.0,0.0,0
19757,480000.0,2,1,1,38,0,0,0,0,0,0,29414.0,33482.0,37501.0,41399.0,35489.0,33081.0,5002.0,5002.0,5031.0,1006.0,986.0,986.0,0
19767,280000.0,2,1,2,35,0,0,0,0,0,0,92095.0,173354.0,193994.0,195250.0,204850.0,86279.0,83959.0,28869.0,13000.0,10000.0,5279.0,6160.0,0
19772,230000.0,2,5,2,40,-2,-2,-1,-1,0,0,0.0,0.0,150.0,1528.0,3028.0,4117.0,0.0,150.0,1528.0,1500.0,1500.0,4000.0,0
19780,120000.0,2,1,1,42,0,0,0,0,0,0,112237.0,114467.0,116900.0,119228.0,121805.0,115463.0,4097.0,4278.0,4308.0,11540.0,5685.0,4390.0,0
19787,230000.0,2,1,1,46,-2,-2,-2,-2,-2,-2,4957.0,9463.0,7697.0,5308.0,2048.0,6283.0,9467.0,7697.0,5308.0,2048.0,6283.0,18157.0,0
19792,50000.0,2,3,1,40,0,0,0,0,0,0,48489.0,49495.0,50866.0,48390.0,17953.0,23.0,1813.0,2184.0,1248.0,359.0,0.0,20706.0,1
19800,150000.0,2,3,1,40,-2,-2,-2,-2,-2,-2,0.0,0.0,0.0,0.0,0.0,4095.0,0.0,0.0,0.0,0.0,4095.0,0.0,0
19813,290000.0,2,2,2,41,-1,0,0,0,0,0,32192.0,32595.0,14688.0,17105.0,18875.0,21304.0,2500.0,13500.0,3000.0,3000.0,3000.0,2000.0,0
19815,100000.0,2,3,1,45,3,2,2,2,-1,-1,94471.0,92058.0,97624.0,94316.0,2065.0,0.0,0.0,8806.0,0.0,2065.0,0.0,0.0,1
19819,30000.0,2,3,1,42,0,0,0,2,2,2,21969.0,23306.0,27851.0,27098.0,29866.0,29276.0,1706.0,5251.0,0.0,3519.0,0.0,1368.0,1
19821,200000.0,2,2,1,46,-1,2,2,-1,-1,2,2893.0,2881.0,1436.0,1261.0,2849.0,1438.0,1436.0,0.0,1261.0,2849.0,0.0,1261.0,1
19829,380000.0,2,1,1,43,0,0,0,0,0,0,121868.0,114627.0,102551.0,101323.0,84087.0,86661.0,6000.0,5000.0,5000.0,5000.0,5000.0,5000.0,0
19830,30000.0,2,3,1,48,0,0,0,2,0,0,36956.0,35422.0,35714.0,32193.0,29979.0,28191.0,1553.0,3345.0,0.0,1000.0,1000.0,1000.0,0
19831,200000.0,2,2,2,35,1,-1,2,-1,0,0,-3258.0,7244.0,3498.0,10494.0,6996.0,3498.0,14000.0,0.0,10494.0,0.0,0.0,16248.0,0
19833,150000.0,2,2,2,38,0,0,0,0,0,0,26495.0,24906.0,6763.0,6581.0,6733.0,6882.0,1291.0,1101.0,1098.0,250.0,247.0,300.0,0
19836,280000.0,2,2,2,38,0,0,0,0,0,0,92579.0,94451.0,96041.0,98301.0,74624.0,75173.0,4300.0,4000.0,4033.0,3000.0,3300.0,3500.0,0
19841,90000.0,2,2,1,32,0,0,-2,-1,-1,-2,4857.0,-43.0,-43.0,968.0,4385.0,17889.0,0.0,0.0,1011.0,4385.0,17889.0,9455.0,0
19843,250000.0,2,1,1,40,2,2,2,0,0,0,170489.0,181700.0,177530.0,181147.0,184784.0,195574.0,13926.0,0.0,6408.0,6478.0,13629.0,0.0,0
19850,290000.0,2,1,2,34,0,0,0,0,0,0,21849.0,9318.0,7964.0,10335.0,12000.0,13463.0,1500.0,2016.0,5000.0,2000.0,1463.0,3365.0,0
19853,130000.0,2,2,1,49,0,0,0,0,0,0,53714.0,55404.0,56566.0,57139.0,58300.0,59523.0,2570.0,2650.0,2100.0,2100.0,2150.0,3000.0,0
19855,20000.0,2,2,2,46,0,0,0,0,0,0,15717.0,16724.0,18051.0,18759.0,19132.0,19684.0,1276.0,1603.0,1311.0,684.0,860.0,874.0,0
19877,50000.0,2,2,2,42,0,0,-1,0,0,0,37606.0,17971.0,10812.0,12237.0,13057.0,15057.0,3000.0,15000.0,2000.0,2000.0,2000.0,0.0,0
19880,360000.0,2,1,1,37,-1,-1,-1,-2,-2,-2,1568.0,2500.0,0.0,0.0,0.0,0.0,2500.0,0.0,0.0,0.0,0.0,0.0,0
19881,200000.0,2,2,2,36,0,0,0,0,0,0,9738.0,10749.0,11773.0,12784.0,13039.0,13314.0,1177.0,1201.0,1212.0,467.0,485.0,1147.0,1
19883,200000.0,2,2,2,39,-2,-2,-2,-2,-2,-2,2880.0,0.0,0.0,0.0,2894.0,210.0,0.0,0.0,0.0,2894.0,210.0,2595.0,0
19886,230000.0,2,2,1,32,0,0,0,0,0,0,198704.0,202217.0,204255.0,207347.0,51134.0,50222.0,10000.0,10000.0,10000.0,50000.0,2000.0,2000.0,0
19887,340000.0,2,1,2,34,0,0,0,0,0,0,332916.0,340159.0,73004.0,72338.0,58935.0,123936.0,14600.0,3035.0,1958.0,2819.0,100000.0,3000.0,0
19905,210000.0,2,2,2,43,-2,-2,-2,-2,-2,-2,3577.0,1003.0,0.0,0.0,0.0,0.0,1003.0,0.0,0.0,0.0,0.0,150.0,0
19906,500000.0,2,1,2,45,-1,-1,-1,0,-1,-1,290.0,5640.0,52858.0,151479.0,29343.0,2355.0,5692.0,52858.0,100756.0,29488.0,2365.0,8762.0,0
19915,310000.0,2,2,1,46,0,0,0,0,0,0,43990.0,45872.0,47135.0,46944.0,49121.0,51337.0,3000.0,3000.0,2000.0,3000.0,3000.0,1000.0,0
19919,350000.0,2,2,1,44,0,-1,-1,-1,-1,-1,110472.0,100849.0,5800.0,369718.0,2000.0,5910.0,100957.0,5800.0,371718.0,2180.0,5910.0,6000.0,0
19920,350000.0,2,1,1,44,-1,-1,-1,-1,-1,0,4025.0,2820.0,3094.0,0.0,330.0,330.0,2820.0,3094.0,0.0,330.0,0.0,1240.0,1
19932,50000.0,2,3,2,49,0,0,2,0,0,0,46468.0,50669.0,48701.0,49066.0,30177.0,29274.0,5000.0,0.0,2500.0,1151.0,1156.0,1052.0,1
19948,80000.0,2,3,1,44,2,0,-1,-1,-1,0,31023.0,30390.0,390.0,390.0,780.0,780.0,1000.0,390.0,390.0,780.0,0.0,0.0,0
19950,170000.0,2,2,2,33,1,-2,-2,-2,-2,-2,-189.0,-189.0,-189.0,-189.0,-189.0,-189.0,0.0,0.0,0.0,0.0,0.0,0.0,0
19956,100000.0,2,2,1,35,1,-2,-2,-2,-1,-1,0.0,0.0,0.0,0.0,4323.0,2000.0,0.0,0.0,0.0,4323.0,2000.0,0.0,0
19966,270000.0,2,2,1,36,0,0,0,0,0,0,73953.0,68207.0,55382.0,46629.0,28115.0,12847.0,5168.0,5010.0,2005.0,2000.0,2000.0,2000.0,0
19973,260000.0,2,1,1,31,0,0,0,0,0,0,263688.0,257381.0,260497.0,261593.0,264184.0,264598.0,8993.0,9501.0,9577.0,9584.0,10006.0,9269.0,0
19983,300000.0,2,1,1,47,3,2,2,2,2,2,5000.0,5000.0,5000.0,5000.0,5000.0,5000.0,0.0,0.0,0.0,0.0,0.0,0.0,1
19988,490000.0,2,1,1,48,1,-1,-1,-1,-1,0,500.0,7081.0,1460.0,6213.0,6040.0,1155.0,7081.0,1460.0,6213.0,7195.0,0.0,878.0,0
19995,440000.0,2,2,1,41,0,0,0,0,0,0,348397.0,356586.0,366049.0,262697.0,267922.0,274502.0,14006.0,19077.0,9518.0,9576.0,11083.0,12010.0,0
20000,240000.0,2,2,1,37,-1,2,-1,-1,-1,0,1769.0,842.0,14015.0,0.0,1317.0,566.0,0.0,14015.0,0.0,1317.0,0.0,0.0,0
20007,50000.0,2,2,2,43,0,0,0,0,0,0,48474.0,48388.0,38972.0,47584.0,28055.0,28571.0,2334.0,1918.0,12530.0,1001.0,1035.0,1198.0,0
20020,280000.0,2,1,2,30,0,0,0,0,0,0,192045.0,195162.0,198105.0,202919.0,197380.0,201927.0,9300.0,9500.0,9509.0,7100.0,7800.0,8200.0,0
20026,70000.0,2,2,2,30,-1,0,0,0,0,0,2429.0,3878.0,4957.0,6209.0,6338.0,6587.0,1500.0,1300.0,1500.0,380.0,500.0,500.0,1
20035,160000.0,2,3,1,44,-2,-2,-2,-2,-2,-2,-18.0,-18.0,-18.0,-18.0,-18.0,-18.0,0.0,0.0,0.0,0.0,0.0,0.0,0
20049,300000.0,2,2,1,45,0,0,0,0,0,0,12975.0,13149.0,13408.0,12714.0,12437.0,11166.0,1520.0,2000.0,1452.0,1000.0,649.0,344.0,0
20054,440000.0,2,1,1,39,0,0,0,0,0,0,388357.0,390101.0,387948.0,354871.0,238196.0,200777.0,14193.0,14740.0,9655.0,6453.0,5478.0,4919.0,1
20070,360000.0,2,1,2,38,1,2,0,0,0,0,4741.0,4534.0,6491.0,8422.0,8665.0,0.0,0.0,2000.0,2000.0,243.0,0.0,0.0,1
20074,150000.0,2,1,1,40,-1,-1,-1,-2,-2,-2,1221.0,176.0,0.0,0.0,0.0,0.0,176.0,0.0,0.0,0.0,0.0,0.0,0
20085,500000.0,2,2,1,31,0,0,0,0,0,0,348526.0,345128.0,337816.0,316739.0,167616.0,364940.0,15210.0,15022.0,20121.0,5925.0,35069.0,35110.0,0
20090,30000.0,2,2,1,33,-1,-1,-1,-1,-1,-1,390.0,390.0,390.0,390.0,390.0,0.0,390.0,390.0,390.0,390.0,0.0,780.0,0
20124,240000.0,2,2,2,32,0,0,0,0,0,0,132252.0,135069.0,136408.0,139192.0,142111.0,145165.0,6500.0,5000.0,5057.0,5239.0,5500.0,5000.0,0
20132,300000.0,2,2,1,43,-2,-2,-2,-2,-2,-2,5972.0,1854.0,2105.0,835.0,1761.0,2849.0,1857.0,2109.0,835.0,1761.0,2853.0,6282.0,0
20136,130000.0,2,2,1,45,0,0,0,0,-2,-2,126840.0,116746.0,59839.0,0.0,0.0,0.0,5298.0,2606.0,0.0,0.0,0.0,0.0,0
20137,170000.0,2,2,2,48,0,0,0,0,0,0,99728.0,97889.0,99902.0,100128.0,101531.0,102770.0,4500.0,5000.0,4000.0,4000.0,4000.0,7000.0,0
20138,310000.0,2,1,1,43,0,0,-1,0,0,0,112343.0,25349.0,21033.0,19033.0,9588.0,5222.0,3023.0,21033.0,1000.0,192.0,104.0,87268.0,0
20139,500000.0,2,3,2,36,-2,-2,-2,-2,-2,-2,51132.0,8830.0,7570.0,1576.0,0.0,13295.0,8830.0,7570.0,1576.0,0.0,13295.0,38090.0,0
20144,380000.0,2,1,2,34,-1,0,0,0,0,0,25079.0,119811.0,22384.0,115548.0,164296.0,72084.0,100000.0,12384.0,100000.0,50000.0,20000.0,52500.0,0
20145,140000.0,2,2,2,41,0,0,0,0,0,0,130439.0,108411.0,107113.0,120327.0,62855.0,67243.0,5000.0,5000.0,20000.0,10000.0,10000.0,10000.0,0
20147,50000.0,2,2,1,42,3,3,2,2,0,0,24225.0,24046.0,24574.0,24348.0,16130.0,16467.0,500.0,1200.0,516.0,566.0,585.0,608.0,1
20150,140000.0,2,2,1,37,0,0,0,0,0,0,58075.0,59504.0,61544.0,62925.0,64280.0,67079.0,3000.0,3000.0,3000.0,3000.0,4000.0,4000.0,0
20151,50000.0,2,1,1,40,0,0,0,0,0,0,48519.0,35968.0,29453.0,26660.0,26235.0,27647.0,1800.0,1755.0,1500.0,1101.0,2000.0,1135.0,0
20153,260000.0,2,2,1,45,0,0,0,0,0,0,243952.0,224426.0,193708.0,163477.0,139993.0,133197.0,15521.0,10005.0,7000.0,5500.0,5000.0,4000.0,0
20172,120000.0,2,2,2,39,0,0,0,2,0,0,20693.0,22033.0,24067.0,24372.0,24670.0,25617.0,2000.0,2400.0,1000.0,1000.0,1500.0,1500.0,1
20174,150000.0,2,2,1,49,1,-1,-1,-1,-1,-1,0.0,1870.0,669.0,0.0,13453.0,5773.0,1870.0,669.0,0.0,13453.0,5773.0,100.0,0
20177,200000.0,2,2,2,37,1,2,0,0,0,0,226365.0,214261.0,210315.0,206563.0,202896.0,173111.0,0.0,8000.0,9000.0,8000.0,7000.0,7200.0,0
20183,160000.0,2,1,2,28,-1,-1,-1,-1,-1,-1,15525.0,34585.0,37439.0,47340.0,2473.0,4120.0,34604.0,37836.0,47340.0,2473.0,4120.0,6302.0,0
20188,500000.0,2,1,2,33,-1,-1,-1,-1,-1,-2,249.0,2655.0,249.0,99.0,-150.0,-150.0,2655.0,249.0,99.0,150.0,0.0,0.0,0
20194,330000.0,2,1,2,32,0,0,0,0,0,0,12118.0,11176.0,9369.0,7061.0,23421.0,21240.0,2000.0,1114.0,1493.0,20000.0,1000.0,700.0,0
20196,430000.0,2,5,2,41,-2,-2,-2,-2,-2,-2,2663.0,20679.0,6698.0,2104.0,888.0,888.0,20679.0,6698.0,2104.0,888.0,888.0,4232.0,0
20201,300000.0,2,1,2,29,0,0,-2,-1,-1,-2,11500.0,0.0,0.0,1780.0,0.0,0.0,0.0,0.0,1780.0,0.0,0.0,0.0,0
20202,230000.0,2,2,2,30,0,0,0,0,0,0,149775.0,107052.0,231164.0,120523.0,117102.0,116718.0,10000.0,130223.0,9953.0,4014.0,3307.0,4100.0,0
20205,20000.0,2,3,2,52,0,0,0,0,0,2,18603.0,15208.0,16153.0,18175.0,19876.0,19419.0,1555.0,1500.0,2300.0,2000.0,0.0,1000.0,0
20208,170000.0,2,2,1,52,0,0,0,0,0,0,170133.0,168945.0,160660.0,163652.0,131396.0,130402.0,7620.0,6200.0,10000.0,5100.0,5500.0,5000.0,1
20213,20000.0,2,3,1,50,-1,-1,-1,-1,-2,-2,5141.0,3455.0,6906.0,0.0,0.0,0.0,3754.0,6906.0,290.0,0.0,0.0,0.0,1
20219,240000.0,2,2,1,52,1,-2,-2,-2,-1,-1,0.0,0.0,0.0,0.0,2780.0,20034.0,0.0,0.0,0.0,2780.0,20034.0,0.0,0
20222,60000.0,2,2,1,51,0,0,0,0,0,0,57252.0,57771.0,47778.0,37858.0,36467.0,34419.0,2501.0,2032.0,2005.0,1507.0,1501.0,1502.0,0
20223,50000.0,2,3,1,51,0,0,0,0,0,0,38306.0,39338.0,40378.0,39067.0,25481.0,25861.0,1661.0,1701.0,2006.0,1041.0,922.0,1000.0,0
20230,20000.0,2,2,1,50,0,0,0,0,2,0,13779.0,14788.0,15815.0,17891.0,17308.0,17521.0,1245.0,1272.0,2348.0,0.0,640.0,1615.0,1
20231,20000.0,2,2,1,51,1,2,0,0,0,0,14710.0,14166.0,14040.0,13796.0,12909.0,12015.0,0.0,1253.0,2232.0,402.0,393.0,357.0,0
20234,100000.0,2,3,1,54,0,0,0,0,0,0,40112.0,40981.0,41963.0,43012.0,33270.0,33967.0,1661.0,1766.0,1942.0,1200.0,1233.0,1241.0,0
20235,300000.0,2,2,1,56,0,0,0,0,0,0,129234.0,127932.0,124793.0,123572.0,116832.0,115064.0,10060.0,10864.0,10078.0,10512.0,10020.0,10157.0,0
20239,30000.0,2,3,3,61,2,2,0,0,0,0,24453.0,23212.0,23964.0,24434.0,21340.0,5624.0,0.0,1522.0,1200.0,428.0,112.0,0.0,0
20246,80000.0,2,5,1,52,2,0,0,0,0,0,79822.0,77747.0,77733.0,78017.0,29599.0,26927.0,2773.0,3236.0,2000.0,2000.0,1000.0,1500.0,0
20249,210000.0,2,3,2,51,2,0,0,0,0,2,42795.0,43787.0,44826.0,45544.0,48497.0,47591.0,2007.0,2046.0,1764.0,3717.0,0.0,1885.0,1
20251,100000.0,2,2,1,52,0,0,0,0,0,0,39555.0,40550.0,41587.0,42602.0,43327.0,47950.0,1955.0,1992.0,2007.0,1732.0,5506.0,0.0,0
20254,170000.0,2,2,1,51,0,-1,-1,-1,0,0,9773.0,4101.0,3866.0,14894.0,6833.0,6972.0,4146.0,3866.0,14894.0,137.0,139.0,3029.0,0
20256,80000.0,2,3,2,55,2,0,0,0,0,0,76414.0,78009.0,78616.0,49662.0,48867.0,48278.0,3100.0,2420.0,2000.0,1656.0,1693.0,1767.0,0
20261,150000.0,2,2,2,51,0,-1,-1,-2,-2,-1,13219.0,1179.0,0.0,0.0,0.0,35752.0,1179.0,0.0,0.0,0.0,35752.0,1448.0,0
20263,50000.0,2,2,2,51,0,0,0,0,0,0,24202.0,23664.0,21780.0,22722.0,21907.0,2917.0,1340.0,1402.0,1344.0,1002.0,58.0,29.0,0
20266,100000.0,2,3,1,50,0,0,0,0,0,0,47895.0,48889.0,50099.0,52259.0,53389.0,55519.0,1790.0,2000.0,3000.0,2000.0,3000.0,2041.0,0
20274,320000.0,2,1,2,50,-1,-1,-1,-1,0,0,1999.0,729.0,2462.0,12360.0,10943.0,9597.0,730.0,2472.0,12360.0,0.0,237.0,3417.0,0
20293,80000.0,2,3,3,52,0,0,0,0,0,0,77086.0,77411.0,78686.0,66217.0,56167.0,53190.0,3000.0,5086.0,1750.0,2012.0,1630.0,2165.0,0
20294,360000.0,2,1,1,52,-2,-2,-2,-1,-1,-2,-3.0,-3.0,-3.0,1000.0,0.0,0.0,0.0,0.0,1003.0,0.0,0.0,0.0,1
20306,110000.0,2,2,1,62,0,0,0,0,0,2,65932.0,66740.0,68170.0,69634.0,73981.0,72676.0,2500.0,2500.0,2600.0,5519.0,0.0,3000.0,0
20323,140000.0,2,3,2,61,1,-2,-2,-2,-2,-2,0.0,0.0,0.0,0.0,0.0,0.0,0.0,0.0,0.0,0.0,0.0,0.0,1
20326,80000.0,2,2,1,55,0,0,0,0,0,0,79816.0,29536.0,28870.0,25049.0,23881.0,23668.0,1600.0,1514.0,1505.0,1005.0,2026.0,2000.0,0
20327,390000.0,2,1,1,53,-1,-1,-2,-2,-1,0,611.0,0.0,0.0,0.0,343.0,1343.0,0.0,0.0,0.0,343.0,1000.0,1076.0,0
20330,80000.0,2,2,2,60,-2,-2,-2,-2,-2,-2,577.0,494.0,438.0,387.0,246.0,939.0,500.0,438.0,387.0,246.0,939.0,350.0,0
20332,90000.0,2,3,1,53,0,0,0,0,0,0,60769.0,61943.0,62082.0,61436.0,27507.0,29218.0,2207.0,2500.0,1479.0,1000.0,3473.0,2500.0,0
20339,50000.0,2,3,1,58,1,3,2,2,2,2,39649.0,40194.0,41150.0,41670.0,42188.0,43360.0,1500.0,1900.0,1500.0,1500.0,2000.0,1500.0,0
20355,50000.0,1,2,2,22,1,-1,-1,-1,-1,-2,0.0,1054.0,1448.0,2535.0,0.0,0.0,1054.0,1448.0,2535.0,0.0,0.0,0.0,0
20364,80000.0,1,1,1,37,2,0,0,0,0,0,81970.0,78754.0,74789.0,45883.0,29616.0,28916.0,3000.0,3139.0,2001.0,2081.0,1200.0,1500.0,1
20380,20000.0,1,2,2,24,2,3,2,2,3,2,21034.0,19839.0,18663.0,20394.0,19228.0,19615.0,0.0,0.0,2616.0,0.0,1400.0,0.0,0
20388,10000.0,1,1,2,23,-1,2,-1,-1,-1,-1,780.0,390.0,390.0,0.0,780.0,0.0,0.0,390.0,0.0,780.0,0.0,0.0,1
20396,20000.0,1,2,2,22,2,2,2,2,0,0,20433.0,19302.0,19276.0,19451.0,19641.0,20188.0,0.0,2100.0,1000.0,1000.0,1000.0,1000.0,0
20407,140000.0,1,2,2,25,0,0,0,0,0,2,17172.0,18695.0,20880.0,23515.0,25122.0,24581.0,1815.0,3000.0,3000.0,2000.0,0.0,2500.0,0
20408,10000.0,1,2,2,21,0,0,0,0,0,0,7427.0,8057.0,8749.0,9413.0,10534.0,10210.0,1200.0,1165.0,1079.0,1200.0,754.0,0.0,0
20409,20000.0,1,3,2,24,2,0,0,0,0,0,11179.0,12188.0,12904.0,14217.0,14360.0,16140.0,1504.0,1220.0,1533.0,676.0,2177.0,559.0,1
20410,50000.0,1,1,2,26,0,0,0,0,0,0,12571.0,13656.0,15407.0,17127.0,17569.0,18162.0,1600.0,2280.0,2000.0,1000.0,1000.0,2000.0,0
20412,50000.0,1,1,2,26,0,0,0,0,0,0,6905.0,7574.0,7652.0,7161.0,7531.0,7033.0,2000.0,2000.0,1000.0,1500.0,0.0,3000.0,0
20418,10000.0,1,3,2,24,1,-1,0,-1,0,0,-372.0,4253.0,1777.0,780.0,780.0,0.0,5253.0,1500.0,780.0,0.0,0.0,0.0,0
20422,120000.0,1,2,2,26,-2,-2,-2,-2,-2,-2,316.0,316.0,316.0,316.0,316.0,316.0,316.0,316.0,316.0,316.0,316.0,316.0,0
20423,50000.0,1,2,2,26,0,0,0,0,0,0,49458.0,50135.0,49889.0,20459.0,19727.0,19354.0,2200.0,1500.0,1933.0,600.0,461.0,350.0,0
20429,20000.0,1,2,2,24,0,0,0,0,4,3,5212.0,6462.0,7846.0,10715.0,10406.0,9953.0,1500.0,1500.0,3000.0,0.0,0.0,0.0,1
20434,110000.0,1,2,2,26,0,0,0,0,0,0,36770.0,7611.0,9275.0,5751.0,10592.0,9701.0,2000.0,2000.0,2000.0,5000.0,3470.0,0.0,0
20461,50000.0,1,1,2,25,0,0,0,0,0,-1,15639.0,10504.0,11824.0,13018.0,12303.0,18584.0,1200.0,1500.0,1500.0,281.0,18584.0,1000.0,0
20466,190000.0,1,1,2,25,0,0,2,0,0,0,3173.0,5270.0,5040.0,6050.0,6447.0,7339.0,2323.0,0.0,1103.0,500.0,1000.0,400.0,0
20468,10000.0,1,2,2,26,0,0,0,0,0,0,9861.0,15147.0,6641.0,15318.0,8610.0,8790.0,1099.0,2234.0,1135.0,1086.0,319.0,319.0,0
20474,20000.0,1,3,2,27,0,0,-2,-2,-2,-2,36908.0,0.0,0.0,0.0,0.0,0.0,0.0,0.0,0.0,0.0,0.0,0.0,0
20477,230000.0,1,2,2,27,0,0,0,0,0,0,5504.0,4782.0,3864.0,3242.0,1428.0,2358.0,2000.0,2000.0,2000.0,300.0,2000.0,1400.0,0
20479,30000.0,1,2,2,28,2,0,0,0,0,0,24104.0,25198.0,25988.0,27107.0,27450.0,29193.0,1800.0,1500.0,1600.0,1000.0,2100.0,1400.0,0
20480,50000.0,1,2,2,25,0,0,0,0,0,0,48424.0,50340.0,48395.0,49604.0,48397.0,49847.0,2710.0,2760.0,2750.0,1507.0,2000.0,1500.0,0
20482,20000.0,1,2,2,26,0,0,0,2,0,0,17961.0,17091.0,14120.0,12266.0,10783.0,5131.0,1513.0,4932.0,9.0,286.0,1000.0,15000.0,0
20486,120000.0,1,3,2,26,0,0,0,0,0,0,88143.0,83432.0,78471.0,77711.0,79250.0,55860.0,6000.0,4100.0,3000.0,3000.0,2000.0,0.0,0
20493,120000.0,1,1,2,28,0,0,0,0,-1,-1,117303.0,15504.0,15748.0,15480.0,998.0,980.0,1256.0,1500.0,2000.0,998.0,980.0,0.0,1
20501,430000.0,1,1,2,29,-2,-2,-2,-2,-2,-2,325.0,325.0,325.0,0.0,325.0,650.0,325.0,325.0,0.0,325.0,650.0,150.0,0
20502,150000.0,1,2,2,28,0,0,0,0,0,0,129151.0,101260.0,94545.0,93810.0,82668.0,64924.0,3501.0,3516.0,3003.0,2578.0,2300.0,2300.0,0
20509,130000.0,1,1,2,28,0,0,0,0,0,-2,91092.0,94581.0,94580.0,30000.0,0.0,0.0,5000.0,3000.0,4000.0,0.0,0.0,0.0,0
20511,30000.0,1,2,2,27,0,0,0,2,0,0,25081.0,26358.0,29319.0,28510.0,29813.0,30179.0,2000.0,3700.0,0.0,2000.0,910.0,917.0,0
20513,200000.0,1,2,2,27,0,0,0,0,0,0,202591.0,202924.0,204693.0,195319.0,193566.0,182175.0,7565.0,9593.0,6919.0,5666.0,4686.0,4500.0,0
20516,100000.0,1,2,1,30,-1,-1,-1,-1,-1,-1,416.0,416.0,589.0,1416.0,416.0,416.0,416.0,1005.0,1416.0,416.0,416.0,0.0,0
20529,50000.0,1,2,2,26,0,0,0,0,0,0,41375.0,35398.0,27906.0,23043.0,19167.0,19478.0,1515.0,1424.0,1315.0,1000.0,1000.0,1000.0,0
20538,360000.0,1,2,2,28,-1,-1,-1,-1,-1,-1,7156.0,9780.0,6672.0,11201.0,9718.0,8781.0,9849.0,6712.0,11244.0,9747.0,8806.0,11872.0,0
20540,300000.0,1,1,2,28,1,-2,-2,-2,-2,-2,0.0,0.0,0.0,0.0,0.0,0.0,0.0,0.0,0.0,0.0,0.0,0.0,0
20545,160000.0,1,1,2,30,-1,0,-1,-1,-1,-1,11170.0,6393.0,11845.0,5431.0,6683.0,22285.0,1007.0,11907.0,5437.0,6693.0,22296.0,23500.0,0
20550,50000.0,1,2,2,31,0,0,2,0,0,0,23051.0,18190.0,12521.0,14308.0,14769.0,15925.0,2719.0,0.0,2000.0,1000.0,1542.0,764.0,0
20551,50000.0,1,1,2,28,0,0,0,0,0,0,42046.0,47356.0,47445.0,49701.0,49068.0,0.0,11000.0,5000.0,5000.0,31507.0,0.0,0.0,0
20552,50000.0,1,3,2,28,0,0,0,0,0,0,57207.0,58211.0,48160.0,48398.0,17942.0,16334.0,2000.0,2100.0,1300.0,650.0,600.0,1652.0,0
20556,60000.0,1,1,2,28,0,0,2,2,0,0,59059.0,50579.0,24193.0,23511.0,24019.0,24481.0,3800.0,1900.0,0.0,1200.0,1000.0,3500.0,0
20557,230000.0,1,1,2,29,-2,-2,-2,-2,-2,-2,4649.0,3985.0,2234.0,-1.0,-1.0,-1.0,4004.0,2245.0,0.0,0.0,0.0,279.0,0
20559,50000.0,1,2,2,32,0,0,0,0,0,0,49292.0,48536.0,41045.0,41532.0,18646.0,19183.0,2661.0,3030.0,2124.0,646.0,828.0,1097.0,0
20562,180000.0,1,2,2,28,1,2,2,2,2,2,29484.0,30309.0,28313.0,942.0,1038.0,492.0,2000.0,942.0,0.0,492.0,0.0,600.0,0
20566,170000.0,1,4,2,30,-1,-1,-1,-1,-1,-1,297.0,1093.0,2633.0,1291.0,3117.0,1267.0,1096.0,2640.0,1294.0,3126.0,1270.0,1002.0,0
20570,20000.0,1,2,1,27,-1,-1,-1,-1,-1,-1,690.0,665.0,1164.0,1523.0,1228.0,500.0,665.0,1164.0,1523.0,1228.0,500.0,0.0,0
20572,10000.0,1,3,2,27,1,-2,-2,-2,-2,-2,0.0,0.0,0.0,0.0,0.0,0.0,0.0,0.0,0.0,0.0,0.0,0.0,0
20580,50000.0,1,3,2,27,-1,-1,-1,-1,-1,-1,3150.0,9375.0,725.0,21423.0,6308.0,12651.0,9375.0,730.0,21423.0,6308.0,12651.0,6243.0,0
20583,80000.0,1,3,1,29,0,0,0,0,0,0,52175.0,45429.0,46595.0,47224.0,46903.0,46973.0,2034.0,2200.0,1738.0,1796.0,1832.0,1842.0,0
20587,380000.0,1,1,2,29,0,-1,-1,-1,-1,-1,24469.0,30689.0,19947.0,22529.0,3885.0,23616.0,30690.0,10007.0,24012.0,3906.0,24018.0,13024.0,0
20590,130000.0,1,2,2,29,1,-1,-1,-1,-1,0,-4.0,1198.0,101424.0,-1175.0,111715.0,52337.0,1202.0,101726.0,1228.0,114488.0,2000.0,2007.0,0
20592,170000.0,1,1,2,25,-2,-1,0,0,0,0,-1028.0,58324.0,57657.0,58832.0,60002.0,61260.0,60751.0,2100.0,2135.0,2148.0,2225.0,2396.0,0
20594,140000.0,1,3,2,29,0,0,0,0,0,0,7307.0,11718.0,5280.0,8166.0,18002.0,22262.0,5000.0,3000.0,3000.0,10000.0,5000.0,2500.0,0
20613,70000.0,1,1,2,26,0,0,0,0,0,2,51897.0,51961.0,51435.0,51512.0,54709.0,52462.0,2230.0,2009.0,2397.0,5912.0,0.0,2448.0,0
20614,90000.0,1,2,1,29,-1,-1,-1,0,0,-1,500.0,715.0,26854.0,28146.0,0.0,2000.0,715.0,26854.0,3000.0,0.0,2000.0,0.0,0
20615,50000.0,1,2,1,30,4,3,2,0,0,0,49926.0,48840.0,46958.0,47796.0,48800.0,50108.0,0.0,0.0,2000.0,2000.0,2000.0,6000.0,1
20622,200000.0,1,3,1,33,-1,-1,-1,-1,-1,0,5868.0,8654.0,3408.0,12019.0,22169.0,7416.0,8697.0,3439.0,12079.0,22219.0,185.0,12019.0,0
20626,30000.0,1,3,2,32,0,0,0,0,0,0,5981.0,7369.0,8542.0,9552.0,9743.0,10085.0,1500.0,1300.0,1159.0,350.0,500.0,370.0,0
20636,20000.0,1,1,2,30,-1,0,0,0,0,0,82812.0,85352.0,91161.0,92910.0,98710.0,150.0,2697.0,6000.0,3000.0,6000.0,150.0,1832.0,0
20645,130000.0,1,1,1,42,-1,2,-1,-1,0,0,390.0,390.0,955.0,1170.0,1170.0,780.0,0.0,955.0,1170.0,0.0,0.0,0.0,1
20647,100000.0,1,2,2,31,1,2,2,0,0,2,36204.0,37412.0,36537.0,37474.0,38732.0,39234.0,2100.0,0.0,2000.0,2000.0,1000.0,0.0,0
20652,30000.0,1,2,1,22,1,2,5,4,3,2,25147.0,28747.0,28029.0,27120.0,26154.0,25940.0,4311.0,0.0,0.0,0.0,0.0,0.0,1
20661,10000.0,1,3,2,36,-1,-1,-1,-1,0,0,576.0,3100.0,3629.0,6260.0,5990.0,6520.0,4009.0,4011.0,6260.0,120.0,2000.0,2000.0,1
20663,130000.0,1,1,1,42,0,0,0,0,0,0,23970.0,23181.0,18912.0,19960.0,81985.0,80189.0,1288.0,1700.0,2000.0,63000.0,2885.0,3000.0,0
20669,60000.0,1,2,1,30,1,2,2,2,2,0,46138.0,44832.0,47830.0,48458.0,47176.0,47461.0,0.0,4000.0,2000.0,0.0,2000.0,1700.0,1
20677,200000.0,1,3,2,32,-1,-1,0,-1,0,-1,4881.0,6685.0,34484.0,13361.0,5540.0,12495.0,6691.0,30088.0,13378.0,127.0,12502.0,109.0,0
20679,90000.0,1,2,1,47,0,0,-1,-1,-2,-1,54268.0,52500.0,2888.0,0.0,0.0,300.0,2425.0,2888.0,0.0,0.0,300.0,0.0,1
20691,270000.0,1,1,2,36,-1,0,-1,-1,-1,-1,109611.0,64202.0,33846.0,42278.0,36841.0,57844.0,6285.0,33894.0,42399.0,36841.0,57844.0,35862.0,0
20704,120000.0,1,2,2,35,0,0,0,2,2,0,49485.0,52108.0,56950.0,58419.0,56885.0,57920.0,3458.0,6300.0,3000.0,0.0,2103.0,2300.0,1
20712,360000.0,1,2,1,40,-1,-1,2,-1,-1,-1,1473.0,3125.0,1473.0,1473.0,1473.0,1473.0,3125.0,0.0,1473.0,1473.0,1473.0,1473.0,0
20720,50000.0,1,3,2,34,0,0,0,0,0,0,44036.0,35498.0,33043.0,25556.0,24389.0,25436.0,4500.0,4000.0,3000.0,2500.0,4000.0,2500.0,0
20722,20000.0,1,2,2,37,3,2,2,7,7,7,2400.0,2400.0,2400.0,2400.0,2400.0,2400.0,0.0,0.0,0.0,0.0,0.0,0.0,1
20728,30000.0,1,2,1,36,0,0,4,3,2,2,22261.0,28083.0,27371.0,26645.0,25919.0,27535.0,6200.0,0.0,0.0,0.0,2038.0,1268.0,0
20732,50000.0,1,3,1,45,0,0,0,0,0,0,29287.0,29875.0,15028.0,5639.0,6389.0,7130.0,1600.0,1700.0,1250.0,1000.0,1000.0,1000.0,0
20736,100000.0,1,2,1,43,-1,-1,-1,-1,-1,-1,390.0,390.0,390.0,390.0,390.0,390.0,390.0,390.0,390.0,390.0,390.0,390.0,0
20741,360000.0,1,3,2,33,0,0,0,0,0,0,32290.0,33747.0,39840.0,46130.0,50534.0,53897.0,2000.0,7000.0,7000.0,5000.0,4000.0,4287.0,0
20749,360000.0,1,2,1,34,0,0,0,0,0,0,49792.0,52399.0,52950.0,44625.0,21906.0,16190.0,3444.0,3053.0,3122.0,1030.0,610.0,519.0,0
20760,130000.0,1,2,1,33,-1,-1,-1,-1,-1,-1,99.0,99.0,99.0,99.0,99.0,98.0,99.0,99.0,99.0,99.0,98.0,894.0,0
20779,270000.0,1,1,2,32,0,0,0,0,0,0,47116.0,47771.0,51414.0,52993.0,54962.0,56523.0,2000.0,5000.0,3000.0,4000.0,3000.0,3000.0,0
20786,110000.0,1,1,2,33,0,0,0,0,0,0,92575.0,86147.0,87889.0,61123.0,59395.0,52189.0,4000.0,5009.0,4000.0,3027.0,3000.0,2500.0,0
20793,220000.0,1,2,1,49,-1,-1,-1,0,0,0,540.0,1148.0,20752.0,19397.0,19581.0,25071.0,1158.0,20752.0,1051.0,7120.0,14928.0,1177.0,0
20797,420000.0,1,1,1,43,-2,-2,-2,-2,-2,-2,8100.0,14270.0,7324.0,2846.0,3027.0,5946.0,14274.0,8232.0,2853.0,3027.0,5946.0,32053.0,0
20798,90000.0,1,2,1,44,2,0,0,0,0,0,58395.0,59559.0,61640.0,62793.0,63493.0,67204.0,2134.0,3043.0,3000.0,2300.0,4506.0,15490.0,1
20811,240000.0,1,1,2,47,2,2,-2,-2,-2,-2,2500.0,0.0,0.0,0.0,0.0,0.0,0.0,0.0,0.0,0.0,0.0,0.0,1
20813,20000.0,1,2,2,42,1,2,0,0,2,0,11063.0,10594.0,11714.0,13923.0,13405.0,13683.0,0.0,1600.0,2726.0,0.0,643.0,646.0,1
20835,270000.0,1,1,2,33,-1,-1,0,-1,0,0,288.0,765.0,1277.0,42402.0,33855.0,32349.0,765.0,1004.0,42522.0,1026.0,10000.0,1041.0,0
20840,50000.0,1,2,1,41,0,0,0,0,0,0,49401.0,50079.0,50463.0,49407.0,29708.0,29308.0,1803.0,1988.0,1514.0,1041.0,1056.0,1078.0,1
20841,500000.0,1,1,1,41,0,0,2,2,-1,2,62289.0,63485.0,2015.0,-121.0,679.0,529.0,2608.0,0.0,0.0,800.0,0.0,1500.0,0
20843,180000.0,1,1,1,40,-2,-2,-2,-2,-2,-2,0.0,0.0,0.0,0.0,0.0,0.0,0.0,0.0,0.0,0.0,0.0,0.0,1
20846,270000.0,1,1,1,42,-1,-1,-1,-1,-1,-1,6532.0,3904.0,8537.0,5048.0,7507.0,24170.0,3923.0,8537.0,5056.0,7507.0,24170.0,3840.0,0
20857,200000.0,1,2,1,38,0,0,0,-2,-2,-2,7400.0,2872.0,212.0,2387.0,0.0,-2620.0,1005.0,220.0,2387.0,0.0,0.0,3380.0,0
20864,130000.0,1,2,1,43,0,0,0,-1,-1,-1,59762.0,61877.0,60390.0,390.0,390.0,390.0,3496.0,1208.0,390.0,390.0,390.0,390.0,0
20869,50000.0,1,3,1,46,1,2,0,0,2,0,35556.0,34685.0,36121.0,38135.0,37416.0,38503.0,0.0,2000.0,2800.0,0.0,1500.0,2500.0,0
20875,160000.0,1,3,2,38,0,0,0,0,0,0,138937.0,152723.0,138767.0,131237.0,76104.0,56237.0,120000.0,10000.0,10000.0,5000.0,3000.0,5000.0,0
20887,280000.0,1,2,2,47,0,0,0,0,0,0,229281.0,233992.0,186321.0,180598.0,20596.0,15311.0,20213.0,8003.0,9002.0,5000.0,5000.0,5000.0,0
20890,220000.0,1,1,2,33,1,-2,-2,-2,-2,-2,0.0,0.0,0.0,0.0,0.0,0.0,0.0,0.0,0.0,0.0,0.0,0.0,1
20896,390000.0,1,1,1,41,-2,-2,-2,-2,-2,-2,7015.0,500.0,321.0,4411.0,1069.0,448.0,500.0,321.0,4412.0,1069.0,448.0,2661.0,0
20904,20000.0,1,3,2,48,3,2,2,7,7,7,250.0,250.0,250.0,250.0,250.0,250.0,0.0,0.0,0.0,0.0,0.0,0.0,1
20909,150000.0,1,2,2,49,0,0,0,0,0,0,86035.0,86414.0,87852.0,88692.0,90211.0,91543.0,3090.0,3218.0,3196.0,3360.0,3310.0,3573.0,0
20911,150000.0,1,1,2,34,0,0,0,0,0,0,56142.0,60855.0,53256.0,60945.0,60720.0,57407.0,10115.0,15010.0,10015.0,3022.0,1522.0,2013.0,0
20912,160000.0,1,1,1,41,-1,-1,-1,-1,-1,2,776.0,230.0,1350.0,1310.0,2374.0,1444.0,230.0,1500.0,1310.0,1444.0,0.0,1000.0,1
20913,180000.0,1,1,2,34,-2,-2,-2,-2,-2,-2,0.0,0.0,0.0,0.0,0.0,0.0,0.0,0.0,0.0,0.0,0.0,0.0,0
20915,50000.0,1,2,1,32,0,0,0,0,0,0,50805.0,51088.0,50810.0,50814.0,50927.0,50438.0,2284.0,2006.0,2010.0,2123.0,2138.0,2442.0,1
20918,20000.0,1,3,1,46,-1,2,2,-1,-1,0,1836.0,1651.0,0.0,390.0,1170.0,780.0,0.0,0.0,390.0,1170.0,0.0,0.0,1
20931,50000.0,1,2,2,33,0,0,0,0,0,0,47364.0,48355.0,49715.0,49736.0,17599.0,16753.0,1780.0,2140.0,1161.0,510.0,503.0,500.0,1
20932,560000.0,1,2,1,36,-2,-2,-2,-2,-2,-2,4286.0,3273.0,2300.0,4930.0,2043.0,1019.0,3282.0,2306.0,4930.0,2049.0,1019.0,2580.0,0
20933,130000.0,1,3,2,39,2,2,2,2,2,2,66548.0,71034.0,69329.0,74175.0,72383.0,77217.0,5600.0,0.0,6000.0,0.0,6000.0,0.0,1
20934,20000.0,1,3,2,38,0,0,0,0,0,0,12248.0,15023.0,16773.0,18394.0,19268.0,14850.0,3000.0,2000.0,2000.0,2000.0,1003.0,904.0,0
20935,360000.0,1,1,1,42,0,-1,-1,-1,-1,-1,30860.0,20180.0,21908.0,1780.0,47307.0,0.0,20204.0,21908.0,1780.0,47307.0,0.0,0.0,0
20936,50000.0,1,3,1,39,0,0,0,0,0,0,23257.0,22938.0,21583.0,22453.0,21618.0,19525.0,1333.0,1500.0,1274.0,700.0,700.0,688.0,0
20939,280000.0,1,2,2,39,-2,-2,-2,-2,-2,-2,6251.0,12501.0,4873.0,4071.0,-30.0,-30.0,12577.0,4897.0,4176.0,0.0,0.0,0.0,0
20942,240000.0,1,3,1,40,0,-1,-1,-1,-1,0,8936.0,1649.0,2999.0,2840.0,4114.0,5923.0,1658.0,3010.0,2840.0,4114.0,3923.0,3673.0,0
20946,120000.0,1,2,2,32,-1,-1,-1,-1,-1,-1,7111.0,5894.0,7670.0,20440.0,4260.0,15308.0,6000.0,7680.0,20440.0,4260.0,15308.0,7000.0,0
20950,10000.0,1,2,2,31,-1,-1,-1,-1,-1,-2,390.0,390.0,0.0,780.0,0.0,0.0,390.0,0.0,780.0,0.0,0.0,0.0,0
20955,50000.0,1,2,2,36,-1,-1,-1,-1,-1,-1,1261.0,1261.0,1665.0,1261.0,1261.0,390.0,1261.0,1665.0,1261.0,1261.0,390.0,390.0,0
20961,200000.0,1,1,2,31,0,-1,-1,0,0,0,9080.0,14280.0,13918.0,22836.0,20105.0,4415.0,14280.0,13918.0,12836.0,8000.0,1000.0,0.0,0
20965,220000.0,1,2,1,47,-1,-1,-1,-1,-1,-1,3489.0,6246.0,29390.0,8460.0,19000.0,13550.0,6261.0,29390.0,8489.0,19000.0,13550.0,2969.0,0
20968,150000.0,1,1,1,38,5,4,3,2,2,-2,288585.0,282677.0,159283.0,148309.0,143972.0,139650.0,0.0,0.0,0.0,5000.0,5000.0,0.0,1
20979,50000.0,1,2,1,41,0,0,0,0,0,0,43607.0,45375.0,46836.0,48635.0,19373.0,20129.0,2500.0,2500.0,3000.0,1500.0,2000.0,3000.0,0
21006,200000.0,1,1,2,45,0,0,0,0,0,0,14027.0,16016.0,16905.0,11791.0,7983.0,6327.0,5006.0,3024.0,2017.0,173.0,1002.0,3197.0,0
21010,50000.0,1,2,1,38,0,0,0,0,0,0,46509.0,47072.0,47637.0,44429.0,27279.0,27318.0,2000.0,2000.0,2000.0,944.0,1118.0,1000.0,0
21019,10000.0,1,2,2,46,0,0,0,0,0,0,8866.0,9844.0,9319.0,18202.0,9287.0,0.0,1143.0,1218.0,1000.0,372.0,0.0,0.0,0
21031,390000.0,1,2,1,39,-1,2,-1,-1,0,0,7831.0,3844.0,5797.0,7657.0,4086.0,5795.0,8.0,5806.0,7667.0,95.0,5804.0,4721.0,0
21043,350000.0,1,1,1,41,0,0,0,0,0,0,24297.0,25299.0,26329.0,27343.0,27886.0,28470.0,1411.0,1441.0,1455.0,998.0,1033.0,1038.0,0
21048,370000.0,1,2,2,39,0,0,0,0,0,0,377259.0,310284.0,278781.0,256794.0,156583.0,17909.0,15198.0,14177.0,15118.0,15020.0,10000.0,308000.0,0
21053,70000.0,1,2,1,37,2,2,2,2,2,2,60514.0,61923.0,62740.0,63090.0,64470.0,65828.0,3000.0,2400.0,2000.0,3000.0,2508.0,0.0,1
21055,50000.0,1,3,2,33,0,0,0,0,0,0,47834.0,47821.0,48442.0,42550.0,16324.0,17556.0,1866.0,2007.0,1915.0,589.0,1500.0,1000.0,0
21056,50000.0,1,3,2,34,0,0,0,0,0,0,49454.0,49157.0,49773.0,48398.0,32584.0,33322.0,1792.0,2208.0,1513.0,1149.0,1245.0,1271.0,0
21071,450000.0,1,1,2,34,-1,-1,-1,-1,-1,-1,583.0,-16.0,2312.0,192.0,1630.0,14099.0,0.0,2328.0,192.0,1638.0,14169.0,1122.0,0
21073,70000.0,1,2,1,44,0,0,0,0,0,0,14202.0,15149.0,15481.0,15266.0,13489.0,11837.0,1500.0,1585.0,1500.0,1000.0,600.0,1500.0,0
21075,180000.0,1,1,1,48,-1,-1,-1,-1,-1,0,325.0,1260.0,325.0,1000.0,1100.0,1100.0,1260.0,325.0,1000.0,1100.0,0.0,0.0,0
21076,360000.0,1,1,1,43,0,-1,-1,-1,-2,-2,38324.0,3374.0,3620.0,0.0,0.0,0.0,3390.0,3638.0,0.0,0.0,0.0,0.0,0
21095,200000.0,1,2,1,36,0,0,0,-2,-1,0,5440.0,7268.0,0.0,0.0,42362.0,43094.0,2000.0,0.0,0.0,87000.0,1566.0,1830.0,0
21134,220000.0,1,3,1,48,-2,-2,-1,0,0,0,0.0,0.0,2128.0,4071.0,5640.0,7078.0,0.0,2128.0,2000.0,2000.0,2000.0,1500.0,1
21135,640000.0,1,1,2,33,-1,-1,-1,0,0,0,21189.0,4242.0,32110.0,62649.0,63218.0,53151.0,4258.0,32120.0,34000.0,5037.0,0.0,13855.0,0
21144,60000.0,1,2,1,36,0,0,0,0,0,0,37129.0,37593.0,37841.0,38634.0,28811.0,28907.0,1602.0,1989.0,1782.0,1169.0,1196.0,1152.0,1
21145,60000.0,1,3,1,36,1,-2,-2,-2,-2,-2,0.0,0.0,0.0,0.0,0.0,0.0,0.0,0.0,0.0,0.0,0.0,0.0,1
21163,20000.0,1,3,2,35,0,0,0,0,0,0,16958.0,17028.0,15421.0,13895.0,11592.0,11433.0,1699.0,1600.0,2000.0,1000.0,1500.0,1000.0,0
21165,230000.0,1,2,2,36,-1,-1,-1,-1,0,0,182.0,1407.0,0.0,2458.0,2458.0,2458.0,1407.0,0.0,2458.0,0.0,0.0,0.0,0
21166,260000.0,1,1,1,38,3,2,2,-2,-2,-2,2500.0,2500.0,0.0,0.0,0.0,0.0,0.0,0.0,0.0,0.0,0.0,0.0,1
21181,180000.0,1,1,1,46,0,0,0,0,0,0,178517.0,130975.0,135592.0,107315.0,56274.0,57608.0,5000.0,7000.0,5200.0,2000.0,2060.0,2000.0,0
21186,70000.0,1,3,1,30,0,0,0,2,0,0,67730.0,67021.0,67328.0,60962.0,61146.0,56066.0,3000.0,6006.0,0.0,1900.0,2000.0,2000.0,0
21191,350000.0,1,2,2,36,0,0,0,0,0,0,15061.0,23719.0,36582.0,40452.0,15203.0,20596.0,10000.0,16000.0,6000.0,314.0,10000.0,7000.0,0
21192,360000.0,1,1,2,35,0,0,0,0,0,0,41327.0,47751.0,48521.0,79788.0,63835.0,44164.0,20059.0,13043.0,40528.0,10157.0,12068.0,8060.0,0
21213,20000.0,1,1,2,40,2,2,2,0,0,2,15563.0,16995.0,16433.0,17443.0,19254.0,18804.0,2000.0,0.0,1289.0,2100.0,0.0,2000.0,0
21222,80000.0,1,1,2,38,1,2,2,2,2,2,67046.0,68439.0,69258.0,70526.0,71774.0,70503.0,3100.0,2500.0,3000.0,3000.0,0.0,2800.0,1
21223,140000.0,1,2,2,33,-2,-2,-2,-2,-2,-2,0.0,935.0,1490.0,0.0,3938.0,0.0,935.0,1490.0,0.0,3938.0,1160.0,0.0,0
21227,500000.0,1,2,1,33,0,0,0,0,0,-1,26597.0,16573.0,19080.0,13860.0,15904.0,134584.0,3357.0,3010.0,2000.0,2044.0,131438.0,4504.0,0
21238,120000.0,1,2,2,35,0,0,0,0,0,0,90972.0,93452.0,95943.0,99340.0,101783.0,104929.0,4000.0,4000.0,5000.0,5000.0,5000.0,3400.0,0
21280,290000.0,1,3,1,61,0,0,0,0,0,0,281967.0,288456.0,296084.0,218399.0,200461.0,204637.0,10492.0,12447.0,8973.0,6761.0,6983.0,5980.0,0
21291,430000.0,1,1,1,51,0,-1,-1,-1,0,-1,4704.0,9714.0,13247.0,27555.0,17389.0,2919.0,9723.0,13298.0,27570.0,0.0,2919.0,96117.0,0
21302,80000.0,1,2,1,51,2,-1,2,-1,0,0,1041.0,780.0,390.0,992.0,602.0,-178.0,1000.0,0.0,992.0,0.0,0.0,0.0,1
21321,700000.0,1,2,1,50,0,0,0,0,0,0,280809.0,273492.0,224238.0,174189.0,121717.0,124040.0,10000.0,8500.0,7093.0,4500.0,4100.0,4100.0,0
21325,150000.0,1,1,2,50,-1,-1,-1,-1,-1,2,829.0,18311.0,3023.0,2914.0,3529.0,2989.0,18400.0,3500.0,3025.0,3600.0,0.0,1600.0,0
21338,230000.0,1,3,1,55,0,0,0,0,0,0,208273.0,214423.0,214585.0,170063.0,176893.0,183699.0,10012.0,10000.0,10000.0,10000.0,10000.0,10000.0,0
21339,20000.0,1,3,2,53,0,0,0,0,0,0,19165.0,16851.0,14431.0,9150.0,10100.0,0.0,3000.0,3000.0,5000.0,6000.0,0.0,0.0,1
21346,350000.0,1,1,1,57,0,0,0,0,0,0,262719.0,269742.0,263086.0,269832.0,271763.0,276224.0,11500.0,18000.0,11000.0,11500.0,14000.0,12000.0,0
21351,500000.0,1,2,1,59,0,0,0,0,0,0,197792.0,201418.0,205895.0,212010.0,214287.0,218266.0,7200.0,8000.0,10010.0,7500.0,7266.0,6218.0,0
21356,80000.0,1,3,1,56,0,0,0,0,0,0,49897.0,50892.0,52472.0,53674.0,7886.0,16432.0,1822.0,2401.0,2581.0,1238.0,1816.0,3746.0,0
21358,50000.0,1,3,1,53,0,0,0,0,0,0,48684.0,49466.0,50544.0,25381.0,9652.0,9464.0,1974.0,2442.0,1669.0,330.0,1342.0,330.0,0
21365,70000.0,1,2,1,54,-1,0,0,0,0,0,20706.0,21410.0,22437.0,23448.0,23914.0,24415.0,1351.0,1378.0,1389.0,855.0,885.0,1132.0,0
21366,20000.0,1,2,2,54,0,0,0,0,0,0,37720.0,12266.0,8999.0,8810.0,10167.0,11710.0,1200.0,1200.0,1600.0,1500.0,1700.0,1000.0,0
21371,180000.0,1,2,1,55,-1,-1,-1,-1,-1,0,6854.0,560.0,10600.0,0.0,9510.0,9510.0,560.0,10600.0,0.0,9510.0,0.0,4600.0,1
21405,30000.0,2,2,2,35,0,0,0,0,-2,-2,29728.0,30479.0,13052.0,0.0,0.0,0.0,1779.0,3345.0,0.0,0.0,0.0,0.0,0
21417,180000.0,2,1,2,27,-1,0,0,0,2,0,4676.0,5764.0,6837.0,9367.0,8758.0,8800.0,1500.0,1500.0,2989.0,0.0,500.0,500.0,0
21419,60000.0,2,2,1,27,1,2,2,2,2,2,25547.0,24838.0,27725.0,26981.0,28921.0,29506.0,0.0,3300.0,0.0,2400.0,1200.0,1300.0,1
21426,180000.0,2,2,2,29,-2,-2,-2,-2,-2,-2,0.0,0.0,4690.0,0.0,150.0,193.0,0.0,4690.0,0.0,150.0,193.0,3403.0,1
21430,500000.0,2,1,2,25,1,-1,-1,-1,-1,0,-46.0,9412.0,1260.0,0.0,1121.0,6566.0,9458.0,1260.0,0.0,1121.0,6000.0,3000.0,0
21447,20000.0,2,1,2,24,1,-1,-1,-1,-2,-1,0.0,1516.0,500.0,0.0,0.0,1500.0,1516.0,500.0,0.0,0.0,1500.0,0.0,0
21457,250000.0,2,1,2,28,0,0,0,0,0,0,176925.0,179079.0,186166.0,189786.0,195130.0,198147.0,7000.0,10000.0,10000.0,10000.0,7300.0,8000.0,1
21464,290000.0,2,2,1,29,2,0,0,0,0,0,112676.0,113924.0,116828.0,119857.0,122243.0,124885.0,4500.0,4630.0,4857.0,4251.0,4485.0,4493.0,1
21466,250000.0,2,1,2,26,0,0,0,0,0,0,187336.0,184608.0,188570.0,188585.0,205272.0,208778.0,10000.0,10065.0,10000.0,20000.0,10000.0,20000.0,0
21471,50000.0,2,2,2,26,1,2,2,2,2,-2,49119.0,44419.0,42521.0,38517.0,19221.0,19774.0,0.0,3213.0,1331.0,1000.0,1000.0,1100.0,1
21474,50000.0,2,1,2,29,-1,-1,-2,-1,-1,-1,2463.0,0.0,0.0,536.0,326.0,652.0,0.0,0.0,536.0,326.0,652.0,0.0,0
21475,80000.0,2,2,1,28,0,-1,-1,-1,-1,-1,8432.0,928.0,3602.0,5495.0,10059.0,5700.0,928.0,3602.0,5495.0,10109.0,5700.0,3502.0,0
21480,350000.0,2,1,2,33,0,0,-1,-1,0,0,14118.0,4278.0,8621.0,970.0,1345.0,2267.0,3922.0,8621.0,970.0,1000.0,1917.0,454.0,0
21486,20000.0,2,2,1,24,2,2,0,0,0,0,19891.0,15895.0,17140.0,18457.0,21381.0,18914.0,0.0,1500.0,1600.0,1646.0,678.0,1000.0,1
21487,90000.0,2,1,2,27,0,0,2,0,0,0,46588.0,49496.0,48425.0,50611.0,52764.0,55898.0,4000.0,0.0,3000.0,3000.0,4000.0,2043.0,0
21492,500000.0,2,2,2,28,0,0,0,0,0,0,182416.0,150298.0,88448.0,58009.0,47336.0,7112.0,5000.0,3850.0,3248.0,13736.0,14256.0,220371.0,0
21493,160000.0,2,2,2,28,-2,-2,-1,2,-1,-1,968.0,708.0,1841.0,441.0,3438.0,3046.0,710.0,1913.0,0.0,3456.0,3054.0,1224.0,0
21507,280000.0,2,2,1,38,0,0,0,0,0,-1,8868.0,14766.0,16272.0,10496.0,6876.0,34574.0,10006.0,10018.0,7011.0,6000.0,37000.0,10000.0,0
21518,90000.0,2,3,1,48,-1,-1,-1,2,-1,0,1102.0,-14.0,21816.0,316.0,632.0,316.0,0.0,22146.0,0.0,632.0,0.0,7816.0,0
21532,50000.0,2,2,2,23,0,0,0,0,0,0,50614.0,48702.0,47770.0,37239.0,20526.0,19771.0,2500.0,1700.0,2151.0,687.0,2000.0,669.0,0
21544,130000.0,2,1,2,24,0,0,0,2,2,-1,3621.0,4530.0,6627.0,3300.0,0.0,18300.0,1130.0,2227.0,200.0,0.0,18300.0,0.0,0
21545,10000.0,2,2,2,23,-1,-1,-1,0,0,0,9438.0,1985.0,9436.0,8057.0,8891.0,-873.0,1985.0,9436.0,1000.0,1500.0,0.0,11571.0,0
21550,50000.0,2,3,2,22,-2,-2,-2,-2,-2,-2,2498.0,-2.0,1697.0,0.0,0.0,5000.0,0.0,1699.0,0.0,0.0,5000.0,0.0,0
21561,50000.0,2,2,2,23,1,-1,0,0,0,0,14191.0,5896.0,6175.0,10000.0,1952.0,406.0,5896.0,2006.0,5074.0,1300.0,406.0,0.0,0
21563,50000.0,2,2,2,22,0,0,0,0,0,0,49619.0,50629.0,50778.0,48261.0,28768.0,29370.0,1836.0,1985.0,1468.0,1175.0,1214.0,1232.0,0
21564,30000.0,2,3,2,23,3,2,0,0,0,0,30051.0,29274.0,30498.0,29713.0,29819.0,30342.0,0.0,2000.0,1500.0,2000.0,1100.0,2000.0,0
21573,20000.0,2,2,2,22,1,2,2,2,0,0,14645.0,14113.0,18550.0,17867.0,18072.0,17899.0,0.0,4675.0,0.0,701.0,563.0,1000.0,0
21581,30000.0,2,3,1,23,1,2,0,0,0,2,30380.0,25839.0,25963.0,27030.0,29079.0,29865.0,1.0,1433.0,1500.0,2500.0,1400.0,1400.0,1
21586,130000.0,2,2,2,24,0,0,0,-1,-1,-2,14518.0,15000.0,0.0,1207.0,0.0,0.0,1150.0,0.0,1207.0,0.0,0.0,0.0,0
21587,30000.0,2,2,2,25,0,0,0,0,0,0,28709.0,28649.0,29619.0,30224.0,27326.0,30297.0,1462.0,1589.0,1351.0,2500.0,4000.0,1500.0,1
21588,30000.0,2,2,2,22,0,0,2,0,0,0,27762.0,30392.0,27688.0,28134.0,29591.0,28883.0,5000.0,0.0,3000.0,2000.0,1300.0,1500.0,0
21591,50000.0,2,2,2,22,0,0,0,0,-1,0,44593.0,33019.0,13552.0,0.0,28105.0,29684.0,5000.0,3000.0,0.0,28105.0,2000.0,2000.0,0
21593,130000.0,2,2,2,22,1,-2,-1,2,2,-2,0.0,0.0,1485.0,299.0,0.0,0.0,0.0,1485.0,0.0,0.0,0.0,0.0,0
21598,130000.0,2,1,2,27,1,-1,0,-1,-1,0,0.0,1386.0,5275.0,198.0,3992.0,8893.0,1386.0,4000.0,198.0,3992.0,5000.0,40000.0,0
21601,50000.0,2,2,2,23,0,0,-2,-2,-2,-2,43634.0,0.0,0.0,0.0,0.0,0.0,0.0,0.0,0.0,0.0,0.0,0.0,1
21608,130000.0,2,2,2,23,-1,0,-1,-1,-1,-1,13429.0,2984.0,9811.0,5136.0,19040.0,2940.0,1000.0,10363.0,5177.0,19040.0,2940.0,1332.0,0
21609,130000.0,2,1,2,24,-1,-1,-1,-2,-2,-1,7353.0,3700.0,0.0,0.0,0.0,297.0,3727.0,0.0,0.0,0.0,297.0,0.0,0
21640,50000.0,2,1,2,24,3,2,2,2,0,0,8506.0,10194.0,10928.0,10456.0,11279.0,12095.0,2000.0,1200.0,0.0,1000.0,1000.0,1000.0,1
21641,100000.0,2,2,2,24,-1,-1,-2,-2,-1,-1,3587.0,660.0,6010.0,2789.0,2973.0,3611.0,660.0,6010.0,2789.0,2973.0,3611.0,11880.0,0
21656,260000.0,2,2,2,27,-2,-2,-2,-2,-2,-2,895.0,0.0,0.0,0.0,0.0,0.0,0.0,0.0,0.0,0.0,0.0,0.0,0
21657,300000.0,2,1,2,27,0,0,0,0,0,0,183468.0,180149.0,168098.0,181257.0,175362.0,179536.0,10000.0,6500.0,20000.0,7000.0,7000.0,7000.0,0
21663,60000.0,2,2,2,24,0,0,0,0,0,0,57674.0,59213.0,60764.0,60070.0,40479.0,39871.0,2500.0,2505.0,2000.0,3003.0,1500.0,2100.0,0
21665,50000.0,2,1,2,22,0,0,0,0,0,0,49772.0,50537.0,49556.0,49902.0,38391.0,29427.0,1778.0,2110.0,1456.0,1360.0,1057.0,1069.0,0
21683,130000.0,2,2,2,22,0,0,0,0,0,0,34970.0,14867.0,10341.0,9788.0,7193.0,9006.0,2012.0,2000.0,2290.0,1005.0,4078.0,713.0,0
21694,100000.0,2,1,2,30,1,-2,-2,-2,-2,-2,0.0,0.0,0.0,0.0,0.0,0.0,0.0,0.0,0.0,0.0,0.0,0.0,0
21703,50000.0,2,2,2,26,2,0,0,0,0,0,47510.0,32952.0,22289.0,22752.0,9325.0,9270.0,1744.0,1537.0,1000.0,187.0,185.0,0.0,0
21704,70000.0,2,1,2,23,0,0,0,0,0,0,45707.0,40238.0,36620.0,32163.0,29620.0,23384.0,1931.0,1626.0,1760.0,841.0,1000.0,1000.0,0
21707,100000.0,2,1,1,26,0,0,0,0,0,0,98530.0,95849.0,97235.0,93531.0,43975.0,45512.0,4301.0,4615.0,2729.0,1275.0,47052.0,1680.0,0
21708,10000.0,2,1,2,23,3,2,2,0,0,0,7067.0,8092.0,7820.0,8824.0,8996.0,9182.0,1291.0,0.0,1295.0,467.0,479.0,480.0,1
21713,110000.0,2,1,2,23,0,0,0,0,0,0,50346.0,54489.0,58602.0,62001.0,65334.0,69097.0,5000.0,5000.0,5000.0,5000.0,5000.0,2707.0,0
21718,190000.0,2,1,2,26,1,-1,0,0,0,0,0.0,2236.0,5265.0,5034.0,1091.0,0.0,2236.0,3265.0,3060.0,22.0,0.0,0.0,0
21722,60000.0,2,1,2,22,0,0,0,0,0,0,57484.0,59521.0,59674.0,56018.0,36350.0,18203.0,3000.0,3000.0,1500.0,790.0,1000.0,1000.0,0
21734,160000.0,2,3,2,24,0,0,0,0,0,0,133268.0,133059.0,135452.0,136804.0,116042.0,118202.0,4753.0,5142.0,4450.0,4178.0,5000.0,5000.0,0
21737,30000.0,2,3,1,21,0,0,0,0,2,0,28884.0,25277.0,25289.0,25971.0,25350.0,5082.0,2091.0,1600.0,1600.0,301.0,102.0,40.0,0
21745,150000.0,2,1,2,23,-2,-2,-2,-2,-2,-2,0.0,0.0,0.0,0.0,0.0,0.0,0.0,0.0,0.0,0.0,0.0,0.0,0
21746,50000.0,2,1,2,23,0,0,0,0,0,0,45345.0,46403.0,38343.0,32214.0,17292.0,7501.0,2010.0,2046.0,1866.0,310.0,300.0,483.0,0
21751,110000.0,2,2,2,24,0,0,-1,-1,-1,-1,6071.0,0.0,3308.0,2527.0,1076.0,1164.0,0.0,3308.0,2527.0,1079.0,1167.0,1974.0,0
21761,210000.0,2,2,2,24,-1,-1,-1,-1,-1,-2,1077.0,7882.0,816.0,300.0,0.0,0.0,7960.0,816.0,300.0,0.0,0.0,0.0,1
21767,180000.0,2,2,2,25,0,0,0,0,0,0,109030.0,177633.0,139415.0,136942.0,114632.0,117808.0,78266.0,5203.0,30023.0,10024.0,10000.0,4458.0,0
21774,40000.0,2,1,2,24,-2,-2,-2,-2,-2,-2,5247.0,7196.0,6597.0,5552.0,4081.0,3232.0,7196.0,6597.0,5552.0,4081.0,3232.0,8390.0,0
21776,90000.0,2,2,1,24,0,0,0,0,0,2,86422.0,89710.0,70681.0,73595.0,90755.0,53692.0,5000.0,3300.0,22837.0,3300.0,0.0,1650.0,0
21778,180000.0,2,2,2,25,0,0,0,-2,-1,0,11393.0,2963.0,0.0,0.0,351.0,1351.0,2000.0,0.0,0.0,351.0,1000.0,0.0,0
21789,360000.0,2,1,2,26,-2,-2,-2,-2,-2,-2,2741.0,-59.0,-59.0,11868.0,-2.0,450.0,0.0,0.0,11927.0,0.0,452.0,3818.0,0
21790,220000.0,2,2,2,26,2,2,2,2,0,0,80055.0,82646.0,81229.0,80175.0,79563.0,82371.0,4500.0,450.0,2000.0,300.0,3310.0,16.0,1
21803,80000.0,2,3,1,24,-1,-1,-1,2,-1,-1,754.0,-69.0,3330.0,2699.0,1853.0,184.0,0.0,3399.0,0.0,1853.0,184.0,1350.0,0
21814,110000.0,2,1,2,25,0,0,0,0,0,0,92332.0,77807.0,75559.0,74371.0,75126.0,73799.0,2800.0,3703.0,2700.0,2200.0,1810.0,3000.0,0
21816,90000.0,2,2,2,25,2,0,0,0,0,0,77651.0,78651.0,79972.0,81415.0,81878.0,83206.0,3300.0,3600.0,3805.0,3100.0,3200.0,4100.0,1
21822,200000.0,2,1,1,25,-1,-1,-2,-2,-2,-2,776.0,0.0,0.0,151.0,0.0,0.0,0.0,0.0,151.0,0.0,0.0,0.0,0
21823,180000.0,2,3,2,26,-1,2,-1,2,2,-2,1728.0,1539.0,2703.0,1650.0,0.0,0.0,0.0,2703.0,0.0,0.0,0.0,0.0,0
21824,120000.0,2,2,1,24,0,0,0,0,0,0,56324.0,28542.0,13590.0,11501.0,10151.0,11171.0,3000.0,5007.0,3200.0,2000.0,3000.0,0.0,0
21827,260000.0,2,1,2,26,0,0,0,0,0,0,145165.0,149173.0,142730.0,148307.0,152375.0,158435.0,6500.0,7000.0,8000.0,6500.0,8500.0,5600.0,0
21828,230000.0,2,1,2,26,-2,-1,-1,0,0,0,865.0,221.0,16601.0,17833.0,15708.0,10013.0,221.0,16601.0,1513.0,1000.0,350.0,500.0,0
21830,280000.0,2,2,2,29,-1,-1,-1,-1,-1,0,11536.0,3408.0,8220.0,2287.0,10969.0,5395.0,3419.0,8283.0,2287.0,10969.0,0.0,0.0,0
21844,70000.0,2,2,1,27,0,0,0,0,0,0,69762.0,68914.0,69252.0,70415.0,69212.0,70514.0,2450.0,2600.0,2700.0,2500.0,2800.0,2500.0,1
21845,200000.0,2,1,2,25,0,0,0,-1,0,0,11740.0,7221.0,1341.0,25068.0,52486.0,45047.0,2012.0,1025.0,32994.0,37042.0,2004.0,2502.0,0
21848,50000.0,2,1,2,26,2,0,0,2,2,2,25875.0,27132.0,29695.0,30908.0,30112.0,32123.0,2000.0,3000.0,2000.0,0.0,2500.0,0.0,1
21851,270000.0,2,1,2,27,-1,-1,-1,0,0,0,1390.0,363.0,14770.0,14367.0,14388.0,47441.0,363.0,14841.0,1200.0,1288.0,41437.0,1335.0,0
21853,160000.0,2,2,1,26,1,2,0,0,0,2,46835.0,45781.0,47040.0,47807.0,50711.0,40166.0,0.0,2000.0,1700.0,3550.0,0.0,2000.0,0
21894,150000.0,2,2,2,27,-1,-1,-1,-1,-1,0,7815.0,4914.0,6237.0,3280.0,11167.0,15915.0,4933.0,6237.0,3280.0,11167.0,10000.0,686.0,0
21898,150000.0,2,2,2,27,0,0,0,0,0,0,61162.0,50928.0,47542.0,46644.0,31595.0,24473.0,3000.0,5000.0,5065.0,5000.0,2000.0,5000.0,0
21905,180000.0,2,3,2,27,-1,-1,-1,-1,-1,-1,3578.0,3898.0,0.0,715.0,4079.0,0.0,3898.0,0.0,715.0,6942.0,0.0,213.0,0
21907,330000.0,2,2,1,27,-2,-2,-2,-2,-2,-1,0.0,0.0,0.0,0.0,0.0,2234.0,0.0,0.0,0.0,0.0,2234.0,1000.0,0
21930,130000.0,2,5,1,27,0,0,0,0,0,0,131041.0,133792.0,127622.0,129795.0,122416.0,124653.0,6500.0,5000.0,5000.0,5000.0,5000.0,5000.0,0
21932,120000.0,2,1,2,27,0,0,0,0,0,0,35238.0,35907.0,31513.0,31659.0,30069.0,8005.0,1777.0,2254.0,1400.0,800.0,400.0,6262.0,0
21933,170000.0,2,1,2,27,1,-2,-2,-2,-2,-2,0.0,0.0,0.0,0.0,0.0,0.0,0.0,0.0,0.0,0.0,0.0,0.0,0
21934,290000.0,2,2,2,27,0,0,0,0,0,0,240506.0,235475.0,240584.0,212024.0,216379.0,209440.0,8601.0,9300.0,8000.0,7612.0,8015.0,7008.0,0
21943,200000.0,2,1,2,27,-2,-2,-2,-2,-2,-2,4257.0,3690.0,4460.0,3190.0,5238.0,950.0,3690.0,4460.0,3190.0,5238.0,950.0,250.0,1
21946,60000.0,2,3,1,28,0,-1,-1,-1,-1,0,7207.0,12625.0,6244.0,13615.0,25475.0,26237.0,12625.0,6244.0,13615.0,25478.0,5000.0,5000.0,0
21956,280000.0,2,1,2,27,-1,-1,-1,-1,-1,-1,6585.0,4308.0,0.0,1265.0,1627.0,204.0,4308.0,0.0,1265.0,1638.0,204.0,3908.0,0
21960,150000.0,2,1,2,28,0,-1,-1,0,0,0,6121.0,4391.0,6269.0,8992.0,4314.0,11131.0,4391.0,6269.0,8914.0,4300.0,11100.0,52900.0,0
21961,50000.0,2,3,2,28,3,2,2,7,7,7,2350.0,2400.0,2400.0,2400.0,2400.0,2400.0,50.0,0.0,0.0,0.0,0.0,0.0,1
21969,120000.0,2,2,1,28,-2,-2,-2,-2,-2,-2,1613.0,136.0,0.0,0.0,0.0,0.0,136.0,0.0,0.0,0.0,0.0,0.0,0
21970,390000.0,2,1,2,28,0,0,0,0,0,0,125863.0,131249.0,119175.0,115922.0,101725.0,90334.0,10053.0,5028.0,5045.0,3012.0,3000.0,5572.0,0
21972,80000.0,2,2,2,24,0,0,2,2,2,2,70411.0,75874.0,76710.0,74792.0,79636.0,77757.0,6657.0,2629.0,0.0,6000.0,0.0,3000.0,0
21974,50000.0,2,2,2,24,0,0,0,0,0,0,26735.0,26994.0,28331.0,27138.0,26499.0,27301.0,1500.0,1798.0,1605.0,966.0,1247.0,1500.0,0
21987,500000.0,2,1,2,29,-1,-1,-1,-1,0,0,16090.0,36635.0,75434.0,928.0,56705.0,81334.0,37039.0,78079.0,1708.0,25000.0,106260.0,20000.0,0
21990,500000.0,2,1,2,29,0,0,0,0,0,0,33107.0,34773.0,35426.0,28479.0,15729.0,7905.0,7000.0,6664.0,1500.0,501.0,5000.0,3000.0,0
21993,100000.0,2,2,2,29,0,0,0,0,-1,0,47107.0,60800.0,68095.0,64339.0,15522.0,51336.0,18000.0,10000.0,2635.0,15522.0,41136.0,2000.0,0
22000,200000.0,2,2,2,28,0,0,0,0,0,0,61940.0,63314.0,64699.0,66029.0,66836.0,68390.0,3000.0,3000.0,3000.0,2500.0,2632.0,2700.0,0
22010,210000.0,2,1,2,28,0,-1,-1,-1,-1,-1,7457.0,1512.0,8475.0,5499.0,2960.0,670.0,1512.0,8475.0,5499.0,2960.0,670.0,25594.0,0
22012,50000.0,2,2,2,29,2,2,2,2,0,0,48286.0,49286.0,50006.0,48846.0,45944.0,46925.0,2100.0,1800.0,0.0,1624.0,1700.0,3000.0,1
22014,40000.0,2,1,2,27,-1,0,0,-1,-1,0,27025.0,32228.0,38904.0,4235.0,87230.0,72647.0,6000.0,8040.0,4235.0,87230.0,3000.0,10000.0,1
22025,60000.0,2,1,2,27,1,-1,-1,-1,0,0,0.0,3947.0,5691.0,21001.0,17931.0,2439.0,3947.0,5691.0,21028.0,0.0,0.0,841.0,0
22026,60000.0,2,1,2,27,0,0,0,0,0,0,62321.0,61015.0,58160.0,51237.0,29999.0,28972.0,3000.0,3016.0,5011.0,1005.0,1000.0,14000.0,0
22031,20000.0,2,1,2,28,0,0,0,-2,-2,-2,12031.0,13446.0,0.0,0.0,0.0,0.0,5000.0,0.0,0.0,0.0,0.0,612.0,0
22041,150000.0,2,1,1,25,-1,-1,-1,-1,-1,-1,8319.0,5056.0,2441.0,4471.0,2441.0,0.0,5056.0,2441.0,4471.0,2441.0,0.0,3987.0,0
22046,200000.0,2,1,2,25,0,0,0,0,0,0,198890.0,200299.0,181617.0,181994.0,150013.0,150283.0,8058.0,6900.0,7022.0,5300.0,5368.0,5520.0,0
22052,200000.0,2,2,1,28,1,-1,-1,-1,-1,-1,0.0,2658.0,150.0,3570.0,2853.0,0.0,2658.0,150.0,3570.0,2853.0,0.0,0.0,0
22054,50000.0,2,3,2,29,0,0,0,0,-1,0,50148.0,50761.0,35777.0,7464.0,42705.0,43662.0,1840.0,1311.0,2000.0,42705.0,1569.0,2822.0,0
22055,230000.0,2,1,2,29,-2,-2,-1,-1,-2,-2,20517.0,12883.0,10867.0,10100.0,3068.0,21064.0,12903.0,10880.0,10125.0,3076.0,21162.0,3224.0,0
22070,260000.0,2,2,1,28,0,0,0,0,0,0,238896.0,244419.0,250051.0,247271.0,250327.0,253355.0,11000.0,11065.0,9500.0,9000.0,9100.0,9500.0,0
22073,80000.0,2,1,2,26,0,0,0,0,0,0,124224.0,124762.0,125778.0,128293.0,127839.0,128714.0,4574.0,4737.0,5753.0,5000.0,4330.0,4341.0,0
22075,360000.0,2,2,2,27,0,0,0,0,0,0,44179.0,37697.0,29686.0,23724.0,5576.0,2273.0,1498.0,1799.0,1008.0,120.0,2289.0,5302.0,0
22087,110000.0,2,2,2,29,0,0,0,0,0,0,56073.0,59635.0,63179.0,66637.0,68037.0,70448.0,4500.0,4500.0,4500.0,2500.0,3500.0,5800.0,0
22089,90000.0,2,2,2,28,-1,-1,-1,-1,-1,-1,2943.0,906.0,669.0,0.0,400.0,182.0,906.0,669.0,0.0,400.0,182.0,5634.0,0
22099,200000.0,2,1,2,29,0,0,0,-1,0,-1,65199.0,21489.0,0.0,1762.0,1768.0,860.0,6532.0,0.0,1762.0,6.0,1257.0,8308.0,0
22100,200000.0,2,2,2,28,0,0,0,0,0,0,50925.0,51519.0,53693.0,55506.0,63261.0,52979.0,2455.0,2629.0,2442.0,10000.0,1502.0,1517.0,0
22101,50000.0,2,2,2,28,0,0,0,0,0,0,28157.0,28409.0,27589.0,27875.0,28539.0,29202.0,1430.0,1770.0,1446.0,1500.0,1500.0,1073.0,0
22105,100000.0,2,2,2,29,0,0,0,-1,-1,-1,7815.0,11139.0,3708.0,2180.0,1949.0,717.0,5000.0,1000.0,2180.0,1949.0,717.0,39000.0,0
22109,150000.0,2,2,1,30,-1,-1,0,0,-1,-1,35213.0,115041.0,135090.0,80085.0,35940.0,38460.0,115041.0,66066.0,2031.0,35940.0,38460.0,41154.0,0
22118,200000.0,2,1,2,29,0,0,0,0,0,0,118296.0,94899.0,71050.0,68967.0,47951.0,45519.0,3900.0,3000.0,3015.0,1600.0,1600.0,1400.0,0
22120,430000.0,2,2,2,29,2,0,0,0,0,0,75249.0,77754.0,79822.0,81859.0,83844.0,86082.0,3754.0,3322.0,3359.0,3344.0,3582.0,3623.0,1
22122,170000.0,2,2,2,29,-1,-1,-1,-1,-1,-1,1333.0,1359.0,886.0,1042.0,1577.0,1574.0,1359.0,886.0,1051.0,1577.0,1574.0,287.0,0
22125,80000.0,2,2,2,26,3,2,2,2,2,2,45088.0,46040.0,46998.0,47929.0,46860.0,51931.0,2000.0,2000.0,2000.0,0.0,6000.0,0.0,1
22133,20000.0,2,1,2,24,1,-1,-1,-1,-1,-1,0.0,890.0,467.0,500.0,0.0,647.0,890.0,467.0,500.0,0.0,647.0,0.0,0
22137,100000.0,2,2,1,42,-2,-2,-2,-2,-2,-2,2811.0,1055.0,8090.0,5524.0,4973.0,1000.0,1055.0,8090.0,5549.0,4973.0,1000.0,1000.0,0
22139,160000.0,2,2,2,24,0,0,0,0,0,0,160553.0,162449.0,157395.0,159178.0,121642.0,124347.0,6050.0,7771.0,7300.0,4163.0,4470.0,4609.0,0
22142,60000.0,2,1,2,28,0,0,0,0,0,0,37878.0,35511.0,28894.0,21556.0,21494.0,21838.0,3000.0,2000.0,1600.0,3000.0,2800.0,0.0,0
22144,140000.0,2,2,1,29,0,0,0,0,0,0,129289.0,90352.0,85052.0,65758.0,46847.0,39777.0,3713.0,3546.0,2589.0,1960.0,1733.0,1379.0,0
22145,300000.0,2,1,2,29,-2,-2,-2,-2,-2,-2,1049.0,205.0,4962.0,13634.0,41510.0,-1087.0,205.0,4962.0,13634.0,41510.0,0.0,3940.0,1
22155,200000.0,2,2,1,30,-1,2,-1,2,0,0,1877.0,1690.0,6314.0,6034.0,6034.0,2493.0,0.0,6314.0,0.0,0.0,0.0,0.0,0
22157,230000.0,2,1,1,30,0,0,0,0,0,0,5442.0,5142.0,5305.0,5661.0,3935.0,4460.0,1210.0,3116.0,1000.0,2000.0,2000.0,2000.0,0
22164,110000.0,2,2,2,29,2,0,0,0,0,0,99876.0,72548.0,74379.0,75878.0,78503.0,80451.0,3000.0,3000.0,3000.0,3500.0,3000.0,3000.0,1
22165,150000.0,2,1,3,30,1,-1,2,-1,-1,-1,6043.0,50.0,6527.0,2168.0,-7.0,1373.0,0.0,8589.0,2500.0,0.0,1380.0,0.0,0
22168,210000.0,2,2,2,27,0,0,0,0,0,0,26311.0,24805.0,25810.0,27071.0,27817.0,28401.0,2000.0,1800.0,2000.0,1500.0,1031.0,1191.0,0
22169,50000.0,2,2,2,28,2,2,2,0,0,0,45004.0,48119.0,42958.0,37812.0,15617.0,9625.0,3880.0,10.0,8656.0,1044.0,349.0,414.0,1
22170,200000.0,2,2,2,30,0,0,0,2,0,0,4644.0,5670.0,8107.0,7523.0,8345.0,19030.0,1263.0,2700.0,0.0,1000.0,11000.0,707.0,0
22182,200000.0,2,2,1,28,-2,-2,-2,-2,-2,-2,34819.0,165.0,1850.0,1538.0,165.0,165.0,165.0,1850.0,1538.0,165.0,165.0,165.0,0
22191,400000.0,2,2,2,30,0,0,0,0,0,0,438569.0,446484.0,454826.0,411587.0,368563.0,252669.0,16718.0,16289.0,14100.0,12958.0,7807.0,6667.0,0
22206,180000.0,2,2,2,25,0,0,0,0,0,0,175063.0,126801.0,96043.0,85554.0,77007.0,72461.0,5000.0,5015.0,4000.0,3000.0,3000.0,3000.0,0
22210,200000.0,2,2,2,31,-1,-1,-1,-1,-1,-1,2718.0,590.0,8971.0,8509.0,29645.0,7300.0,591.0,8981.0,8525.0,29713.0,7305.0,20914.0,0
22213,150000.0,2,1,2,29,-1,0,-1,-1,2,0,1148.0,3019.0,100.0,802.0,802.0,702.0,2000.0,100.0,702.0,0.0,0.0,0.0,1
22214,60000.0,2,2,1,27,0,0,0,0,0,0,60915.0,54738.0,47023.0,57554.0,27412.0,27829.0,2255.0,2469.0,25000.0,1200.0,1008.0,1057.0,0
22224,400000.0,2,2,1,30,0,0,0,0,0,0,30667.0,31160.0,23054.0,8453.0,10387.0,9222.0,5034.0,2086.0,2025.0,5006.0,543.0,1711.0,0
22225,130000.0,2,1,2,29,0,0,2,0,0,0,93761.0,100172.0,97727.0,98588.0,97129.0,98016.0,8901.0,0.0,3401.0,3509.0,3671.0,3240.0,0
22229,200000.0,2,2,2,31,-1,2,2,-1,-1,-1,3707.0,3347.0,0.0,665.0,2846.0,6586.0,0.0,16550.0,665.0,2846.0,6586.0,3807.0,1
22231,50000.0,2,3,2,31,-1,3,2,-1,2,0,780.0,780.0,390.0,2724.0,2183.0,2638.0,0.0,0.0,2724.0,0.0,1004.0,2032.0,0
22234,180000.0,2,2,1,32,0,0,0,0,2,0,151307.0,143025.0,140984.0,85948.0,80069.0,77462.0,6000.0,6000.0,8009.0,0.0,3000.0,3000.0,0
22243,150000.0,2,2,2,31,-1,-1,-1,-1,0,-1,13701.0,12009.0,11985.0,24310.0,17280.0,36986.0,12013.0,12005.0,24322.0,6000.0,37000.0,25017.0,0
22244,300000.0,2,1,2,31,-1,-1,-1,-1,-1,-1,720.0,0.0,69190.0,0.0,686.0,2927.0,0.0,69190.0,0.0,686.0,2927.0,2995.0,0
22247,90000.0,2,2,2,25,0,-1,-1,-1,-1,-1,27658.0,11865.0,4602.0,28426.0,8978.0,5104.0,6708.0,8853.0,28990.0,9028.0,5119.0,428.0,0
22259,140000.0,2,2,2,30,-2,-2,-2,-2,-2,-2,107.0,232.0,107.0,107.0,107.0,107.0,232.0,107.0,107.0,107.0,107.0,107.0,0
22260,100000.0,2,2,1,31,0,0,0,-2,-1,-1,95160.0,94327.0,0.0,0.0,2743.0,1782.0,2000.0,0.0,0.0,2743.0,1782.0,0.0,0
22264,200000.0,2,2,2,29,-1,-1,-1,-1,-1,-1,779.0,860.0,496.0,2755.0,2048.0,2318.0,860.0,496.0,2763.0,2048.0,2318.0,3311.0,0
22267,400000.0,2,1,2,29,0,0,2,0,0,0,74829.0,77970.0,70557.0,71867.0,72137.0,72955.0,7017.0,0.0,3200.0,2750.0,3000.0,5800.0,1
22274,270000.0,2,2,2,29,0,0,0,0,0,0,39004.0,28963.0,23021.0,17934.0,13650.0,12864.0,1520.0,1719.0,1200.0,1000.0,2000.0,3022.0,0
22277,230000.0,2,1,2,28,-2,-2,-2,-2,-2,-1,355.0,0.0,916.0,0.0,0.0,8878.0,0.0,916.0,0.0,0.0,8878.0,800.0,1
22286,30000.0,2,3,1,29,1,2,2,2,2,2,27705.0,28452.0,29693.0,30206.0,30309.0,28218.0,1500.0,2000.0,1500.0,1044.0,0.0,2000.0,1
22287,20000.0,2,2,1,30,1,-2,-1,2,2,-2,0.0,0.0,780.0,780.0,0.0,0.0,0.0,780.0,0.0,0.0,0.0,0.0,1
22301,320000.0,2,1,2,30,-2,-2,-2,-2,-2,-2,1259.0,5152.0,4257.0,-3.0,-3.0,670.0,5177.0,4278.0,0.0,0.0,673.0,11288.0,0
22303,390000.0,2,2,2,30,0,0,0,-1,-1,0,35169.0,17147.0,3350.0,4710.0,80474.0,80330.0,1070.0,1226.0,4710.0,83756.0,3100.0,3100.0,0
22304,100000.0,2,1,1,29,0,0,0,0,-2,-1,27304.0,28537.0,32498.0,0.0,0.0,21648.0,2000.0,4652.0,0.0,0.0,21648.0,9600.0,0
22305,100000.0,2,2,1,30,-1,0,0,0,0,0,98048.0,97585.0,84514.0,85496.0,69656.0,61532.0,3903.0,8000.0,5000.0,4000.0,3000.0,2300.0,0
22307,100000.0,2,2,1,27,-1,2,-1,2,0,0,667.0,667.0,6637.0,6300.0,12300.0,0.0,0.0,6637.0,0.0,6000.0,0.0,3022.0,1
22311,100000.0,2,1,2,30,2,2,2,2,2,2,29668.0,32463.0,33350.0,34003.0,34647.0,35348.0,3600.0,1700.0,1500.0,1500.0,1400.0,0.0,0
22325,110000.0,2,1,2,30,0,0,0,0,0,0,51276.0,52064.0,53160.0,54331.0,53024.0,51317.0,3000.0,3031.0,3000.0,3000.0,2000.0,3000.0,0
22326,30000.0,2,3,2,24,0,0,0,0,0,0,27276.0,26937.0,26679.0,27779.0,28691.0,29726.0,2000.0,2500.0,2000.0,2000.0,2000.0,2000.0,1
22327,80000.0,2,2,2,24,1,1,-1,-1,-1,-1,62550.0,0.0,10000.0,18150.0,7490.0,7490.0,10000.0,10000.0,18150.0,7490.0,7490.0,7490.0,0
22329,160000.0,2,2,2,25,0,0,0,0,0,0,45835.0,45474.0,42601.0,33581.0,29827.0,19056.0,2000.0,2000.0,1400.0,600.0,0.0,0.0,0
22335,400000.0,2,1,1,29,0,0,0,0,0,0,5074.0,4097.0,7716.0,12538.0,17305.0,22499.0,1097.0,3716.0,5000.0,5000.0,5668.0,7000.0,0
22340,270000.0,2,2,2,25,0,0,0,0,0,0,162905.0,156151.0,127423.0,126824.0,115961.0,112929.0,5085.0,4795.0,4470.0,3847.0,3943.0,5000.0,0
22341,250000.0,2,1,2,25,0,0,0,0,0,0,18761.0,10656.0,7099.0,11758.0,17047.0,16483.0,4662.0,2101.0,7227.0,7865.0,8485.0,5777.0,0
22343,290000.0,2,1,2,26,-1,-1,-2,-1,-1,-1,32126.0,10823.0,5248.0,32307.0,28492.0,1799.0,10884.0,5275.0,32563.0,29143.0,1809.0,11384.0,0
22349,280000.0,2,1,2,28,-2,-2,-2,-2,-2,-2,40683.0,1888.0,1592.0,1312.0,486.0,886.0,1888.0,1592.0,1312.0,486.0,1036.0,438.0,0
22357,210000.0,2,2,2,32,0,0,0,0,0,0,44304.0,46255.0,50486.0,54019.0,58091.0,61630.0,3000.0,5000.0,5000.0,5000.0,4500.0,5000.0,0
22358,400000.0,2,2,2,32,-2,-2,-2,-2,-2,-2,0.0,626.0,118.0,10349.0,2817.0,2410.0,626.0,118.0,10349.0,2817.0,2410.0,10715.0,0
22378,220000.0,2,2,2,28,0,0,0,0,0,0,43436.0,46883.0,44179.0,44704.0,44997.0,45199.0,5012.0,2500.0,2000.0,2000.0,3000.0,3000.0,0
22389,360000.0,2,2,2,31,0,-1,-1,-1,-2,-2,3386.0,5964.0,1340.0,1650.0,4350.0,4792.0,5964.0,1340.0,1650.0,4350.0,4792.0,40682.0,0
22390,310000.0,2,1,1,32,0,-1,0,0,0,0,4762.0,26943.0,7488.0,10276.0,96059.0,6434.0,26943.0,5000.0,6000.0,93000.0,3000.0,5000.0,1
22397,130000.0,2,2,1,30,0,0,0,0,0,-1,106796.0,108673.0,104535.0,105349.0,105254.0,120756.0,4000.0,4000.0,6500.0,5400.0,124582.0,10000.0,0
22405,150000.0,2,1,2,26,0,0,0,0,0,0,136736.0,125651.0,116684.0,101581.0,77741.0,77264.0,4486.0,4235.0,3161.0,2647.0,2669.0,2669.0,0
22410,360000.0,2,1,1,34,-2,-2,-2,-2,-2,-2,0.0,0.0,0.0,0.0,0.0,0.0,0.0,0.0,0.0,0.0,0.0,0.0,1
22411,10000.0,2,2,2,37,-1,-1,-1,-1,0,0,6993.0,4165.0,5794.0,9576.0,7818.0,7580.0,6495.0,5794.0,9585.0,7580.0,152.0,390.0,0
22431,90000.0,2,2,1,35,0,0,0,2,2,2,37003.0,38082.0,41150.0,41677.0,42191.0,43371.0,2000.0,4000.0,1500.0,1500.0,2000.0,2000.0,0
22434,100000.0,2,3,1,36,2,0,0,2,0,0,99298.0,101972.0,115335.0,112016.0,112906.0,120101.0,5220.0,16608.0,0.0,4233.0,9200.0,21000.0,1
22436,360000.0,2,1,2,38,0,0,0,2,0,0,254900.0,259974.0,268459.0,271691.0,277226.0,283210.0,9300.0,14200.0,9200.0,10000.0,10403.0,11900.0,0
22441,180000.0,2,2,1,36,-1,-1,-1,-2,-2,-2,1252.0,23.0,-820.0,-1140.0,0.0,0.0,23.0,3.0,0.0,2000.0,0.0,150.0,0
22443,400000.0,2,3,1,46,-1,-1,2,0,0,-1,260.0,58257.0,42948.0,25962.0,15316.0,6813.0,60064.0,42.0,1202.0,9.0,6813.0,4682.0,1
22447,350000.0,2,1,1,37,-2,-2,-2,-2,-2,-2,1140.0,0.0,4100.0,0.0,0.0,0.0,0.0,4100.0,0.0,0.0,0.0,0.0,0
22464,120000.0,2,2,1,40,0,0,0,0,0,0,105124.0,109399.0,109397.0,36850.0,37739.0,38381.0,6020.0,3900.0,1700.0,1500.0,1400.0,1400.0,0
22465,50000.0,2,2,1,41,2,2,2,2,2,0,17028.0,20543.0,21919.0,20828.0,20272.0,18816.0,3828.0,2000.0,600.0,0.0,637.0,700.0,1
22475,30000.0,2,3,2,44,1,2,2,-2,-2,-2,3213.0,3000.0,0.0,0.0,0.0,0.0,0.0,0.0,0.0,0.0,0.0,0.0,0
22496,50000.0,2,3,3,46,-2,-1,0,0,0,0,-1494.0,2590.0,3506.0,19792.0,19422.0,19830.0,7084.0,1000.0,19286.0,664.0,689.0,761.0,0
22509,400000.0,2,2,1,41,0,0,0,0,0,0,10928.0,12730.0,14486.0,13419.0,14313.0,14524.0,2000.0,2002.0,2000.0,2000.0,3000.0,5000.0,0
22521,40000.0,2,3,1,40,1,-1,2,2,2,-2,-531.0,2661.0,3871.0,1488.0,0.0,0.0,3383.0,2000.0,0.0,0.0,0.0,431.0,1
22523,20000.0,2,2,1,34,2,2,2,2,2,2,13552.0,16513.0,17549.0,18907.0,19114.0,19186.0,3188.0,1600.0,3570.0,801.0,901.0,1.0,0
22525,190000.0,2,1,2,38,0,0,0,0,0,0,39468.0,33983.0,35042.0,35699.0,36410.0,38067.0,2151.0,1910.0,1558.0,1269.0,2209.0,123347.0,0
22533,340000.0,2,2,1,45,0,0,0,0,-1,-1,284099.0,286067.0,290374.0,5329.0,5029.0,7079.0,11000.0,10005.0,5336.0,5036.0,38592.0,4448.0,0
22537,130000.0,2,2,1,48,2,2,2,2,2,2,105500.0,107761.0,109965.0,110797.0,107529.0,114104.0,5500.0,5400.0,4100.0,0.0,8500.0,0.0,1
22538,50000.0,2,2,1,41,0,0,0,0,0,0,47406.0,48332.0,44295.0,43638.0,18788.0,15468.0,2200.0,2100.0,2228.0,1000.0,500.0,1150.0,1
22542,100000.0,2,2,1,45,0,0,0,0,0,0,90483.0,91893.0,91531.0,82398.0,73011.0,73711.0,3315.0,3664.0,3157.0,2572.0,3048.0,2680.0,0
22550,180000.0,2,1,1,35,-1,-1,-1,2,-1,-1,3544.0,-36.0,163.0,163.0,1772.0,148.0,0.0,1000.0,0.0,2000.0,0.0,5000.0,0
22554,180000.0,2,1,1,38,1,-2,-2,-2,-2,-2,0.0,0.0,0.0,0.0,0.0,0.0,0.0,0.0,0.0,0.0,0.0,0.0,0
22557,230000.0,2,2,1,34,-2,-1,-1,-1,-1,-1,3256.0,1401.0,1624.0,4180.0,2665.0,3915.0,1401.0,1635.0,4180.0,2667.0,3915.0,2091.0,0
22570,180000.0,1,1,2,31,0,0,0,0,0,0,89903.0,66236.0,59932.0,52382.0,40661.0,32385.0,3073.0,3010.0,2010.0,1200.0,1000.0,1000.0,0
22577,170000.0,2,2,2,34,-1,-1,-2,-2,-2,-2,2435.0,0.0,0.0,0.0,0.0,0.0,0.0,0.0,0.0,0.0,0.0,0.0,0
22604,30000.0,2,2,2,38,-1,0,-1,-1,-1,-2,497.0,1169.0,220.0,1705.0,0.0,0.0,1001.0,220.0,1705.0,0.0,0.0,0.0,0
22609,260000.0,2,2,1,45,0,0,0,0,0,0,113872.0,118281.0,119564.0,68707.0,39517.0,33842.0,6302.0,5300.0,2600.0,2500.0,5000.0,15000.0,0
22621,20000.0,2,2,1,43,4,4,3,2,2,2,28447.0,27721.0,27009.0,27170.0,26295.0,34171.0,0.0,0.0,924.0,0.0,9648.0,2000.0,1
22622,130000.0,2,2,2,44,0,0,0,0,0,0,128854.0,111896.0,116183.0,115034.0,88163.0,87388.0,4000.0,6097.0,4085.0,3007.0,3028.0,3000.0,0
22625,210000.0,2,2,2,44,0,0,0,0,0,0,84298.0,85379.0,87469.0,90380.0,91355.0,92565.0,3379.0,3469.0,4380.0,3355.0,3565.0,3607.0,0
22628,180000.0,2,1,1,37,2,-1,-1,-1,-1,0,326.0,326.0,326.0,480.0,1011.0,2685.0,326.0,326.0,480.0,1011.0,2000.0,3000.0,1
22630,350000.0,2,3,1,38,-2,-2,-2,-2,-2,-2,1316.0,3033.0,2168.0,7951.0,4986.0,3641.0,3061.0,2181.0,8071.0,5002.0,3654.0,5820.0,0
22635,50000.0,2,2,1,38,0,0,0,0,0,0,25184.0,26261.0,27334.0,28374.0,28804.0,29488.0,1800.0,1800.0,1800.0,1200.0,1300.0,1300.0,0
22650,320000.0,2,2,2,35,-1,-1,-1,-1,0,0,1302.0,3571.0,311.0,8088.0,10881.0,11600.0,3571.0,311.0,8088.0,5000.0,1600.0,1810.0,0
22687,180000.0,2,1,2,33,-1,-1,-1,-1,-1,-1,2196.0,1634.0,1586.0,1758.0,480.0,1918.0,1640.0,1586.0,1758.0,480.0,1918.0,2799.0,1
22688,360000.0,2,2,2,38,-1,-1,-2,-2,-2,-2,1659.0,0.0,0.0,0.0,0.0,0.0,0.0,0.0,0.0,0.0,0.0,0.0,0
22703,500000.0,2,2,2,34,-1,-1,-1,0,0,-1,2730.0,3926.0,17501.0,17194.0,9030.0,2180.0,5606.0,17501.0,2194.0,1030.0,2180.0,2012.0,0
22707,230000.0,2,2,2,31,-2,-2,-2,-2,-2,-2,-18.0,3919.0,6164.0,3612.0,7756.0,4906.0,3937.0,6164.0,3612.0,7761.0,4906.0,3632.0,0
22708,300000.0,2,3,1,36,-2,-2,-2,-2,-2,-2,4035.0,0.0,0.0,0.0,379.0,0.0,0.0,0.0,0.0,379.0,0.0,0.0,0
22713,380000.0,2,2,1,30,0,0,0,0,0,-1,384846.0,359926.0,349753.0,296465.0,193342.0,311009.0,13291.0,15287.0,8532.0,4334.0,317077.0,11892.0,0
22717,240000.0,2,2,1,36,0,0,0,0,0,0,214122.0,217850.0,212593.0,180867.0,173780.0,168880.0,19000.0,10000.0,7000.0,10000.0,8000.0,10000.0,0
22719,230000.0,2,2,1,45,-1,-1,-1,-1,-1,0,12047.0,17091.0,8743.0,31886.0,14893.0,8343.0,17094.0,8786.0,32467.0,14893.0,0.0,8968.0,0
22728,280000.0,2,4,1,44,-2,-2,-2,-2,-2,-2,5374.0,12360.0,20721.0,0.0,0.0,17131.0,12360.0,20721.0,0.0,0.0,17131.0,2681.0,1
22729,150000.0,2,5,1,38,-2,-2,-2,-2,-2,-2,0.0,0.0,1597.0,-3.0,1764.0,718.0,0.0,1597.0,0.0,1767.0,718.0,0.0,0
22731,180000.0,2,1,2,32,-1,-1,-1,-1,0,-1,1160.0,2884.0,1165.0,4685.0,1165.0,3472.0,2889.0,1165.0,4685.0,0.0,3472.0,799.0,0
22739,260000.0,2,1,2,30,0,0,0,0,0,0,235961.0,222409.0,215056.0,212791.0,177159.0,143920.0,7988.0,7979.0,6807.0,5247.0,5240.0,5000.0,0
22740,140000.0,2,1,2,30,-1,0,0,0,0,0,13626.0,21399.0,27923.0,32330.0,33374.0,38588.0,8399.0,6923.0,5330.0,2074.0,5588.0,20290.0,0
22742,80000.0,2,2,1,36,0,0,0,0,0,0,73873.0,61134.0,49746.0,49033.0,48553.0,48377.0,2006.0,8199.0,2000.0,1700.0,2000.0,2000.0,0
22743,310000.0,2,2,2,37,0,0,0,-1,-1,-2,68430.0,72280.0,77097.0,7636.0,0.0,0.0,5000.0,7097.0,7636.0,0.0,0.0,2039.0,0
22744,150000.0,2,1,2,40,0,0,0,2,0,0,16986.0,18693.0,20885.0,21738.0,22080.0,23558.0,2000.0,2500.0,1500.0,1000.0,2000.0,2000.0,0
22746,360000.0,2,2,2,31,0,0,0,0,0,0,49011.0,62438.0,77461.0,79025.0,75556.0,63097.0,15000.0,20000.0,3500.0,2300.0,5000.0,5000.0,0
22749,30000.0,2,3,1,46,1,-2,-2,-1,0,0,0.0,0.0,0.0,14071.0,14350.0,14650.0,0.0,0.0,14071.0,514.0,532.0,543.0,0
22756,230000.0,2,2,1,39,0,-1,0,0,-1,0,5650.0,3798.0,6701.0,10382.0,4842.0,5792.0,3798.0,3000.0,5000.0,4842.0,3000.0,3000.0,1
22763,180000.0,2,3,1,36,-2,-2,-2,-1,-1,-1,11540.0,633.0,606.0,20972.0,940.0,1383.0,633.0,606.0,20999.0,940.0,1383.0,0.0,0
22768,620000.0,2,1,2,38,-1,-1,-1,-2,-1,0,1966.0,35703.0,1241.0,-119.0,23969.0,5567.0,35703.0,1241.0,119.0,24088.0,0.0,0.0,0
22769,60000.0,2,3,1,44,-1,0,0,0,0,0,63236.0,64683.0,66510.0,58622.0,47317.0,48726.0,2500.0,3000.0,2292.0,1526.0,2000.0,2000.0,1
22774,10000.0,2,2,1,43,0,0,0,0,0,0,4834.0,1803.0,2819.0,3828.0,3905.0,4023.0,1038.0,1054.0,1063.0,140.0,181.0,80.0,1
22775,280000.0,2,2,2,36,0,0,0,0,-2,-2,93982.0,105695.0,77704.0,0.0,0.0,0.0,15000.0,40000.0,0.0,0.0,0.0,336.0,0
22792,220000.0,2,2,1,36,2,2,2,2,0,0,192654.0,195725.0,197466.0,189149.0,187531.0,187856.0,8500.0,8200.0,0.0,7000.0,7000.0,7200.0,1
22795,200000.0,2,2,2,34,-2,-2,-2,-2,-2,-2,0.0,0.0,0.0,445.0,2309.0,-10.0,0.0,0.0,445.0,2332.0,10.0,0.0,0
22803,620000.0,2,1,2,38,-1,-1,-1,-1,-1,-1,12136.0,7938.0,620.0,16022.0,2581.0,2867.0,8638.0,620.0,16032.0,2856.0,4197.0,920.0,0
22812,210000.0,2,2,1,33,0,0,0,2,2,2,159715.0,163060.0,168218.0,169726.0,173687.0,176510.0,6000.0,8000.0,6000.0,7000.0,6000.0,20000.0,0
22813,70000.0,2,1,1,35,1,2,2,2,2,0,41730.0,40764.0,46281.0,47026.0,45971.0,47573.0,0.0,6500.0,1800.0,0.0,2500.0,2000.0,0
22822,200000.0,2,3,1,35,0,0,0,0,0,0,215090.0,208556.0,214321.0,134517.0,54711.0,23611.0,7700.0,9300.0,6500.0,3000.0,856.0,1152.0,0
22836,360000.0,2,1,2,30,0,-1,-1,-1,-1,-2,37012.0,4810.0,3969.0,6657.0,642.0,6204.0,4924.0,3969.0,6657.0,642.0,6204.0,7052.0,0
22838,180000.0,2,1,1,35,-1,-1,-1,-1,0,0,37701.0,32003.0,32254.0,47186.0,54286.0,112040.0,32005.0,32270.0,47186.0,44286.0,86000.0,148225.0,0
22844,50000.0,2,2,1,28,0,0,0,0,0,0,45797.0,47226.0,48065.0,49158.0,50646.0,12927.0,2500.0,1900.0,1898.0,2386.0,629.0,792.0,1
22847,40000.0,2,2,1,49,0,0,0,0,0,0,36159.0,38241.0,39121.0,40400.0,40000.0,40000.0,3000.0,1800.0,2000.0,0.0,0.0,0.0,0
22849,70000.0,2,2,2,46,0,0,0,0,0,0,86919.0,83200.0,80389.0,75854.0,33563.0,34563.0,3000.0,3815.0,3064.0,1000.0,1000.0,34000.0,1
22850,180000.0,2,1,1,39,-2,-2,-2,-2,-2,-2,0.0,0.0,0.0,0.0,0.0,0.0,0.0,0.0,0.0,0.0,0.0,0.0,0
22855,100000.0,2,3,1,34,0,0,0,0,0,-1,9728.0,11099.0,8761.0,8289.0,6980.0,5571.0,5000.0,1333.0,3000.0,3000.0,5571.0,5149.0,0
22856,90000.0,2,1,2,31,0,0,2,2,2,2,77278.0,83357.0,85229.0,85939.0,83680.0,89319.0,8000.0,4100.0,3000.0,0.0,7000.0,3100.0,1
22862,50000.0,2,2,2,32,0,0,0,0,0,0,12513.0,13595.0,14570.0,15523.0,15964.0,16554.0,1600.0,1500.0,1500.0,1000.0,1000.0,1000.0,0
22867,80000.0,2,2,1,40,-1,-1,-1,-1,-1,-1,390.0,390.0,390.0,390.0,390.0,540.0,390.0,390.0,390.0,390.0,540.0,390.0,0
22871,180000.0,2,2,2,28,-1,-1,-1,-1,-1,-1,3840.0,18588.0,1557.0,2540.0,3058.0,16030.0,18588.0,1562.0,2540.0,3058.0,16030.0,330.0,0
22872,340000.0,2,3,1,44,3,3,2,0,0,0,160596.0,155508.0,149627.0,150733.0,140171.0,134203.0,6.0,8.0,5117.0,5008.0,5021.0,6026.0,1
22876,70000.0,2,1,2,28,0,0,0,0,0,0,44397.0,44923.0,46189.0,39327.0,38618.0,38404.0,3000.0,3000.0,3000.0,2000.0,2000.0,1800.0,0
22878,200000.0,2,3,2,30,0,0,0,0,0,0,192743.0,196031.0,196143.0,189524.0,167163.0,146975.0,9003.0,7300.0,7108.0,7680.0,6200.0,5000.0,0
22879,290000.0,2,2,2,34,2,2,2,2,2,2,219757.0,214747.0,227698.0,232468.0,227226.0,241556.0,0.0,18000.0,10000.0,0.0,18000.0,0.0,1
22880,80000.0,2,5,2,30,-1,-1,-1,0,0,0,2994.0,16709.0,29459.0,30472.0,36317.0,21671.0,16709.0,29469.0,5000.0,10000.0,2000.0,3000.0,0
22890,280000.0,2,2,1,42,-2,-2,-2,-2,-2,-2,396.0,396.0,396.0,396.0,10948.0,61123.0,396.0,396.0,396.0,10948.0,61123.0,54802.0,0
22892,500000.0,2,1,1,36,0,0,0,0,0,0,238847.0,242326.0,248425.0,242854.0,226764.0,210947.0,10000.0,10146.0,10103.0,7108.0,7396.0,5000.0,0
22896,110000.0,2,2,1,27,1,2,2,0,0,0,110593.0,111679.0,108455.0,109392.0,78524.0,75745.0,4363.0,0.0,4012.0,3120.0,2800.0,3000.0,0
22897,280000.0,2,2,2,30,0,0,-1,0,0,0,21489.0,-86.0,4414.0,64183.0,61001.0,60601.0,5.0,4500.0,60000.0,1244.0,2000.0,4000.0,0
22898,100000.0,2,2,2,31,2,2,2,2,2,2,41052.0,42081.0,41131.0,43637.0,42635.0,45440.0,2000.0,0.0,3500.0,0.0,3500.0,2000.0,1
22900,130000.0,2,3,1,47,-1,2,2,-1,0,-1,5027.0,4151.0,1622.0,5032.0,1749.0,3645.0,1622.0,16.0,5377.0,829.0,3645.0,4213.0,0
22902,30000.0,2,2,1,43,0,0,0,2,2,2,13135.0,14150.0,17210.0,16636.0,17908.0,17482.0,1240.0,3300.0,0.0,1548.0,0.0,637.0,0
22903,180000.0,2,1,2,27,-1,-1,0,0,0,0,2381.0,28048.0,25900.0,22964.0,21878.0,13715.0,28100.0,1743.0,1200.0,2000.0,2000.0,0.0,0
22912,500000.0,2,1,1,37,1,-1,-1,-1,-1,0,0.0,17250.0,2287.0,96501.0,12143.0,50143.0,17250.0,3037.0,96501.0,12500.0,38000.0,0.0,0
22914,140000.0,2,3,1,33,-1,-1,-1,-1,-1,-1,1247.0,1654.0,840.0,2153.0,827.0,-8808.0,1654.0,840.0,2153.0,827.0,827.0,9635.0,0
22920,430000.0,2,1,2,29,0,0,0,-1,0,0,42130.0,34785.0,0.0,18518.0,16574.0,12215.0,1000.0,0.0,18518.0,5.0,244.0,1038.0,0
22924,500000.0,2,1,1,36,0,0,0,-1,-1,-1,64266.0,47971.0,25581.0,15406.0,6196.0,45045.0,26000.0,11725.0,15406.0,6903.0,45045.0,10000.0,0
22952,240000.0,2,2,1,32,0,0,0,0,0,0,234774.0,231155.0,236914.0,241351.0,244202.0,115036.0,10000.0,11000.0,11000.0,10000.0,5000.0,5000.0,0
22968,80000.0,2,2,1,31,0,0,0,0,0,0,70492.0,68652.0,67881.0,38465.0,27773.0,29132.0,2806.0,4006.0,1804.0,2003.0,3004.0,1502.0,1
22980,150000.0,2,2,1,40,-1,-1,-1,-1,-1,-1,16019.0,0.0,7937.0,3307.0,2894.0,0.0,0.0,7937.0,3307.0,2894.0,0.0,0.0,0
22985,300000.0,2,1,2,33,-1,-1,-1,-1,-1,-1,13889.0,1465.0,2095.0,1215.0,340.0,1424.0,1465.0,2095.0,1215.0,340.0,1424.0,0.0,0
22987,500000.0,2,1,2,37,-1,-1,0,0,0,0,5946.0,132696.0,141204.0,160275.0,138067.0,117049.0,140000.0,25012.0,40022.0,3024.0,0.0,90000.0,0
22990,30000.0,2,3,1,44,0,0,0,0,0,0,29263.0,27516.0,28133.0,28780.0,28756.0,29566.0,1441.0,1597.0,1634.0,1000.0,1124.0,1223.0,0
23001,230000.0,2,2,1,46,-1,-1,-1,-1,-1,-1,782.0,316.0,0.0,632.0,316.0,2398.0,316.0,0.0,632.0,316.0,2398.0,1783.0,1
23014,440000.0,2,1,1,41,-1,-1,-1,0,0,0,3982.0,12516.0,15869.0,20849.0,331985.0,185315.0,16282.0,16031.0,23613.0,320008.0,5721.0,5376.0,0
23015,120000.0,2,2,1,37,-1,-1,2,0,-1,0,15591.0,17156.0,17227.0,18560.0,10067.0,15594.0,7227.0,683.0,8560.0,10067.0,10000.0,7223.0,0
23022,220000.0,2,2,1,40,-1,-1,-1,-1,0,0,1129.0,227.0,0.0,13137.0,13637.0,9744.0,227.0,0.0,13137.0,1500.0,214.0,0.0,0
23025,500000.0,2,2,1,36,0,0,0,0,0,0,352986.0,352870.0,350017.0,347410.0,337015.0,332360.0,13016.0,13172.0,15200.0,12000.0,13617.0,13000.0,0
23039,320000.0,2,2,1,46,-2,-2,-2,-1,-1,-1,15176.0,24845.0,12680.0,5522.0,44743.0,18931.0,24969.0,12743.0,5542.0,44956.0,19011.0,8138.0,0
23056,30000.0,2,2,2,29,-2,-2,-2,-2,-2,-2,647.0,1222.0,249.0,5051.0,1188.0,375.0,1222.0,249.0,5051.0,2202.0,375.0,264.0,0
23058,170000.0,2,2,2,29,0,0,0,0,0,0,69314.0,65083.0,67062.0,68188.0,56454.0,58453.0,2330.0,3028.0,2847.0,2600.0,3400.0,2045.0,0
23060,160000.0,2,1,1,33,-1,2,2,-2,-2,-1,7845.0,2956.0,3161.0,600.0,65000.0,2206.0,0.0,3161.0,0.0,65000.0,2206.0,339.0,1
23062,80000.0,2,3,1,31,0,0,0,-1,0,0,62636.0,61808.0,22227.0,48215.0,45618.0,37799.0,5000.0,4000.0,50012.0,10000.0,10000.0,7177.0,1
23067,320000.0,2,1,2,32,-1,0,-1,-1,-1,-1,13122.0,6796.0,7788.0,6751.0,8354.0,12271.0,1500.0,8000.0,7000.0,8500.0,13000.0,15000.0,0
23082,180000.0,2,2,2,37,1,2,0,0,0,0,37095.0,32881.0,33627.0,128051.0,106834.0,105551.0,0.0,3042.0,109470.0,4000.0,4000.0,7028.0,0
23087,150000.0,2,2,2,40,-2,-2,-2,-2,-2,-2,8482.0,3493.0,4724.0,5749.0,345.0,349.0,3514.0,4724.0,5749.0,345.0,349.0,24026.0,0
23096,250000.0,2,2,1,32,0,0,0,0,2,2,195044.0,198294.0,202571.0,226423.0,221296.0,234762.0,8000.0,7478.0,27349.0,0.0,17000.0,0.0,0
23097,690000.0,2,3,2,34,0,0,0,0,0,-1,390757.0,397292.0,390166.0,360568.0,331674.0,160287.0,14724.0,19118.0,7415.0,20348.0,160671.0,91323.0,0
23099,220000.0,2,2,2,47,0,0,0,0,0,0,103078.0,111729.0,115173.0,116513.0,119370.0,121516.0,10000.0,6500.0,5000.0,5000.0,5000.0,5000.0,0
23100,60000.0,2,3,2,44,2,2,2,2,2,2,11847.0,62478.0,55887.0,70562.0,71322.0,58821.0,55887.0,0.0,20783.0,2500.0,0.0,3000.0,1
23101,80000.0,2,2,2,30,-1,-1,-1,-1,-1,0,5919.0,5545.0,2154.0,583.0,11381.0,9508.0,5548.0,2154.0,583.0,11381.0,190.0,74.0,0
23106,200000.0,2,3,1,32,-2,-2,-2,-2,-2,-2,1380.0,3706.0,18145.0,14163.0,7909.0,1485.0,3706.0,18458.0,14170.0,7909.0,1485.0,1302.0,0
23126,110000.0,2,2,1,46,0,-1,-1,-1,-1,-1,2359.0,2410.0,2151.0,2161.0,1719.0,107591.0,2410.0,2151.0,2161.0,1719.0,107591.0,5000.0,1
23129,90000.0,2,2,1,35,0,0,2,0,0,0,35232.0,38329.0,37433.0,38507.0,39468.0,40183.0,4000.0,0.0,1700.0,1600.0,1500.0,4000.0,0
23132,50000.0,2,3,1,34,0,0,0,0,0,0,24203.0,23708.0,23609.0,22675.0,21628.0,20576.0,1367.0,1741.0,1280.0,706.0,700.0,776.0,0
23135,210000.0,2,3,1,41,0,0,-1,-1,-2,-2,59071.0,58830.0,364.0,-649.0,-649.0,-649.0,2000.0,17864.0,569.0,0.0,0.0,1000.0,0
23140,300000.0,2,1,2,36,-2,-2,-2,-2,-2,-2,230.0,469.0,899.0,0.0,0.0,0.0,469.0,899.0,0.0,0.0,0.0,1051.0,0
23148,160000.0,2,1,1,36,-2,-2,-2,-2,-2,-1,25386.0,2542.0,2916.0,4257.0,629.0,6267.0,2549.0,2916.0,4321.0,700.0,6267.0,1727.0,0
23160,230000.0,2,3,1,47,0,0,0,0,0,0,182787.0,173108.0,163937.0,90980.0,91180.0,90260.0,7000.0,5665.0,4154.0,3300.0,3418.0,3600.0,0
23163,280000.0,2,1,1,32,0,0,0,0,0,0,137630.0,116209.0,117118.0,116689.0,117757.0,118432.0,6000.0,6000.0,5000.0,5000.0,4012.0,4779.0,0
23170,320000.0,2,2,1,37,2,2,2,2,2,2,289260.0,297888.0,304025.0,308421.0,315291.0,310339.0,14500.0,12001.0,10500.0,13000.0,1.0,120021.0,0
23176,290000.0,2,2,2,41,0,0,0,0,0,0,286391.0,140960.0,112394.0,113459.0,123967.0,131735.0,10000.0,5620.0,10000.0,20000.0,10000.0,10000.0,0
23190,100000.0,2,2,1,42,0,0,0,0,0,0,63984.0,65917.0,67673.0,66292.0,67793.0,67182.0,3000.0,4000.0,3000.0,2500.0,3000.0,2500.0,0
23192,230000.0,2,2,2,41,-2,-2,-2,-2,-2,-2,24477.0,23722.0,4791.0,3516.0,7475.0,5352.0,23722.0,4791.0,3516.0,7475.0,5352.0,2120.0,0
23195,500000.0,2,3,2,48,-2,-2,-2,-2,-2,-2,83948.0,25321.0,14364.0,123903.0,71463.0,54924.0,25325.0,14364.0,124081.0,71541.0,54924.0,47148.0,0
23198,90000.0,2,2,2,33,0,0,0,0,0,0,89129.0,89543.0,84447.0,78238.0,68234.0,69684.0,3308.0,3014.0,3203.0,3000.0,3000.0,3000.0,0
23201,170000.0,2,2,2,48,0,0,0,0,0,0,24953.0,24334.0,25558.0,24580.0,24855.0,26123.0,2000.0,2000.0,1400.0,1000.0,2000.0,2000.0,0
23212,90000.0,2,2,2,34,0,0,0,0,0,0,30026.0,29239.0,14027.0,13559.0,14331.0,14948.0,2000.0,1518.0,1500.0,1000.0,1000.0,1000.0,0
23217,320000.0,2,2,1,42,-1,-1,-1,-1,-1,-1,2862.0,18729.0,23405.0,16662.0,38459.0,2836.0,18729.0,23421.0,16683.0,38459.0,2836.0,1286.0,0
23218,50000.0,2,3,1,45,0,0,0,0,0,0,48169.0,48163.0,49302.0,16522.0,15175.0,16371.0,2400.0,2500.0,1318.0,700.0,1600.0,600.0,0
23220,30000.0,2,3,2,39,0,0,0,0,0,0,28467.0,22308.0,48376.0,26013.0,27089.0,28161.0,2000.0,3000.0,3000.0,1500.0,1500.0,2280.0,0
23225,480000.0,2,1,1,43,0,0,0,0,0,0,276681.0,282328.0,288120.0,294000.0,300000.0,3493.0,5647.0,5792.0,5880.0,6000.0,3493.0,21308.0,0
23230,300000.0,2,2,2,32,0,0,0,0,0,0,114690.0,117682.0,120777.0,123835.0,127830.0,130931.0,4682.0,4777.0,4835.0,5830.0,4931.0,5079.0,0
23231,380000.0,2,1,2,33,-2,-2,-2,-2,-2,-2,11924.0,16615.0,3273.0,9833.0,6580.0,6080.0,16615.0,3273.0,9833.0,6580.0,6080.0,4697.0,0
23233,230000.0,2,2,2,35,-2,-2,-2,-2,-2,-2,0.0,0.0,0.0,0.0,0.0,0.0,0.0,0.0,0.0,0.0,0.0,0.0,1
23235,220000.0,2,0,1,35,-2,-2,-2,-2,-2,-2,0.0,319.0,10567.0,319.0,319.0,319.0,319.0,10567.0,319.0,319.0,319.0,2420.0,0
23239,50000.0,2,2,1,37,0,0,0,0,0,0,50664.0,49163.0,49811.0,49978.0,20062.0,20259.0,3000.0,2500.0,2000.0,1102.0,2000.0,2900.0,0
23242,20000.0,2,1,2,37,1,-2,-2,-1,-1,-2,0.0,0.0,0.0,1004.0,0.0,0.0,0.0,0.0,1004.0,0.0,0.0,0.0,0
23255,360000.0,2,1,1,43,-1,0,0,0,0,-2,17412.0,18455.0,19245.0,18370.0,0.0,0.0,1328.0,1637.0,5000.0,0.0,0.0,0.0,0
23263,250000.0,2,1,2,44,-1,-1,-2,-2,-1,-1,891.0,-33.0,-33.0,-33.0,267.0,144.0,0.0,0.0,0.0,300.0,144.0,0.0,0
23265,540000.0,2,1,2,37,0,0,-1,-1,-1,0,4696.0,6579.0,1464.0,-2800.0,13916.0,12517.0,2033.0,1485.0,16.0,20016.0,2016.0,2019.0,0
23268,80000.0,2,2,2,40,0,0,0,0,0,0,79390.0,79835.0,81229.0,82456.0,82854.0,80868.0,3200.0,4300.0,3340.0,3500.0,2999.0,3300.0,0
23271,60000.0,2,3,2,37,0,0,0,0,0,0,53867.0,54971.0,57284.0,58562.0,29121.0,27003.0,2000.0,3200.0,3300.0,1000.0,1100.0,1000.0,0
23289,160000.0,2,3,1,34,-2,-2,-2,-2,-2,-2,717.0,594.0,1217.0,697.0,650.0,691.0,597.0,1223.0,700.0,653.0,691.0,17.0,0
23291,130000.0,2,2,2,45,-1,0,0,0,0,0,131221.0,128161.0,128884.0,124514.0,67739.0,69614.0,10006.0,5069.0,3634.0,2476.0,3019.0,2394.0,0
23294,100000.0,2,2,2,31,-2,-2,-2,-2,-2,-2,4576.0,1872.0,2511.0,3333.0,2765.0,900.0,1872.0,2517.0,3339.0,2765.0,900.0,2575.0,1
23296,160000.0,2,1,2,25,-1,0,-1,-1,0,0,6087.0,1934.0,11376.0,2199.0,10856.0,0.0,1000.0,11426.0,2199.0,10000.0,0.0,9867.0,0
23297,50000.0,2,2,2,28,-1,3,2,-1,0,0,1876.0,1690.0,429.0,4836.0,1170.0,780.0,0.0,0.0,4836.0,0.0,0.0,0.0,1
23300,340000.0,2,3,1,32,0,-1,0,0,0,0,11049.0,57301.0,59375.0,60216.0,59842.0,46882.0,57301.0,3000.0,2600.0,1000.0,1817.0,11022.0,0
23309,390000.0,2,2,1,32,-1,-1,-1,-1,-1,0,2075.0,0.0,682.0,10943.0,9942.0,11168.0,0.0,682.0,11130.0,9942.0,6600.0,1000.0,0
23311,20000.0,2,2,1,46,1,2,0,0,-2,-2,3098.0,2901.0,3800.0,0.0,0.0,0.0,0.0,1000.0,0.0,0.0,0.0,0.0,1
23316,90000.0,2,2,1,40,2,2,2,2,2,0,4918.0,4694.0,6547.0,7481.0,7212.0,7595.0,0.0,2100.0,1200.0,0.0,500.0,1000.0,1
23326,20000.0,2,2,1,41,-1,-1,-1,-1,0,0,958.0,1546.0,1156.0,9646.0,6510.0,2514.0,1546.0,1156.0,9646.0,130.0,50.0,0.0,0
23337,90000.0,2,2,1,34,0,0,0,0,0,0,18358.0,14764.0,8374.0,29525.0,28333.0,27879.0,1300.0,1300.0,22000.0,1000.0,1012.0,1400.0,0
23346,500000.0,2,1,1,33,-2,-2,-2,-2,-2,-2,10486.0,32539.0,10644.0,7780.0,19099.0,4281.0,32648.0,11000.0,7823.0,19215.0,4281.0,8190.0,0
23350,400000.0,2,1,1,33,-1,-1,-1,2,-1,-1,10858.0,15892.0,18182.0,12205.0,941.0,6346.0,16000.0,2600.0,24.0,1000.0,7053.0,5000.0,0
23356,30000.0,2,2,2,28,3,2,2,5,5,4,1200.0,1200.0,1200.0,1200.0,1200.0,600.0,0.0,0.0,0.0,0.0,0.0,0.0,1
23362,350000.0,2,2,2,28,1,2,0,0,0,0,358895.0,346575.0,345088.0,341811.0,265953.0,93300.0,0.0,14579.0,13557.0,12000.0,5000.0,11000.0,1
23366,280000.0,2,3,2,48,0,0,0,0,0,0,166473.0,167864.0,140466.0,142417.0,126321.0,117613.0,7750.0,5195.0,5098.0,4319.0,4209.0,4127.0,0
23367,30000.0,2,2,1,37,-2,-2,-2,-2,-2,-2,108.0,709.0,11726.0,2628.0,2659.0,4483.0,709.0,11726.0,2713.0,2659.0,4483.0,3676.0,0
23377,30000.0,2,5,1,31,0,0,0,0,0,0,28731.0,27927.0,27601.0,26921.0,15525.0,0.0,1656.0,1545.0,1300.0,825.0,0.0,0.0,0
23387,200000.0,2,2,1,36,-2,-2,-2,-2,-2,-2,3131.0,207.0,3578.0,0.0,0.0,0.0,207.0,3599.0,0.0,0.0,0.0,3832.0,0
23394,280000.0,2,2,1,43,-2,-2,-2,-2,-2,-2,14633.0,5600.0,13397.0,20004.0,10571.0,8430.0,5600.0,13397.0,20004.0,10571.0,8430.0,13561.0,0
23395,230000.0,2,2,2,37,0,0,2,0,0,0,29087.0,30589.0,20958.0,21637.0,19846.0,12770.0,2100.0,1000.0,1252.0,500.0,1000.0,1000.0,0
23399,180000.0,2,2,1,32,-1,2,-1,-1,-1,-1,3305.0,1649.0,1473.0,1473.0,2705.0,1473.0,0.0,1473.0,1473.0,2705.0,1473.0,1473.0,0
23404,50000.0,2,1,2,33,0,0,0,0,0,0,13452.0,14524.0,15586.0,16622.0,17344.0,17864.0,1300.0,1300.0,1300.0,1000.0,800.0,1000.0,0
23408,360000.0,2,2,2,35,1,-2,-1,-1,0,-1,0.0,0.0,22190.0,21416.0,6854.0,357.0,0.0,22190.0,21416.0,1545.0,357.0,357.0,0
23416,20000.0,2,2,1,46,4,3,2,3,2,0,15833.0,15286.0,17021.0,16461.0,15901.0,16294.0,0.0,2277.0,0.0,0.0,800.0,1400.0,1
23420,150000.0,2,2,1,32,1,-1,0,0,0,0,-1474.0,137049.0,145900.0,146168.0,149712.0,-288.0,140916.0,10000.0,3119.0,3744.0,0.0,57916.0,0
23425,300000.0,2,1,2,31,-1,-1,-1,-1,-1,0,16612.0,19099.0,17865.0,9215.0,154926.0,126482.0,19099.0,17865.0,9243.0,154975.0,0.0,29390.0,0
23430,500000.0,2,1,2,28,-2,-2,-2,-2,-2,-1,4428.0,-31.0,-31.0,3963.0,3418.0,858.0,0.0,0.0,3994.0,3435.0,860.0,0.0,0
23439,650000.0,2,3,2,39,0,0,-1,-1,-2,-1,5865.0,0.0,1904.0,-61.0,-261.0,13050.0,0.0,1904.0,0.0,0.0,13311.0,64731.0,0
23445,410000.0,2,2,2,33,-2,-2,-2,-2,-2,-2,4720.0,25488.0,7022.0,3321.0,2745.0,500.0,25488.0,7022.0,3326.0,2745.0,500.0,1543.0,0
23449,30000.0,2,6,2,45,0,0,0,0,0,0,25298.0,26866.0,27662.0,28474.0,28494.0,0.0,2000.0,2000.0,1500.0,1000.0,0.0,0.0,0
23450,600000.0,2,3,2,44,0,0,0,-1,0,0,140179.0,112498.0,82803.0,380337.0,368527.0,390197.0,5000.0,8340.0,380478.0,12625.0,60000.0,7000.0,0
23456,60000.0,2,1,2,33,1,-2,-1,0,0,0,1242.0,0.0,4028.0,59334.0,54526.0,58575.0,0.0,4028.0,56626.0,2100.0,5000.0,2000.0,0
23470,70000.0,2,3,1,31,0,0,0,2,2,0,9633.0,11462.0,14259.0,15525.0,14772.0,15380.0,2000.0,3000.0,2000.0,0.0,1000.0,1000.0,0
23474,450000.0,2,1,2,31,-1,-1,-2,-2,-1,0,2609.0,0.0,0.0,0.0,17855.0,3430.0,0.0,0.0,0.0,17855.0,0.0,2500.0,0
23482,100000.0,2,1,2,30,0,0,2,2,2,2,7384.0,10253.0,9945.0,14269.0,13743.0,16011.0,3000.0,0.0,4500.0,0.0,2500.0,0.0,0
23485,490000.0,2,2,1,31,0,0,0,0,0,0,470579.0,482733.0,492718.0,282450.0,287363.0,272578.0,19469.0,20000.0,12000.0,11000.0,10000.0,10000.0,0
23495,110000.0,2,1,2,32,0,0,0,-2,-2,-2,60558.0,30900.0,0.0,0.0,0.0,0.0,1900.0,0.0,0.0,0.0,0.0,0.0,0
23502,60000.0,2,2,2,31,1,2,0,0,0,2,20544.0,19921.0,20993.0,21736.0,23172.0,22661.0,0.0,1700.0,1400.0,1800.0,0.0,1800.0,0
23506,120000.0,2,2,2,33,1,2,2,2,2,2,68493.0,70275.0,68592.0,72525.0,73741.0,72440.0,3500.0,0.0,5700.0,3000.0,0.0,3000.0,1
23509,200000.0,2,1,2,31,-1,2,2,-2,-2,-2,450.0,450.0,0.0,0.0,0.0,0.0,0.0,0.0,0.0,0.0,0.0,0.0,0
23513,110000.0,2,1,2,31,0,-1,-1,-2,-2,-2,14268.0,2491.0,0.0,0.0,0.0,0.0,2491.0,0.0,0.0,0.0,0.0,0.0,0
23521,200000.0,2,2,1,36,-2,-2,-2,-2,-2,-2,0.0,0.0,0.0,0.0,0.0,0.0,0.0,0.0,0.0,0.0,0.0,0.0,0
23524,380000.0,2,3,1,46,1,-2,-1,-1,-1,-1,0.0,0.0,224.0,4034.0,0.0,2062.0,0.0,224.0,4034.0,0.0,2062.0,0.0,0
23526,20000.0,2,2,1,35,1,2,2,2,0,0,16335.0,15780.0,18411.0,17809.0,18009.0,16595.0,0.0,3200.0,0.0,765.0,700.0,774.0,1
23533,80000.0,2,2,1,35,1,2,2,2,0,0,78959.0,76699.0,81477.0,79035.0,28503.0,29711.0,0.0,6800.0,0.0,1000.0,2000.0,1500.0,1
23537,200000.0,2,1,1,38,-1,-1,-1,-1,-1,-1,4891.0,28258.0,14712.0,5216.0,6317.0,6207.0,28258.0,14712.0,5229.0,6317.0,6207.0,5464.0,0
23541,360000.0,2,2,2,45,-2,-1,2,2,-2,-2,0.0,2500.0,2500.0,0.0,0.0,0.0,2500.0,0.0,0.0,0.0,0.0,0.0,0
23545,230000.0,2,1,2,44,0,0,0,0,0,0,230101.0,224517.0,223544.0,147971.0,61570.0,80279.0,10125.0,12966.0,5506.0,1623.0,80000.0,105451.0,0
23547,260000.0,2,1,1,38,0,0,-1,0,-1,-1,16995.0,12947.0,31394.0,26254.0,6522.0,0.0,3087.0,33000.0,2000.0,6522.0,0.0,5320.0,0
23560,210000.0,2,2,2,34,0,0,0,0,0,0,73415.0,76188.0,78276.0,81246.0,78971.0,80359.0,4002.0,4000.0,4323.0,3501.0,3000.0,2700.0,0
23572,370000.0,2,2,1,44,-2,-2,-2,-2,-2,-2,0.0,1742.0,0.0,0.0,0.0,0.0,1742.0,0.0,0.0,0.0,0.0,0.0,0
23574,300000.0,2,2,1,39,-2,-2,-2,-2,-2,-2,2022.0,537.0,142.0,656.0,620.0,502.0,537.0,142.0,656.0,620.0,502.0,142.0,0
23575,150000.0,2,2,2,37,-2,-2,-2,-2,-2,-2,0.0,0.0,596.0,22131.0,0.0,1596.0,0.0,596.0,22131.0,1980.0,1596.0,4617.0,0
23581,450000.0,2,2,1,44,-2,-2,-2,-2,-2,-2,8521.0,15934.0,7266.0,8331.0,8188.0,10455.0,16080.0,7299.0,8364.0,8266.0,10505.0,7268.0,0
23589,360000.0,2,5,1,39,-1,-1,-1,-1,0,-1,3102.0,552.0,31029.0,7731.0,1154.0,799.0,552.0,31051.0,7731.0,0.0,799.0,3238.0,0
23593,80000.0,2,1,1,39,1,2,2,2,0,0,21340.0,22389.0,23017.0,22349.0,22791.0,23331.0,1700.0,1280.0,0.0,814.0,905.0,30331.0,0
23594,310000.0,2,1,1,39,-1,-1,-1,-1,0,0,3803.0,678.0,3050.0,9080.0,4990.0,4940.0,681.0,3072.0,9100.0,23.0,4964.0,1676.0,0
23596,200000.0,2,2,1,43,0,0,-2,-1,-1,-2,2893.0,0.0,230.0,2059.0,0.0,0.0,0.0,230.0,2059.0,0.0,0.0,0.0,0
23599,80000.0,2,2,1,40,-1,-1,-1,-1,-1,-1,2667.0,2035.0,32194.0,1729.0,590.0,9628.0,2035.0,32194.0,1729.0,590.0,9628.0,16059.0,0
23601,170000.0,2,2,1,40,-1,-1,-1,-1,-1,-1,17914.0,1253.0,4427.0,1459.0,24511.0,1163.0,1253.0,4427.0,1459.0,24511.0,1163.0,2821.0,0
23603,300000.0,2,2,1,33,2,2,0,0,0,0,279065.0,273067.0,278910.0,283920.0,253113.0,246560.0,0.0,10638.0,10569.0,8809.0,8883.0,9960.0,1
23610,50000.0,2,1,2,37,0,0,0,-1,0,0,43886.0,50411.0,9688.0,857.0,3810.0,4741.0,2500.0,7026.0,1000.0,3000.0,1000.0,1000.0,0
23627,270000.0,2,2,1,43,0,0,0,0,0,0,135068.0,102743.0,100360.0,97583.0,91849.0,94824.0,5000.0,7000.0,4049.0,1000.0,5003.0,0.0,0
23628,360000.0,2,2,1,41,0,0,0,0,0,0,270553.0,255348.0,262153.0,260025.0,169474.0,130705.0,10900.0,12500.0,12500.0,7000.0,5000.0,5200.0,0
23651,20000.0,2,2,2,34,0,0,0,0,0,0,18649.0,19727.0,20330.0,20199.0,19609.0,19957.0,1700.0,2000.0,1200.0,0.0,348.0,0.0,0
23652,290000.0,2,1,2,34,-1,-1,-1,-1,0,-1,1915.0,6136.0,0.0,28642.0,4098.0,19024.0,6151.0,0.0,28642.0,0.0,19426.0,0.0,0
23657,160000.0,2,2,1,41,1,2,0,0,0,0,99496.0,97013.0,98427.0,102250.0,102734.0,104901.0,0.0,3879.0,5459.0,3675.0,3821.0,8256.0,0
23670,450000.0,2,1,1,33,-2,-2,-2,-2,-2,-2,3485.0,2989.0,2278.0,4714.0,768.0,1069.0,3004.0,2289.0,4737.0,771.0,1074.0,370.0,0
23673,130000.0,2,2,3,48,-1,-1,-1,2,0,0,1778.0,0.0,109.0,109.0,109.0,0.0,0.0,109.0,0.0,0.0,0.0,0.0,0
23677,450000.0,2,1,2,37,0,-1,-1,-1,-1,-1,37070.0,17596.0,24965.0,0.0,1649.0,5212.0,17596.0,24965.0,0.0,1649.0,5212.0,535.0,0
23683,80000.0,2,3,1,52,-2,-2,-2,-2,-2,-2,210.0,-2.0,926.0,-1.0,401.0,0.0,0.0,928.0,0.0,402.0,0.0,0.0,0
23684,240000.0,2,1,1,44,-2,-2,-2,-2,-2,-2,2771.0,4756.0,3496.0,4708.0,1522.0,2407.0,4756.0,3496.0,4708.0,1522.0,2407.0,1576.0,0
23686,60000.0,2,3,1,63,0,0,0,0,0,0,59471.0,59021.0,49580.0,38140.0,29843.0,27719.0,2400.0,1940.0,1477.0,1025.0,1006.0,1261.0,0
23689,360000.0,2,3,1,50,-1,-1,-1,-1,-1,-1,846.0,1831.0,2776.0,0.0,44110.0,0.0,1831.0,2776.0,0.0,44110.0,0.0,2103.0,1
23693,90000.0,2,2,1,56,-1,-1,-1,-1,-1,-1,1160.0,4701.0,13878.0,6556.0,2947.0,4808.0,4701.0,13882.0,6556.0,2947.0,4808.0,3131.0,0
23697,100000.0,2,3,3,51,1,-2,-2,-2,-2,-2,0.0,0.0,0.0,0.0,0.0,0.0,0.0,0.0,0.0,0.0,0.0,0.0,1
23701,490000.0,2,1,1,53,-2,-2,-2,-2,-2,-2,1700.0,8913.0,0.0,400.0,4186.0,6205.0,8913.0,0.0,400.0,4186.0,6205.0,2025.0,0
23707,410000.0,2,2,1,50,0,0,0,0,0,0,249152.0,246659.0,248934.0,246011.0,240845.0,213767.0,9000.0,11000.0,10000.0,7500.0,8000.0,8000.0,0
23721,270000.0,2,3,1,58,-2,-2,-2,-2,-2,-2,936.0,1188.0,2078.0,795.0,828.0,1251.0,1188.0,2078.0,795.0,828.0,1251.0,2267.0,0
23730,50000.0,2,3,1,52,0,0,0,0,0,0,11463.0,12763.0,14149.0,15162.0,15463.0,15788.0,1500.0,1600.0,1252.0,553.0,574.0,747.0,0
23741,70000.0,2,2,1,57,0,0,0,0,0,0,18379.0,19571.0,22729.0,24346.0,24940.0,25539.0,1500.0,3500.0,2000.0,1000.0,1000.0,1500.0,0
23745,50000.0,2,2,1,55,0,0,0,0,0,0,23605.0,27856.0,16386.0,15511.0,15664.0,19761.0,5856.0,3386.0,5411.0,5664.0,5761.0,3866.0,0
23748,90000.0,2,2,1,55,2,2,2,0,0,0,83040.0,81998.0,83674.0,80890.0,31565.0,33049.0,900.0,4003.0,3000.0,3000.0,3000.0,2000.0,1
23756,50000.0,2,2,1,56,0,0,0,0,0,0,48703.0,48836.0,48049.0,47060.0,19171.0,18624.0,2000.0,2000.0,2000.0,1000.0,1000.0,1000.0,0
23764,50000.0,2,1,2,52,-1,0,0,0,0,-1,28594.0,33080.0,29233.0,23340.0,-300.0,31031.0,5000.0,3000.0,1000.0,0.0,31331.0,0.0,0
23765,50000.0,2,1,2,51,0,0,0,0,0,0,43273.0,44652.0,46331.0,47896.0,47266.0,48002.0,2800.0,2795.0,2750.0,1130.0,1314.0,1159.0,0
23767,200000.0,2,1,1,49,-1,-1,-1,-1,-2,-2,413.0,0.0,103.0,0.0,0.0,0.0,0.0,103.0,0.0,0.0,0.0,225.0,0
23773,80000.0,2,3,1,54,0,0,0,0,0,0,55498.0,56368.0,42486.0,24500.0,28900.0,29400.0,2000.0,2000.0,1600.0,5000.0,1000.0,600.0,0
23783,180000.0,2,1,1,53,1,-2,-2,-2,-2,-2,0.0,0.0,0.0,0.0,0.0,0.0,0.0,0.0,0.0,0.0,0.0,0.0,0
23791,120000.0,2,2,1,57,-2,-2,-2,-2,-2,-2,0.0,644.0,377.0,0.0,0.0,0.0,644.0,377.0,0.0,0.0,0.0,0.0,0
23795,310000.0,2,3,1,53,-2,-2,-2,-2,-2,-2,1126.0,2603.0,-6.0,1184.0,7883.0,193.0,2635.0,0.0,1190.0,7909.0,193.0,3189.0,0
23799,500000.0,2,3,2,53,-2,-2,-2,-2,-2,-2,0.0,0.0,0.0,0.0,0.0,1150.0,0.0,0.0,0.0,0.0,1150.0,0.0,1
23803,30000.0,2,3,1,67,2,2,0,0,0,0,26590.0,25869.0,26947.0,27529.0,24909.0,24576.0,0.0,1800.0,1370.0,1264.0,2078.0,836.0,1
23809,30000.0,2,2,3,54,1,-2,-2,-2,-1,0,0.0,0.0,0.0,0.0,20363.0,20819.0,0.0,0.0,0.0,20363.0,784.0,4000.0,0
23811,240000.0,2,2,1,50,-2,-2,-2,-2,-2,-2,664.0,1086.0,7041.0,12208.0,790.0,2009.0,1086.0,7041.0,12208.0,1109.0,2009.0,1077.0,0
23815,140000.0,2,3,2,53,0,0,0,0,0,0,68889.0,68662.0,65581.0,56271.0,54586.0,54247.0,3075.0,3014.0,2606.0,2005.0,2404.0,2629.0,0
23819,300000.0,2,2,1,51,-2,-2,-2,-2,-2,-2,0.0,0.0,0.0,0.0,0.0,0.0,0.0,0.0,0.0,0.0,0.0,0.0,1
23825,50000.0,2,3,1,51,0,0,0,0,0,0,45096.0,28907.0,29691.0,29104.0,28968.0,29440.0,1500.0,1508.0,1502.0,1100.0,1032.0,4500.0,0
23828,280000.0,2,2,1,50,2,2,2,2,0,0,106341.0,108711.0,111510.0,108253.0,109065.0,111447.0,5600.0,6000.0,0.0,4100.0,4300.0,4300.0,1
23843,250000.0,2,2,1,52,-2,-2,-2,-2,-2,-1,1376.0,4038.0,313.0,316.0,657.0,993.0,4038.0,313.0,316.0,657.0,993.0,3039.0,1
23846,190000.0,2,2,1,52,-2,-2,-1,-1,-1,-1,175.0,1547.0,6101.0,4803.0,5039.0,0.0,1547.0,6101.0,4803.0,5039.0,0.0,0.0,0
23849,220000.0,2,2,1,54,-1,-1,-1,-1,-1,-1,265.0,4786.0,2367.0,2873.0,11768.0,7484.0,4786.0,2367.0,2888.0,11768.0,7484.0,13062.0,0
23857,90000.0,1,1,2,31,2,0,0,0,0,0,90226.0,90378.0,27831.0,28790.0,29087.0,28941.0,2500.0,1500.0,1443.0,1100.0,1042.0,2000.0,1
23858,30000.0,1,2,2,49,1,2,2,0,0,-1,24597.0,26852.0,23117.0,24800.0,29410.0,23905.0,3000.0,0.0,3000.0,5000.0,23905.0,23771.0,0
23862,400000.0,1,2,1,30,-1,0,0,0,-1,-1,11633.0,12294.0,13038.0,13751.0,5765.0,21784.0,1200.0,1287.0,1000.0,5819.0,26957.0,507.0,0
23868,230000.0,1,2,2,29,-1,-1,0,0,0,0,566.0,5477.0,7996.0,6406.0,6040.0,6446.0,5480.0,4001.0,3000.0,3000.0,2000.0,5000.0,0
23878,200000.0,1,1,2,30,-2,-2,-2,-2,-2,-2,0.0,0.0,0.0,0.0,0.0,0.0,0.0,0.0,0.0,0.0,0.0,0.0,0
23881,360000.0,1,3,2,30,-2,-2,-2,-2,-2,-2,0.0,0.0,0.0,0.0,0.0,0.0,0.0,0.0,0.0,0.0,0.0,0.0,0
23885,300000.0,1,2,2,29,-2,-2,-2,-2,-2,-2,0.0,0.0,0.0,0.0,0.0,0.0,0.0,0.0,0.0,0.0,0.0,0.0,1
23886,400000.0,1,1,2,36,-2,-2,-2,-2,-2,-2,0.0,0.0,0.0,0.0,0.0,0.0,0.0,0.0,0.0,0.0,0.0,0.0,1
23889,50000.0,1,1,2,30,0,0,0,-1,-1,-2,50457.0,51400.0,0.0,3794.0,0.0,0.0,2400.0,0.0,3794.0,0.0,0.0,9551.0,0
23896,130000.0,1,2,2,29,1,2,2,2,2,2,88766.0,91466.0,93182.0,90851.0,96576.0,98452.0,5000.0,4000.0,0.0,7200.0,3500.0,3600.0,1
23905,20000.0,1,2,2,22,1,2,2,2,0,0,14542.0,14011.0,16899.0,16335.0,16509.0,17590.0,0.0,3132.0,0.0,742.0,1501.0,0.0,1
23907,20000.0,1,2,2,21,0,0,0,0,0,0,18671.0,18497.0,19633.0,18347.0,9347.0,0.0,1614.0,1750.0,1000.0,1000.0,0.0,0.0,0
23908,20000.0,1,1,2,22,0,0,0,0,0,0,19231.0,20235.0,21579.0,22231.0,22301.0,21687.0,1331.0,1675.0,1327.0,800.0,783.0,777.0,1
23912,60000.0,1,1,2,23,0,0,0,0,0,0,31348.0,50778.0,53407.0,19443.0,16597.0,18423.0,20109.0,5000.0,2000.0,1000.0,2000.0,1000.0,0
23914,20000.0,1,1,2,22,0,0,2,0,0,0,17875.0,20524.0,17478.0,18224.0,18926.0,19627.0,3300.0,0.0,1500.0,1000.0,1000.0,1000.0,0
23922,50000.0,1,3,2,23,0,0,-2,-2,-2,-2,4332.0,0.0,0.0,0.0,0.0,0.0,0.0,0.0,0.0,0.0,0.0,0.0,0
23924,20000.0,1,2,2,23,1,2,0,0,0,0,16830.0,14566.0,10100.0,9238.0,6902.0,5813.0,50.0,5000.0,1200.0,500.0,500.0,1000.0,0
23944,20000.0,1,2,2,24,0,0,2,3,2,2,14068.0,16706.0,18342.0,17755.0,17967.0,17538.0,3200.0,2200.0,0.0,800.0,0.0,1401.0,0
23957,20000.0,1,1,2,23,0,0,0,0,0,0,10242.0,18778.0,19065.0,18025.0,17414.0,17068.0,10000.0,1300.0,1300.0,609.0,700.0,1809.0,0
23970,140000.0,1,1,2,26,0,0,-2,-2,-1,-1,17376.0,4879.0,6266.0,4379.0,420.0,0.0,4907.0,6284.0,4392.0,420.0,0.0,245.0,0
23976,20000.0,1,1,2,25,0,0,0,0,0,0,26694.0,10298.0,9768.0,8798.0,9404.0,6864.0,1200.0,2000.0,2000.0,1000.0,1000.0,1000.0,0
23981,50000.0,1,2,2,23,0,0,0,-1,0,0,51274.0,50474.0,49724.0,48437.0,18712.0,19129.0,4175.0,41000.0,51705.0,700.0,718.0,700.0,0
23987,50000.0,1,2,2,25,0,0,4,3,2,2,29206.0,53086.0,51981.0,50805.0,51518.0,50713.0,25000.0,0.0,0.0,1800.0,108.0,2400.0,0
24004,20000.0,1,5,2,27,5,4,3,2,2,2,21673.0,21051.0,20440.0,19709.0,20113.0,19840.0,0.0,0.0,0.0,900.0,0.0,0.0,0
24010,30000.0,1,1,2,24,0,0,0,2,0,0,6003.0,4912.0,6214.0,3311.0,4430.0,906.0,1440.0,2259.0,0.0,1500.0,425.0,895.0,0
24028,190000.0,1,2,2,26,0,0,0,2,2,2,45694.0,52361.0,43563.0,40909.0,50758.0,36922.0,9000.0,8000.0,0.0,12000.0,3000.0,0.0,0
24029,130000.0,1,2,2,25,0,0,0,2,2,2,113290.0,112561.0,119435.0,105382.0,49643.0,46812.0,5650.0,12421.0,0.0,7000.0,0.0,2000.0,0
24036,210000.0,1,2,2,27,1,-1,2,0,0,-2,0.0,628.0,232.0,1067.0,-27.0,-27.0,628.0,0.0,1000.0,0.0,0.0,0.0,0
24051,370000.0,1,6,1,28,0,-1,-1,-1,-1,-1,64268.0,2868.0,3788.0,9424.0,2468.0,2468.0,2868.0,100332.0,9456.0,2468.0,2468.0,2468.0,0
24053,200000.0,1,3,2,28,0,0,0,0,0,0,203357.0,201115.0,192220.0,180090.0,184603.0,189340.0,7064.0,7048.0,6000.0,6500.0,7430.0,0.0,0
24066,20000.0,1,1,2,23,-1,-1,-1,-1,-1,-1,14697.0,11983.0,4098.0,14899.0,10170.0,7151.0,12483.0,4098.0,14899.0,10170.0,427.0,0.0,0
24071,80000.0,1,2,2,25,0,0,0,0,-2,-2,77901.0,79605.0,79207.0,0.0,0.0,0.0,3600.0,2407.0,0.0,0.0,0.0,0.0,0
24072,50000.0,1,1,2,25,0,0,0,-1,-1,-2,13886.0,14958.0,15726.0,1148.0,0.0,0.0,3000.0,5000.0,1148.0,0.0,0.0,0.0,0
24074,100000.0,1,2,1,28,0,0,0,0,0,0,74269.0,59948.0,56323.0,48985.0,23894.0,23402.0,2812.0,2081.0,2077.0,1003.0,1015.0,1000.0,0
24081,160000.0,1,2,2,28,0,0,-2,-2,-2,-2,7169.0,581.0,0.0,972.0,-1.0,-1.0,581.0,0.0,972.0,1.0,0.0,0.0,0
24088,90000.0,1,1,2,27,0,0,0,2,0,0,84404.0,86109.0,92140.0,88296.0,88357.0,85506.0,3100.0,8100.0,0.0,3200.0,3000.0,3500.0,0
24090,40000.0,1,2,2,28,-1,-1,-2,-2,-2,-2,3333.0,-167.0,-5187.0,-187.0,-187.0,113.0,167.0,4982.0,5000.0,0.0,3335.0,27000.0,0
24104,460000.0,1,1,2,29,0,0,0,0,0,0,428369.0,436349.0,449078.0,457587.0,240651.0,245605.0,16833.0,21000.0,20000.0,8000.0,8000.0,8100.0,0
24106,10000.0,1,2,2,23,0,0,0,0,0,0,4304.0,5324.0,6509.0,7313.0,6469.0,6988.0,1100.0,1279.0,1083.0,500.0,1000.0,1000.0,0
24107,50000.0,1,2,2,24,0,0,0,0,2,0,11772.0,13014.0,11199.0,12693.0,10764.0,10031.0,1469.0,1600.0,2000.0,0.0,350.0,509.0,0
24115,300000.0,1,2,1,29,0,0,0,0,0,-2,8857.0,8102.0,12214.0,27299.0,0.0,0.0,3000.0,5000.0,21312.0,0.0,0.0,0.0,0
24118,500000.0,1,1,2,28,0,0,0,0,0,0,92442.0,96905.0,111219.0,251573.0,300336.0,269964.0,7036.0,20042.0,150122.0,75182.0,11486.0,11162.0,0
24119,500000.0,1,1,2,27,0,0,0,0,0,0,252881.0,224633.0,486367.0,616836.0,250600.0,296217.0,30032.0,271636.0,30876.0,60044.0,50539.0,100562.0,0
24130,90000.0,1,2,2,27,0,0,0,0,0,0,64497.0,49929.0,41498.0,36492.0,24636.0,5298.0,2297.0,2406.0,1400.0,493.0,106.0,0.0,0
24131,200000.0,1,1,2,28,2,-1,3,2,-1,-1,833.0,932.0,662.0,311.0,355.0,1266.0,932.0,0.0,0.0,355.0,1200.0,0.0,0
24149,30000.0,1,3,2,29,0,0,0,0,0,0,27904.0,28547.0,29398.0,29864.0,30115.0,15818.0,1500.0,1700.0,1500.0,1010.0,1000.0,1000.0,0
24152,50000.0,1,1,2,27,0,0,0,0,0,0,47189.0,48182.0,49479.0,49704.0,19380.0,18653.0,1778.0,2075.0,1300.0,700.0,677.0,691.0,0
24154,230000.0,1,1,2,29,0,0,2,2,0,0,41154.0,44121.0,43286.0,39215.0,39814.0,40437.0,4000.0,2500.0,0.0,3000.0,3000.0,5000.0,0
24156,200000.0,1,2,2,29,3,2,2,4,4,4,2500.0,2500.0,2500.0,2500.0,2500.0,2500.0,0.0,0.0,0.0,0.0,0.0,0.0,1
24165,110000.0,1,2,2,28,2,2,2,2,2,0,109241.0,111541.0,113676.0,114223.0,110876.0,107710.0,5600.0,5400.0,4000.0,0.0,4000.0,3700.0,1
24168,20000.0,1,2,2,22,3,2,2,7,7,7,2400.0,2400.0,2400.0,2400.0,2400.0,2400.0,0.0,0.0,0.0,0.0,0.0,0.0,1
24174,140000.0,1,2,2,24,0,0,0,0,0,0,103884.0,105697.0,101636.0,97298.0,77081.0,72592.0,4000.0,4000.0,3800.0,3000.0,3300.0,2300.0,0
24177,110000.0,1,2,1,30,0,0,0,-1,2,2,35283.0,26000.0,9000.0,63853.0,59308.0,60576.0,1500.0,1500.0,63853.0,1500.0,2062.0,0.0,0
24192,20000.0,1,3,1,30,0,0,-1,-1,-1,-2,16925.0,12216.0,1179.0,1536.0,-301.0,-301.0,1000.0,1179.0,1536.0,0.0,0.0,0.0,1
24208,150000.0,1,2,2,25,0,0,0,0,0,0,141242.0,71740.0,146608.0,148658.0,135768.0,138681.0,4000.0,77000.0,6000.0,5000.0,5100.0,5100.0,0
24210,10000.0,1,1,2,24,-2,-2,-2,-1,0,0,-2.0,-391.0,-781.0,9211.0,9422.0,8853.0,0.0,0.0,10500.0,500.0,500.0,1000.0,0
24221,230000.0,1,1,2,30,0,-1,0,0,0,0,33400.0,36348.0,36163.0,32653.0,30821.0,29827.0,36348.0,3010.0,20000.0,1200.0,2000.0,1000.0,0
24231,300000.0,1,1,2,31,-1,-1,-2,-2,-2,-2,4370.0,0.0,0.0,0.0,0.0,0.0,0.0,0.0,0.0,0.0,0.0,0.0,0
24234,360000.0,1,3,1,31,-2,-2,-1,-1,0,0,0.0,392.0,827.0,136198.0,138722.0,141629.0,392.0,827.0,137101.0,5000.0,5119.0,5376.0,0
24235,220000.0,1,2,2,31,0,0,0,0,-2,-2,38386.0,40726.0,38597.0,0.0,0.0,0.0,3000.0,1000.0,0.0,0.0,0.0,0.0,0
24240,50000.0,1,2,2,30,1,1,-1,2,2,0,13745.0,-4338.0,46881.0,47832.0,46783.0,47890.0,125.0,52000.0,2000.0,0.0,2000.0,3700.0,0
24245,330000.0,1,1,2,31,0,0,0,-1,-1,0,165042.0,163406.0,137664.0,3381.0,40635.0,40490.0,9000.0,7558.0,5000.0,42054.0,3000.0,2000.0,0
24251,70000.0,1,1,2,30,-1,2,-1,2,-1,-1,832.0,416.0,832.0,416.0,416.0,1132.0,0.0,832.0,0.0,416.0,1132.0,0.0,0
24252,220000.0,1,2,2,30,0,0,0,0,0,0,91210.0,91093.0,76832.0,66879.0,55495.0,43369.0,4000.0,3000.0,2271.0,2009.0,1469.0,2000.0,0
24255,240000.0,1,2,2,31,0,0,0,0,0,0,231467.0,231619.0,234261.0,231597.0,42209.0,26348.0,8500.0,9358.0,5104.0,864.0,527.0,0.0,1
24267,150000.0,1,2,1,31,-2,-2,-2,-2,-2,-2,500.0,15338.0,0.0,0.0,650.0,1430.0,15338.0,0.0,0.0,650.0,1430.0,1200.0,0
24283,250000.0,1,1,2,31,-2,-2,-2,-2,-2,-2,0.0,0.0,7066.0,0.0,0.0,0.0,0.0,7066.0,145.0,0.0,0.0,2758.0,0
24288,200000.0,1,1,2,32,0,0,0,-2,-2,-2,78284.0,10532.0,0.0,0.0,0.0,0.0,5005.0,0.0,0.0,0.0,0.0,2842.0,0
24294,30000.0,1,2,2,47,0,0,0,0,0,0,29119.0,29827.0,29583.0,29166.0,29066.0,29008.0,1500.0,2019.0,1400.0,600.0,580.0,0.0,0
24309,420000.0,1,1,1,43,-2,-2,-2,-2,-2,-2,3542.0,2967.0,2977.0,2987.0,3624.0,3165.0,3010.0,3035.0,3029.0,3637.0,3222.0,3025.0,0
24319,210000.0,1,1,1,39,-1,-1,-1,-1,-2,-2,840.0,1665.0,610.0,0.0,0.0,0.0,1665.0,610.0,0.0,0.0,0.0,3514.0,0
24322,420000.0,1,1,2,35,0,0,0,0,0,0,413076.0,414013.0,417086.0,348345.0,287150.0,261219.0,15048.0,16078.0,12638.0,50700.0,20014.0,10127.0,0
24336,50000.0,1,2,3,37,0,0,0,0,0,-1,50239.0,49642.0,48381.0,44113.0,8522.0,17948.0,1799.0,2060.0,1014.0,170.0,17948.0,188.0,0
24345,300000.0,1,2,1,36,0,0,0,0,0,0,76382.0,166051.0,167541.0,167905.0,167974.0,170428.0,115718.0,7905.0,6509.0,5874.0,6116.0,6300.0,0
24348,240000.0,1,2,2,39,0,0,0,0,0,0,177795.0,167091.0,161691.0,165177.0,132478.0,138979.0,8576.0,8200.0,9009.0,5000.0,10500.0,0.0,0
24363,40000.0,1,2,3,37,0,0,0,0,2,0,20774.0,21778.0,22807.0,24993.0,24292.0,24800.0,1355.0,1384.0,2570.0,0.0,899.0,2006.0,0
24371,240000.0,1,2,2,46,0,0,0,0,0,0,262206.0,257969.0,256740.0,246364.0,127177.0,33622.0,9200.0,12000.0,5700.0,3200.0,1200.0,1000.0,1
24385,500000.0,1,3,1,49,-1,-1,-1,-1,-1,-1,12536.0,27882.0,35031.0,42145.0,7347.0,152769.0,28023.0,35477.0,42360.0,7387.0,153532.0,15603.0,0
24394,220000.0,1,1,1,49,-1,-1,-1,-1,-1,-1,1410.0,580.0,1386.0,-14.0,6160.0,1307.0,580.0,1386.0,0.0,6174.0,1307.0,1341.0,0
24395,20000.0,1,2,1,46,-1,2,0,0,0,0,7544.0,7277.0,8215.0,9200.0,10280.0,16130.0,0.0,1215.0,1200.0,1280.0,6000.0,0.0,1
24400,200000.0,1,3,2,33,-2,-2,-2,-2,-1,-1,2810.0,7114.0,1981.0,3959.0,5382.0,0.0,7149.0,2059.0,3978.0,5403.0,0.0,0.0,0
24403,160000.0,1,4,1,40,0,0,0,0,0,0,19978.0,27563.0,28350.0,25186.0,36100.0,21707.0,10000.0,5002.0,5000.0,14400.0,10000.0,4000.0,0
24407,260000.0,1,2,2,32,1,-2,-2,-2,-1,-1,3581.0,-9.0,-9.0,1935.0,999.0,0.0,0.0,0.0,1944.0,999.0,0.0,0.0,0
24411,20000.0,1,2,1,32,-1,-1,-1,-1,-1,-1,390.0,390.0,390.0,0.0,780.0,0.0,390.0,390.0,0.0,780.0,0.0,0.0,0
24418,400000.0,1,1,1,38,-1,-1,-1,-1,-1,-1,1751.0,7046.0,2026.0,8686.0,8526.0,4041.0,7046.0,2026.0,8686.0,8526.0,4041.0,9511.0,0
24419,80000.0,1,3,1,43,1,-2,-2,-2,-2,-1,0.0,0.0,0.0,0.0,0.0,2060.0,0.0,0.0,0.0,0.0,2060.0,0.0,0
24424,10000.0,1,2,1,36,2,0,0,0,0,0,9075.0,8593.0,9582.0,8986.0,9691.0,9889.0,2000.0,1300.0,1200.0,1000.0,1000.0,569.0,0
24425,50000.0,1,1,1,47,1,-2,-1,-1,-2,-2,0.0,0.0,1708.0,0.0,0.0,0.0,0.0,1708.0,0.0,0.0,0.0,0.0,0
24437,260000.0,1,1,2,37,-2,-2,-2,-2,-2,-2,256.0,188.0,188.0,198.0,217.0,1825.0,188.0,188.0,198.0,217.0,1825.0,198.0,0
24454,110000.0,1,5,1,36,0,0,0,0,0,0,58949.0,60131.0,61329.0,62402.0,63112.0,64325.0,3000.0,3000.0,3000.0,2500.0,3000.0,2500.0,0
24455,210000.0,1,2,2,31,0,0,0,0,0,0,189650.0,127111.0,93208.0,88223.0,84175.0,80305.0,5000.0,4200.0,3100.0,3000.0,3100.0,3000.0,0
24464,310000.0,1,1,2,33,-1,-1,-1,-1,-1,-1,10878.0,12910.0,990.0,0.0,1715.0,11936.0,12910.0,990.0,0.0,1715.0,11936.0,277.0,0
24466,80000.0,1,2,2,32,0,0,0,0,0,0,78239.0,80426.0,81767.0,78340.0,36895.0,39079.0,4500.0,5009.0,5000.0,2000.0,4000.0,1500.0,1
24471,400000.0,1,2,1,35,0,0,0,0,-1,0,212647.0,148816.0,129580.0,50790.0,49106.0,40591.0,6000.0,9353.0,10000.0,49106.0,2000.0,2000.0,0
24475,200000.0,1,1,1,36,-1,-1,-1,-1,-1,-1,1990.0,1186.0,4078.0,3000.0,3849.0,4479.0,1186.0,4092.0,3000.0,3849.0,4479.0,8120.0,0
24488,20000.0,1,2,1,34,0,0,0,0,0,2,9662.0,10673.0,11998.0,13010.0,13750.0,13389.0,1180.0,1505.0,1517.0,1257.0,0.0,900.0,1
24497,290000.0,1,2,1,36,0,0,0,0,0,0,42512.0,23991.0,22416.0,17016.0,12567.0,17199.0,3000.0,2010.0,3000.0,3000.0,5000.0,5000.0,0
24501,60000.0,1,1,2,36,1,2,0,0,2,0,104492.0,53348.0,52817.0,57954.0,56556.0,55220.0,5200.0,3000.0,8500.0,0.0,4000.0,7000.0,0
24510,80000.0,1,1,2,33,0,0,0,0,0,0,59991.0,63371.0,65616.0,36159.0,36712.0,38194.0,5000.0,4000.0,2500.0,2500.0,2000.0,1000.0,0
24511,50000.0,1,2,2,31,0,0,0,0,0,0,50275.0,45673.0,48833.0,31769.0,9713.0,9521.0,2000.0,5000.0,2500.0,500.0,317.0,1000.0,0
24514,290000.0,1,1,1,40,0,0,0,0,0,0,97193.0,98441.0,95169.0,93718.0,89712.0,82809.0,6000.0,4000.0,4250.0,5000.0,3241.0,3500.0,0
24517,80000.0,1,2,1,43,-1,-1,0,0,0,0,435.0,4495.0,5333.0,7136.0,7599.0,7554.0,4495.0,1500.0,2500.0,1000.0,500.0,1000.0,0
24523,200000.0,1,1,1,31,-1,-1,-1,-1,-1,-1,990.0,1000.0,6855.0,1500.0,9181.0,7443.0,1010.0,6855.0,1500.0,9181.0,7443.0,2009.0,0
24527,500000.0,1,1,1,32,0,0,0,0,0,0,305575.0,231984.0,228765.0,185694.0,179853.0,178763.0,9824.0,10910.0,7239.0,5576.0,6717.0,6128.0,0
24540,320000.0,1,2,1,39,0,0,0,0,0,0,103918.0,93768.0,91523.0,91579.0,91193.0,92837.0,9203.0,3317.0,3506.0,4218.0,5000.0,6080.0,0
24552,270000.0,1,1,1,37,0,0,0,0,0,0,174532.0,167536.0,171865.0,176167.0,105523.0,45258.0,6900.0,7900.0,8800.0,4700.0,2100.0,60000.0,1
24555,240000.0,1,1,2,30,0,0,0,0,0,0,213483.0,216856.0,220514.0,217068.0,5886.0,11841.0,8008.0,10038.0,10029.0,1038.0,7000.0,0.0,0
24557,260000.0,1,1,2,31,-1,-1,-1,-1,-1,-1,500.0,0.0,832.0,0.0,284.0,463.0,0.0,832.0,0.0,284.0,463.0,0.0,1
24565,70000.0,1,3,2,39,0,0,0,0,0,0,18219.0,19606.0,20980.0,22320.0,22650.0,23136.0,2000.0,2000.0,2000.0,1000.0,1000.0,2100.0,0
24566,160000.0,1,2,1,42,1,-2,-2,-2,-2,-2,0.0,0.0,0.0,0.0,0.0,0.0,0.0,0.0,0.0,0.0,0.0,2535.0,0
24573,50000.0,1,2,2,36,0,0,0,0,0,0,52045.0,49714.0,50908.0,49756.0,27702.0,27429.0,2000.0,2005.0,1432.0,1008.0,3007.0,2003.0,0
24584,340000.0,1,2,1,34,-1,0,0,0,0,0,335002.0,319219.0,271435.0,267100.0,263741.0,267488.0,12510.0,12101.0,10045.0,10010.0,10000.0,9800.0,1
24586,60000.0,1,2,1,45,0,0,0,0,0,0,25513.0,13941.0,13265.0,13645.0,14538.0,14923.0,1300.0,1600.0,1300.0,1500.0,1000.0,2000.0,0
24587,200000.0,1,1,2,33,-1,-1,-1,-1,-1,-1,1201.0,0.0,973.0,0.0,161.0,1174.0,0.0,973.0,0.0,161.0,1174.0,598.0,0
24588,350000.0,1,2,2,34,0,0,0,0,0,0,38021.0,29493.0,31838.0,32369.0,33478.0,83304.0,3000.0,3000.0,3000.0,1500.0,52000.0,3000.0,0
24590,100000.0,1,2,2,28,-2,-2,-2,-2,-1,-1,0.0,0.0,0.0,0.0,60.0,210.0,0.0,0.0,0.0,60.0,300.0,3700.0,0
24593,100000.0,1,2,1,29,-1,-1,-1,-2,-2,-2,1200.0,2100.0,0.0,0.0,0.0,0.0,2100.0,0.0,0.0,0.0,0.0,4332.0,1
24618,190000.0,1,1,2,36,1,2,2,2,2,2,105418.0,107689.0,109678.0,110887.0,111871.0,114223.0,5500.0,5200.0,4500.0,4300.0,4300.0,4400.0,1
24638,420000.0,1,2,2,30,0,0,0,0,0,0,122418.0,113122.0,89586.0,83713.0,55375.0,54291.0,4816.0,4128.0,3147.0,2018.0,3130.0,3006.0,0
24639,250000.0,1,2,2,28,0,0,0,2,2,0,149678.0,152704.0,163101.0,164953.0,160805.0,164411.0,7000.0,14400.0,6000.0,0.0,6200.0,6200.0,0
24648,70000.0,1,2,2,34,0,0,0,0,0,0,69368.0,69259.0,71488.0,64601.0,32099.0,26626.0,4000.0,4000.0,2013.0,1500.0,1000.0,4000.0,0
24656,210000.0,1,2,1,45,0,0,0,0,0,0,56024.0,57148.0,58338.0,59529.0,60720.0,61980.0,1836.0,1897.0,1936.0,1952.0,2013.0,9062.0,1
24661,180000.0,1,1,2,39,-2,-2,-2,-2,-2,-2,0.0,444.0,182.0,0.0,0.0,0.0,444.0,182.0,0.0,0.0,0.0,540.0,0
24671,360000.0,1,2,1,36,0,0,0,-1,0,0,33051.0,13614.0,-5386.0,250214.0,255296.0,261401.0,1000.0,2544.0,261000.0,9000.0,10000.0,10000.0,0
24687,730000.0,1,2,1,37,0,0,0,0,-1,0,70309.0,61991.0,49082.0,26873.0,514114.0,499100.0,20000.0,14023.0,9035.0,528897.0,22005.0,15000.0,0
24689,500000.0,1,3,1,46,-1,-1,-1,-1,-1,-1,4031.0,3684.0,7544.0,14459.0,9736.0,9123.0,3709.0,7594.0,14484.0,9762.0,9142.0,17241.0,0
24699,200000.0,1,1,1,36,-2,-1,-1,-1,-1,0,239.0,2925.0,3421.0,301.0,9585.0,8374.0,2925.0,3421.0,301.0,10217.0,0.0,0.0,0
24700,220000.0,1,3,2,33,0,0,0,0,0,0,62770.0,86968.0,57675.0,75892.0,49548.0,35530.0,40000.0,25000.0,25000.0,10000.0,10000.0,10000.0,0
24701,280000.0,1,2,2,47,0,0,0,0,0,0,92288.0,77428.0,78544.0,63106.0,63465.0,64031.0,4004.0,3504.0,3204.0,2304.0,2504.0,2304.0,0
24707,50000.0,1,3,2,35,0,0,0,0,0,0,38536.0,39891.0,41945.0,44064.0,45182.0,47408.0,2000.0,2381.0,2500.0,1500.0,3000.0,0.0,0
24712,180000.0,1,3,1,41,2,0,0,0,2,0,111786.0,115921.0,117428.0,104153.0,100148.0,98165.0,6000.0,5000.0,9000.0,0.0,5000.0,7130.0,0
24717,20000.0,1,2,1,43,2,0,0,2,0,0,11573.0,12372.0,14946.0,14409.0,16659.0,17887.0,1300.0,2787.0,0.0,2500.0,1500.0,0.0,1
24737,160000.0,1,2,1,47,-1,-1,-1,-1,-1,0,988.0,779.0,637.0,2667.0,16746.0,23591.0,779.0,638.0,2670.0,16746.0,7069.0,7000.0,0
24742,50000.0,1,2,1,43,0,0,0,0,0,0,48919.0,48775.0,48731.0,48934.0,29116.0,28999.0,1800.0,2200.0,1400.0,582.0,580.0,30000.0,0
24745,130000.0,1,2,1,46,0,0,0,0,0,0,46849.0,44861.0,46405.0,44342.0,45641.0,40945.0,1802.0,3005.0,1603.0,3022.0,1005.0,3308.0,0
24749,70000.0,1,1,1,39,0,0,0,0,0,0,60412.0,67474.0,68750.0,59186.0,48178.0,46197.0,8137.0,3100.0,7172.0,10000.0,1662.0,3000.0,0
24760,220000.0,1,1,2,35,1,2,0,0,2,2,190105.0,185836.0,187220.0,199542.0,202036.0,200956.0,0.0,6600.0,15200.0,7000.0,2000.0,15000.0,1
24764,110000.0,1,5,1,36,-1,0,0,0,0,0,3385.0,31169.0,50526.0,51816.0,34262.0,23366.0,28000.0,20000.0,3000.0,3000.0,3000.0,3000.0,0
24768,80000.0,1,2,1,39,2,0,0,0,0,0,59999.0,61205.0,62620.0,63870.0,64114.0,65932.0,2800.0,3000.0,2901.0,2500.0,3000.0,5202.0,1
24790,20000.0,1,1,2,34,0,0,0,0,0,0,15415.0,16423.0,17594.0,18552.0,18522.0,18900.0,1271.0,1442.0,1400.0,370.0,378.0,0.0,0
24795,240000.0,1,1,1,43,0,0,0,0,0,0,223151.0,226688.0,230690.0,213633.0,176135.0,179027.0,7766.0,8300.0,7200.0,6200.0,6550.0,6107.0,1
24796,120000.0,1,2,1,48,-1,-1,-1,-1,-1,-1,13544.0,2671.0,14940.0,41990.0,1493.0,36186.0,3000.0,15928.0,43000.0,1493.0,36200.0,27277.0,0
24797,70000.0,1,3,1,46,0,0,0,0,2,2,24345.0,25349.0,26694.0,28935.0,28174.0,30061.0,1414.0,1759.0,3000.0,0.0,2500.0,0.0,0
24800,240000.0,1,3,1,41,1,2,2,2,2,-2,101060.0,104498.0,106628.0,102650.0,0.0,0.0,6000.0,4650.0,0.0,0.0,0.0,0.0,0
24804,260000.0,1,2,1,31,-1,2,-1,-1,-1,-1,7559.0,4860.0,1350.0,4645.0,4625.0,12209.0,0.0,1350.0,4645.0,4625.0,12209.0,4365.0,0
24806,20000.0,1,3,2,36,-1,-1,-1,-1,-1,-1,416.0,0.0,832.0,0.0,832.0,1486.0,0.0,832.0,0.0,832.0,1486.0,0.0,0
24808,460000.0,1,1,1,40,0,0,0,0,0,0,235388.0,213905.0,217909.0,195811.0,199712.0,203895.0,8000.0,7500.0,7100.0,7100.0,7342.0,8000.0,0
24817,240000.0,1,2,1,36,0,0,0,0,0,0,239003.0,227962.0,231284.0,239410.0,184094.0,101776.0,9700.0,8500.0,12036.0,8300.0,5000.0,5000.0,0
24827,40000.0,1,1,1,35,0,0,0,0,0,0,30927.0,18228.0,19256.0,20429.0,32279.0,32940.0,1300.0,1327.0,1500.0,12279.0,1350.0,2000.0,0
24829,310000.0,1,2,1,41,-2,-2,-2,-2,-2,-2,34682.0,23594.0,-26.0,5333.0,-56.0,-56.0,23712.0,0.0,5359.0,0.0,0.0,0.0,0
24837,260000.0,1,2,1,37,0,0,0,0,0,0,131472.0,134283.0,130398.0,134075.0,130448.0,134477.0,5036.0,5000.0,5035.0,5000.0,5097.0,5008.0,0
24846,210000.0,1,2,1,42,-1,-1,-1,-1,-1,-1,3096.0,5260.0,3298.0,2972.0,975.0,3441.0,5260.0,3298.0,2972.0,975.0,3441.0,1666.0,0
24850,310000.0,1,1,2,32,-2,-2,-2,-2,-2,-2,8242.0,32447.0,17314.0,8639.0,12862.0,4553.0,32617.0,17417.0,8702.0,12926.0,4575.0,1990.0,0
24852,200000.0,1,1,1,41,-1,-1,-1,2,0,-1,1980.0,1802.0,5647.0,3604.0,1802.0,1802.0,1802.0,5647.0,0.0,0.0,1802.0,3829.0,0
24866,90000.0,1,2,2,35,-1,-1,3,2,-1,-1,941.0,3008.0,1882.0,941.0,266.0,-675.0,3008.0,200.0,0.0,266.0,0.0,3264.0,1
24872,310000.0,1,1,1,43,-1,2,-1,-1,-1,-1,2432.0,261.0,2745.0,-626.0,110.0,-154.0,0.0,4000.0,0.0,1000.0,0.0,0.0,0
24882,200000.0,1,1,1,43,0,0,0,0,0,0,145901.0,144678.0,140804.0,136437.0,135253.0,134629.0,5216.0,5090.0,5014.0,5009.0,4844.0,5002.0,0
24892,410000.0,1,2,1,46,-1,-1,-1,-1,-1,-1,5135.0,2916.0,13379.0,5165.0,5034.0,3089.0,2916.0,13379.0,5180.0,5851.0,3089.0,6271.0,0
24895,500000.0,1,1,2,40,-1,-1,-1,0,-1,-1,2594.0,1184.0,17740.0,36657.0,2631.0,26231.0,1190.0,17840.0,36639.0,2644.0,26363.0,35908.0,0
24906,200000.0,1,2,1,32,-1,-1,-1,-1,-1,-1,3254.0,1988.0,2780.0,3107.0,6687.0,24524.0,1998.0,2795.0,3117.0,6700.0,24538.0,2797.0,0
24907,50000.0,1,2,2,32,5,4,3,2,0,0,46750.0,45734.0,44741.0,43562.0,44039.0,45008.0,0.0,0.0,0.0,1262.0,1358.0,1275.0,0
24908,400000.0,1,3,1,33,0,0,2,0,0,0,2487.0,4708.0,2192.0,11111.0,5675.0,5071.0,4009.0,6.0,10248.0,4721.0,4114.0,1855.0,1
24910,440000.0,1,1,2,33,-2,-2,-2,-2,-2,-2,2380.0,1750.0,4697.0,7502.0,2249.0,4532.0,1750.0,4697.0,7502.0,2249.0,4532.0,101750.0,0
24916,200000.0,1,1,3,47,0,0,0,0,0,0,202967.0,203188.0,198576.0,186981.0,137486.0,140473.0,7208.0,7282.0,5835.0,5000.0,5500.0,4954.0,1
24930,350000.0,1,2,1,38,1,2,0,0,2,0,70845.0,69318.0,71301.0,75129.0,71313.0,68046.0,0.0,3500.0,5500.0,0.0,2500.0,2000.0,0
24931,200000.0,1,1,1,44,-1,-1,-1,-1,-2,-2,3983.0,4884.0,3165.0,0.0,0.0,0.0,4884.0,3165.0,0.0,0.0,0.0,0.0,0
24933,180000.0,1,3,1,36,-1,-1,-1,-1,-1,-1,1321.0,590.0,584.0,1196.0,3040.0,8009.0,590.0,584.0,1202.0,3049.0,8009.0,7820.0,0
24942,360000.0,1,1,2,36,-1,-1,-1,-1,-1,-1,415.0,-350.0,325.0,765.0,24851.0,414.0,0.0,1000.0,765.0,24851.0,414.0,30664.0,0
24944,150000.0,1,1,1,40,0,0,0,0,0,-1,133013.0,123548.0,94995.0,52874.0,64269.0,73351.0,4159.0,4221.0,3094.0,30454.0,100049.0,5098.0,1
24951,50000.0,1,2,1,35,1,2,0,0,2,0,45442.0,44411.0,45596.0,48089.0,46790.0,46982.0,0.0,1900.0,3300.0,0.0,1558.0,1833.0,0
24952,430000.0,1,1,1,35,-2,-2,-2,-2,-2,-2,0.0,0.0,0.0,0.0,0.0,2178.0,0.0,0.0,0.0,0.0,2178.0,2125.0,0
24957,60000.0,1,2,2,31,0,0,0,0,-1,0,53954.0,57469.0,37861.0,60993.0,2343.0,6707.0,5000.0,5000.0,25500.0,3000.0,6000.0,5000.0,0
24968,260000.0,1,5,1,47,-1,-1,-1,-1,-1,-1,3469.0,1579.0,879.0,697.0,396.0,3635.0,1579.0,879.0,697.0,396.0,3635.0,5964.0,0
24970,80000.0,1,2,2,36,2,2,2,0,0,0,48751.0,49853.0,48781.0,50170.0,51237.0,52360.0,2200.0,0.0,2500.0,2500.0,2100.0,2000.0,1
24975,240000.0,1,1,1,35,0,0,0,0,0,0,188964.0,183744.0,168683.0,155064.0,148969.0,148619.0,8000.0,6017.0,6900.0,5250.0,5400.0,6200.0,0
24977,420000.0,1,2,1,38,0,0,0,0,0,0,293402.0,297672.0,304702.0,311889.0,182087.0,185152.0,10433.0,12000.0,13302.0,7002.0,6500.0,7000.0,0
24982,200000.0,1,1,1,42,1,-2,-2,-2,-2,-2,0.0,0.0,0.0,0.0,0.0,0.0,0.0,0.0,0.0,0.0,0.0,0.0,0
24987,20000.0,1,3,1,38,0,0,-1,0,0,0,17860.0,11627.0,19648.0,18459.0,18824.0,19220.0,1400.0,19648.0,1307.0,672.0,698.0,718.0,0
24990,370000.0,1,1,1,45,0,0,0,0,0,0,123485.0,129885.0,134782.0,141002.0,145637.0,149281.0,10000.0,7000.0,10000.0,7000.0,6000.0,6000.0,0
24993,500000.0,1,1,1,31,1,-2,-2,-2,-1,0,0.0,0.0,0.0,0.0,881.0,881.0,0.0,0.0,0.0,881.0,0.0,0.0,1
25002,260000.0,1,2,2,35,0,0,0,0,0,0,493411.0,400108.0,297313.0,276948.0,2378.0,-2709.0,12325.0,6633.0,6889.0,1025.0,2047.0,194102.0,1
25004,360000.0,1,3,1,37,-1,-1,-1,-2,-2,-2,1090.0,303.0,0.0,0.0,0.0,0.0,303.0,0.0,0.0,0.0,0.0,860.0,0
25005,50000.0,1,3,1,49,0,0,0,0,0,0,48584.0,49070.0,50076.0,48995.0,19780.0,15102.0,2000.0,5000.0,2305.0,3000.0,559.0,3000.0,0
25013,140000.0,1,1,1,50,0,0,0,0,0,0,83957.0,87160.0,89365.0,91005.0,94651.0,97132.0,5000.0,4000.0,3618.0,5481.0,5000.0,5000.0,0
25032,90000.0,1,2,1,58,0,0,0,0,0,0,93737.0,85818.0,88988.0,50780.0,50929.0,48735.0,3600.0,5100.0,2200.0,2200.0,1944.0,2200.0,0
25043,20000.0,1,2,2,52,0,0,0,2,2,-2,13874.0,14488.0,16029.0,15470.0,0.0,0.0,1238.0,2559.0,0.0,0.0,0.0,0.0,0
25045,50000.0,1,3,1,60,1,2,0,0,0,0,52198.0,50062.0,50284.0,50740.0,30175.0,30407.0,0.0,2310.0,1766.0,1201.0,1232.0,1199.0,0
25051,200000.0,1,3,2,61,0,0,-1,-1,-1,-1,3030.0,7277.0,6655.0,3455.0,0.0,1930.0,7007.0,6655.0,3455.0,0.0,1930.0,5450.0,1
25054,500000.0,1,1,1,55,3,2,2,2,2,2,4957.0,4957.0,4957.0,4957.0,4957.0,4957.0,0.0,0.0,0.0,0.0,0.0,0.0,1
25057,210000.0,1,2,2,52,-2,-2,-2,-2,-2,-1,5649.0,5398.0,435.0,18950.0,6804.0,59999.0,5425.0,437.0,19053.0,6838.0,59999.0,214.0,0
25064,20000.0,1,3,2,55,0,0,0,0,0,0,19978.0,18910.0,18962.0,19886.0,18978.0,17124.0,1594.0,1476.0,1400.0,380.0,342.0,672.0,1
25085,500000.0,1,1,1,51,1,2,2,0,0,0,231300.0,235865.0,230713.0,235401.0,238828.0,243477.0,9838.0,0.0,10018.0,8845.0,8800.0,9000.0,0
25088,550000.0,1,1,1,53,0,0,0,0,0,0,201417.0,205430.0,209720.0,214030.0,218096.0,210264.0,7110.0,7353.0,7534.0,7385.0,7253.0,15000.0,0
25089,330000.0,1,1,1,54,-2,-2,-2,-2,-2,-2,0.0,41219.0,374.0,0.0,15900.0,8601.0,41219.0,374.0,0.0,15900.0,8601.0,38000.0,0
25098,50000.0,1,3,1,55,0,0,-2,-2,-2,-2,30900.0,0.0,0.0,0.0,0.0,0.0,0.0,0.0,0.0,0.0,0.0,0.0,1
25103,50000.0,1,2,1,54,2,2,2,2,0,0,49264.0,50310.0,50782.0,49335.0,50133.0,51071.0,2500.0,1900.0,0.0,1937.0,2224.0,2148.0,1
25105,110000.0,1,2,1,49,0,0,0,0,0,0,106264.0,107417.0,108803.0,82231.0,25687.0,27266.0,4400.0,3600.0,4138.0,1000.0,2000.0,2000.0,0
25106,100000.0,1,1,1,55,0,0,0,0,0,0,10712.0,18135.0,31498.0,17158.0,18758.0,17168.0,8000.0,2000.0,4000.0,2000.0,3000.0,0.0,0
25109,230000.0,1,2,1,60,0,0,0,0,0,0,131550.0,132114.0,133281.0,123958.0,124474.0,120570.0,6057.0,4845.0,4291.0,4115.0,4274.0,4054.0,0
25111,30000.0,1,3,2,53,0,0,0,-2,-2,-2,24181.0,16829.0,0.0,0.0,0.0,0.0,3000.0,0.0,0.0,0.0,0.0,0.0,0
25112,50000.0,1,3,1,55,-1,-1,-1,0,0,0,1344.0,780.0,13032.0,14292.0,16698.0,15436.0,1200.0,13032.0,1500.0,3000.0,554.0,2000.0,0
25113,130000.0,1,3,1,51,0,0,0,0,0,0,124626.0,121645.0,125789.0,128159.0,123121.0,123323.0,4500.0,6100.0,6000.0,5000.0,4600.0,5000.0,0
25124,500000.0,1,5,1,53,0,0,0,0,0,0,431243.0,415022.0,421996.0,426103.0,125218.0,126650.0,11000.0,12602.0,11000.0,4711.0,6000.0,11000.0,0
25127,740000.0,1,1,1,50,0,0,0,0,0,0,321279.0,316083.0,317219.0,296560.0,285912.0,268257.0,13000.0,13200.0,11000.0,10000.0,10000.0,15000.0,0
25136,250000.0,1,3,1,56,-1,-1,-1,-1,-1,-1,6297.0,8636.0,17038.0,5169.0,12818.0,2328.0,8657.0,23744.0,5169.0,14008.0,2328.0,17285.0,0
25156,30000.0,2,2,1,24,1,2,2,2,2,2,29654.0,28570.0,31085.0,29945.0,30373.0,29476.0,0.0,3300.0,0.0,2158.0,0.0,1100.0,0
25157,30000.0,2,3,1,23,0,0,0,0,0,0,26117.0,27028.0,27510.0,27817.0,28130.0,27141.0,1737.0,1609.0,1306.0,1455.0,857.0,1087.0,0
25159,30000.0,2,2,2,22,1,2,2,-1,2,2,22623.0,3019.0,-341.0,1129.0,1470.0,339.0,10.0,0.0,1470.0,341.0,0.0,12324.0,1
25167,390000.0,2,1,2,27,1,-2,-1,-1,-1,0,0.0,0.0,6757.0,0.0,3339.0,3339.0,0.0,6757.0,0.0,3339.0,0.0,0.0,0
25179,10000.0,2,1,2,22,0,0,0,0,0,0,7302.0,7857.0,8827.0,5622.0,5877.0,7036.0,1330.0,1300.0,1250.0,500.0,1255.0,315.0,0
25180,50000.0,2,3,2,23,0,0,0,0,0,-1,32789.0,7006.0,8880.0,15088.0,-574.0,27529.0,1500.0,2000.0,6700.0,5000.0,28103.0,1032.0,0
25187,30000.0,2,1,2,22,0,0,0,0,0,0,22271.0,23273.0,23268.0,23100.0,23286.0,24804.0,1379.0,1454.0,1276.0,1286.0,1804.0,2000.0,0
25197,30000.0,2,2,2,23,2,2,2,2,2,2,12376.0,13475.0,12973.0,15144.0,14603.0,15767.0,1600.0,0.0,2700.0,0.0,1400.0,0.0,1
25204,30000.0,2,2,1,22,0,-1,-1,-1,-1,-1,3118.0,2411.0,1260.0,1179.0,-101.0,890.0,2414.0,1260.0,1181.0,101.0,991.0,579.0,0
25205,120000.0,2,1,2,23,0,0,0,0,0,0,117035.0,115624.0,117204.0,116835.0,77926.0,76993.0,6000.0,6000.0,4000.0,4000.0,3000.0,3500.0,0
25227,80000.0,2,2,2,25,0,0,2,2,2,2,26855.0,28789.0,31026.0,31401.0,31986.0,32468.0,2386.0,2998.0,1183.0,1400.0,1139.0,0.0,0
25235,130000.0,2,2,2,25,0,0,0,0,0,0,128976.0,131763.0,128300.0,89007.0,90126.0,98665.0,7100.0,6000.0,4200.0,3500.0,10000.0,0.0,0
25247,270000.0,2,2,2,25,0,0,0,0,0,0,38525.0,39492.0,33898.0,35272.0,37201.0,31447.0,2000.0,2000.0,2000.0,2408.0,1500.0,2013.0,0
25249,120000.0,2,2,2,23,3,2,2,5,5,4,1250.0,1250.0,1250.0,1250.0,1250.0,650.0,0.0,0.0,0.0,0.0,0.0,0.0,0
25254,50000.0,2,2,2,26,0,0,0,0,0,0,50952.0,50836.0,50055.0,50641.0,40672.0,39960.0,2700.0,2000.0,2700.0,1700.0,1600.0,1800.0,0
25256,30000.0,2,1,2,23,2,0,0,0,0,0,25366.0,26554.0,27435.0,28270.0,28632.0,30193.0,2000.0,2000.0,2000.0,1500.0,2400.0,1100.0,1
25259,80000.0,2,1,2,23,-1,-1,-1,-1,-1,-1,740.0,8956.0,836.0,836.0,836.0,836.0,9052.0,836.0,836.0,836.0,836.0,3590.0,0
25266,110000.0,2,2,2,24,0,0,0,0,0,0,98843.0,92820.0,78232.0,69426.0,70987.0,75835.0,3200.0,3500.0,3000.0,3500.0,7000.0,3000.0,0
25267,140000.0,2,2,2,24,-1,-1,-1,-2,-1,0,22732.0,6624.0,-514.0,-1334.0,2125.0,1606.0,6624.0,0.0,0.0,3731.0,0.0,0.0,0
25273,50000.0,2,2,1,25,0,-1,-1,-1,0,0,7444.0,326.0,326.0,15493.0,8210.0,8133.0,326.0,326.0,15493.0,284.0,371.0,652.0,0
25275,80000.0,2,3,2,22,0,0,0,-1,-1,0,23023.0,23480.0,0.0,780.0,23818.0,23917.0,2100.0,0.0,780.0,23818.0,1011.0,1000.0,0
25283,70000.0,2,3,2,24,0,0,0,0,0,0,69039.0,68609.0,69217.0,69327.0,68582.0,68677.0,3000.0,4000.0,3200.0,3000.0,3000.0,3000.0,0
25287,80000.0,2,2,1,26,2,0,0,0,0,0,78768.0,79611.0,80770.0,53142.0,55064.0,28750.0,3500.0,4450.0,2249.0,1200.0,2400.0,1100.0,0
25302,80000.0,2,3,2,25,0,0,0,0,0,0,88786.0,86391.0,84871.0,81813.0,45094.0,38121.0,3200.0,4000.0,3000.0,1500.0,1500.0,1300.0,0
25325,260000.0,2,3,2,27,0,0,0,0,0,0,106164.0,105133.0,100606.0,93022.0,61746.0,47819.0,3834.0,4523.0,3154.0,2025.0,1709.0,2011.0,0
25337,50000.0,2,1,2,27,0,0,0,0,0,0,44402.0,44977.0,46546.0,46033.0,48656.0,41674.0,2000.0,3000.0,2400.0,3023.0,5000.0,0.0,0
25340,50000.0,2,2,2,24,0,0,2,0,-1,0,16691.0,15412.0,12420.0,13156.0,28315.0,28908.0,3500.0,0.0,1329.0,29328.0,1049.0,1186.0,0
25344,210000.0,2,5,2,27,1,-2,-1,-1,-2,-2,0.0,0.0,780.0,0.0,0.0,0.0,0.0,780.0,0.0,0.0,0.0,0.0,0
25368,90000.0,2,1,2,24,0,0,0,-2,-2,-2,77860.0,76387.0,0.0,0.0,0.0,0.0,3292.0,0.0,0.0,0.0,0.0,0.0,0
25370,210000.0,2,1,2,27,-1,0,0,0,2,-1,39397.0,38683.0,39210.0,38986.0,689.0,2040.0,2000.0,1985.0,1300.0,0.0,2040.0,4081.0,0
25377,200000.0,2,1,2,29,0,0,-1,-1,-1,0,11347.0,30478.0,7892.0,1961.0,1357.0,1357.0,25000.0,8082.0,2580.0,1357.0,0.0,0.0,0
25384,30000.0,2,2,2,29,2,2,0,0,0,0,36328.0,35291.0,36775.0,36914.0,33305.0,33688.0,0.0,2206.0,1500.0,2000.0,6000.0,6000.0,0
25401,20000.0,2,1,2,24,2,0,0,0,0,0,18466.0,15946.0,16327.0,17970.0,18819.0,16642.0,1500.0,1500.0,2000.0,1000.0,1000.0,1000.0,1
25404,20000.0,2,2,1,28,0,0,0,0,0,0,6064.0,7076.0,8169.0,8956.0,8956.0,0.0,1120.0,1213.0,1000.0,0.0,0.0,0.0,0
25415,230000.0,2,2,2,31,-1,-1,0,0,0,0,10190.0,49777.0,49159.0,43668.0,42352.0,43099.0,49777.0,3002.0,1388.0,1511.0,5000.0,1600.0,0
25436,200000.0,2,2,2,23,0,0,-2,-2,-2,-2,61650.0,0.0,0.0,0.0,0.0,0.0,0.0,0.0,0.0,0.0,0.0,0.0,1
25440,50000.0,2,1,2,30,0,0,0,0,0,0,45977.0,45931.0,45344.0,36789.0,28918.0,23095.0,1823.0,1818.0,1312.0,879.0,781.0,800.0,0
25445,500000.0,2,1,2,28,0,0,-1,0,0,0,19543.0,21788.0,19323.0,33146.0,39741.0,53516.0,5110.0,19623.0,15000.0,7000.0,14122.0,20000.0,0
25449,210000.0,2,2,2,27,0,0,0,0,0,0,46066.0,38952.0,29735.0,15381.0,12475.0,10535.0,1951.0,3034.0,3000.0,3000.0,3000.0,92.0,0
25451,50000.0,2,2,2,25,0,0,0,0,0,-2,42684.0,40407.0,31811.0,13898.0,0.0,0.0,2000.0,1814.0,1000.0,0.0,0.0,0.0,0
25456,90000.0,2,2,1,27,0,0,0,0,0,0,20461.0,21465.0,22495.0,23504.0,23815.0,24311.0,1649.0,1679.0,1688.0,999.0,1029.0,1040.0,0
25462,120000.0,2,2,2,24,0,0,0,0,0,0,69725.0,66918.0,65838.0,61527.0,59620.0,60767.0,3008.0,2319.0,2151.0,2200.0,2300.0,2100.0,0
25467,360000.0,2,2,2,28,-2,-2,-2,-2,-2,-2,-307.0,-307.0,-307.0,-307.0,-307.0,-307.0,0.0,0.0,0.0,0.0,307.0,0.0,1
25475,50000.0,2,2,1,29,0,0,0,0,0,0,48529.0,42955.0,50543.0,49032.0,19830.0,18299.0,3000.0,9000.0,2000.0,2000.0,700.0,4000.0,0
25479,180000.0,2,1,2,28,0,0,0,0,0,0,6396.0,12595.0,18704.0,24410.0,29184.0,7325.0,7000.0,7000.0,7000.0,7000.0,5000.0,326.0,0
25481,300000.0,2,2,1,29,0,0,0,0,0,0,321155.0,317259.0,313600.0,309670.0,305660.0,301693.0,11369.0,11380.0,11216.0,11069.0,11090.0,10028.0,1
25484,100000.0,2,2,1,28,1,-2,-2,-2,-2,-2,0.0,0.0,0.0,0.0,0.0,0.0,0.0,0.0,0.0,0.0,0.0,0.0,1
25486,250000.0,2,1,2,31,0,0,0,0,0,0,67492.0,67875.0,67448.0,68165.0,68787.0,70111.0,3500.0,2658.0,3000.0,4000.0,3000.0,2500.0,0
25489,180000.0,2,2,2,31,0,0,0,0,0,0,180754.0,85936.0,88542.0,92055.0,94038.0,95849.0,3085.0,4000.0,5000.0,3514.0,3478.0,3517.0,0
25490,110000.0,2,1,2,27,0,0,0,0,0,0,69970.0,66423.0,61951.0,59428.0,53678.0,52254.0,4009.0,5083.0,5002.0,4000.0,3000.0,5050.0,0
25499,80000.0,2,2,2,27,0,0,0,0,0,0,23424.0,20510.0,20330.0,17050.0,10926.0,10068.0,5000.0,3500.0,3000.0,0.0,1000.0,10000.0,0
25503,250000.0,2,1,1,31,-1,-1,-1,-1,-1,-1,2198.0,7404.0,3186.0,5161.0,0.0,13714.0,7404.0,3186.0,5161.0,0.0,13714.0,3224.0,0
25510,60000.0,2,1,2,25,0,0,0,0,0,0,56136.0,57280.0,56969.0,58695.0,57453.0,61153.0,2100.0,2100.0,2685.0,2300.0,4800.0,3400.0,0
25514,50000.0,2,1,2,26,0,0,0,0,0,0,48338.0,48283.0,40989.0,26695.0,18884.0,20131.0,3008.0,2024.0,3000.0,1000.0,5000.0,1500.0,0
25532,200000.0,2,1,1,34,-2,-2,-2,-2,-2,-2,0.0,0.0,0.0,0.0,0.0,0.0,0.0,0.0,0.0,0.0,0.0,0.0,0
25557,50000.0,2,2,1,44,0,0,0,0,0,0,5358.0,6221.0,7241.0,8249.0,8414.0,8590.0,1109.0,1129.0,1137.0,302.0,312.0,313.0,0
25560,280000.0,2,2,2,28,0,0,0,0,0,0,119587.0,122015.0,130286.0,130705.0,132964.0,136400.0,4411.0,10282.0,3006.0,2659.0,3436.0,1000.0,0
25562,360000.0,2,1,2,30,0,0,0,0,0,0,146277.0,102869.0,102283.0,86370.0,86432.0,73607.0,6029.0,5487.0,5043.0,10084.0,5059.0,5040.0,0
25568,500000.0,2,2,2,27,0,0,-1,0,0,0,195140.0,190529.0,135943.0,128438.0,106591.0,85215.0,11613.0,176596.0,6506.0,5178.0,3031.0,3466.0,0
25570,130000.0,2,3,1,43,2,3,2,2,2,2,19690.0,19085.0,18491.0,20579.0,19950.0,21625.0,0.0,0.0,2400.0,0.0,2000.0,0.0,1
25577,210000.0,1,3,2,46,0,0,0,0,0,0,46743.0,50936.0,53107.0,53717.0,53255.0,55160.0,5000.0,4000.0,2350.0,2000.0,3000.0,3000.0,0
25583,140000.0,2,2,1,34,-1,0,0,0,0,0,56702.0,53584.0,54794.0,55951.0,57103.0,58210.0,3000.0,3000.0,3000.0,3000.0,2500.0,2500.0,0
25587,60000.0,2,2,3,33,-1,-1,-1,2,-1,-1,4260.0,780.0,390.0,390.0,390.0,390.0,780.0,390.0,0.0,390.0,390.0,2405.0,1
25592,500000.0,2,1,2,35,-1,-1,-1,-1,0,-1,2398.0,4583.0,13519.0,43251.0,34279.0,8657.0,4583.0,13519.0,43251.0,0.0,8657.0,10649.0,0
25593,360000.0,2,2,1,47,0,0,0,0,0,0,93431.0,93784.0,93753.0,87660.0,78206.0,70147.0,3389.0,3357.0,2973.0,2819.0,2468.0,2503.0,0
25594,120000.0,2,3,1,38,0,0,0,0,0,0,118016.0,117738.0,120127.0,119719.0,118042.0,120682.0,5720.0,5820.0,5670.0,4250.0,4450.0,4470.0,0
25599,50000.0,2,3,3,43,0,0,0,0,0,0,45807.0,46847.0,48090.0,48125.0,4080.0,0.0,1800.0,2000.0,1000.0,1000.0,0.0,0.0,0
25601,100000.0,2,3,1,38,0,0,-1,0,0,0,16618.0,-14115.0,51235.0,67368.0,68141.0,64167.0,13514.0,69370.0,20001.0,3000.0,3000.0,3000.0,0
25606,100000.0,2,1,2,26,1,-1,-1,-1,-1,-1,0.0,632.0,0.0,316.0,632.0,0.0,632.0,0.0,316.0,632.0,0.0,316.0,0
25613,50000.0,2,2,2,31,0,0,0,0,0,0,44325.0,45861.0,47667.0,48119.0,8257.0,8037.0,3000.0,3687.0,5000.0,1000.0,309.0,2000.0,0
25619,310000.0,2,1,2,31,-2,-2,-2,-2,-2,-2,9108.0,24480.0,6864.0,0.0,150.0,150.0,24485.0,6864.0,0.0,150.0,150.0,271.0,0
25623,120000.0,2,2,2,38,-1,2,2,-1,-1,0,652.0,652.0,0.0,326.0,652.0,326.0,0.0,0.0,326.0,652.0,0.0,326.0,0
25633,350000.0,2,1,2,31,0,0,0,0,0,0,314747.0,322981.0,326921.0,210500.0,201775.0,171242.0,15000.0,12127.0,9557.0,8000.0,6500.0,7000.0,0
25640,50000.0,2,2,1,34,0,0,0,0,0,0,26149.0,26660.0,27637.0,22521.0,20533.0,14659.0,2000.0,1718.0,1210.0,1018.0,539.0,5001.0,0
25652,210000.0,2,1,2,38,0,0,0,0,0,0,13744.0,14565.0,13173.0,13258.0,8155.0,2838.0,5000.0,3397.0,3000.0,2000.0,2300.0,5230.0,0
25655,160000.0,2,1,2,29,-2,-2,-2,-2,-2,-2,0.0,368.0,0.0,850.0,763.0,0.0,368.0,0.0,850.0,763.0,0.0,1381.0,0
25658,290000.0,2,1,2,32,-2,-2,-2,-2,-2,-2,1485.0,299.0,0.0,0.0,440.0,0.0,299.0,0.0,0.0,440.0,0.0,0.0,0
25662,260000.0,2,2,1,35,-2,-2,-2,-2,-2,-2,4539.0,10417.0,7364.0,8144.0,8422.0,7740.0,10417.0,7364.0,8144.0,8422.0,7740.0,26318.0,0
25670,230000.0,2,2,1,27,0,0,0,0,0,0,24739.0,19712.0,18175.0,12109.0,11616.0,10134.0,2000.0,1928.0,1014.0,1000.0,203.0,34096.0,0
25674,270000.0,2,3,1,43,-1,-1,-2,-1,-1,0,2769.0,0.0,0.0,1074.0,3292.0,2106.0,0.0,0.0,1074.0,3292.0,0.0,508.0,0
25676,200000.0,2,2,2,46,-2,-2,-2,-2,-2,-2,0.0,0.0,0.0,0.0,0.0,0.0,0.0,0.0,0.0,0.0,0.0,600.0,0
25680,180000.0,2,2,1,41,0,0,0,0,0,0,110856.0,99925.0,102359.0,96462.0,96846.0,95549.0,5000.0,5024.0,4300.0,3500.0,4000.0,4000.0,0
25689,500000.0,2,2,1,34,0,0,0,0,0,0,144774.0,130097.0,134810.0,145182.0,141062.0,135358.0,20053.0,19000.0,15000.0,10040.0,15000.0,20000.0,0
25690,280000.0,2,2,2,47,-2,-2,-1,0,0,0,12477.0,13915.0,67119.0,53044.0,66668.0,61466.0,13987.0,69805.0,1711.0,26743.0,10057.0,54318.0,0
25691,50000.0,2,2,2,43,0,0,0,0,0,0,43051.0,43729.0,27008.0,28324.0,8044.0,8414.0,1500.0,1500.0,1800.0,500.0,500.0,500.0,0
25693,360000.0,2,3,2,46,-1,-1,-1,-1,-1,-1,15219.0,26544.0,36301.0,45883.0,16789.0,6159.0,26796.0,36582.0,46112.0,16873.0,6190.0,22167.0,0
25697,120000.0,2,3,1,40,0,0,0,0,0,0,102400.0,108300.0,108538.0,94833.0,49078.0,40643.0,7500.0,5000.0,4121.0,2000.0,2000.0,2000.0,0
25700,50000.0,2,3,1,45,0,0,0,0,0,0,20080.0,18866.0,21549.0,26163.0,26684.0,27753.0,1317.0,3000.0,5000.0,956.0,1500.0,3000.0,0
25705,260000.0,2,1,2,29,2,2,-1,-1,-1,0,792.0,396.0,396.0,396.0,792.0,396.0,0.0,396.0,396.0,792.0,0.0,396.0,1
25709,50000.0,2,3,1,45,1,2,0,0,0,0,49768.0,47191.0,49422.0,49586.0,30023.0,28373.0,0.0,3000.0,1500.0,5000.0,2000.0,2000.0,0
25713,220000.0,2,1,2,32,1,-1,-1,-1,0,-1,0.0,4048.0,4925.0,12554.0,1036.0,522.0,4048.0,4925.0,12606.0,0.0,572.0,7656.0,0
25716,110000.0,2,2,1,35,0,0,0,0,0,0,28969.0,29568.0,30379.0,84257.0,84762.0,86139.0,1500.0,1706.0,55000.0,3200.0,3300.0,3300.0,0
25717,120000.0,2,2,2,40,1,-2,-2,-2,-2,-2,-200.0,-200.0,-200.0,-200.0,0.0,8360.0,0.0,0.0,0.0,200.0,8360.0,0.0,0
25719,500000.0,2,2,1,38,0,0,0,0,0,0,242546.0,184601.0,189136.0,172674.0,20253.0,29576.0,7000.0,8000.0,9000.0,791.0,10000.0,7000.0,0
25722,220000.0,2,2,2,38,-1,-1,-1,-1,-1,-1,22145.0,5529.0,4688.0,1621.0,8522.0,4149.0,5575.0,4716.0,1632.0,8559.0,4164.0,10626.0,1
25727,160000.0,2,1,2,30,-2,-2,-2,-2,-1,-1,2000.0,1000.0,1000.0,1000.0,12234.0,11960.0,1000.0,1000.0,1000.0,12234.0,1200.0,65157.0,1
25732,80000.0,2,3,1,37,0,0,-2,-2,-2,-1,47751.0,-215.0,855086.0,632.0,632.0,124542.0,215.0,1024516.0,632.0,632.0,124542.0,14770.0,0
25733,200000.0,2,3,1,47,1,-2,-2,-2,-2,-2,0.0,0.0,0.0,0.0,0.0,0.0,0.0,0.0,0.0,0.0,0.0,0.0,0
25734,270000.0,2,1,2,29,-2,-2,-2,-2,-2,-2,990.0,5850.0,0.0,0.0,0.0,0.0,5850.0,0.0,0.0,0.0,0.0,0.0,0
25737,30000.0,2,2,2,35,2,2,0,0,0,0,25368.0,24662.0,26001.0,27012.0,27241.0,27812.0,0.0,1739.0,1750.0,975.0,1010.0,3226.0,1
25745,240000.0,2,1,1,33,-1,-1,-2,-2,-2,-2,2193.0,0.0,0.0,0.0,2500.0,0.0,0.0,0.0,0.0,2500.0,0.0,880.0,0
25750,130000.0,2,3,1,43,0,0,0,0,0,0,126965.0,130067.0,129385.0,96775.0,98071.0,97743.0,6739.0,5540.0,4403.0,3814.0,3562.0,4021.0,1
25752,370000.0,2,1,2,30,-1,-1,-1,-1,0,0,17004.0,19254.0,342.0,18295.0,14386.0,11961.0,19254.0,432.0,19584.0,0.0,0.0,1569.0,0
25769,240000.0,2,1,1,41,0,0,0,2,3,3,102488.0,105785.0,109082.0,119221.0,118144.0,118029.0,6500.0,6500.0,13500.0,2300.0,2002.0,0.0,0
25771,360000.0,2,1,2,31,-2,-2,-2,-2,-2,-2,19847.0,15979.0,6450.0,13166.0,23964.0,5470.0,16059.0,6482.0,13242.0,24011.0,5497.0,5415.0,0
25776,140000.0,2,1,2,32,0,0,0,0,0,0,131540.0,135062.0,138303.0,67695.0,69068.0,70512.0,5701.0,6302.0,3000.0,2500.0,2555.0,3000.0,0
25782,450000.0,2,2,2,42,-1,-1,-1,-1,0,-1,182.0,885.0,1099.0,2998.0,2757.0,623.0,889.0,1104.0,2999.0,68.0,626.0,688.0,0
25784,150000.0,2,1,2,37,-1,-1,-1,-1,0,0,20224.0,24837.0,4159.0,15089.0,2233.0,0.0,24840.0,4159.0,17589.0,0.0,0.0,500.0,0
25789,200000.0,2,1,2,33,-2,-2,-2,-2,-2,-2,9099.0,3771.0,664.0,0.0,641.0,5506.0,3775.0,664.0,0.0,641.0,5506.0,1847.0,0
25797,200000.0,2,2,2,38,-2,-2,-2,-2,-2,-2,3000.0,3000.0,3000.0,3000.0,3000.0,3000.0,3000.0,3000.0,3000.0,3000.0,3000.0,3000.0,0
25801,160000.0,2,3,1,44,-2,-2,-2,-2,-2,-2,390.0,0.0,780.0,0.0,0.0,0.0,0.0,780.0,0.0,0.0,0.0,3072.0,0
25808,340000.0,2,2,3,35,-2,-2,-2,-2,-2,-1,132.0,132.0,132.0,132.0,132.0,112847.0,132.0,132.0,132.0,132.0,112847.0,5005.0,0
25813,50000.0,2,1,1,36,0,0,0,2,0,0,47317.0,49212.0,49243.0,5112.0,48455.0,48456.0,3000.0,5450.0,0.0,45554.0,2100.0,1900.0,0
25818,530000.0,2,2,1,44,0,0,0,0,0,0,562326.0,532374.0,537543.0,541019.0,468571.0,478034.0,20010.0,25022.0,21003.0,18003.0,20000.0,20004.0,1
25827,510000.0,2,2,1,38,0,0,0,0,0,0,95589.0,35224.0,37361.0,39437.0,40292.0,41153.0,2000.0,2700.0,2700.0,1500.0,1500.0,10000.0,0
25829,10000.0,2,2,2,31,0,0,0,-2,-2,-2,10154.0,10400.0,0.0,0.0,0.0,0.0,1400.0,0.0,0.0,0.0,0.0,0.0,1
25839,210000.0,2,1,2,32,1,-1,2,2,-1,-1,0.0,92.0,4.0,0.0,45.0,23.0,92.0,0.0,0.0,45.0,23.0,0.0,1
25840,70000.0,2,3,2,42,0,0,2,0,0,0,69362.0,71775.0,70050.0,70415.0,48405.0,46514.0,6000.0,0.0,3000.0,1000.0,1500.0,2000.0,1
25846,230000.0,2,2,1,45,-1,-1,-1,-1,-1,-1,416.0,416.0,416.0,416.0,416.0,416.0,416.0,416.0,416.0,416.0,416.0,572.0,1
25854,200000.0,2,2,2,37,-1,-1,-1,-1,0,-1,4037.0,3913.0,6336.0,5361.0,4950.0,2413.0,3913.0,6336.0,5361.0,3000.0,2502.0,3603.0,0
25860,20000.0,2,2,1,44,0,0,0,0,0,0,16231.0,14791.0,14453.0,15320.0,11796.0,9766.0,1600.0,1300.0,1156.0,387.0,354.0,438.0,0
25861,270000.0,2,1,1,44,-2,-2,-2,-2,-2,-2,-1404.0,73596.0,49800.0,1514.0,41072.0,23500.0,75000.0,49800.0,1514.0,41072.0,23500.0,29702.0,0
25865,20000.0,2,2,2,39,0,0,0,0,0,0,20885.0,20373.0,19391.0,20085.0,19938.0,0.0,2157.0,1660.0,1300.0,541.0,0.0,0.0,0
25870,510000.0,2,1,2,40,8,7,6,5,4,3,477094.0,469882.0,461402.0,452405.0,443657.0,437305.0,0.0,0.0,0.0,0.0,0.0,14000.0,1
25871,250000.0,2,1,1,38,-1,-1,0,-1,-1,0,6352.0,6790.0,10418.0,7720.0,37543.0,31337.0,6790.0,5418.0,7720.0,37604.0,0.0,0.0,0
25872,80000.0,2,2,1,36,1,-2,-2,-2,-2,-2,4233.0,14233.0,15854.0,10000.0,10000.0,10000.0,14233.0,15854.0,10000.0,10000.0,10000.0,10000.0,0
25889,130000.0,2,1,2,26,0,0,0,-1,0,0,13700.0,18670.0,21362.0,1469.0,7370.0,12554.0,10008.0,6196.0,1470.0,6501.0,5784.0,6030.0,0
25891,360000.0,2,3,1,30,1,-1,-1,-1,-1,0,-16.0,1621.0,458.0,0.0,282.0,282.0,1637.0,458.0,0.0,282.0,0.0,0.0,0
25898,360000.0,2,2,1,35,2,2,2,2,0,0,360996.0,370722.0,380523.0,372735.0,290210.0,290551.0,16500.0,16500.0,6.0,10306.0,10876.0,10323.0,1
25899,90000.0,2,2,2,32,0,0,0,0,0,0,86076.0,87567.0,78646.0,79212.0,54659.0,55902.0,3012.0,3100.0,3116.0,2000.0,2100.0,2100.0,0
25905,180000.0,2,2,2,28,1,2,2,0,0,0,172850.0,182810.0,169529.0,153501.0,136920.0,139506.0,14400.0,402.0,5166.0,5000.0,5030.0,5391.0,1
25916,250000.0,2,1,2,34,2,0,0,0,0,0,212681.0,193296.0,194659.0,196481.0,196256.0,195370.0,9917.0,7350.0,7231.0,6603.0,6797.0,7557.0,0
25917,120000.0,2,2,1,34,-1,-1,-2,-2,-2,-2,1800.0,0.0,0.0,0.0,0.0,0.0,0.0,0.0,0.0,0.0,0.0,0.0,0
25919,500000.0,2,2,2,39,0,0,0,0,0,0,24893.0,12569.0,7652.0,7187.0,10861.0,15893.0,12260.0,7016.0,3007.0,5009.0,7028.0,6755.0,0
25925,60000.0,2,2,2,41,0,0,0,0,0,0,16194.0,17120.0,14232.0,14676.0,1976.0,2976.0,1518.0,1556.0,1000.0,300.0,1000.0,0.0,0
25932,390000.0,2,2,2,36,0,0,0,0,0,0,112528.0,102596.0,91761.0,76756.0,65520.0,52904.0,3669.0,3277.0,3220.0,2236.0,2007.0,1600.0,0
25941,360000.0,2,2,2,30,0,0,0,0,0,-1,7410.0,6783.0,7672.0,8380.0,4581.0,3853.0,1115.0,1161.0,1026.0,1523.0,3872.0,2626.0,0
25960,310000.0,2,1,1,45,0,0,0,0,0,0,91532.0,93351.0,96218.0,97722.0,101082.0,103202.0,3340.0,4370.0,4000.0,5000.0,3899.0,3761.0,0
25968,170000.0,2,2,2,37,1,-1,-1,-1,0,0,0.0,213.0,2592.0,13199.0,3685.0,986.0,213.0,2592.0,13204.0,0.0,986.0,0.0,0
25969,50000.0,2,2,3,45,0,0,0,0,0,0,44797.0,50215.0,49420.0,46434.0,45349.0,40755.0,46012.0,3000.0,1590.0,1285.0,1544.0,1761.0,0
25979,180000.0,2,4,1,44,0,0,0,0,0,2,151538.0,133924.0,136707.0,139438.0,143513.0,141119.0,6256.0,6434.0,6506.0,10813.0,0.0,5557.0,0
25980,200000.0,2,1,2,38,-2,-2,-1,0,0,0,0.0,0.0,69084.0,71857.0,72755.0,34125.0,0.0,69084.0,3450.0,2348.0,1486.0,30000.0,0
25984,360000.0,2,3,1,40,0,0,0,0,0,0,44518.0,46285.0,37917.0,36502.0,31715.0,4857.0,8061.0,5043.0,8160.0,10069.0,2023.0,8669.0,0
25985,30000.0,2,2,2,46,0,0,2,2,2,0,19495.0,22254.0,21616.0,26695.0,25970.0,26402.0,3400.0,0.0,5800.0,0.0,1000.0,1400.0,1
25986,130000.0,2,2,1,35,0,0,0,0,0,0,105976.0,108127.0,110356.0,111070.0,113441.0,115649.0,5400.0,5460.0,4033.0,4220.0,4199.0,4427.0,0
26007,300000.0,2,2,2,30,0,0,0,-2,-2,-1,133115.0,41300.0,0.0,0.0,0.0,2538.0,2300.0,0.0,0.0,0.0,2538.0,47473.0,1
26016,120000.0,2,3,1,43,0,0,0,0,0,0,116032.0,114987.0,117491.0,118513.0,75278.0,77070.0,4201.0,5001.0,4134.0,2700.0,3000.0,5030.0,0
26019,210000.0,2,2,2,37,0,0,0,0,0,0,206157.0,212566.0,190867.0,195323.0,156651.0,135493.0,10000.0,20000.0,8000.0,10000.0,4416.0,10000.0,0
26029,260000.0,2,1,1,40,-1,-1,-1,-1,-1,-1,63273.0,49857.0,75036.0,96787.0,16576.0,6844.0,49857.0,75038.0,96793.0,16576.0,6844.0,8954.0,0
26038,490000.0,2,2,1,30,0,0,0,0,0,0,195330.0,200768.0,206026.0,203938.0,198453.0,200496.0,8683.0,10021.0,8017.0,16270.0,6599.0,6024.0,0
26050,170000.0,2,2,1,37,-1,0,0,0,0,0,168719.0,166207.0,158403.0,146324.0,118981.0,113666.0,7000.0,7000.0,6011.0,5000.0,6000.0,9000.0,0
26052,280000.0,2,3,1,46,0,0,0,0,0,0,100858.0,107768.0,111858.0,83428.0,73908.0,81908.0,7768.0,5000.0,10000.0,0.0,8000.0,0.0,0
26055,140000.0,2,2,2,29,0,0,0,0,0,0,25973.0,53098.0,54760.0,55568.0,27922.0,46108.0,30000.0,24000.0,11200.0,10000.0,34762.0,26447.0,0
26064,250000.0,2,1,2,29,0,0,0,0,0,0,98925.0,103213.0,87836.0,90577.0,65268.0,63019.0,9000.0,7000.0,9000.0,8000.0,8000.0,8000.0,0
26072,230000.0,2,1,2,33,1,2,-1,0,-1,0,4213.0,1922.0,5346.0,6971.0,10707.0,15392.0,0.0,5500.0,4000.0,11000.0,5000.0,5000.0,1
26073,400000.0,2,3,2,31,1,2,0,0,0,0,79403.0,55340.0,62303.0,63928.0,52882.0,48387.0,3.0,10000.0,10023.0,20000.0,5000.0,20000.0,0
26075,160000.0,2,2,2,37,-2,-1,-1,-1,-1,-1,7596.0,898.0,850.0,1729.0,5696.0,0.0,920.0,852.0,1759.0,5707.0,0.0,0.0,0
26081,500000.0,2,2,1,39,0,-1,-1,-1,-2,-2,11712.0,523.0,1543.0,0.0,0.0,0.0,523.0,1543.0,0.0,0.0,0.0,0.0,0
26086,390000.0,2,1,2,38,-1,-1,-1,-1,0,0,4989.0,2056.0,8886.0,16396.0,12761.0,6707.0,2076.0,8926.0,16413.0,30.0,33.0,5900.0,0
26089,100000.0,2,3,1,36,2,0,0,0,0,0,100281.0,100433.0,99744.0,101882.0,101116.0,97283.0,5000.0,5000.0,7900.0,4000.0,4000.0,30300.0,0
26091,300000.0,2,1,1,38,-1,0,0,0,0,0,15230.0,16212.0,17239.0,18237.0,18600.0,17939.0,1222.0,1249.0,1247.0,610.0,611.0,616.0,0
26100,200000.0,2,1,1,31,-1,-1,-1,0,0,-1,11715.0,5209.0,10634.0,10982.0,1966.0,4883.0,5289.0,10641.0,2011.0,9.0,4890.0,15.0,0
26103,230000.0,2,2,2,36,-2,-2,-2,-2,-2,-2,140.0,358.0,285.0,219.0,415.0,142.0,358.0,285.0,219.0,416.0,142.0,3000.0,0
26109,100000.0,2,1,1,27,1,2,0,0,0,0,77346.0,75513.0,77147.0,78200.0,78393.0,72214.0,0.0,3451.0,3000.0,2841.0,2620.0,2500.0,1
26118,100000.0,2,2,1,30,-1,0,0,0,-1,-1,100037.0,101163.0,102712.0,99925.0,836.0,79013.0,3607.0,4001.0,2449.0,2836.0,79263.0,2442.0,0
26124,220000.0,2,2,2,47,-2,-2,-2,-1,-1,-1,1526.0,1122.0,-11.0,12597.0,44375.0,0.0,1122.0,0.0,12608.0,44375.0,0.0,0.0,0
26126,10000.0,2,2,1,40,0,0,-1,0,0,0,9135.0,0.0,1912.0,3071.0,4012.0,9882.0,0.0,1912.0,1200.0,1000.0,1000.0,1000.0,0
26127,60000.0,2,2,2,35,0,0,-1,-1,0,0,21770.0,11506.0,1024.0,16453.0,4131.0,4006.0,1400.0,1024.0,16469.0,131.0,322.0,40000.0,0
26136,50000.0,2,3,2,44,0,0,0,0,0,0,43828.0,40684.0,37338.0,31278.0,31811.0,28656.0,1947.0,1829.0,1644.0,4405.0,1104.0,2504.0,0
26143,330000.0,2,1,1,32,0,0,0,0,0,0,155927.0,141523.0,134480.0,126316.0,125396.0,128081.0,5388.0,5079.0,4876.0,4400.0,4600.0,5000.0,0
26146,230000.0,2,2,1,48,0,0,0,0,0,0,344458.0,320215.0,298031.0,272103.0,205797.0,179247.0,11000.0,12500.0,11000.0,7000.0,36700.0,6650.0,0
26150,250000.0,2,1,2,39,-1,-1,-1,2,2,2,12368.0,1742.0,40292.0,39600.0,21304.0,1185.0,1742.0,39600.0,7.0,1185.0,0.0,54416.0,0
26151,50000.0,2,2,1,34,3,3,2,2,2,2,47904.0,48240.0,48602.0,46289.0,44837.0,44535.0,2000.0,2001.0,499.0,2000.0,2000.0,1500.0,1
26152,200000.0,2,5,1,42,0,0,0,0,0,0,149351.0,108152.0,87537.0,67974.0,35003.0,35736.0,3925.0,3683.0,2947.0,1253.0,1297.0,1305.0,0
26153,290000.0,2,3,2,35,0,0,0,0,0,0,159165.0,167485.0,167930.0,171146.0,174889.0,179149.0,11000.0,5600.0,5500.0,5500.0,6000.0,5500.0,0
26170,50000.0,2,1,1,39,1,-1,-1,-1,-1,-2,0.0,13030.0,0.0,4402.0,0.0,0.0,13030.0,0.0,4402.0,0.0,0.0,0.0,0
26176,360000.0,2,2,1,38,0,0,0,0,0,0,41922.0,42916.0,43956.0,44972.0,45866.0,49327.0,1692.0,1732.0,1748.0,1642.0,4200.0,1709.0,0
26179,150000.0,2,1,2,28,0,0,0,0,0,0,12799.0,13726.0,14648.0,12115.0,12613.0,15225.0,1600.0,1500.0,1600.0,1000.0,3000.0,2200.0,0
26180,230000.0,2,1,1,35,0,0,-2,-2,-2,-2,22909.0,0.0,0.0,0.0,0.0,0.0,0.0,0.0,0.0,0.0,0.0,0.0,0
26188,50000.0,2,1,2,30,-2,-2,-2,-2,-2,-2,0.0,2070.0,0.0,0.0,0.0,0.0,2070.0,0.0,0.0,0.0,0.0,0.0,0
26195,160000.0,2,3,1,45,-2,-2,-2,-2,-2,-2,2869.0,2357.0,5608.0,1851.0,2801.0,3268.0,2361.0,5608.0,1851.0,2801.0,3268.0,2096.0,0
26202,70000.0,2,2,1,48,0,0,0,0,0,0,20744.0,22093.0,23432.0,24217.0,19108.0,19649.0,2000.0,2000.0,1500.0,1000.0,1000.0,1000.0,0
26203,320000.0,2,2,2,31,-2,-2,-2,-2,-2,-2,3615.0,3707.0,5406.0,3144.0,1644.0,1925.0,3707.0,5406.0,3157.0,1644.0,1925.0,0.0,0
26208,180000.0,2,3,1,36,0,0,0,-1,0,0,8911.0,5838.0,-2.0,120442.0,90430.0,92325.0,1034.0,2.0,120444.0,3236.0,3352.0,3897.0,0
26209,310000.0,2,1,1,43,0,0,0,0,0,0,66140.0,66637.0,68131.0,68585.0,68657.0,55457.0,6000.0,10000.0,3018.0,4000.0,3000.0,3000.0,0
26213,140000.0,2,1,2,31,-1,-1,-1,-1,-1,-1,7695.0,1680.0,1771.0,5500.0,3615.0,700.0,1680.0,1771.0,5500.0,3615.0,700.0,1404.0,0
26216,240000.0,2,1,1,42,-1,2,-1,-1,0,-1,2108.0,1386.0,17601.0,1410.0,705.0,705.0,0.0,17601.0,2115.0,0.0,705.0,4000.0,0
26218,200000.0,2,1,1,34,-1,2,-1,0,0,0,860.0,430.0,3130.0,7585.0,11056.0,97451.0,0.0,3130.0,5000.0,4000.0,90000.0,15000.0,0
26232,110000.0,2,3,1,36,0,0,0,0,0,0,114097.0,109609.0,87374.0,49525.0,49225.0,48968.0,5620.0,9860.0,1741.0,1702.0,1736.0,1894.0,0
26234,120000.0,2,1,2,48,0,0,0,0,-2,-1,96183.0,99575.0,102650.0,0.0,0.0,30900.0,5000.0,5000.0,0.0,0.0,30900.0,30900.0,0
26257,360000.0,2,1,1,30,-1,0,-1,-1,-1,-1,13395.0,28327.0,6257.0,2967.0,1550.0,0.0,20460.0,6257.0,2967.0,1550.0,0.0,1550.0,0
26273,300000.0,2,2,1,38,-2,-2,-2,-2,-2,-2,0.0,0.0,0.0,0.0,0.0,0.0,0.0,0.0,0.0,0.0,0.0,0.0,0
26280,200000.0,2,2,1,35,1,-2,-2,-2,-2,-2,0.0,0.0,0.0,0.0,0.0,0.0,0.0,0.0,0.0,0.0,0.0,2865.0,0
26286,230000.0,2,3,3,48,0,0,0,0,0,0,41134.0,50379.0,54556.0,58624.0,59848.0,68828.0,10000.0,5000.0,5000.0,2197.0,10000.0,5000.0,0
26288,230000.0,2,1,1,31,0,0,0,0,0,0,15704.0,11952.0,13442.0,16164.0,9908.0,9592.0,2000.0,2000.0,3418.0,0.0,0.0,0.0,0
26300,140000.0,2,2,2,29,0,0,0,2,0,0,62023.0,61729.0,67891.0,65861.0,64848.0,64936.0,3000.0,8600.0,6.0,2500.0,2500.0,2500.0,0
26303,160000.0,2,2,2,44,0,0,0,0,0,0,118809.0,125323.0,170449.0,96739.0,126139.0,154884.0,10000.0,50000.0,20000.0,30000.0,30000.0,5000.0,0
26311,150000.0,2,3,1,43,-2,-2,-2,-2,-2,-2,0.0,0.0,0.0,0.0,0.0,0.0,0.0,0.0,0.0,0.0,0.0,0.0,0
26314,260000.0,2,3,1,34,2,2,0,0,2,2,118706.0,115308.0,123069.0,129060.0,131682.0,135656.0,0.0,9670.0,9561.0,6250.0,6250.0,6250.0,1
26316,180000.0,2,3,1,47,-1,-1,-1,-2,-2,-2,3735.0,3404.0,7141.0,1304.0,1534.0,2395.0,3404.0,7141.0,1304.0,1534.0,2395.0,6090.0,1
26320,100000.0,2,2,1,35,-2,-2,-2,-2,-2,-2,3835.0,1891.0,1799.0,1728.0,6000.0,0.0,1891.0,1799.0,1728.0,6000.0,0.0,330.0,0
26332,100000.0,2,1,1,38,0,0,0,0,0,0,68916.0,66762.0,68566.0,65132.0,48738.0,51020.0,3000.0,5000.0,2436.0,3000.0,3000.0,2000.0,0
26335,150000.0,2,1,2,31,1,-2,-2,-2,-2,-2,-512.0,-512.0,-512.0,-512.0,-508.0,-913.0,0.0,0.0,0.0,4.0,0.0,0.0,0
26337,350000.0,2,1,2,33,0,0,0,0,0,0,303949.0,298421.0,247125.0,228229.0,202220.0,181860.0,10000.0,9205.0,6810.0,5706.0,6000.0,4511.0,0
26358,500000.0,2,1,2,32,0,0,0,0,0,0,422713.0,406204.0,415664.0,423392.0,399250.0,362627.0,15000.0,16000.0,15000.0,14000.0,13180.0,14000.0,0
26361,280000.0,2,1,2,33,-2,-2,-2,-2,-2,-2,2533.0,2997.0,14059.0,2693.0,697.0,5776.0,2997.0,14059.0,2693.0,697.0,5776.0,2671.0,0
26366,50000.0,2,3,1,34,-1,-1,-1,-1,0,0,390.0,390.0,390.0,11779.0,11615.0,11466.0,390.0,390.0,11779.0,403.0,415.0,406.0,0
26369,40000.0,2,3,2,43,0,0,0,0,0,-2,26449.0,22072.0,19085.0,17550.0,0.0,0.0,1303.0,1665.0,1000.0,0.0,0.0,0.0,0
26373,20000.0,2,3,1,35,-1,2,2,2,2,0,17056.0,18803.0,18055.0,20578.0,19813.0,20197.0,2500.0,0.0,3000.0,0.0,1001.0,1700.0,0
26383,210000.0,2,2,1,44,0,0,0,0,0,0,36612.0,40534.0,42889.0,42936.0,44936.0,47166.0,4534.0,3000.0,1000.0,2000.0,2230.0,1026.0,0
26390,80000.0,2,1,1,38,-2,-2,-2,-2,-2,-2,0.0,0.0,517.0,0.0,0.0,0.0,339.0,517.0,0.0,0.0,0.0,0.0,0
26398,190000.0,2,2,2,44,0,0,0,0,0,0,137394.0,140899.0,144636.0,148173.0,151853.0,155031.0,5774.0,5987.0,5948.0,6000.0,5481.0,5500.0,0
26405,120000.0,2,2,1,46,-2,-2,-2,-2,-2,-2,0.0,0.0,0.0,0.0,0.0,0.0,0.0,0.0,0.0,0.0,0.0,0.0,1
26412,390000.0,2,1,1,41,0,0,2,0,0,-2,48378.0,52279.0,51176.0,52286.0,0.0,0.0,4705.0,0.0,2712.0,0.0,0.0,0.0,0
26427,200000.0,2,1,1,42,-2,-2,-2,-2,-1,-1,0.0,0.0,0.0,0.0,1830.0,0.0,0.0,0.0,0.0,1830.0,0.0,0.0,1
26435,300000.0,2,1,1,36,0,0,0,0,0,0,30153.0,28384.0,26700.0,22554.0,11858.0,13838.0,2000.0,2000.0,2552.0,2000.0,3000.0,8000.0,0
26436,160000.0,2,2,2,44,1,-2,-1,-1,-1,-1,-4.0,-4.0,3454.0,0.0,3312.0,0.0,0.0,3458.0,0.0,3312.0,0.0,0.0,0
26439,50000.0,2,3,2,49,0,0,0,0,0,0,39803.0,37595.0,23250.0,26293.0,21508.0,20971.0,5007.0,1602.0,10002.0,5000.0,2000.0,2000.0,0
26443,150000.0,2,2,1,50,0,0,0,0,0,0,145268.0,111500.0,101996.0,56503.0,38650.0,28775.0,6005.0,4450.0,3243.0,2000.0,2000.0,1000.0,1
26447,80000.0,2,2,1,50,2,0,-1,0,0,0,89901.0,85406.0,75789.0,77870.0,73601.0,76751.0,6000.0,81789.0,3870.0,4601.0,4751.0,4718.0,1
26448,340000.0,2,2,1,48,0,0,0,0,0,0,310866.0,320685.0,320614.0,21768.0,22405.0,24545.0,15000.0,7000.0,1500.0,1000.0,2500.0,112500.0,0
26457,50000.0,2,3,1,49,0,0,0,0,0,-2,49195.0,48496.0,49412.0,49590.0,0.0,0.0,47000.0,2000.0,1000.0,0.0,0.0,0.0,1
26461,80000.0,2,2,1,49,0,0,0,0,0,0,77347.0,61998.0,47941.0,47851.0,48804.0,50033.0,2384.0,5000.0,2000.0,1732.0,2000.0,3003.0,0
26484,10000.0,2,1,2,56,1,2,2,2,0,0,12006.0,6367.0,9839.0,6998.0,3183.0,1151.0,1000.0,4000.0,0.0,0.0,0.0,0.0,0
26490,170000.0,2,2,2,51,0,0,0,0,0,0,154278.0,161679.0,165068.0,166227.0,109682.0,112906.0,10000.0,7500.0,6778.0,4000.0,5000.0,5000.0,0
26492,100000.0,2,3,1,50,0,0,0,0,0,0,92956.0,96180.0,97701.0,100113.0,102120.0,73630.0,4333.0,3518.0,3567.0,3183.0,2674.0,2836.0,0
26495,360000.0,2,1,1,59,1,-2,-2,-2,-2,-2,0.0,0.0,0.0,0.0,0.0,0.0,0.0,0.0,0.0,0.0,0.0,0.0,1
26503,120000.0,2,3,1,58,1,2,2,2,2,2,79400.0,81490.0,83496.0,84333.0,85444.0,87323.0,4000.0,3900.0,3100.0,3400.0,3400.0,3400.0,1
26504,80000.0,2,3,1,55,0,0,0,-2,-2,-2,72462.0,41300.0,0.0,0.0,0.0,0.0,3000.0,0.0,0.0,0.0,0.0,0.0,0
26506,120000.0,2,3,2,53,0,0,0,0,0,0,118676.0,119177.0,118068.0,120457.0,90843.0,91267.0,4210.0,4435.0,4592.0,3171.0,3256.0,3260.0,0
26509,80000.0,2,3,1,69,0,0,0,0,0,0,79862.0,80921.0,79627.0,80610.0,62447.0,60850.0,3000.0,3000.0,3000.0,2324.0,2500.0,3000.0,0
26514,280000.0,2,1,1,63,-2,-2,-2,-2,-2,-2,-200.0,-200.0,-200.0,-200.0,-200.0,-200.0,0.0,0.0,0.0,0.0,0.0,200.0,1
26515,20000.0,2,2,2,55,0,0,0,0,0,0,16503.0,17512.0,18481.0,15495.0,15938.0,16680.0,1289.0,1258.0,1260.0,700.0,1000.0,2100.0,0
26529,230000.0,2,2,1,56,-2,-2,-2,-2,-2,-2,10511.0,2381.0,2580.0,48310.0,6390.0,7194.0,2381.0,2580.0,48342.0,6390.0,7194.0,13250.0,1
26538,390000.0,2,1,2,53,-2,-2,-1,-1,-2,-2,450.0,1540.0,690.0,0.0,0.0,0.0,1540.0,690.0,0.0,0.0,0.0,717.0,0
26544,200000.0,2,2,1,51,-1,-1,-2,-1,-1,-1,2433.0,735.0,735.0,2301.0,3139.0,316.0,735.0,735.0,2301.0,3139.0,316.0,6635.0,0
26552,80000.0,2,2,3,59,0,0,0,0,0,0,80893.0,79175.0,78713.0,80684.0,50400.0,50058.0,2799.0,3300.0,3600.0,1568.0,1625.0,1649.0,1
26556,50000.0,2,3,2,51,0,0,0,0,0,0,25436.0,27445.0,28585.0,29736.0,21356.0,23403.0,2445.0,1585.0,1736.0,2356.0,2403.0,2414.0,0
26565,200000.0,2,3,1,55,2,2,3,2,2,2,159017.0,162697.0,163143.0,161906.0,165807.0,169599.0,9159.0,4842.0,3000.0,8000.0,7000.0,3000.0,0
26569,200000.0,2,3,1,51,0,0,0,0,0,0,99036.0,99625.0,99016.0,101661.0,103011.0,103384.0,3520.0,4500.0,5200.0,4500.0,3950.0,4300.0,0
26578,430000.0,2,2,2,51,0,0,0,0,0,0,416090.0,422898.0,409626.0,417113.0,363553.0,357476.0,17107.0,20015.0,18027.0,14015.0,13010.0,14006.0,0
26584,360000.0,1,1,1,34,0,0,0,-1,-1,-1,3187.0,3758.0,-1360.0,113091.0,114251.0,117922.0,1025.0,1361.0,116380.0,4001.0,5001.0,4001.0,0
26622,20000.0,1,1,2,22,0,0,0,0,0,0,16620.0,17446.0,18534.0,19145.0,19547.0,19947.0,2000.0,2000.0,1278.0,1000.0,1000.0,764.0,0
26626,170000.0,1,1,2,26,0,0,0,0,0,0,118084.0,112312.0,107396.0,96064.0,96984.0,93711.0,3800.0,13000.0,3593.0,3020.0,3090.0,2916.0,0
26635,300000.0,1,2,2,26,-2,-2,-2,-2,-2,-2,0.0,0.0,0.0,0.0,0.0,0.0,0.0,0.0,0.0,0.0,0.0,0.0,0
26660,50000.0,1,2,2,25,0,0,2,2,-1,-1,47077.0,48872.0,16012.0,14228.0,19546.0,19473.0,2800.0,0.0,1644.0,63965.0,705.0,798.0,0
26667,20000.0,1,1,2,26,-1,-1,0,-1,0,0,587.0,2195.0,1758.0,3720.0,3820.0,0.0,2195.0,1500.0,3720.0,100.0,0.0,0.0,0
26671,70000.0,1,2,2,25,0,0,0,0,0,-2,60719.0,61607.0,68091.0,69028.0,-61372.0,79256.0,2500.0,7500.0,3182.0,25200.0,102000.0,12152.0,0
26675,60000.0,1,1,2,27,-1,-1,0,0,0,0,2165.0,18214.0,13172.0,8717.0,8552.0,9902.0,18214.0,13000.0,2000.0,3000.0,2000.0,0.0,0
26678,150000.0,1,1,2,26,-2,-2,-2,-2,0,0,13707.0,12119.0,121170.0,27949.0,23158.0,67745.0,16408.0,96373.0,28005.0,5021.0,50000.0,4004.0,0
26680,40000.0,1,1,2,26,1,-2,-2,-2,-1,0,0.0,0.0,0.0,0.0,2605.0,3554.0,0.0,0.0,0.0,2605.0,1000.0,2000.0,0
26682,70000.0,1,1,2,27,0,0,0,0,-2,-1,64317.0,59944.0,30206.0,0.0,0.0,5000.0,2500.0,1000.0,0.0,0.0,5000.0,5862.0,0
26686,60000.0,1,2,2,25,2,0,0,0,0,0,60760.0,60011.0,61333.0,60082.0,38897.0,39422.0,2740.0,2893.0,2210.0,938.0,1188.0,0.0,1
26694,70000.0,1,2,2,27,0,0,0,0,0,0,17058.0,59481.0,50890.0,50981.0,54122.0,58227.0,52896.0,2047.0,1861.0,4000.0,5000.0,3044.0,0
26699,60000.0,1,3,2,25,0,0,0,0,0,0,56753.0,57530.0,59869.0,59942.0,28934.0,27461.0,2700.0,3869.0,2742.0,1200.0,1461.0,1504.0,0
26706,130000.0,1,1,2,27,-1,-1,0,-1,-1,-1,1439.0,3548.0,1958.0,1462.0,2573.0,2402.0,3555.0,1010.0,1466.0,2581.0,2509.0,3013.0,0
26714,360000.0,1,1,2,26,0,0,0,0,0,0,50536.0,28219.0,24996.0,17509.0,5486.0,5295.0,1527.0,2670.0,1062.0,514.0,113.0,245.0,0
26715,20000.0,1,1,2,28,0,0,0,0,0,0,19262.0,34729.0,18808.0,18302.0,18995.0,19400.0,1310.0,3190.0,1500.0,1000.0,860.0,900.0,0
26716,80000.0,1,2,2,27,1,2,2,2,2,2,63467.0,66811.0,68247.0,68531.0,69808.0,70544.0,5000.0,3100.0,2000.0,3000.0,2000.0,4000.0,1
26719,20000.0,1,2,2,23,0,0,0,0,0,0,13422.0,14886.0,15927.0,11939.0,10782.0,12599.0,2000.0,1667.0,2309.0,2000.0,2000.0,2000.0,0
26725,140000.0,1,1,2,27,-1,0,-1,-1,-2,-2,24602.0,12526.0,9032.0,0.0,0.0,0.0,5063.0,9032.0,0.0,0.0,0.0,0.0,0
26729,50000.0,1,3,2,24,1,2,2,0,0,0,52354.0,52651.0,51056.0,49515.0,42189.0,19938.0,2211.0,0.0,2174.0,2000.0,6473.0,0.0,1
26734,40000.0,1,1,2,28,2,-1,-1,-1,-1,2,1892.0,1889.0,1716.0,41710.0,42219.0,39774.0,1889.0,1716.0,41710.0,2800.0,0.0,1500.0,1
26739,50000.0,1,2,2,23,1,2,2,2,2,2,6283.0,6034.0,7925.0,8631.0,8855.0,8585.0,0.0,2000.0,1000.0,500.0,2.0,500.0,1
26747,220000.0,1,1,2,29,1,2,2,2,2,2,31012.0,30215.0,33117.0,32286.0,34320.0,33634.0,0.0,3400.0,0.0,2576.0,0.0,2671.0,1
26754,250000.0,1,3,1,28,0,0,0,0,0,0,149499.0,119726.0,111690.0,114776.0,110902.0,114018.0,15000.0,10000.0,10000.0,10000.0,5000.0,5000.0,0
26767,50000.0,1,2,2,25,0,0,0,0,0,0,48065.0,48355.0,49009.0,49949.0,50479.0,50702.0,1800.0,1844.0,2200.0,2000.0,1800.0,2038.0,0
26769,80000.0,1,2,2,25,0,0,0,-1,0,0,8852.0,1946.0,1473.0,48029.0,47525.0,47181.0,1000.0,1000.0,48029.0,2000.0,2000.0,2000.0,1
26784,80000.0,1,1,2,30,-1,0,0,0,0,0,40276.0,41897.0,45535.0,45954.0,47706.0,49235.0,5000.0,7000.0,4000.0,5000.0,5000.0,2029.0,0
26786,130000.0,1,2,2,28,2,2,2,2,0,0,132968.0,134505.0,135624.0,129959.0,93360.0,90040.0,6700.0,6200.0,0.0,3500.0,3238.0,3216.0,0
26787,180000.0,1,1,2,29,-1,-1,-1,-1,-1,-1,3810.0,6406.0,629.0,11542.0,2348.0,122.0,6406.0,629.0,11545.0,2348.0,122.0,0.0,0
26799,230000.0,1,1,2,27,0,0,0,0,0,0,8786.0,9865.0,10644.0,12414.0,15982.0,13324.0,2500.0,2000.0,2000.0,4000.0,2300.0,3000.0,0
26802,200000.0,1,1,1,30,3,2,2,2,2,2,2500.0,2500.0,2500.0,2500.0,2500.0,2500.0,0.0,0.0,0.0,0.0,0.0,0.0,1
26820,280000.0,1,1,2,30,-2,-2,-2,-2,-2,-2,3310.0,-6.0,4759.0,996.0,0.0,1199.0,0.0,4765.0,996.0,0.0,1199.0,909.0,0
26827,20000.0,1,1,2,27,1,2,3,2,3,2,4473.0,7216.0,6958.0,7496.0,7231.0,7269.0,3000.0,0.0,800.0,0.0,300.0,0.0,1
26831,250000.0,1,3,1,34,-2,-2,-2,-2,-2,-2,0.0,0.0,0.0,0.0,0.0,0.0,0.0,0.0,0.0,0.0,0.0,0.0,1
26840,20000.0,1,3,1,37,0,-1,0,0,0,0,18629.0,19202.0,20459.0,19493.0,17289.0,17684.0,21473.0,1576.0,2000.0,600.0,1000.0,700.0,0
26842,320000.0,1,1,2,41,0,0,0,0,0,0,309805.0,237915.0,235917.0,227714.0,154939.0,102338.0,15818.0,10049.0,10015.0,14939.0,4338.0,5267.0,0
26844,360000.0,1,2,1,47,-2,-2,-2,-2,-2,-2,1730.0,2500.0,0.0,0.0,0.0,0.0,2500.0,0.0,0.0,0.0,0.0,0.0,0
26846,100000.0,1,1,1,40,2,2,0,0,0,0,27002.0,26274.0,27045.0,28598.0,30131.0,32356.0,0.0,1500.0,2000.0,2000.0,2700.0,1300.0,1
26852,140000.0,1,1,2,32,0,0,2,2,2,2,32678.0,37303.0,37114.0,38687.0,41338.0,40645.0,5400.0,600.0,2400.0,3500.0,0.0,1539.0,0
26853,360000.0,1,2,1,39,-1,-1,-1,-1,-1,-1,1261.0,1261.0,1261.0,1261.0,1261.0,1261.0,1261.0,1261.0,1261.0,1261.0,1261.0,1261.0,0
26860,500000.0,1,3,1,39,0,0,0,0,0,0,41597.0,50849.0,54927.0,57972.0,60224.0,71198.0,10000.0,4927.0,3972.0,3224.0,11980.0,5765.0,0
26862,340000.0,1,2,1,39,0,0,0,0,0,0,148624.0,109990.0,112515.0,114951.0,117849.0,120739.0,4000.0,4000.0,4000.0,4500.0,5000.0,1500.0,0
26867,390000.0,1,1,2,37,-2,-2,-2,-2,-2,-2,73.0,10925.0,0.0,0.0,0.0,0.0,10952.0,0.0,0.0,0.0,0.0,0.0,1
26868,260000.0,1,1,1,37,0,0,0,0,0,0,257456.0,261189.0,264520.0,249571.0,202144.0,197643.0,10621.0,9948.0,8914.0,6986.0,41000.0,7222.0,0
26893,20000.0,1,2,2,38,1,3,2,2,0,0,26288.0,23822.0,22922.0,22140.0,19170.0,17170.0,0.0,1500.0,18.0,2383.0,0.0,0.0,0
26896,50000.0,1,2,1,29,0,0,0,0,0,0,39124.0,40474.0,41220.0,42332.0,43227.0,44530.0,2000.0,1700.0,1800.0,1600.0,2000.0,2000.0,0
26942,360000.0,1,2,1,39,0,0,0,0,0,-1,29814.0,22699.0,16866.0,13618.0,5000.0,8000.0,1333.0,2500.0,5000.0,2000.0,8000.0,5000.0,0
26947,60000.0,1,1,1,38,1,-2,-2,-2,-1,-1,0.0,0.0,0.0,0.0,1040.0,0.0,0.0,0.0,0.0,1040.0,0.0,0.0,0
26957,360000.0,1,2,2,44,0,0,0,0,0,0,189003.0,154847.0,122037.0,119366.0,86285.0,83589.0,6050.0,5033.0,5055.0,3021.0,2363.0,3000.0,0
26964,500000.0,1,1,2,35,-1,-1,0,0,0,0,3938.0,82385.0,88195.0,52253.0,38743.0,27833.0,82392.0,10339.0,20089.0,5105.0,10138.0,28426.0,0
26973,440000.0,1,2,2,42,0,0,0,0,0,0,64786.0,45923.0,47256.0,50727.0,50064.0,59017.0,5000.0,3000.0,5000.0,5000.0,10000.0,8000.0,0
26983,170000.0,1,3,1,44,0,0,0,0,0,0,159094.0,161938.0,166062.0,170023.0,173854.0,179390.0,6000.0,7000.0,7000.0,7000.0,8000.0,7000.0,0
26999,300000.0,1,2,1,45,-1,-1,-1,-1,-1,-1,360.0,360.0,360.0,360.0,1440.0,360.0,360.0,360.0,360.0,1440.0,360.0,360.0,0
27000,340000.0,1,2,2,41,-2,-2,-2,-2,-2,-2,186.0,3823.0,-20.0,4016.0,6209.0,2081.0,3842.0,0.0,4036.0,6254.0,2091.0,1917.0,0
27002,50000.0,1,2,1,41,0,0,0,0,0,0,8988.0,6849.0,7471.0,8043.0,19526.0,7564.0,1200.0,2000.0,2000.0,3000.0,1000.0,10640.0,0
27012,200000.0,1,3,1,40,0,0,-1,0,0,-2,205277.0,127.0,3627.0,6303.0,73.0,-63.0,269.0,3700.0,3000.0,390.0,128.0,90000.0,0
27015,220000.0,1,1,2,38,0,0,0,0,0,0,209044.0,211453.0,217237.0,198681.0,202479.0,206221.0,7705.0,9656.0,7189.0,7404.0,7490.0,7517.0,0
27035,420000.0,1,1,1,46,2,2,2,0,0,0,426429.0,436968.0,428712.0,425345.0,354852.0,353113.0,19000.0,0.0,16100.0,13000.0,14064.0,111170.0,1
27036,130000.0,1,2,1,35,0,0,0,-2,-2,-2,129902.0,134400.0,0.0,0.0,0.0,0.0,7000.0,0.0,0.0,0.0,0.0,0.0,0
27044,230000.0,1,3,2,29,1,-1,-1,-1,-1,-1,-4.0,1496.0,4872.0,0.0,1241.0,-383.0,1500.0,5000.0,0.0,1241.0,0.0,2000.0,1
27052,20000.0,1,3,2,36,-1,0,-1,-1,0,0,16842.0,16300.0,390.0,14536.0,7446.0,0.0,1000.0,390.0,14536.0,149.0,0.0,8346.0,0
27069,60000.0,1,2,1,35,2,0,0,0,2,2,9501.0,10560.0,11312.0,13050.0,12578.0,14008.0,1500.0,1200.0,1900.0,0.0,1600.0,0.0,1
27070,150000.0,1,1,2,35,0,0,0,0,0,0,150359.0,147471.0,151713.0,130107.0,78623.0,79743.0,15000.0,20000.0,5000.0,2000.0,7000.0,15000.0,0
27077,200000.0,1,2,2,34,-2,-2,-1,0,-1,-1,541.0,-59.0,6817.0,7756.0,8835.0,13129.0,59.0,6876.0,1009.0,8837.0,13129.0,12184.0,0
27079,200000.0,1,1,2,30,0,0,0,0,0,0,46288.0,48205.0,49352.0,49682.0,50588.0,42629.0,3000.0,2300.0,2000.0,2000.0,1500.0,1189.0,0
27086,60000.0,1,2,2,32,-1,2,-1,2,0,0,2178.0,1755.0,58197.0,50485.0,37710.0,38073.0,0.0,58197.0,0.0,2000.0,1366.0,2000.0,0
27092,80000.0,1,3,2,46,2,0,0,0,0,0,77142.0,78255.0,79425.0,70583.0,48308.0,46049.0,3000.0,3055.0,3047.0,1663.0,1692.0,1618.0,1
27099,500000.0,1,1,1,43,1,-2,-2,-2,-1,-1,0.0,0.0,0.0,0.0,177.0,4716.0,0.0,0.0,0.0,177.0,4716.0,1000.0,0
27108,130000.0,1,2,2,41,0,0,0,0,0,0,124391.0,126032.0,123746.0,123107.0,42897.0,39378.0,4442.0,5200.0,5012.0,2500.0,5000.0,2000.0,0
27123,150000.0,1,1,2,31,2,2,2,2,2,3,57504.0,58590.0,64813.0,63048.0,120660.0,122762.0,2500.0,7628.0,0.0,61923.0,4500.0,3900.0,1
27126,500000.0,1,1,2,38,-2,-2,-2,-2,-2,-2,0.0,0.0,0.0,8086.0,0.0,0.0,0.0,0.0,8086.0,0.0,0.0,0.0,0
27131,360000.0,1,1,1,38,0,0,0,-1,0,0,47026.0,88355.0,54913.0,25407.0,22179.0,337.0,48564.0,10072.0,25821.0,609.0,1.0,10425.0,0
27141,490000.0,1,2,2,42,0,0,0,0,0,0,455520.0,464727.0,477884.0,488808.0,427064.0,436172.0,16100.0,20000.0,19000.0,16000.0,16000.0,15000.0,0
27143,160000.0,1,1,2,29,-1,-1,-2,-1,0,0,4908.0,0.0,0.0,3166.0,3166.0,0.0,0.0,0.0,3166.0,0.0,0.0,4493.0,0
27152,200000.0,1,1,1,36,1,-2,-2,-1,0,-1,-95.0,-95.0,-95.0,5.0,1005.0,21.0,0.0,0.0,100.0,1000.0,500.0,0.0,0
27170,200000.0,1,1,2,30,0,0,0,0,0,-1,70185.0,71417.0,73534.0,74785.0,79985.0,3065.0,3000.0,3000.0,2000.0,5400.0,3080.0,998.0,0
27189,120000.0,1,1,2,28,0,0,0,0,0,0,120942.0,118576.0,118240.0,116142.0,115087.0,117647.0,4585.0,5923.0,4533.0,4200.0,4433.0,4241.0,0
27192,230000.0,1,1,2,34,-1,-1,-1,-1,-1,-1,476.0,476.0,476.0,476.0,476.0,4145.0,476.0,476.0,476.0,476.0,4145.0,476.0,0
27204,280000.0,1,3,3,42,1,-2,-1,0,0,0,-191.0,-191.0,5612.0,6917.0,10247.0,11822.0,0.0,6100.0,4000.0,3500.0,2500.0,2000.0,0
27205,130000.0,1,3,1,39,0,-1,-1,-1,-1,-1,51790.0,390.0,390.0,390.0,390.0,390.0,390.0,390.0,390.0,390.0,390.0,390.0,0
27215,60000.0,1,2,1,35,2,2,2,2,2,2,20195.0,21267.0,21332.0,21680.0,23011.0,23498.0,1700.0,700.0,1000.0,2000.0,1000.0,0.0,0
27217,130000.0,1,1,2,49,2,2,2,2,2,2,68739.0,70024.0,68345.0,72487.0,73591.0,75161.0,3000.0,0.0,5900.0,2900.0,2900.0,2900.0,1
27225,80000.0,1,3,2,34,0,0,0,0,0,2,72463.0,77862.0,78520.0,69750.0,48707.0,47418.0,7000.0,3000.0,3000.0,3600.0,0.0,2000.0,1
27226,90000.0,1,2,1,31,0,0,2,0,0,0,77107.0,93894.0,91508.0,86167.0,49479.0,50704.0,20000.0,0.0,3752.0,1726.0,2003.0,2000.0,0
27228,390000.0,1,1,1,35,-1,-1,0,0,0,0,14673.0,83728.0,67892.0,65246.0,68949.0,52724.0,83728.0,2637.0,2576.0,5000.0,2724.0,2000.0,0
27229,30000.0,1,2,1,40,1,4,3,2,2,3,14557.0,14039.0,13528.0,13810.0,14488.0,13971.0,0.0,0.0,800.0,1200.0,0.0,0.0,1
27233,260000.0,1,1,1,43,-1,-1,-2,-2,-1,-1,1350.0,0.0,0.0,0.0,760.0,0.0,0.0,0.0,0.0,760.0,0.0,935.0,0
27235,240000.0,1,1,1,35,-1,-1,-1,0,-1,-1,2024.0,2007.0,21790.0,17102.0,13367.0,22659.0,2017.0,21817.0,1120.0,13434.0,22772.0,22820.0,0
27244,180000.0,1,3,1,37,-1,-1,-1,0,-1,-1,1170.0,420.0,2745.0,3053.0,1012.0,1312.0,420.0,2745.0,1000.0,1392.0,1312.0,1110.0,1
27250,50000.0,1,2,2,30,1,-1,-1,-1,0,0,0.0,676.0,-104.0,9732.0,9927.0,9339.0,676.0,0.0,10500.0,337.0,333.0,407.0,0
27252,230000.0,1,3,2,34,0,0,0,0,0,0,137122.0,138268.0,127797.0,130490.0,110153.0,112253.0,6700.0,6500.0,6513.0,4601.0,5000.0,5000.0,0
27253,50000.0,1,2,1,43,0,0,0,0,0,0,27681.0,28287.0,28924.0,29521.0,29876.0,30201.0,1458.0,1485.0,1472.0,1217.0,1347.0,558.0,0
27256,250000.0,1,3,1,28,0,0,0,0,0,0,249827.0,191305.0,90497.0,92278.0,93354.0,95309.0,8500.0,3899.0,3913.0,3186.0,3301.0,3525.0,0
27258,140000.0,1,3,1,42,0,0,0,0,0,0,137952.0,141168.0,143215.0,61586.0,70626.0,72723.0,7000.0,6110.0,5000.0,10014.0,5011.0,5005.0,0
27262,20000.0,1,3,2,34,1,4,3,2,2,2,15526.0,14996.0,14474.0,13944.0,15073.0,14692.0,0.0,0.0,0.0,1363.0,0.0,2000.0,0
27272,500000.0,1,1,2,39,-1,-1,-1,-1,-1,0,22204.0,83528.0,-24702.0,23804.0,92715.0,6655.0,83643.0,472.0,113935.0,108041.0,33.0,3984.0,0
27277,200000.0,1,1,1,30,2,2,2,2,2,2,44411.0,45379.0,45858.0,45781.0,47401.0,40536.0,2000.0,1500.0,1000.0,2540.0,2000.0,0.0,1
27278,20000.0,1,2,2,44,1,2,2,2,0,0,18330.0,17743.0,20346.0,19597.0,19086.0,16755.0,0.0,3208.0,0.0,600.0,453.0,138.0,0
27290,230000.0,1,1,1,35,-2,-2,-2,-2,-2,-2,392.0,4106.0,2562.0,6245.0,394.0,987.0,4114.0,2566.0,6286.0,394.0,989.0,3129.0,0
27296,180000.0,1,1,1,45,1,-2,-2,-2,-2,-2,0.0,0.0,0.0,0.0,0.0,0.0,0.0,0.0,0.0,0.0,0.0,0.0,1
27300,250000.0,1,1,2,32,-1,-1,-1,-1,-1,-1,55741.0,74048.0,29381.0,56372.0,34020.0,4575.0,74081.0,29403.0,56692.0,34055.0,4575.0,0.0,0
27306,340000.0,1,3,1,44,0,0,0,0,0,0,109424.0,111606.0,111704.0,110578.0,109932.0,111127.0,4032.0,4117.0,4199.0,4103.0,3900.0,3382.0,0
27311,20000.0,1,2,1,34,0,0,0,0,0,0,2799.0,2164.0,1854.0,3296.0,3435.0,4435.0,2005.0,1200.0,1500.0,300.0,1000.0,95.0,0
27342,120000.0,1,3,1,40,-1,-1,0,0,0,0,32161.0,64308.0,65015.0,66571.0,67632.0,57798.0,64308.0,3000.0,4000.0,4000.0,4000.0,4000.0,0
27343,500000.0,1,1,2,37,0,0,0,0,0,0,50140.0,45984.0,44584.0,25402.0,21140.0,16072.0,1862.0,1593.0,1538.0,835.0,451.0,553.0,0
27346,350000.0,1,1,2,33,-2,-2,-2,-2,-2,-2,2394.0,1685.0,563.0,7535.0,0.0,1522.0,1685.0,569.0,7572.0,0.0,1522.0,700.0,1
27348,160000.0,1,2,1,39,0,0,0,0,0,2,14658.0,15666.0,16694.0,17697.0,19023.0,18584.0,1258.0,1286.0,1289.0,1615.0,0.0,1000.0,1
27351,200000.0,1,1,2,32,-1,-1,-1,-2,-2,-2,1125.0,2182.0,0.0,0.0,0.0,0.0,2182.0,0.0,0.0,0.0,0.0,0.0,1
27354,280000.0,1,2,2,38,2,2,2,2,0,0,163675.0,168581.0,170775.0,166749.0,168739.0,166757.0,9000.0,6000.0,5.0,5858.0,5741.0,5608.0,1
27364,130000.0,1,1,2,27,0,0,0,-2,-2,-2,71668.0,47836.0,0.0,0.0,0.0,0.0,2000.0,0.0,0.0,0.0,0.0,0.0,0
27366,20000.0,1,3,1,28,0,0,0,2,0,0,19794.0,19519.0,20464.0,19756.0,19978.0,11680.0,1304.0,2900.0,0.0,773.0,626.0,8554.0,0
27369,30000.0,1,2,2,29,1,2,0,0,0,0,24180.0,23498.0,24532.0,25517.0,25896.0,26282.0,0.0,1715.0,1700.0,1100.0,952.0,958.0,0
27371,180000.0,1,1,2,31,-1,-1,-1,-1,-1,-1,6383.0,3166.0,13346.0,4195.0,9934.0,3317.0,3200.0,13500.0,4195.0,10000.0,3500.0,5912.0,0
27380,50000.0,1,3,1,36,0,0,0,0,0,0,44917.0,46230.0,49319.0,50401.0,18919.0,19469.0,2061.0,4150.0,2232.0,750.0,929.0,611.0,0
27382,200000.0,1,3,3,48,-1,-1,-1,-1,0,0,7331.0,4760.0,3529.0,11711.0,38079.0,0.0,4780.0,3529.0,11726.0,35000.0,0.0,0.0,0
27388,120000.0,1,2,1,43,-1,-1,-2,-1,-1,-1,3972.0,2809.0,1021.0,2311.0,3868.0,2980.0,2816.0,1021.0,2321.0,3868.0,2980.0,0.0,0
27389,360000.0,1,1,2,37,1,-1,-1,-1,-1,-1,-2.0,513.0,1070.0,-10.0,2107.0,627.0,515.0,1075.0,0.0,2117.0,630.0,375.0,0
27395,300000.0,1,2,1,40,0,0,0,0,0,0,25492.0,28048.0,30582.0,33059.0,35498.0,39902.0,3000.0,3000.0,3000.0,3000.0,5000.0,5000.0,0
27396,500000.0,1,3,1,43,0,0,0,0,0,0,57313.0,54997.0,44226.0,40712.0,37311.0,27068.0,4060.0,5014.0,5005.0,4000.0,5000.0,0.0,0
27406,100000.0,1,5,3,44,2,2,0,0,0,0,40199.0,39218.0,35464.0,30456.0,29420.0,27102.0,0.0,2005.0,1700.0,976.0,2000.0,3000.0,0
27407,50000.0,1,3,1,47,0,0,0,2,0,0,11752.0,13244.0,14722.0,15181.0,15928.0,16671.0,2000.0,2000.0,1000.0,1000.0,1000.0,1000.0,0
27418,210000.0,1,1,2,39,-2,-2,-2,-2,-2,-2,28435.0,7615.0,0.0,0.0,0.0,0.0,7637.0,0.0,0.0,0.0,0.0,14263.0,0
27419,50000.0,1,3,2,37,-1,0,0,0,0,0,20248.0,50797.0,53340.0,45661.0,20180.0,21155.0,45535.0,3500.0,1424.0,2000.0,1300.0,754.0,0
27420,50000.0,1,1,1,45,-1,-1,-1,-1,-1,-1,390.0,390.0,390.0,390.0,390.0,390.0,390.0,390.0,390.0,390.0,390.0,390.0,1
27436,210000.0,1,1,2,32,0,0,0,0,0,0,218742.0,218317.0,73874.0,73219.0,96844.0,94731.0,10000.0,5000.0,5000.0,30000.0,4500.0,15000.0,0
27441,500000.0,1,1,1,35,2,0,0,-1,0,0,510367.0,473584.0,167682.0,501496.0,508213.0,496801.0,24913.0,5872.0,508229.0,18089.0,14070.0,15009.0,1
27445,410000.0,1,1,2,32,0,0,0,0,0,0,198954.0,202511.0,199348.0,201941.0,101962.0,104837.0,7000.0,9000.0,9000.0,5000.0,5000.0,5000.0,0
27451,200000.0,1,1,2,33,-1,-1,-1,0,-1,-1,12202.0,1964.0,12181.0,5908.0,1114.0,8314.0,4994.0,12181.0,2000.0,1114.0,8314.0,1114.0,0
27453,230000.0,1,2,2,41,2,0,0,0,0,0,225043.0,229701.0,229250.0,229572.0,213420.0,218809.0,10000.0,11000.0,9000.0,9000.0,9000.0,9000.0,1
27455,50000.0,1,2,2,49,1,2,0,0,0,0,47360.0,45915.0,46686.0,47084.0,14253.0,15479.0,0.0,2200.0,2000.0,1000.0,2000.0,2000.0,0
27466,110000.0,1,2,1,50,1,-1,0,0,0,0,-10682.0,50928.0,54711.0,55926.0,18030.0,18367.0,62000.0,5000.0,3000.0,2000.0,1000.0,2000.0,0
27470,100000.0,1,6,2,51,2,2,0,0,0,0,104264.0,101658.0,97937.0,98893.0,101044.0,96045.0,0.0,4134.0,3952.0,3611.0,3298.0,3401.0,0
27472,360000.0,1,2,1,50,0,0,0,-1,0,0,221855.0,256171.0,-229.0,10527.0,9564.0,0.0,46000.0,0.0,10756.0,5035.0,0.0,0.0,0
27484,10000.0,1,3,2,56,2,2,0,0,0,0,10156.0,8570.0,6101.0,6711.0,7258.0,7777.0,0.0,1500.0,2000.0,2000.0,2000.0,2000.0,0
27487,30000.0,1,2,1,57,0,0,0,0,0,0,24911.0,26241.0,27512.0,27831.0,28795.0,29285.0,1750.0,2000.0,1240.0,1200.0,1100.0,0.0,1
27488,90000.0,1,1,2,52,0,0,0,0,0,0,91671.0,91656.0,87106.0,48730.0,27535.0,27751.0,4508.0,5110.0,2000.0,3000.0,1000.0,3000.0,0
27494,160000.0,1,3,1,51,0,0,0,-2,-1,-1,4042.0,4338.0,-1801.0,-5513.0,743.0,1012.0,1000.0,0.0,0.0,6256.0,1050.0,1000.0,1
27495,10000.0,1,3,1,57,0,0,0,2,2,0,7525.0,6952.0,9356.0,9533.0,9233.0,9295.0,1276.0,2680.0,477.0,0.0,360.0,1000.0,0
27497,50000.0,1,1,1,48,0,0,0,0,0,0,48096.0,49267.0,48078.0,25869.0,22647.0,2875.0,2300.0,2000.0,1600.0,100.0,250.0,104.0,0
27504,20000.0,1,3,2,62,0,0,0,0,0,0,16303.0,17314.0,18343.0,19331.0,18541.0,18929.0,1286.0,1315.0,1303.0,663.0,686.0,744.0,0
27530,50000.0,1,2,1,56,1,2,2,0,0,0,48141.0,50783.0,49581.0,36828.0,19361.0,19780.0,3739.0,28.0,1502.0,670.0,708.0,681.0,0
27532,420000.0,1,3,1,59,0,0,0,0,0,0,24389.0,21232.0,24524.0,21318.0,21496.0,19704.0,1733.0,10026.0,1606.0,2006.0,707.0,1037.0,0
27536,20000.0,1,3,1,53,3,4,3,2,3,2,15507.0,14974.0,14449.0,15116.0,14582.0,14206.0,0.0,0.0,1200.0,0.0,0.0,2230.0,1
27539,240000.0,1,3,1,57,0,0,0,0,0,0,224736.0,230814.0,234047.0,164960.0,167934.0,171113.0,9573.0,7893.0,6151.0,5527.0,5708.0,5738.0,0
27541,180000.0,1,3,1,65,0,-1,0,0,0,0,191309.0,174775.0,174702.0,176816.0,180911.0,123229.0,175100.0,7000.0,5000.0,5309.0,5288.0,3000.0,1
27547,130000.0,1,3,1,54,-1,-1,-1,-2,-1,-1,193.0,2499.0,0.0,0.0,428.0,150.0,2520.0,0.0,0.0,428.0,150.0,285.0,0
27550,30000.0,1,3,1,53,1,2,2,2,2,2,18361.0,20250.0,19637.0,21705.0,21059.0,23716.0,2500.0,0.0,2403.0,0.0,3000.0,0.0,1
27564,130000.0,1,2,2,56,0,0,0,0,0,0,121165.0,109805.0,111780.0,116357.0,96936.0,98173.0,4000.0,5000.0,8000.0,4000.0,4000.0,5000.0,0
27574,360000.0,1,1,1,53,-2,-2,-2,-2,-2,-2,826.0,4741.0,6336.0,937.0,766.0,1065.0,4765.0,6395.0,941.0,769.0,1070.0,1088.0,0
27575,50000.0,1,3,1,54,0,0,0,0,0,0,47722.0,47080.0,48813.0,49107.0,18000.0,17538.0,2100.0,3000.0,2000.0,1200.0,1000.0,3000.0,0
27576,530000.0,1,2,1,54,-2,-2,-2,-2,-1,0,-30.0,-420.0,390.0,390.0,166210.0,129716.0,0.0,1200.0,390.0,166210.0,6000.0,3000.0,0
27591,300000.0,1,2,1,55,0,0,0,0,0,0,69994.0,71388.0,72886.0,74371.0,75854.0,77440.0,2552.0,2645.0,2696.0,2716.0,2809.0,2826.0,0
27602,20000.0,2,2,2,27,0,0,0,0,0,-1,18854.0,19116.0,15030.0,13025.0,12223.0,15975.0,1292.0,1509.0,1522.0,3111.0,20000.0,1121.0,0
27612,50000.0,2,2,1,26,0,0,0,0,0,0,43800.0,44335.0,44626.0,40928.0,29367.0,29156.0,2043.0,2126.0,2104.0,990.0,1200.0,1654.0,0
27613,50000.0,2,2,2,25,2,2,2,2,2,2,33995.0,34937.0,34394.0,36509.0,37105.0,37866.0,1800.0,300.0,3000.0,1500.0,1500.0,0.0,1
27641,20000.0,2,1,2,24,0,0,0,0,0,0,14273.0,13327.0,11789.0,11200.0,13244.0,13539.0,1183.0,2000.0,1200.0,2244.0,506.0,561.0,0
27643,80000.0,2,1,2,23,0,0,0,0,0,0,78366.0,67801.0,68034.0,55674.0,48649.0,47041.0,2540.0,2442.0,1810.0,1661.0,1668.0,1663.0,0
27656,50000.0,2,2,2,22,0,0,0,0,0,0,18293.0,19301.0,20338.0,22486.0,22932.0,23413.0,1315.0,1352.0,2500.0,820.0,850.0,855.0,0
27659,20000.0,2,2,2,22,1,-2,-2,-2,-2,-2,0.0,0.0,0.0,0.0,0.0,0.0,0.0,0.0,0.0,0.0,0.0,0.0,0
27663,20000.0,2,2,2,21,-1,-1,2,2,-2,-2,390.0,780.0,780.0,0.0,0.0,0.0,780.0,0.0,0.0,0.0,0.0,0.0,0
27668,50000.0,2,1,2,24,0,0,0,0,0,0,43219.0,35137.0,25862.0,12468.0,12381.0,12683.0,2400.0,1900.0,2400.0,250.0,500.0,0.0,0
27669,110000.0,2,1,2,24,1,2,0,0,0,0,115527.0,109871.0,110565.0,216850.0,110952.0,109169.0,0.0,4000.0,7000.0,7766.0,3982.0,5000.0,1
27670,30000.0,2,2,2,24,1,2,2,0,0,0,26690.0,27954.0,27226.0,28427.0,28752.0,28447.0,2000.0,0.0,2000.0,1000.0,1100.0,1500.0,0
27681,20000.0,2,1,2,23,-1,0,0,0,0,0,19364.0,19082.0,19286.0,19637.0,18826.0,19522.0,1358.0,1321.0,1400.0,1000.0,1000.0,2583.0,0
27682,60000.0,2,2,1,23,0,0,0,0,2,2,59408.0,58844.0,43427.0,30408.0,30632.0,30021.0,2230.0,2000.0,4300.0,1000.0,0.0,2000.0,0
27693,450000.0,2,3,2,26,0,0,0,0,0,0,28765.0,24672.0,23095.0,20776.0,6189.0,2396.0,1714.0,2012.0,1107.0,21.0,512.0,81081.0,0
27695,50000.0,2,3,2,25,0,0,0,0,0,0,27232.0,26777.0,27129.0,26613.0,26057.0,25924.0,1439.0,1464.0,1401.0,908.0,935.0,924.0,0
27717,80000.0,2,3,1,26,0,0,0,0,0,0,69489.0,70336.0,71755.0,66175.0,67573.0,69083.0,2600.0,2571.0,2500.0,2500.0,2600.0,3000.0,0
27720,20000.0,2,1,2,24,-1,-1,-1,-1,-1,-1,440.0,4023.0,440.0,440.0,440.0,440.0,4023.0,440.0,440.0,440.0,440.0,440.0,0
27729,90000.0,2,2,2,23,0,0,0,-2,-1,0,28120.0,32429.0,0.0,0.0,2522.0,2575.0,5000.0,0.0,0.0,2522.0,94.0,111.0,0
27739,80000.0,2,3,2,23,0,0,0,0,0,0,66909.0,67465.0,65470.0,57187.0,29058.0,26790.0,2451.0,3017.0,1557.0,1500.0,1000.0,1239.0,0
27752,110000.0,2,1,2,23,0,0,0,0,0,0,78793.0,79182.0,76460.0,60136.0,41872.0,38158.0,3400.0,4000.0,2951.0,1600.0,1540.0,1400.0,0
27757,50000.0,2,2,1,22,0,0,0,0,0,0,47718.0,48719.0,47725.0,46467.0,14767.0,15085.0,2106.0,2200.0,2000.0,1000.0,700.0,800.0,0
27773,120000.0,2,1,2,24,-1,-1,-1,-1,-1,-1,2946.0,384.0,1914.0,390.0,0.0,780.0,384.0,1920.0,390.0,0.0,780.0,0.0,1
27786,420000.0,2,2,2,25,0,-1,0,0,0,0,17685.0,28206.0,122212.0,117835.0,112705.0,111357.0,30553.0,100000.0,4013.0,3822.0,4086.0,3800.0,0
27811,30000.0,2,2,2,25,0,0,0,0,0,0,14045.0,15363.0,16108.0,17888.0,16505.0,16511.0,1555.0,1300.0,4894.0,1000.0,800.0,2200.0,0
27814,50000.0,2,2,2,28,1,-2,-2,-2,-2,-2,0.0,0.0,0.0,0.0,0.0,0.0,0.0,0.0,0.0,0.0,0.0,0.0,0
27818,110000.0,2,1,2,26,0,0,0,0,0,0,113284.0,110062.0,100659.0,93909.0,78589.0,52644.0,5200.0,4628.0,4878.0,3000.0,2055.0,1908.0,0
27824,80000.0,2,2,1,27,1,2,0,0,0,0,81841.0,79062.0,74722.0,40151.0,28424.0,29059.0,15.0,2876.0,2052.0,625.0,693.0,84.0,1
27827,90000.0,2,2,2,26,2,2,2,2,0,0,88103.0,90951.0,92226.0,89817.0,87296.0,89130.0,8300.0,3600.0,0.0,3300.0,3400.0,4000.0,1
27835,260000.0,2,1,2,26,0,0,0,0,0,0,144112.0,144619.0,142380.0,141746.0,112938.0,110346.0,5033.0,5046.0,4573.0,4000.0,3800.0,4000.0,0
27836,100000.0,2,3,2,27,0,0,0,0,0,0,89312.0,141034.0,61119.0,58535.0,54224.0,51204.0,3000.0,2208.0,2700.0,2000.0,1844.0,1709.0,0
27839,80000.0,2,1,2,26,0,-1,-1,2,2,2,1238.0,376.0,2281.0,1356.0,355.0,-520.0,376.0,2281.0,0.0,0.0,0.0,35893.0,0
27840,100000.0,2,1,2,25,2,0,0,2,0,0,97570.0,87923.0,91078.0,86433.0,65149.0,64810.0,4100.0,5514.0,2500.0,3000.0,4000.0,3000.0,1
27849,150000.0,2,1,2,26,0,0,0,0,0,0,151812.0,145411.0,132560.0,121003.0,69091.0,55543.0,7005.0,6612.0,4540.0,2426.0,1854.0,2424.0,0
27851,360000.0,2,1,1,27,1,-2,-1,-1,0,0,0.0,0.0,9000.0,3002.0,3063.0,3063.0,0.0,9000.0,3002.0,61.0,0.0,0.0,0
27852,70000.0,2,3,1,26,2,0,0,0,0,0,71832.0,71147.0,72227.0,71078.0,50777.0,50841.0,3275.0,3800.0,3200.0,1950.0,2000.0,1828.0,0
27853,50000.0,2,1,2,27,2,0,0,0,2,0,48064.0,47691.0,49140.0,49423.0,48377.0,48158.0,3000.0,2525.0,3900.0,0.0,2000.0,4500.0,1
27855,60000.0,2,3,2,27,0,0,0,0,0,0,39325.0,40668.0,42009.0,43804.0,44473.0,45752.0,2000.0,2000.0,2500.0,1700.0,2000.0,1700.0,0
27857,70000.0,2,2,2,22,0,0,0,0,0,0,66748.0,52642.0,40934.0,34685.0,30166.0,29299.0,2049.0,1700.0,1446.0,1000.0,1044.0,1176.0,0
27865,280000.0,2,2,2,24,-1,-1,-1,-1,-1,0,316.0,316.0,3861.0,316.0,10800.0,9099.0,316.0,3861.0,316.0,10800.0,382.0,5000.0,0
27869,30000.0,2,3,2,26,0,0,0,0,0,-1,27818.0,27594.0,29717.0,28812.0,28762.0,10404.0,3000.0,2595.0,1200.0,1020.0,10404.0,51000.0,1
27876,110000.0,2,2,2,27,1,2,0,0,0,0,59580.0,54255.0,55474.0,45467.0,46285.0,47334.0,0.0,2230.0,2100.0,2010.0,2150.0,1200.0,1
27886,80000.0,2,3,1,27,0,0,0,0,0,0,24003.0,21887.0,14799.0,6402.0,4950.0,4661.0,3028.0,1241.0,3010.0,2025.0,3500.0,26028.0,1
27887,220000.0,2,1,2,27,0,0,0,-1,-1,-1,66620.0,56611.0,37504.0,9499.0,3679.0,13232.0,16008.0,12000.0,15030.0,10000.0,15000.0,5000.0,0
27893,100000.0,2,1,2,27,0,0,0,0,0,0,43599.0,45865.0,54424.0,56032.0,59475.0,47491.0,3000.0,10000.0,2647.0,5000.0,2000.0,4000.0,0
27896,100000.0,2,1,2,29,0,0,0,0,0,0,167410.0,85536.0,77303.0,60178.0,56436.0,51773.0,70001.0,3769.0,2008.0,1950.0,2001.0,18000.0,0
27910,210000.0,2,1,2,29,1,-2,-2,-2,-2,-2,0.0,0.0,0.0,0.0,0.0,0.0,0.0,0.0,0.0,0.0,0.0,0.0,1
27915,80000.0,2,1,2,27,0,0,0,0,0,0,36959.0,38042.0,38925.0,40274.0,41598.0,42926.0,2000.0,1800.0,2000.0,2000.0,2000.0,3000.0,0
27928,130000.0,2,1,2,27,-2,-2,-2,-2,-2,-2,8508.0,27049.0,0.0,0.0,0.0,0.0,27049.0,0.0,0.0,0.0,0.0,0.0,0
27929,150000.0,2,1,2,28,1,-2,-2,-2,-2,-2,0.0,0.0,0.0,0.0,0.0,0.0,0.0,0.0,0.0,0.0,0.0,0.0,0
27934,180000.0,2,2,2,25,0,0,0,0,0,0,177607.0,177498.0,176081.0,175540.0,142015.0,139162.0,6500.0,7000.0,7200.0,5018.0,5200.0,5300.0,0
27945,180000.0,2,1,2,28,0,0,0,0,0,0,20098.0,22063.0,11705.0,14900.0,7180.0,-10.0,3000.0,4000.0,4000.0,3000.0,0.0,550.0,0
27951,200000.0,2,1,2,27,0,0,2,2,2,2,159215.0,172029.0,167856.0,179126.0,174748.0,179337.0,15500.0,0.0,14100.0,0.0,7400.0,13000.0,1
27957,160000.0,2,1,2,29,-1,-1,0,0,0,0,20193.0,3250.0,9244.0,8344.0,5607.0,1289.0,3250.0,6152.0,1000.0,1401.0,0.0,0.0,0
27958,50000.0,2,1,2,26,2,2,2,2,2,0,29164.0,28396.0,31533.0,31833.0,31022.0,31681.0,0.0,3600.0,1111.0,0.0,1160.0,1160.0,0
27968,130000.0,2,1,2,27,0,0,0,0,-1,-1,37319.0,38252.0,46741.0,42881.0,367.0,46265.0,2031.0,10000.0,1000.0,367.0,61170.0,1200.0,0
27969,120000.0,2,1,2,28,-1,-1,-1,-1,-1,-1,2494.0,1394.0,780.0,470.0,-170.0,180.0,2000.0,780.0,470.0,0.0,500.0,1335.0,0
27976,160000.0,2,3,2,27,1,-1,-1,-1,-1,-1,-10.0,3382.0,7726.0,12290.0,1280.0,0.0,3392.0,7749.0,14529.0,1283.0,0.0,0.0,0
27977,180000.0,2,1,1,27,0,0,0,0,0,0,152158.0,155181.0,158437.0,161664.0,164873.0,168344.0,5539.0,5741.0,5852.0,5881.0,7607.0,6135.0,0
27989,210000.0,2,2,1,30,0,0,0,0,0,0,107539.0,103234.0,47363.0,45810.0,42093.0,36587.0,3000.0,3018.0,2000.0,1500.0,1500.0,2000.0,0
27997,180000.0,2,1,2,31,-2,-2,-2,-2,-2,-2,4522.0,1763.0,1571.0,0.0,4775.0,0.0,1771.0,1571.0,0.0,4775.0,0.0,0.0,0
27998,400000.0,2,1,1,31,-1,-1,-1,-1,-1,-1,325.0,5581.0,2833.0,1162.0,325.0,325.0,5581.0,2833.0,1162.0,325.0,325.0,325.0,0
28003,230000.0,2,1,2,29,2,-1,-1,-1,-1,-1,711.0,711.0,711.0,711.0,711.0,291.0,711.0,711.0,711.0,711.0,291.0,1131.0,0
28005,20000.0,2,2,2,30,1,2,0,0,0,0,20128.0,17842.0,18979.0,7886.0,19786.0,20025.0,0.0,7027.0,1000.0,19000.0,6000.0,1000.0,1
28006,150000.0,2,1,2,27,0,0,0,0,0,0,51032.0,69242.0,65366.0,62283.0,60942.0,55878.0,30000.0,20142.0,3759.0,7022.0,20000.0,10000.0,0
28027,80000.0,2,2,2,30,0,0,2,0,0,0,80681.0,84064.0,79988.0,79291.0,53876.0,49513.0,6900.0,0.0,4382.0,1822.0,2000.0,2000.0,0
28028,240000.0,2,2,1,32,1,-2,-2,-1,-1,-1,0.0,0.0,0.0,262.0,0.0,1389.0,0.0,0.0,262.0,0.0,1389.0,0.0,0
28037,100000.0,2,1,2,30,0,0,0,0,0,0,89242.0,91067.0,93409.0,95056.0,75688.0,77330.0,4200.0,4700.0,4500.0,3000.0,2900.0,2901.0,0
28044,180000.0,2,4,1,28,2,0,0,0,0,0,117328.0,115140.0,73730.0,64600.0,2500.0,0.0,4117.0,3504.0,3000.0,0.0,0.0,0.0,0
28046,50000.0,2,1,2,28,0,0,0,0,0,0,48782.0,47708.0,49846.0,49303.0,29722.0,29624.0,2100.0,3600.0,2146.0,1004.0,1100.0,1294.0,0
28053,10000.0,2,2,2,32,-1,-1,0,0,0,0,77.0,7417.0,8459.0,9493.0,9678.0,9634.0,7417.0,1166.0,1200.0,300.0,1000.0,500.0,1
28056,50000.0,2,2,1,34,0,0,0,2,2,2,45974.0,47504.0,45206.0,35892.0,22989.0,22483.0,2374.0,4656.0,25.0,2869.0,0.0,814.0,0
28058,50000.0,2,3,1,34,2,2,2,2,2,2,28289.0,32783.0,33714.0,32250.0,34245.0,19719.0,5000.0,3000.0,0.0,5000.0,0.0,3000.0,1
28068,210000.0,2,1,2,31,0,0,0,-1,0,0,9604.0,10970.0,1230.0,24531.0,24287.0,22683.0,5056.0,1230.0,24531.0,1003.0,479.0,8080.0,0
28076,360000.0,2,1,2,26,-1,-1,-1,-1,-1,-1,273.0,3558.0,1489.0,-356.0,9824.0,2010.0,3558.0,1489.0,0.0,10560.0,2010.0,1491.0,0
28082,10000.0,2,3,1,44,5,4,3,2,2,2,8678.0,8401.0,8128.0,7841.0,8579.0,8317.0,0.0,0.0,0.0,1000.0,0.0,1000.0,1
28083,140000.0,2,1,1,41,0,0,0,0,0,0,80603.0,80193.0,73318.0,70523.0,55318.0,50236.0,3000.0,3336.0,2372.0,1453.0,1536.0,1300.0,0
28084,150000.0,2,2,1,41,-1,-1,-2,-1,0,0,1650.0,0.0,0.0,6784.0,6923.0,14116.0,0.0,0.0,6784.0,159.0,167.0,760.0,0
28087,420000.0,2,3,1,39,-2,-2,-2,-2,-2,-2,2476.0,3570.0,11343.0,5216.0,23001.0,2439.0,3634.0,11353.0,5255.0,23001.0,2439.0,0.0,0
28088,120000.0,2,2,2,33,-1,-1,-1,-1,-1,-1,508.0,607.0,611.0,593.0,653.0,587.0,700.0,611.0,593.0,653.0,587.0,916.0,0
28100,220000.0,2,2,2,31,2,2,2,2,0,0,182176.0,176797.0,187033.0,171021.0,167789.0,168417.0,0.0,14179.0,0.0,7000.0,10000.0,12000.0,1
28111,220000.0,2,4,1,35,-1,-1,-1,-1,-1,-1,1849.0,326.0,12681.0,84674.0,35326.0,1026.0,326.0,12681.0,84674.0,35326.0,1026.0,3088.0,0
28124,80000.0,2,2,1,41,0,0,0,2,0,0,78480.0,77063.0,76720.0,74651.0,57109.0,46703.0,3100.0,6300.0,0.0,1743.0,1588.0,1628.0,1
28131,100000.0,2,3,1,42,0,0,0,0,0,0,58543.0,54902.0,54590.0,53037.0,54100.0,53889.0,2004.0,1966.0,1884.0,1903.0,1940.0,2000.0,0
28134,50000.0,2,2,1,39,0,0,0,0,0,0,37503.0,33505.0,25626.0,26444.0,19422.0,19438.0,1399.0,1480.0,1298.0,677.0,700.0,1000.0,0
28140,520000.0,2,1,1,37,-2,-2,-2,-2,-2,-2,4439.0,3487.0,7491.0,2310.0,12000.0,0.0,3913.0,7494.0,2310.0,12000.0,0.0,0.0,0
28151,20000.0,2,3,2,48,1,3,2,4,5,4,18038.0,18445.0,21556.0,22824.0,22192.0,21271.0,1000.0,3700.0,1900.0,0.0,0.0,0.0,1
28156,210000.0,2,2,1,43,-1,-1,-1,-1,-1,-1,3088.0,5045.0,8024.0,1292.0,1000.0,3340.0,5056.0,8042.0,1292.0,1000.0,3340.0,7941.0,0
28159,320000.0,2,2,2,35,0,0,0,0,0,0,94561.0,96683.0,78479.0,71121.0,44698.0,53230.0,6085.0,3632.0,5010.0,7059.0,30018.0,59518.0,0
28162,230000.0,2,3,2,46,0,0,0,0,0,0,273094.0,341657.0,344026.0,160377.0,85681.0,-371.0,135034.0,10806.0,20266.0,15120.0,343.0,100014.0,0
28164,160000.0,2,3,1,41,1,2,2,2,0,0,45057.0,46017.0,47188.0,46134.0,47063.0,50034.0,2000.0,2200.0,0.0,2000.0,3900.0,2000.0,0
28166,120000.0,2,1,2,32,1,-2,-2,-2,-1,-1,0.0,0.0,0.0,0.0,9310.0,0.0,0.0,0.0,0.0,9310.0,0.0,0.0,0
28167,30000.0,2,1,1,32,0,0,0,0,0,0,27764.0,29276.0,28637.0,29325.0,30004.0,30506.0,2000.0,2000.0,1500.0,1100.0,1300.0,1000.0,1
28171,50000.0,2,2,2,45,1,3,2,3,2,2,23751.0,23076.0,25004.0,24315.0,23626.0,25370.0,0.0,2600.0,0.0,0.0,2129.0,0.0,1
28174,280000.0,2,1,2,29,-2,-2,-2,-2,-2,-2,0.0,0.0,0.0,0.0,0.0,0.0,0.0,0.0,0.0,0.0,0.0,0.0,1
28177,50000.0,2,2,1,31,2,0,0,0,0,0,44105.0,33089.0,22829.0,13216.0,16100.0,16696.0,2000.0,2506.0,3000.0,3000.0,1070.0,5203.0,0
28182,100000.0,2,2,1,32,1,-2,-2,-2,-1,-1,-350.0,-740.0,-1130.0,-1520.0,780.0,0.0,0.0,0.0,0.0,2300.0,0.0,0.0,0
28183,360000.0,2,1,2,33,-1,0,0,0,0,0,5334.0,6849.0,68133.0,71708.0,58551.0,54678.0,3017.0,65009.0,6784.0,3041.0,5044.0,3042.0,1
28184,50000.0,2,2,1,33,0,0,0,0,0,0,37541.0,36504.0,26901.0,26021.0,19438.0,12198.0,1434.0,1555.0,1148.0,1000.0,422.0,372.0,0
28185,220000.0,2,2,1,33,0,0,0,0,0,0,204144.0,175748.0,172758.0,175030.0,174122.0,175472.0,6500.0,6300.0,7700.0,6300.0,6300.0,6150.0,0
28200,500000.0,2,1,1,40,0,-1,0,0,0,-1,18436.0,2574.0,1390.0,3186.0,1649.0,2507.0,3001.0,1320.0,2007.0,1651.0,2517.0,4180.0,0
28204,300000.0,2,2,1,38,0,-1,0,0,0,0,1250.0,940.0,11240.0,12137.0,15937.0,16437.0,940.0,10300.0,1200.0,4000.0,500.0,6000.0,0
28205,300000.0,2,2,2,39,-2,-2,-2,-2,-2,-2,1028.0,0.0,0.0,0.0,0.0,0.0,0.0,0.0,0.0,0.0,0.0,0.0,1
28218,160000.0,2,3,1,38,0,0,0,0,0,0,151963.0,141884.0,143428.0,146289.0,128133.0,124606.0,5100.0,7100.0,7500.0,4500.0,5000.0,4800.0,0
28224,180000.0,2,3,2,31,-2,-2,-2,-2,-2,-2,2941.0,1436.0,12900.0,3026.0,2168.0,487.0,1443.0,12964.0,3041.0,2178.0,489.0,2638.0,0
28227,290000.0,2,3,1,46,-1,-1,-1,-1,-1,-1,30365.0,32571.0,36918.0,37063.0,11566.0,32057.0,32575.0,36982.0,37063.0,11566.0,32057.0,1501.0,0
28237,400000.0,2,3,1,40,0,-1,-1,-1,-1,-1,30179.0,35550.0,71671.0,-329.0,65691.0,23657.0,35729.0,72031.0,0.0,66020.0,23776.0,32948.0,0
28239,30000.0,2,3,2,47,-1,-1,-1,-1,0,0,3220.0,390.0,0.0,5780.0,11611.0,0.0,390.0,0.0,5780.0,6611.0,0.0,0.0,0
28245,150000.0,2,2,2,42,0,0,0,0,0,0,255207.0,249205.0,245393.0,29526.0,6990.0,0.0,6301.0,8000.0,5000.0,6800.0,0.0,0.0,0
28249,200000.0,2,1,2,33,-2,-2,-2,-2,-2,-2,4510.0,7430.0,4144.0,57836.0,1810.0,0.0,7430.0,4144.0,57836.0,1810.0,0.0,3018.0,0
28265,50000.0,2,3,1,41,0,0,0,0,-1,0,46857.0,48080.0,49705.0,51400.0,16087.0,16827.0,2000.0,2400.0,3000.0,16087.0,1000.0,800.0,0
28268,230000.0,2,2,1,43,0,0,0,0,0,0,7075.0,7806.0,8392.0,8967.0,8729.0,10816.0,1279.0,1295.0,1300.0,468.0,2816.0,5893.0,0
28269,120000.0,2,2,1,34,1,-2,-2,-2,-2,-2,0.0,0.0,0.0,0.0,0.0,0.0,0.0,0.0,0.0,0.0,0.0,0.0,0
28278,260000.0,2,3,2,49,-2,-2,-2,-2,-2,-2,-5684.0,211466.0,200304.0,2735.0,316.0,305.0,217773.0,200304.0,2759.0,316.0,305.0,2596.0,0
28289,20000.0,2,2,2,44,0,0,0,0,0,0,18578.0,19928.0,18677.0,18503.0,17231.0,15410.0,2000.0,2000.0,2000.0,1100.0,1586.0,506.0,0
28296,280000.0,2,2,2,30,-1,-1,-1,-1,-1,-1,13182.0,5290.0,2711.0,4464.0,4069.0,5161.0,5290.0,2711.0,4476.0,4069.0,5161.0,8026.0,0
28302,60000.0,2,3,1,34,2,2,2,4,3,3,6731.0,7777.0,9502.0,9217.0,9722.0,9291.0,1300.0,2000.0,0.0,800.0,0.0,0.0,0
28311,300000.0,2,3,2,36,-2,-2,-2,-2,-1,-1,0.0,3958.0,0.0,0.0,6536.0,1400.0,1979.0,0.0,0.0,6536.0,1400.0,50000.0,0
28325,30000.0,2,1,2,30,0,0,0,0,0,0,29009.0,28432.0,18191.0,9745.0,9545.0,13964.0,1315.0,1522.0,1200.0,0.0,6000.0,10655.0,0
28339,80000.0,2,3,1,40,0,0,0,0,0,0,18608.0,19583.0,19098.0,14269.0,14612.0,16945.0,2000.0,2000.0,1090.0,2300.0,4500.0,1050.0,0
28347,20000.0,2,3,1,41,0,0,0,0,0,0,8777.0,10461.0,11583.0,13079.0,14546.0,16149.0,2000.0,1600.0,2000.0,2000.0,2000.0,2000.0,0
28353,250000.0,2,2,2,36,0,0,0,0,0,0,71012.0,60816.0,59328.0,57692.0,52811.0,49067.0,2200.0,3003.0,2800.0,1834.0,1850.0,3000.0,0
28355,100000.0,2,2,1,39,-2,-2,-2,-2,-2,-2,518.0,0.0,0.0,0.0,0.0,0.0,0.0,0.0,0.0,0.0,0.0,0.0,0
28365,80000.0,2,2,1,35,1,2,2,2,2,2,30997.0,32043.0,31250.0,34109.0,34802.0,34108.0,1852.0,0.0,3711.0,1550.0,0.0,1400.0,1
28367,20000.0,2,3,1,39,1,2,2,2,2,0,8562.0,9478.0,8198.0,9752.0,9447.0,10290.0,1200.0,0.0,1700.0,0.0,1000.0,1500.0,1
28372,100000.0,2,3,1,40,-2,-1,2,2,-2,-1,3234.0,6163.0,3786.0,3789.0,2195.0,3691.0,6163.0,0.0,3809.0,0.0,3691.0,1328.0,0
28377,50000.0,2,2,1,36,2,2,2,2,0,0,46203.0,45159.0,49125.0,47956.0,43578.0,35126.0,0.0,4700.0,0.0,2004.0,3500.0,0.0,0
28379,260000.0,2,5,2,39,0,0,0,0,0,0,174591.0,175093.0,176088.0,155624.0,141976.0,141305.0,10000.0,10000.0,7619.0,7000.0,8000.0,7000.0,0
28381,460000.0,2,2,2,33,0,0,-1,-1,-1,-1,8316.0,11672.0,1110.0,1927.0,5621.0,1703.0,6018.0,1110.0,1927.0,5649.0,1703.0,2009.0,0
28384,80000.0,2,2,1,42,0,0,0,0,-2,-2,46911.0,31748.0,16000.0,0.0,0.0,0.0,1748.0,1000.0,0.0,0.0,0.0,0.0,0
28396,80000.0,2,3,1,43,0,0,0,0,0,0,71604.0,73316.0,75039.0,76597.0,78712.0,81365.0,3500.0,3500.0,3400.0,4000.0,4000.0,3000.0,0
28398,60000.0,2,3,1,33,1,2,0,0,2,0,56326.0,54833.0,56105.0,59338.0,57870.0,57884.0,0.0,2750.0,4850.0,0.0,2180.0,2400.0,0
28407,120000.0,2,2,2,28,1,-2,-2,-2,-2,-2,0.0,0.0,0.0,0.0,0.0,0.0,0.0,0.0,0.0,0.0,0.0,0.0,0
28423,80000.0,2,1,2,32,0,0,0,0,0,0,40478.0,38533.0,22243.0,8524.0,819.0,-181.0,5225.0,5091.0,3528.0,0.0,0.0,6740.0,0
28431,290000.0,2,2,2,33,0,0,0,0,0,0,242422.0,221004.0,211610.0,214300.0,213834.0,217758.0,7757.0,7697.0,7657.0,7771.0,7870.0,7889.0,0
28436,260000.0,2,2,1,34,-2,-2,-2,-2,-2,-2,0.0,0.0,0.0,167.0,-810.0,-810.0,0.0,0.0,167.0,810.0,0.0,3310.0,0
28438,280000.0,2,1,1,35,-1,-1,-2,-2,-2,-2,7147.0,2500.0,0.0,0.0,0.0,0.0,2500.0,0.0,0.0,0.0,0.0,0.0,0
28439,270000.0,2,1,1,37,-2,-2,-2,-2,-2,-2,264.0,217.0,253.0,189.0,-75.0,525.0,217.0,300.0,200.0,0.0,600.0,200.0,0
28455,70000.0,2,2,2,36,0,0,0,0,0,0,68028.0,67864.0,59165.0,29314.0,28844.0,29443.0,3340.0,2044.0,1773.0,1181.0,1215.0,1297.0,1
28465,150000.0,2,2,1,49,1,-1,-1,-1,-1,-1,0.0,970.0,8867.0,0.0,600.0,0.0,970.0,8867.0,0.0,600.0,0.0,0.0,0
28469,500000.0,2,2,1,34,-2,-2,-2,-2,-2,-2,17172.0,34674.0,6229.0,11534.0,12482.0,18192.0,35454.0,6229.0,11534.0,12564.0,18192.0,32550.0,0
28479,100000.0,2,2,2,35,-1,-1,-1,-1,-1,0,326.0,2691.0,326.0,326.0,652.0,326.0,2691.0,326.0,326.0,652.0,0.0,326.0,1
28480,240000.0,2,2,1,39,0,0,0,0,0,0,233161.0,238187.0,243554.0,211924.0,216395.0,231767.0,8900.0,9500.0,8000.0,8000.0,19000.0,10000.0,0
28489,50000.0,2,2,1,41,1,2,2,2,0,0,23165.0,21974.0,20544.0,17210.0,15754.0,10860.0,2000.0,2101.0,0.0,2201.0,1000.0,0.0,1
28490,110000.0,2,2,1,37,0,0,0,0,0,0,20733.0,21738.0,22760.0,23466.0,24085.0,24584.0,1602.0,1624.0,1330.0,949.0,976.0,988.0,0
28497,310000.0,2,2,1,36,0,0,0,0,0,0,294180.0,295875.0,302438.0,293473.0,297926.0,280967.0,11000.0,11300.0,10500.0,10100.0,10000.0,9600.0,0
28498,330000.0,2,2,1,37,0,0,0,0,0,0,46348.0,37052.0,36228.0,37833.0,37694.0,41269.0,1574.0,1640.0,3000.0,3000.0,4016.0,2049.0,0
28505,50000.0,2,3,3,46,-1,-1,-1,-1,-1,-1,390.0,390.0,390.0,390.0,1200.0,1869.0,390.0,390.0,390.0,1200.0,1869.0,3610.0,0
28541,310000.0,2,3,2,30,1,-1,0,0,0,0,5931.0,118109.0,131107.0,97009.0,51757.0,50009.0,120000.0,18008.0,20000.0,12000.0,5000.0,3000.0,0
28543,210000.0,2,1,1,35,0,0,0,0,0,2,67374.0,55004.0,56221.0,57181.0,61327.0,60227.0,2500.0,2700.0,2500.0,5100.0,0.0,3000.0,0
28553,260000.0,2,1,2,37,-1,-1,-1,2,-1,-1,1050.0,1050.0,2287.0,1050.0,1050.0,1050.0,1050.0,2287.0,0.0,1050.0,1050.0,2174.0,1
28556,420000.0,2,2,1,38,0,-1,-1,-1,-1,-1,56107.0,53309.0,-11.0,51555.0,2093.0,5773.0,53400.0,0.0,51566.0,2093.0,5773.0,2984.0,0
28565,100000.0,2,1,1,36,-2,-2,-2,-2,-2,-2,16155.0,3514.0,3400.0,15156.0,13920.0,2099.0,3514.0,3400.0,15156.0,13920.0,2099.0,15638.0,0
28569,180000.0,2,3,1,40,0,0,0,-2,-2,-2,20909.0,24262.0,2079.0,792.0,1645.0,1645.0,4262.0,2083.0,792.0,1645.0,0.0,811.0,0
28572,120000.0,2,2,2,29,0,0,0,0,-1,-1,96686.0,77817.0,29166.0,7403.0,3095.0,9641.0,3508.0,2003.0,2772.0,3095.0,9641.0,2803.0,0
28582,10000.0,2,1,2,33,2,2,2,0,0,0,7486.0,9354.0,7183.0,7814.0,7814.0,7190.0,3000.0,0.0,1000.0,0.0,0.0,0.0,0
28597,220000.0,2,2,2,45,-1,-1,-1,-1,-1,0,990.0,990.0,990.0,990.0,5538.0,5687.0,990.0,990.0,990.0,5538.0,1206.0,1204.0,0
28599,220000.0,2,1,1,38,1,2,2,0,0,0,171784.0,177468.0,173233.0,176859.0,182393.0,187446.0,10000.0,0.0,8000.0,10000.0,8000.0,12000.0,0
28602,200000.0,2,2,1,41,0,-1,-1,-1,0,0,6981.0,678.0,1287.0,54531.0,55229.0,56836.0,1000.0,1350.0,54531.0,2200.0,2500.0,2300.0,0
28611,70000.0,2,3,1,35,-1,-1,-1,-1,-1,-1,1473.0,1473.0,390.0,390.0,1311.0,1933.0,1473.0,390.0,390.0,1311.0,1933.0,0.0,0
28614,240000.0,2,1,1,40,1,-1,-1,-1,-1,-1,0.0,9965.0,4100.0,4100.0,4100.0,4100.0,9965.0,4100.0,4100.0,4100.0,4100.0,4732.0,0
28616,100000.0,2,3,1,35,0,0,0,0,0,0,91518.0,76621.0,78265.0,82808.0,83869.0,85191.0,3000.0,4000.0,8000.0,4000.0,3500.0,3600.0,0
28628,210000.0,2,1,2,31,-1,-1,-1,-1,-1,-1,1983.0,422.0,815.0,191.0,-174.0,472.0,422.0,815.0,191.0,0.0,646.0,1125.0,0
28629,80000.0,2,1,2,32,0,0,0,0,0,0,70163.0,72984.0,74807.0,76363.0,78091.0,79829.0,4000.0,3000.0,2800.0,3000.0,3000.0,3000.0,0
28632,120000.0,2,2,1,41,-1,-1,-1,-1,-1,0,919.0,8209.0,421.0,4502.0,6013.0,5094.0,8209.0,421.0,5000.0,6013.0,0.0,7600.0,0
28643,150000.0,2,1,1,38,0,0,0,0,-1,-1,109244.0,96560.0,86565.0,85069.0,508.0,0.0,3506.0,5000.0,5003.0,508.0,0.0,0.0,0
28648,200000.0,2,3,1,44,-2,-2,-2,-2,-2,-2,390.0,390.0,390.0,390.0,390.0,390.0,390.0,390.0,390.0,390.0,390.0,540.0,0
28650,370000.0,2,3,1,46,-2,-2,-2,-2,-2,-2,6370.0,2110.0,10086.0,804.0,4577.0,-10.0,2120.0,10136.0,808.0,4599.0,0.0,2150.0,0
28652,160000.0,2,2,1,36,-1,-1,-1,-1,-1,-1,2447.0,206.0,805.0,666.0,740.0,539.0,206.0,886.0,679.0,740.0,539.0,0.0,0
28660,200000.0,2,1,1,34,-2,-2,-2,-2,-2,-2,2955.0,5895.0,15146.0,11575.0,11564.0,13744.0,5938.0,15682.0,11633.0,11622.0,13813.0,22699.0,0
28664,210000.0,2,2,2,27,1,-2,-2,-2,-2,-2,0.0,0.0,0.0,0.0,0.0,0.0,0.0,0.0,0.0,0.0,0.0,0.0,1
28665,60000.0,2,2,1,27,1,2,0,0,2,0,10415.0,10099.0,11545.0,12928.0,12581.0,10787.0,0.0,1617.0,2000.0,0.0,270.0,1000.0,0
28666,140000.0,2,1,2,28,-1,-1,-1,-1,-1,0,31.0,1272.0,1446.0,2880.0,1914.0,968.0,2000.0,1500.0,3000.0,1914.0,0.0,3287.0,1
28688,200000.0,2,2,1,31,-1,2,-1,-1,-1,-1,3850.0,2025.0,1926.0,3263.0,1580.0,16874.0,6.0,1931.0,3267.0,7.0,17894.0,2508.0,0
28703,260000.0,2,1,1,37,1,2,2,2,0,0,58261.0,59706.0,60969.0,59400.0,60315.0,63230.0,3000.0,2800.0,0.0,2500.0,4000.0,4000.0,0
28710,290000.0,2,3,1,46,0,0,0,0,0,-1,7874.0,9236.0,10326.0,11000.0,11000.0,11417.0,1500.0,1400.0,1000.0,0.0,11417.0,500.0,0
28724,260000.0,2,2,1,44,1,-1,-1,-1,-1,-1,-6.0,1100.0,2527.0,1698.0,0.0,5062.0,1106.0,2527.0,1698.0,0.0,5062.0,0.0,0
28730,300000.0,2,2,1,31,0,-1,-1,-1,0,0,3565.0,316.0,316.0,17597.0,15257.0,9482.0,316.0,316.0,17597.0,2000.0,2690.0,2000.0,0
28732,240000.0,2,2,1,35,-1,2,-1,-1,-1,-1,528.0,264.0,264.0,264.0,264.0,414.0,0.0,264.0,264.0,264.0,414.0,264.0,1
28739,240000.0,2,2,1,31,-1,-1,-1,-1,-1,-1,184.0,0.0,2500.0,12500.0,749.0,2829.0,0.0,2500.0,12500.0,749.0,2829.0,2900.0,0
28740,240000.0,2,1,2,30,-2,-2,-2,-2,-2,-2,0.0,0.0,2999.0,0.0,0.0,0.0,0.0,2999.0,0.0,0.0,0.0,0.0,0
28745,150000.0,2,1,1,30,0,0,0,0,0,2,114797.0,117393.0,120002.0,122013.0,131426.0,134676.0,4500.0,4500.0,4000.0,11000.0,5000.0,3500.0,0
28749,150000.0,2,1,2,32,2,2,2,2,0,0,118348.0,120800.0,123379.0,122881.0,123954.0,131543.0,5900.0,6000.0,3000.0,4600.0,9800.0,5100.0,1
28759,120000.0,2,2,1,31,0,0,0,0,0,0,45716.0,44610.0,45428.0,34401.0,34360.0,35523.0,2000.0,1732.0,2041.0,1000.0,1500.0,1000.0,0
28760,200000.0,2,2,1,33,0,0,0,0,0,0,15126.0,14633.0,14918.0,16992.0,8967.0,8494.0,3000.0,2000.0,5000.0,2000.0,1000.0,2000.0,0
28767,80000.0,2,3,0,40,2,2,3,2,-1,-1,1140.0,5395.0,4415.0,1375.0,779.0,5889.0,5000.0,0.0,0.0,885.0,5889.0,4239.0,0
28768,160000.0,2,2,1,41,0,0,0,0,0,0,13512.0,13453.0,13420.0,13873.0,13833.0,13818.0,1206.0,1329.0,1098.0,374.0,400.0,364.0,0
28772,360000.0,2,1,1,38,-2,-2,-2,-2,-2,-2,2410.0,7830.0,4024.0,6643.0,1947.0,2066.0,7954.0,4044.0,6715.0,1956.0,2076.0,2003.0,0
28775,360000.0,2,2,2,33,-1,-1,0,0,0,0,3231.0,9523.0,11357.0,12123.0,9743.0,9567.0,9666.0,2000.0,1000.0,0.0,0.0,536.0,0
28776,120000.0,2,1,1,42,-1,-1,-1,-1,-1,-1,344.0,881.0,1778.0,1885.0,607.0,687.0,881.0,1781.0,1885.0,607.0,687.0,1203.0,1
28781,370000.0,2,6,1,48,0,0,0,0,0,0,250264.0,252955.0,254111.0,257816.0,255491.0,255320.0,10004.0,9498.0,10827.0,9002.0,9040.0,9004.0,0
28787,200000.0,2,2,1,36,-1,-1,-1,-1,0,-1,8812.0,15189.0,6205.0,37658.0,696.0,1430.0,15234.0,6225.0,38150.0,2.0,1434.0,2265.0,0
28790,340000.0,2,1,1,36,-1,-1,-1,-1,-1,0,4490.0,4834.0,17716.0,12010.0,14111.0,6995.0,4834.0,17716.0,12636.0,14111.0,0.0,5666.0,0
28804,360000.0,2,1,2,29,0,0,0,0,0,0,270528.0,267435.0,193910.0,167029.0,134294.0,154290.0,10256.0,12000.0,15273.0,15000.0,25000.0,12000.0,0
28808,160000.0,2,3,1,35,-1,-1,-1,-1,0,0,335.0,0.0,312.0,7736.0,7278.0,7278.0,0.0,312.0,7736.0,0.0,0.0,1470.0,0
28809,340000.0,2,1,2,44,-2,-2,-2,-2,-2,-2,2732.0,2183.0,4103.0,12950.0,11372.0,2434.0,2183.0,4142.0,12950.0,11372.0,2434.0,2222.0,0
28811,500000.0,2,1,2,42,-1,-1,-1,-1,-1,0,21179.0,51124.0,21138.0,49305.0,39095.0,15826.0,51304.0,21138.0,49775.0,39095.0,0.0,0.0,0
28823,590000.0,2,3,1,39,0,0,0,0,0,0,128659.0,128715.0,127961.0,128112.0,128798.0,128467.0,5025.0,5693.0,6007.0,5013.0,4701.0,4944.0,0
28824,130000.0,2,2,1,38,-1,-1,-1,0,0,0,5636.0,8485.0,6263.0,24571.0,18817.0,13481.0,8510.0,6279.0,24516.0,16.0,34.0,6.0,0
28830,150000.0,2,2,1,37,-1,0,0,0,0,0,104460.0,101914.0,103297.0,100603.0,98188.0,101441.0,6000.0,4573.0,5000.0,5000.0,5000.0,4100.0,0
28836,360000.0,2,2,2,40,-1,-1,-1,-1,0,0,9325.0,10741.0,45619.0,37459.0,31747.0,26899.0,10741.0,46378.0,46347.0,0.0,0.0,19607.0,0
28838,340000.0,2,1,1,46,0,0,0,0,0,0,94915.0,92955.0,89689.0,81996.0,83439.0,71239.0,3224.0,4000.0,3504.0,4349.0,3000.0,3098.0,0
28839,180000.0,2,1,1,44,-1,-1,-1,-1,-1,-1,1210.0,1071.0,6554.0,0.0,21398.0,298.0,1071.0,6557.0,0.0,21398.0,298.0,0.0,0
28840,30000.0,2,3,2,48,2,2,0,0,0,0,26950.0,23655.0,25131.0,29148.0,12134.0,12976.0,0.0,3200.0,5000.0,1000.0,1000.0,1000.0,1
28841,300000.0,2,3,2,33,-1,-1,-2,-2,-2,-2,76922.0,-694.0,-694.0,-694.0,-694.0,-694.0,0.0,0.0,0.0,0.0,0.0,5000.0,1
28856,170000.0,2,1,2,49,0,0,0,0,0,0,163951.0,136825.0,140450.0,116293.0,118759.0,108766.0,5100.0,6000.0,4000.0,4000.0,3200.0,2200.0,0
28862,510000.0,2,2,2,48,0,0,0,0,0,-1,113616.0,96756.0,72730.0,64746.0,24040.0,23791.0,9019.0,8000.0,20000.0,24040.0,23791.0,22503.0,0
28866,400000.0,2,2,2,36,0,0,0,0,0,0,69376.0,61204.0,50773.0,39676.0,30680.0,27761.0,2255.0,1421.0,1381.0,770.0,731.0,600.0,0
28871,30000.0,2,3,1,39,0,0,0,0,0,0,30238.0,30166.0,29745.0,27468.0,27436.0,27613.0,2000.0,1635.0,1438.0,796.0,5000.0,1000.0,1
28880,230000.0,2,2,2,43,2,2,2,2,2,3,206245.0,215936.0,221001.0,220886.0,239299.0,237297.0,13126.0,10000.0,5000.0,23700.0,2000.0,3.0,1
28881,220000.0,2,1,1,49,-2,-2,-2,-2,-2,-2,0.0,0.0,0.0,0.0,4488.0,540.0,0.0,0.0,0.0,4488.0,540.0,0.0,1
28885,320000.0,2,2,1,41,-2,-2,-2,-2,-2,-2,2555.0,7065.0,648.0,2258.0,722.0,15937.0,7100.0,651.0,2269.0,725.0,16014.0,3088.0,0
28887,200000.0,2,3,1,42,-1,-1,-1,-1,-1,-1,858.0,1406.0,3673.0,0.0,150.0,609.0,1406.0,3673.0,0.0,150.0,609.0,939.0,0
28892,230000.0,2,3,1,42,-1,-1,0,0,0,0,170.0,2217.0,5167.0,8552.0,12552.0,10596.0,2217.0,3167.0,3552.0,5000.0,3000.0,2518.0,0
28902,230000.0,2,1,1,35,0,0,0,0,0,0,165405.0,168697.0,172990.0,177963.0,77076.0,78848.0,6027.0,7000.0,8000.0,3000.0,3000.0,3226.0,0
28904,470000.0,2,2,1,45,0,0,0,0,0,0,212948.0,188435.0,182687.0,153366.0,114451.0,122489.0,30000.0,15000.0,5052.0,5000.0,10000.0,15000.0,0
28908,500000.0,2,1,1,39,-1,-1,-1,-1,-1,-1,10840.0,1108.0,2111.0,920.0,920.0,920.0,1108.0,2111.0,920.0,920.0,920.0,0.0,0
28910,310000.0,2,2,2,34,0,0,0,0,0,0,87559.0,74929.0,76404.0,76133.0,53065.0,17529.0,3000.0,3022.0,5208.0,15734.0,1607.0,140994.0,0
28915,150000.0,2,1,1,39,-1,-1,-1,-1,-1,-1,10147.0,0.0,1351.0,2942.0,384.0,504.0,0.0,1351.0,2942.0,384.0,504.0,280.0,0
28924,500000.0,2,3,1,40,0,0,0,0,0,-1,38322.0,38913.0,27489.0,27053.0,-9.0,14863.0,1284.0,1231.0,1154.0,0.0,14872.0,121.0,0
28932,280000.0,2,1,1,35,0,0,0,0,0,0,171057.0,173712.0,177913.0,182942.0,186892.0,197661.0,7000.0,7000.0,8000.0,7000.0,14000.0,8000.0,0
28935,50000.0,2,2,2,37,0,0,0,-1,0,0,4793.0,3594.0,0.0,5369.0,3746.0,9408.0,3000.0,0.0,5369.0,0.0,9000.0,10000.0,0
28941,20000.0,2,2,1,31,1,2,2,2,0,0,9701.0,9401.0,11903.0,11420.0,11342.0,12157.0,0.0,2969.0,0.0,408.0,1000.0,0.0,0
28945,130000.0,2,3,1,33,1,-2,-2,-2,-2,-2,0.0,0.0,0.0,0.0,0.0,0.0,0.0,0.0,0.0,0.0,0.0,0.0,0
28957,500000.0,2,1,2,44,-2,-2,-2,-2,-2,-2,522.0,17643.0,1462.0,6224.0,0.0,0.0,20007.0,5000.0,7000.0,0.0,0.0,0.0,0
28958,40000.0,2,1,2,29,0,0,0,0,-2,-2,35735.0,29772.0,23602.0,0.0,0.0,0.0,2017.0,1206.0,0.0,0.0,0.0,0.0,0
28959,150000.0,2,2,1,29,2,0,0,0,2,2,123248.0,126311.0,130388.0,138246.0,140513.0,118464.0,5000.0,6000.0,10500.0,5015.0,173.0,102.0,1
28972,150000.0,2,2,2,31,1,2,2,2,0,0,22723.0,22060.0,25195.0,24497.0,24791.0,25462.0,0.0,3500.0,0.0,1000.0,1071.0,950.0,0
28984,80000.0,2,3,1,42,-2,-2,-2,-2,-2,-2,0.0,0.0,0.0,0.0,0.0,0.0,0.0,0.0,0.0,0.0,0.0,0.0,0
28988,260000.0,2,2,1,41,0,0,0,0,2,0,195465.0,199338.0,203651.0,223837.0,218383.0,222960.0,8400.0,8800.0,25000.0,0.0,8000.0,21000.0,0
29001,50000.0,2,3,1,36,0,0,0,0,0,0,48032.0,48175.0,48691.0,49108.0,19809.0,11314.0,1771.0,2123.0,2675.0,552.0,1000.0,1000.0,0
29003,240000.0,2,2,1,31,1,2,2,2,0,0,6900.0,6641.0,10495.0,2813.0,3805.0,5730.0,0.0,4000.0,1000.0,1200.0,2000.0,0.0,1
29005,180000.0,2,2,2,35,2,0,0,0,0,0,168090.0,150482.0,154063.0,158494.0,161855.0,171055.0,5500.0,6001.0,7000.0,6000.0,12000.0,7500.0,0
29045,150000.0,2,2,1,50,-2,-2,-2,-2,-2,-2,0.0,0.0,0.0,0.0,0.0,0.0,0.0,0.0,0.0,0.0,0.0,0.0,1
29046,290000.0,2,2,1,50,0,0,0,0,0,0,272799.0,261286.0,246740.0,224260.0,233251.0,226100.0,10109.0,10126.0,7095.0,30227.0,40213.0,40211.0,0
29047,50000.0,2,3,1,58,0,0,0,0,0,0,7308.0,7987.0,8582.0,9719.0,9692.0,9663.0,1200.0,1500.0,1300.0,500.0,500.0,500.0,0
29052,60000.0,2,3,1,58,1,2,0,0,0,0,26259.0,25544.0,26578.0,27828.0,28271.0,28868.0,0.0,1750.0,2000.0,1200.0,1200.0,1131.0,0
29053,10000.0,2,2,3,52,1,4,3,2,2,0,8546.0,8267.0,7992.0,8610.0,8325.0,8441.0,0.0,0.0,900.0,0.0,400.0,900.0,1
29055,80000.0,2,2,1,51,0,0,0,0,0,0,42731.0,23086.0,23661.0,24678.0,25766.0,26351.0,1365.0,1500.0,1412.0,1500.0,1000.0,1100.0,1
29066,100000.0,2,3,1,55,0,0,0,0,0,0,17048.0,26593.0,50330.0,7495.0,9584.0,0.0,10000.0,35000.0,2000.0,2089.0,0.0,0.0,0
29068,120000.0,2,3,1,50,0,0,0,0,0,0,109372.0,111564.0,112482.0,115046.0,80987.0,85921.0,5500.0,4200.0,4552.0,3100.0,6416.0,0.0,0
29078,130000.0,2,2,1,52,0,0,2,0,0,0,50662.0,51562.0,47928.0,45456.0,42704.0,2552.0,4600.0,0.0,1500.0,0.0,2000.0,0.0,0
29079,100000.0,2,3,0,56,1,2,0,0,2,2,28625.0,27969.0,28812.0,31134.0,30444.0,32460.0,0.0,1500.0,2700.0,0.0,2400.0,0.0,0
29083,260000.0,2,1,1,55,1,-2,-2,-2,-2,-2,0.0,0.0,0.0,0.0,0.0,0.0,0.0,0.0,0.0,0.0,0.0,0.0,0
29089,100000.0,2,3,1,50,0,0,0,0,0,0,16469.0,17885.0,19587.0,21256.0,22895.0,24514.0,2000.0,2000.0,2000.0,2000.0,2000.0,2000.0,0
29092,30000.0,2,2,1,52,1,2,0,0,0,0,34104.0,31600.0,30199.0,30010.0,24660.0,22042.0,0.0,2000.0,2000.0,1500.0,2000.0,3000.0,1
29093,200000.0,2,2,1,52,0,0,0,0,0,0,290122.0,274868.0,280828.0,286702.0,293038.0,299317.0,7100.0,7500.0,7500.0,8000.0,8000.0,4500.0,0
29096,140000.0,2,1,1,56,0,0,0,0,0,0,136084.0,138468.0,93802.0,94531.0,96264.0,98135.0,6500.0,4300.0,3500.0,3600.0,3881.0,4200.0,1
29101,320000.0,2,3,1,52,-2,-2,-2,-2,-2,-2,650.0,2080.0,218.0,0.0,2355.0,0.0,2080.0,218.0,0.0,2355.0,0.0,0.0,0
29109,50000.0,2,3,2,57,2,2,-2,-2,-2,-2,50525.0,0.0,0.0,0.0,0.0,0.0,0.0,0.0,0.0,0.0,0.0,0.0,1
29119,200000.0,2,3,1,49,2,-1,2,2,2,0,570.0,52439.0,51040.0,56205.0,54723.0,58657.0,52439.0,0.0,6000.0,0.0,5000.0,2286.0,1
29157,80000.0,2,3,1,54,0,0,0,0,-1,-1,68519.0,69493.0,70656.0,72290.0,390.0,390.0,2500.0,2671.0,3308.0,390.0,390.0,390.0,0
29158,360000.0,2,3,1,56,1,-2,-2,-2,-2,-2,0.0,0.0,0.0,0.0,0.0,0.0,0.0,0.0,0.0,0.0,0.0,253.0,0
29161,20000.0,2,2,2,53,2,4,4,3,3,2,17474.0,18396.0,17826.0,18547.0,19118.0,18679.0,1500.0,0.0,1300.0,1170.0,0.0,1600.0,0
29165,170000.0,2,2,2,53,-2,-2,-2,-2,-2,-2,784.0,605.0,826.0,500.0,0.0,487.0,605.0,826.0,550.0,0.0,487.0,0.0,0
29185,120000.0,1,1,2,34,-1,-1,2,-1,-1,-2,646.0,1278.0,639.0,621.0,-18.0,-18.0,1271.0,0.0,621.0,0.0,0.0,0.0,1
29188,180000.0,1,2,2,29,0,0,0,0,0,0,177554.0,175969.0,174812.0,177252.0,129190.0,130431.0,6500.0,7000.0,7100.0,5000.0,5000.0,5000.0,0
29199,200000.0,1,3,2,27,-1,0,0,0,0,0,3179.0,3844.0,5117.0,6877.0,7504.0,8148.0,1844.0,2117.0,1877.0,1504.0,1148.0,2599.0,0
29212,50000.0,1,2,2,22,0,0,0,0,-1,0,51159.0,51699.0,50584.0,20480.0,9413.0,9712.0,3000.0,2650.0,2100.0,10000.0,600.0,500.0,0
29213,90000.0,1,2,2,24,0,0,0,0,0,0,37985.0,36664.0,22265.0,30504.0,26909.0,25685.0,2010.0,2000.0,10004.0,1010.0,2000.0,2000.0,0
29215,20000.0,1,1,2,24,1,2,2,2,0,0,6696.0,7437.0,8810.0,9470.0,18315.0,19237.0,1000.0,1495.0,1000.0,9000.0,1800.0,900.0,1
29224,10000.0,1,2,2,23,0,0,0,0,0,0,10041.0,9804.0,10034.0,6599.0,6713.0,3940.0,2000.0,1503.0,1000.0,2134.0,79.0,0.0,0
29230,50000.0,1,2,2,24,0,0,0,0,0,0,18684.0,19690.0,21021.0,22067.0,22896.0,23873.0,1323.0,1654.0,1700.0,1500.0,1500.0,1000.0,0
29231,30000.0,1,1,2,24,0,0,-2,-2,-2,-1,11080.0,-202.0,-202.0,-202.0,-202.0,7571.0,0.0,0.0,0.0,0.0,7844.0,235.0,0
29233,50000.0,1,2,2,24,0,0,0,0,0,-1,49411.0,50385.0,50207.0,48974.0,19090.0,780.0,2100.0,2183.0,1211.0,1362.0,390.0,780.0,0
29236,20000.0,1,2,2,23,0,0,0,0,0,0,16994.0,18105.0,19504.0,19974.0,11548.0,10784.0,1700.0,2000.0,1011.0,300.0,216.0,0.0,0
29239,50000.0,1,3,2,24,1,2,0,0,-1,-1,50645.0,48259.0,45079.0,30783.0,1727.0,150.0,0.0,2177.0,1702.0,2000.0,350.0,0.0,0
29240,20000.0,1,2,2,24,0,0,0,0,-2,-2,15940.0,19222.0,20650.0,0.0,0.0,0.0,3572.0,2000.0,0.0,0.0,0.0,0.0,0
29241,110000.0,1,2,2,24,-2,-2,-2,-2,-2,-2,326.0,326.0,176.0,-150.0,150.0,952.0,326.0,176.0,0.0,952.0,952.0,0.0,1
29242,20000.0,1,1,2,23,0,0,0,2,2,2,11819.0,12840.0,15416.0,15567.0,15022.0,16855.0,1524.0,3100.0,696.0,0.0,2237.0,0.0,0
29244,50000.0,1,2,2,25,0,0,0,0,-2,-2,43793.0,41739.0,20650.0,0.0,0.0,0.0,1651.0,1650.0,0.0,0.0,0.0,0.0,0
29246,50000.0,1,1,1,25,0,0,0,2,0,0,47053.0,5472.0,5891.0,6595.0,8400.0,4041.0,2000.0,1500.0,1000.0,2000.0,1000.0,1000.0,0
29252,20000.0,1,2,2,25,0,0,0,0,0,2,17927.0,17384.0,13648.0,13924.0,15685.0,15292.0,1500.0,1500.0,1400.0,2000.0,0.0,2500.0,0
29254,50000.0,1,2,1,25,0,0,0,0,0,0,47410.0,48705.0,46776.0,48218.0,41037.0,9288.0,2100.0,2000.0,2300.0,2100.0,470.0,350.0,0
29256,30000.0,1,2,1,25,0,0,0,0,0,0,11355.0,12670.0,13383.0,14699.0,14688.0,16749.0,1512.0,1225.0,1541.0,530.0,2302.0,0.0,1
29262,10000.0,1,2,2,23,-1,0,-1,-1,-1,0,4812.0,3072.0,2529.0,390.0,9478.0,8170.0,1196.0,2535.0,390.0,9478.0,0.0,953.0,1
29270,120000.0,1,2,1,26,0,0,0,0,0,0,16068.0,14775.0,7982.0,6289.0,7319.0,6958.0,1134.0,1163.0,1000.0,2000.0,1000.0,1000.0,0
29283,80000.0,2,1,3,25,0,-1,-1,-1,-1,-1,8900.0,1136.0,720.0,478.0,219.0,0.0,1136.0,727.0,478.0,219.0,0.0,0.0,0
29284,160000.0,1,1,2,25,0,0,0,0,0,0,85748.0,86473.0,89120.0,88854.0,84598.0,86309.0,4000.0,5000.0,3096.0,3100.0,4000.0,5000.0,0
29288,60000.0,1,2,2,25,0,0,2,2,0,0,56473.0,61514.0,61748.0,58583.0,28301.0,29301.0,6000.0,1800.0,0.0,600.0,1000.0,300.0,0
29306,50000.0,1,3,2,25,0,0,0,0,0,0,50184.0,50664.0,50633.0,48724.0,19208.0,19917.0,2000.0,1925.0,5006.0,2000.0,1016.0,725.0,0
29308,310000.0,1,1,2,26,-1,0,0,0,0,0,47330.0,48947.0,49738.0,53602.0,40510.0,43742.0,4000.0,5000.0,5052.0,9950.0,5000.0,5000.0,0
29322,110000.0,1,2,1,26,0,0,0,0,0,0,52489.0,53615.0,54803.0,55729.0,57001.0,58036.0,2000.0,2050.0,1895.0,2068.0,1982.0,1995.0,0
29336,210000.0,1,2,2,27,0,0,0,0,0,0,90675.0,19357.0,18885.0,20258.0,21610.0,23025.0,1607.0,1700.0,2000.0,2000.0,2000.0,1000.0,0
29337,10000.0,1,2,2,27,-1,0,0,0,0,0,5002.0,6014.0,7111.0,8120.0,9120.0,0.0,1103.0,1200.0,1200.0,1000.0,0.0,0.0,0
29338,310000.0,1,2,2,26,-2,-2,-2,-2,-2,-2,2154.0,359.0,256.0,2513.0,795.0,250.0,360.0,257.0,2537.0,798.0,251.0,2064.0,0
29341,20000.0,1,6,2,27,-1,-1,-1,-1,-1,-1,543.0,2070.0,370.0,-20.0,780.0,0.0,1100.0,5193.0,0.0,800.0,0.0,0.0,0
29345,70000.0,1,1,2,27,0,0,0,0,0,0,43214.0,44196.0,45181.0,46426.0,47380.0,46923.0,2000.0,2000.0,2000.0,2000.0,2000.0,2000.0,0
29357,20000.0,1,1,2,28,1,2,0,0,2,2,8469.0,8187.0,9097.0,10935.0,10463.0,11295.0,0.0,1200.0,2000.0,0.0,1000.0,0.0,1
29359,80000.0,1,1,2,27,0,0,0,0,0,0,63132.0,61397.0,70223.0,53429.0,28689.0,24827.0,2378.0,10000.0,23000.0,5000.0,10000.0,6000.0,0
29388,280000.0,1,1,2,27,-1,-1,-1,-1,0,0,1284.0,842.0,1212.0,3244.0,2134.0,1270.0,846.0,1216.0,3249.0,4.0,6.0,3412.0,0
29402,50000.0,1,1,2,29,0,0,0,0,-1,-1,46489.0,48210.0,49493.0,20650.0,1000.0,0.0,2500.0,2493.0,1650.0,1000.0,0.0,0.0,0
29418,50000.0,1,2,2,28,0,0,0,0,0,0,48591.0,48896.0,48587.0,37211.0,28248.0,28430.0,2300.0,2000.0,1432.0,988.0,1600.0,1600.0,0
29419,10000.0,1,2,1,30,3,2,2,3,3,3,1050.0,1050.0,1050.0,1050.0,1050.0,1050.0,0.0,0.0,0.0,0.0,0.0,0.0,1
29424,310000.0,1,1,2,30,-1,0,0,0,0,0,48931.0,207890.0,24113.0,65010.0,67144.0,60592.0,207000.0,20000.0,60126.0,20000.0,25000.0,6000.0,0
29427,80000.0,1,2,2,26,0,0,0,0,0,0,50442.0,51397.0,49991.0,47681.0,46900.0,45161.0,1816.0,1920.0,2063.0,1543.0,1400.0,1557.0,0
29430,50000.0,1,2,2,30,0,0,0,0,0,0,16397.0,17378.0,17523.0,18467.0,17865.0,18234.0,1572.0,1617.0,1561.0,759.0,779.0,908.0,0
29434,240000.0,1,1,2,28,0,0,0,0,0,0,181569.0,182916.0,186885.0,187756.0,188520.0,189908.0,6606.0,8246.0,6806.0,5112.0,5291.0,6004.0,0
29447,220000.0,1,2,1,30,0,0,0,0,0,2,15746.0,17537.0,14856.0,35705.0,25649.0,5018.0,16780.0,14469.0,35278.0,4647.0,19.0,8438.0,0
29448,50000.0,1,3,2,30,0,0,0,0,-1,-1,9610.0,9132.0,8681.0,8039.0,4952.0,390.0,1147.0,1169.0,1000.0,4986.0,390.0,390.0,1
29452,10000.0,1,2,2,29,2,2,0,0,2,2,5948.0,5716.0,7132.0,8477.0,8292.0,9861.0,0.0,1500.0,1500.0,0.0,1604.0,212.0,1
29456,20000.0,1,2,2,30,1,-2,-2,-2,-2,-2,-300.0,-690.0,-1080.0,-1470.0,-1860.0,-2250.0,0.0,0.0,0.0,0.0,0.0,4000.0,0
29469,130000.0,1,2,1,31,-1,-1,-1,-1,-1,-1,2280.0,1725.0,3895.0,1500.0,450.0,5289.0,1725.0,3895.0,1500.0,450.0,5289.0,0.0,0
29473,250000.0,1,2,1,32,-1,-1,-2,-1,0,0,79319.0,0.0,0.0,174749.0,171541.0,175042.0,0.0,0.0,174749.0,0.0,3501.0,146794.0,0
29475,140000.0,1,1,2,31,0,0,0,0,0,0,128036.0,106657.0,45887.0,137487.0,111602.0,111552.0,4180.0,2800.0,100005.0,3800.0,3990.0,4285.0,0
29479,50000.0,1,3,1,42,0,0,2,2,0,0,18838.0,22834.0,23553.0,22876.0,23328.0,24955.0,4650.0,1380.0,0.0,832.0,2000.0,0.0,0
29498,200000.0,1,1,1,41,1,2,0,0,2,2,150406.0,151415.0,156476.0,163330.0,162163.0,170867.0,5000.0,7500.0,11000.0,3000.0,11365.0,7000.0,1
29517,70000.0,1,2,1,33,-1,-1,0,0,0,0,390.0,4924.0,5566.0,6139.0,5868.0,6399.0,4924.0,1113.0,1076.0,195.0,1000.0,235.0,1
29526,500000.0,1,2,1,33,-1,-1,0,-1,0,0,680.0,1094.0,1508.0,1862.0,3676.0,4961.0,1101.0,1100.0,2103.0,2500.0,2000.0,2000.0,0
29528,180000.0,1,2,2,39,-1,-1,-1,-1,-1,-1,715.0,4637.0,969.0,21365.0,9707.0,3837.0,4637.0,1595.0,21365.0,9707.0,3837.0,5328.0,0
29537,210000.0,1,1,2,35,0,0,-2,-2,-2,-2,103632.0,-36.0,-18.0,-18.0,-18.0,-18.0,0.0,0.0,0.0,0.0,0.0,0.0,0
29545,50000.0,1,2,2,40,0,0,0,0,0,0,49224.0,50222.0,50921.0,49415.0,8862.0,9711.0,1821.0,2200.0,2000.0,500.0,9000.0,331.0,0
29551,20000.0,1,2,2,30,2,2,2,2,0,0,13269.0,12391.0,12326.0,10621.0,10400.0,0.0,33.0,3317.0,0.0,1000.0,0.0,0.0,0
29563,290000.0,1,3,1,35,0,0,0,0,0,0,80748.0,78241.0,76401.0,76435.0,77434.0,79223.0,2755.0,2824.0,2456.0,2245.0,2500.0,1200.0,0
29569,50000.0,1,3,1,48,1,-2,-2,-2,-2,-1,6300.0,0.0,0.0,0.0,0.0,5275.0,0.0,0.0,0.0,0.0,5275.0,0.0,0
29583,20000.0,1,2,1,48,0,0,0,0,-2,-2,18401.0,19784.0,20650.0,0.0,0.0,0.0,2000.0,1650.0,0.0,0.0,0.0,0.0,0
29588,20000.0,1,2,2,33,0,0,0,0,0,0,13479.0,14944.0,16392.0,17789.0,18238.0,17638.0,2000.0,2000.0,2000.0,1000.0,800.0,700.0,0
29600,100000.0,1,2,1,38,0,0,0,0,0,0,15788.0,8242.0,10095.0,11636.0,6649.0,8649.0,2000.0,2000.0,2007.0,2000.0,2000.0,5000.0,0
29627,50000.0,1,2,2,42,0,0,0,0,0,0,49165.0,46466.0,47145.0,47658.0,48209.0,48579.0,1800.0,1814.0,1717.0,1658.0,1858.0,2000.0,0
29630,180000.0,1,1,2,29,-1,-1,-1,-1,-1,-1,1124.0,18213.0,4390.0,1016.0,4745.0,0.0,18213.0,4390.0,1016.0,4745.0,0.0,0.0,0
29631,80000.0,1,2,2,30,-1,-1,-1,-1,-1,-1,5092.0,4623.0,1944.0,15361.0,13286.0,5848.0,4623.0,1963.0,15361.0,13286.0,5848.0,0.0,0
29644,200000.0,1,1,2,30,3,2,2,-1,-1,0,1130.0,566.0,0.0,560.0,558.0,558.0,0.0,0.0,560.0,558.0,0.0,0.0,1
29650,230000.0,1,1,2,34,0,-1,0,0,0,0,56449.0,219192.0,226596.0,225791.0,226638.0,226265.0,231788.0,11621.0,9027.0,9015.0,9000.0,9014.0,0
29656,480000.0,1,2,1,44,-2,-2,-2,-2,-2,-2,29112.0,43015.0,17223.0,10127.0,8416.0,14658.0,43111.0,17223.0,10135.0,8416.0,14658.0,27350.0,0
29657,240000.0,1,2,2,43,0,0,0,0,0,0,236238.0,225318.0,202513.0,198720.0,192574.0,195682.0,8763.0,7539.0,8267.0,7012.0,8010.0,8499.0,0
29661,50000.0,1,1,1,35,-1,-1,-1,-1,-2,-2,6290.0,3770.0,10060.0,0.0,0.0,0.0,3770.0,10060.0,0.0,0.0,0.0,0.0,0
29662,500000.0,1,1,1,37,-1,-1,-1,-1,-1,-1,14817.0,2480.0,122750.0,4599.0,10094.0,43150.0,3904.0,123000.0,10052.0,10105.0,43168.0,16915.0,0
29664,40000.0,1,1,2,31,0,0,0,0,0,0,33075.0,34221.0,35866.0,36691.0,31672.0,27945.0,2000.0,2500.0,2014.0,250.0,2000.0,500.0,0
29666,20000.0,1,2,1,36,2,2,2,2,2,2,25238.0,25274.0,25026.0,23073.0,22857.0,21143.0,2000.0,1700.0,0.0,1653.0,0.0,1940.0,0
29669,70000.0,1,2,1,42,4,4,4,4,4,4,59130.0,59831.0,61873.0,63359.0,64221.0,65706.0,2272.0,3614.0,3100.0,2500.0,3100.0,1000.0,1
29671,220000.0,1,2,1,40,2,2,0,0,0,0,222418.0,206473.0,208464.0,175407.0,175170.0,174726.0,4.0,8027.0,6218.0,6220.0,6316.0,6504.0,0
29675,110000.0,1,3,1,40,0,0,0,0,0,0,91275.0,93357.0,94938.0,79368.0,74778.0,75996.0,4500.0,4100.0,2612.0,2666.0,2700.0,2659.0,0
29681,50000.0,1,3,1,47,1,2,0,0,0,2,16217.0,15664.0,16693.0,17407.0,18660.0,19115.0,0.0,1586.0,1300.0,1546.0,900.0,0.0,0
29682,360000.0,1,1,2,40,-1,3,2,-1,-1,2,499.0,499.0,499.0,13136.0,9160.0,2752.0,0.0,0.0,13169.0,2784.0,12.0,14293.0,1
29694,380000.0,1,2,2,30,0,0,0,0,0,0,47765.0,47945.0,135167.0,95527.0,91541.0,92808.0,3000.0,90527.0,5000.0,3000.0,4000.0,3000.0,0
29703,250000.0,1,1,2,31,-1,0,0,0,0,0,377399.0,78416.0,64479.0,33404.0,11259.0,11007.0,10045.0,3194.0,1104.0,10015.0,5005.0,2033.0,0
29708,10000.0,1,3,1,36,0,0,0,2,2,2,5104.0,6133.0,8432.0,8150.0,8945.0,8657.0,1274.0,2573.0,0.0,1086.0,0.0,353.0,0
29712,30000.0,1,2,2,38,0,0,2,2,2,2,29770.0,27400.0,28935.0,28934.0,30313.0,30330.0,6000.0,2273.0,780.0,2635.0,1033.0,611.0,0
29722,230000.0,1,2,1,35,0,0,0,0,0,0,174274.0,176853.0,180639.0,180117.0,179717.0,124117.0,7004.0,10000.0,5000.0,0.0,5000.0,189600.0,0
29728,200000.0,1,1,2,34,-2,-2,-2,-2,-2,-2,485.0,1313.0,1144.0,933.0,1207.0,3149.0,1316.0,1147.0,935.0,1210.0,3158.0,2350.0,0
29730,360000.0,1,1,1,35,-1,-1,-1,-1,-1,-2,12895.0,3546.0,4371.0,6365.0,2987.0,2979.0,3552.0,4377.0,6400.0,3002.0,2994.0,2233.0,0
29734,300000.0,1,2,1,37,-2,-2,-1,-1,0,0,3016.0,24038.0,6221.0,33999.0,24985.0,25743.0,12165.0,6252.0,34042.0,66.0,14062.0,3081.0,0
29737,500000.0,1,2,1,48,-2,-2,-2,-2,-2,-2,1900.0,5441.0,0.0,1535.0,1100.0,800.0,5441.0,0.0,1535.0,1100.0,800.0,1297.0,0
29743,230000.0,1,1,2,32,0,0,0,0,0,0,246764.0,239685.0,135520.0,102518.0,129195.0,101717.0,8316.0,10084.0,5091.0,70063.0,4037.0,5122.0,0
29746,20000.0,1,2,3,40,0,0,0,-1,-1,-1,16149.0,17373.0,18000.0,20000.0,0.0,780.0,1500.0,1000.0,20000.0,0.0,390.0,0.0,0
29749,170000.0,1,1,2,32,0,0,0,0,0,0,166470.0,159880.0,161445.0,152549.0,122948.0,120277.0,5809.0,7334.0,6699.0,4315.0,4410.0,4309.0,0
29750,180000.0,1,2,2,34,-2,-2,-2,-2,-2,-2,-16.0,-16.0,-16.0,850.0,0.0,0.0,0.0,0.0,866.0,0.0,0.0,0.0,0
29752,100000.0,1,3,1,30,0,0,0,2,0,0,50512.0,49374.0,51644.0,45920.0,21659.0,10861.0,2000.0,5138.0,75.0,1032.0,32.0,15127.0,0
29754,200000.0,1,1,2,37,-2,-2,-2,-2,-2,-2,4279.0,3774.0,706.0,5177.0,3792.0,12035.0,3856.0,706.0,5192.0,3808.0,12035.0,33436.0,0
29762,470000.0,1,2,1,31,0,0,0,0,0,0,12281.0,13323.0,13149.0,15824.0,19424.0,27522.0,2014.0,3000.0,3000.0,4000.0,8098.0,3000.0,0
29768,240000.0,1,2,1,39,1,2,0,0,0,0,245338.0,234661.0,234364.0,235982.0,239281.0,244329.0,0.0,10200.0,10200.0,8725.0,9068.0,9068.0,0
29774,260000.0,1,1,2,34,0,0,0,0,0,-2,251267.0,254332.0,257628.0,161545.0,0.0,0.0,12021.0,11710.0,7503.0,0.0,0.0,0.0,0
29779,300000.0,1,1,2,32,2,0,0,0,0,0,255299.0,255607.0,258394.0,261024.0,260672.0,263894.0,9106.0,11000.0,11009.0,10000.0,10000.0,10000.0,1
29785,210000.0,1,2,1,31,-1,-1,2,-1,-1,-1,1748.0,2488.0,740.0,2048.0,740.0,740.0,2488.0,0.0,2048.0,740.0,740.0,740.0,0
29793,360000.0,1,1,1,35,-1,-1,-1,-2,-2,-2,3771.0,900.0,0.0,0.0,0.0,0.0,900.0,0.0,0.0,0.0,0.0,0.0,0
29806,60000.0,1,2,1,40,0,0,0,0,0,0,53896.0,53640.0,51608.0,52642.0,52806.0,53530.0,2500.0,2500.0,2500.0,2000.0,2100.0,2200.0,0
29813,200000.0,1,2,1,37,0,0,0,0,0,0,149303.0,156632.0,136685.0,137432.0,138059.0,126615.0,30000.0,30000.0,4148.0,15100.0,8029.0,15004.0,0
29814,250000.0,1,3,2,35,-1,-1,-1,-1,-1,-1,29363.0,4501.0,27548.0,1800.0,11942.0,4680.0,4501.0,27548.0,1800.0,11942.0,4680.0,0.0,0
29817,80000.0,1,2,2,42,1,4,3,2,0,0,97841.0,94992.0,87801.0,81545.0,51338.0,50826.0,0.0,639.0,0.0,50918.0,2000.0,2000.0,0
29821,400000.0,1,2,2,37,1,-1,0,0,0,0,396343.0,394858.0,395716.0,385947.0,305542.0,271385.0,423903.0,15100.0,14600.0,13000.0,9500.0,9500.0,0
29826,50000.0,1,2,1,41,0,0,0,0,0,0,43474.0,48921.0,34879.0,31820.0,9965.0,10017.0,40003.0,1636.0,1800.0,344.0,400.0,400.0,0
29830,100000.0,1,2,2,32,0,0,0,0,0,0,85366.0,87064.0,89401.0,90470.0,44610.0,45806.0,3114.0,3738.0,3059.0,1450.0,1765.0,1473.0,0
29832,120000.0,1,2,2,30,0,0,0,0,0,0,98440.0,100802.0,104378.0,106651.0,108362.0,96168.0,4000.0,5200.0,5500.0,5000.0,5000.0,5000.0,0
29843,490000.0,1,1,1,49,-1,-1,-1,-1,-1,-1,19107.0,10190.0,10149.0,76760.0,8879.0,16705.0,10238.0,10191.0,77163.0,8921.0,16786.0,27662.0,0
29845,400000.0,1,1,1,39,0,0,-1,0,0,0,10260.0,17794.0,6402.0,20772.0,12406.0,10945.0,12201.0,6430.0,20118.0,5037.0,5054.0,3104.0,0
29846,10000.0,1,2,1,37,1,-2,-1,3,2,0,-265.0,-265.0,5235.0,5007.0,4779.0,7680.0,0.0,5500.0,0.0,0.0,3000.0,2000.0,1
29851,50000.0,1,3,1,46,0,0,0,0,0,0,62315.0,60180.0,58108.0,55774.0,53589.0,51345.0,2200.0,2200.0,2000.0,1967.0,2002.0,1727.0,0
29853,500000.0,1,2,1,44,-1,-1,-1,-1,-1,-1,2445.0,12988.0,2544.0,949.0,86362.0,-8.0,13053.0,2556.0,955.0,86793.0,0.0,1793.0,0
29862,650000.0,1,1,1,44,-2,-2,-2,-2,-2,-2,2119.0,5094.0,5158.0,7139.0,1034.0,2127.0,5115.0,5180.0,7201.0,1035.0,2139.0,3463.0,0
29869,320000.0,1,1,2,30,0,0,0,0,0,0,95526.0,97737.0,101151.0,104203.0,108867.0,40411.0,5000.0,5000.0,5000.0,5364.0,5010.0,5013.0,0
29879,340000.0,1,3,1,36,0,0,0,0,0,0,362178.0,303611.0,92112.0,75710.0,63870.0,52671.0,10116.0,3300.0,5000.0,10000.0,10000.0,30000.0,1
29889,180000.0,1,3,1,40,0,0,0,-1,0,0,105918.0,81091.0,-1659.0,111077.0,112738.0,115746.0,4400.0,0.0,112736.0,5000.0,5300.0,5000.0,0
29895,210000.0,1,2,1,45,-1,-1,-1,-1,-1,-1,1792.0,4339.0,4049.0,345.0,650.0,3217.0,4369.0,4049.0,348.0,650.0,3217.0,3912.0,1
29897,70000.0,1,3,1,45,2,2,2,2,2,2,71586.0,71623.0,71020.0,67338.0,70769.0,68957.0,3100.0,3008.0,0.0,5100.0,2600.0,0.0,1
29898,120000.0,1,3,1,47,0,0,0,0,0,0,71777.0,73282.0,75499.0,77739.0,78666.0,80399.0,2700.0,3400.0,3500.0,2815.0,3000.0,3000.0,1
29902,50000.0,1,2,2,29,1,2,0,0,0,0,50845.0,48750.0,103486.0,50590.0,50248.0,49387.0,0.0,6556.0,3250.0,1563.0,1208.0,781.0,0
29904,260000.0,1,1,1,30,-1,0,-1,-1,-1,-1,27378.0,17082.0,13333.0,99.0,99.0,172104.0,10018.0,13333.0,99.0,99.0,172104.0,30013.0,0
29909,140000.0,1,1,2,29,-2,-2,-2,-2,-2,-2,0.0,0.0,0.0,0.0,0.0,0.0,0.0,0.0,0.0,0.0,0.0,0.0,1
29918,30000.0,1,1,2,33,-1,3,2,-1,0,0,31724.0,30923.0,29928.0,29498.0,27025.0,0.0,0.0,0.0,31200.0,541.0,0.0,0.0,1
29922,410000.0,1,1,2,34,0,0,0,-1,-1,-1,468749.0,411016.0,420393.0,1467.0,1421.0,-15.0,17259.0,18600.0,1474.0,1428.0,0.0,0.0,1
29925,50000.0,1,2,1,40,0,0,0,0,0,0,49073.0,49531.0,44002.0,44356.0,19344.0,19354.0,1691.0,1942.0,1296.0,674.0,693.0,1000.0,0
29932,60000.0,1,2,3,41,0,0,0,0,0,0,61118.0,50643.0,44004.0,26940.0,9971.0,-11798.0,2200.0,2000.0,1200.0,0.0,0.0,28000.0,0
29933,160000.0,1,3,1,42,2,0,0,0,0,0,139983.0,125833.0,127815.0,130023.0,98604.0,101650.0,6000.0,5500.0,5000.0,3000.0,4000.0,3000.0,1
29936,50000.0,1,2,1,48,0,0,0,-1,0,-1,48187.0,48344.0,46895.0,49161.0,6690.0,5665.0,46895.0,1775.0,51209.0,428.0,5665.0,8745.0,1
29937,130000.0,1,3,2,40,0,0,0,0,0,0,129548.0,129438.0,129388.0,127628.0,64345.0,62373.0,6000.0,6000.0,5161.0,2239.0,3000.0,2291.0,0
29954,170000.0,1,1,2,30,0,0,0,0,-2,-2,129848.0,89684.0,31050.0,0.0,0.0,0.0,5115.0,2500.0,0.0,0.0,0.0,0.0,0
29960,290000.0,1,1,2,32,-1,-1,-1,-1,-1,0,23234.0,1571.0,108157.0,35379.0,18711.0,3110.0,1575.0,108168.0,35811.0,18711.0,0.0,157.0,0
29963,50000.0,1,2,2,30,1,-1,2,-1,-1,-2,-264.0,264.0,264.0,7300.0,0.0,0.0,528.0,0.0,7300.0,0.0,0.0,0.0,0
29972,80000.0,1,3,1,36,0,0,0,0,0,0,65554.0,66858.0,68279.0,69674.0,71070.0,73612.0,2395.0,2500.0,2530.0,2556.0,3700.0,3000.0,0
29973,190000.0,1,1,1,37,0,0,0,0,0,-1,21628.0,20893.0,5869.0,29223.0,19616.0,148482.0,2000.0,3869.0,25128.0,10115.0,148482.0,4800.0,0
29976,220000.0,1,2,1,41,0,0,-1,-1,-2,-2,45075.0,8840.0,1369.0,5924.0,1759.0,1824.0,8840.0,6643.0,5924.0,1759.0,1824.0,7022.0,0
29980,180000.0,1,1,1,32,-2,-2,-2,-2,-2,-2,0.0,0.0,0.0,0.0,0.0,0.0,0.0,0.0,0.0,0.0,0.0,0.0,0
29983,90000.0,1,2,1,36,0,0,0,0,0,0,7752.0,9112.0,10306.0,11328.0,12036.0,14329.0,1500.0,1500.0,1500.0,1200.0,2500.0,0.0,1
29996,220000.0,1,3,1,39,0,0,0,0,0,0,188948.0,192815.0,208365.0,88004.0,31237.0,15980.0,8500.0,20000.0,5003.0,3047.0,5000.0,1000.0,0
29998,30000.0,1,2,2,37,4,3,2,-1,0,0,3565.0,3356.0,2758.0,20878.0,20582.0,19357.0,0.0,0.0,22000.0,4200.0,2000.0,3100.0,1
30000,50000.0,1,2,1,46,0,0,0,0,0,0,47929.0,48905.0,49764.0,36535.0,32428.0,15313.0,2078.0,1800.0,1430.0,1000.0,1000.0,1000.0,1
