client_id,age,job,marital,education,default,housing,loan,contact,month,day_of_week,duration,campaign,pdays,previous,poutcome,emp_var_rate,cons_price_idx,cons_conf_idx,euribor3m,nr_employed,y
7,59,admin.,married,professional.course,no,no,no,telephone,may,mon,139,1,999,0,nonexistent,1.1,93.994,-36.4,4.857,5191.0,no
21,30,unemployed,married,high.school,no,no,no,telephone,may,mon,38,1,999,0,nonexistent,1.1,93.994,-36.4,4.857,5191.0,no
25,37,admin.,married,high.school,no,yes,no,telephone,may,mon,172,1,999,0,nonexistent,1.1,93.994,-36.4,4.857,5191.0,no
28,39,self-employed,married,basic.9y,unknown,no,no,telephone,may,mon,233,1,999,0,nonexistent,1.1,93.994,-36.4,4.857,5191.0,no
33,49,blue-collar,married,unknown,no,no,no,telephone,may,mon,73,1,999,0,nonexistent,1.1,93.994,-36.4,4.857,5191.0,no
58,45,services,married,high.school,unknown,yes,no,telephone,may,mon,787,1,999,0,nonexistent,1.1,93.994,-36.4,4.857,5191.0,no
73,47,admin.,married,university.degree,unknown,yes,no,telephone,may,mon,176,1,999,0,nonexistent,1.1,93.994,-36.4,4.857,5191.0,no
80,42,blue-collar,married,basic.9y,unknown,no,no,telephone,may,mon,208,1,999,0,nonexistent,1.1,93.994,-36.4,4.857,5191.0,no
88,39,admin.,married,university.degree,no,yes,yes,telephone,may,mon,192,1,999,0,nonexistent,1.1,93.994,-36.4,4.857,5191.0,no
89,49,technician,married,basic.9y,no,no,no,telephone,may,mon,1467,1,999,0,nonexistent,1.1,93.994,-36.4,4.857,5191.0,yes
94,33,unemployed,married,basic.9y,no,no,no,telephone,may,mon,545,1,999,0,nonexistent,1.1,93.994,-36.4,4.857,5191.0,no
111,60,retired,divorced,university.degree,unknown,no,no,telephone,may,mon,514,1,999,0,nonexistent,1.1,93.994,-36.4,4.857,5191.0,no
119,56,admin.,married,unknown,no,yes,no,telephone,may,mon,364,1,999,0,nonexistent,1.1,93.994,-36.4,4.857,5191.0,no
124,45,technician,married,high.school,no,yes,no,telephone,may,mon,79,1,999,0,nonexistent,1.1,93.994,-36.4,4.857,5191.0,no
163,40,blue-collar,married,basic.9y,unknown,no,no,telephone,may,mon,46,1,999,0,nonexistent,1.1,93.994,-36.4,4.857,5191.0,no
173,45,technician,married,university.degree,no,yes,yes,telephone,may,mon,292,1,999,0,nonexistent,1.1,93.994,-36.4,4.857,5191.0,no
193,45,management,divorced,university.degree,no,no,no,telephone,may,mon,19,2,999,0,nonexistent,1.1,93.994,-36.4,4.857,5191.0,no
195,34,blue-collar,single,basic.9y,unknown,yes,no,telephone,may,mon,55,1,999,0,nonexistent,1.1,93.994,-36.4,4.857,5191.0,no
196,48,blue-collar,married,basic.4y,no,yes,no,telephone,may,mon,717,1,999,0,nonexistent,1.1,93.994,-36.4,4.857,5191.0,no
206,35,student,single,university.degree,unknown,no,no,telephone,may,mon,218,1,999,0,nonexistent,1.1,93.994,-36.4,4.857,5191.0,no
232,50,services,divorced,professional.course,no,yes,no,telephone,may,mon,165,1,999,0,nonexistent,1.1,93.994,-36.4,4.857,5191.0,no
243,34,management,married,university.degree,no,yes,no,telephone,may,mon,18,1,999,0,nonexistent,1.1,93.994,-36.4,4.857,5191.0,no
245,30,technician,married,university.degree,unknown,no,no,telephone,may,mon,40,1,999,0,nonexistent,1.1,93.994,-36.4,4.857,5191.0,no
250,33,services,single,high.school,no,no,no,telephone,may,mon,702,1,999,0,nonexistent,1.1,93.994,-36.4,4.857,5191.0,no
260,33,admin.,married,high.school,no,no,yes,telephone,may,mon,50,1,999,0,nonexistent,1.1,93.994,-36.4,4.857,5191.0,no
290,36,services,married,high.school,no,no,no,telephone,may,mon,225,2,999,0,nonexistent,1.1,93.994,-36.4,4.857,5191.0,no
297,49,blue-collar,divorced,high.school,no,no,yes,telephone,may,mon,742,2,999,0,nonexistent,1.1,93.994,-36.4,4.857,5191.0,no
300,38,unknown,married,unknown,unknown,no,no,telephone,may,mon,362,4,999,0,nonexistent,1.1,93.994,-36.4,4.857,5191.0,no
331,29,services,single,high.school,no,yes,no,telephone,may,mon,425,2,999,0,nonexistent,1.1,93.994,-36.4,4.857,5191.0,no
376,49,blue-collar,married,unknown,no,no,no,telephone,may,tue,286,1,999,0,nonexistent,1.1,93.994,-36.4,4.857,5191.0,no
384,30,student,single,unknown,unknown,no,no,telephone,may,tue,133,1,999,0,nonexistent,1.1,93.994,-36.4,4.857,5191.0,no
389,28,unknown,single,unknown,unknown,yes,yes,telephone,may,tue,1201,1,999,0,nonexistent,1.1,93.994,-36.4,4.857,5191.0,yes
399,41,self-employed,married,university.degree,no,yes,yes,telephone,may,tue,442,2,999,0,nonexistent,1.1,93.994,-36.4,4.857,5191.0,no
426,49,blue-collar,married,basic.9y,no,no,no,telephone,may,tue,102,2,999,0,nonexistent,1.1,93.994,-36.4,4.857,5191.0,no
429,50,unknown,married,unknown,unknown,yes,no,telephone,may,tue,185,3,999,0,nonexistent,1.1,93.994,-36.4,4.857,5191.0,no
443,32,blue-collar,divorced,basic.9y,unknown,no,no,telephone,may,tue,309,2,999,0,nonexistent,1.1,93.994,-36.4,4.857,5191.0,no
488,35,technician,married,professional.course,no,yes,no,telephone,may,tue,278,1,999,0,nonexistent,1.1,93.994,-36.4,4.857,5191.0,no
508,60,unknown,single,unknown,unknown,yes,no,telephone,may,tue,211,1,999,0,nonexistent,1.1,93.994,-36.4,4.857,5191.0,no
511,48,blue-collar,married,basic.4y,no,no,no,telephone,may,tue,128,1,999,0,nonexistent,1.1,93.994,-36.4,4.857,5191.0,no
532,41,services,married,high.school,unknown,yes,yes,telephone,may,tue,41,1,999,0,nonexistent,1.1,93.994,-36.4,4.857,5191.0,no
538,33,blue-collar,single,basic.4y,unknown,no,no,telephone,may,tue,26,1,999,0,nonexistent,1.1,93.994,-36.4,4.857,5191.0,no
542,36,blue-collar,single,basic.9y,unknown,no,no,telephone,may,tue,440,1,999,0,nonexistent,1.1,93.994,-36.4,4.857,5191.0,no
543,57,technician,married,professional.course,unknown,no,yes,telephone,may,tue,289,1,999,0,nonexistent,1.1,93.994,-36.4,4.857,5191.0,no
545,30,self-employed,single,high.school,no,yes,no,telephone,may,tue,123,1,999,0,nonexistent,1.1,93.994,-36.4,4.857,5191.0,no
548,35,admin.,divorced,high.school,no,no,yes,telephone,may,tue,259,2,999,0,nonexistent,1.1,93.994,-36.4,4.857,5191.0,no
549,34,admin.,single,university.degree,no,yes,yes,telephone,may,tue,26,1,999,0,nonexistent,1.1,93.994,-36.4,4.857,5191.0,no
558,40,technician,married,basic.4y,no,no,no,telephone,may,tue,217,1,999,0,nonexistent,1.1,93.994,-36.4,4.857,5191.0,no
560,39,blue-collar,married,basic.6y,unknown,yes,yes,telephone,may,tue,427,1,999,0,nonexistent,1.1,93.994,-36.4,4.857,5191.0,no
568,36,technician,married,unknown,no,no,no,telephone,may,tue,105,2,999,0,nonexistent,1.1,93.994,-36.4,4.857,5191.0,no
596,57,technician,married,professional.course,no,yes,no,telephone,may,tue,402,4,999,0,nonexistent,1.1,93.994,-36.4,4.857,5191.0,no
599,58,admin.,divorced,university.degree,unknown,yes,no,telephone,may,tue,208,1,999,0,nonexistent,1.1,93.994,-36.4,4.857,5191.0,no
608,53,blue-collar,married,basic.4y,unknown,no,yes,telephone,may,tue,78,2,999,0,nonexistent,1.1,93.994,-36.4,4.857,5191.0,no
622,47,technician,married,professional.course,no,no,no,telephone,may,tue,79,4,999,0,nonexistent,1.1,93.994,-36.4,4.857,5191.0,no
633,38,services,married,basic.6y,no,no,no,telephone,may,tue,532,2,999,0,nonexistent,1.1,93.994,-36.4,4.857,5191.0,no
636,45,technician,single,professional.course,no,yes,no,telephone,may,tue,37,2,999,0,nonexistent,1.1,93.994,-36.4,4.857,5191.0,no
645,36,technician,single,professional.course,no,no,no,telephone,may,tue,211,2,999,0,nonexistent,1.1,93.994,-36.4,4.857,5191.0,no
647,33,housemaid,divorced,university.degree,no,no,no,telephone,may,tue,392,1,999,0,nonexistent,1.1,93.994,-36.4,4.857,5191.0,no
651,32,housemaid,married,high.school,no,yes,no,telephone,may,tue,100,1,999,0,nonexistent,1.1,93.994,-36.4,4.857,5191.0,no
659,39,management,divorced,university.degree,unknown,yes,no,telephone,may,tue,205,2,999,0,nonexistent,1.1,93.994,-36.4,4.857,5191.0,no
669,32,blue-collar,married,basic.9y,no,yes,no,telephone,may,tue,477,1,999,0,nonexistent,1.1,93.994,-36.4,4.857,5191.0,no
673,44,admin.,married,high.school,no,yes,no,telephone,may,tue,221,2,999,0,nonexistent,1.1,93.994,-36.4,4.857,5191.0,no
675,45,services,married,high.school,no,yes,no,telephone,may,tue,178,2,999,0,nonexistent,1.1,93.994,-36.4,4.857,5191.0,no
676,43,admin.,married,professional.course,no,no,yes,telephone,may,tue,221,2,999,0,nonexistent,1.1,93.994,-36.4,4.857,5191.0,no
682,45,housemaid,married,professional.course,unknown,yes,no,telephone,may,tue,1597,2,999,0,nonexistent,1.1,93.994,-36.4,4.857,5191.0,yes
694,52,blue-collar,married,basic.4y,unknown,yes,no,telephone,may,tue,79,2,999,0,nonexistent,1.1,93.994,-36.4,4.857,5191.0,no
696,49,services,married,high.school,unknown,no,no,telephone,may,tue,296,3,999,0,nonexistent,1.1,93.994,-36.4,4.857,5191.0,no
699,40,entrepreneur,married,basic.9y,no,no,no,telephone,may,tue,109,2,999,0,nonexistent,1.1,93.994,-36.4,4.857,5191.0,no
702,57,housemaid,married,basic.6y,unknown,yes,no,telephone,may,tue,121,2,999,0,nonexistent,1.1,93.994,-36.4,4.857,5191.0,no
721,42,admin.,married,university.degree,no,yes,no,telephone,may,tue,254,2,999,0,nonexistent,1.1,93.994,-36.4,4.857,5191.0,no
731,47,admin.,single,unknown,unknown,yes,yes,telephone,may,tue,410,2,999,0,nonexistent,1.1,93.994,-36.4,4.857,5191.0,no
743,59,management,married,basic.4y,unknown,yes,no,telephone,may,tue,88,5,999,0,nonexistent,1.1,93.994,-36.4,4.857,5191.0,no
746,39,blue-collar,divorced,basic.6y,unknown,yes,no,telephone,may,tue,305,2,999,0,nonexistent,1.1,93.994,-36.4,4.857,5191.0,no
747,38,unemployed,married,basic.4y,unknown,yes,yes,telephone,may,tue,206,2,999,0,nonexistent,1.1,93.994,-36.4,4.857,5191.0,no
750,31,technician,single,professional.course,no,yes,no,telephone,may,tue,343,3,999,0,nonexistent,1.1,93.994,-36.4,4.857,5191.0,no
751,30,services,divorced,basic.9y,no,no,yes,telephone,may,tue,126,2,999,0,nonexistent,1.1,93.994,-36.4,4.857,5191.0,no
763,37,services,married,high.school,no,yes,no,telephone,may,wed,124,2,999,0,nonexistent,1.1,93.994,-36.4,4.856,5191.0,no
768,44,self-employed,married,university.degree,unknown,no,no,telephone,may,wed,202,2,999,0,nonexistent,1.1,93.994,-36.4,4.856,5191.0,no
771,37,blue-collar,married,basic.4y,unknown,unknown,unknown,telephone,may,wed,195,2,999,0,nonexistent,1.1,93.994,-36.4,4.856,5191.0,no
778,33,blue-collar,married,basic.9y,no,unknown,unknown,telephone,may,wed,141,3,999,0,nonexistent,1.1,93.994,-36.4,4.856,5191.0,no
790,33,blue-collar,single,basic.9y,unknown,no,no,telephone,may,wed,113,1,999,0,nonexistent,1.1,93.994,-36.4,4.856,5191.0,no
804,42,admin.,divorced,university.degree,no,no,no,telephone,may,wed,232,1,999,0,nonexistent,1.1,93.994,-36.4,4.856,5191.0,no
812,39,services,married,high.school,no,no,no,telephone,may,wed,193,1,999,0,nonexistent,1.1,93.994,-36.4,4.856,5191.0,no
842,38,technician,married,professional.course,no,no,no,telephone,may,wed,216,1,999,0,nonexistent,1.1,93.994,-36.4,4.856,5191.0,no
849,40,technician,married,professional.course,no,yes,no,telephone,may,wed,327,3,999,0,nonexistent,1.1,93.994,-36.4,4.856,5191.0,no
850,57,management,divorced,university.degree,no,yes,no,telephone,may,wed,236,1,999,0,nonexistent,1.1,93.994,-36.4,4.856,5191.0,no
855,45,housemaid,married,basic.4y,unknown,yes,no,telephone,may,wed,83,2,999,0,nonexistent,1.1,93.994,-36.4,4.856,5191.0,no
878,41,admin.,married,university.degree,no,yes,no,telephone,may,wed,153,1,999,0,nonexistent,1.1,93.994,-36.4,4.856,5191.0,no
880,48,services,married,high.school,unknown,yes,no,telephone,may,wed,243,1,999,0,nonexistent,1.1,93.994,-36.4,4.856,5191.0,no
882,27,blue-collar,married,basic.9y,no,yes,no,telephone,may,wed,164,2,999,0,nonexistent,1.1,93.994,-36.4,4.856,5191.0,no
891,38,services,single,unknown,unknown,yes,no,telephone,may,wed,256,6,999,0,nonexistent,1.1,93.994,-36.4,4.856,5191.0,no
912,40,blue-collar,married,basic.4y,no,no,no,telephone,may,wed,227,1,999,0,nonexistent,1.1,93.994,-36.4,4.856,5191.0,no
925,51,admin.,married,university.degree,no,yes,no,telephone,may,wed,223,3,999,0,nonexistent,1.1,93.994,-36.4,4.856,5191.0,no
927,53,technician,married,high.school,no,yes,no,telephone,may,wed,274,2,999,0,nonexistent,1.1,93.994,-36.4,4.856,5191.0,no
930,36,services,married,high.school,unknown,yes,no,telephone,may,wed,376,2,999,0,nonexistent,1.1,93.994,-36.4,4.856,5191.0,no
939,32,admin.,single,university.degree,unknown,yes,no,telephone,may,wed,229,3,999,0,nonexistent,1.1,93.994,-36.4,4.856,5191.0,no
941,49,technician,single,university.degree,unknown,yes,no,telephone,may,wed,56,1,999,0,nonexistent,1.1,93.994,-36.4,4.856,5191.0,no
945,42,services,divorced,high.school,unknown,no,no,telephone,may,wed,185,1,999,0,nonexistent,1.1,93.994,-36.4,4.856,5191.0,no
972,33,management,single,unknown,no,yes,no,telephone,may,wed,371,2,999,0,nonexistent,1.1,93.994,-36.4,4.856,5191.0,no
973,33,self-employed,married,basic.9y,no,yes,no,telephone,may,wed,48,1,999,0,nonexistent,1.1,93.994,-36.4,4.856,5191.0,no
983,45,entrepreneur,single,university.degree,no,unknown,unknown,telephone,may,wed,229,3,999,0,nonexistent,1.1,93.994,-36.4,4.856,5191.0,no
990,54,housemaid,divorced,basic.4y,no,no,no,telephone,may,wed,485,1,999,0,nonexistent,1.1,93.994,-36.4,4.856,5191.0,no
993,39,blue-collar,married,basic.9y,no,no,no,telephone,may,wed,311,1,999,0,nonexistent,1.1,93.994,-36.4,4.856,5191.0,no
994,39,technician,single,basic.6y,unknown,no,no,telephone,may,wed,362,1,999,0,nonexistent,1.1,93.994,-36.4,4.856,5191.0,no
996,32,entrepreneur,married,basic.6y,no,yes,no,telephone,may,wed,163,1,999,0,nonexistent,1.1,93.994,-36.4,4.856,5191.0,no
997,41,services,single,high.school,no,yes,yes,telephone,may,wed,345,1,999,0,nonexistent,1.1,93.994,-36.4,4.856,5191.0,no
999,57,technician,married,basic.9y,no,yes,no,telephone,may,wed,68,1,999,0,nonexistent,1.1,93.994,-36.4,4.856,5191.0,no
1000,30,services,married,unknown,no,no,no,telephone,may,wed,143,3,999,0,nonexistent,1.1,93.994,-36.4,4.856,5191.0,no
1005,47,admin.,married,university.degree,no,unknown,unknown,telephone,may,wed,106,1,999,0,nonexistent,1.1,93.994,-36.4,4.856,5191.0,no
1007,44,blue-collar,married,basic.9y,unknown,no,no,telephone,may,wed,103,3,999,0,nonexistent,1.1,93.994,-36.4,4.856,5191.0,no
1012,28,admin.,single,university.degree,no,no,no,telephone,may,wed,126,1,999,0,nonexistent,1.1,93.994,-36.4,4.856,5191.0,no
1029,58,admin.,married,high.school,no,no,yes,telephone,may,wed,152,2,999,0,nonexistent,1.1,93.994,-36.4,4.856,5191.0,no
1031,32,blue-collar,married,basic.4y,unknown,no,no,telephone,may,wed,421,2,999,0,nonexistent,1.1,93.994,-36.4,4.856,5191.0,no
1036,30,services,married,professional.course,unknown,yes,no,telephone,may,wed,263,1,999,0,nonexistent,1.1,93.994,-36.4,4.856,5191.0,no
1054,51,blue-collar,married,basic.4y,no,yes,no,telephone,may,wed,1009,3,999,0,nonexistent,1.1,93.994,-36.4,4.856,5191.0,no
1068,42,blue-collar,married,basic.4y,unknown,yes,no,telephone,may,wed,191,4,999,0,nonexistent,1.1,93.994,-36.4,4.856,5191.0,no
1073,57,management,divorced,university.degree,no,no,no,telephone,may,wed,283,3,999,0,nonexistent,1.1,93.994,-36.4,4.856,5191.0,no
1090,51,admin.,married,basic.6y,unknown,no,no,telephone,may,wed,193,3,999,0,nonexistent,1.1,93.994,-36.4,4.856,5191.0,no
1091,36,blue-collar,married,basic.9y,no,yes,no,telephone,may,wed,231,2,999,0,nonexistent,1.1,93.994,-36.4,4.856,5191.0,no
1094,42,admin.,married,university.degree,unknown,yes,no,telephone,may,wed,103,4,999,0,nonexistent,1.1,93.994,-36.4,4.856,5191.0,no
1099,42,services,married,high.school,no,no,no,telephone,may,wed,191,2,999,0,nonexistent,1.1,93.994,-36.4,4.856,5191.0,no
1108,34,management,married,university.degree,no,yes,yes,telephone,may,wed,145,1,999,0,nonexistent,1.1,93.994,-36.4,4.856,5191.0,no
1111,46,admin.,single,university.degree,no,unknown,unknown,telephone,may,wed,74,1,999,0,nonexistent,1.1,93.994,-36.4,4.856,5191.0,no
1121,34,blue-collar,single,basic.9y,no,no,no,telephone,may,wed,159,3,999,0,nonexistent,1.1,93.994,-36.4,4.856,5191.0,no
1123,31,blue-collar,married,basic.9y,no,no,no,telephone,may,wed,196,2,999,0,nonexistent,1.1,93.994,-36.4,4.856,5191.0,no
1128,34,services,married,high.school,no,no,no,telephone,may,wed,122,5,999,0,nonexistent,1.1,93.994,-36.4,4.856,5191.0,no
1138,35,blue-collar,married,basic.6y,no,no,no,telephone,may,wed,404,5,999,0,nonexistent,1.1,93.994,-36.4,4.856,5191.0,no
1146,58,admin.,divorced,university.degree,no,yes,no,telephone,may,wed,365,4,999,0,nonexistent,1.1,93.994,-36.4,4.856,5191.0,no
1163,43,admin.,married,high.school,no,yes,no,telephone,may,thu,67,1,999,0,nonexistent,1.1,93.994,-36.4,4.855,5191.0,no
1164,43,admin.,married,high.school,no,no,no,telephone,may,thu,196,1,999,0,nonexistent,1.1,93.994,-36.4,4.855,5191.0,no
1173,53,blue-collar,married,high.school,unknown,no,yes,telephone,may,thu,109,1,999,0,nonexistent,1.1,93.994,-36.4,4.855,5191.0,no
1190,46,blue-collar,single,basic.9y,no,yes,no,telephone,may,thu,541,3,999,0,nonexistent,1.1,93.994,-36.4,4.855,5191.0,yes
1193,28,blue-collar,married,basic.6y,unknown,no,no,telephone,may,thu,149,1,999,0,nonexistent,1.1,93.994,-36.4,4.855,5191.0,no
1194,38,admin.,single,university.degree,unknown,yes,no,telephone,may,thu,35,1,999,0,nonexistent,1.1,93.994,-36.4,4.855,5191.0,no
1201,30,technician,married,professional.course,no,no,no,telephone,may,thu,65,1,999,0,nonexistent,1.1,93.994,-36.4,4.855,5191.0,no
1223,40,blue-collar,married,basic.9y,no,no,no,telephone,may,thu,129,2,999,0,nonexistent,1.1,93.994,-36.4,4.855,5191.0,no
1225,50,entrepreneur,married,basic.9y,no,yes,no,telephone,may,thu,187,3,999,0,nonexistent,1.1,93.994,-36.4,4.855,5191.0,no
1238,41,blue-collar,married,basic.9y,no,yes,no,telephone,may,thu,152,1,999,0,nonexistent,1.1,93.994,-36.4,4.855,5191.0,no
1240,45,services,married,basic.9y,no,no,no,telephone,may,thu,187,1,999,0,nonexistent,1.1,93.994,-36.4,4.855,5191.0,no
1244,32,blue-collar,married,basic.6y,unknown,no,no,telephone,may,thu,60,1,999,0,nonexistent,1.1,93.994,-36.4,4.855,5191.0,no
1260,43,blue-collar,married,basic.4y,unknown,yes,no,telephone,may,thu,215,1,999,0,nonexistent,1.1,93.994,-36.4,4.855,5191.0,no
1266,39,blue-collar,married,basic.6y,no,no,no,telephone,may,thu,124,1,999,0,nonexistent,1.1,93.994,-36.4,4.855,5191.0,no
1271,41,technician,married,professional.course,no,yes,yes,telephone,may,thu,87,2,999,0,nonexistent,1.1,93.994,-36.4,4.855,5191.0,no
1283,32,admin.,married,basic.6y,no,no,no,telephone,may,thu,93,1,999,0,nonexistent,1.1,93.994,-36.4,4.855,5191.0,no
1287,35,blue-collar,married,basic.9y,no,yes,no,telephone,may,thu,74,1,999,0,nonexistent,1.1,93.994,-36.4,4.855,5191.0,no
1294,37,unemployed,married,professional.course,no,no,yes,telephone,may,thu,110,1,999,0,nonexistent,1.1,93.994,-36.4,4.855,5191.0,no
1295,36,services,married,basic.6y,no,yes,no,telephone,may,thu,64,1,999,0,nonexistent,1.1,93.994,-36.4,4.855,5191.0,no
1311,37,technician,single,university.degree,no,yes,no,telephone,may,thu,237,1,999,0,nonexistent,1.1,93.994,-36.4,4.855,5191.0,no
1319,33,services,single,high.school,no,yes,no,telephone,may,thu,789,1,999,0,nonexistent,1.1,93.994,-36.4,4.855,5191.0,no
1343,43,services,married,high.school,no,no,no,telephone,may,thu,130,3,999,0,nonexistent,1.1,93.994,-36.4,4.855,5191.0,no
1353,33,management,married,university.degree,no,no,no,telephone,may,thu,178,2,999,0,nonexistent,1.1,93.994,-36.4,4.855,5191.0,no
1354,20,entrepreneur,single,high.school,no,no,no,telephone,may,thu,238,1,999,0,nonexistent,1.1,93.994,-36.4,4.855,5191.0,no
1391,32,admin.,married,university.degree,unknown,no,yes,telephone,may,thu,190,1,999,0,nonexistent,1.1,93.994,-36.4,4.855,5191.0,no
1393,34,blue-collar,married,basic.9y,no,no,no,telephone,may,thu,210,1,999,0,nonexistent,1.1,93.994,-36.4,4.855,5191.0,no
1419,49,admin.,married,high.school,no,no,yes,telephone,may,thu,627,3,999,0,nonexistent,1.1,93.994,-36.4,4.855,5191.0,no
1429,43,blue-collar,divorced,basic.4y,unknown,no,no,telephone,may,thu,154,2,999,0,nonexistent,1.1,93.994,-36.4,4.855,5191.0,no
1455,31,admin.,married,high.school,no,yes,yes,telephone,may,thu,151,2,999,0,nonexistent,1.1,93.994,-36.4,4.855,5191.0,no
1456,54,blue-collar,married,basic.9y,unknown,no,yes,telephone,may,thu,422,2,999,0,nonexistent,1.1,93.994,-36.4,4.855,5191.0,no
1473,35,services,married,basic.9y,no,no,no,telephone,may,thu,95,2,999,0,nonexistent,1.1,93.994,-36.4,4.855,5191.0,no
1501,33,admin.,married,high.school,no,yes,yes,telephone,may,thu,10,2,999,0,nonexistent,1.1,93.994,-36.4,4.855,5191.0,no
1516,35,technician,married,university.degree,no,yes,no,telephone,may,thu,330,3,999,0,nonexistent,1.1,93.994,-36.4,4.855,5191.0,no
1527,35,self-employed,married,university.degree,no,no,yes,telephone,may,thu,49,4,999,0,nonexistent,1.1,93.994,-36.4,4.855,5191.0,no
1532,55,technician,married,university.degree,no,yes,no,telephone,may,thu,123,2,999,0,nonexistent,1.1,93.994,-36.4,4.855,5191.0,no
1537,34,blue-collar,divorced,professional.course,no,no,yes,telephone,may,thu,291,2,999,0,nonexistent,1.1,93.994,-36.4,4.855,5191.0,no
1540,45,blue-collar,married,high.school,no,yes,no,telephone,may,thu,89,5,999,0,nonexistent,1.1,93.994,-36.4,4.855,5191.0,no
1544,42,admin.,married,university.degree,no,yes,no,telephone,may,thu,117,3,999,0,nonexistent,1.1,93.994,-36.4,4.855,5191.0,no
1545,47,services,single,high.school,no,no,no,telephone,may,thu,37,3,999,0,nonexistent,1.1,93.994,-36.4,4.855,5191.0,no
1546,56,entrepreneur,married,university.degree,no,yes,no,telephone,may,thu,51,3,999,0,nonexistent,1.1,93.994,-36.4,4.855,5191.0,no
1547,43,management,married,university.degree,no,no,no,telephone,may,thu,627,4,999,0,nonexistent,1.1,93.994,-36.4,4.855,5191.0,no
1551,50,entrepreneur,married,basic.9y,no,yes,no,telephone,may,thu,283,3,999,0,nonexistent,1.1,93.994,-36.4,4.855,5191.0,no
1565,34,management,divorced,basic.6y,unknown,yes,no,telephone,may,thu,271,5,999,0,nonexistent,1.1,93.994,-36.4,4.855,5191.0,no
1566,36,admin.,married,high.school,no,yes,no,telephone,may,thu,103,3,999,0,nonexistent,1.1,93.994,-36.4,4.855,5191.0,no
1576,52,housemaid,married,university.degree,no,yes,no,telephone,may,thu,64,1,999,0,nonexistent,1.1,93.994,-36.4,4.855,5191.0,no
1579,29,admin.,single,university.degree,no,yes,no,telephone,may,thu,128,3,999,0,nonexistent,1.1,93.994,-36.4,4.855,5191.0,no
1582,30,admin.,married,high.school,no,yes,no,telephone,may,fri,110,4,999,0,nonexistent,1.1,93.994,-36.4,4.855,5191.0,no
1594,31,admin.,married,university.degree,no,yes,no,telephone,may,fri,218,1,999,0,nonexistent,1.1,93.994,-36.4,4.855,5191.0,no
1609,32,unknown,unknown,university.degree,no,no,no,telephone,may,fri,617,4,999,0,nonexistent,1.1,93.994,-36.4,4.855,5191.0,yes
1618,51,blue-collar,married,high.school,no,no,no,telephone,may,fri,147,1,999,0,nonexistent,1.1,93.994,-36.4,4.855,5191.0,no
1623,33,management,married,university.degree,no,no,yes,telephone,may,fri,70,1,999,0,nonexistent,1.1,93.994,-36.4,4.855,5191.0,no
1630,37,technician,single,professional.course,no,no,no,telephone,may,fri,120,1,999,0,nonexistent,1.1,93.994,-36.4,4.855,5191.0,no
1657,35,blue-collar,married,basic.9y,no,no,no,telephone,may,fri,131,3,999,0,nonexistent,1.1,93.994,-36.4,4.855,5191.0,no
1660,39,admin.,married,basic.9y,no,no,no,telephone,may,fri,127,1,999,0,nonexistent,1.1,93.994,-36.4,4.855,5191.0,no
1665,30,blue-collar,married,basic.9y,no,yes,yes,telephone,may,fri,117,1,999,0,nonexistent,1.1,93.994,-36.4,4.855,5191.0,no
1672,46,unknown,married,basic.4y,unknown,no,no,telephone,may,fri,232,1,999,0,nonexistent,1.1,93.994,-36.4,4.855,5191.0,no
1680,39,services,married,high.school,no,yes,no,telephone,may,fri,86,2,999,0,nonexistent,1.1,93.994,-36.4,4.855,5191.0,no
1681,35,unknown,single,basic.4y,unknown,no,no,telephone,may,fri,121,4,999,0,nonexistent,1.1,93.994,-36.4,4.855,5191.0,no
1692,33,blue-collar,married,basic.6y,unknown,yes,yes,telephone,may,fri,1132,2,999,0,nonexistent,1.1,93.994,-36.4,4.855,5191.0,yes
1719,32,services,married,high.school,no,no,no,telephone,may,fri,213,2,999,0,nonexistent,1.1,93.994,-36.4,4.855,5191.0,no
1737,43,entrepreneur,married,high.school,unknown,yes,no,telephone,may,fri,206,2,999,0,nonexistent,1.1,93.994,-36.4,4.855,5191.0,no
1766,41,blue-collar,married,high.school,no,yes,no,telephone,may,fri,70,1,999,0,nonexistent,1.1,93.994,-36.4,4.855,5191.0,no
1768,40,housemaid,married,basic.4y,no,yes,yes,telephone,may,fri,62,1,999,0,nonexistent,1.1,93.994,-36.4,4.855,5191.0,no
1771,34,management,married,university.degree,no,yes,no,telephone,may,fri,197,4,999,0,nonexistent,1.1,93.994,-36.4,4.855,5191.0,no
1779,40,housemaid,divorced,high.school,no,no,no,telephone,may,fri,188,1,999,0,nonexistent,1.1,93.994,-36.4,4.855,5191.0,no
1781,36,technician,married,professional.course,no,yes,no,telephone,may,fri,84,1,999,0,nonexistent,1.1,93.994,-36.4,4.855,5191.0,no
1806,34,admin.,married,high.school,no,yes,yes,telephone,may,fri,20,1,999,0,nonexistent,1.1,93.994,-36.4,4.855,5191.0,no
1807,25,blue-collar,single,basic.4y,no,yes,no,telephone,may,fri,247,1,999,0,nonexistent,1.1,93.994,-36.4,4.855,5191.0,no
1820,44,blue-collar,single,basic.6y,unknown,yes,no,telephone,may,fri,665,2,999,0,nonexistent,1.1,93.994,-36.4,4.855,5191.0,yes
1841,47,management,divorced,basic.4y,no,no,no,telephone,may,fri,241,2,999,0,nonexistent,1.1,93.994,-36.4,4.855,5191.0,no
1865,56,admin.,married,high.school,no,yes,no,telephone,may,fri,49,1,999,0,nonexistent,1.1,93.994,-36.4,4.855,5191.0,no
1869,28,services,single,basic.9y,unknown,yes,no,telephone,may,fri,294,2,999,0,nonexistent,1.1,93.994,-36.4,4.855,5191.0,no
1873,46,blue-collar,married,professional.course,no,yes,no,telephone,may,fri,106,1,999,0,nonexistent,1.1,93.994,-36.4,4.855,5191.0,no
1878,56,blue-collar,married,basic.4y,unknown,yes,no,telephone,may,fri,400,2,999,0,nonexistent,1.1,93.994,-36.4,4.855,5191.0,no
1880,30,housemaid,married,high.school,unknown,yes,no,telephone,may,fri,175,2,999,0,nonexistent,1.1,93.994,-36.4,4.855,5191.0,no
1884,28,blue-collar,married,basic.6y,unknown,no,no,telephone,may,fri,142,2,999,0,nonexistent,1.1,93.994,-36.4,4.855,5191.0,no
1886,36,technician,single,professional.course,unknown,no,no,telephone,may,fri,180,3,999,0,nonexistent,1.1,93.994,-36.4,4.855,5191.0,no
1898,56,services,married,high.school,unknown,yes,no,telephone,may,fri,26,2,999,0,nonexistent,1.1,93.994,-36.4,4.855,5191.0,no
1904,30,technician,married,professional.course,no,no,yes,telephone,may,fri,393,2,999,0,nonexistent,1.1,93.994,-36.4,4.855,5191.0,no
1908,46,self-employed,married,basic.9y,unknown,yes,no,telephone,may,fri,182,7,999,0,nonexistent,1.1,93.994,-36.4,4.855,5191.0,no
1915,50,services,married,professional.course,unknown,yes,no,telephone,may,fri,211,2,999,0,nonexistent,1.1,93.994,-36.4,4.855,5191.0,no
1917,44,services,married,high.school,no,no,no,telephone,may,fri,460,2,999,0,nonexistent,1.1,93.994,-36.4,4.855,5191.0,no
1920,34,admin.,single,high.school,no,no,no,telephone,may,fri,176,2,999,0,nonexistent,1.1,93.994,-36.4,4.855,5191.0,no
1922,40,housemaid,single,university.degree,no,yes,no,telephone,may,fri,237,3,999,0,nonexistent,1.1,93.994,-36.4,4.855,5191.0,no
1932,59,retired,married,basic.4y,unknown,no,no,telephone,may,fri,260,4,999,0,nonexistent,1.1,93.994,-36.4,4.855,5191.0,no
1935,33,services,married,high.school,no,yes,no,telephone,may,fri,389,2,999,0,nonexistent,1.1,93.994,-36.4,4.855,5191.0,no
1939,50,blue-collar,divorced,basic.9y,no,no,no,telephone,may,fri,878,3,999,0,nonexistent,1.1,93.994,-36.4,4.855,5191.0,no
1942,24,blue-collar,married,basic.9y,no,yes,yes,telephone,may,fri,101,6,999,0,nonexistent,1.1,93.994,-36.4,4.855,5191.0,no
1944,56,services,divorced,high.school,unknown,no,no,telephone,may,fri,185,2,999,0,nonexistent,1.1,93.994,-36.4,4.855,5191.0,no
1952,31,admin.,married,university.degree,unknown,no,no,telephone,may,fri,255,2,999,0,nonexistent,1.1,93.994,-36.4,4.855,5191.0,no
1960,46,housemaid,married,basic.9y,no,no,no,telephone,may,fri,322,5,999,0,nonexistent,1.1,93.994,-36.4,4.855,5191.0,no
1972,38,housemaid,married,basic.6y,unknown,yes,no,telephone,may,fri,153,4,999,0,nonexistent,1.1,93.994,-36.4,4.855,5191.0,no
1974,41,blue-collar,divorced,basic.4y,no,no,no,telephone,may,fri,91,3,999,0,nonexistent,1.1,93.994,-36.4,4.855,5191.0,no
1975,26,blue-collar,single,high.school,no,no,no,telephone,may,fri,213,4,999,0,nonexistent,1.1,93.994,-36.4,4.855,5191.0,no
1980,40,admin.,married,high.school,no,no,no,telephone,may,fri,83,3,999,0,nonexistent,1.1,93.994,-36.4,4.855,5191.0,no
1983,36,admin.,married,high.school,no,yes,no,telephone,may,fri,143,3,999,0,nonexistent,1.1,93.994,-36.4,4.855,5191.0,no
1986,36,blue-collar,married,basic.6y,unknown,no,no,telephone,may,fri,291,4,999,0,nonexistent,1.1,93.994,-36.4,4.855,5191.0,no
2002,42,management,married,university.degree,unknown,yes,no,telephone,may,mon,181,4,999,0,nonexistent,1.1,93.994,-36.4,4.857,5191.0,no
2005,48,entrepreneur,married,high.school,no,yes,no,telephone,may,mon,76,2,999,0,nonexistent,1.1,93.994,-36.4,4.857,5191.0,no
2007,57,blue-collar,married,unknown,unknown,unknown,unknown,telephone,may,mon,98,3,999,0,nonexistent,1.1,93.994,-36.4,4.857,5191.0,no
2013,44,blue-collar,married,basic.6y,no,yes,no,telephone,may,mon,149,5,999,0,nonexistent,1.1,93.994,-36.4,4.857,5191.0,no
2016,44,admin.,single,high.school,no,no,no,telephone,may,mon,111,2,999,0,nonexistent,1.1,93.994,-36.4,4.857,5191.0,no
2020,41,technician,married,professional.course,unknown,no,no,telephone,may,mon,105,3,999,0,nonexistent,1.1,93.994,-36.4,4.857,5191.0,no
2022,36,blue-collar,married,basic.4y,unknown,no,no,telephone,may,mon,114,5,999,0,nonexistent,1.1,93.994,-36.4,4.857,5191.0,no
2039,41,admin.,divorced,high.school,no,no,no,telephone,may,mon,177,4,999,0,nonexistent,1.1,93.994,-36.4,4.857,5191.0,no
2044,44,blue-collar,married,professional.course,no,no,no,telephone,may,mon,94,2,999,0,nonexistent,1.1,93.994,-36.4,4.857,5191.0,no
2048,49,technician,divorced,basic.9y,unknown,yes,no,telephone,may,mon,185,1,999,0,nonexistent,1.1,93.994,-36.4,4.857,5191.0,no
2073,59,blue-collar,married,basic.4y,unknown,no,no,telephone,may,mon,293,1,999,0,nonexistent,1.1,93.994,-36.4,4.857,5191.0,no
2075,31,blue-collar,married,basic.4y,unknown,no,no,telephone,may,mon,363,2,999,0,nonexistent,1.1,93.994,-36.4,4.857,5191.0,no
2086,42,management,married,university.degree,no,yes,no,telephone,may,mon,112,1,999,0,nonexistent,1.1,93.994,-36.4,4.857,5191.0,no
2097,39,unemployed,married,university.degree,no,yes,no,telephone,may,mon,501,2,999,0,nonexistent,1.1,93.994,-36.4,4.857,5191.0,no
2101,39,technician,married,professional.course,no,yes,no,telephone,may,mon,101,2,999,0,nonexistent,1.1,93.994,-36.4,4.857,5191.0,no
2109,41,services,married,high.school,unknown,yes,yes,telephone,may,mon,146,3,999,0,nonexistent,1.1,93.994,-36.4,4.857,5191.0,no
2116,36,technician,married,high.school,no,yes,no,telephone,may,mon,162,1,999,0,nonexistent,1.1,93.994,-36.4,4.857,5191.0,no
2124,36,admin.,married,university.degree,no,no,no,telephone,may,mon,188,1,999,0,nonexistent,1.1,93.994,-36.4,4.857,5191.0,no
2130,57,retired,single,high.school,no,yes,yes,telephone,may,mon,507,1,999,0,nonexistent,1.1,93.994,-36.4,4.857,5191.0,no
2137,41,entrepreneur,married,basic.6y,no,no,no,telephone,may,mon,156,3,999,0,nonexistent,1.1,93.994,-36.4,4.857,5191.0,no
2138,38,unemployed,married,basic.9y,unknown,no,no,telephone,may,mon,200,2,999,0,nonexistent,1.1,93.994,-36.4,4.857,5191.0,no
2143,52,management,married,university.degree,unknown,no,no,telephone,may,mon,268,4,999,0,nonexistent,1.1,93.994,-36.4,4.857,5191.0,no
2184,58,management,married,university.degree,no,no,no,telephone,may,mon,236,10,999,0,nonexistent,1.1,93.994,-36.4,4.857,5191.0,no
2201,36,blue-collar,married,basic.6y,unknown,yes,no,telephone,may,mon,145,4,999,0,nonexistent,1.1,93.994,-36.4,4.857,5191.0,no
2204,40,admin.,married,basic.9y,unknown,yes,yes,telephone,may,mon,184,4,999,0,nonexistent,1.1,93.994,-36.4,4.857,5191.0,no
2210,47,blue-collar,married,basic.4y,no,unknown,unknown,telephone,may,mon,170,8,999,0,nonexistent,1.1,93.994,-36.4,4.857,5191.0,no
2219,41,blue-collar,married,basic.4y,unknown,no,no,telephone,may,mon,334,7,999,0,nonexistent,1.1,93.994,-36.4,4.857,5191.0,no
2225,46,admin.,divorced,university.degree,unknown,no,no,telephone,may,mon,303,3,999,0,nonexistent,1.1,93.994,-36.4,4.857,5191.0,no
2243,37,blue-collar,single,high.school,no,no,no,telephone,may,mon,325,4,999,0,nonexistent,1.1,93.994,-36.4,4.857,5191.0,no
2263,43,technician,single,professional.course,no,no,no,telephone,may,tue,139,1,999,0,nonexistent,1.1,93.994,-36.4,4.856,5191.0,no
2264,38,blue-collar,married,basic.6y,no,yes,no,telephone,may,tue,147,1,999,0,nonexistent,1.1,93.994,-36.4,4.856,5191.0,no
2288,37,unknown,married,university.degree,no,no,yes,telephone,may,tue,249,3,999,0,nonexistent,1.1,93.994,-36.4,4.856,5191.0,no
2290,36,admin.,single,university.degree,no,no,yes,telephone,may,tue,138,1,999,0,nonexistent,1.1,93.994,-36.4,4.856,5191.0,no
2294,31,management,single,university.degree,no,no,no,telephone,may,tue,169,1,999,0,nonexistent,1.1,93.994,-36.4,4.856,5191.0,no
2296,26,admin.,married,high.school,unknown,no,no,telephone,may,tue,155,1,999,0,nonexistent,1.1,93.994,-36.4,4.856,5191.0,no
2301,34,entrepreneur,married,professional.course,no,yes,no,telephone,may,tue,53,1,999,0,nonexistent,1.1,93.994,-36.4,4.856,5191.0,no
2307,22,blue-collar,single,basic.6y,unknown,unknown,unknown,telephone,may,tue,270,1,999,0,nonexistent,1.1,93.994,-36.4,4.856,5191.0,no
2308,38,admin.,married,university.degree,no,unknown,unknown,telephone,may,tue,154,1,999,0,nonexistent,1.1,93.994,-36.4,4.856,5191.0,no
2321,42,housemaid,married,high.school,unknown,yes,no,telephone,may,tue,218,1,999,0,nonexistent,1.1,93.994,-36.4,4.856,5191.0,no
2323,48,admin.,divorced,high.school,no,no,yes,telephone,may,tue,284,2,999,0,nonexistent,1.1,93.994,-36.4,4.856,5191.0,no
2328,58,retired,married,unknown,no,unknown,unknown,telephone,may,tue,174,1,999,0,nonexistent,1.1,93.994,-36.4,4.856,5191.0,no
2330,54,management,divorced,university.degree,no,yes,no,telephone,may,tue,62,3,999,0,nonexistent,1.1,93.994,-36.4,4.856,5191.0,no
2354,44,technician,married,professional.course,unknown,yes,no,telephone,may,tue,245,1,999,0,nonexistent,1.1,93.994,-36.4,4.856,5191.0,no
2374,56,entrepreneur,married,university.degree,no,no,no,telephone,may,tue,98,1,999,0,nonexistent,1.1,93.994,-36.4,4.856,5191.0,no
2376,37,technician,single,basic.9y,unknown,no,no,telephone,may,tue,83,1,999,0,nonexistent,1.1,93.994,-36.4,4.856,5191.0,no
2377,39,blue-collar,married,high.school,no,yes,no,telephone,may,tue,67,1,999,0,nonexistent,1.1,93.994,-36.4,4.856,5191.0,no
2382,42,technician,single,unknown,no,no,no,telephone,may,tue,27,1,999,0,nonexistent,1.1,93.994,-36.4,4.856,5191.0,no
2396,36,admin.,married,high.school,unknown,no,no,telephone,may,tue,21,1,999,0,nonexistent,1.1,93.994,-36.4,4.856,5191.0,no
2399,41,technician,married,professional.course,no,no,no,telephone,may,tue,92,1,999,0,nonexistent,1.1,93.994,-36.4,4.856,5191.0,no
2401,45,admin.,single,university.degree,no,no,yes,telephone,may,tue,766,1,999,0,nonexistent,1.1,93.994,-36.4,4.856,5191.0,no
2408,42,blue-collar,married,basic.4y,no,no,no,telephone,may,tue,135,1,999,0,nonexistent,1.1,93.994,-36.4,4.856,5191.0,no
2413,47,admin.,married,high.school,unknown,yes,no,telephone,may,tue,139,1,999,0,nonexistent,1.1,93.994,-36.4,4.856,5191.0,no
2431,55,retired,married,basic.4y,unknown,yes,no,telephone,may,tue,129,1,999,0,nonexistent,1.1,93.994,-36.4,4.856,5191.0,no
2434,50,services,married,unknown,unknown,no,no,telephone,may,tue,521,1,999,0,nonexistent,1.1,93.994,-36.4,4.856,5191.0,no
2454,28,admin.,single,unknown,no,no,no,telephone,may,tue,109,2,999,0,nonexistent,1.1,93.994,-36.4,4.856,5191.0,no
2455,54,blue-collar,married,basic.4y,unknown,no,no,telephone,may,tue,853,1,999,0,nonexistent,1.1,93.994,-36.4,4.856,5191.0,no
2456,58,retired,married,professional.course,unknown,no,yes,telephone,may,tue,518,1,999,0,nonexistent,1.1,93.994,-36.4,4.856,5191.0,no
2464,58,unknown,married,basic.4y,no,no,yes,telephone,may,tue,295,3,999,0,nonexistent,1.1,93.994,-36.4,4.856,5191.0,no
2474,36,admin.,married,high.school,no,no,no,telephone,may,tue,753,6,999,0,nonexistent,1.1,93.994,-36.4,4.856,5191.0,yes
2476,51,blue-collar,married,basic.4y,unknown,no,no,telephone,may,tue,708,2,999,0,nonexistent,1.1,93.994,-36.4,4.856,5191.0,no
2483,47,management,married,basic.4y,unknown,yes,no,telephone,may,tue,805,2,999,0,nonexistent,1.1,93.994,-36.4,4.856,5191.0,no
2485,27,blue-collar,married,basic.4y,unknown,no,no,telephone,may,tue,19,9,999,0,nonexistent,1.1,93.994,-36.4,4.856,5191.0,no
2500,50,housemaid,single,unknown,no,yes,no,telephone,may,tue,473,1,999,0,nonexistent,1.1,93.994,-36.4,4.856,5191.0,no
2504,32,admin.,married,university.degree,no,yes,no,telephone,may,tue,93,2,999,0,nonexistent,1.1,93.994,-36.4,4.856,5191.0,no
2515,45,admin.,married,basic.9y,no,yes,no,telephone,may,tue,29,1,999,0,nonexistent,1.1,93.994,-36.4,4.856,5191.0,no
2516,47,technician,married,basic.9y,no,yes,no,telephone,may,tue,271,1,999,0,nonexistent,1.1,93.994,-36.4,4.856,5191.0,no
2526,45,blue-collar,married,basic.4y,no,unknown,unknown,telephone,may,tue,93,1,999,0,nonexistent,1.1,93.994,-36.4,4.856,5191.0,no
2531,39,services,married,high.school,no,no,no,telephone,may,tue,342,2,999,0,nonexistent,1.1,93.994,-36.4,4.856,5191.0,no
2544,56,unemployed,married,basic.9y,unknown,no,yes,telephone,may,tue,43,2,999,0,nonexistent,1.1,93.994,-36.4,4.856,5191.0,no
2565,37,technician,married,professional.course,no,no,no,telephone,may,tue,34,4,999,0,nonexistent,1.1,93.994,-36.4,4.856,5191.0,no
2569,30,admin.,single,high.school,no,no,no,telephone,may,tue,315,3,999,0,nonexistent,1.1,93.994,-36.4,4.856,5191.0,no
2574,35,services,married,high.school,no,no,no,telephone,may,tue,159,2,999,0,nonexistent,1.1,93.994,-36.4,4.856,5191.0,no
2578,36,technician,married,university.degree,no,no,no,telephone,may,tue,309,2,999,0,nonexistent,1.1,93.994,-36.4,4.856,5191.0,no
2579,39,blue-collar,married,basic.6y,no,yes,no,telephone,may,tue,163,2,999,0,nonexistent,1.1,93.994,-36.4,4.856,5191.0,no
2580,58,admin.,married,basic.6y,no,yes,no,telephone,may,tue,210,3,999,0,nonexistent,1.1,93.994,-36.4,4.856,5191.0,no
2592,58,entrepreneur,married,university.degree,unknown,no,no,telephone,may,tue,437,2,999,0,nonexistent,1.1,93.994,-36.4,4.856,5191.0,no
2597,46,blue-collar,married,basic.4y,unknown,yes,no,telephone,may,tue,566,2,999,0,nonexistent,1.1,93.994,-36.4,4.856,5191.0,no
2601,36,services,married,high.school,no,no,no,telephone,may,tue,168,2,999,0,nonexistent,1.1,93.994,-36.4,4.856,5191.0,no
2603,40,entrepreneur,married,university.degree,unknown,yes,no,telephone,may,tue,291,2,999,0,nonexistent,1.1,93.994,-36.4,4.856,5191.0,no
2607,49,services,married,high.school,no,no,yes,telephone,may,tue,151,2,999,0,nonexistent,1.1,93.994,-36.4,4.856,5191.0,no
2609,37,blue-collar,married,high.school,no,no,no,telephone,may,tue,64,2,999,0,nonexistent,1.1,93.994,-36.4,4.856,5191.0,no
2624,45,services,single,professional.course,unknown,unknown,unknown,telephone,may,tue,271,2,999,0,nonexistent,1.1,93.994,-36.4,4.856,5191.0,no
2640,36,entrepreneur,married,basic.6y,no,yes,no,telephone,may,tue,284,2,999,0,nonexistent,1.1,93.994,-36.4,4.856,5191.0,no
2653,39,admin.,married,university.degree,no,no,no,telephone,may,tue,109,4,999,0,nonexistent,1.1,93.994,-36.4,4.856,5191.0,no
2680,46,management,married,university.degree,no,no,yes,telephone,may,wed,103,6,999,0,nonexistent,1.1,93.994,-36.4,4.859,5191.0,no
2706,28,blue-collar,married,basic.9y,no,yes,no,telephone,may,wed,282,1,999,0,nonexistent,1.1,93.994,-36.4,4.859,5191.0,no
2709,31,blue-collar,single,basic.9y,no,no,no,telephone,may,wed,220,1,999,0,nonexistent,1.1,93.994,-36.4,4.859,5191.0,no
2713,39,technician,married,university.degree,unknown,no,no,telephone,may,wed,202,2,999,0,nonexistent,1.1,93.994,-36.4,4.859,5191.0,no
2719,32,blue-collar,married,basic.9y,no,no,no,telephone,may,wed,170,1,999,0,nonexistent,1.1,93.994,-36.4,4.859,5191.0,no
2720,41,blue-collar,married,basic.4y,no,no,no,telephone,may,wed,142,1,999,0,nonexistent,1.1,93.994,-36.4,4.859,5191.0,no
2728,44,blue-collar,married,basic.4y,unknown,no,yes,telephone,may,wed,218,2,999,0,nonexistent,1.1,93.994,-36.4,4.859,5191.0,no
2739,43,services,married,high.school,no,no,no,telephone,may,wed,124,1,999,0,nonexistent,1.1,93.994,-36.4,4.859,5191.0,no
2746,50,admin.,married,university.degree,no,yes,no,telephone,may,wed,686,1,999,0,nonexistent,1.1,93.994,-36.4,4.859,5191.0,no
2757,36,admin.,married,university.degree,unknown,yes,no,telephone,may,wed,136,2,999,0,nonexistent,1.1,93.994,-36.4,4.859,5191.0,no
2772,54,blue-collar,married,basic.9y,unknown,yes,no,telephone,may,wed,166,1,999,0,nonexistent,1.1,93.994,-36.4,4.859,5191.0,no
2775,54,blue-collar,married,basic.9y,no,no,no,telephone,may,wed,452,2,999,0,nonexistent,1.1,93.994,-36.4,4.859,5191.0,no
2787,45,services,married,high.school,unknown,no,no,telephone,may,wed,156,1,999,0,nonexistent,1.1,93.994,-36.4,4.859,5191.0,no
2793,26,services,single,high.school,no,no,no,telephone,may,wed,461,1,999,0,nonexistent,1.1,93.994,-36.4,4.859,5191.0,no
2805,41,housemaid,married,basic.6y,no,no,no,telephone,may,wed,77,1,999,0,nonexistent,1.1,93.994,-36.4,4.859,5191.0,no
2817,56,unemployed,divorced,high.school,no,yes,no,telephone,may,wed,267,1,999,0,nonexistent,1.1,93.994,-36.4,4.859,5191.0,no
2821,51,management,married,basic.4y,no,no,no,telephone,may,wed,216,1,999,0,nonexistent,1.1,93.994,-36.4,4.859,5191.0,no
2824,28,services,single,high.school,no,no,no,telephone,may,wed,322,1,999,0,nonexistent,1.1,93.994,-36.4,4.859,5191.0,no
2834,56,blue-collar,married,basic.9y,unknown,no,no,telephone,may,wed,247,2,999,0,nonexistent,1.1,93.994,-36.4,4.859,5191.0,no
2835,35,unknown,married,basic.9y,no,no,no,telephone,may,wed,89,1,999,0,nonexistent,1.1,93.994,-36.4,4.859,5191.0,no
2842,29,blue-collar,married,professional.course,no,yes,no,telephone,may,wed,749,2,999,0,nonexistent,1.1,93.994,-36.4,4.859,5191.0,no
2844,34,blue-collar,married,high.school,no,no,no,telephone,may,wed,407,2,999,0,nonexistent,1.1,93.994,-36.4,4.859,5191.0,no
2850,39,blue-collar,married,basic.6y,no,no,no,telephone,may,wed,413,2,999,0,nonexistent,1.1,93.994,-36.4,4.859,5191.0,no
2852,41,entrepreneur,married,basic.4y,no,no,no,telephone,may,wed,109,1,999,0,nonexistent,1.1,93.994,-36.4,4.859,5191.0,no
2866,35,blue-collar,single,basic.6y,unknown,yes,no,telephone,may,wed,784,1,999,0,nonexistent,1.1,93.994,-36.4,4.859,5191.0,no
2869,36,technician,married,professional.course,no,yes,no,telephone,may,wed,160,2,999,0,nonexistent,1.1,93.994,-36.4,4.859,5191.0,no
2874,38,technician,married,professional.course,unknown,yes,no,telephone,may,wed,157,1,999,0,nonexistent,1.1,93.994,-36.4,4.859,5191.0,no
2875,28,entrepreneur,married,basic.4y,unknown,yes,no,telephone,may,wed,143,1,999,0,nonexistent,1.1,93.994,-36.4,4.859,5191.0,no
2888,24,services,single,high.school,no,yes,no,telephone,may,wed,977,1,999,0,nonexistent,1.1,93.994,-36.4,4.859,5191.0,no
2899,45,blue-collar,married,basic.9y,unknown,no,no,telephone,may,wed,22,4,999,0,nonexistent,1.1,93.994,-36.4,4.859,5191.0,no
2910,30,services,married,high.school,unknown,no,no,telephone,may,wed,48,1,999,0,nonexistent,1.1,93.994,-36.4,4.859,5191.0,no
2940,40,blue-collar,married,basic.4y,unknown,no,no,telephone,may,wed,267,7,999,0,nonexistent,1.1,93.994,-36.4,4.859,5191.0,no
2957,33,blue-collar,married,high.school,no,yes,no,telephone,may,wed,183,4,999,0,nonexistent,1.1,93.994,-36.4,4.859,5191.0,no
2965,52,admin.,single,basic.9y,no,no,no,telephone,may,wed,264,2,999,0,nonexistent,1.1,93.994,-36.4,4.859,5191.0,no
2986,34,entrepreneur,married,high.school,unknown,no,no,telephone,may,wed,436,1,999,0,nonexistent,1.1,93.994,-36.4,4.859,5191.0,no
2996,33,self-employed,married,basic.9y,no,yes,no,telephone,may,wed,21,11,999,0,nonexistent,1.1,93.994,-36.4,4.859,5191.0,no
3000,42,blue-collar,married,basic.4y,no,yes,yes,telephone,may,wed,97,5,999,0,nonexistent,1.1,93.994,-36.4,4.859,5191.0,no
3003,36,blue-collar,married,basic.9y,no,no,no,telephone,may,wed,360,2,999,0,nonexistent,1.1,93.994,-36.4,4.859,5191.0,no
3009,46,blue-collar,married,basic.9y,unknown,no,no,telephone,may,wed,274,2,999,0,nonexistent,1.1,93.994,-36.4,4.859,5191.0,no
3010,49,blue-collar,married,basic.4y,unknown,no,no,telephone,may,wed,154,2,999,0,nonexistent,1.1,93.994,-36.4,4.859,5191.0,no
3014,51,self-employed,married,basic.4y,unknown,no,yes,telephone,may,wed,91,7,999,0,nonexistent,1.1,93.994,-36.4,4.859,5191.0,no
3015,55,admin.,married,high.school,no,yes,no,telephone,may,wed,133,4,999,0,nonexistent,1.1,93.994,-36.4,4.859,5191.0,no
3020,30,admin.,married,university.degree,no,yes,no,telephone,may,wed,303,4,999,0,nonexistent,1.1,93.994,-36.4,4.859,5191.0,no
3027,28,blue-collar,married,basic.6y,no,yes,yes,telephone,may,wed,482,2,999,0,nonexistent,1.1,93.994,-36.4,4.859,5191.0,no
3031,28,student,married,university.degree,no,no,no,telephone,may,wed,225,2,999,0,nonexistent,1.1,93.994,-36.4,4.859,5191.0,no
3040,41,admin.,married,high.school,no,no,no,telephone,may,wed,254,2,999,0,nonexistent,1.1,93.994,-36.4,4.859,5191.0,no
3054,46,blue-collar,married,basic.9y,unknown,no,yes,telephone,may,wed,227,4,999,0,nonexistent,1.1,93.994,-36.4,4.859,5191.0,no
3059,43,technician,divorced,basic.9y,no,no,yes,telephone,may,wed,143,3,999,0,nonexistent,1.1,93.994,-36.4,4.859,5191.0,no
3080,29,admin.,single,high.school,no,yes,no,telephone,may,thu,362,3,999,0,nonexistent,1.1,93.994,-36.4,4.86,5191.0,no
3084,41,admin.,married,basic.6y,no,no,no,telephone,may,thu,1013,3,999,0,nonexistent,1.1,93.994,-36.4,4.86,5191.0,no
3085,35,blue-collar,married,unknown,no,yes,no,telephone,may,thu,76,7,999,0,nonexistent,1.1,93.994,-36.4,4.86,5191.0,no
3090,31,admin.,married,high.school,no,no,yes,telephone,may,thu,349,2,999,0,nonexistent,1.1,93.994,-36.4,4.86,5191.0,no
3094,38,management,married,basic.6y,unknown,yes,no,telephone,may,thu,243,1,999,0,nonexistent,1.1,93.994,-36.4,4.86,5191.0,no
3102,30,technician,divorced,professional.course,no,yes,no,telephone,may,thu,366,1,999,0,nonexistent,1.1,93.994,-36.4,4.86,5191.0,no
3106,56,blue-collar,married,basic.4y,unknown,yes,no,telephone,may,thu,12,3,999,0,nonexistent,1.1,93.994,-36.4,4.86,5191.0,no
3115,26,technician,married,professional.course,no,no,no,telephone,may,thu,260,1,999,0,nonexistent,1.1,93.994,-36.4,4.86,5191.0,no
3133,35,blue-collar,single,unknown,no,no,no,telephone,may,thu,104,1,999,0,nonexistent,1.1,93.994,-36.4,4.86,5191.0,no
3138,33,blue-collar,married,basic.6y,unknown,no,no,telephone,may,thu,305,1,999,0,nonexistent,1.1,93.994,-36.4,4.86,5191.0,no
3142,31,technician,married,professional.course,no,yes,no,telephone,may,thu,374,1,999,0,nonexistent,1.1,93.994,-36.4,4.86,5191.0,no
3145,34,blue-collar,single,basic.9y,no,no,no,telephone,may,thu,1088,2,999,0,nonexistent,1.1,93.994,-36.4,4.86,5191.0,no
3148,38,technician,married,professional.course,no,no,no,telephone,may,thu,436,1,999,0,nonexistent,1.1,93.994,-36.4,4.86,5191.0,no
3155,35,blue-collar,married,basic.9y,no,unknown,unknown,telephone,may,thu,34,1,999,0,nonexistent,1.1,93.994,-36.4,4.86,5191.0,no
3160,44,blue-collar,married,basic.4y,unknown,no,no,telephone,may,thu,139,2,999,0,nonexistent,1.1,93.994,-36.4,4.86,5191.0,no
3178,49,blue-collar,married,basic.9y,no,no,no,telephone,may,thu,1036,1,999,0,nonexistent,1.1,93.994,-36.4,4.86,5191.0,no
3190,34,admin.,single,high.school,no,yes,no,telephone,may,thu,168,5,999,0,nonexistent,1.1,93.994,-36.4,4.86,5191.0,no
3195,37,technician,single,university.degree,no,yes,no,telephone,may,thu,30,1,999,0,nonexistent,1.1,93.994,-36.4,4.86,5191.0,no
3200,46,entrepreneur,divorced,university.degree,no,no,no,telephone,may,thu,127,1,999,0,nonexistent,1.1,93.994,-36.4,4.86,5191.0,no
3202,57,blue-collar,married,unknown,unknown,yes,no,telephone,may,thu,106,1,999,0,nonexistent,1.1,93.994,-36.4,4.86,5191.0,no
3211,49,services,married,basic.6y,unknown,yes,no,telephone,may,thu,1165,1,999,0,nonexistent,1.1,93.994,-36.4,4.86,5191.0,no
3216,47,blue-collar,married,basic.4y,no,yes,no,telephone,may,thu,106,1,999,0,nonexistent,1.1,93.994,-36.4,4.86,5191.0,no
3218,44,blue-collar,married,basic.6y,unknown,no,no,telephone,may,thu,236,1,999,0,nonexistent,1.1,93.994,-36.4,4.86,5191.0,no
3226,40,unemployed,divorced,high.school,no,no,no,telephone,may,thu,101,1,999,0,nonexistent,1.1,93.994,-36.4,4.86,5191.0,no
3239,43,unemployed,married,university.degree,unknown,yes,no,telephone,may,thu,37,1,999,0,nonexistent,1.1,93.994,-36.4,4.86,5191.0,no
3246,27,services,single,high.school,unknown,no,no,telephone,may,thu,144,2,999,0,nonexistent,1.1,93.994,-36.4,4.86,5191.0,no
3251,53,retired,married,basic.4y,unknown,yes,no,telephone,may,thu,217,2,999,0,nonexistent,1.1,93.994,-36.4,4.86,5191.0,no
3253,36,blue-collar,single,basic.4y,no,no,no,telephone,may,thu,464,2,999,0,nonexistent,1.1,93.994,-36.4,4.86,5191.0,no
3254,36,technician,single,university.degree,no,no,no,telephone,may,thu,738,7,999,0,nonexistent,1.1,93.994,-36.4,4.86,5191.0,no
3266,55,retired,married,professional.course,no,yes,no,telephone,may,thu,301,1,999,0,nonexistent,1.1,93.994,-36.4,4.86,5191.0,no
3268,59,technician,married,unknown,no,yes,no,telephone,may,thu,30,1,999,0,nonexistent,1.1,93.994,-36.4,4.86,5191.0,no
3274,40,admin.,married,high.school,unknown,yes,no,telephone,may,thu,299,1,999,0,nonexistent,1.1,93.994,-36.4,4.86,5191.0,no
3279,36,admin.,divorced,university.degree,no,yes,no,telephone,may,thu,155,1,999,0,nonexistent,1.1,93.994,-36.4,4.86,5191.0,no
3281,35,blue-collar,single,professional.course,no,yes,no,telephone,may,thu,99,1,999,0,nonexistent,1.1,93.994,-36.4,4.86,5191.0,no
3294,45,entrepreneur,married,university.degree,no,no,no,telephone,may,thu,71,1,999,0,nonexistent,1.1,93.994,-36.4,4.86,5191.0,no
3301,36,blue-collar,married,basic.4y,no,no,no,telephone,may,thu,544,2,999,0,nonexistent,1.1,93.994,-36.4,4.86,5191.0,no
3307,53,blue-collar,married,basic.4y,no,no,no,telephone,may,thu,198,3,999,0,nonexistent,1.1,93.994,-36.4,4.86,5191.0,no
3314,31,housemaid,married,basic.4y,unknown,no,no,telephone,may,thu,196,2,999,0,nonexistent,1.1,93.994,-36.4,4.86,5191.0,no
3332,36,blue-collar,married,professional.course,no,yes,yes,telephone,may,thu,224,1,999,0,nonexistent,1.1,93.994,-36.4,4.86,5191.0,no
3340,36,technician,single,professional.course,no,yes,no,telephone,may,thu,238,1,999,0,nonexistent,1.1,93.994,-36.4,4.86,5191.0,no
3351,35,unemployed,married,basic.4y,unknown,unknown,unknown,telephone,may,thu,71,4,999,0,nonexistent,1.1,93.994,-36.4,4.86,5191.0,no
3357,25,blue-collar,single,basic.9y,unknown,yes,no,telephone,may,thu,323,1,999,0,nonexistent,1.1,93.994,-36.4,4.86,5191.0,no
3364,40,blue-collar,married,basic.9y,unknown,yes,no,telephone,may,thu,21,5,999,0,nonexistent,1.1,93.994,-36.4,4.86,5191.0,no
3387,26,blue-collar,single,basic.6y,no,no,yes,telephone,may,thu,160,1,999,0,nonexistent,1.1,93.994,-36.4,4.86,5191.0,no
3390,47,blue-collar,married,professional.course,unknown,no,yes,telephone,may,thu,964,2,999,0,nonexistent,1.1,93.994,-36.4,4.86,5191.0,no
3400,55,blue-collar,married,basic.4y,unknown,yes,no,telephone,may,thu,186,5,999,0,nonexistent,1.1,93.994,-36.4,4.86,5191.0,no
3406,39,entrepreneur,married,basic.9y,unknown,no,no,telephone,may,thu,192,3,999,0,nonexistent,1.1,93.994,-36.4,4.86,5191.0,no
3411,44,technician,married,professional.course,no,yes,no,telephone,may,thu,515,2,999,0,nonexistent,1.1,93.994,-36.4,4.86,5191.0,no
3435,54,admin.,married,high.school,no,yes,yes,telephone,may,thu,171,2,999,0,nonexistent,1.1,93.994,-36.4,4.86,5191.0,no
3445,38,technician,married,university.degree,no,yes,no,telephone,may,thu,770,2,999,0,nonexistent,1.1,93.994,-36.4,4.86,5191.0,no
3448,36,admin.,married,basic.6y,no,no,no,telephone,may,thu,114,1,999,0,nonexistent,1.1,93.994,-36.4,4.86,5191.0,no
3462,54,retired,divorced,professional.course,no,yes,no,telephone,may,thu,242,6,999,0,nonexistent,1.1,93.994,-36.4,4.86,5191.0,no
3470,36,admin.,divorced,university.degree,no,yes,no,telephone,may,thu,309,2,999,0,nonexistent,1.1,93.994,-36.4,4.86,5191.0,no
3485,59,technician,married,basic.6y,unknown,no,no,telephone,may,thu,24,16,999,0,nonexistent,1.1,93.994,-36.4,4.86,5191.0,no
3488,57,management,married,university.degree,no,yes,no,telephone,may,thu,278,4,999,0,nonexistent,1.1,93.994,-36.4,4.86,5191.0,no
3519,47,services,married,high.school,no,unknown,unknown,telephone,may,thu,178,2,999,0,nonexistent,1.1,93.994,-36.4,4.86,5191.0,no
3526,37,services,married,basic.9y,unknown,no,yes,telephone,may,fri,246,2,999,0,nonexistent,1.1,93.994,-36.4,4.859,5191.0,no
3537,42,admin.,married,unknown,no,no,no,telephone,may,fri,137,1,999,0,nonexistent,1.1,93.994,-36.4,4.859,5191.0,no
3558,26,admin.,single,high.school,no,yes,no,telephone,may,fri,448,2,999,0,nonexistent,1.1,93.994,-36.4,4.859,5191.0,no
3562,39,admin.,single,unknown,no,no,no,telephone,may,fri,212,1,999,0,nonexistent,1.1,93.994,-36.4,4.859,5191.0,no
3570,41,admin.,single,university.degree,unknown,no,no,telephone,may,fri,137,1,999,0,nonexistent,1.1,93.994,-36.4,4.859,5191.0,no
3577,45,technician,married,university.degree,no,yes,no,telephone,may,fri,1143,3,999,0,nonexistent,1.1,93.994,-36.4,4.859,5191.0,yes
3587,28,services,single,high.school,no,yes,no,telephone,may,fri,207,1,999,0,nonexistent,1.1,93.994,-36.4,4.859,5191.0,no
3601,41,blue-collar,married,basic.4y,unknown,no,no,telephone,may,fri,134,3,999,0,nonexistent,1.1,93.994,-36.4,4.859,5191.0,no
3606,54,blue-collar,divorced,unknown,unknown,yes,no,telephone,may,fri,370,1,999,0,nonexistent,1.1,93.994,-36.4,4.859,5191.0,no
3610,39,blue-collar,married,basic.4y,unknown,unknown,unknown,telephone,may,fri,84,1,999,0,nonexistent,1.1,93.994,-36.4,4.859,5191.0,no
3615,47,blue-collar,married,high.school,unknown,no,no,telephone,may,fri,140,1,999,0,nonexistent,1.1,93.994,-36.4,4.859,5191.0,no
3618,53,blue-collar,married,basic.9y,no,no,no,telephone,may,fri,130,2,999,0,nonexistent,1.1,93.994,-36.4,4.859,5191.0,no
3628,26,blue-collar,single,high.school,unknown,no,no,telephone,may,fri,96,2,999,0,nonexistent,1.1,93.994,-36.4,4.859,5191.0,no
3629,40,entrepreneur,married,university.degree,no,no,no,telephone,may,fri,803,1,999,0,nonexistent,1.1,93.994,-36.4,4.859,5191.0,yes
3630,44,blue-collar,divorced,basic.4y,unknown,yes,no,telephone,may,fri,225,4,999,0,nonexistent,1.1,93.994,-36.4,4.859,5191.0,no
3633,33,services,married,high.school,no,yes,no,telephone,may,fri,211,2,999,0,nonexistent,1.1,93.994,-36.4,4.859,5191.0,no
3645,29,entrepreneur,married,basic.6y,no,no,no,telephone,may,fri,217,2,999,0,nonexistent,1.1,93.994,-36.4,4.859,5191.0,no
3653,52,self-employed,single,basic.4y,unknown,yes,no,telephone,may,fri,362,22,999,0,nonexistent,1.1,93.994,-36.4,4.859,5191.0,no
3663,39,management,married,university.degree,no,no,no,telephone,may,fri,169,1,999,0,nonexistent,1.1,93.994,-36.4,4.859,5191.0,no
3670,32,services,married,high.school,no,no,yes,telephone,may,fri,270,1,999,0,nonexistent,1.1,93.994,-36.4,4.859,5191.0,no
3674,33,admin.,married,university.degree,no,yes,no,telephone,may,fri,576,1,999,0,nonexistent,1.1,93.994,-36.4,4.859,5191.0,no
3691,56,blue-collar,married,basic.4y,unknown,yes,no,telephone,may,fri,197,1,999,0,nonexistent,1.1,93.994,-36.4,4.859,5191.0,no
3710,40,blue-collar,married,basic.4y,unknown,no,no,telephone,may,fri,215,1,999,0,nonexistent,1.1,93.994,-36.4,4.859,5191.0,no
3716,24,admin.,married,high.school,no,yes,no,telephone,may,fri,376,2,999,0,nonexistent,1.1,93.994,-36.4,4.859,5191.0,no
3717,44,blue-collar,divorced,basic.4y,unknown,yes,yes,telephone,may,fri,393,2,999,0,nonexistent,1.1,93.994,-36.4,4.859,5191.0,no
3733,35,technician,married,basic.9y,no,no,no,telephone,may,fri,433,1,999,0,nonexistent,1.1,93.994,-36.4,4.859,5191.0,no
3738,31,admin.,married,basic.9y,unknown,yes,no,telephone,may,fri,199,4,999,0,nonexistent,1.1,93.994,-36.4,4.859,5191.0,no
3756,31,technician,married,university.degree,no,no,no,telephone,may,fri,94,1,999,0,nonexistent,1.1,93.994,-36.4,4.859,5191.0,no
3783,41,housemaid,married,university.degree,unknown,no,no,telephone,may,fri,104,1,999,0,nonexistent,1.1,93.994,-36.4,4.859,5191.0,no
3788,34,admin.,married,high.school,no,yes,yes,telephone,may,fri,180,1,999,0,nonexistent,1.1,93.994,-36.4,4.859,5191.0,no
3796,42,retired,married,basic.9y,unknown,no,no,telephone,may,fri,698,1,999,0,nonexistent,1.1,93.994,-36.4,4.859,5191.0,no
3798,30,admin.,married,university.degree,no,yes,no,telephone,may,fri,355,2,999,0,nonexistent,1.1,93.994,-36.4,4.859,5191.0,no
3808,28,admin.,single,university.degree,no,yes,no,telephone,may,fri,1128,3,999,0,nonexistent,1.1,93.994,-36.4,4.859,5191.0,no
3828,41,blue-collar,married,high.school,no,yes,no,telephone,may,fri,293,3,999,0,nonexistent,1.1,93.994,-36.4,4.859,5191.0,no
3834,37,services,married,high.school,no,no,no,telephone,may,fri,680,3,999,0,nonexistent,1.1,93.994,-36.4,4.859,5191.0,no
3837,48,technician,married,high.school,no,no,no,telephone,may,fri,251,3,999,0,nonexistent,1.1,93.994,-36.4,4.859,5191.0,no
3874,24,student,single,university.degree,no,yes,yes,telephone,may,fri,65,3,999,0,nonexistent,1.1,93.994,-36.4,4.859,5191.0,no
3875,35,blue-collar,married,basic.4y,no,yes,no,telephone,may,fri,237,3,999,0,nonexistent,1.1,93.994,-36.4,4.859,5191.0,no
3880,43,blue-collar,married,unknown,unknown,no,no,telephone,may,fri,512,6,999,0,nonexistent,1.1,93.994,-36.4,4.859,5191.0,no
3893,51,blue-collar,married,basic.4y,no,no,yes,telephone,may,fri,1187,4,999,0,nonexistent,1.1,93.994,-36.4,4.859,5191.0,no
3902,39,self-employed,married,basic.4y,unknown,no,no,telephone,may,mon,179,4,999,0,nonexistent,1.1,93.994,-36.4,4.858,5191.0,no
3913,39,entrepreneur,divorced,university.degree,no,yes,no,telephone,may,mon,219,2,999,0,nonexistent,1.1,93.994,-36.4,4.858,5191.0,no
3932,32,admin.,single,professional.course,no,no,no,telephone,may,mon,131,1,999,0,nonexistent,1.1,93.994,-36.4,4.858,5191.0,no
3933,47,management,married,basic.4y,unknown,yes,no,telephone,may,mon,219,1,999,0,nonexistent,1.1,93.994,-36.4,4.858,5191.0,no
3934,38,blue-collar,married,basic.9y,no,yes,yes,telephone,may,mon,468,1,999,0,nonexistent,1.1,93.994,-36.4,4.858,5191.0,no
3940,47,management,married,basic.4y,unknown,no,no,telephone,may,mon,882,1,999,0,nonexistent,1.1,93.994,-36.4,4.858,5191.0,yes
3941,44,blue-collar,divorced,basic.6y,no,no,no,telephone,may,mon,380,1,999,0,nonexistent,1.1,93.994,-36.4,4.858,5191.0,no
3948,48,admin.,married,high.school,no,yes,no,telephone,may,mon,218,1,999,0,nonexistent,1.1,93.994,-36.4,4.858,5191.0,no
3952,49,management,married,university.degree,no,no,no,telephone,may,mon,27,1,999,0,nonexistent,1.1,93.994,-36.4,4.858,5191.0,no
3958,51,blue-collar,married,basic.9y,unknown,no,no,telephone,may,mon,289,1,999,0,nonexistent,1.1,93.994,-36.4,4.858,5191.0,no
3961,54,blue-collar,married,basic.4y,unknown,yes,yes,telephone,may,mon,351,1,999,0,nonexistent,1.1,93.994,-36.4,4.858,5191.0,no
3988,31,technician,married,university.degree,no,no,no,telephone,may,mon,95,1,999,0,nonexistent,1.1,93.994,-36.4,4.858,5191.0,no
3990,42,blue-collar,married,basic.4y,no,yes,no,telephone,may,mon,798,1,999,0,nonexistent,1.1,93.994,-36.4,4.858,5191.0,no
4008,29,management,single,university.degree,no,yes,yes,telephone,may,mon,122,2,999,0,nonexistent,1.1,93.994,-36.4,4.858,5191.0,no
4009,41,blue-collar,married,basic.9y,no,no,no,telephone,may,mon,198,1,999,0,nonexistent,1.1,93.994,-36.4,4.858,5191.0,no
4016,59,retired,married,basic.9y,unknown,no,no,telephone,may,mon,211,2,999,0,nonexistent,1.1,93.994,-36.4,4.858,5191.0,no
4042,28,self-employed,single,basic.9y,no,no,no,telephone,may,mon,174,2,999,0,nonexistent,1.1,93.994,-36.4,4.858,5191.0,no
4049,25,self-employed,single,university.degree,no,no,no,telephone,may,mon,105,1,999,0,nonexistent,1.1,93.994,-36.4,4.858,5191.0,no
4056,59,technician,married,university.degree,unknown,unknown,unknown,telephone,may,mon,123,1,999,0,nonexistent,1.1,93.994,-36.4,4.858,5191.0,no
4061,25,blue-collar,married,basic.4y,no,no,no,telephone,may,mon,480,1,999,0,nonexistent,1.1,93.994,-36.4,4.858,5191.0,no
4079,48,admin.,married,basic.9y,unknown,no,yes,telephone,may,mon,70,1,999,0,nonexistent,1.1,93.994,-36.4,4.858,5191.0,no
4081,26,admin.,married,high.school,no,no,yes,telephone,may,mon,346,1,999,0,nonexistent,1.1,93.994,-36.4,4.858,5191.0,no
4097,39,blue-collar,married,basic.4y,unknown,yes,no,telephone,may,mon,335,3,999,0,nonexistent,1.1,93.994,-36.4,4.858,5191.0,no
4105,32,technician,single,basic.9y,no,yes,no,telephone,may,mon,194,3,999,0,nonexistent,1.1,93.994,-36.4,4.858,5191.0,no
4107,41,blue-collar,divorced,basic.9y,no,no,no,telephone,may,mon,53,1,999,0,nonexistent,1.1,93.994,-36.4,4.858,5191.0,no
4110,29,technician,single,university.degree,no,unknown,unknown,telephone,may,mon,104,1,999,0,nonexistent,1.1,93.994,-36.4,4.858,5191.0,no
4115,52,entrepreneur,married,university.degree,no,no,no,telephone,may,mon,44,39,999,0,nonexistent,1.1,93.994,-36.4,4.858,5191.0,no
4120,34,admin.,married,university.degree,no,no,no,telephone,may,mon,349,2,999,0,nonexistent,1.1,93.994,-36.4,4.858,5191.0,no
4124,29,technician,single,university.degree,no,unknown,unknown,telephone,may,mon,147,1,999,0,nonexistent,1.1,93.994,-36.4,4.858,5191.0,no
4141,35,admin.,single,university.degree,no,no,no,telephone,may,mon,234,13,999,0,nonexistent,1.1,93.994,-36.4,4.858,5191.0,no
4148,34,blue-collar,married,professional.course,no,yes,no,telephone,may,mon,210,2,999,0,nonexistent,1.1,93.994,-36.4,4.858,5191.0,no
4149,24,admin.,single,high.school,no,yes,no,telephone,may,mon,243,6,999,0,nonexistent,1.1,93.994,-36.4,4.858,5191.0,no
4158,55,entrepreneur,divorced,university.degree,no,yes,yes,telephone,may,mon,86,7,999,0,nonexistent,1.1,93.994,-36.4,4.858,5191.0,no
4159,38,admin.,divorced,high.school,no,no,no,telephone,may,mon,160,2,999,0,nonexistent,1.1,93.994,-36.4,4.858,5191.0,no
4163,49,technician,married,professional.course,unknown,yes,no,telephone,may,mon,95,5,999,0,nonexistent,1.1,93.994,-36.4,4.858,5191.0,no
4170,51,services,married,professional.course,unknown,no,no,telephone,may,mon,158,5,999,0,nonexistent,1.1,93.994,-36.4,4.858,5191.0,no
4180,27,services,married,professional.course,no,yes,no,telephone,may,mon,283,3,999,0,nonexistent,1.1,93.994,-36.4,4.858,5191.0,no
4182,43,technician,single,professional.course,no,yes,no,telephone,may,mon,138,8,999,0,nonexistent,1.1,93.994,-36.4,4.858,5191.0,no
4185,38,technician,single,professional.course,no,no,no,telephone,may,mon,147,2,999,0,nonexistent,1.1,93.994,-36.4,4.858,5191.0,no
4187,31,technician,married,basic.9y,unknown,yes,no,telephone,may,mon,179,9,999,0,nonexistent,1.1,93.994,-36.4,4.858,5191.0,no
4196,46,blue-collar,married,basic.9y,unknown,no,no,telephone,may,mon,886,3,999,0,nonexistent,1.1,93.994,-36.4,4.858,5191.0,no
4206,47,blue-collar,married,basic.4y,no,yes,no,telephone,may,mon,622,2,999,0,nonexistent,1.1,93.994,-36.4,4.858,5191.0,no
4209,49,self-employed,single,basic.9y,no,no,no,telephone,may,mon,58,10,999,0,nonexistent,1.1,93.994,-36.4,4.858,5191.0,no
4224,40,blue-collar,married,basic.9y,unknown,no,no,telephone,may,tue,59,1,999,0,nonexistent,1.1,93.994,-36.4,4.856,5191.0,no
4227,36,blue-collar,married,basic.9y,no,yes,no,telephone,may,tue,257,1,999,0,nonexistent,1.1,93.994,-36.4,4.856,5191.0,no
4230,53,technician,divorced,professional.course,no,no,no,telephone,may,tue,249,1,999,0,nonexistent,1.1,93.994,-36.4,4.856,5191.0,no
4234,54,technician,single,university.degree,unknown,unknown,unknown,telephone,may,tue,686,1,999,0,nonexistent,1.1,93.994,-36.4,4.856,5191.0,no
4236,40,admin.,married,basic.9y,no,no,no,telephone,may,tue,224,1,999,0,nonexistent,1.1,93.994,-36.4,4.856,5191.0,no
4240,35,student,single,university.degree,unknown,yes,no,telephone,may,tue,280,1,999,0,nonexistent,1.1,93.994,-36.4,4.856,5191.0,no
4249,49,blue-collar,married,unknown,unknown,yes,no,telephone,may,tue,171,1,999,0,nonexistent,1.1,93.994,-36.4,4.856,5191.0,no
4255,50,blue-collar,married,basic.4y,no,yes,no,telephone,may,tue,206,1,999,0,nonexistent,1.1,93.994,-36.4,4.856,5191.0,no
4257,45,admin.,married,unknown,no,no,no,telephone,may,tue,79,1,999,0,nonexistent,1.1,93.994,-36.4,4.856,5191.0,no
4259,25,management,single,basic.4y,no,no,no,telephone,may,tue,186,4,999,0,nonexistent,1.1,93.994,-36.4,4.856,5191.0,no
4274,33,technician,married,high.school,no,no,no,telephone,may,tue,168,1,999,0,nonexistent,1.1,93.994,-36.4,4.856,5191.0,no
4285,58,blue-collar,married,unknown,no,yes,no,telephone,may,tue,38,1,999,0,nonexistent,1.1,93.994,-36.4,4.856,5191.0,no
4302,46,blue-collar,married,basic.9y,no,no,yes,telephone,may,tue,394,1,999,0,nonexistent,1.1,93.994,-36.4,4.856,5191.0,no
4338,35,technician,married,professional.course,no,no,no,telephone,may,tue,215,2,999,0,nonexistent,1.1,93.994,-36.4,4.856,5191.0,no
4342,43,admin.,married,high.school,no,yes,no,telephone,may,tue,360,6,999,0,nonexistent,1.1,93.994,-36.4,4.856,5191.0,no
4344,38,blue-collar,divorced,unknown,unknown,unknown,unknown,telephone,may,tue,81,2,999,0,nonexistent,1.1,93.994,-36.4,4.856,5191.0,no
4347,36,services,single,unknown,no,no,no,telephone,may,tue,137,1,999,0,nonexistent,1.1,93.994,-36.4,4.856,5191.0,no
4350,36,admin.,divorced,high.school,no,no,no,telephone,may,tue,138,4,999,0,nonexistent,1.1,93.994,-36.4,4.856,5191.0,no
4352,34,services,married,high.school,unknown,yes,no,telephone,may,tue,309,1,999,0,nonexistent,1.1,93.994,-36.4,4.856,5191.0,no
4362,59,technician,married,university.degree,unknown,no,no,telephone,may,tue,126,3,999,0,nonexistent,1.1,93.994,-36.4,4.856,5191.0,no
4371,49,blue-collar,married,basic.9y,no,no,no,telephone,may,tue,199,4,999,0,nonexistent,1.1,93.994,-36.4,4.856,5191.0,no
4378,42,blue-collar,married,basic.6y,no,yes,no,telephone,may,tue,189,1,999,0,nonexistent,1.1,93.994,-36.4,4.856,5191.0,no
4381,43,technician,single,university.degree,no,no,no,telephone,may,tue,24,1,999,0,nonexistent,1.1,93.994,-36.4,4.856,5191.0,no
4389,22,blue-collar,single,basic.9y,no,yes,no,telephone,may,tue,396,1,999,0,nonexistent,1.1,93.994,-36.4,4.856,5191.0,no
4396,49,entrepreneur,married,basic.4y,unknown,yes,yes,telephone,may,tue,222,2,999,0,nonexistent,1.1,93.994,-36.4,4.856,5191.0,no
4398,34,services,married,high.school,unknown,no,no,telephone,may,tue,1313,2,999,0,nonexistent,1.1,93.994,-36.4,4.856,5191.0,no
4408,57,blue-collar,divorced,professional.course,no,yes,no,telephone,may,tue,211,2,999,0,nonexistent,1.1,93.994,-36.4,4.856,5191.0,no
4417,28,blue-collar,married,basic.6y,unknown,yes,no,telephone,may,tue,152,2,999,0,nonexistent,1.1,93.994,-36.4,4.856,5191.0,no
4419,37,services,single,high.school,no,yes,no,telephone,may,tue,227,9,999,0,nonexistent,1.1,93.994,-36.4,4.856,5191.0,no
4430,41,management,married,university.degree,no,yes,no,telephone,may,tue,182,1,999,0,nonexistent,1.1,93.994,-36.4,4.856,5191.0,no
4431,31,technician,married,professional.course,no,no,no,telephone,may,tue,296,1,999,0,nonexistent,1.1,93.994,-36.4,4.856,5191.0,no
4437,31,entrepreneur,married,basic.9y,no,no,no,telephone,may,tue,359,2,999,0,nonexistent,1.1,93.994,-36.4,4.856,5191.0,no
4438,45,self-employed,married,basic.4y,unknown,yes,no,telephone,may,tue,332,2,999,0,nonexistent,1.1,93.994,-36.4,4.856,5191.0,no
4440,51,retired,married,basic.9y,no,no,no,telephone,may,tue,166,1,999,0,nonexistent,1.1,93.994,-36.4,4.856,5191.0,no
4442,48,self-employed,married,university.degree,unknown,no,no,telephone,may,tue,138,8,999,0,nonexistent,1.1,93.994,-36.4,4.856,5191.0,no
4444,44,services,married,high.school,no,unknown,unknown,telephone,may,tue,158,1,999,0,nonexistent,1.1,93.994,-36.4,4.856,5191.0,no
4446,35,blue-collar,divorced,basic.9y,no,no,yes,telephone,may,tue,131,1,999,0,nonexistent,1.1,93.994,-36.4,4.856,5191.0,no
4461,42,blue-collar,married,basic.4y,unknown,yes,no,telephone,may,tue,78,2,999,0,nonexistent,1.1,93.994,-36.4,4.856,5191.0,no
4468,57,retired,single,professional.course,no,no,no,telephone,may,tue,249,3,999,0,nonexistent,1.1,93.994,-36.4,4.856,5191.0,no
4469,42,blue-collar,married,basic.9y,unknown,yes,no,telephone,may,tue,163,2,999,0,nonexistent,1.1,93.994,-36.4,4.856,5191.0,no
4473,40,admin.,single,university.degree,no,no,no,telephone,may,tue,145,2,999,0,nonexistent,1.1,93.994,-36.4,4.856,5191.0,no
4490,32,admin.,married,university.degree,no,no,yes,telephone,may,tue,175,3,999,0,nonexistent,1.1,93.994,-36.4,4.856,5191.0,no
4499,34,blue-collar,married,basic.4y,no,no,yes,telephone,may,tue,289,3,999,0,nonexistent,1.1,93.994,-36.4,4.856,5191.0,no
4505,42,blue-collar,married,basic.6y,no,yes,yes,telephone,may,tue,99,1,999,0,nonexistent,1.1,93.994,-36.4,4.856,5191.0,no
4515,27,admin.,married,high.school,no,yes,no,telephone,may,tue,210,2,999,0,nonexistent,1.1,93.994,-36.4,4.856,5191.0,no
4517,37,technician,married,professional.course,no,yes,no,telephone,may,tue,657,1,999,0,nonexistent,1.1,93.994,-36.4,4.856,5191.0,no
4519,36,technician,divorced,university.degree,unknown,yes,no,telephone,may,tue,147,2,999,0,nonexistent,1.1,93.994,-36.4,4.856,5191.0,no
4536,45,unemployed,married,university.degree,no,no,no,telephone,may,tue,550,2,999,0,nonexistent,1.1,93.994,-36.4,4.856,5191.0,no
4540,55,admin.,married,high.school,no,no,no,telephone,may,tue,239,2,999,0,nonexistent,1.1,93.994,-36.4,4.856,5191.0,no
4550,38,technician,single,university.degree,no,yes,no,telephone,may,tue,446,12,999,0,nonexistent,1.1,93.994,-36.4,4.856,5191.0,no
4554,24,admin.,single,high.school,no,no,no,telephone,may,tue,172,4,999,0,nonexistent,1.1,93.994,-36.4,4.856,5191.0,no
4561,32,entrepreneur,married,basic.6y,no,no,no,telephone,may,tue,465,8,999,0,nonexistent,1.1,93.994,-36.4,4.856,5191.0,no
4578,39,blue-collar,married,basic.9y,no,yes,no,telephone,may,tue,484,2,999,0,nonexistent,1.1,93.994,-36.4,4.856,5191.0,no
4579,33,admin.,single,professional.course,no,no,no,telephone,may,tue,485,3,999,0,nonexistent,1.1,93.994,-36.4,4.856,5191.0,no
4580,46,blue-collar,married,basic.4y,unknown,yes,no,telephone,may,tue,404,2,999,0,nonexistent,1.1,93.994,-36.4,4.856,5191.0,no
4581,39,blue-collar,married,basic.9y,no,yes,no,telephone,may,tue,175,2,999,0,nonexistent,1.1,93.994,-36.4,4.856,5191.0,no
4582,28,admin.,single,university.degree,no,yes,no,telephone,may,tue,138,2,999,0,nonexistent,1.1,93.994,-36.4,4.856,5191.0,no
4584,39,services,married,high.school,no,no,no,telephone,may,tue,919,2,999,0,nonexistent,1.1,93.994,-36.4,4.856,5191.0,no
4597,42,services,married,high.school,unknown,yes,no,telephone,may,tue,226,2,999,0,nonexistent,1.1,93.994,-36.4,4.856,5191.0,no
4598,41,blue-collar,married,basic.6y,unknown,yes,no,telephone,may,tue,167,2,999,0,nonexistent,1.1,93.994,-36.4,4.856,5191.0,no
4599,31,technician,single,university.degree,no,no,no,telephone,may,tue,47,3,999,0,nonexistent,1.1,93.994,-36.4,4.856,5191.0,no
4608,33,housemaid,married,basic.4y,no,unknown,unknown,telephone,may,tue,129,8,999,0,nonexistent,1.1,93.994,-36.4,4.856,5191.0,no
4616,58,retired,married,university.degree,no,no,no,telephone,may,tue,98,2,999,0,nonexistent,1.1,93.994,-36.4,4.856,5191.0,no
4642,47,blue-collar,married,basic.6y,no,no,no,telephone,may,wed,317,1,999,0,nonexistent,1.1,93.994,-36.4,4.858,5191.0,no
4656,55,admin.,married,high.school,no,yes,yes,telephone,may,wed,692,1,999,0,nonexistent,1.1,93.994,-36.4,4.858,5191.0,no
4670,49,blue-collar,married,basic.4y,unknown,no,no,telephone,may,wed,432,1,999,0,nonexistent,1.1,93.994,-36.4,4.858,5191.0,no
4683,60,entrepreneur,married,basic.4y,no,yes,no,telephone,may,wed,236,1,999,0,nonexistent,1.1,93.994,-36.4,4.858,5191.0,no
4709,42,admin.,married,high.school,no,yes,no,telephone,may,wed,63,1,999,0,nonexistent,1.1,93.994,-36.4,4.858,5191.0,no
4710,52,management,married,university.degree,no,yes,no,telephone,may,wed,27,10,999,0,nonexistent,1.1,93.994,-36.4,4.858,5191.0,no
4712,51,admin.,married,professional.course,unknown,no,no,telephone,may,wed,12,11,999,0,nonexistent,1.1,93.994,-36.4,4.858,5191.0,no
4724,53,self-employed,married,university.degree,no,yes,no,telephone,may,wed,232,1,999,0,nonexistent,1.1,93.994,-36.4,4.858,5191.0,no
4729,35,self-employed,married,basic.9y,no,yes,no,telephone,may,wed,151,2,999,0,nonexistent,1.1,93.994,-36.4,4.858,5191.0,no
4732,37,technician,single,university.degree,no,no,no,telephone,may,wed,494,2,999,0,nonexistent,1.1,93.994,-36.4,4.858,5191.0,no
4737,53,entrepreneur,single,basic.9y,no,no,no,telephone,may,wed,345,1,999,0,nonexistent,1.1,93.994,-36.4,4.858,5191.0,no
4747,35,management,married,university.degree,no,no,yes,telephone,may,wed,717,3,999,0,nonexistent,1.1,93.994,-36.4,4.858,5191.0,no
4751,36,student,single,university.degree,unknown,yes,no,telephone,may,wed,544,1,999,0,nonexistent,1.1,93.994,-36.4,4.858,5191.0,no
4753,35,technician,single,university.degree,no,yes,no,telephone,may,wed,412,1,999,0,nonexistent,1.1,93.994,-36.4,4.858,5191.0,yes
4763,30,services,single,high.school,no,yes,no,telephone,may,wed,190,2,999,0,nonexistent,1.1,93.994,-36.4,4.858,5191.0,no
4770,31,blue-collar,married,basic.6y,no,no,yes,telephone,may,wed,795,1,999,0,nonexistent,1.1,93.994,-36.4,4.858,5191.0,yes
4773,56,management,married,university.degree,no,yes,no,telephone,may,wed,29,1,999,0,nonexistent,1.1,93.994,-36.4,4.858,5191.0,no
4775,56,management,married,university.degree,no,yes,yes,telephone,may,wed,136,1,999,0,nonexistent,1.1,93.994,-36.4,4.858,5191.0,no
4782,53,admin.,married,basic.9y,no,no,no,telephone,may,wed,35,1,999,0,nonexistent,1.1,93.994,-36.4,4.858,5191.0,no
4791,42,blue-collar,married,basic.4y,unknown,yes,no,telephone,may,wed,250,2,999,0,nonexistent,1.1,93.994,-36.4,4.858,5191.0,no
4799,40,admin.,divorced,professional.course,no,no,no,telephone,may,wed,509,1,999,0,nonexistent,1.1,93.994,-36.4,4.858,5191.0,no
4807,42,technician,married,university.degree,unknown,no,no,telephone,may,wed,389,1,999,0,nonexistent,1.1,93.994,-36.4,4.858,5191.0,no
4841,42,blue-collar,divorced,basic.9y,no,yes,no,telephone,may,wed,748,1,999,0,nonexistent,1.1,93.994,-36.4,4.858,5191.0,no
4849,45,blue-collar,married,basic.9y,unknown,no,no,telephone,may,wed,394,2,999,0,nonexistent,1.1,93.994,-36.4,4.858,5191.0,no
4854,37,admin.,divorced,high.school,unknown,yes,yes,telephone,may,wed,354,5,999,0,nonexistent,1.1,93.994,-36.4,4.858,5191.0,no
4855,31,technician,married,professional.course,no,unknown,unknown,telephone,may,wed,154,4,999,0,nonexistent,1.1,93.994,-36.4,4.858,5191.0,no
4857,33,admin.,married,university.degree,no,yes,no,telephone,may,wed,563,2,999,0,nonexistent,1.1,93.994,-36.4,4.858,5191.0,no
4865,30,blue-collar,married,high.school,no,yes,no,telephone,may,wed,85,1,999,0,nonexistent,1.1,93.994,-36.4,4.858,5191.0,no
4881,25,blue-collar,single,basic.4y,no,yes,no,telephone,may,wed,1681,1,999,0,nonexistent,1.1,93.994,-36.4,4.858,5191.0,yes
4882,35,technician,married,high.school,no,no,no,telephone,may,wed,208,3,999,0,nonexistent,1.1,93.994,-36.4,4.858,5191.0,no
4884,55,retired,married,basic.4y,unknown,yes,no,telephone,may,wed,316,1,999,0,nonexistent,1.1,93.994,-36.4,4.858,5191.0,no
4886,29,admin.,single,basic.9y,unknown,no,no,telephone,may,wed,272,1,999,0,nonexistent,1.1,93.994,-36.4,4.858,5191.0,no
4890,58,admin.,divorced,university.degree,no,yes,no,telephone,may,wed,244,1,999,0,nonexistent,1.1,93.994,-36.4,4.858,5191.0,no
4897,34,blue-collar,married,basic.6y,unknown,yes,no,telephone,may,wed,811,2,999,0,nonexistent,1.1,93.994,-36.4,4.858,5191.0,no
4899,47,blue-collar,divorced,basic.9y,unknown,no,no,telephone,may,wed,159,2,999,0,nonexistent,1.1,93.994,-36.4,4.858,5191.0,no
4904,28,blue-collar,single,basic.6y,no,no,no,telephone,may,wed,244,2,999,0,nonexistent,1.1,93.994,-36.4,4.858,5191.0,no
4918,57,services,divorced,high.school,no,yes,no,telephone,may,wed,312,2,999,0,nonexistent,1.1,93.994,-36.4,4.858,5191.0,no
4930,43,management,married,university.degree,no,no,no,telephone,may,wed,237,2,999,0,nonexistent,1.1,93.994,-36.4,4.858,5191.0,no
4940,42,blue-collar,divorced,basic.4y,no,yes,no,telephone,may,wed,273,1,999,0,nonexistent,1.1,93.994,-36.4,4.858,5191.0,no
4952,29,admin.,single,university.degree,no,yes,no,telephone,may,wed,248,3,999,0,nonexistent,1.1,93.994,-36.4,4.858,5191.0,no
4959,49,management,married,university.degree,no,yes,no,telephone,may,wed,135,2,999,0,nonexistent,1.1,93.994,-36.4,4.858,5191.0,no
4966,54,admin.,married,high.school,no,no,no,telephone,may,wed,66,2,999,0,nonexistent,1.1,93.994,-36.4,4.858,5191.0,no
4967,35,admin.,married,university.degree,unknown,yes,no,telephone,may,wed,86,2,999,0,nonexistent,1.1,93.994,-36.4,4.858,5191.0,no
4976,45,admin.,married,high.school,no,yes,no,telephone,may,wed,987,3,999,0,nonexistent,1.1,93.994,-36.4,4.858,5191.0,no
4985,48,services,married,high.school,unknown,yes,no,telephone,may,wed,397,9,999,0,nonexistent,1.1,93.994,-36.4,4.858,5191.0,no
5006,28,admin.,single,university.degree,no,no,no,telephone,may,wed,165,2,999,0,nonexistent,1.1,93.994,-36.4,4.858,5191.0,no
5007,50,admin.,married,high.school,no,no,no,telephone,may,wed,260,5,999,0,nonexistent,1.1,93.994,-36.4,4.858,5191.0,no
5010,37,services,married,basic.6y,no,no,no,telephone,may,wed,155,4,999,0,nonexistent,1.1,93.994,-36.4,4.858,5191.0,no
5013,33,services,married,high.school,unknown,no,no,telephone,may,wed,227,3,999,0,nonexistent,1.1,93.994,-36.4,4.858,5191.0,no
5014,55,technician,married,high.school,no,no,no,telephone,may,wed,214,3,999,0,nonexistent,1.1,93.994,-36.4,4.858,5191.0,no
5024,34,blue-collar,married,basic.6y,no,no,no,telephone,may,wed,20,8,999,0,nonexistent,1.1,93.994,-36.4,4.858,5191.0,no
5028,37,services,married,high.school,no,yes,yes,telephone,may,wed,521,3,999,0,nonexistent,1.1,93.994,-36.4,4.858,5191.0,yes
5036,53,unemployed,married,basic.4y,unknown,yes,no,telephone,may,wed,339,10,999,0,nonexistent,1.1,93.994,-36.4,4.858,5191.0,no
5040,39,admin.,single,unknown,no,no,yes,telephone,may,fri,219,4,999,0,nonexistent,1.1,93.994,-36.4,4.857,5191.0,no
5048,46,technician,single,university.degree,no,yes,no,telephone,may,fri,417,6,999,0,nonexistent,1.1,93.994,-36.4,4.857,5191.0,no
5054,39,admin.,married,high.school,no,yes,no,telephone,may,fri,433,3,999,0,nonexistent,1.1,93.994,-36.4,4.857,5191.0,no
5062,41,blue-collar,divorced,basic.6y,no,yes,no,telephone,may,fri,149,1,999,0,nonexistent,1.1,93.994,-36.4,4.857,5191.0,no
5064,26,services,single,basic.9y,no,no,yes,telephone,may,fri,83,4,999,0,nonexistent,1.1,93.994,-36.4,4.857,5191.0,no
5067,45,management,married,unknown,unknown,yes,yes,telephone,may,fri,260,1,999,0,nonexistent,1.1,93.994,-36.4,4.857,5191.0,no
5070,26,blue-collar,single,high.school,no,no,no,telephone,may,fri,203,1,999,0,nonexistent,1.1,93.994,-36.4,4.857,5191.0,no
5076,38,admin.,single,university.degree,unknown,no,no,telephone,may,fri,70,5,999,0,nonexistent,1.1,93.994,-36.4,4.857,5191.0,no
5088,36,blue-collar,single,high.school,no,no,yes,telephone,may,fri,154,2,999,0,nonexistent,1.1,93.994,-36.4,4.857,5191.0,no
5089,55,housemaid,married,basic.4y,no,no,no,telephone,may,fri,98,1,999,0,nonexistent,1.1,93.994,-36.4,4.857,5191.0,no
5121,43,admin.,divorced,high.school,no,yes,no,telephone,may,fri,425,1,999,0,nonexistent,1.1,93.994,-36.4,4.857,5191.0,no
5136,36,services,single,basic.9y,no,no,no,telephone,may,fri,86,2,999,0,nonexistent,1.1,93.994,-36.4,4.857,5191.0,no
5137,29,technician,single,university.degree,no,yes,no,telephone,may,fri,256,1,999,0,nonexistent,1.1,93.994,-36.4,4.857,5191.0,no
5142,24,services,single,basic.9y,no,yes,yes,telephone,may,fri,816,2,999,0,nonexistent,1.1,93.994,-36.4,4.857,5191.0,no
5168,40,blue-collar,married,basic.9y,no,yes,no,telephone,may,fri,236,2,999,0,nonexistent,1.1,93.994,-36.4,4.857,5191.0,no
5170,48,blue-collar,divorced,basic.9y,no,yes,yes,telephone,may,fri,246,3,999,0,nonexistent,1.1,93.994,-36.4,4.857,5191.0,no
5172,37,technician,single,professional.course,no,yes,no,telephone,may,fri,391,1,999,0,nonexistent,1.1,93.994,-36.4,4.857,5191.0,no
5176,55,blue-collar,married,basic.4y,unknown,yes,no,telephone,may,fri,334,1,999,0,nonexistent,1.1,93.994,-36.4,4.857,5191.0,no
5207,45,services,single,basic.9y,unknown,yes,no,telephone,may,fri,270,1,999,0,nonexistent,1.1,93.994,-36.4,4.857,5191.0,no
5211,32,services,single,professional.course,no,yes,yes,telephone,may,fri,249,1,999,0,nonexistent,1.1,93.994,-36.4,4.857,5191.0,no
5216,46,blue-collar,married,basic.9y,no,yes,no,telephone,may,fri,118,1,999,0,nonexistent,1.1,93.994,-36.4,4.857,5191.0,no
5223,56,retired,married,basic.4y,no,yes,no,telephone,may,fri,665,1,999,0,nonexistent,1.1,93.994,-36.4,4.857,5191.0,no
5225,26,student,single,basic.9y,unknown,yes,yes,telephone,may,fri,164,1,999,0,nonexistent,1.1,93.994,-36.4,4.857,5191.0,no
5230,57,blue-collar,married,basic.4y,unknown,yes,yes,telephone,may,fri,163,2,999,0,nonexistent,1.1,93.994,-36.4,4.857,5191.0,no
5238,38,blue-collar,married,basic.9y,no,no,no,telephone,may,fri,83,2,999,0,nonexistent,1.1,93.994,-36.4,4.857,5191.0,no
5243,41,technician,single,professional.course,no,no,no,telephone,may,fri,139,2,999,0,nonexistent,1.1,93.994,-36.4,4.857,5191.0,no
5257,55,blue-collar,married,basic.4y,no,no,yes,telephone,may,fri,119,1,999,0,nonexistent,1.1,93.994,-36.4,4.857,5191.0,no
5275,30,admin.,married,university.degree,no,no,no,telephone,may,fri,542,2,999,0,nonexistent,1.1,93.994,-36.4,4.857,5191.0,no
5277,43,admin.,divorced,high.school,no,no,no,telephone,may,fri,198,2,999,0,nonexistent,1.1,93.994,-36.4,4.857,5191.0,no
5294,32,blue-collar,married,basic.4y,unknown,yes,no,telephone,may,fri,926,1,999,0,nonexistent,1.1,93.994,-36.4,4.857,5191.0,no
5304,43,blue-collar,married,basic.4y,unknown,yes,no,telephone,may,fri,345,3,999,0,nonexistent,1.1,93.994,-36.4,4.857,5191.0,no
5308,50,admin.,divorced,university.degree,no,no,no,telephone,may,fri,122,6,999,0,nonexistent,1.1,93.994,-36.4,4.857,5191.0,no
5312,31,services,single,professional.course,no,no,no,telephone,may,fri,111,1,999,0,nonexistent,1.1,93.994,-36.4,4.857,5191.0,no
5332,39,blue-collar,married,basic.9y,no,yes,no,telephone,may,fri,83,2,999,0,nonexistent,1.1,93.994,-36.4,4.857,5191.0,no
5338,49,blue-collar,married,basic.9y,unknown,yes,no,telephone,may,fri,281,27,999,0,nonexistent,1.1,93.994,-36.4,4.857,5191.0,no
5348,32,admin.,single,university.degree,no,no,no,telephone,may,fri,588,3,999,0,nonexistent,1.1,93.994,-36.4,4.857,5191.0,yes
5364,33,services,single,high.school,no,no,no,telephone,may,fri,777,2,999,0,nonexistent,1.1,93.994,-36.4,4.857,5191.0,yes
5370,40,management,divorced,university.degree,unknown,yes,no,telephone,may,fri,157,1,999,0,nonexistent,1.1,93.994,-36.4,4.857,5191.0,no
5385,60,retired,married,high.school,unknown,yes,no,telephone,may,fri,597,6,999,0,nonexistent,1.1,93.994,-36.4,4.857,5191.0,yes
5386,35,student,single,university.degree,unknown,no,yes,telephone,may,fri,107,2,999,0,nonexistent,1.1,93.994,-36.4,4.857,5191.0,no
5399,56,management,married,unknown,no,yes,no,telephone,may,fri,335,3,999,0,nonexistent,1.1,93.994,-36.4,4.857,5191.0,no
5443,39,services,married,high.school,no,yes,no,telephone,may,fri,430,6,999,0,nonexistent,1.1,93.994,-36.4,4.857,5191.0,yes
5446,26,admin.,single,high.school,no,yes,yes,telephone,may,fri,297,3,999,0,nonexistent,1.1,93.994,-36.4,4.857,5191.0,no
5450,45,blue-collar,married,basic.9y,unknown,yes,no,telephone,may,fri,104,5,999,0,nonexistent,1.1,93.994,-36.4,4.857,5191.0,no
5456,44,management,married,university.degree,no,no,yes,telephone,may,fri,93,8,999,0,nonexistent,1.1,93.994,-36.4,4.857,5191.0,no
5473,50,blue-collar,married,basic.9y,unknown,yes,no,telephone,may,fri,98,17,999,0,nonexistent,1.1,93.994,-36.4,4.857,5191.0,no
5476,33,self-employed,married,basic.9y,no,no,no,telephone,may,fri,100,4,999,0,nonexistent,1.1,93.994,-36.4,4.857,5191.0,no
5481,38,blue-collar,single,basic.6y,no,yes,no,telephone,may,fri,331,6,999,0,nonexistent,1.1,93.994,-36.4,4.857,5191.0,no
5503,41,blue-collar,divorced,basic.4y,unknown,yes,no,telephone,may,mon,63,1,999,0,nonexistent,1.1,93.994,-36.4,4.857,5191.0,no
5505,57,retired,single,professional.course,no,yes,no,telephone,may,mon,188,1,999,0,nonexistent,1.1,93.994,-36.4,4.857,5191.0,no
5511,35,admin.,married,university.degree,no,yes,no,telephone,may,mon,155,1,999,0,nonexistent,1.1,93.994,-36.4,4.857,5191.0,no
5512,26,blue-collar,married,basic.9y,no,yes,no,telephone,may,mon,161,3,999,0,nonexistent,1.1,93.994,-36.4,4.857,5191.0,no
5516,46,self-employed,married,basic.9y,unknown,yes,yes,telephone,may,mon,140,1,999,0,nonexistent,1.1,93.994,-36.4,4.857,5191.0,no
5527,32,services,single,basic.9y,no,yes,no,telephone,may,mon,329,1,999,0,nonexistent,1.1,93.994,-36.4,4.857,5191.0,no
5551,33,blue-collar,single,basic.9y,unknown,no,yes,telephone,may,mon,788,11,999,0,nonexistent,1.1,93.994,-36.4,4.857,5191.0,yes
5561,41,admin.,single,high.school,no,no,yes,telephone,may,mon,111,1,999,0,nonexistent,1.1,93.994,-36.4,4.857,5191.0,no
5581,37,admin.,married,university.degree,no,no,no,telephone,may,mon,172,1,999,0,nonexistent,1.1,93.994,-36.4,4.857,5191.0,no
5583,54,housemaid,divorced,unknown,no,no,no,telephone,may,mon,167,1,999,0,nonexistent,1.1,93.994,-36.4,4.857,5191.0,no
5587,48,technician,single,unknown,no,unknown,unknown,telephone,may,mon,317,1,999,0,nonexistent,1.1,93.994,-36.4,4.857,5191.0,no
5599,51,blue-collar,married,basic.6y,unknown,unknown,unknown,telephone,may,mon,167,1,999,0,nonexistent,1.1,93.994,-36.4,4.857,5191.0,no
5611,38,admin.,married,university.degree,no,no,yes,telephone,may,mon,206,1,999,0,nonexistent,1.1,93.994,-36.4,4.857,5191.0,no
5613,45,services,divorced,high.school,unknown,no,no,telephone,may,mon,166,12,999,0,nonexistent,1.1,93.994,-36.4,4.857,5191.0,no
5634,29,technician,married,unknown,no,yes,no,telephone,may,mon,252,2,999,0,nonexistent,1.1,93.994,-36.4,4.857,5191.0,no
5638,39,technician,single,high.school,no,yes,no,telephone,may,mon,247,1,999,0,nonexistent,1.1,93.994,-36.4,4.857,5191.0,no
5639,29,student,single,high.school,no,no,yes,telephone,may,mon,630,1,999,0,nonexistent,1.1,93.994,-36.4,4.857,5191.0,yes
5644,39,admin.,married,university.degree,no,no,no,telephone,may,mon,104,1,999,0,nonexistent,1.1,93.994,-36.4,4.857,5191.0,no
5651,44,technician,single,unknown,unknown,yes,no,telephone,may,mon,440,1,999,0,nonexistent,1.1,93.994,-36.4,4.857,5191.0,no
5658,32,admin.,single,university.degree,no,no,no,telephone,may,mon,112,1,999,0,nonexistent,1.1,93.994,-36.4,4.857,5191.0,no
5674,31,blue-collar,married,basic.6y,unknown,yes,yes,telephone,may,mon,161,1,999,0,nonexistent,1.1,93.994,-36.4,4.857,5191.0,no
5681,36,technician,married,professional.course,no,no,no,telephone,may,mon,175,2,999,0,nonexistent,1.1,93.994,-36.4,4.857,5191.0,no
5697,33,technician,divorced,professional.course,no,yes,no,telephone,may,mon,147,3,999,0,nonexistent,1.1,93.994,-36.4,4.857,5191.0,no
5699,28,blue-collar,single,basic.9y,no,no,no,telephone,may,mon,404,1,999,0,nonexistent,1.1,93.994,-36.4,4.857,5191.0,no
5704,48,admin.,divorced,university.degree,no,yes,no,telephone,may,mon,252,2,999,0,nonexistent,1.1,93.994,-36.4,4.857,5191.0,no
5720,46,admin.,single,high.school,no,no,no,telephone,may,mon,218,2,999,0,nonexistent,1.1,93.994,-36.4,4.857,5191.0,no
5728,39,management,married,university.degree,no,yes,no,telephone,may,mon,175,3,999,0,nonexistent,1.1,93.994,-36.4,4.857,5191.0,no
5730,58,retired,married,basic.6y,unknown,no,no,telephone,may,mon,268,3,999,0,nonexistent,1.1,93.994,-36.4,4.857,5191.0,no
5734,57,admin.,married,university.degree,no,no,yes,telephone,may,mon,327,1,999,0,nonexistent,1.1,93.994,-36.4,4.857,5191.0,no
5737,40,technician,married,professional.course,no,yes,no,telephone,may,mon,68,3,999,0,nonexistent,1.1,93.994,-36.4,4.857,5191.0,no
5741,42,technician,single,basic.9y,no,no,no,telephone,may,mon,504,2,999,0,nonexistent,1.1,93.994,-36.4,4.857,5191.0,no
5742,42,blue-collar,married,unknown,no,yes,no,telephone,may,mon,175,1,999,0,nonexistent,1.1,93.994,-36.4,4.857,5191.0,no
5745,31,management,married,university.degree,no,no,no,telephone,may,mon,100,8,999,0,nonexistent,1.1,93.994,-36.4,4.857,5191.0,no
5747,41,entrepreneur,married,university.degree,unknown,yes,no,telephone,may,mon,239,3,999,0,nonexistent,1.1,93.994,-36.4,4.857,5191.0,no
5757,40,admin.,married,high.school,no,no,no,telephone,may,mon,160,3,999,0,nonexistent,1.1,93.994,-36.4,4.857,5191.0,no
5793,27,blue-collar,single,basic.6y,no,no,no,telephone,may,mon,603,1,999,0,nonexistent,1.1,93.994,-36.4,4.857,5191.0,no
5798,55,services,married,high.school,unknown,yes,yes,telephone,may,mon,129,3,999,0,nonexistent,1.1,93.994,-36.4,4.857,5191.0,no
5800,42,unemployed,married,high.school,unknown,no,no,telephone,may,mon,181,3,999,0,nonexistent,1.1,93.994,-36.4,4.857,5191.0,no
5802,43,management,married,university.degree,no,yes,no,telephone,may,mon,114,2,999,0,nonexistent,1.1,93.994,-36.4,4.857,5191.0,no
5816,57,unemployed,married,basic.9y,unknown,yes,no,telephone,may,mon,45,5,999,0,nonexistent,1.1,93.994,-36.4,4.857,5191.0,no
5817,31,technician,single,university.degree,no,yes,no,telephone,may,mon,125,6,999,0,nonexistent,1.1,93.994,-36.4,4.857,5191.0,no
5826,36,blue-collar,married,basic.9y,no,no,no,telephone,may,mon,98,4,999,0,nonexistent,1.1,93.994,-36.4,4.857,5191.0,no
5829,36,blue-collar,married,high.school,no,no,no,telephone,may,mon,34,3,999,0,nonexistent,1.1,93.994,-36.4,4.857,5191.0,no
5846,50,technician,divorced,professional.course,no,no,no,telephone,may,mon,173,3,999,0,nonexistent,1.1,93.994,-36.4,4.857,5191.0,no
5851,52,blue-collar,married,basic.4y,unknown,yes,no,telephone,may,mon,748,3,999,0,nonexistent,1.1,93.994,-36.4,4.857,5191.0,yes
5852,48,blue-collar,married,basic.4y,unknown,yes,yes,telephone,may,mon,14,11,999,0,nonexistent,1.1,93.994,-36.4,4.857,5191.0,no
5866,28,blue-collar,single,high.school,unknown,yes,no,telephone,may,mon,149,7,999,0,nonexistent,1.1,93.994,-36.4,4.857,5191.0,no
5871,44,blue-collar,single,professional.course,unknown,no,no,telephone,may,mon,29,2,999,0,nonexistent,1.1,93.994,-36.4,4.857,5191.0,no
5881,37,services,single,high.school,no,no,no,telephone,may,mon,96,5,999,0,nonexistent,1.1,93.994,-36.4,4.857,5191.0,no
5882,57,technician,married,university.degree,unknown,no,yes,telephone,may,mon,76,5,999,0,nonexistent,1.1,93.994,-36.4,4.857,5191.0,no
5888,29,services,divorced,high.school,no,no,yes,telephone,may,mon,251,11,999,0,nonexistent,1.1,93.994,-36.4,4.857,5191.0,no
5891,53,housemaid,married,basic.4y,unknown,no,no,telephone,may,mon,245,3,999,0,nonexistent,1.1,93.994,-36.4,4.857,5191.0,no
5896,38,student,single,university.degree,no,yes,no,telephone,may,mon,763,6,999,0,nonexistent,1.1,93.994,-36.4,4.857,5191.0,no
5897,30,blue-collar,married,basic.6y,no,no,no,telephone,may,mon,97,4,999,0,nonexistent,1.1,93.994,-36.4,4.857,5191.0,no
5899,43,unknown,married,high.school,unknown,yes,yes,telephone,may,mon,329,2,999,0,nonexistent,1.1,93.994,-36.4,4.857,5191.0,no
5901,59,unknown,married,unknown,unknown,no,no,telephone,may,mon,130,3,999,0,nonexistent,1.1,93.994,-36.4,4.857,5191.0,no
5910,49,admin.,divorced,basic.9y,no,yes,yes,telephone,may,mon,282,3,999,0,nonexistent,1.1,93.994,-36.4,4.857,5191.0,no
5917,42,services,married,high.school,unknown,yes,yes,telephone,may,tue,220,6,999,0,nonexistent,1.1,93.994,-36.4,4.857,5191.0,no
5924,38,entrepreneur,married,university.degree,no,no,no,telephone,may,tue,322,5,999,0,nonexistent,1.1,93.994,-36.4,4.857,5191.0,no
5925,50,blue-collar,married,basic.6y,unknown,yes,yes,telephone,may,tue,67,3,999,0,nonexistent,1.1,93.994,-36.4,4.857,5191.0,no
5944,34,blue-collar,married,basic.4y,no,yes,no,telephone,may,tue,578,2,999,0,nonexistent,1.1,93.994,-36.4,4.857,5191.0,no
5945,46,blue-collar,divorced,basic.6y,no,no,no,telephone,may,tue,183,9,999,0,nonexistent,1.1,93.994,-36.4,4.857,5191.0,no
5964,41,services,married,university.degree,no,yes,no,telephone,may,tue,336,2,999,0,nonexistent,1.1,93.994,-36.4,4.857,5191.0,no
5982,50,blue-collar,married,basic.4y,no,yes,no,telephone,may,tue,229,2,999,0,nonexistent,1.1,93.994,-36.4,4.857,5191.0,no
5984,57,retired,married,high.school,unknown,no,no,telephone,may,tue,147,1,999,0,nonexistent,1.1,93.994,-36.4,4.857,5191.0,no
5988,51,unemployed,married,professional.course,no,no,no,telephone,may,tue,171,3,999,0,nonexistent,1.1,93.994,-36.4,4.857,5191.0,no
5990,28,blue-collar,married,basic.6y,unknown,no,no,telephone,may,tue,228,1,999,0,nonexistent,1.1,93.994,-36.4,4.857,5191.0,no
5996,41,blue-collar,divorced,basic.9y,unknown,no,no,telephone,may,tue,123,1,999,0,nonexistent,1.1,93.994,-36.4,4.857,5191.0,no
6000,27,admin.,single,university.degree,no,yes,no,telephone,may,tue,142,1,999,0,nonexistent,1.1,93.994,-36.4,4.857,5191.0,no
6012,33,services,married,high.school,no,yes,yes,telephone,may,tue,274,1,999,0,nonexistent,1.1,93.994,-36.4,4.857,5191.0,no
6015,32,blue-collar,married,professional.course,unknown,yes,no,telephone,may,tue,128,1,999,0,nonexistent,1.1,93.994,-36.4,4.857,5191.0,no
6037,43,entrepreneur,married,basic.4y,no,yes,no,telephone,may,tue,296,2,999,0,nonexistent,1.1,93.994,-36.4,4.857,5191.0,no
6048,31,entrepreneur,divorced,high.school,no,yes,no,telephone,may,tue,168,1,999,0,nonexistent,1.1,93.994,-36.4,4.857,5191.0,no
6069,49,blue-collar,married,basic.4y,no,no,no,telephone,may,tue,384,1,999,0,nonexistent,1.1,93.994,-36.4,4.857,5191.0,no
6075,30,blue-collar,married,basic.9y,unknown,no,yes,telephone,may,tue,39,7,999,0,nonexistent,1.1,93.994,-36.4,4.857,5191.0,no
6083,28,student,single,basic.9y,unknown,yes,yes,telephone,may,tue,68,5,999,0,nonexistent,1.1,93.994,-36.4,4.857,5191.0,no
6087,33,admin.,divorced,high.school,unknown,no,no,telephone,may,tue,161,2,999,0,nonexistent,1.1,93.994,-36.4,4.857,5191.0,no
6094,37,blue-collar,single,basic.6y,unknown,no,no,telephone,may,tue,195,2,999,0,nonexistent,1.1,93.994,-36.4,4.857,5191.0,no
6095,51,technician,married,university.degree,no,yes,no,telephone,may,tue,470,2,999,0,nonexistent,1.1,93.994,-36.4,4.857,5191.0,no
6096,34,services,married,high.school,no,no,no,telephone,may,tue,139,1,999,0,nonexistent,1.1,93.994,-36.4,4.857,5191.0,no
6099,36,blue-collar,single,basic.9y,unknown,no,no,telephone,may,tue,201,2,999,0,nonexistent,1.1,93.994,-36.4,4.857,5191.0,no
6109,34,blue-collar,married,basic.9y,unknown,no,no,telephone,may,tue,59,1,999,0,nonexistent,1.1,93.994,-36.4,4.857,5191.0,no
6116,47,blue-collar,single,basic.4y,no,no,no,telephone,may,tue,184,1,999,0,nonexistent,1.1,93.994,-36.4,4.857,5191.0,no
6124,29,admin.,single,university.degree,no,no,no,telephone,may,tue,169,2,999,0,nonexistent,1.1,93.994,-36.4,4.857,5191.0,no
6129,50,blue-collar,single,basic.9y,unknown,yes,no,telephone,may,tue,307,2,999,0,nonexistent,1.1,93.994,-36.4,4.857,5191.0,no
6134,28,management,married,high.school,unknown,no,no,telephone,may,tue,375,1,999,0,nonexistent,1.1,93.994,-36.4,4.857,5191.0,no
6135,34,entrepreneur,single,professional.course,no,no,no,telephone,may,tue,290,1,999,0,nonexistent,1.1,93.994,-36.4,4.857,5191.0,no
6137,38,blue-collar,single,basic.9y,no,yes,no,telephone,may,tue,174,1,999,0,nonexistent,1.1,93.994,-36.4,4.857,5191.0,no
6148,39,blue-collar,married,basic.4y,unknown,yes,no,telephone,may,tue,395,2,999,0,nonexistent,1.1,93.994,-36.4,4.857,5191.0,no
6162,44,unknown,single,basic.9y,unknown,yes,no,telephone,may,tue,88,1,999,0,nonexistent,1.1,93.994,-36.4,4.857,5191.0,no
6179,46,admin.,divorced,university.degree,no,yes,no,telephone,may,tue,376,2,999,0,nonexistent,1.1,93.994,-36.4,4.857,5191.0,no
6190,28,blue-collar,single,basic.9y,no,no,no,telephone,may,tue,222,1,999,0,nonexistent,1.1,93.994,-36.4,4.857,5191.0,no
6201,29,admin.,married,high.school,no,yes,no,telephone,may,tue,181,1,999,0,nonexistent,1.1,93.994,-36.4,4.857,5191.0,no
6210,30,services,single,high.school,no,yes,no,telephone,may,tue,394,1,999,0,nonexistent,1.1,93.994,-36.4,4.857,5191.0,no
6219,48,blue-collar,married,high.school,unknown,yes,yes,telephone,may,tue,299,1,999,0,nonexistent,1.1,93.994,-36.4,4.857,5191.0,no
6229,50,services,married,high.school,no,yes,no,telephone,may,tue,347,1,999,0,nonexistent,1.1,93.994,-36.4,4.857,5191.0,no
6255,50,services,married,professional.course,unknown,no,yes,telephone,may,tue,111,3,999,0,nonexistent,1.1,93.994,-36.4,4.857,5191.0,no
6261,50,blue-collar,married,basic.9y,no,yes,no,telephone,may,tue,149,2,999,0,nonexistent,1.1,93.994,-36.4,4.857,5191.0,no
6272,52,technician,married,professional.course,unknown,yes,no,telephone,may,tue,160,3,999,0,nonexistent,1.1,93.994,-36.4,4.857,5191.0,no
6273,52,admin.,divorced,university.degree,no,no,no,telephone,may,tue,136,2,999,0,nonexistent,1.1,93.994,-36.4,4.857,5191.0,no
6290,37,admin.,married,unknown,no,yes,no,telephone,may,tue,220,2,999,0,nonexistent,1.1,93.994,-36.4,4.857,5191.0,no
6294,60,retired,divorced,basic.4y,unknown,yes,no,telephone,may,tue,135,5,999,0,nonexistent,1.1,93.994,-36.4,4.857,5191.0,no
6302,41,technician,married,professional.course,no,no,no,telephone,may,tue,348,2,999,0,nonexistent,1.1,93.994,-36.4,4.857,5191.0,no
6311,41,admin.,divorced,high.school,no,no,no,telephone,may,tue,72,3,999,0,nonexistent,1.1,93.994,-36.4,4.857,5191.0,no
6312,34,management,married,university.degree,no,yes,no,telephone,may,tue,99,2,999,0,nonexistent,1.1,93.994,-36.4,4.857,5191.0,no
6321,31,admin.,married,high.school,no,no,no,telephone,may,tue,1043,2,999,0,nonexistent,1.1,93.994,-36.4,4.857,5191.0,no
6322,30,admin.,married,university.degree,no,yes,no,telephone,may,tue,83,3,999,0,nonexistent,1.1,93.994,-36.4,4.857,5191.0,no
6331,28,management,married,university.degree,no,no,no,telephone,may,tue,371,2,999,0,nonexistent,1.1,93.994,-36.4,4.857,5191.0,no
6332,40,blue-collar,married,basic.6y,no,yes,no,telephone,may,tue,383,3,999,0,nonexistent,1.1,93.994,-36.4,4.857,5191.0,no
6335,41,admin.,married,basic.9y,no,no,no,telephone,may,tue,97,5,999,0,nonexistent,1.1,93.994,-36.4,4.857,5191.0,no
6344,32,blue-collar,single,high.school,no,yes,no,telephone,may,tue,124,2,999,0,nonexistent,1.1,93.994,-36.4,4.857,5191.0,no
6348,50,services,single,basic.4y,no,yes,no,telephone,may,tue,98,9,999,0,nonexistent,1.1,93.994,-36.4,4.857,5191.0,no
6350,45,technician,married,professional.course,no,yes,no,telephone,may,tue,350,4,999,0,nonexistent,1.1,93.994,-36.4,4.857,5191.0,no
6358,47,services,married,university.degree,no,yes,no,telephone,may,tue,63,9,999,0,nonexistent,1.1,93.994,-36.4,4.857,5191.0,no
6365,54,retired,married,basic.9y,unknown,no,no,telephone,may,tue,371,2,999,0,nonexistent,1.1,93.994,-36.4,4.857,5191.0,no
6366,51,technician,married,basic.9y,no,yes,no,telephone,may,tue,676,6,999,0,nonexistent,1.1,93.994,-36.4,4.857,5191.0,no
6378,52,management,divorced,university.degree,no,yes,no,telephone,may,tue,342,4,999,0,nonexistent,1.1,93.994,-36.4,4.857,5191.0,no
6381,39,admin.,married,university.degree,no,no,no,telephone,may,tue,160,3,999,0,nonexistent,1.1,93.994,-36.4,4.857,5191.0,no
6382,35,admin.,single,professional.course,unknown,yes,no,telephone,may,tue,352,4,999,0,nonexistent,1.1,93.994,-36.4,4.857,5191.0,no
6396,36,blue-collar,married,basic.6y,unknown,yes,no,telephone,may,tue,306,5,999,0,nonexistent,1.1,93.994,-36.4,4.857,5191.0,no
6407,34,services,single,basic.9y,unknown,yes,yes,telephone,may,tue,1168,2,999,0,nonexistent,1.1,93.994,-36.4,4.857,5191.0,no
6411,39,housemaid,married,basic.4y,unknown,no,no,telephone,may,wed,125,12,999,0,nonexistent,1.1,93.994,-36.4,4.857,5191.0,no
6412,25,technician,married,high.school,no,yes,no,telephone,may,wed,153,3,999,0,nonexistent,1.1,93.994,-36.4,4.857,5191.0,no
6419,50,management,single,university.degree,no,unknown,unknown,telephone,may,wed,372,2,999,0,nonexistent,1.1,93.994,-36.4,4.857,5191.0,no
6420,32,blue-collar,married,basic.4y,unknown,yes,no,telephone,may,wed,223,1,999,0,nonexistent,1.1,93.994,-36.4,4.857,5191.0,no
6422,39,blue-collar,single,basic.4y,unknown,unknown,unknown,telephone,may,wed,64,1,999,0,nonexistent,1.1,93.994,-36.4,4.857,5191.0,no
6430,45,admin.,married,high.school,no,no,no,telephone,may,wed,215,2,999,0,nonexistent,1.1,93.994,-36.4,4.857,5191.0,no
6433,29,admin.,single,basic.9y,unknown,yes,no,telephone,may,wed,198,1,999,0,nonexistent,1.1,93.994,-36.4,4.857,5191.0,no
6448,30,management,single,university.degree,no,no,no,telephone,may,wed,231,2,999,0,nonexistent,1.1,93.994,-36.4,4.857,5191.0,no
6450,37,housemaid,married,high.school,no,no,no,telephone,may,wed,132,1,999,0,nonexistent,1.1,93.994,-36.4,4.857,5191.0,no
6475,31,technician,single,university.degree,no,yes,no,telephone,may,wed,252,1,999,0,nonexistent,1.1,93.994,-36.4,4.857,5191.0,no
6492,35,management,married,professional.course,no,yes,yes,telephone,may,wed,136,1,999,0,nonexistent,1.1,93.994,-36.4,4.857,5191.0,no
6497,25,self-employed,single,university.degree,no,no,no,telephone,may,wed,199,2,999,0,nonexistent,1.1,93.994,-36.4,4.857,5191.0,no
6513,45,services,married,high.school,unknown,yes,no,telephone,may,wed,171,6,999,0,nonexistent,1.1,93.994,-36.4,4.857,5191.0,no
6521,57,blue-collar,divorced,basic.9y,no,yes,no,telephone,may,wed,543,2,999,0,nonexistent,1.1,93.994,-36.4,4.857,5191.0,yes
6532,34,blue-collar,married,basic.9y,no,yes,yes,telephone,may,wed,1479,4,999,0,nonexistent,1.1,93.994,-36.4,4.857,5191.0,yes
6547,45,services,single,high.school,no,yes,no,telephone,may,wed,268,1,999,0,nonexistent,1.1,93.994,-36.4,4.857,5191.0,no
6548,48,admin.,divorced,high.school,no,yes,no,telephone,may,wed,507,1,999,0,nonexistent,1.1,93.994,-36.4,4.857,5191.0,no
6556,46,blue-collar,married,basic.4y,no,no,no,telephone,may,wed,89,1,999,0,nonexistent,1.1,93.994,-36.4,4.857,5191.0,no
6576,20,entrepreneur,single,high.school,no,no,yes,telephone,may,wed,680,1,999,0,nonexistent,1.1,93.994,-36.4,4.857,5191.0,no
6593,55,admin.,married,high.school,no,yes,no,telephone,may,wed,497,2,999,0,nonexistent,1.1,93.994,-36.4,4.857,5191.0,no
6594,38,admin.,single,university.degree,no,yes,no,telephone,may,wed,105,4,999,0,nonexistent,1.1,93.994,-36.4,4.857,5191.0,no
6630,25,unemployed,single,high.school,unknown,no,no,telephone,may,wed,694,2,999,0,nonexistent,1.1,93.994,-36.4,4.857,5191.0,yes
6631,35,blue-collar,married,unknown,no,no,no,telephone,may,wed,146,1,999,0,nonexistent,1.1,93.994,-36.4,4.857,5191.0,no
6635,35,blue-collar,married,basic.4y,unknown,no,no,telephone,may,wed,36,1,999,0,nonexistent,1.1,93.994,-36.4,4.857,5191.0,no
6638,32,blue-collar,married,basic.6y,no,yes,no,telephone,may,wed,71,2,999,0,nonexistent,1.1,93.994,-36.4,4.857,5191.0,no
6642,49,retired,married,basic.4y,no,no,no,telephone,may,wed,177,3,999,0,nonexistent,1.1,93.994,-36.4,4.857,5191.0,no
6663,33,admin.,married,university.degree,no,no,no,telephone,may,wed,664,2,999,0,nonexistent,1.1,93.994,-36.4,4.857,5191.0,yes
6669,51,entrepreneur,married,basic.9y,no,no,yes,telephone,may,wed,68,1,999,0,nonexistent,1.1,93.994,-36.4,4.857,5191.0,no
6678,29,services,married,high.school,unknown,no,no,telephone,may,wed,100,2,999,0,nonexistent,1.1,93.994,-36.4,4.857,5191.0,no
6691,30,blue-collar,single,basic.9y,unknown,no,no,telephone,may,wed,188,2,999,0,nonexistent,1.1,93.994,-36.4,4.857,5191.0,no
6702,31,technician,married,professional.course,no,no,no,telephone,may,wed,89,5,999,0,nonexistent,1.1,93.994,-36.4,4.857,5191.0,no
6707,42,admin.,single,university.degree,no,no,no,telephone,may,wed,110,5,999,0,nonexistent,1.1,93.994,-36.4,4.857,5191.0,no
6715,50,technician,married,professional.course,unknown,yes,yes,telephone,may,wed,124,1,999,0,nonexistent,1.1,93.994,-36.4,4.857,5191.0,no
6716,27,blue-collar,married,basic.9y,unknown,yes,no,telephone,may,wed,118,1,999,0,nonexistent,1.1,93.994,-36.4,4.857,5191.0,no
6718,52,blue-collar,single,basic.4y,no,unknown,unknown,telephone,may,wed,489,2,999,0,nonexistent,1.1,93.994,-36.4,4.857,5191.0,no
6723,50,management,married,university.degree,no,yes,no,telephone,may,wed,383,1,999,0,nonexistent,1.1,93.994,-36.4,4.857,5191.0,no
6731,53,technician,married,professional.course,unknown,yes,yes,telephone,may,wed,117,2,999,0,nonexistent,1.1,93.994,-36.4,4.857,5191.0,no
6749,29,services,married,basic.9y,no,yes,no,telephone,may,wed,94,3,999,0,nonexistent,1.1,93.994,-36.4,4.857,5191.0,no
6753,36,blue-collar,married,basic.9y,no,no,no,telephone,may,wed,389,4,999,0,nonexistent,1.1,93.994,-36.4,4.857,5191.0,no
6764,38,housemaid,married,basic.6y,unknown,yes,yes,telephone,may,wed,87,2,999,0,nonexistent,1.1,93.994,-36.4,4.857,5191.0,no
6767,35,blue-collar,married,basic.9y,no,no,no,telephone,may,wed,330,5,999,0,nonexistent,1.1,93.994,-36.4,4.857,5191.0,no
6768,34,technician,married,university.degree,no,no,no,telephone,may,wed,198,3,999,0,nonexistent,1.1,93.994,-36.4,4.857,5191.0,no
6776,37,admin.,single,university.degree,no,no,no,telephone,may,wed,362,3,999,0,nonexistent,1.1,93.994,-36.4,4.857,5191.0,no
6785,35,admin.,single,university.degree,no,no,yes,telephone,may,wed,424,3,999,0,nonexistent,1.1,93.994,-36.4,4.857,5191.0,no
6803,53,management,married,basic.4y,unknown,no,no,telephone,may,wed,528,2,999,0,nonexistent,1.1,93.994,-36.4,4.857,5191.0,no
6809,25,blue-collar,single,high.school,no,no,no,telephone,may,wed,313,2,999,0,nonexistent,1.1,93.994,-36.4,4.857,5191.0,no
6810,40,blue-collar,married,basic.4y,no,yes,no,telephone,may,wed,140,5,999,0,nonexistent,1.1,93.994,-36.4,4.857,5191.0,no
6817,44,blue-collar,single,basic.4y,unknown,no,no,telephone,may,wed,189,2,999,0,nonexistent,1.1,93.994,-36.4,4.857,5191.0,no
6827,43,blue-collar,single,unknown,unknown,no,no,telephone,may,wed,299,3,999,0,nonexistent,1.1,93.994,-36.4,4.857,5191.0,no
6831,46,admin.,divorced,high.school,no,yes,yes,telephone,may,wed,233,4,999,0,nonexistent,1.1,93.994,-36.4,4.857,5191.0,no
6833,52,blue-collar,married,professional.course,no,no,yes,telephone,may,wed,611,3,999,0,nonexistent,1.1,93.994,-36.4,4.857,5191.0,no
6834,35,blue-collar,single,professional.course,no,no,yes,telephone,may,wed,600,2,999,0,nonexistent,1.1,93.994,-36.4,4.857,5191.0,no
6841,35,blue-collar,married,basic.6y,no,no,no,telephone,may,wed,342,2,999,0,nonexistent,1.1,93.994,-36.4,4.857,5191.0,no
6846,28,self-employed,single,university.degree,no,no,no,telephone,may,wed,314,5,999,0,nonexistent,1.1,93.994,-36.4,4.857,5191.0,no
6863,47,admin.,married,high.school,no,yes,no,telephone,may,wed,318,2,999,0,nonexistent,1.1,93.994,-36.4,4.857,5191.0,no
6875,34,admin.,single,high.school,no,no,no,telephone,may,wed,194,3,999,0,nonexistent,1.1,93.994,-36.4,4.857,5191.0,no
6881,40,admin.,married,basic.9y,no,no,yes,telephone,may,wed,145,2,999,0,nonexistent,1.1,93.994,-36.4,4.857,5191.0,no
6884,34,blue-collar,married,basic.6y,no,no,no,telephone,may,wed,136,2,999,0,nonexistent,1.1,93.994,-36.4,4.857,5191.0,no
6897,36,blue-collar,single,basic.9y,no,no,no,telephone,may,thu,333,3,999,0,nonexistent,1.1,93.994,-36.4,4.86,5191.0,no
6906,33,admin.,married,professional.course,no,yes,yes,telephone,may,thu,140,1,999,0,nonexistent,1.1,93.994,-36.4,4.86,5191.0,no
6917,34,student,single,basic.4y,unknown,no,no,telephone,may,thu,95,1,999,0,nonexistent,1.1,93.994,-36.4,4.86,5191.0,no
6932,35,admin.,married,high.school,no,yes,no,telephone,may,thu,52,1,999,0,nonexistent,1.1,93.994,-36.4,4.86,5191.0,no
6941,33,blue-collar,married,basic.9y,unknown,no,no,telephone,may,thu,413,1,999,0,nonexistent,1.1,93.994,-36.4,4.86,5191.0,no
6954,37,technician,married,professional.course,no,no,yes,telephone,may,thu,44,1,999,0,nonexistent,1.1,93.994,-36.4,4.86,5191.0,no
6958,42,admin.,married,basic.4y,no,no,no,telephone,may,thu,148,1,999,0,nonexistent,1.1,93.994,-36.4,4.86,5191.0,no
6962,38,admin.,married,university.degree,no,yes,no,telephone,may,thu,744,1,999,0,nonexistent,1.1,93.994,-36.4,4.86,5191.0,no
6968,38,technician,divorced,professional.course,no,yes,no,telephone,may,thu,1093,1,999,0,nonexistent,1.1,93.994,-36.4,4.86,5191.0,yes
6981,44,admin.,married,university.degree,no,yes,no,telephone,may,thu,413,2,999,0,nonexistent,1.1,93.994,-36.4,4.86,5191.0,no
6984,59,entrepreneur,married,university.degree,unknown,no,no,telephone,may,thu,146,1,999,0,nonexistent,1.1,93.994,-36.4,4.86,5191.0,no
6985,53,unemployed,married,unknown,unknown,no,no,telephone,may,thu,202,1,999,0,nonexistent,1.1,93.994,-36.4,4.86,5191.0,no
6988,40,technician,married,basic.9y,no,yes,no,telephone,may,thu,257,1,999,0,nonexistent,1.1,93.994,-36.4,4.86,5191.0,no
6990,45,unknown,married,unknown,no,no,no,telephone,may,thu,208,1,999,0,nonexistent,1.1,93.994,-36.4,4.86,5191.0,no
6993,33,management,single,university.degree,no,unknown,unknown,telephone,may,thu,131,1,999,0,nonexistent,1.1,93.994,-36.4,4.86,5191.0,no
6998,47,admin.,single,university.degree,unknown,yes,yes,telephone,may,thu,656,1,999,0,nonexistent,1.1,93.994,-36.4,4.86,5191.0,no
7004,50,services,married,high.school,no,no,no,telephone,may,thu,134,6,999,0,nonexistent,1.1,93.994,-36.4,4.86,5191.0,no
7010,37,unemployed,married,professional.course,unknown,no,no,telephone,may,thu,746,1,999,0,nonexistent,1.1,93.994,-36.4,4.86,5191.0,yes
7013,32,management,single,university.degree,no,unknown,unknown,telephone,may,thu,315,1,999,0,nonexistent,1.1,93.994,-36.4,4.86,5191.0,no
7016,33,management,married,university.degree,no,yes,no,telephone,may,thu,144,2,999,0,nonexistent,1.1,93.994,-36.4,4.86,5191.0,no
7024,52,admin.,married,basic.6y,no,yes,no,telephone,may,thu,152,1,999,0,nonexistent,1.1,93.994,-36.4,4.86,5191.0,no
7029,44,blue-collar,single,basic.4y,no,yes,no,telephone,may,thu,106,1,999,0,nonexistent,1.1,93.994,-36.4,4.86,5191.0,no
7039,34,unemployed,single,university.degree,no,yes,yes,telephone,may,thu,35,1,999,0,nonexistent,1.1,93.994,-36.4,4.86,5191.0,no
7042,55,admin.,divorced,university.degree,no,no,no,telephone,may,thu,370,1,999,0,nonexistent,1.1,93.994,-36.4,4.86,5191.0,no
7056,31,admin.,divorced,high.school,no,no,no,telephone,may,thu,1207,1,999,0,nonexistent,1.1,93.994,-36.4,4.86,5191.0,yes
7076,45,technician,divorced,professional.course,no,no,no,telephone,may,thu,87,7,999,0,nonexistent,1.1,93.994,-36.4,4.86,5191.0,no
7078,33,management,married,high.school,unknown,yes,no,telephone,may,thu,202,1,999,0,nonexistent,1.1,93.994,-36.4,4.86,5191.0,no
7079,36,services,married,high.school,unknown,yes,no,telephone,may,thu,117,1,999,0,nonexistent,1.1,93.994,-36.4,4.86,5191.0,no
7086,36,services,married,high.school,no,no,no,telephone,may,thu,139,3,999,0,nonexistent,1.1,93.994,-36.4,4.86,5191.0,no
7107,42,admin.,married,university.degree,no,no,no,telephone,may,thu,129,2,999,0,nonexistent,1.1,93.994,-36.4,4.86,5191.0,no
7108,45,blue-collar,married,basic.6y,unknown,yes,no,telephone,may,thu,277,2,999,0,nonexistent,1.1,93.994,-36.4,4.86,5191.0,no
7120,43,blue-collar,married,basic.9y,no,no,no,telephone,may,thu,13,3,999,0,nonexistent,1.1,93.994,-36.4,4.86,5191.0,no
7127,34,services,married,high.school,unknown,no,no,telephone,may,thu,376,1,999,0,nonexistent,1.1,93.994,-36.4,4.86,5191.0,no
7151,50,technician,divorced,basic.9y,no,no,yes,telephone,may,thu,48,5,999,0,nonexistent,1.1,93.994,-36.4,4.86,5191.0,no
7152,51,management,married,university.degree,no,yes,no,telephone,may,thu,410,3,999,0,nonexistent,1.1,93.994,-36.4,4.86,5191.0,no
7165,36,management,married,university.degree,unknown,yes,no,telephone,may,thu,488,1,999,0,nonexistent,1.1,93.994,-36.4,4.86,5191.0,no
7166,51,services,married,basic.6y,no,yes,no,telephone,may,thu,176,3,999,0,nonexistent,1.1,93.994,-36.4,4.86,5191.0,no
7169,41,technician,married,professional.course,unknown,yes,no,telephone,may,thu,768,4,999,0,nonexistent,1.1,93.994,-36.4,4.86,5191.0,no
7171,46,blue-collar,married,basic.4y,unknown,yes,no,telephone,may,thu,101,4,999,0,nonexistent,1.1,93.994,-36.4,4.86,5191.0,no
7182,49,management,married,basic.4y,no,yes,no,telephone,may,thu,637,3,999,0,nonexistent,1.1,93.994,-36.4,4.86,5191.0,no
7187,55,housemaid,single,basic.9y,no,no,no,telephone,may,thu,553,1,999,0,nonexistent,1.1,93.994,-36.4,4.86,5191.0,no
7192,49,admin.,married,basic.6y,unknown,no,yes,telephone,may,thu,29,4,999,0,nonexistent,1.1,93.994,-36.4,4.86,5191.0,no
7194,25,admin.,married,university.degree,no,yes,no,telephone,may,thu,251,4,999,0,nonexistent,1.1,93.994,-36.4,4.86,5191.0,no
7197,34,technician,married,professional.course,no,no,no,telephone,may,thu,414,2,999,0,nonexistent,1.1,93.994,-36.4,4.86,5191.0,no
7220,35,blue-collar,married,basic.4y,unknown,no,no,telephone,may,thu,386,2,999,0,nonexistent,1.1,93.994,-36.4,4.86,5191.0,no
7221,52,unemployed,married,high.school,unknown,no,no,telephone,may,thu,218,2,999,0,nonexistent,1.1,93.994,-36.4,4.86,5191.0,no
7223,43,technician,married,university.degree,unknown,no,no,telephone,may,thu,84,2,999,0,nonexistent,1.1,93.994,-36.4,4.86,5191.0,no
7230,45,technician,married,university.degree,no,yes,no,telephone,may,thu,336,3,999,0,nonexistent,1.1,93.994,-36.4,4.86,5191.0,no
7233,31,technician,married,professional.course,no,no,no,telephone,may,thu,127,2,999,0,nonexistent,1.1,93.994,-36.4,4.86,5191.0,no
7236,52,blue-collar,married,basic.4y,no,yes,no,telephone,may,thu,286,2,999,0,nonexistent,1.1,93.994,-36.4,4.86,5191.0,no
7239,38,blue-collar,married,basic.4y,unknown,no,no,telephone,may,thu,211,6,999,0,nonexistent,1.1,93.994,-36.4,4.86,5191.0,no
7247,50,blue-collar,married,basic.4y,unknown,no,no,telephone,may,thu,18,16,999,0,nonexistent,1.1,93.994,-36.4,4.86,5191.0,no
7251,33,admin.,married,university.degree,no,yes,no,telephone,may,thu,56,3,999,0,nonexistent,1.1,93.994,-36.4,4.86,5191.0,no
7253,40,blue-collar,married,basic.4y,unknown,no,no,telephone,may,thu,144,5,999,0,nonexistent,1.1,93.994,-36.4,4.86,5191.0,no
7255,39,blue-collar,married,basic.6y,unknown,no,no,telephone,may,thu,286,3,999,0,nonexistent,1.1,93.994,-36.4,4.86,5191.0,no
7273,38,technician,single,university.degree,no,yes,yes,telephone,may,thu,245,3,999,0,nonexistent,1.1,93.994,-36.4,4.86,5191.0,no
7279,54,blue-collar,married,university.degree,no,no,yes,telephone,may,thu,106,4,999,0,nonexistent,1.1,93.994,-36.4,4.86,5191.0,no
7301,49,technician,married,basic.9y,no,yes,no,telephone,may,thu,182,6,999,0,nonexistent,1.1,93.994,-36.4,4.86,5191.0,no
7304,53,housemaid,single,basic.4y,unknown,no,no,telephone,may,thu,54,15,999,0,nonexistent,1.1,93.994,-36.4,4.86,5191.0,no
7306,55,technician,divorced,university.degree,unknown,no,no,telephone,may,thu,216,7,999,0,nonexistent,1.1,93.994,-36.4,4.86,5191.0,no
7309,45,unknown,married,unknown,no,no,yes,telephone,may,thu,62,6,999,0,nonexistent,1.1,93.994,-36.4,4.86,5191.0,no
7311,35,services,married,high.school,no,no,no,telephone,may,thu,86,4,999,0,nonexistent,1.1,93.994,-36.4,4.86,5191.0,no
7333,25,blue-collar,single,high.school,no,yes,no,telephone,may,fri,139,3,999,0,nonexistent,1.1,93.994,-36.4,4.864,5191.0,no
7334,54,self-employed,married,professional.course,unknown,no,no,telephone,may,fri,235,1,999,0,nonexistent,1.1,93.994,-36.4,4.864,5191.0,no
7343,48,blue-collar,married,basic.6y,no,no,no,telephone,may,fri,287,1,999,0,nonexistent,1.1,93.994,-36.4,4.864,5191.0,no
7354,36,blue-collar,single,basic.9y,unknown,no,no,telephone,may,fri,45,3,999,0,nonexistent,1.1,93.994,-36.4,4.864,5191.0,no
7357,40,admin.,married,high.school,no,yes,yes,telephone,may,fri,498,4,999,0,nonexistent,1.1,93.994,-36.4,4.864,5191.0,no
7363,45,technician,married,professional.course,unknown,no,no,telephone,may,fri,207,4,999,0,nonexistent,1.1,93.994,-36.4,4.864,5191.0,no
7386,34,unemployed,married,unknown,no,yes,no,telephone,may,fri,54,3,999,0,nonexistent,1.1,93.994,-36.4,4.864,5191.0,no
7400,55,unknown,married,unknown,unknown,yes,no,telephone,may,fri,449,1,999,0,nonexistent,1.1,93.994,-36.4,4.864,5191.0,no
7409,58,housemaid,married,basic.4y,unknown,yes,no,telephone,may,fri,652,2,999,0,nonexistent,1.1,93.994,-36.4,4.864,5191.0,no
7416,34,services,married,high.school,no,no,no,telephone,may,fri,103,5,999,0,nonexistent,1.1,93.994,-36.4,4.864,5191.0,no
7422,41,admin.,divorced,high.school,no,no,no,telephone,may,fri,556,1,999,0,nonexistent,1.1,93.994,-36.4,4.864,5191.0,no
7427,39,technician,married,professional.course,no,yes,no,telephone,may,fri,435,1,999,0,nonexistent,1.1,93.994,-36.4,4.864,5191.0,no
7429,41,admin.,married,high.school,no,no,no,telephone,may,fri,312,1,999,0,nonexistent,1.1,93.994,-36.4,4.864,5191.0,no
7453,43,blue-collar,married,basic.4y,unknown,no,yes,telephone,may,fri,126,1,999,0,nonexistent,1.1,93.994,-36.4,4.864,5191.0,no
7459,30,blue-collar,married,basic.4y,unknown,yes,no,telephone,may,fri,176,4,999,0,nonexistent,1.1,93.994,-36.4,4.864,5191.0,no
7466,26,admin.,single,high.school,no,no,yes,telephone,may,fri,143,2,999,0,nonexistent,1.1,93.994,-36.4,4.864,5191.0,no
7473,37,blue-collar,single,basic.9y,unknown,no,no,telephone,may,fri,121,1,999,0,nonexistent,1.1,93.994,-36.4,4.864,5191.0,no
7476,52,services,married,high.school,unknown,unknown,unknown,telephone,may,fri,854,2,999,0,nonexistent,1.1,93.994,-36.4,4.864,5191.0,yes
7484,53,technician,married,professional.course,unknown,yes,no,telephone,may,fri,153,1,999,0,nonexistent,1.1,93.994,-36.4,4.864,5191.0,no
7490,47,admin.,single,university.degree,no,no,no,telephone,may,fri,104,3,999,0,nonexistent,1.1,93.994,-36.4,4.864,5191.0,no
7491,28,technician,single,professional.course,no,yes,no,telephone,may,fri,65,13,999,0,nonexistent,1.1,93.994,-36.4,4.864,5191.0,no
7502,37,admin.,married,high.school,no,no,no,telephone,may,fri,868,1,999,0,nonexistent,1.1,93.994,-36.4,4.864,5191.0,no
7509,31,blue-collar,married,basic.9y,no,yes,no,telephone,may,fri,127,1,999,0,nonexistent,1.1,93.994,-36.4,4.864,5191.0,no
7515,43,admin.,married,university.degree,no,no,no,telephone,may,fri,129,3,999,0,nonexistent,1.1,93.994,-36.4,4.864,5191.0,no
7529,32,admin.,single,university.degree,no,no,no,telephone,may,fri,47,8,999,0,nonexistent,1.1,93.994,-36.4,4.864,5191.0,no
7537,46,admin.,married,university.degree,unknown,no,no,telephone,may,fri,38,5,999,0,nonexistent,1.1,93.994,-36.4,4.864,5191.0,no
7552,30,services,married,high.school,no,yes,no,telephone,may,fri,265,3,999,0,nonexistent,1.1,93.994,-36.4,4.864,5191.0,no
7556,37,blue-collar,married,high.school,no,no,no,telephone,may,fri,1236,2,999,0,nonexistent,1.1,93.994,-36.4,4.864,5191.0,yes
7557,33,blue-collar,married,basic.4y,no,no,no,telephone,may,fri,33,2,999,0,nonexistent,1.1,93.994,-36.4,4.864,5191.0,no
7559,25,blue-collar,single,high.school,no,no,no,telephone,may,fri,1212,3,999,0,nonexistent,1.1,93.994,-36.4,4.864,5191.0,no
7560,32,admin.,single,university.degree,unknown,no,no,telephone,may,fri,96,3,999,0,nonexistent,1.1,93.994,-36.4,4.864,5191.0,no
7571,29,services,married,high.school,no,no,no,telephone,may,fri,76,2,999,0,nonexistent,1.1,93.994,-36.4,4.864,5191.0,no
7574,33,technician,unknown,professional.course,unknown,yes,no,telephone,may,fri,378,1,999,0,nonexistent,1.1,93.994,-36.4,4.864,5191.0,no
7617,29,blue-collar,married,high.school,no,yes,yes,telephone,may,fri,62,3,999,0,nonexistent,1.1,93.994,-36.4,4.864,5191.0,no
7622,39,blue-collar,married,basic.9y,no,no,no,telephone,may,fri,199,3,999,0,nonexistent,1.1,93.994,-36.4,4.864,5191.0,no
7625,47,technician,married,basic.9y,no,no,no,telephone,may,fri,150,5,999,0,nonexistent,1.1,93.994,-36.4,4.864,5191.0,no
7627,29,management,single,university.degree,no,no,no,telephone,may,fri,170,2,999,0,nonexistent,1.1,93.994,-36.4,4.864,5191.0,no
7628,34,housemaid,divorced,basic.6y,no,no,no,telephone,may,fri,243,3,999,0,nonexistent,1.1,93.994,-36.4,4.864,5191.0,no
7633,33,technician,unknown,professional.course,unknown,no,no,telephone,may,fri,112,2,999,0,nonexistent,1.1,93.994,-36.4,4.864,5191.0,no
7639,44,services,married,basic.9y,no,yes,no,telephone,may,fri,109,4,999,0,nonexistent,1.1,93.994,-36.4,4.864,5191.0,no
7648,33,self-employed,single,basic.4y,no,yes,no,telephone,may,fri,742,2,999,0,nonexistent,1.1,93.994,-36.4,4.864,5191.0,no
7660,41,housemaid,married,university.degree,unknown,no,no,telephone,may,fri,199,3,999,0,nonexistent,1.1,93.994,-36.4,4.864,5191.0,no
7664,35,technician,single,university.degree,no,no,no,telephone,may,fri,58,3,999,0,nonexistent,1.1,93.994,-36.4,4.864,5191.0,no
7681,42,blue-collar,divorced,basic.4y,no,no,no,telephone,may,fri,181,4,999,0,nonexistent,1.1,93.994,-36.4,4.864,5191.0,no
7691,37,self-employed,married,high.school,no,no,no,telephone,may,fri,833,8,999,0,nonexistent,1.1,93.994,-36.4,4.864,5191.0,no
7699,53,services,married,basic.4y,no,no,no,telephone,may,fri,86,5,999,0,nonexistent,1.1,93.994,-36.4,4.864,5191.0,no
7707,36,management,married,university.degree,no,yes,no,telephone,may,fri,170,4,999,0,nonexistent,1.1,93.994,-36.4,4.864,5191.0,no
7712,57,blue-collar,married,basic.9y,no,no,no,telephone,may,fri,153,3,999,0,nonexistent,1.1,93.994,-36.4,4.864,5191.0,no
7713,45,blue-collar,divorced,basic.9y,no,yes,no,telephone,may,fri,281,4,999,0,nonexistent,1.1,93.994,-36.4,4.864,5191.0,no
7716,30,technician,married,university.degree,no,yes,no,telephone,may,fri,104,6,999,0,nonexistent,1.1,93.994,-36.4,4.864,5191.0,no
7736,40,admin.,married,high.school,unknown,no,yes,telephone,may,fri,84,3,999,0,nonexistent,1.1,93.994,-36.4,4.864,5191.0,no
7770,42,admin.,married,university.degree,no,no,no,telephone,jun,mon,130,2,999,0,nonexistent,1.4,94.465,-41.8,4.865,5228.1,no
7805,38,admin.,married,basic.9y,unknown,no,no,telephone,jun,mon,63,2,999,0,nonexistent,1.4,94.465,-41.8,4.865,5228.1,no
7815,60,management,married,university.degree,no,no,no,telephone,jun,mon,526,2,999,0,nonexistent,1.4,94.465,-41.8,4.865,5228.1,yes
7816,56,retired,divorced,basic.4y,no,no,no,telephone,jun,mon,163,1,999,0,nonexistent,1.4,94.465,-41.8,4.865,5228.1,no
7823,40,admin.,married,university.degree,unknown,yes,no,telephone,jun,mon,527,1,999,0,nonexistent,1.4,94.465,-41.8,4.865,5228.1,no
7826,51,management,married,university.degree,no,yes,yes,telephone,jun,mon,409,2,999,0,nonexistent,1.4,94.465,-41.8,4.865,5228.1,no
7831,34,blue-collar,single,basic.4y,unknown,yes,no,telephone,jun,mon,101,1,999,0,nonexistent,1.4,94.465,-41.8,4.865,5228.1,no
7832,47,technician,single,university.degree,no,no,yes,telephone,jun,mon,67,2,999,0,nonexistent,1.4,94.465,-41.8,4.865,5228.1,no
7843,47,technician,single,professional.course,unknown,yes,yes,telephone,jun,mon,227,1,999,0,nonexistent,1.4,94.465,-41.8,4.865,5228.1,no
7854,58,unemployed,married,basic.9y,no,no,no,telephone,jun,mon,266,2,999,0,nonexistent,1.4,94.465,-41.8,4.865,5228.1,no
7856,58,blue-collar,married,basic.6y,unknown,no,no,telephone,jun,mon,80,1,999,0,nonexistent,1.4,94.465,-41.8,4.865,5228.1,no
7861,34,blue-collar,married,basic.9y,unknown,yes,no,telephone,jun,mon,197,1,999,0,nonexistent,1.4,94.465,-41.8,4.865,5228.1,no
7865,35,blue-collar,married,high.school,no,no,no,telephone,jun,mon,184,1,999,0,nonexistent,1.4,94.465,-41.8,4.865,5228.1,no
7870,55,entrepreneur,divorced,university.degree,no,yes,yes,telephone,jun,mon,579,2,999,0,nonexistent,1.4,94.465,-41.8,4.865,5228.1,no
7873,40,entrepreneur,married,professional.course,unknown,no,no,telephone,jun,mon,66,6,999,0,nonexistent,1.4,94.465,-41.8,4.865,5228.1,no
7887,24,services,single,high.school,no,yes,no,telephone,jun,mon,920,2,999,0,nonexistent,1.4,94.465,-41.8,4.865,5228.1,no
7898,32,admin.,married,high.school,no,no,no,telephone,jun,mon,142,4,999,0,nonexistent,1.4,94.465,-41.8,4.865,5228.1,no
7900,51,blue-collar,married,basic.4y,no,yes,yes,telephone,jun,mon,184,1,999,0,nonexistent,1.4,94.465,-41.8,4.865,5228.1,no
7918,36,blue-collar,married,basic.6y,unknown,no,no,telephone,jun,mon,183,5,999,0,nonexistent,1.4,94.465,-41.8,4.865,5228.1,no
7921,48,blue-collar,married,basic.4y,no,yes,no,telephone,jun,mon,481,1,999,0,nonexistent,1.4,94.465,-41.8,4.865,5228.1,no
7938,53,management,divorced,university.degree,no,no,no,telephone,jun,mon,306,4,999,0,nonexistent,1.4,94.465,-41.8,4.865,5228.1,no
7940,31,blue-collar,married,basic.9y,no,yes,no,telephone,jun,mon,94,4,999,0,nonexistent,1.4,94.465,-41.8,4.865,5228.1,no
7948,47,management,divorced,university.degree,no,no,yes,telephone,jun,mon,302,1,999,0,nonexistent,1.4,94.465,-41.8,4.865,5228.1,no
7969,39,self-employed,married,university.degree,no,yes,yes,telephone,jun,mon,31,3,999,0,nonexistent,1.4,94.465,-41.8,4.865,5228.1,no
7970,55,blue-collar,married,basic.4y,unknown,yes,yes,telephone,jun,mon,266,2,999,0,nonexistent,1.4,94.465,-41.8,4.865,5228.1,no
7971,48,blue-collar,divorced,basic.4y,unknown,yes,no,telephone,jun,mon,163,2,999,0,nonexistent,1.4,94.465,-41.8,4.865,5228.1,no
7974,36,housemaid,married,basic.6y,no,yes,no,telephone,jun,mon,45,3,999,0,nonexistent,1.4,94.465,-41.8,4.865,5228.1,no
7991,40,services,divorced,high.school,no,no,no,telephone,jun,mon,158,1,999,0,nonexistent,1.4,94.465,-41.8,4.865,5228.1,no
8015,55,technician,married,professional.course,no,yes,no,telephone,jun,mon,555,5,999,0,nonexistent,1.4,94.465,-41.8,4.865,5228.1,yes
8030,35,blue-collar,single,unknown,no,no,no,telephone,jun,mon,136,1,999,0,nonexistent,1.4,94.465,-41.8,4.865,5228.1,no
8050,60,retired,married,basic.4y,unknown,no,no,telephone,jun,mon,223,2,999,0,nonexistent,1.4,94.465,-41.8,4.865,5228.1,no
8052,39,management,married,basic.6y,unknown,no,no,telephone,jun,mon,156,5,999,0,nonexistent,1.4,94.465,-41.8,4.865,5228.1,no
8055,44,technician,married,high.school,no,no,no,telephone,jun,mon,360,3,999,0,nonexistent,1.4,94.465,-41.8,4.865,5228.1,no
8069,47,blue-collar,married,unknown,unknown,yes,no,telephone,jun,mon,98,4,999,0,nonexistent,1.4,94.465,-41.8,4.865,5228.1,no
8077,32,entrepreneur,single,professional.course,no,no,no,telephone,jun,mon,20,20,999,0,nonexistent,1.4,94.465,-41.8,4.865,5228.1,no
8084,56,services,married,basic.4y,unknown,no,no,telephone,jun,mon,746,2,999,0,nonexistent,1.4,94.465,-41.8,4.865,5228.1,no
8085,26,blue-collar,married,basic.6y,unknown,unknown,unknown,telephone,jun,mon,351,6,999,0,nonexistent,1.4,94.465,-41.8,4.865,5228.1,no
8095,39,housemaid,divorced,basic.9y,no,yes,no,telephone,jun,mon,154,2,999,0,nonexistent,1.4,94.465,-41.8,4.865,5228.1,no
8127,48,blue-collar,married,basic.4y,unknown,yes,no,telephone,jun,mon,153,9,999,0,nonexistent,1.4,94.465,-41.8,4.865,5228.1,no
8133,57,management,married,basic.9y,unknown,yes,no,telephone,jun,mon,30,4,999,0,nonexistent,1.4,94.465,-41.8,4.865,5228.1,no
8145,43,blue-collar,single,professional.course,no,yes,no,telephone,jun,tue,209,2,999,0,nonexistent,1.4,94.465,-41.8,4.864,5228.1,no
8146,49,services,married,high.school,unknown,yes,no,telephone,jun,tue,86,5,999,0,nonexistent,1.4,94.465,-41.8,4.864,5228.1,no
8156,32,services,married,high.school,no,yes,no,telephone,jun,tue,73,1,999,0,nonexistent,1.4,94.465,-41.8,4.864,5228.1,no
8169,24,services,single,high.school,no,yes,no,telephone,jun,tue,117,1,999,0,nonexistent,1.4,94.465,-41.8,4.864,5228.1,no
8180,35,blue-collar,married,unknown,no,no,no,telephone,jun,tue,26,7,999,0,nonexistent,1.4,94.465,-41.8,4.864,5228.1,no
8203,30,blue-collar,single,basic.4y,unknown,yes,no,telephone,jun,tue,256,1,999,0,nonexistent,1.4,94.465,-41.8,4.864,5228.1,no
8206,37,services,married,high.school,unknown,yes,no,telephone,jun,tue,132,1,999,0,nonexistent,1.4,94.465,-41.8,4.864,5228.1,no
8209,40,blue-collar,divorced,basic.9y,unknown,no,no,telephone,jun,tue,479,1,999,0,nonexistent,1.4,94.465,-41.8,4.864,5228.1,no
8210,50,unknown,single,unknown,unknown,yes,no,telephone,jun,tue,363,1,999,0,nonexistent,1.4,94.465,-41.8,4.864,5228.1,no
8222,36,management,married,university.degree,unknown,no,no,telephone,jun,tue,65,13,999,0,nonexistent,1.4,94.465,-41.8,4.864,5228.1,no
8223,34,blue-collar,married,basic.4y,no,no,no,telephone,jun,tue,404,13,999,0,nonexistent,1.4,94.465,-41.8,4.864,5228.1,no
8233,49,technician,married,basic.6y,unknown,no,no,telephone,jun,tue,88,2,999,0,nonexistent,1.4,94.465,-41.8,4.864,5228.1,no
8239,44,admin.,single,university.degree,no,no,yes,telephone,jun,tue,143,1,999,0,nonexistent,1.4,94.465,-41.8,4.864,5228.1,no
8241,40,blue-collar,married,basic.4y,unknown,yes,no,telephone,jun,tue,161,3,999,0,nonexistent,1.4,94.465,-41.8,4.864,5228.1,no
8243,36,student,single,basic.9y,no,yes,no,telephone,jun,tue,771,1,999,0,nonexistent,1.4,94.465,-41.8,4.864,5228.1,no
8245,28,admin.,single,high.school,no,no,no,telephone,jun,tue,132,5,999,0,nonexistent,1.4,94.465,-41.8,4.864,5228.1,no
8250,56,entrepreneur,married,unknown,unknown,yes,no,telephone,jun,tue,536,1,999,0,nonexistent,1.4,94.465,-41.8,4.864,5228.1,no
8252,49,blue-collar,married,basic.4y,unknown,yes,yes,telephone,jun,tue,131,5,999,0,nonexistent,1.4,94.465,-41.8,4.864,5228.1,no
8255,34,technician,married,professional.course,no,no,yes,telephone,jun,tue,145,1,999,0,nonexistent,1.4,94.465,-41.8,4.864,5228.1,no
8256,50,blue-collar,divorced,basic.9y,no,yes,no,telephone,jun,tue,288,2,999,0,nonexistent,1.4,94.465,-41.8,4.864,5228.1,no
8262,57,blue-collar,married,high.school,unknown,no,no,telephone,jun,tue,171,3,999,0,nonexistent,1.4,94.465,-41.8,4.864,5228.1,no
8274,35,self-employed,married,basic.9y,no,no,yes,telephone,jun,tue,227,1,999,0,nonexistent,1.4,94.465,-41.8,4.864,5228.1,no
8298,53,admin.,married,high.school,no,no,no,telephone,jun,tue,138,2,999,0,nonexistent,1.4,94.465,-41.8,4.864,5228.1,no
8300,48,admin.,divorced,university.degree,no,no,no,telephone,jun,tue,418,2,999,0,nonexistent,1.4,94.465,-41.8,4.864,5228.1,no
8301,27,blue-collar,married,basic.9y,no,no,no,telephone,jun,tue,208,1,999,0,nonexistent,1.4,94.465,-41.8,4.864,5228.1,no
8306,32,admin.,married,university.degree,no,yes,yes,telephone,jun,tue,299,1,999,0,nonexistent,1.4,94.465,-41.8,4.864,5228.1,no
8314,53,housemaid,married,basic.4y,no,unknown,unknown,telephone,jun,tue,259,1,999,0,nonexistent,1.4,94.465,-41.8,4.864,5228.1,no
8318,49,blue-collar,married,basic.4y,no,no,no,telephone,jun,tue,188,5,999,0,nonexistent,1.4,94.465,-41.8,4.864,5228.1,no
8323,30,admin.,married,high.school,no,yes,no,telephone,jun,tue,615,1,999,0,nonexistent,1.4,94.465,-41.8,4.864,5228.1,no
8331,38,entrepreneur,married,basic.6y,no,no,yes,telephone,jun,tue,165,2,999,0,nonexistent,1.4,94.465,-41.8,4.864,5228.1,no
8335,54,technician,married,university.degree,unknown,no,no,telephone,jun,tue,294,2,999,0,nonexistent,1.4,94.465,-41.8,4.864,5228.1,no
8340,43,unemployed,married,basic.9y,no,no,no,telephone,jun,tue,633,28,999,0,nonexistent,1.4,94.465,-41.8,4.864,5228.1,no
8350,57,blue-collar,married,basic.4y,unknown,yes,no,telephone,jun,tue,43,5,999,0,nonexistent,1.4,94.465,-41.8,4.864,5228.1,no
8353,42,admin.,married,university.degree,unknown,yes,no,telephone,jun,tue,215,3,999,0,nonexistent,1.4,94.465,-41.8,4.864,5228.1,no
8355,28,blue-collar,single,basic.4y,no,no,no,telephone,jun,tue,320,1,999,0,nonexistent,1.4,94.465,-41.8,4.864,5228.1,no
8369,60,admin.,married,university.degree,unknown,no,no,telephone,jun,tue,111,7,999,0,nonexistent,1.4,94.465,-41.8,4.864,5228.1,no
8378,46,admin.,married,high.school,no,no,no,telephone,jun,tue,107,3,999,0,nonexistent,1.4,94.465,-41.8,4.864,5228.1,no
8382,36,admin.,married,professional.course,no,yes,no,telephone,jun,tue,129,1,999,0,nonexistent,1.4,94.465,-41.8,4.864,5228.1,no
8386,39,admin.,married,university.degree,no,yes,yes,telephone,jun,tue,178,1,999,0,nonexistent,1.4,94.465,-41.8,4.864,5228.1,no
8387,51,blue-collar,married,basic.9y,no,yes,no,telephone,jun,tue,81,6,999,0,nonexistent,1.4,94.465,-41.8,4.864,5228.1,no
8391,27,blue-collar,married,basic.9y,no,yes,no,telephone,jun,tue,72,1,999,0,nonexistent,1.4,94.465,-41.8,4.864,5228.1,no
8399,59,admin.,married,university.degree,no,yes,yes,telephone,jun,tue,215,3,999,0,nonexistent,1.4,94.465,-41.8,4.864,5228.1,no
8415,27,services,single,high.school,no,no,no,telephone,jun,tue,323,2,999,0,nonexistent,1.4,94.465,-41.8,4.864,5228.1,no
8427,58,retired,married,basic.4y,unknown,yes,no,telephone,jun,tue,137,3,999,0,nonexistent,1.4,94.465,-41.8,4.864,5228.1,no
8429,54,services,married,high.school,no,yes,no,telephone,jun,tue,184,5,999,0,nonexistent,1.4,94.465,-41.8,4.864,5228.1,no
8441,46,housemaid,divorced,basic.6y,no,yes,no,telephone,jun,tue,143,8,999,0,nonexistent,1.4,94.465,-41.8,4.864,5228.1,no
8448,59,retired,married,professional.course,no,yes,no,telephone,jun,tue,77,8,999,0,nonexistent,1.4,94.465,-41.8,4.864,5228.1,no
8457,33,blue-collar,married,basic.9y,no,no,no,telephone,jun,tue,281,7,999,0,nonexistent,1.4,94.465,-41.8,4.864,5228.1,no
8458,42,blue-collar,married,high.school,unknown,yes,no,telephone,jun,tue,94,2,999,0,nonexistent,1.4,94.465,-41.8,4.864,5228.1,no
8460,47,admin.,married,university.degree,no,yes,no,telephone,jun,tue,203,9,999,0,nonexistent,1.4,94.465,-41.8,4.864,5228.1,no
8461,41,management,married,university.degree,no,no,no,telephone,jun,tue,140,6,999,0,nonexistent,1.4,94.465,-41.8,4.864,5228.1,no
8477,28,blue-collar,single,basic.9y,no,no,no,telephone,jun,tue,550,1,999,0,nonexistent,1.4,94.465,-41.8,4.864,5228.1,no
8484,57,admin.,divorced,unknown,unknown,no,no,telephone,jun,tue,28,19,999,0,nonexistent,1.4,94.465,-41.8,4.864,5228.1,no
8487,36,blue-collar,married,basic.9y,unknown,no,no,telephone,jun,tue,226,1,999,0,nonexistent,1.4,94.465,-41.8,4.864,5228.1,no
8495,44,admin.,married,university.degree,no,yes,no,telephone,jun,wed,25,1,999,0,nonexistent,1.4,94.465,-41.8,4.864,5228.1,no
8532,26,blue-collar,single,basic.6y,no,no,no,telephone,jun,wed,18,1,999,0,nonexistent,1.4,94.465,-41.8,4.864,5228.1,no
8552,24,student,single,high.school,no,no,no,telephone,jun,wed,132,1,999,0,nonexistent,1.4,94.465,-41.8,4.864,5228.1,no
8555,36,entrepreneur,married,university.degree,no,yes,no,telephone,jun,wed,1045,1,999,0,nonexistent,1.4,94.465,-41.8,4.864,5228.1,no
8557,31,blue-collar,married,basic.9y,no,no,no,telephone,jun,wed,204,1,999,0,nonexistent,1.4,94.465,-41.8,4.864,5228.1,no
8560,40,admin.,married,high.school,no,yes,yes,telephone,jun,wed,73,10,999,0,nonexistent,1.4,94.465,-41.8,4.864,5228.1,no
8567,32,admin.,single,university.degree,no,no,yes,telephone,jun,wed,174,1,999,0,nonexistent,1.4,94.465,-41.8,4.864,5228.1,no
8578,50,admin.,married,high.school,no,no,no,telephone,jun,wed,276,1,999,0,nonexistent,1.4,94.465,-41.8,4.864,5228.1,no
8585,26,admin.,married,high.school,no,yes,yes,telephone,jun,wed,119,2,999,0,nonexistent,1.4,94.465,-41.8,4.864,5228.1,no
8586,25,admin.,married,high.school,no,yes,no,telephone,jun,wed,264,2,999,0,nonexistent,1.4,94.465,-41.8,4.864,5228.1,no
8603,35,student,single,high.school,no,no,no,telephone,jun,wed,71,4,999,0,nonexistent,1.4,94.465,-41.8,4.864,5228.1,no
8604,32,admin.,married,university.degree,no,no,no,telephone,jun,wed,525,2,999,0,nonexistent,1.4,94.465,-41.8,4.864,5228.1,yes
8638,51,blue-collar,married,basic.4y,unknown,yes,no,telephone,jun,wed,1254,10,999,0,nonexistent,1.4,94.465,-41.8,4.864,5228.1,no
8643,50,housemaid,divorced,high.school,unknown,yes,no,telephone,jun,wed,763,4,999,0,nonexistent,1.4,94.465,-41.8,4.864,5228.1,no
8649,25,admin.,single,university.degree,no,no,no,telephone,jun,wed,188,2,999,0,nonexistent,1.4,94.465,-41.8,4.864,5228.1,no
8655,37,unemployed,married,professional.course,unknown,no,no,telephone,jun,wed,42,16,999,0,nonexistent,1.4,94.465,-41.8,4.864,5228.1,no
8657,41,entrepreneur,married,basic.4y,no,yes,no,telephone,jun,wed,95,2,999,0,nonexistent,1.4,94.465,-41.8,4.864,5228.1,no
8673,39,technician,married,professional.course,no,no,no,telephone,jun,wed,249,2,999,0,nonexistent,1.4,94.465,-41.8,4.864,5228.1,no
8726,30,blue-collar,married,basic.6y,no,no,no,telephone,jun,wed,201,2,999,0,nonexistent,1.4,94.465,-41.8,4.864,5228.1,no
8732,59,blue-collar,married,basic.9y,unknown,no,no,telephone,jun,wed,361,1,999,0,nonexistent,1.4,94.465,-41.8,4.864,5228.1,no
8759,34,management,married,university.degree,no,no,no,telephone,jun,thu,221,1,999,0,nonexistent,1.4,94.465,-41.8,4.866,5228.1,no
8765,33,admin.,single,professional.course,no,no,no,telephone,jun,thu,104,1,999,0,nonexistent,1.4,94.465,-41.8,4.866,5228.1,no
8784,52,retired,married,high.school,no,no,no,telephone,jun,thu,48,2,999,0,nonexistent,1.4,94.465,-41.8,4.866,5228.1,no
8786,58,blue-collar,married,basic.4y,no,no,no,telephone,jun,thu,69,1,999,0,nonexistent,1.4,94.465,-41.8,4.866,5228.1,no
8793,46,admin.,married,university.degree,unknown,no,no,telephone,jun,thu,93,1,999,0,nonexistent,1.4,94.465,-41.8,4.866,5228.1,no
8801,41,blue-collar,married,basic.9y,unknown,no,no,telephone,jun,thu,142,2,999,0,nonexistent,1.4,94.465,-41.8,4.866,5228.1,no
8804,30,technician,married,university.degree,unknown,no,no,telephone,jun,thu,189,1,999,0,nonexistent,1.4,94.465,-41.8,4.866,5228.1,no
8829,31,blue-collar,divorced,basic.9y,no,yes,no,telephone,jun,thu,166,2,999,0,nonexistent,1.4,94.465,-41.8,4.866,5228.1,no
8841,38,services,married,basic.4y,no,no,yes,telephone,jun,thu,90,1,999,0,nonexistent,1.4,94.465,-41.8,4.866,5228.1,no
8845,46,admin.,married,basic.9y,unknown,yes,no,telephone,jun,thu,70,1,999,0,nonexistent,1.4,94.465,-41.8,4.866,5228.1,no
8847,31,blue-collar,married,basic.9y,no,yes,no,telephone,jun,thu,91,1,999,0,nonexistent,1.4,94.465,-41.8,4.866,5228.1,no
8849,41,management,married,university.degree,no,yes,no,telephone,jun,thu,52,8,999,0,nonexistent,1.4,94.465,-41.8,4.866,5228.1,no
8868,40,management,married,university.degree,no,unknown,unknown,telephone,jun,thu,315,1,999,0,nonexistent,1.4,94.465,-41.8,4.866,5228.1,no
8873,49,entrepreneur,married,basic.4y,unknown,no,no,telephone,jun,thu,285,1,999,0,nonexistent,1.4,94.465,-41.8,4.866,5228.1,no
8891,58,retired,married,high.school,no,no,no,telephone,jun,thu,355,1,999,0,nonexistent,1.4,94.465,-41.8,4.866,5228.1,no
8896,35,admin.,single,basic.4y,unknown,no,no,telephone,jun,thu,117,2,999,0,nonexistent,1.4,94.465,-41.8,4.866,5228.1,no
8897,31,admin.,single,university.degree,no,yes,no,telephone,jun,thu,237,3,999,0,nonexistent,1.4,94.465,-41.8,4.866,5228.1,no
8899,55,retired,married,professional.course,no,yes,no,telephone,jun,thu,147,1,999,0,nonexistent,1.4,94.465,-41.8,4.866,5228.1,no
8915,54,technician,single,university.degree,unknown,no,no,telephone,jun,thu,594,3,999,0,nonexistent,1.4,94.465,-41.8,4.866,5228.1,no
8935,37,services,married,high.school,no,yes,no,telephone,jun,thu,52,1,999,0,nonexistent,1.4,94.465,-41.8,4.866,5228.1,no
8952,60,retired,married,professional.course,no,yes,no,telephone,jun,thu,190,2,999,0,nonexistent,1.4,94.465,-41.8,4.866,5228.1,no
8966,34,admin.,single,university.degree,no,no,no,telephone,jun,thu,128,1,999,0,nonexistent,1.4,94.465,-41.8,4.866,5228.1,no
8967,41,blue-collar,married,basic.4y,no,no,no,telephone,jun,thu,163,1,999,0,nonexistent,1.4,94.465,-41.8,4.866,5228.1,no
8988,47,blue-collar,married,basic.6y,unknown,yes,no,telephone,jun,thu,86,2,999,0,nonexistent,1.4,94.465,-41.8,4.866,5228.1,no
9002,39,admin.,married,high.school,no,yes,no,telephone,jun,thu,337,2,999,0,nonexistent,1.4,94.465,-41.8,4.866,5228.1,no
9023,56,technician,married,professional.course,unknown,yes,no,telephone,jun,thu,150,2,999,0,nonexistent,1.4,94.465,-41.8,4.866,5228.1,no
9027,49,technician,married,university.degree,no,yes,yes,telephone,jun,thu,460,3,999,0,nonexistent,1.4,94.465,-41.8,4.866,5228.1,no
9030,51,unemployed,married,high.school,no,no,no,telephone,jun,thu,93,3,999,0,nonexistent,1.4,94.465,-41.8,4.866,5228.1,no
9041,37,technician,married,professional.course,no,no,no,telephone,jun,thu,221,3,999,0,nonexistent,1.4,94.465,-41.8,4.866,5228.1,no
9066,43,blue-collar,married,basic.9y,no,no,no,telephone,jun,thu,246,2,999,0,nonexistent,1.4,94.465,-41.8,4.866,5228.1,no
9080,32,housemaid,married,high.school,no,no,no,telephone,jun,thu,372,1,999,0,nonexistent,1.4,94.465,-41.8,4.866,5228.1,no
9088,36,blue-collar,married,high.school,no,yes,no,telephone,jun,fri,178,1,999,0,nonexistent,1.4,94.465,-41.8,4.967,5228.1,no
9095,41,management,married,high.school,no,unknown,unknown,telephone,jun,fri,190,1,999,0,nonexistent,1.4,94.465,-41.8,4.967,5228.1,no
9096,35,services,married,high.school,no,yes,no,telephone,jun,fri,582,11,999,0,nonexistent,1.4,94.465,-41.8,4.967,5228.1,no
9105,36,technician,married,professional.course,no,no,no,telephone,jun,fri,193,3,999,0,nonexistent,1.4,94.465,-41.8,4.967,5228.1,no
9107,35,technician,married,university.degree,no,yes,no,telephone,jun,fri,246,3,999,0,nonexistent,1.4,94.465,-41.8,4.967,5228.1,no
9118,53,services,married,high.school,unknown,no,no,telephone,jun,fri,373,1,999,0,nonexistent,1.4,94.465,-41.8,4.967,5228.1,no
9143,41,admin.,single,high.school,no,yes,no,telephone,jun,fri,266,2,999,0,nonexistent,1.4,94.465,-41.8,4.967,5228.1,no
9158,52,self-employed,married,basic.4y,unknown,no,yes,telephone,jun,fri,381,2,999,0,nonexistent,1.4,94.465,-41.8,4.967,5228.1,yes
9161,34,technician,married,professional.course,no,no,no,telephone,jun,fri,1994,2,999,0,nonexistent,1.4,94.465,-41.8,4.967,5228.1,no
9169,41,blue-collar,married,high.school,unknown,no,yes,telephone,jun,fri,320,1,999,0,nonexistent,1.4,94.465,-41.8,4.967,5228.1,no
9176,35,unemployed,married,university.degree,no,yes,yes,telephone,jun,fri,272,1,999,0,nonexistent,1.4,94.465,-41.8,4.967,5228.1,no
9177,34,blue-collar,married,basic.9y,unknown,no,no,telephone,jun,fri,120,2,999,0,nonexistent,1.4,94.465,-41.8,4.967,5228.1,no
9180,55,services,married,high.school,unknown,yes,no,telephone,jun,fri,315,1,999,0,nonexistent,1.4,94.465,-41.8,4.967,5228.1,no
9182,40,services,divorced,basic.6y,no,no,yes,telephone,jun,fri,386,1,999,0,nonexistent,1.4,94.465,-41.8,4.967,5228.1,no
9187,35,admin.,single,university.degree,no,yes,no,telephone,jun,fri,358,1,999,0,nonexistent,1.4,94.465,-41.8,4.967,5228.1,no
9213,35,blue-collar,married,basic.9y,no,no,no,telephone,jun,fri,968,1,999,0,nonexistent,1.4,94.465,-41.8,4.967,5228.1,no
9232,40,blue-collar,married,basic.4y,unknown,no,yes,telephone,jun,fri,181,2,999,0,nonexistent,1.4,94.465,-41.8,4.967,5228.1,no
9246,51,admin.,married,basic.9y,no,no,yes,telephone,jun,fri,434,1,999,0,nonexistent,1.4,94.465,-41.8,4.967,5228.1,no
9272,40,blue-collar,single,unknown,no,no,yes,telephone,jun,fri,274,2,999,0,nonexistent,1.4,94.465,-41.8,4.967,5228.1,no
9279,34,blue-collar,married,basic.4y,no,yes,yes,telephone,jun,fri,426,2,999,0,nonexistent,1.4,94.465,-41.8,4.967,5228.1,no
9287,31,admin.,single,university.degree,no,no,no,telephone,jun,fri,213,2,999,0,nonexistent,1.4,94.465,-41.8,4.967,5228.1,no
9299,55,unemployed,married,basic.4y,unknown,yes,yes,telephone,jun,fri,95,2,999,0,nonexistent,1.4,94.465,-41.8,4.967,5228.1,no
9319,40,blue-collar,married,basic.4y,unknown,no,no,telephone,jun,fri,48,2,999,0,nonexistent,1.4,94.465,-41.8,4.967,5228.1,no
9322,42,blue-collar,married,basic.9y,no,no,yes,telephone,jun,fri,213,2,999,0,nonexistent,1.4,94.465,-41.8,4.967,5228.1,no
9332,40,admin.,married,university.degree,unknown,unknown,unknown,telephone,jun,fri,65,6,999,0,nonexistent,1.4,94.465,-41.8,4.967,5228.1,no
9338,40,admin.,married,high.school,unknown,yes,no,telephone,jun,fri,85,3,999,0,nonexistent,1.4,94.465,-41.8,4.967,5228.1,no
9344,39,management,married,basic.6y,unknown,yes,no,telephone,jun,fri,38,3,999,0,nonexistent,1.4,94.465,-41.8,4.967,5228.1,no
9352,39,management,married,university.degree,no,no,no,telephone,jun,fri,47,1,999,0,nonexistent,1.4,94.465,-41.8,4.967,5228.1,no
9360,36,blue-collar,married,basic.4y,no,yes,no,telephone,jun,fri,86,3,999,0,nonexistent,1.4,94.465,-41.8,4.967,5228.1,no
9362,53,admin.,divorced,university.degree,no,no,no,telephone,jun,fri,80,5,999,0,nonexistent,1.4,94.465,-41.8,4.967,5228.1,no
9365,41,blue-collar,married,basic.9y,unknown,no,no,telephone,jun,fri,201,6,999,0,nonexistent,1.4,94.465,-41.8,4.967,5228.1,no
9381,47,admin.,married,university.degree,no,no,no,telephone,jun,fri,143,1,999,0,nonexistent,1.4,94.465,-41.8,4.967,5228.1,no
9396,31,services,married,high.school,no,yes,no,telephone,jun,fri,303,2,999,0,nonexistent,1.4,94.465,-41.8,4.967,5228.1,no
9404,36,admin.,married,high.school,no,no,no,telephone,jun,fri,355,4,999,0,nonexistent,1.4,94.465,-41.8,4.967,5228.1,no
9412,42,services,single,high.school,no,no,no,telephone,jun,fri,207,4,999,0,nonexistent,1.4,94.465,-41.8,4.967,5228.1,no
9413,41,technician,divorced,basic.4y,no,yes,no,telephone,jun,fri,128,2,999,0,nonexistent,1.4,94.465,-41.8,4.967,5228.1,no
9414,43,management,married,high.school,no,yes,yes,telephone,jun,fri,304,2,999,0,nonexistent,1.4,94.465,-41.8,4.967,5228.1,no
9432,27,self-employed,single,university.degree,no,no,yes,telephone,jun,fri,100,4,999,0,nonexistent,1.4,94.465,-41.8,4.967,5228.1,no
9433,55,admin.,married,basic.4y,unknown,no,no,telephone,jun,fri,1469,9,999,0,nonexistent,1.4,94.465,-41.8,4.967,5228.1,yes
9439,32,admin.,single,university.degree,no,unknown,unknown,telephone,jun,fri,121,4,999,0,nonexistent,1.4,94.465,-41.8,4.967,5228.1,no
9458,38,technician,single,professional.course,unknown,yes,no,telephone,jun,fri,111,5,999,0,nonexistent,1.4,94.465,-41.8,4.967,5228.1,no
9460,42,services,married,high.school,no,yes,no,telephone,jun,fri,174,1,999,0,nonexistent,1.4,94.465,-41.8,4.967,5228.1,no
9473,29,self-employed,single,university.degree,no,no,no,telephone,jun,mon,221,10,999,0,nonexistent,1.4,94.465,-41.8,4.961,5228.1,no
9494,38,blue-collar,single,basic.4y,no,yes,no,telephone,jun,mon,108,1,999,0,nonexistent,1.4,94.465,-41.8,4.961,5228.1,no
9503,39,blue-collar,married,basic.4y,unknown,no,no,telephone,jun,mon,202,2,999,0,nonexistent,1.4,94.465,-41.8,4.961,5228.1,no
9505,36,technician,married,university.degree,no,yes,no,telephone,jun,mon,196,1,999,0,nonexistent,1.4,94.465,-41.8,4.961,5228.1,no
9507,47,management,married,basic.4y,no,no,yes,telephone,jun,mon,74,2,999,0,nonexistent,1.4,94.465,-41.8,4.961,5228.1,no
9511,33,admin.,married,university.degree,no,no,yes,telephone,jun,mon,232,1,999,0,nonexistent,1.4,94.465,-41.8,4.961,5228.1,no
9540,25,services,married,high.school,no,yes,no,telephone,jun,mon,174,9,999,0,nonexistent,1.4,94.465,-41.8,4.961,5228.1,no
9561,35,unemployed,divorced,high.school,unknown,yes,no,telephone,jun,mon,51,1,999,0,nonexistent,1.4,94.465,-41.8,4.961,5228.1,no
9563,42,technician,single,basic.9y,unknown,no,no,telephone,jun,mon,626,1,999,0,nonexistent,1.4,94.465,-41.8,4.961,5228.1,no
9565,53,admin.,single,basic.6y,no,yes,no,telephone,jun,mon,63,1,999,0,nonexistent,1.4,94.465,-41.8,4.961,5228.1,no
9574,56,technician,divorced,professional.course,unknown,yes,no,telephone,jun,mon,123,2,999,0,nonexistent,1.4,94.465,-41.8,4.961,5228.1,no
9579,44,blue-collar,single,basic.4y,no,no,no,telephone,jun,mon,128,1,999,0,nonexistent,1.4,94.465,-41.8,4.961,5228.1,no
9605,46,entrepreneur,married,professional.course,unknown,no,no,telephone,jun,mon,88,1,999,0,nonexistent,1.4,94.465,-41.8,4.961,5228.1,no
9614,25,blue-collar,single,basic.4y,no,yes,yes,telephone,jun,mon,81,1,999,0,nonexistent,1.4,94.465,-41.8,4.961,5228.1,no
9623,56,entrepreneur,divorced,university.degree,no,no,yes,telephone,jun,mon,311,1,999,0,nonexistent,1.4,94.465,-41.8,4.961,5228.1,no
9635,39,management,married,university.degree,no,yes,no,telephone,jun,mon,23,1,999,0,nonexistent,1.4,94.465,-41.8,4.961,5228.1,no
9640,29,blue-collar,married,basic.4y,no,no,yes,telephone,jun,mon,164,1,999,0,nonexistent,1.4,94.465,-41.8,4.961,5228.1,no
9642,39,self-employed,married,basic.9y,unknown,no,no,telephone,jun,mon,79,1,999,0,nonexistent,1.4,94.465,-41.8,4.961,5228.1,no
9649,36,technician,married,university.degree,no,yes,no,telephone,jun,mon,78,2,999,0,nonexistent,1.4,94.465,-41.8,4.961,5228.1,no
9652,53,blue-collar,married,basic.4y,no,no,yes,telephone,jun,mon,340,2,999,0,nonexistent,1.4,94.465,-41.8,4.961,5228.1,no
9653,40,unemployed,married,high.school,no,yes,no,telephone,jun,mon,196,1,999,0,nonexistent,1.4,94.465,-41.8,4.961,5228.1,no
9672,38,blue-collar,married,basic.6y,no,no,no,telephone,jun,mon,559,1,999,0,nonexistent,1.4,94.465,-41.8,4.961,5228.1,no
9691,26,technician,married,professional.course,no,no,no,telephone,jun,mon,170,2,999,0,nonexistent,1.4,94.465,-41.8,4.961,5228.1,no
9692,40,blue-collar,married,basic.6y,no,no,no,telephone,jun,mon,493,2,999,0,nonexistent,1.4,94.465,-41.8,4.961,5228.1,no
9694,30,blue-collar,single,basic.4y,no,no,no,telephone,jun,mon,17,5,999,0,nonexistent,1.4,94.465,-41.8,4.961,5228.1,no
9701,46,admin.,married,high.school,unknown,yes,no,telephone,jun,mon,96,6,999,0,nonexistent,1.4,94.465,-41.8,4.961,5228.1,no
9702,26,admin.,single,high.school,no,yes,no,telephone,jun,mon,223,2,999,0,nonexistent,1.4,94.465,-41.8,4.961,5228.1,no
9712,32,blue-collar,single,basic.9y,no,yes,no,telephone,jun,mon,22,17,999,0,nonexistent,1.4,94.465,-41.8,4.961,5228.1,no
9719,40,blue-collar,married,basic.4y,no,no,no,telephone,jun,mon,258,2,999,0,nonexistent,1.4,94.465,-41.8,4.961,5228.1,no
9729,37,admin.,married,high.school,no,no,no,telephone,jun,mon,155,3,999,0,nonexistent,1.4,94.465,-41.8,4.961,5228.1,no
9756,35,blue-collar,married,basic.9y,no,no,no,telephone,jun,mon,388,12,999,0,nonexistent,1.4,94.465,-41.8,4.961,5228.1,no
9763,37,admin.,married,high.school,no,no,no,telephone,jun,mon,250,2,999,0,nonexistent,1.4,94.465,-41.8,4.961,5228.1,no
9775,59,blue-collar,married,basic.4y,unknown,yes,yes,telephone,jun,mon,69,6,999,0,nonexistent,1.4,94.465,-41.8,4.961,5228.1,no
9780,30,blue-collar,married,basic.9y,no,yes,no,telephone,jun,mon,115,4,999,0,nonexistent,1.4,94.465,-41.8,4.961,5228.1,no
9787,26,admin.,married,high.school,unknown,yes,no,telephone,jun,wed,198,5,999,0,nonexistent,1.4,94.465,-41.8,4.959,5228.1,no
9805,39,technician,divorced,professional.course,no,no,no,telephone,jun,wed,29,2,999,0,nonexistent,1.4,94.465,-41.8,4.959,5228.1,no
9810,33,admin.,married,university.degree,no,yes,no,telephone,jun,wed,305,10,999,0,nonexistent,1.4,94.465,-41.8,4.959,5228.1,no
9812,34,management,married,university.degree,no,no,no,telephone,jun,wed,893,8,999,0,nonexistent,1.4,94.465,-41.8,4.959,5228.1,yes
9822,48,services,married,high.school,unknown,yes,no,telephone,jun,wed,327,9,999,0,nonexistent,1.4,94.465,-41.8,4.959,5228.1,no
9828,39,unemployed,married,professional.course,no,yes,no,telephone,jun,wed,281,4,999,0,nonexistent,1.4,94.465,-41.8,4.959,5228.1,no
9832,47,management,married,university.degree,no,yes,no,telephone,jun,wed,181,1,999,0,nonexistent,1.4,94.465,-41.8,4.959,5228.1,no
9833,41,admin.,single,university.degree,no,yes,yes,telephone,jun,wed,88,5,999,0,nonexistent,1.4,94.465,-41.8,4.959,5228.1,no
9854,32,blue-collar,married,basic.9y,no,yes,no,telephone,jun,wed,261,1,999,0,nonexistent,1.4,94.465,-41.8,4.959,5228.1,no
9859,29,admin.,single,university.degree,no,yes,no,telephone,jun,wed,694,2,999,0,nonexistent,1.4,94.465,-41.8,4.959,5228.1,no
9862,45,entrepreneur,married,high.school,no,yes,no,telephone,jun,wed,275,2,999,0,nonexistent,1.4,94.465,-41.8,4.959,5228.1,no
9868,37,blue-collar,married,basic.6y,unknown,yes,no,telephone,jun,wed,199,1,999,0,nonexistent,1.4,94.465,-41.8,4.959,5228.1,no
9881,47,unknown,married,unknown,unknown,yes,no,telephone,jun,wed,91,1,999,0,nonexistent,1.4,94.465,-41.8,4.959,5228.1,no
9882,34,services,married,high.school,no,unknown,unknown,telephone,jun,wed,187,1,999,0,nonexistent,1.4,94.465,-41.8,4.959,5228.1,no
9884,42,technician,married,professional.course,unknown,no,no,telephone,jun,wed,115,16,999,0,nonexistent,1.4,94.465,-41.8,4.959,5228.1,no
9902,43,entrepreneur,married,university.degree,unknown,no,no,telephone,jun,wed,935,1,999,0,nonexistent,1.4,94.465,-41.8,4.959,5228.1,yes
9909,31,technician,single,unknown,no,no,no,telephone,jun,wed,46,1,999,0,nonexistent,1.4,94.465,-41.8,4.959,5228.1,no
9913,44,unemployed,single,basic.4y,no,no,no,telephone,jun,wed,33,1,999,0,nonexistent,1.4,94.465,-41.8,4.959,5228.1,no
9915,57,blue-collar,married,unknown,unknown,no,no,telephone,jun,wed,651,2,999,0,nonexistent,1.4,94.465,-41.8,4.959,5228.1,yes
9919,41,self-employed,married,high.school,no,unknown,unknown,telephone,jun,wed,143,1,999,0,nonexistent,1.4,94.465,-41.8,4.959,5228.1,no
9920,43,unemployed,married,university.degree,unknown,yes,no,telephone,jun,wed,174,1,999,0,nonexistent,1.4,94.465,-41.8,4.959,5228.1,no
9921,39,entrepreneur,married,university.degree,no,yes,no,telephone,jun,wed,63,1,999,0,nonexistent,1.4,94.465,-41.8,4.959,5228.1,no
9922,44,blue-collar,divorced,high.school,no,yes,no,telephone,jun,wed,340,1,999,0,nonexistent,1.4,94.465,-41.8,4.959,5228.1,no
9931,45,unknown,married,unknown,unknown,no,no,telephone,jun,wed,113,1,999,0,nonexistent,1.4,94.465,-41.8,4.959,5228.1,no
9935,42,services,married,high.school,no,no,no,telephone,jun,wed,678,4,999,0,nonexistent,1.4,94.465,-41.8,4.959,5228.1,no
9948,40,services,married,high.school,no,yes,no,telephone,jun,wed,85,6,999,0,nonexistent,1.4,94.465,-41.8,4.959,5228.1,no
9958,41,admin.,single,high.school,no,no,no,telephone,jun,wed,328,3,999,0,nonexistent,1.4,94.465,-41.8,4.959,5228.1,no
9973,47,blue-collar,married,basic.9y,unknown,no,no,telephone,jun,wed,47,7,999,0,nonexistent,1.4,94.465,-41.8,4.959,5228.1,no
9993,46,blue-collar,married,basic.9y,no,no,no,telephone,jun,wed,152,10,999,0,nonexistent,1.4,94.465,-41.8,4.959,5228.1,no
9994,31,housemaid,married,basic.4y,unknown,yes,no,telephone,jun,wed,328,4,999,0,nonexistent,1.4,94.465,-41.8,4.959,5228.1,no
10003,25,blue-collar,single,basic.4y,no,no,no,telephone,jun,wed,107,19,999,0,nonexistent,1.4,94.465,-41.8,4.959,5228.1,no
10008,49,blue-collar,divorced,basic.4y,unknown,no,no,telephone,jun,wed,122,5,999,0,nonexistent,1.4,94.465,-41.8,4.959,5228.1,no
10013,43,blue-collar,married,basic.9y,unknown,yes,no,telephone,jun,wed,93,2,999,0,nonexistent,1.4,94.465,-41.8,4.959,5228.1,no
10017,32,entrepreneur,married,high.school,unknown,no,no,telephone,jun,wed,850,8,999,0,nonexistent,1.4,94.465,-41.8,4.959,5228.1,no
10018,32,blue-collar,married,basic.9y,no,no,no,telephone,jun,thu,307,2,999,0,nonexistent,1.4,94.465,-41.8,4.958,5228.1,no
10019,40,admin.,married,high.school,unknown,no,no,telephone,jun,thu,89,6,999,0,nonexistent,1.4,94.465,-41.8,4.958,5228.1,no
10020,38,blue-collar,married,basic.6y,unknown,no,no,telephone,jun,thu,71,12,999,0,nonexistent,1.4,94.465,-41.8,4.958,5228.1,no
10034,42,entrepreneur,married,university.degree,unknown,yes,no,telephone,jun,thu,135,3,999,0,nonexistent,1.4,94.465,-41.8,4.958,5228.1,no
10035,36,blue-collar,married,basic.6y,no,yes,no,telephone,jun,thu,614,2,999,0,nonexistent,1.4,94.465,-41.8,4.958,5228.1,yes
10051,44,technician,divorced,professional.course,no,no,no,telephone,jun,thu,112,1,999,0,nonexistent,1.4,94.465,-41.8,4.958,5228.1,no
10063,53,technician,married,unknown,no,no,no,telephone,jun,thu,123,1,999,0,nonexistent,1.4,94.465,-41.8,4.958,5228.1,no
10096,43,blue-collar,married,basic.9y,no,yes,no,telephone,jun,thu,237,1,999,0,nonexistent,1.4,94.465,-41.8,4.958,5228.1,no
10097,38,technician,single,university.degree,no,no,no,telephone,jun,thu,72,1,999,0,nonexistent,1.4,94.465,-41.8,4.958,5228.1,no
10112,40,blue-collar,married,basic.4y,no,yes,no,telephone,jun,thu,134,1,999,0,nonexistent,1.4,94.465,-41.8,4.958,5228.1,no
10116,24,blue-collar,married,basic.9y,no,no,yes,telephone,jun,thu,167,1,999,0,nonexistent,1.4,94.465,-41.8,4.958,5228.1,no
10124,39,unemployed,married,university.degree,no,yes,no,telephone,jun,thu,72,1,999,0,nonexistent,1.4,94.465,-41.8,4.958,5228.1,no
10150,32,technician,married,university.degree,no,no,no,telephone,jun,thu,281,1,999,0,nonexistent,1.4,94.465,-41.8,4.958,5228.1,no
10152,31,blue-collar,married,basic.9y,no,no,no,telephone,jun,thu,186,2,999,0,nonexistent,1.4,94.465,-41.8,4.958,5228.1,no
10164,44,management,married,high.school,no,yes,no,telephone,jun,thu,226,3,999,0,nonexistent,1.4,94.465,-41.8,4.958,5228.1,no
10169,45,blue-collar,single,basic.6y,no,no,no,telephone,jun,thu,138,2,999,0,nonexistent,1.4,94.465,-41.8,4.958,5228.1,no
10180,38,management,single,university.degree,no,yes,no,telephone,jun,thu,69,3,999,0,nonexistent,1.4,94.465,-41.8,4.958,5228.1,no
10191,36,technician,married,professional.course,no,no,yes,telephone,jun,thu,247,2,999,0,nonexistent,1.4,94.465,-41.8,4.958,5228.1,no
10192,57,technician,married,basic.4y,unknown,no,no,telephone,jun,thu,243,2,999,0,nonexistent,1.4,94.465,-41.8,4.958,5228.1,no
10197,39,unemployed,single,basic.6y,no,no,no,telephone,jun,thu,238,2,999,0,nonexistent,1.4,94.465,-41.8,4.958,5228.1,no
10201,32,admin.,single,university.degree,unknown,no,no,telephone,jun,thu,188,4,999,0,nonexistent,1.4,94.465,-41.8,4.958,5228.1,no
10214,29,admin.,single,university.degree,no,no,no,telephone,jun,mon,109,2,999,0,nonexistent,1.4,94.465,-41.8,4.96,5228.1,no
10217,35,unemployed,married,university.degree,no,yes,no,telephone,jun,mon,82,4,999,0,nonexistent,1.4,94.465,-41.8,4.96,5228.1,no
10223,29,blue-collar,married,high.school,no,no,no,telephone,jun,mon,140,2,999,0,nonexistent,1.4,94.465,-41.8,4.96,5228.1,no
10246,52,technician,divorced,university.degree,no,no,no,telephone,jun,mon,184,3,999,0,nonexistent,1.4,94.465,-41.8,4.96,5228.1,no
10256,52,blue-collar,married,basic.4y,no,yes,no,telephone,jun,mon,186,6,999,0,nonexistent,1.4,94.465,-41.8,4.96,5228.1,no
10279,50,blue-collar,single,basic.9y,unknown,no,no,telephone,jun,mon,264,4,999,0,nonexistent,1.4,94.465,-41.8,4.96,5228.1,no
10282,34,admin.,married,university.degree,no,no,no,telephone,jun,mon,146,3,999,0,nonexistent,1.4,94.465,-41.8,4.96,5228.1,no
10292,34,entrepreneur,married,university.degree,no,yes,yes,telephone,jun,mon,265,3,999,0,nonexistent,1.4,94.465,-41.8,4.96,5228.1,no
10297,33,blue-collar,married,basic.4y,unknown,no,no,telephone,jun,mon,41,1,999,0,nonexistent,1.4,94.465,-41.8,4.96,5228.1,no
10302,32,services,single,high.school,no,no,no,telephone,jun,mon,223,2,999,0,nonexistent,1.4,94.465,-41.8,4.96,5228.1,no
10328,25,student,single,high.school,no,yes,yes,telephone,jun,mon,100,1,999,0,nonexistent,1.4,94.465,-41.8,4.96,5228.1,no
10329,42,technician,married,university.degree,unknown,yes,no,telephone,jun,mon,91,1,999,0,nonexistent,1.4,94.465,-41.8,4.96,5228.1,no
10333,43,self-employed,married,basic.9y,no,no,no,telephone,jun,mon,1089,1,999,0,nonexistent,1.4,94.465,-41.8,4.96,5228.1,yes
10336,33,self-employed,single,university.degree,no,no,no,telephone,jun,mon,226,4,999,0,nonexistent,1.4,94.465,-41.8,4.96,5228.1,no
10337,34,entrepreneur,single,professional.course,no,yes,no,telephone,jun,mon,136,8,999,0,nonexistent,1.4,94.465,-41.8,4.96,5228.1,no
10340,52,blue-collar,married,basic.4y,no,no,no,telephone,jun,mon,50,3,999,0,nonexistent,1.4,94.465,-41.8,4.96,5228.1,no
10354,31,entrepreneur,single,basic.9y,no,no,no,telephone,jun,mon,1248,3,999,0,nonexistent,1.4,94.465,-41.8,4.96,5228.1,yes
10365,52,blue-collar,married,basic.9y,no,no,no,telephone,jun,mon,401,2,999,0,nonexistent,1.4,94.465,-41.8,4.96,5228.1,no
10370,24,unemployed,married,university.degree,no,yes,no,telephone,jun,mon,266,1,999,0,nonexistent,1.4,94.465,-41.8,4.96,5228.1,no
10393,39,admin.,single,high.school,no,yes,no,telephone,jun,mon,358,1,999,0,nonexistent,1.4,94.465,-41.8,4.96,5228.1,no
10397,43,blue-collar,married,basic.6y,unknown,yes,no,telephone,jun,mon,51,1,999,0,nonexistent,1.4,94.465,-41.8,4.96,5228.1,no
10407,34,technician,divorced,professional.course,no,no,no,telephone,jun,mon,442,3,999,0,nonexistent,1.4,94.465,-41.8,4.96,5228.1,no
10413,40,services,single,high.school,no,yes,yes,telephone,jun,mon,20,21,999,0,nonexistent,1.4,94.465,-41.8,4.96,5228.1,no
10416,37,technician,married,basic.6y,no,no,no,telephone,jun,mon,87,3,999,0,nonexistent,1.4,94.465,-41.8,4.96,5228.1,no
10418,32,services,married,high.school,no,no,no,telephone,jun,mon,244,3,999,0,nonexistent,1.4,94.465,-41.8,4.96,5228.1,no
10436,36,management,single,university.degree,no,no,no,telephone,jun,mon,301,6,999,0,nonexistent,1.4,94.465,-41.8,4.96,5228.1,no
10441,32,technician,married,professional.course,no,yes,no,telephone,jun,mon,226,2,999,0,nonexistent,1.4,94.465,-41.8,4.96,5228.1,no
10458,49,management,married,high.school,no,yes,no,telephone,jun,mon,26,18,999,0,nonexistent,1.4,94.465,-41.8,4.96,5228.1,no
10470,54,technician,married,high.school,no,no,no,telephone,jun,mon,77,5,999,0,nonexistent,1.4,94.465,-41.8,4.96,5228.1,no
10476,39,technician,married,professional.course,no,no,no,telephone,jun,tue,83,2,999,0,nonexistent,1.4,94.465,-41.8,4.961,5228.1,no
10484,34,admin.,married,university.degree,no,yes,no,telephone,jun,tue,150,3,999,0,nonexistent,1.4,94.465,-41.8,4.961,5228.1,no
10486,52,management,divorced,high.school,no,no,no,telephone,jun,tue,62,4,999,0,nonexistent,1.4,94.465,-41.8,4.961,5228.1,no
10490,37,blue-collar,single,basic.9y,unknown,no,no,telephone,jun,tue,338,7,999,0,nonexistent,1.4,94.465,-41.8,4.961,5228.1,no
10502,37,technician,single,university.degree,no,yes,yes,telephone,jun,tue,43,1,999,0,nonexistent,1.4,94.465,-41.8,4.961,5228.1,no
10504,47,blue-collar,married,basic.4y,unknown,yes,yes,telephone,jun,tue,168,1,999,0,nonexistent,1.4,94.465,-41.8,4.961,5228.1,no
10510,39,self-employed,married,basic.9y,unknown,yes,no,telephone,jun,tue,145,1,999,0,nonexistent,1.4,94.465,-41.8,4.961,5228.1,no
10511,47,entrepreneur,married,professional.course,unknown,yes,no,telephone,jun,tue,78,1,999,0,nonexistent,1.4,94.465,-41.8,4.961,5228.1,no
10516,46,housemaid,married,basic.4y,unknown,no,yes,telephone,jun,tue,166,1,999,0,nonexistent,1.4,94.465,-41.8,4.961,5228.1,no
10520,25,student,single,high.school,no,yes,no,telephone,jun,tue,173,1,999,0,nonexistent,1.4,94.465,-41.8,4.961,5228.1,no
10526,31,admin.,divorced,high.school,no,unknown,unknown,telephone,jun,tue,68,1,999,0,nonexistent,1.4,94.465,-41.8,4.961,5228.1,no
10527,41,admin.,married,university.degree,no,yes,yes,telephone,jun,tue,75,1,999,0,nonexistent,1.4,94.465,-41.8,4.961,5228.1,no
10529,28,blue-collar,single,basic.9y,no,no,no,telephone,jun,tue,138,1,999,0,nonexistent,1.4,94.465,-41.8,4.961,5228.1,no
10540,53,blue-collar,married,basic.4y,unknown,no,no,telephone,jun,tue,527,1,999,0,nonexistent,1.4,94.465,-41.8,4.961,5228.1,no
10541,49,blue-collar,married,basic.9y,no,no,yes,telephone,jun,tue,156,2,999,0,nonexistent,1.4,94.465,-41.8,4.961,5228.1,no
10555,36,technician,married,university.degree,no,no,no,telephone,jun,tue,181,1,999,0,nonexistent,1.4,94.465,-41.8,4.961,5228.1,no
10564,32,blue-collar,married,basic.4y,unknown,no,no,telephone,jun,tue,135,1,999,0,nonexistent,1.4,94.465,-41.8,4.961,5228.1,no
10579,47,blue-collar,married,basic.6y,unknown,yes,no,telephone,jun,tue,388,9,999,0,nonexistent,1.4,94.465,-41.8,4.961,5228.1,no
10598,38,management,married,high.school,unknown,yes,no,telephone,jun,tue,77,1,999,0,nonexistent,1.4,94.465,-41.8,4.961,5228.1,no
10611,48,blue-collar,married,basic.6y,no,yes,no,telephone,jun,tue,130,1,999,0,nonexistent,1.4,94.465,-41.8,4.961,5228.1,no
10631,33,unemployed,divorced,professional.course,no,yes,no,telephone,jun,tue,353,1,999,0,nonexistent,1.4,94.465,-41.8,4.961,5228.1,no
10634,56,housemaid,divorced,basic.4y,unknown,yes,no,telephone,jun,tue,77,5,999,0,nonexistent,1.4,94.465,-41.8,4.961,5228.1,no
10643,47,admin.,married,university.degree,no,no,yes,telephone,jun,tue,24,1,999,0,nonexistent,1.4,94.465,-41.8,4.961,5228.1,no
10648,38,blue-collar,married,professional.course,no,no,no,telephone,jun,tue,291,1,999,0,nonexistent,1.4,94.465,-41.8,4.961,5228.1,no
10661,30,self-employed,single,university.degree,no,no,yes,telephone,jun,tue,74,6,999,0,nonexistent,1.4,94.465,-41.8,4.961,5228.1,no
10666,35,services,single,high.school,unknown,yes,no,telephone,jun,tue,437,2,999,0,nonexistent,1.4,94.465,-41.8,4.961,5228.1,no
10667,22,student,single,high.school,no,unknown,unknown,telephone,jun,tue,1199,2,999,0,nonexistent,1.4,94.465,-41.8,4.961,5228.1,no
10670,25,unemployed,single,high.school,unknown,yes,no,telephone,jun,tue,292,3,999,0,nonexistent,1.4,94.465,-41.8,4.961,5228.1,no
10686,52,blue-collar,divorced,high.school,no,no,no,telephone,jun,tue,676,2,999,0,nonexistent,1.4,94.465,-41.8,4.961,5228.1,yes
10699,48,blue-collar,married,unknown,unknown,yes,yes,telephone,jun,tue,127,2,999,0,nonexistent,1.4,94.465,-41.8,4.961,5228.1,no
10700,39,blue-collar,married,high.school,no,yes,yes,telephone,jun,tue,314,2,999,0,nonexistent,1.4,94.465,-41.8,4.961,5228.1,no
10701,33,admin.,married,university.degree,no,no,yes,telephone,jun,tue,277,2,999,0,nonexistent,1.4,94.465,-41.8,4.961,5228.1,no
10702,36,entrepreneur,single,university.degree,no,no,no,telephone,jun,tue,140,2,999,0,nonexistent,1.4,94.465,-41.8,4.961,5228.1,no
10708,30,self-employed,single,university.degree,no,yes,no,telephone,jun,tue,2621,3,999,0,nonexistent,1.4,94.465,-41.8,4.961,5228.1,yes
10747,28,services,single,high.school,no,no,no,telephone,jun,tue,406,3,999,0,nonexistent,1.4,94.465,-41.8,4.961,5228.1,no
10749,35,self-employed,married,basic.9y,no,yes,no,telephone,jun,tue,363,2,999,0,nonexistent,1.4,94.465,-41.8,4.961,5228.1,no
10756,36,admin.,single,university.degree,no,no,no,telephone,jun,tue,70,10,999,0,nonexistent,1.4,94.465,-41.8,4.961,5228.1,no
10758,37,technician,married,high.school,no,yes,no,telephone,jun,tue,398,4,999,0,nonexistent,1.4,94.465,-41.8,4.961,5228.1,no
10760,54,technician,married,professional.course,unknown,yes,yes,telephone,jun,tue,76,4,999,0,nonexistent,1.4,94.465,-41.8,4.961,5228.1,no
10769,43,blue-collar,married,basic.6y,no,yes,no,telephone,jun,tue,169,4,999,0,nonexistent,1.4,94.465,-41.8,4.961,5228.1,no
10781,28,management,married,high.school,unknown,no,no,telephone,jun,tue,61,6,999,0,nonexistent,1.4,94.465,-41.8,4.961,5228.1,no
10784,37,technician,single,university.degree,no,yes,no,telephone,jun,tue,117,3,999,0,nonexistent,1.4,94.465,-41.8,4.961,5228.1,no
10785,24,admin.,single,university.degree,no,yes,no,telephone,jun,tue,128,21,999,0,nonexistent,1.4,94.465,-41.8,4.961,5228.1,no
10787,43,blue-collar,married,basic.6y,unknown,yes,yes,telephone,jun,tue,193,3,999,0,nonexistent,1.4,94.465,-41.8,4.961,5228.1,no
10790,44,admin.,divorced,high.school,no,no,no,telephone,jun,tue,132,4,999,0,nonexistent,1.4,94.465,-41.8,4.961,5228.1,no
10802,54,blue-collar,married,high.school,no,yes,yes,telephone,jun,wed,26,7,999,0,nonexistent,1.4,94.465,-41.8,4.962,5228.1,no
10817,30,management,single,university.degree,no,yes,no,telephone,jun,wed,66,1,999,0,nonexistent,1.4,94.465,-41.8,4.962,5228.1,no
10836,36,blue-collar,single,high.school,no,yes,no,telephone,jun,wed,835,1,999,0,nonexistent,1.4,94.465,-41.8,4.962,5228.1,yes
10843,45,blue-collar,married,unknown,unknown,no,no,telephone,jun,wed,503,11,999,0,nonexistent,1.4,94.465,-41.8,4.962,5228.1,no
10855,25,services,single,professional.course,no,no,no,telephone,jun,wed,185,4,999,0,nonexistent,1.4,94.465,-41.8,4.962,5228.1,no
10859,47,services,married,high.school,no,unknown,unknown,telephone,jun,wed,347,4,999,0,nonexistent,1.4,94.465,-41.8,4.962,5228.1,no
10865,31,services,married,high.school,no,yes,no,telephone,jun,wed,417,3,999,0,nonexistent,1.4,94.465,-41.8,4.962,5228.1,no
10881,41,blue-collar,married,basic.6y,no,no,no,telephone,jun,wed,15,1,999,0,nonexistent,1.4,94.465,-41.8,4.962,5228.1,no
10886,23,blue-collar,married,professional.course,unknown,no,no,telephone,jun,wed,94,1,999,0,nonexistent,1.4,94.465,-41.8,4.962,5228.1,no
10891,43,blue-collar,married,basic.6y,no,no,no,telephone,jun,wed,192,1,999,0,nonexistent,1.4,94.465,-41.8,4.962,5228.1,no
10908,43,blue-collar,married,basic.6y,no,yes,no,telephone,jun,wed,1540,1,999,0,nonexistent,1.4,94.465,-41.8,4.962,5228.1,yes
10909,39,blue-collar,divorced,basic.9y,no,yes,no,telephone,jun,wed,310,1,999,0,nonexistent,1.4,94.465,-41.8,4.962,5228.1,no
10911,34,admin.,single,high.school,no,no,yes,telephone,jun,wed,129,1,999,0,nonexistent,1.4,94.465,-41.8,4.962,5228.1,no
10914,49,housemaid,divorced,basic.4y,no,no,no,telephone,jun,wed,67,1,999,0,nonexistent,1.4,94.465,-41.8,4.962,5228.1,no
10921,34,blue-collar,married,professional.course,unknown,no,no,telephone,jun,wed,1009,1,999,0,nonexistent,1.4,94.465,-41.8,4.962,5228.1,no
10927,26,blue-collar,married,basic.4y,no,no,no,telephone,jun,wed,94,1,999,0,nonexistent,1.4,94.465,-41.8,4.962,5228.1,no
10929,39,technician,married,professional.course,unknown,yes,yes,telephone,jun,wed,65,1,999,0,nonexistent,1.4,94.465,-41.8,4.962,5228.1,no
10952,36,blue-collar,married,basic.9y,no,no,no,telephone,jun,wed,81,2,999,0,nonexistent,1.4,94.465,-41.8,4.962,5228.1,no
10964,28,admin.,married,university.degree,no,no,no,telephone,jun,wed,392,1,999,0,nonexistent,1.4,94.465,-41.8,4.962,5228.1,no
10966,57,housemaid,married,basic.4y,no,no,no,telephone,jun,wed,101,1,999,0,nonexistent,1.4,94.465,-41.8,4.962,5228.1,no
10971,52,services,single,high.school,no,yes,no,telephone,jun,wed,43,1,999,0,nonexistent,1.4,94.465,-41.8,4.962,5228.1,no
10982,41,technician,single,professional.course,no,yes,no,telephone,jun,wed,1255,1,999,0,nonexistent,1.4,94.465,-41.8,4.962,5228.1,yes
10992,41,self-employed,married,basic.9y,no,yes,no,telephone,jun,wed,376,7,999,0,nonexistent,1.4,94.465,-41.8,4.962,5228.1,no
10996,27,admin.,single,university.degree,no,no,no,telephone,jun,wed,443,7,999,0,nonexistent,1.4,94.465,-41.8,4.962,5228.1,no
11001,55,management,single,basic.4y,no,yes,no,telephone,jun,wed,89,4,999,0,nonexistent,1.4,94.465,-41.8,4.962,5228.1,no
11040,43,management,divorced,university.degree,no,no,no,telephone,jun,wed,114,1,999,0,nonexistent,1.4,94.465,-41.8,4.962,5228.1,no
11047,28,management,married,university.degree,no,no,no,telephone,jun,wed,771,2,999,0,nonexistent,1.4,94.465,-41.8,4.962,5228.1,yes
11062,50,technician,married,professional.course,unknown,yes,no,telephone,jun,wed,18,20,999,0,nonexistent,1.4,94.465,-41.8,4.962,5228.1,no
11072,54,management,married,basic.6y,no,no,no,telephone,jun,wed,255,3,999,0,nonexistent,1.4,94.465,-41.8,4.962,5228.1,no
11079,56,retired,married,basic.4y,no,no,no,telephone,jun,wed,375,2,999,0,nonexistent,1.4,94.465,-41.8,4.962,5228.1,no
11091,40,blue-collar,divorced,basic.9y,no,no,no,telephone,jun,thu,575,1,999,0,nonexistent,1.4,94.465,-41.8,4.961,5228.1,no
11094,46,admin.,single,university.degree,no,yes,no,telephone,jun,thu,172,3,999,0,nonexistent,1.4,94.465,-41.8,4.961,5228.1,no
11102,59,retired,married,basic.9y,no,no,no,telephone,jun,thu,297,1,999,0,nonexistent,1.4,94.465,-41.8,4.961,5228.1,no
11108,46,blue-collar,divorced,basic.6y,no,unknown,unknown,telephone,jun,thu,45,9,999,0,nonexistent,1.4,94.465,-41.8,4.961,5228.1,no
11123,58,self-employed,divorced,professional.course,no,no,no,telephone,jun,thu,197,1,999,0,nonexistent,1.4,94.465,-41.8,4.961,5228.1,no
11130,34,services,divorced,basic.9y,unknown,no,no,telephone,jun,thu,73,2,999,0,nonexistent,1.4,94.465,-41.8,4.961,5228.1,no
11137,36,admin.,married,university.degree,no,yes,no,telephone,jun,thu,127,1,999,0,nonexistent,1.4,94.465,-41.8,4.961,5228.1,no
11139,41,unemployed,married,professional.course,no,yes,no,telephone,jun,thu,109,1,999,0,nonexistent,1.4,94.465,-41.8,4.961,5228.1,no
11141,52,management,divorced,university.degree,no,no,no,telephone,jun,thu,167,1,999,0,nonexistent,1.4,94.465,-41.8,4.961,5228.1,no
11147,27,technician,single,professional.course,no,no,no,telephone,jun,thu,248,1,999,0,nonexistent,1.4,94.465,-41.8,4.961,5228.1,no
11148,32,self-employed,single,high.school,no,no,no,telephone,jun,thu,11,1,999,0,nonexistent,1.4,94.465,-41.8,4.961,5228.1,no
11153,47,management,married,basic.4y,no,no,yes,telephone,jun,thu,216,1,999,0,nonexistent,1.4,94.465,-41.8,4.961,5228.1,no
11168,45,admin.,married,basic.9y,no,no,no,telephone,jun,thu,521,1,999,0,nonexistent,1.4,94.465,-41.8,4.961,5228.1,no
11171,42,blue-collar,single,basic.6y,no,unknown,unknown,telephone,jun,thu,59,3,999,0,nonexistent,1.4,94.465,-41.8,4.961,5228.1,no
11182,39,management,married,basic.4y,unknown,yes,no,telephone,jun,thu,26,1,999,0,nonexistent,1.4,94.465,-41.8,4.961,5228.1,no
11196,40,blue-collar,married,basic.9y,unknown,no,no,telephone,jun,thu,212,1,999,0,nonexistent,1.4,94.465,-41.8,4.961,5228.1,no
11211,50,blue-collar,married,basic.4y,unknown,yes,no,telephone,jun,thu,56,2,999,0,nonexistent,1.4,94.465,-41.8,4.961,5228.1,no
11216,30,admin.,married,high.school,no,no,no,telephone,jun,thu,162,3,999,0,nonexistent,1.4,94.465,-41.8,4.961,5228.1,no
11219,36,admin.,married,high.school,no,no,no,telephone,jun,thu,177,1,999,0,nonexistent,1.4,94.465,-41.8,4.961,5228.1,no
11231,29,blue-collar,single,high.school,no,yes,no,telephone,jun,thu,1318,3,999,0,nonexistent,1.4,94.465,-41.8,4.961,5228.1,yes
11254,36,management,single,high.school,no,unknown,unknown,telephone,jun,thu,184,1,999,0,nonexistent,1.4,94.465,-41.8,4.961,5228.1,no
11263,58,technician,married,high.school,unknown,no,no,telephone,jun,thu,525,1,999,0,nonexistent,1.4,94.465,-41.8,4.961,5228.1,no
11266,38,admin.,married,university.degree,no,no,no,telephone,jun,thu,142,1,999,0,nonexistent,1.4,94.465,-41.8,4.961,5228.1,no
11269,36,blue-collar,married,basic.4y,no,yes,no,telephone,jun,thu,559,1,999,0,nonexistent,1.4,94.465,-41.8,4.961,5228.1,no
11275,55,blue-collar,married,basic.4y,unknown,yes,no,telephone,jun,thu,1136,1,999,0,nonexistent,1.4,94.465,-41.8,4.961,5228.1,yes
11286,29,admin.,married,basic.9y,no,yes,no,telephone,jun,thu,120,1,999,0,nonexistent,1.4,94.465,-41.8,4.961,5228.1,no
11293,37,blue-collar,married,basic.9y,no,yes,no,telephone,jun,thu,164,2,999,0,nonexistent,1.4,94.465,-41.8,4.961,5228.1,no
11305,28,blue-collar,single,high.school,no,no,no,telephone,jun,thu,1017,1,999,0,nonexistent,1.4,94.465,-41.8,4.961,5228.1,no
11315,48,blue-collar,married,high.school,unknown,yes,no,telephone,jun,thu,234,1,999,0,nonexistent,1.4,94.465,-41.8,4.961,5228.1,no
11322,31,blue-collar,married,basic.9y,no,no,no,telephone,jun,thu,296,1,999,0,nonexistent,1.4,94.465,-41.8,4.961,5228.1,no
11323,46,entrepreneur,married,university.degree,unknown,yes,no,telephone,jun,thu,563,2,999,0,nonexistent,1.4,94.465,-41.8,4.961,5228.1,no
11329,52,blue-collar,married,basic.4y,no,yes,no,telephone,jun,thu,106,2,999,0,nonexistent,1.4,94.465,-41.8,4.961,5228.1,no
11339,29,admin.,single,high.school,no,yes,yes,telephone,jun,thu,15,10,999,0,nonexistent,1.4,94.465,-41.8,4.961,5228.1,no
11347,37,technician,married,professional.course,no,yes,no,telephone,jun,thu,683,2,999,0,nonexistent,1.4,94.465,-41.8,4.961,5228.1,yes
11349,55,retired,married,university.degree,unknown,yes,no,telephone,jun,thu,1012,1,999,0,nonexistent,1.4,94.465,-41.8,4.961,5228.1,yes
11350,39,technician,married,professional.course,no,yes,no,telephone,jun,thu,233,2,999,0,nonexistent,1.4,94.465,-41.8,4.961,5228.1,no
11360,36,admin.,single,university.degree,no,yes,no,telephone,jun,thu,55,2,999,0,nonexistent,1.4,94.465,-41.8,4.961,5228.1,no
11380,36,services,married,high.school,no,yes,no,telephone,jun,fri,241,2,999,0,nonexistent,1.4,94.465,-41.8,4.959,5228.1,no
11385,39,entrepreneur,married,professional.course,no,yes,no,telephone,jun,fri,43,8,999,0,nonexistent,1.4,94.465,-41.8,4.959,5228.1,no
11389,38,blue-collar,married,unknown,no,yes,no,telephone,jun,fri,42,5,999,0,nonexistent,1.4,94.465,-41.8,4.959,5228.1,no
11394,33,management,married,university.degree,no,no,yes,telephone,jun,fri,42,7,999,0,nonexistent,1.4,94.465,-41.8,4.959,5228.1,no
11404,40,entrepreneur,married,basic.9y,no,yes,no,telephone,jun,fri,156,3,999,0,nonexistent,1.4,94.465,-41.8,4.959,5228.1,no
11421,50,technician,married,high.school,unknown,yes,yes,telephone,jun,fri,111,1,999,0,nonexistent,1.4,94.465,-41.8,4.959,5228.1,no
11422,38,admin.,divorced,university.degree,no,no,no,telephone,jun,fri,50,3,999,0,nonexistent,1.4,94.465,-41.8,4.959,5228.1,no
11428,47,admin.,married,university.degree,no,no,no,telephone,jun,fri,134,1,999,0,nonexistent,1.4,94.465,-41.8,4.959,5228.1,no
11439,33,blue-collar,divorced,basic.6y,unknown,no,no,telephone,jun,fri,398,2,999,0,nonexistent,1.4,94.465,-41.8,4.959,5228.1,no
11450,45,blue-collar,married,basic.9y,unknown,no,yes,telephone,jun,fri,1210,1,999,0,nonexistent,1.4,94.465,-41.8,4.959,5228.1,yes
11455,29,blue-collar,single,basic.9y,no,no,no,telephone,jun,fri,139,1,999,0,nonexistent,1.4,94.465,-41.8,4.959,5228.1,no
11456,52,entrepreneur,married,high.school,no,yes,no,telephone,jun,fri,273,1,999,0,nonexistent,1.4,94.465,-41.8,4.959,5228.1,no
11459,37,services,married,high.school,no,no,no,telephone,jun,fri,115,4,999,0,nonexistent,1.4,94.465,-41.8,4.959,5228.1,no
11477,40,technician,divorced,university.degree,no,yes,yes,telephone,jun,fri,188,1,999,0,nonexistent,1.4,94.465,-41.8,4.959,5228.1,no
11480,50,services,divorced,professional.course,no,yes,no,telephone,jun,fri,329,1,999,0,nonexistent,1.4,94.465,-41.8,4.959,5228.1,no
11485,53,unknown,married,unknown,no,no,no,telephone,jun,fri,258,18,999,0,nonexistent,1.4,94.465,-41.8,4.959,5228.1,no
11486,30,blue-collar,single,basic.4y,unknown,no,no,telephone,jun,fri,402,22,999,0,nonexistent,1.4,94.465,-41.8,4.959,5228.1,no
11490,46,entrepreneur,divorced,high.school,no,no,no,telephone,jun,fri,485,3,999,0,nonexistent,1.4,94.465,-41.8,4.959,5228.1,no
11504,51,unemployed,married,basic.9y,unknown,no,no,telephone,jun,fri,375,2,999,0,nonexistent,1.4,94.465,-41.8,4.959,5228.1,no
11511,52,admin.,divorced,university.degree,no,yes,no,telephone,jun,fri,245,3,999,0,nonexistent,1.4,94.465,-41.8,4.959,5228.1,no
11512,60,retired,divorced,university.degree,no,yes,no,telephone,jun,fri,98,4,999,0,nonexistent,1.4,94.465,-41.8,4.959,5228.1,no
11513,45,management,married,basic.9y,no,yes,no,telephone,jun,fri,37,4,999,0,nonexistent,1.4,94.465,-41.8,4.959,5228.1,no
11521,41,blue-collar,married,basic.9y,unknown,no,no,telephone,jun,fri,256,2,999,0,nonexistent,1.4,94.465,-41.8,4.959,5228.1,no
11528,25,admin.,married,high.school,no,yes,no,telephone,jun,fri,534,3,999,0,nonexistent,1.4,94.465,-41.8,4.959,5228.1,no
11535,34,blue-collar,married,basic.9y,no,yes,no,telephone,jun,fri,232,2,999,0,nonexistent,1.4,94.465,-41.8,4.959,5228.1,no
11537,45,management,married,university.degree,no,no,no,telephone,jun,fri,126,5,999,0,nonexistent,1.4,94.465,-41.8,4.959,5228.1,no
11541,41,blue-collar,married,basic.9y,no,yes,yes,telephone,jun,fri,109,3,999,0,nonexistent,1.4,94.465,-41.8,4.959,5228.1,no
11543,52,admin.,married,high.school,no,yes,no,telephone,jun,fri,84,3,999,0,nonexistent,1.4,94.465,-41.8,4.959,5228.1,no
11547,35,blue-collar,married,basic.6y,no,yes,no,telephone,jun,fri,44,2,999,0,nonexistent,1.4,94.465,-41.8,4.959,5228.1,no
11554,41,management,married,university.degree,no,yes,no,telephone,jun,fri,248,1,999,0,nonexistent,1.4,94.465,-41.8,4.959,5228.1,no
11563,44,services,married,high.school,no,yes,no,telephone,jun,fri,618,4,999,0,nonexistent,1.4,94.465,-41.8,4.959,5228.1,no
11564,31,blue-collar,single,basic.9y,unknown,no,yes,telephone,jun,fri,70,2,999,0,nonexistent,1.4,94.465,-41.8,4.959,5228.1,no
11570,44,admin.,divorced,university.degree,no,no,no,telephone,jun,fri,39,2,999,0,nonexistent,1.4,94.465,-41.8,4.959,5228.1,no
11575,44,blue-collar,married,basic.4y,unknown,no,no,telephone,jun,fri,263,3,999,0,nonexistent,1.4,94.465,-41.8,4.959,5228.1,no
11583,36,blue-collar,married,professional.course,unknown,yes,no,telephone,jun,fri,324,5,999,0,nonexistent,1.4,94.465,-41.8,4.959,5228.1,no
11585,59,retired,married,basic.4y,unknown,no,yes,telephone,jun,fri,62,3,999,0,nonexistent,1.4,94.465,-41.8,4.959,5228.1,no
11587,54,technician,married,high.school,no,yes,no,telephone,jun,fri,47,2,999,0,nonexistent,1.4,94.465,-41.8,4.959,5228.1,no
11596,36,blue-collar,single,basic.9y,unknown,unknown,unknown,telephone,jun,fri,25,3,999,0,nonexistent,1.4,94.465,-41.8,4.959,5228.1,no
11604,29,admin.,married,university.degree,no,no,yes,telephone,jun,fri,76,3,999,0,nonexistent,1.4,94.465,-41.8,4.959,5228.1,no
11619,56,self-employed,single,basic.9y,unknown,no,no,telephone,jun,fri,154,2,999,0,nonexistent,1.4,94.465,-41.8,4.959,5228.1,no
11620,37,blue-collar,married,unknown,no,no,no,telephone,jun,fri,34,3,999,0,nonexistent,1.4,94.465,-41.8,4.959,5228.1,no
11621,36,technician,single,unknown,no,no,no,telephone,jun,fri,264,6,999,0,nonexistent,1.4,94.465,-41.8,4.959,5228.1,no
11627,48,blue-collar,married,basic.4y,no,no,no,telephone,jun,fri,29,2,999,0,nonexistent,1.4,94.465,-41.8,4.959,5228.1,no
11631,31,admin.,single,university.degree,no,no,no,telephone,jun,fri,34,29,999,0,nonexistent,1.4,94.465,-41.8,4.959,5228.1,no
11643,46,blue-collar,divorced,basic.6y,no,yes,yes,telephone,jun,fri,9,13,999,0,nonexistent,1.4,94.465,-41.8,4.959,5228.1,no
11652,39,services,divorced,basic.9y,no,yes,no,telephone,jun,fri,524,4,999,0,nonexistent,1.4,94.465,-41.8,4.959,5228.1,no
11668,48,retired,married,unknown,unknown,yes,no,telephone,jun,fri,9,5,999,0,nonexistent,1.4,94.465,-41.8,4.959,5228.1,no
11670,45,admin.,divorced,university.degree,unknown,unknown,unknown,telephone,jun,fri,8,12,999,0,nonexistent,1.4,94.465,-41.8,4.959,5228.1,no
11671,37,admin.,divorced,high.school,no,yes,no,telephone,jun,fri,7,12,999,0,nonexistent,1.4,94.465,-41.8,4.959,5228.1,no
11674,31,student,single,unknown,unknown,yes,no,telephone,jun,fri,16,8,999,0,nonexistent,1.4,94.465,-41.8,4.959,5228.1,no
11675,45,blue-collar,married,basic.6y,unknown,yes,no,telephone,jun,fri,26,11,999,0,nonexistent,1.4,94.465,-41.8,4.959,5228.1,no
11683,55,admin.,married,high.school,no,yes,no,telephone,jun,fri,7,3,999,0,nonexistent,1.4,94.465,-41.8,4.959,5228.1,no
11685,42,housemaid,married,basic.4y,unknown,yes,no,telephone,jun,fri,408,5,999,0,nonexistent,1.4,94.465,-41.8,4.959,5228.1,no
11726,33,admin.,married,professional.course,no,no,no,telephone,jun,fri,81,3,999,0,nonexistent,1.4,94.465,-41.8,4.959,5228.1,no
11728,50,admin.,married,basic.9y,no,no,no,telephone,jun,fri,116,3,999,0,nonexistent,1.4,94.465,-41.8,4.959,5228.1,no
11729,25,blue-collar,single,high.school,unknown,no,no,telephone,jun,fri,136,3,999,0,nonexistent,1.4,94.465,-41.8,4.959,5228.1,no
11731,44,self-employed,single,university.degree,no,no,no,telephone,jun,fri,10,4,999,0,nonexistent,1.4,94.465,-41.8,4.959,5228.1,no
11739,51,technician,married,unknown,no,yes,no,telephone,jun,fri,17,3,999,0,nonexistent,1.4,94.465,-41.8,4.959,5228.1,no
11759,33,blue-collar,married,basic.4y,no,yes,no,telephone,jun,fri,78,7,999,0,nonexistent,1.4,94.465,-41.8,4.959,5228.1,no
11792,50,blue-collar,married,basic.4y,unknown,yes,yes,telephone,jun,fri,160,3,999,0,nonexistent,1.4,94.465,-41.8,4.959,5228.1,no
11793,31,management,married,university.degree,no,no,no,telephone,jun,fri,101,3,999,0,nonexistent,1.4,94.465,-41.8,4.959,5228.1,no
11795,40,admin.,married,university.degree,no,no,no,telephone,jun,fri,17,21,999,0,nonexistent,1.4,94.465,-41.8,4.959,5228.1,no
11797,27,unemployed,married,high.school,no,yes,no,telephone,jun,fri,23,13,999,0,nonexistent,1.4,94.465,-41.8,4.959,5228.1,no
11804,23,blue-collar,single,basic.4y,no,yes,no,telephone,jun,fri,31,10,999,0,nonexistent,1.4,94.465,-41.8,4.959,5228.1,no
11826,50,entrepreneur,married,basic.4y,no,no,no,telephone,jun,fri,20,2,999,0,nonexistent,1.4,94.465,-41.8,4.959,5228.1,no
11829,31,admin.,single,basic.9y,unknown,yes,yes,telephone,jun,fri,13,15,999,0,nonexistent,1.4,94.465,-41.8,4.959,5228.1,no
11830,47,entrepreneur,single,university.degree,unknown,yes,no,telephone,jun,fri,39,3,999,0,nonexistent,1.4,94.465,-41.8,4.959,5228.1,no
11834,56,admin.,married,university.degree,no,no,no,telephone,jun,fri,34,3,999,0,nonexistent,1.4,94.465,-41.8,4.959,5228.1,no
11845,33,self-employed,single,university.degree,no,unknown,unknown,telephone,jun,fri,38,5,999,0,nonexistent,1.4,94.465,-41.8,4.959,5228.1,no
11849,58,technician,married,professional.course,unknown,yes,no,telephone,jun,fri,16,8,999,0,nonexistent,1.4,94.465,-41.8,4.959,5228.1,no
11872,46,admin.,married,basic.9y,unknown,no,yes,telephone,jun,fri,24,4,999,0,nonexistent,1.4,94.465,-41.8,4.959,5228.1,no
11878,45,unknown,married,unknown,no,no,no,telephone,jun,fri,61,4,999,0,nonexistent,1.4,94.465,-41.8,4.959,5228.1,no
11886,32,admin.,married,university.degree,no,no,no,telephone,jun,fri,18,9,999,0,nonexistent,1.4,94.465,-41.8,4.959,5228.1,no
11894,58,technician,married,professional.course,unknown,no,no,telephone,jun,fri,18,2,999,0,nonexistent,1.4,94.465,-41.8,4.959,5228.1,no
11895,38,services,married,basic.9y,no,unknown,unknown,telephone,jun,fri,17,3,999,0,nonexistent,1.4,94.465,-41.8,4.959,5228.1,no
11897,58,admin.,married,university.degree,no,unknown,unknown,telephone,jun,fri,36,4,999,0,nonexistent,1.4,94.465,-41.8,4.959,5228.1,no
11900,29,admin.,married,university.degree,no,yes,no,telephone,jun,fri,9,16,999,0,nonexistent,1.4,94.465,-41.8,4.959,5228.1,no
11901,39,admin.,married,high.school,no,yes,yes,telephone,jun,fri,9,19,999,0,nonexistent,1.4,94.465,-41.8,4.959,5228.1,no
11916,33,blue-collar,married,basic.9y,no,no,no,telephone,jun,fri,8,13,999,0,nonexistent,1.4,94.465,-41.8,4.959,5228.1,no
11917,24,services,single,high.school,no,no,no,telephone,jun,fri,12,8,999,0,nonexistent,1.4,94.465,-41.8,4.959,5228.1,no
11929,46,blue-collar,single,high.school,no,no,no,telephone,jun,fri,310,2,999,0,nonexistent,1.4,94.465,-41.8,4.959,5228.1,no
11970,44,blue-collar,married,unknown,no,yes,no,telephone,jun,wed,151,1,999,0,nonexistent,1.4,94.465,-41.8,4.958,5228.1,no
11983,29,blue-collar,divorced,basic.4y,unknown,no,no,telephone,jun,wed,231,1,999,0,nonexistent,1.4,94.465,-41.8,4.958,5228.1,no
11987,28,admin.,married,high.school,no,no,no,telephone,jun,wed,151,1,999,0,nonexistent,1.4,94.465,-41.8,4.958,5228.1,no
11994,44,blue-collar,married,basic.9y,unknown,yes,no,telephone,jun,wed,103,5,999,0,nonexistent,1.4,94.465,-41.8,4.958,5228.1,no
11997,45,admin.,married,high.school,no,yes,no,telephone,jun,thu,650,2,999,0,nonexistent,1.4,94.465,-41.8,4.955,5228.1,no
11999,59,retired,married,basic.9y,no,no,yes,telephone,jun,thu,465,2,999,0,nonexistent,1.4,94.465,-41.8,4.955,5228.1,no
12001,58,services,married,basic.4y,no,no,no,telephone,jun,thu,322,2,999,0,nonexistent,1.4,94.465,-41.8,4.955,5228.1,no
12010,30,admin.,married,high.school,no,unknown,unknown,telephone,jun,thu,344,1,999,0,nonexistent,1.4,94.465,-41.8,4.955,5228.1,no
12013,56,admin.,divorced,high.school,no,yes,no,telephone,jun,thu,71,1,999,0,nonexistent,1.4,94.465,-41.8,4.955,5228.1,no
12017,35,self-employed,married,professional.course,unknown,yes,no,telephone,jun,thu,29,1,999,0,nonexistent,1.4,94.465,-41.8,4.955,5228.1,no
12020,25,technician,single,professional.course,no,no,yes,telephone,jun,thu,150,2,999,0,nonexistent,1.4,94.465,-41.8,4.955,5228.1,no
12023,29,admin.,married,university.degree,no,no,no,telephone,jun,thu,176,7,999,0,nonexistent,1.4,94.465,-41.8,4.955,5228.1,no
12027,58,retired,single,professional.course,no,yes,no,telephone,jun,thu,565,3,999,0,nonexistent,1.4,94.465,-41.8,4.955,5228.1,no
12031,34,admin.,single,university.degree,no,no,no,telephone,jun,thu,406,2,999,0,nonexistent,1.4,94.465,-41.8,4.955,5228.1,no
12036,39,self-employed,divorced,professional.course,no,yes,no,telephone,jun,thu,529,4,999,0,nonexistent,1.4,94.465,-41.8,4.955,5228.1,no
12041,34,blue-collar,married,basic.6y,no,no,no,telephone,jun,fri,381,3,999,0,nonexistent,1.4,94.465,-41.8,4.947,5228.1,no
12045,34,admin.,married,university.degree,no,no,no,telephone,jun,fri,198,2,999,0,nonexistent,1.4,94.465,-41.8,4.947,5228.1,no
12101,39,technician,single,professional.course,no,yes,no,telephone,jun,mon,182,4,999,0,nonexistent,1.4,94.465,-41.8,4.947,5228.1,no
12106,23,services,single,high.school,no,no,no,telephone,jun,mon,85,5,999,0,nonexistent,1.4,94.465,-41.8,4.947,5228.1,no
12115,33,self-employed,married,professional.course,no,yes,no,telephone,jun,mon,141,4,999,0,nonexistent,1.4,94.465,-41.8,4.947,5228.1,no
12116,28,management,married,university.degree,no,no,no,telephone,jun,mon,138,4,999,0,nonexistent,1.4,94.465,-41.8,4.947,5228.1,no
12136,31,housemaid,married,basic.4y,no,no,no,telephone,jun,mon,260,3,999,0,nonexistent,1.4,94.465,-41.8,4.947,5228.1,no
12139,49,blue-collar,married,basic.9y,unknown,yes,no,telephone,jul,tue,158,2,999,0,nonexistent,1.4,93.918,-42.7,4.955,5228.1,no
12141,41,blue-collar,married,basic.4y,no,yes,no,telephone,jul,tue,281,3,999,0,nonexistent,1.4,93.918,-42.7,4.955,5228.1,no
12144,56,retired,married,basic.4y,no,yes,no,telephone,jul,tue,58,1,999,0,nonexistent,1.4,93.918,-42.7,4.955,5228.1,no
12148,28,admin.,married,high.school,no,no,no,telephone,jul,tue,249,1,999,0,nonexistent,1.4,93.918,-42.7,4.955,5228.1,no
12151,54,blue-collar,married,basic.6y,unknown,yes,no,telephone,jul,tue,34,1,999,0,nonexistent,1.4,93.918,-42.7,4.955,5228.1,no
12154,34,technician,single,professional.course,no,yes,no,telephone,jul,tue,157,1,999,0,nonexistent,1.4,93.918,-42.7,4.955,5228.1,no
12161,38,blue-collar,married,basic.4y,no,no,no,telephone,jul,tue,150,1,999,0,nonexistent,1.4,93.918,-42.7,4.955,5228.1,no
12163,44,admin.,divorced,unknown,no,no,no,telephone,jul,tue,183,2,999,0,nonexistent,1.4,93.918,-42.7,4.955,5228.1,no
12181,41,blue-collar,married,unknown,no,no,no,telephone,jul,tue,529,1,999,0,nonexistent,1.4,93.918,-42.7,4.955,5228.1,no
12185,47,blue-collar,divorced,basic.9y,no,no,no,telephone,jul,tue,245,1,999,0,nonexistent,1.4,93.918,-42.7,4.955,5228.1,no
12195,53,services,married,basic.9y,no,yes,no,telephone,jul,tue,723,2,999,0,nonexistent,1.4,93.918,-42.7,4.955,5228.1,no
12206,50,blue-collar,divorced,basic.9y,no,no,no,telephone,jul,wed,79,3,999,0,nonexistent,1.4,93.918,-42.7,4.956,5228.1,no
12210,49,technician,single,high.school,no,yes,no,telephone,jul,wed,144,1,999,0,nonexistent,1.4,93.918,-42.7,4.956,5228.1,no
12219,46,services,married,high.school,no,no,no,telephone,jul,wed,83,3,999,0,nonexistent,1.4,93.918,-42.7,4.956,5228.1,no
12224,46,admin.,married,high.school,unknown,no,no,telephone,jul,thu,375,3,999,0,nonexistent,1.4,93.918,-42.7,4.966,5228.1,no
12236,40,blue-collar,married,basic.9y,no,yes,no,telephone,jul,thu,228,2,999,0,nonexistent,1.4,93.918,-42.7,4.966,5228.1,no
12237,53,blue-collar,married,basic.9y,no,no,no,telephone,jul,thu,183,2,999,0,nonexistent,1.4,93.918,-42.7,4.966,5228.1,no
12241,37,blue-collar,married,basic.6y,unknown,yes,no,telephone,jul,thu,95,1,999,0,nonexistent,1.4,93.918,-42.7,4.966,5228.1,no
12249,42,blue-collar,married,basic.9y,no,no,no,telephone,jul,thu,130,1,999,0,nonexistent,1.4,93.918,-42.7,4.966,5228.1,no
12254,50,blue-collar,married,basic.9y,unknown,unknown,unknown,telephone,jul,thu,90,1,999,0,nonexistent,1.4,93.918,-42.7,4.966,5228.1,no
12259,43,management,married,university.degree,no,no,yes,telephone,jul,thu,203,1,999,0,nonexistent,1.4,93.918,-42.7,4.966,5228.1,no
12267,29,blue-collar,divorced,high.school,no,yes,no,telephone,jul,thu,178,1,999,0,nonexistent,1.4,93.918,-42.7,4.966,5228.1,no
12273,41,services,single,high.school,unknown,no,yes,telephone,jul,thu,504,1,999,0,nonexistent,1.4,93.918,-42.7,4.966,5228.1,no
12282,30,services,married,basic.9y,no,no,yes,telephone,jul,thu,172,2,999,0,nonexistent,1.4,93.918,-42.7,4.966,5228.1,no
12283,25,services,single,high.school,no,yes,no,telephone,jul,thu,202,2,999,0,nonexistent,1.4,93.918,-42.7,4.966,5228.1,no
12285,26,technician,married,professional.course,no,yes,no,telephone,jul,thu,277,2,999,0,nonexistent,1.4,93.918,-42.7,4.966,5228.1,no
12297,27,services,single,high.school,no,yes,no,telephone,jul,fri,433,1,999,0,nonexistent,1.4,93.918,-42.7,4.959,5228.1,no
12301,26,admin.,single,high.school,no,no,yes,telephone,jul,fri,634,1,999,0,nonexistent,1.4,93.918,-42.7,4.959,5228.1,no
12316,31,unemployed,single,professional.course,no,no,no,telephone,jul,fri,538,1,999,0,nonexistent,1.4,93.918,-42.7,4.959,5228.1,no
12344,33,technician,married,university.degree,no,unknown,unknown,telephone,jul,fri,203,1,999,0,nonexistent,1.4,93.918,-42.7,4.959,5228.1,no
12348,42,blue-collar,married,basic.9y,unknown,no,no,telephone,jul,fri,61,4,999,0,nonexistent,1.4,93.918,-42.7,4.959,5228.1,no
12359,29,entrepreneur,married,high.school,no,yes,no,cellular,jul,fri,668,2,999,0,nonexistent,1.4,93.918,-42.7,4.959,5228.1,no
12361,33,technician,married,basic.9y,unknown,yes,no,cellular,jul,fri,436,4,999,0,nonexistent,1.4,93.918,-42.7,4.959,5228.1,no
12373,48,blue-collar,married,basic.4y,no,no,yes,cellular,jul,fri,425,2,999,0,nonexistent,1.4,93.918,-42.7,4.959,5228.1,no
12378,34,unemployed,married,high.school,no,no,no,cellular,jul,fri,339,1,999,0,nonexistent,1.4,93.918,-42.7,4.959,5228.1,no
12383,38,admin.,divorced,high.school,no,no,yes,cellular,jul,mon,125,2,999,0,nonexistent,1.4,93.918,-42.7,4.96,5228.1,no
12391,34,technician,single,university.degree,no,no,yes,cellular,jul,mon,164,5,999,0,nonexistent,1.4,93.918,-42.7,4.96,5228.1,no
12399,30,technician,single,professional.course,no,yes,yes,cellular,jul,mon,111,2,999,0,nonexistent,1.4,93.918,-42.7,4.96,5228.1,no
12412,52,management,divorced,university.degree,no,no,no,cellular,jul,mon,200,4,999,0,nonexistent,1.4,93.918,-42.7,4.96,5228.1,no
12433,46,admin.,married,basic.9y,unknown,no,no,cellular,jul,mon,87,2,999,0,nonexistent,1.4,93.918,-42.7,4.96,5228.1,no
12434,31,management,married,high.school,no,no,no,cellular,jul,mon,1272,3,999,0,nonexistent,1.4,93.918,-42.7,4.96,5228.1,yes
12445,39,housemaid,married,basic.4y,no,no,no,cellular,jul,mon,240,5,999,0,nonexistent,1.4,93.918,-42.7,4.96,5228.1,no
12458,29,technician,married,professional.course,no,no,no,cellular,jul,mon,328,1,999,0,nonexistent,1.4,93.918,-42.7,4.96,5228.1,no
12461,42,blue-collar,divorced,basic.9y,no,no,no,telephone,jul,mon,259,8,999,0,nonexistent,1.4,93.918,-42.7,4.96,5228.1,no
12468,35,blue-collar,married,basic.9y,no,no,no,telephone,jul,mon,1356,3,999,0,nonexistent,1.4,93.918,-42.7,4.96,5228.1,yes
12469,44,services,married,high.school,no,no,no,cellular,jul,mon,190,4,999,0,nonexistent,1.4,93.918,-42.7,4.96,5228.1,no
12476,23,admin.,single,university.degree,no,yes,yes,telephone,jul,mon,69,3,999,0,nonexistent,1.4,93.918,-42.7,4.96,5228.1,no
12479,49,admin.,divorced,high.school,no,no,no,cellular,jul,mon,21,2,999,0,nonexistent,1.4,93.918,-42.7,4.96,5228.1,no
12484,33,services,divorced,unknown,no,no,no,cellular,jul,mon,66,1,999,0,nonexistent,1.4,93.918,-42.7,4.96,5228.1,no
12490,42,entrepreneur,married,high.school,no,yes,no,cellular,jul,mon,247,1,999,0,nonexistent,1.4,93.918,-42.7,4.96,5228.1,no
12498,29,services,married,high.school,no,yes,no,cellular,jul,mon,94,1,999,0,nonexistent,1.4,93.918,-42.7,4.96,5228.1,no
12527,47,admin.,divorced,high.school,no,no,no,cellular,jul,mon,532,1,999,0,nonexistent,1.4,93.918,-42.7,4.96,5228.1,yes
12530,33,technician,single,professional.course,no,yes,yes,cellular,jul,mon,554,1,999,0,nonexistent,1.4,93.918,-42.7,4.96,5228.1,no
12548,40,services,married,high.school,no,no,yes,cellular,jul,mon,162,4,999,0,nonexistent,1.4,93.918,-42.7,4.96,5228.1,no
12551,58,blue-collar,married,basic.4y,unknown,yes,no,cellular,jul,mon,86,2,999,0,nonexistent,1.4,93.918,-42.7,4.96,5228.1,no
12554,41,entrepreneur,married,basic.4y,no,yes,no,cellular,jul,mon,120,1,999,0,nonexistent,1.4,93.918,-42.7,4.96,5228.1,no
12556,33,management,married,university.degree,no,yes,no,cellular,jul,mon,199,1,999,0,nonexistent,1.4,93.918,-42.7,4.96,5228.1,no
12558,52,entrepreneur,married,university.degree,no,yes,no,cellular,jul,mon,97,3,999,0,nonexistent,1.4,93.918,-42.7,4.96,5228.1,no
12571,37,technician,single,high.school,unknown,no,no,cellular,jul,mon,500,1,999,0,nonexistent,1.4,93.918,-42.7,4.96,5228.1,no
12576,43,entrepreneur,married,university.degree,no,yes,no,cellular,jul,mon,117,3,999,0,nonexistent,1.4,93.918,-42.7,4.96,5228.1,no
12584,52,blue-collar,married,basic.9y,no,no,no,cellular,jul,mon,535,1,999,0,nonexistent,1.4,93.918,-42.7,4.96,5228.1,no
12595,36,admin.,married,high.school,no,yes,no,telephone,jul,mon,194,2,999,0,nonexistent,1.4,93.918,-42.7,4.96,5228.1,no
12599,28,services,single,high.school,no,yes,no,cellular,jul,mon,98,1,999,0,nonexistent,1.4,93.918,-42.7,4.96,5228.1,no
12611,49,blue-collar,married,unknown,unknown,unknown,unknown,cellular,jul,mon,375,3,999,0,nonexistent,1.4,93.918,-42.7,4.96,5228.1,no
12618,25,admin.,single,high.school,no,no,no,cellular,jul,mon,270,2,999,0,nonexistent,1.4,93.918,-42.7,4.96,5228.1,no
12622,37,management,married,university.degree,unknown,no,no,cellular,jul,mon,92,1,999,0,nonexistent,1.4,93.918,-42.7,4.96,5228.1,no
12627,51,blue-collar,divorced,basic.9y,no,no,no,cellular,jul,mon,293,7,999,0,nonexistent,1.4,93.918,-42.7,4.96,5228.1,no
12643,54,services,married,high.school,unknown,yes,no,cellular,jul,mon,36,33,999,0,nonexistent,1.4,93.918,-42.7,4.96,5228.1,no
12652,38,technician,married,professional.course,unknown,no,no,cellular,jul,mon,224,3,999,0,nonexistent,1.4,93.918,-42.7,4.96,5228.1,no
12668,43,admin.,divorced,high.school,no,no,no,cellular,jul,mon,96,3,999,0,nonexistent,1.4,93.918,-42.7,4.96,5228.1,no
12689,44,blue-collar,single,high.school,no,yes,yes,cellular,jul,mon,234,1,999,0,nonexistent,1.4,93.918,-42.7,4.96,5228.1,no
12695,50,admin.,married,high.school,unknown,yes,no,cellular,jul,mon,339,2,999,0,nonexistent,1.4,93.918,-42.7,4.96,5228.1,no
12702,24,unemployed,single,high.school,no,yes,no,telephone,jul,mon,245,5,999,0,nonexistent,1.4,93.918,-42.7,4.96,5228.1,no
12707,25,services,single,high.school,no,no,no,cellular,jul,mon,422,2,999,0,nonexistent,1.4,93.918,-42.7,4.96,5228.1,no
12717,60,management,married,unknown,unknown,no,no,cellular,jul,mon,230,1,999,0,nonexistent,1.4,93.918,-42.7,4.96,5228.1,no
12719,35,blue-collar,single,unknown,no,yes,no,telephone,jul,mon,564,1,999,0,nonexistent,1.4,93.918,-42.7,4.96,5228.1,no
12720,44,admin.,married,high.school,no,yes,no,cellular,jul,mon,53,1,999,0,nonexistent,1.4,93.918,-42.7,4.96,5228.1,no
12723,44,admin.,married,high.school,no,yes,no,cellular,jul,mon,242,1,999,0,nonexistent,1.4,93.918,-42.7,4.96,5228.1,no
12735,49,housemaid,married,basic.4y,unknown,yes,no,cellular,jul,tue,226,1,999,0,nonexistent,1.4,93.918,-42.7,4.962,5228.1,no
12756,33,technician,married,professional.course,unknown,yes,no,cellular,jul,tue,362,1,999,0,nonexistent,1.4,93.918,-42.7,4.962,5228.1,no
12767,35,technician,married,high.school,unknown,yes,no,cellular,jul,tue,740,1,999,0,nonexistent,1.4,93.918,-42.7,4.962,5228.1,yes
12774,29,entrepreneur,married,university.degree,no,no,no,telephone,jul,tue,208,5,999,0,nonexistent,1.4,93.918,-42.7,4.962,5228.1,no
12776,36,technician,single,unknown,no,no,no,cellular,jul,tue,290,1,999,0,nonexistent,1.4,93.918,-42.7,4.962,5228.1,no
12793,42,management,married,basic.6y,unknown,yes,no,cellular,jul,tue,304,1,999,0,nonexistent,1.4,93.918,-42.7,4.962,5228.1,no
12811,38,entrepreneur,married,basic.9y,unknown,no,yes,cellular,jul,tue,133,2,999,0,nonexistent,1.4,93.918,-42.7,4.962,5228.1,no
12817,33,technician,married,high.school,no,no,no,telephone,jul,tue,176,1,999,0,nonexistent,1.4,93.918,-42.7,4.962,5228.1,no
12833,26,management,single,university.degree,no,yes,no,cellular,jul,tue,154,1,999,0,nonexistent,1.4,93.918,-42.7,4.962,5228.1,no
12835,28,admin.,single,unknown,no,no,no,cellular,jul,tue,574,2,999,0,nonexistent,1.4,93.918,-42.7,4.962,5228.1,no
12852,38,blue-collar,married,high.school,no,no,no,cellular,jul,tue,165,1,999,0,nonexistent,1.4,93.918,-42.7,4.962,5228.1,no
12858,25,services,married,high.school,no,no,no,cellular,jul,tue,1767,2,999,0,nonexistent,1.4,93.918,-42.7,4.962,5228.1,yes
12861,30,technician,single,professional.course,no,no,no,cellular,jul,tue,156,1,999,0,nonexistent,1.4,93.918,-42.7,4.962,5228.1,no
12875,34,technician,single,university.degree,no,no,no,cellular,jul,tue,173,1,999,0,nonexistent,1.4,93.918,-42.7,4.962,5228.1,no
12889,39,services,married,high.school,no,no,no,cellular,jul,tue,297,1,999,0,nonexistent,1.4,93.918,-42.7,4.962,5228.1,no
12896,25,admin.,single,high.school,no,no,yes,cellular,jul,tue,586,2,999,0,nonexistent,1.4,93.918,-42.7,4.962,5228.1,no
12900,31,services,married,high.school,no,unknown,unknown,cellular,jul,tue,135,1,999,0,nonexistent,1.4,93.918,-42.7,4.962,5228.1,no
12905,27,admin.,single,professional.course,no,no,no,cellular,jul,tue,803,2,999,0,nonexistent,1.4,93.918,-42.7,4.962,5228.1,yes
12916,37,blue-collar,single,professional.course,no,no,no,cellular,jul,tue,96,1,999,0,nonexistent,1.4,93.918,-42.7,4.962,5228.1,no
12920,36,blue-collar,married,basic.4y,unknown,yes,yes,cellular,jul,tue,353,1,999,0,nonexistent,1.4,93.918,-42.7,4.962,5228.1,no
12925,27,admin.,single,high.school,no,no,no,cellular,jul,tue,297,1,999,0,nonexistent,1.4,93.918,-42.7,4.962,5228.1,no
12937,25,blue-collar,single,basic.9y,no,yes,yes,cellular,jul,tue,138,1,999,0,nonexistent,1.4,93.918,-42.7,4.962,5228.1,no
12939,23,entrepreneur,married,professional.course,no,no,no,cellular,jul,tue,58,1,999,0,nonexistent,1.4,93.918,-42.7,4.962,5228.1,no
12940,31,admin.,married,high.school,no,yes,no,cellular,jul,tue,305,2,999,0,nonexistent,1.4,93.918,-42.7,4.962,5228.1,no
12954,47,admin.,married,university.degree,no,yes,no,cellular,jul,tue,194,3,999,0,nonexistent,1.4,93.918,-42.7,4.962,5228.1,no
12955,29,admin.,married,high.school,no,no,yes,cellular,jul,tue,165,3,999,0,nonexistent,1.4,93.918,-42.7,4.962,5228.1,no
12956,43,technician,single,professional.course,no,yes,no,cellular,jul,tue,64,3,999,0,nonexistent,1.4,93.918,-42.7,4.962,5228.1,no
12958,43,blue-collar,divorced,basic.9y,no,yes,no,cellular,jul,tue,82,1,999,0,nonexistent,1.4,93.918,-42.7,4.962,5228.1,no
12961,26,technician,married,professional.course,no,yes,no,cellular,jul,tue,136,1,999,0,nonexistent,1.4,93.918,-42.7,4.962,5228.1,no
12983,34,admin.,single,university.degree,no,yes,no,cellular,jul,tue,819,3,999,0,nonexistent,1.4,93.918,-42.7,4.962,5228.1,yes
12999,59,housemaid,married,basic.4y,unknown,no,no,cellular,jul,tue,483,2,999,0,nonexistent,1.4,93.918,-42.7,4.962,5228.1,no
13001,28,services,married,high.school,no,no,no,cellular,jul,tue,262,1,999,0,nonexistent,1.4,93.918,-42.7,4.962,5228.1,no
13005,28,services,married,high.school,no,no,no,cellular,jul,tue,554,1,999,0,nonexistent,1.4,93.918,-42.7,4.962,5228.1,no
13011,33,blue-collar,single,basic.9y,no,yes,no,cellular,jul,tue,154,3,999,0,nonexistent,1.4,93.918,-42.7,4.962,5228.1,no
13012,43,blue-collar,divorced,high.school,no,yes,no,cellular,jul,tue,658,2,999,0,nonexistent,1.4,93.918,-42.7,4.962,5228.1,yes
13025,31,admin.,single,high.school,no,no,no,cellular,jul,tue,21,35,999,0,nonexistent,1.4,93.918,-42.7,4.962,5228.1,no
13028,30,services,married,high.school,no,yes,no,cellular,jul,tue,1344,3,999,0,nonexistent,1.4,93.918,-42.7,4.962,5228.1,yes
13038,28,services,married,high.school,no,yes,no,cellular,jul,tue,376,1,999,0,nonexistent,1.4,93.918,-42.7,4.962,5228.1,no
13048,34,management,single,unknown,no,no,no,cellular,jul,tue,416,4,999,0,nonexistent,1.4,93.918,-42.7,4.962,5228.1,no
13066,27,self-employed,single,professional.course,no,yes,no,cellular,jul,tue,279,3,999,0,nonexistent,1.4,93.918,-42.7,4.962,5228.1,no
13067,30,blue-collar,married,basic.6y,no,yes,yes,cellular,jul,tue,241,3,999,0,nonexistent,1.4,93.918,-42.7,4.962,5228.1,no
13079,35,services,single,high.school,no,no,no,cellular,jul,tue,191,1,999,0,nonexistent,1.4,93.918,-42.7,4.962,5228.1,no
13096,29,admin.,single,basic.9y,no,no,no,telephone,jul,tue,280,5,999,0,nonexistent,1.4,93.918,-42.7,4.962,5228.1,no
13100,29,admin.,single,high.school,no,yes,no,cellular,jul,wed,126,1,999,0,nonexistent,1.4,93.918,-42.7,4.962,5228.1,no
13105,33,admin.,married,high.school,no,yes,no,cellular,jul,wed,134,1,999,0,nonexistent,1.4,93.918,-42.7,4.962,5228.1,no
13108,33,admin.,married,high.school,no,no,no,cellular,jul,wed,254,1,999,0,nonexistent,1.4,93.918,-42.7,4.962,5228.1,no
13114,42,entrepreneur,married,basic.9y,no,yes,no,cellular,jul,wed,129,2,999,0,nonexistent,1.4,93.918,-42.7,4.962,5228.1,no
13119,54,services,married,high.school,no,no,no,cellular,jul,wed,82,1,999,0,nonexistent,1.4,93.918,-42.7,4.962,5228.1,no
13121,29,admin.,single,high.school,no,yes,no,cellular,jul,wed,1272,1,999,0,nonexistent,1.4,93.918,-42.7,4.962,5228.1,no
13133,40,technician,married,professional.course,no,yes,yes,cellular,jul,wed,323,1,999,0,nonexistent,1.4,93.918,-42.7,4.962,5228.1,no
13159,51,management,married,university.degree,no,yes,no,cellular,jul,wed,420,1,999,0,nonexistent,1.4,93.918,-42.7,4.962,5228.1,no
13175,27,unemployed,married,basic.6y,unknown,no,no,cellular,jul,wed,72,1,999,0,nonexistent,1.4,93.918,-42.7,4.962,5228.1,no
13178,34,technician,married,professional.course,no,yes,no,cellular,jul,wed,99,5,999,0,nonexistent,1.4,93.918,-42.7,4.962,5228.1,no
13184,34,admin.,single,high.school,no,no,no,cellular,jul,wed,127,1,999,0,nonexistent,1.4,93.918,-42.7,4.962,5228.1,no
13198,40,blue-collar,divorced,basic.9y,no,yes,no,cellular,jul,wed,125,3,999,0,nonexistent,1.4,93.918,-42.7,4.962,5228.1,no
13204,32,blue-collar,married,basic.4y,unknown,no,yes,cellular,jul,wed,112,1,999,0,nonexistent,1.4,93.918,-42.7,4.962,5228.1,no
13216,31,admin.,married,university.degree,no,no,no,telephone,jul,wed,238,8,999,0,nonexistent,1.4,93.918,-42.7,4.962,5228.1,no
13217,36,admin.,married,university.degree,no,yes,yes,cellular,jul,wed,160,2,999,0,nonexistent,1.4,93.918,-42.7,4.962,5228.1,no
13227,44,unemployed,married,basic.9y,unknown,yes,no,cellular,jul,wed,189,1,999,0,nonexistent,1.4,93.918,-42.7,4.962,5228.1,no
13252,26,blue-collar,married,basic.9y,no,no,no,cellular,jul,wed,366,1,999,0,nonexistent,1.4,93.918,-42.7,4.962,5228.1,no
13266,50,admin.,single,high.school,no,yes,no,cellular,jul,wed,180,1,999,0,nonexistent,1.4,93.918,-42.7,4.962,5228.1,no
13269,22,student,single,high.school,no,no,yes,cellular,jul,wed,349,1,999,0,nonexistent,1.4,93.918,-42.7,4.962,5228.1,no
13291,32,admin.,single,university.degree,no,no,no,cellular,jul,wed,76,2,999,0,nonexistent,1.4,93.918,-42.7,4.962,5228.1,no
13304,31,admin.,single,high.school,no,no,no,cellular,jul,wed,108,2,999,0,nonexistent,1.4,93.918,-42.7,4.962,5228.1,no
13306,29,admin.,married,university.degree,no,yes,no,cellular,jul,wed,31,1,999,0,nonexistent,1.4,93.918,-42.7,4.962,5228.1,no
13307,33,admin.,single,university.degree,no,yes,no,cellular,jul,wed,494,1,999,0,nonexistent,1.4,93.918,-42.7,4.962,5228.1,no
13308,28,technician,single,university.degree,no,no,no,cellular,jul,wed,96,2,999,0,nonexistent,1.4,93.918,-42.7,4.962,5228.1,no
13311,35,management,married,university.degree,no,no,no,cellular,jul,wed,130,1,999,0,nonexistent,1.4,93.918,-42.7,4.962,5228.1,no
13318,37,blue-collar,married,basic.6y,unknown,no,no,cellular,jul,wed,91,1,999,0,nonexistent,1.4,93.918,-42.7,4.962,5228.1,no
13348,45,blue-collar,divorced,professional.course,unknown,no,no,cellular,jul,wed,176,1,999,0,nonexistent,1.4,93.918,-42.7,4.962,5228.1,no
13349,45,blue-collar,divorced,professional.course,unknown,yes,no,cellular,jul,wed,74,1,999,0,nonexistent,1.4,93.918,-42.7,4.962,5228.1,no
13365,60,unknown,married,basic.4y,unknown,yes,no,cellular,jul,wed,659,1,999,0,nonexistent,1.4,93.918,-42.7,4.962,5228.1,no
13367,42,unemployed,married,high.school,no,no,no,cellular,jul,wed,140,3,999,0,nonexistent,1.4,93.918,-42.7,4.962,5228.1,no
13379,29,services,single,high.school,no,yes,no,telephone,jul,wed,206,1,999,0,nonexistent,1.4,93.918,-42.7,4.962,5228.1,no
13383,57,blue-collar,married,basic.9y,no,yes,no,telephone,jul,wed,106,1,999,0,nonexistent,1.4,93.918,-42.7,4.962,5228.1,no
13384,57,blue-collar,married,basic.9y,no,yes,no,cellular,jul,wed,601,1,999,0,nonexistent,1.4,93.918,-42.7,4.962,5228.1,no
13393,40,blue-collar,married,basic.6y,no,yes,no,cellular,jul,wed,480,1,999,0,nonexistent,1.4,93.918,-42.7,4.962,5228.1,no
13399,60,blue-collar,married,basic.4y,unknown,no,no,telephone,jul,wed,83,1,999,0,nonexistent,1.4,93.918,-42.7,4.962,5228.1,no
13401,60,blue-collar,married,basic.4y,unknown,no,yes,telephone,jul,wed,271,1,999,0,nonexistent,1.4,93.918,-42.7,4.962,5228.1,no
13415,28,admin.,single,university.degree,unknown,yes,yes,cellular,jul,wed,328,3,999,0,nonexistent,1.4,93.918,-42.7,4.962,5228.1,no
13419,29,technician,married,professional.course,no,no,no,cellular,jul,wed,263,2,999,0,nonexistent,1.4,93.918,-42.7,4.962,5228.1,no
13435,33,technician,married,university.degree,no,no,no,telephone,jul,wed,19,8,999,0,nonexistent,1.4,93.918,-42.7,4.962,5228.1,no
13477,33,blue-collar,married,basic.4y,no,no,no,cellular,jul,thu,143,1,999,0,nonexistent,1.4,93.918,-42.7,4.963,5228.1,no
13484,31,blue-collar,divorced,basic.9y,no,yes,no,cellular,jul,thu,315,1,999,0,nonexistent,1.4,93.918,-42.7,4.963,5228.1,no
13500,39,blue-collar,married,basic.9y,no,yes,no,cellular,jul,thu,266,1,999,0,nonexistent,1.4,93.918,-42.7,4.963,5228.1,no
13507,28,admin.,single,university.degree,no,no,yes,cellular,jul,thu,93,1,999,0,nonexistent,1.4,93.918,-42.7,4.963,5228.1,no
13510,36,admin.,single,high.school,no,no,no,cellular,jul,thu,165,1,999,0,nonexistent,1.4,93.918,-42.7,4.963,5228.1,no
13514,36,services,married,high.school,no,unknown,unknown,cellular,jul,thu,156,1,999,0,nonexistent,1.4,93.918,-42.7,4.963,5228.1,no
13520,55,services,married,high.school,no,no,yes,cellular,jul,thu,371,1,999,0,nonexistent,1.4,93.918,-42.7,4.963,5228.1,no
13537,46,admin.,divorced,university.degree,unknown,yes,no,cellular,jul,thu,89,1,999,0,nonexistent,1.4,93.918,-42.7,4.963,5228.1,no
13544,32,blue-collar,divorced,basic.9y,no,no,no,cellular,jul,thu,624,1,999,0,nonexistent,1.4,93.918,-42.7,4.963,5228.1,no
13546,35,admin.,single,university.degree,unknown,no,no,cellular,jul,thu,250,1,999,0,nonexistent,1.4,93.918,-42.7,4.963,5228.1,no
13547,46,admin.,divorced,university.degree,unknown,yes,no,cellular,jul,thu,51,1,999,0,nonexistent,1.4,93.918,-42.7,4.963,5228.1,no
13549,25,services,single,professional.course,no,yes,no,cellular,jul,thu,384,1,999,0,nonexistent,1.4,93.918,-42.7,4.963,5228.1,no
13556,38,housemaid,married,high.school,no,no,no,telephone,jul,thu,121,1,999,0,nonexistent,1.4,93.918,-42.7,4.963,5228.1,no
13568,25,admin.,single,high.school,no,yes,no,cellular,jul,thu,103,1,999,0,nonexistent,1.4,93.918,-42.7,4.963,5228.1,no
13570,25,admin.,single,high.school,no,no,yes,cellular,jul,thu,277,1,999,0,nonexistent,1.4,93.918,-42.7,4.963,5228.1,no
13593,46,management,married,high.school,unknown,yes,no,cellular,jul,thu,329,1,999,0,nonexistent,1.4,93.918,-42.7,4.963,5228.1,no
13598,27,technician,single,professional.course,no,no,no,cellular,jul,thu,171,1,999,0,nonexistent,1.4,93.918,-42.7,4.963,5228.1,no
13607,32,admin.,single,university.degree,no,no,no,cellular,jul,thu,349,1,999,0,nonexistent,1.4,93.918,-42.7,4.963,5228.1,no
13625,45,management,married,university.degree,no,no,yes,cellular,jul,thu,542,1,999,0,nonexistent,1.4,93.918,-42.7,4.963,5228.1,no
13626,34,technician,married,high.school,no,yes,no,cellular,jul,thu,210,1,999,0,nonexistent,1.4,93.918,-42.7,4.963,5228.1,no
13630,51,admin.,married,professional.course,no,yes,no,cellular,jul,thu,132,1,999,0,nonexistent,1.4,93.918,-42.7,4.963,5228.1,no
13637,29,admin.,married,university.degree,unknown,no,yes,cellular,jul,thu,160,1,999,0,nonexistent,1.4,93.918,-42.7,4.963,5228.1,no
13638,54,blue-collar,divorced,basic.4y,unknown,no,no,cellular,jul,thu,279,1,999,0,nonexistent,1.4,93.918,-42.7,4.963,5228.1,no
13646,31,self-employed,married,basic.9y,no,no,no,cellular,jul,thu,259,1,999,0,nonexistent,1.4,93.918,-42.7,4.963,5228.1,no
13647,25,blue-collar,married,basic.9y,no,no,no,cellular,jul,thu,157,1,999,0,nonexistent,1.4,93.918,-42.7,4.963,5228.1,no
13649,25,blue-collar,single,basic.9y,no,no,no,cellular,jul,thu,506,3,999,0,nonexistent,1.4,93.918,-42.7,4.963,5228.1,no
13651,30,services,single,high.school,no,no,no,cellular,jul,thu,421,1,999,0,nonexistent,1.4,93.918,-42.7,4.963,5228.1,no
13652,39,admin.,married,high.school,no,yes,no,cellular,jul,thu,301,1,999,0,nonexistent,1.4,93.918,-42.7,4.963,5228.1,no
13664,30,blue-collar,single,basic.9y,no,yes,yes,cellular,jul,thu,446,1,999,0,nonexistent,1.4,93.918,-42.7,4.963,5228.1,no
13665,27,admin.,single,university.degree,no,yes,no,cellular,jul,thu,252,1,999,0,nonexistent,1.4,93.918,-42.7,4.963,5228.1,no
13666,33,self-employed,married,basic.9y,unknown,no,no,cellular,jul,thu,356,1,999,0,nonexistent,1.4,93.918,-42.7,4.963,5228.1,no
13667,27,technician,married,professional.course,no,no,no,cellular,jul,thu,102,9,999,0,nonexistent,1.4,93.918,-42.7,4.963,5228.1,no
13696,29,admin.,married,university.degree,unknown,yes,no,telephone,jul,thu,123,1,999,0,nonexistent,1.4,93.918,-42.7,4.963,5228.1,no
13706,31,admin.,married,high.school,no,yes,no,cellular,jul,thu,627,1,999,0,nonexistent,1.4,93.918,-42.7,4.963,5228.1,yes
13708,48,technician,divorced,professional.course,no,yes,no,telephone,jul,thu,92,1,999,0,nonexistent,1.4,93.918,-42.7,4.963,5228.1,no
13719,26,admin.,married,high.school,no,no,no,cellular,jul,thu,269,1,999,0,nonexistent,1.4,93.918,-42.7,4.963,5228.1,no
13725,25,admin.,single,high.school,no,yes,no,cellular,jul,thu,189,2,999,0,nonexistent,1.4,93.918,-42.7,4.963,5228.1,no
13742,38,blue-collar,married,basic.6y,unknown,no,no,cellular,jul,thu,60,1,999,0,nonexistent,1.4,93.918,-42.7,4.963,5228.1,no
13752,31,admin.,single,university.degree,no,yes,yes,cellular,jul,thu,107,1,999,0,nonexistent,1.4,93.918,-42.7,4.963,5228.1,no
13753,41,entrepreneur,divorced,professional.course,no,no,no,cellular,jul,thu,82,5,999,0,nonexistent,1.4,93.918,-42.7,4.963,5228.1,no
13755,28,services,single,basic.6y,no,yes,no,cellular,jul,thu,229,1,999,0,nonexistent,1.4,93.918,-42.7,4.963,5228.1,no
13756,44,blue-collar,married,basic.9y,no,yes,no,cellular,jul,thu,839,1,999,0,nonexistent,1.4,93.918,-42.7,4.963,5228.1,no
13772,50,housemaid,married,basic.4y,unknown,no,no,cellular,jul,thu,223,8,999,0,nonexistent,1.4,93.918,-42.7,4.963,5228.1,no
13774,30,technician,single,professional.course,no,no,yes,telephone,jul,thu,156,7,999,0,nonexistent,1.4,93.918,-42.7,4.963,5228.1,no
13783,26,housemaid,single,high.school,unknown,yes,no,cellular,jul,thu,185,1,999,0,nonexistent,1.4,93.918,-42.7,4.963,5228.1,no
13805,27,services,married,high.school,no,no,no,cellular,jul,thu,184,3,999,0,nonexistent,1.4,93.918,-42.7,4.963,5228.1,no
13825,30,blue-collar,single,basic.9y,no,yes,yes,cellular,jul,fri,166,1,999,0,nonexistent,1.4,93.918,-42.7,4.963,5228.1,no
13828,41,blue-collar,divorced,basic.6y,no,no,no,cellular,jul,fri,159,1,999,0,nonexistent,1.4,93.918,-42.7,4.963,5228.1,no
13832,29,technician,married,unknown,no,yes,no,cellular,jul,fri,166,1,999,0,nonexistent,1.4,93.918,-42.7,4.963,5228.1,no
13836,52,admin.,divorced,high.school,unknown,no,no,cellular,jul,fri,67,1,999,0,nonexistent,1.4,93.918,-42.7,4.963,5228.1,no
13851,42,blue-collar,married,basic.4y,no,unknown,unknown,cellular,jul,fri,467,1,999,0,nonexistent,1.4,93.918,-42.7,4.963,5228.1,no
13871,44,entrepreneur,divorced,basic.4y,no,no,no,cellular,jul,fri,170,2,999,0,nonexistent,1.4,93.918,-42.7,4.963,5228.1,no
13884,33,blue-collar,married,basic.9y,no,no,no,cellular,jul,fri,439,2,999,0,nonexistent,1.4,93.918,-42.7,4.963,5228.1,no
13889,32,technician,married,basic.9y,no,yes,no,telephone,jul,fri,321,2,999,0,nonexistent,1.4,93.918,-42.7,4.963,5228.1,no
13894,31,blue-collar,married,high.school,no,yes,no,cellular,jul,fri,45,2,999,0,nonexistent,1.4,93.918,-42.7,4.963,5228.1,no
13896,32,admin.,single,university.degree,no,no,no,cellular,jul,fri,132,2,999,0,nonexistent,1.4,93.918,-42.7,4.963,5228.1,no
13899,50,technician,divorced,professional.course,no,no,no,cellular,jul,fri,318,2,999,0,nonexistent,1.4,93.918,-42.7,4.963,5228.1,no
13910,33,admin.,married,high.school,no,no,no,cellular,jul,fri,16,2,999,0,nonexistent,1.4,93.918,-42.7,4.963,5228.1,no
13922,39,services,married,high.school,unknown,yes,no,cellular,jul,fri,67,2,999,0,nonexistent,1.4,93.918,-42.7,4.963,5228.1,no
13926,33,services,married,high.school,no,no,no,cellular,jul,fri,1060,2,999,0,nonexistent,1.4,93.918,-42.7,4.963,5228.1,yes
13948,30,admin.,married,university.degree,no,yes,yes,cellular,jul,fri,85,2,999,0,nonexistent,1.4,93.918,-42.7,4.963,5228.1,no
13951,33,blue-collar,single,basic.6y,unknown,yes,yes,cellular,jul,fri,103,2,999,0,nonexistent,1.4,93.918,-42.7,4.963,5228.1,no
13956,31,technician,divorced,professional.course,no,yes,yes,cellular,jul,fri,71,3,999,0,nonexistent,1.4,93.918,-42.7,4.963,5228.1,no
13958,32,unemployed,married,university.degree,no,yes,no,cellular,jul,fri,47,2,999,0,nonexistent,1.4,93.918,-42.7,4.963,5228.1,no
13964,43,entrepreneur,divorced,professional.course,no,no,yes,cellular,jul,fri,94,2,999,0,nonexistent,1.4,93.918,-42.7,4.963,5228.1,no
13985,55,entrepreneur,married,professional.course,unknown,no,no,cellular,jul,fri,149,2,999,0,nonexistent,1.4,93.918,-42.7,4.963,5228.1,no
13989,28,services,married,high.school,no,no,no,cellular,jul,fri,117,2,999,0,nonexistent,1.4,93.918,-42.7,4.963,5228.1,no
14000,31,blue-collar,married,basic.6y,no,no,no,cellular,jul,fri,255,2,999,0,nonexistent,1.4,93.918,-42.7,4.963,5228.1,no
14002,35,blue-collar,single,basic.9y,no,yes,no,cellular,jul,fri,324,2,999,0,nonexistent,1.4,93.918,-42.7,4.963,5228.1,no
14005,25,unemployed,married,high.school,unknown,no,no,cellular,jul,fri,120,10,999,0,nonexistent,1.4,93.918,-42.7,4.963,5228.1,no
14011,40,technician,single,professional.course,no,yes,yes,cellular,jul,fri,919,2,999,0,nonexistent,1.4,93.918,-42.7,4.963,5228.1,no
14022,31,blue-collar,single,basic.9y,no,yes,no,cellular,jul,fri,184,2,999,0,nonexistent,1.4,93.918,-42.7,4.963,5228.1,no
14025,28,housemaid,married,high.school,no,no,no,cellular,jul,fri,271,2,999,0,nonexistent,1.4,93.918,-42.7,4.963,5228.1,no
14028,36,blue-collar,single,high.school,no,no,no,telephone,jul,fri,470,2,999,0,nonexistent,1.4,93.918,-42.7,4.963,5228.1,no
14035,59,blue-collar,married,basic.4y,unknown,no,no,cellular,jul,fri,202,2,999,0,nonexistent,1.4,93.918,-42.7,4.963,5228.1,no
14055,41,admin.,single,university.degree,no,no,no,cellular,jul,fri,1180,2,999,0,nonexistent,1.4,93.918,-42.7,4.963,5228.1,no
14063,31,blue-collar,married,basic.6y,no,yes,no,cellular,jul,fri,119,2,999,0,nonexistent,1.4,93.918,-42.7,4.963,5228.1,no
14064,36,blue-collar,single,high.school,no,no,no,cellular,jul,fri,425,2,999,0,nonexistent,1.4,93.918,-42.7,4.963,5228.1,no
14088,58,management,married,university.degree,unknown,no,no,cellular,jul,mon,607,2,999,0,nonexistent,1.4,93.918,-42.7,4.962,5228.1,no
14089,29,blue-collar,married,basic.9y,no,yes,no,cellular,jul,mon,104,2,999,0,nonexistent,1.4,93.918,-42.7,4.962,5228.1,no
14110,31,entrepreneur,married,university.degree,unknown,no,no,cellular,jul,mon,97,2,999,0,nonexistent,1.4,93.918,-42.7,4.962,5228.1,no
14111,30,blue-collar,married,basic.9y,no,no,no,cellular,jul,mon,96,2,999,0,nonexistent,1.4,93.918,-42.7,4.962,5228.1,no
14116,45,blue-collar,divorced,basic.9y,no,no,yes,cellular,jul,mon,194,2,999,0,nonexistent,1.4,93.918,-42.7,4.962,5228.1,no
14122,51,admin.,divorced,university.degree,unknown,unknown,unknown,cellular,jul,mon,178,4,999,0,nonexistent,1.4,93.918,-42.7,4.962,5228.1,no
14142,48,blue-collar,single,basic.6y,unknown,yes,no,cellular,jul,mon,297,3,999,0,nonexistent,1.4,93.918,-42.7,4.962,5228.1,no
14152,44,blue-collar,married,basic.9y,no,no,no,telephone,jul,mon,214,3,999,0,nonexistent,1.4,93.918,-42.7,4.962,5228.1,no
14156,27,technician,single,professional.course,no,no,no,cellular,jul,mon,331,2,999,0,nonexistent,1.4,93.918,-42.7,4.962,5228.1,no
14165,33,blue-collar,single,basic.4y,no,unknown,unknown,cellular,jul,mon,84,3,999,0,nonexistent,1.4,93.918,-42.7,4.962,5228.1,no
14175,49,management,married,university.degree,no,no,no,cellular,jul,mon,549,3,999,0,nonexistent,1.4,93.918,-42.7,4.962,5228.1,no
14187,35,blue-collar,married,high.school,unknown,yes,yes,telephone,jul,mon,281,3,999,0,nonexistent,1.4,93.918,-42.7,4.962,5228.1,no
14190,50,admin.,divorced,basic.9y,no,yes,yes,cellular,jul,mon,68,2,999,0,nonexistent,1.4,93.918,-42.7,4.962,5228.1,no
14217,27,admin.,married,high.school,no,yes,yes,cellular,jul,mon,101,3,999,0,nonexistent,1.4,93.918,-42.7,4.962,5228.1,no
14224,45,management,married,basic.9y,unknown,yes,no,cellular,jul,mon,297,3,999,0,nonexistent,1.4,93.918,-42.7,4.962,5228.1,no
14234,35,blue-collar,single,basic.9y,no,yes,no,cellular,jul,mon,292,3,999,0,nonexistent,1.4,93.918,-42.7,4.962,5228.1,no
14247,26,technician,single,high.school,no,yes,no,cellular,jul,mon,124,3,999,0,nonexistent,1.4,93.918,-42.7,4.962,5228.1,no
14268,42,admin.,married,high.school,no,no,yes,cellular,jul,mon,417,3,999,0,nonexistent,1.4,93.918,-42.7,4.962,5228.1,no
14275,52,services,married,high.school,unknown,no,no,cellular,jul,mon,76,2,999,0,nonexistent,1.4,93.918,-42.7,4.962,5228.1,no
14278,28,technician,single,high.school,no,no,no,cellular,jul,mon,568,8,999,0,nonexistent,1.4,93.918,-42.7,4.962,5228.1,no
14307,48,management,married,university.degree,no,yes,no,cellular,jul,mon,248,3,999,0,nonexistent,1.4,93.918,-42.7,4.962,5228.1,no
14309,30,blue-collar,married,basic.9y,no,yes,no,cellular,jul,mon,214,3,999,0,nonexistent,1.4,93.918,-42.7,4.962,5228.1,no
14321,43,housemaid,married,basic.4y,no,no,no,cellular,jul,mon,119,3,999,0,nonexistent,1.4,93.918,-42.7,4.962,5228.1,no
14324,31,housemaid,married,high.school,no,yes,no,cellular,jul,mon,109,8,999,0,nonexistent,1.4,93.918,-42.7,4.962,5228.1,no
14325,51,blue-collar,married,basic.4y,unknown,yes,no,cellular,jul,mon,301,6,999,0,nonexistent,1.4,93.918,-42.7,4.962,5228.1,no
14359,32,blue-collar,married,basic.9y,no,no,no,cellular,jul,mon,240,3,999,0,nonexistent,1.4,93.918,-42.7,4.962,5228.1,no
14360,32,management,married,professional.course,unknown,no,no,cellular,jul,mon,565,4,999,0,nonexistent,1.4,93.918,-42.7,4.962,5228.1,no
14367,57,blue-collar,married,basic.4y,no,yes,no,cellular,jul,mon,364,3,999,0,nonexistent,1.4,93.918,-42.7,4.962,5228.1,no
14381,23,services,single,high.school,no,no,no,telephone,jul,mon,821,3,999,0,nonexistent,1.4,93.918,-42.7,4.962,5228.1,no
14388,30,blue-collar,married,basic.9y,no,no,no,cellular,jul,mon,78,4,999,0,nonexistent,1.4,93.918,-42.7,4.962,5228.1,no
14392,34,blue-collar,married,basic.6y,unknown,no,yes,telephone,jul,mon,164,3,999,0,nonexistent,1.4,93.918,-42.7,4.962,5228.1,no
14398,45,blue-collar,divorced,basic.9y,no,no,no,cellular,jul,mon,399,4,999,0,nonexistent,1.4,93.918,-42.7,4.962,5228.1,no
14421,53,blue-collar,married,basic.9y,no,yes,no,cellular,jul,tue,122,4,999,0,nonexistent,1.4,93.918,-42.7,4.961,5228.1,no
14427,45,blue-collar,single,basic.4y,unknown,yes,yes,cellular,jul,tue,21,3,999,0,nonexistent,1.4,93.918,-42.7,4.961,5228.1,no
14431,25,management,single,university.degree,no,no,no,cellular,jul,tue,125,3,999,0,nonexistent,1.4,93.918,-42.7,4.961,5228.1,no
14432,32,blue-collar,married,basic.6y,no,no,no,telephone,jul,tue,285,3,999,0,nonexistent,1.4,93.918,-42.7,4.961,5228.1,no
14448,26,services,single,basic.6y,no,no,no,cellular,jul,tue,184,2,999,0,nonexistent,1.4,93.918,-42.7,4.961,5228.1,no
14456,32,management,divorced,university.degree,no,no,no,cellular,jul,tue,131,5,999,0,nonexistent,1.4,93.918,-42.7,4.961,5228.1,no
14468,57,blue-collar,married,basic.9y,unknown,yes,no,cellular,jul,tue,579,4,999,0,nonexistent,1.4,93.918,-42.7,4.961,5228.1,no
14473,32,housemaid,single,university.degree,unknown,yes,no,cellular,jul,tue,71,4,999,0,nonexistent,1.4,93.918,-42.7,4.961,5228.1,no
14474,25,technician,single,professional.course,no,yes,no,cellular,jul,tue,134,4,999,0,nonexistent,1.4,93.918,-42.7,4.961,5228.1,no
14476,33,services,married,high.school,no,no,no,cellular,jul,tue,280,5,999,0,nonexistent,1.4,93.918,-42.7,4.961,5228.1,no
14485,48,admin.,single,university.degree,no,yes,yes,telephone,jul,tue,80,2,999,0,nonexistent,1.4,93.918,-42.7,4.961,5228.1,no
14489,36,self-employed,divorced,professional.course,unknown,yes,yes,cellular,jul,tue,110,4,999,0,nonexistent,1.4,93.918,-42.7,4.961,5228.1,no
14504,43,blue-collar,married,basic.9y,no,no,no,telephone,jul,tue,778,3,999,0,nonexistent,1.4,93.918,-42.7,4.961,5228.1,no
14507,29,entrepreneur,married,basic.4y,no,no,no,cellular,jul,tue,103,4,999,0,nonexistent,1.4,93.918,-42.7,4.961,5228.1,no
14521,24,entrepreneur,single,university.degree,no,yes,no,cellular,jul,tue,808,3,999,0,nonexistent,1.4,93.918,-42.7,4.961,5228.1,yes
14533,40,blue-collar,single,basic.4y,no,no,no,cellular,jul,tue,59,2,999,0,nonexistent,1.4,93.918,-42.7,4.961,5228.1,no
14535,31,technician,single,professional.course,no,no,no,telephone,jul,tue,174,3,999,0,nonexistent,1.4,93.918,-42.7,4.961,5228.1,no
14540,38,admin.,divorced,university.degree,no,no,yes,telephone,jul,tue,571,3,999,0,nonexistent,1.4,93.918,-42.7,4.961,5228.1,no
14541,57,blue-collar,married,unknown,no,no,no,cellular,jul,tue,137,4,999,0,nonexistent,1.4,93.918,-42.7,4.961,5228.1,no
14555,33,housemaid,married,basic.9y,no,no,no,cellular,jul,tue,860,4,999,0,nonexistent,1.4,93.918,-42.7,4.961,5228.1,yes
14558,47,admin.,married,basic.6y,no,unknown,unknown,cellular,jul,tue,317,1,999,0,nonexistent,1.4,93.918,-42.7,4.961,5228.1,no
14564,59,blue-collar,married,basic.4y,unknown,yes,no,cellular,jul,tue,85,5,999,0,nonexistent,1.4,93.918,-42.7,4.961,5228.1,no
14568,36,admin.,single,basic.9y,no,yes,no,cellular,jul,tue,274,1,999,0,nonexistent,1.4,93.918,-42.7,4.961,5228.1,no
14588,30,services,single,high.school,no,no,yes,cellular,jul,tue,172,4,999,0,nonexistent,1.4,93.918,-42.7,4.961,5228.1,no
14589,50,technician,single,university.degree,no,yes,no,cellular,jul,tue,89,2,999,0,nonexistent,1.4,93.918,-42.7,4.961,5228.1,no
14594,28,blue-collar,single,high.school,no,yes,no,cellular,jul,tue,158,5,999,0,nonexistent,1.4,93.918,-42.7,4.961,5228.1,no
14624,36,housemaid,single,high.school,no,yes,no,cellular,jul,tue,257,5,999,0,nonexistent,1.4,93.918,-42.7,4.961,5228.1,no
14625,35,admin.,married,university.degree,no,yes,no,cellular,jul,tue,98,4,999,0,nonexistent,1.4,93.918,-42.7,4.961,5228.1,no
14629,50,admin.,married,professional.course,no,no,no,cellular,jul,tue,306,14,999,0,nonexistent,1.4,93.918,-42.7,4.961,5228.1,no
14631,41,entrepreneur,married,basic.6y,no,no,no,telephone,jul,tue,275,2,999,0,nonexistent,1.4,93.918,-42.7,4.961,5228.1,no
14633,48,unemployed,married,university.degree,no,yes,no,cellular,jul,tue,135,5,999,0,nonexistent,1.4,93.918,-42.7,4.961,5228.1,no
14641,41,entrepreneur,divorced,university.degree,no,yes,no,cellular,jul,tue,194,5,999,0,nonexistent,1.4,93.918,-42.7,4.961,5228.1,no
14643,32,management,divorced,university.degree,no,yes,no,cellular,jul,tue,123,4,999,0,nonexistent,1.4,93.918,-42.7,4.961,5228.1,no
14653,40,blue-collar,married,basic.9y,no,yes,no,cellular,jul,tue,107,4,999,0,nonexistent,1.4,93.918,-42.7,4.961,5228.1,no
14670,57,management,married,basic.9y,no,no,no,cellular,jul,tue,374,5,999,0,nonexistent,1.4,93.918,-42.7,4.961,5228.1,no
14673,27,blue-collar,married,basic.9y,unknown,no,no,cellular,jul,tue,364,2,999,0,nonexistent,1.4,93.918,-42.7,4.961,5228.1,no
14682,24,blue-collar,married,basic.9y,no,no,no,cellular,jul,tue,107,3,999,0,nonexistent,1.4,93.918,-42.7,4.961,5228.1,no
14684,50,technician,single,university.degree,no,yes,no,cellular,jul,tue,216,7,999,0,nonexistent,1.4,93.918,-42.7,4.961,5228.1,no
14689,46,housemaid,single,university.degree,unknown,no,yes,cellular,jul,tue,142,3,999,0,nonexistent,1.4,93.918,-42.7,4.961,5228.1,no
14693,27,blue-collar,single,high.school,no,unknown,unknown,cellular,jul,tue,290,3,999,0,nonexistent,1.4,93.918,-42.7,4.961,5228.1,no
14699,51,technician,divorced,high.school,no,no,no,cellular,jul,tue,166,4,999,0,nonexistent,1.4,93.918,-42.7,4.961,5228.1,no
14705,38,admin.,divorced,university.degree,no,no,no,cellular,jul,tue,419,8,999,0,nonexistent,1.4,93.918,-42.7,4.961,5228.1,no
14706,33,blue-collar,married,high.school,unknown,yes,no,cellular,jul,tue,624,6,999,0,nonexistent,1.4,93.918,-42.7,4.961,5228.1,no
14716,46,technician,divorced,professional.course,no,no,no,cellular,jul,tue,114,4,999,0,nonexistent,1.4,93.918,-42.7,4.961,5228.1,no
14719,36,blue-collar,married,basic.4y,unknown,yes,no,cellular,jul,tue,87,8,999,0,nonexistent,1.4,93.918,-42.7,4.961,5228.1,no
14743,34,admin.,married,high.school,no,yes,no,cellular,jul,wed,95,4,999,0,nonexistent,1.4,93.918,-42.7,4.957,5228.1,no
14745,49,blue-collar,married,basic.6y,unknown,no,no,cellular,jul,wed,221,1,999,0,nonexistent,1.4,93.918,-42.7,4.957,5228.1,no
14755,33,blue-collar,divorced,basic.9y,unknown,no,no,telephone,jul,wed,155,2,999,0,nonexistent,1.4,93.918,-42.7,4.957,5228.1,no
14766,49,blue-collar,divorced,unknown,unknown,no,no,cellular,jul,wed,92,1,999,0,nonexistent,1.4,93.918,-42.7,4.957,5228.1,no
14768,34,technician,divorced,professional.course,no,no,no,cellular,jul,wed,130,1,999,0,nonexistent,1.4,93.918,-42.7,4.957,5228.1,no
14772,37,entrepreneur,divorced,high.school,unknown,no,no,cellular,jul,wed,344,3,999,0,nonexistent,1.4,93.918,-42.7,4.957,5228.1,no
14774,31,self-employed,married,basic.9y,no,no,no,cellular,jul,wed,56,1,999,0,nonexistent,1.4,93.918,-42.7,4.957,5228.1,no
14789,45,unknown,unknown,unknown,no,yes,yes,cellular,jul,wed,496,1,999,0,nonexistent,1.4,93.918,-42.7,4.957,5228.1,yes
14791,34,blue-collar,single,basic.6y,no,yes,yes,cellular,jul,wed,195,1,999,0,nonexistent,1.4,93.918,-42.7,4.957,5228.1,no
14792,55,management,married,basic.9y,no,yes,no,cellular,jul,wed,49,1,999,0,nonexistent,1.4,93.918,-42.7,4.957,5228.1,no
14793,55,management,married,basic.9y,no,yes,no,cellular,jul,wed,90,1,999,0,nonexistent,1.4,93.918,-42.7,4.957,5228.1,no
14799,58,retired,divorced,basic.4y,unknown,no,no,cellular,jul,wed,303,1,999,0,nonexistent,1.4,93.918,-42.7,4.957,5228.1,no
14810,26,technician,single,professional.course,no,no,no,cellular,jul,wed,83,2,999,0,nonexistent,1.4,93.918,-42.7,4.957,5228.1,no
14823,24,services,single,high.school,no,yes,no,cellular,jul,wed,57,2,999,0,nonexistent,1.4,93.918,-42.7,4.957,5228.1,no
14839,31,admin.,single,university.degree,no,yes,no,cellular,jul,wed,335,1,999,0,nonexistent,1.4,93.918,-42.7,4.957,5228.1,no
14854,31,blue-collar,single,basic.9y,no,yes,no,cellular,jul,wed,325,2,999,0,nonexistent,1.4,93.918,-42.7,4.957,5228.1,no
14863,29,self-employed,single,university.degree,no,yes,no,cellular,jul,wed,513,1,999,0,nonexistent,1.4,93.918,-42.7,4.957,5228.1,no
14868,34,admin.,married,high.school,unknown,no,no,cellular,jul,wed,241,2,999,0,nonexistent,1.4,93.918,-42.7,4.957,5228.1,no
14876,49,management,single,basic.4y,unknown,yes,no,cellular,jul,wed,592,1,999,0,nonexistent,1.4,93.918,-42.7,4.957,5228.1,no
14911,43,technician,single,professional.course,unknown,no,no,telephone,jul,wed,87,5,999,0,nonexistent,1.4,93.918,-42.7,4.957,5228.1,no
14932,44,admin.,divorced,university.degree,no,no,no,cellular,jul,wed,191,6,999,0,nonexistent,1.4,93.918,-42.7,4.957,5228.1,no
14939,42,technician,married,high.school,unknown,no,no,cellular,jul,wed,252,2,999,0,nonexistent,1.4,93.918,-42.7,4.957,5228.1,no
14945,34,admin.,married,university.degree,no,no,no,cellular,jul,wed,781,2,999,0,nonexistent,1.4,93.918,-42.7,4.957,5228.1,yes
14949,43,technician,married,high.school,no,no,no,cellular,jul,wed,1389,7,999,0,nonexistent,1.4,93.918,-42.7,4.957,5228.1,no
14954,46,management,divorced,basic.4y,no,no,no,telephone,jul,wed,201,5,999,0,nonexistent,1.4,93.918,-42.7,4.957,5228.1,no
14961,43,technician,married,basic.9y,no,no,yes,telephone,jul,wed,264,5,999,0,nonexistent,1.4,93.918,-42.7,4.957,5228.1,no
14962,35,services,married,basic.9y,no,no,yes,cellular,jul,wed,204,2,999,0,nonexistent,1.4,93.918,-42.7,4.957,5228.1,no
14966,37,entrepreneur,divorced,high.school,unknown,no,no,cellular,jul,wed,524,4,999,0,nonexistent,1.4,93.918,-42.7,4.957,5228.1,no
14971,44,blue-collar,married,basic.6y,unknown,no,no,cellular,jul,wed,605,6,999,0,nonexistent,1.4,93.918,-42.7,4.957,5228.1,no
14979,30,technician,married,high.school,no,no,no,cellular,jul,thu,199,2,999,0,nonexistent,1.4,93.918,-42.7,4.958,5228.1,no
14986,28,self-employed,single,high.school,no,no,no,cellular,jul,thu,63,6,999,0,nonexistent,1.4,93.918,-42.7,4.958,5228.1,no
14990,40,management,single,university.degree,no,no,no,cellular,jul,thu,309,2,999,0,nonexistent,1.4,93.918,-42.7,4.958,5228.1,no
15003,38,blue-collar,married,basic.9y,no,no,no,cellular,jul,thu,69,1,999,0,nonexistent,1.4,93.918,-42.7,4.958,5228.1,no
15004,36,blue-collar,married,basic.9y,unknown,yes,no,telephone,jul,thu,264,3,999,0,nonexistent,1.4,93.918,-42.7,4.958,5228.1,no
15038,30,blue-collar,single,basic.9y,no,yes,no,telephone,jul,thu,17,3,999,0,nonexistent,1.4,93.918,-42.7,4.958,5228.1,no
15039,45,services,married,basic.9y,no,no,no,cellular,jul,thu,50,1,999,0,nonexistent,1.4,93.918,-42.7,4.958,5228.1,no
15061,43,technician,single,university.degree,no,yes,no,cellular,jul,thu,201,1,999,0,nonexistent,1.4,93.918,-42.7,4.958,5228.1,no
15063,26,technician,single,high.school,no,no,no,cellular,jul,thu,224,2,999,0,nonexistent,1.4,93.918,-42.7,4.958,5228.1,no
15068,27,blue-collar,single,basic.9y,no,yes,no,cellular,jul,thu,818,1,999,0,nonexistent,1.4,93.918,-42.7,4.958,5228.1,no
15070,52,technician,married,professional.course,no,yes,no,cellular,jul,thu,402,2,999,0,nonexistent,1.4,93.918,-42.7,4.958,5228.1,no
15078,30,blue-collar,married,basic.9y,unknown,yes,no,cellular,jul,thu,67,1,999,0,nonexistent,1.4,93.918,-42.7,4.958,5228.1,no
15098,25,blue-collar,single,basic.9y,no,no,no,cellular,jul,thu,692,1,999,0,nonexistent,1.4,93.918,-42.7,4.958,5228.1,no
15108,30,technician,married,basic.9y,no,no,yes,cellular,jul,thu,536,2,999,0,nonexistent,1.4,93.918,-42.7,4.958,5228.1,no
15113,24,admin.,single,high.school,unknown,yes,no,cellular,jul,thu,421,1,999,0,nonexistent,1.4,93.918,-42.7,4.958,5228.1,no
15134,33,technician,divorced,university.degree,no,yes,yes,cellular,jul,thu,260,1,999,0,nonexistent,1.4,93.918,-42.7,4.958,5228.1,no
15137,35,self-employed,married,university.degree,no,no,no,cellular,jul,thu,109,3,999,0,nonexistent,1.4,93.918,-42.7,4.958,5228.1,no
15150,54,blue-collar,married,basic.9y,unknown,no,no,cellular,jul,thu,225,2,999,0,nonexistent,1.4,93.918,-42.7,4.958,5228.1,no
15153,29,technician,married,high.school,unknown,no,no,cellular,jul,thu,321,1,999,0,nonexistent,1.4,93.918,-42.7,4.958,5228.1,no
15155,25,technician,single,professional.course,no,yes,no,cellular,jul,thu,312,5,999,0,nonexistent,1.4,93.918,-42.7,4.958,5228.1,no
15157,32,self-employed,single,university.degree,no,yes,no,cellular,jul,thu,630,1,999,0,nonexistent,1.4,93.918,-42.7,4.958,5228.1,no
15163,33,technician,single,professional.course,unknown,yes,no,cellular,jul,thu,506,1,999,0,nonexistent,1.4,93.918,-42.7,4.958,5228.1,no
15178,57,entrepreneur,married,unknown,unknown,no,no,cellular,jul,thu,384,4,999,0,nonexistent,1.4,93.918,-42.7,4.958,5228.1,no
15181,32,blue-collar,married,basic.4y,unknown,yes,no,cellular,jul,thu,334,3,999,0,nonexistent,1.4,93.918,-42.7,4.958,5228.1,no
15185,35,technician,married,professional.course,no,yes,yes,cellular,jul,thu,54,3,999,0,nonexistent,1.4,93.918,-42.7,4.958,5228.1,no
15191,49,blue-collar,single,basic.6y,unknown,yes,no,cellular,jul,thu,626,3,999,0,nonexistent,1.4,93.918,-42.7,4.958,5228.1,yes
15198,26,housemaid,married,basic.4y,no,yes,no,cellular,jul,thu,1151,1,999,0,nonexistent,1.4,93.918,-42.7,4.958,5228.1,no
15202,28,services,single,basic.9y,no,yes,no,cellular,jul,thu,277,3,999,0,nonexistent,1.4,93.918,-42.7,4.958,5228.1,no
15226,35,blue-collar,married,basic.9y,no,yes,no,telephone,jul,thu,268,5,999,0,nonexistent,1.4,93.918,-42.7,4.958,5228.1,no
15242,35,unknown,single,high.school,unknown,yes,no,cellular,jul,thu,277,3,999,0,nonexistent,1.4,93.918,-42.7,4.958,5228.1,no
15255,32,management,single,university.degree,no,no,no,cellular,jul,thu,654,1,999,0,nonexistent,1.4,93.918,-42.7,4.958,5228.1,no
15256,45,admin.,divorced,university.degree,no,yes,no,cellular,jul,thu,1673,2,999,0,nonexistent,1.4,93.918,-42.7,4.958,5228.1,no
15257,44,technician,single,professional.course,no,no,no,cellular,jul,thu,330,3,999,0,nonexistent,1.4,93.918,-42.7,4.958,5228.1,no
15259,42,self-employed,single,professional.course,no,yes,no,telephone,jul,thu,171,3,999,0,nonexistent,1.4,93.918,-42.7,4.958,5228.1,no
15266,57,technician,married,basic.9y,unknown,yes,yes,cellular,jul,thu,155,6,999,0,nonexistent,1.4,93.918,-42.7,4.958,5228.1,no
15272,30,blue-collar,married,basic.9y,unknown,no,no,cellular,jul,thu,903,4,999,0,nonexistent,1.4,93.918,-42.7,4.958,5228.1,no
15278,38,services,divorced,high.school,no,yes,no,cellular,jul,thu,444,4,999,0,nonexistent,1.4,93.918,-42.7,4.958,5228.1,no
15279,24,technician,single,basic.6y,no,no,no,telephone,jul,thu,207,10,999,0,nonexistent,1.4,93.918,-42.7,4.958,5228.1,no
15287,29,admin.,married,university.degree,no,yes,no,cellular,jul,thu,51,1,999,0,nonexistent,1.4,93.918,-42.7,4.958,5228.1,no
15288,29,blue-collar,single,professional.course,no,no,no,cellular,jul,thu,43,8,999,0,nonexistent,1.4,93.918,-42.7,4.958,5228.1,no
15294,24,technician,single,basic.6y,no,no,no,cellular,jul,thu,75,3,999,0,nonexistent,1.4,93.918,-42.7,4.958,5228.1,no
15296,49,admin.,divorced,high.school,no,no,no,cellular,jul,thu,602,1,999,0,nonexistent,1.4,93.918,-42.7,4.958,5228.1,no
15297,32,blue-collar,married,basic.4y,unknown,no,no,cellular,jul,thu,740,2,999,0,nonexistent,1.4,93.918,-42.7,4.958,5228.1,no
15300,52,housemaid,single,university.degree,no,no,no,cellular,jul,thu,188,3,999,0,nonexistent,1.4,93.918,-42.7,4.958,5228.1,no
15311,35,blue-collar,married,basic.9y,no,no,no,cellular,jul,fri,156,3,999,0,nonexistent,1.4,93.918,-42.7,4.957,5228.1,no
15318,37,technician,married,professional.course,no,no,yes,cellular,jul,fri,674,3,999,0,nonexistent,1.4,93.918,-42.7,4.957,5228.1,yes
15319,39,housemaid,married,basic.6y,no,yes,no,cellular,jul,fri,76,4,999,0,nonexistent,1.4,93.918,-42.7,4.957,5228.1,no
15320,31,blue-collar,single,basic.9y,no,yes,yes,cellular,jul,fri,1081,2,999,0,nonexistent,1.4,93.918,-42.7,4.957,5228.1,yes
15324,35,technician,single,university.degree,no,no,no,telephone,jul,fri,455,9,999,0,nonexistent,1.4,93.918,-42.7,4.957,5228.1,no
15342,27,admin.,married,university.degree,no,no,no,cellular,jul,fri,146,1,999,0,nonexistent,1.4,93.918,-42.7,4.957,5228.1,no
15346,57,blue-collar,married,high.school,unknown,yes,no,cellular,jul,fri,572,1,999,0,nonexistent,1.4,93.918,-42.7,4.957,5228.1,yes
15348,35,admin.,single,university.degree,no,no,no,cellular,jul,fri,14,1,999,0,nonexistent,1.4,93.918,-42.7,4.957,5228.1,no
15357,32,blue-collar,single,basic.9y,unknown,no,no,cellular,jul,fri,166,1,999,0,nonexistent,1.4,93.918,-42.7,4.957,5228.1,no
15370,31,technician,single,university.degree,no,yes,no,cellular,jul,fri,800,6,999,0,nonexistent,1.4,93.918,-42.7,4.957,5228.1,no
15382,46,blue-collar,married,basic.4y,unknown,no,no,cellular,jul,fri,113,1,999,0,nonexistent,1.4,93.918,-42.7,4.957,5228.1,no
15386,25,blue-collar,single,basic.9y,no,yes,no,cellular,jul,fri,467,1,999,0,nonexistent,1.4,93.918,-42.7,4.957,5228.1,no
15410,22,blue-collar,single,basic.9y,no,no,no,cellular,jul,fri,106,1,999,0,nonexistent,1.4,93.918,-42.7,4.957,5228.1,no
15417,50,services,married,high.school,no,yes,no,cellular,jul,fri,60,7,999,0,nonexistent,1.4,93.918,-42.7,4.957,5228.1,no
15429,29,blue-collar,single,basic.9y,no,no,no,cellular,jul,fri,269,1,999,0,nonexistent,1.4,93.918,-42.7,4.957,5228.1,no
15430,37,blue-collar,married,basic.6y,no,no,no,cellular,jul,fri,640,3,999,0,nonexistent,1.4,93.918,-42.7,4.957,5228.1,yes
15463,30,unemployed,divorced,high.school,no,yes,no,cellular,jul,fri,115,4,999,0,nonexistent,1.4,93.918,-42.7,4.957,5228.1,no
15486,56,blue-collar,married,basic.4y,no,yes,no,cellular,jul,fri,641,1,999,0,nonexistent,1.4,93.918,-42.7,4.957,5228.1,yes
15493,30,admin.,married,university.degree,no,no,no,cellular,jul,fri,70,1,999,0,nonexistent,1.4,93.918,-42.7,4.957,5228.1,no
15499,46,admin.,single,university.degree,no,no,no,cellular,jul,fri,852,9,999,0,nonexistent,1.4,93.918,-42.7,4.957,5228.1,yes
15508,37,entrepreneur,single,professional.course,no,yes,no,cellular,jul,fri,92,2,999,0,nonexistent,1.4,93.918,-42.7,4.957,5228.1,no
15509,38,entrepreneur,married,basic.9y,no,no,no,cellular,jul,fri,102,2,999,0,nonexistent,1.4,93.918,-42.7,4.957,5228.1,no
15524,35,technician,single,university.degree,no,yes,no,cellular,jul,fri,127,10,999,0,nonexistent,1.4,93.918,-42.7,4.957,5228.1,no
15525,49,technician,married,professional.course,no,yes,no,cellular,jul,fri,579,2,999,0,nonexistent,1.4,93.918,-42.7,4.957,5228.1,no
15532,37,technician,married,professional.course,no,yes,no,cellular,jul,fri,252,6,999,0,nonexistent,1.4,93.918,-42.7,4.957,5228.1,no
15537,36,admin.,divorced,high.school,no,yes,no,cellular,jul,fri,464,3,999,0,nonexistent,1.4,93.918,-42.7,4.957,5228.1,no
15557,28,technician,single,university.degree,no,no,no,cellular,jul,fri,453,3,999,0,nonexistent,1.4,93.918,-42.7,4.957,5228.1,no
15569,21,blue-collar,single,basic.9y,no,no,no,cellular,jul,fri,127,2,999,0,nonexistent,1.4,93.918,-42.7,4.957,5228.1,no
15582,34,blue-collar,married,basic.9y,unknown,yes,no,cellular,jul,fri,913,4,999,0,nonexistent,1.4,93.918,-42.7,4.957,5228.1,yes
15586,22,student,single,high.school,no,no,yes,cellular,jul,fri,154,2,999,0,nonexistent,1.4,93.918,-42.7,4.957,5228.1,no
15587,30,admin.,married,university.degree,no,yes,no,cellular,jul,fri,799,2,999,0,nonexistent,1.4,93.918,-42.7,4.957,5228.1,yes
15588,31,blue-collar,divorced,unknown,no,yes,no,cellular,jul,fri,320,1,999,0,nonexistent,1.4,93.918,-42.7,4.957,5228.1,no
15596,29,self-employed,single,university.degree,no,yes,no,cellular,jul,mon,212,7,999,0,nonexistent,1.4,93.918,-42.7,4.96,5228.1,no
15598,30,management,married,university.degree,no,yes,no,cellular,jul,mon,124,3,999,0,nonexistent,1.4,93.918,-42.7,4.96,5228.1,no
15600,30,blue-collar,married,basic.4y,unknown,no,no,cellular,jul,mon,61,2,999,0,nonexistent,1.4,93.918,-42.7,4.96,5228.1,no
15604,28,blue-collar,married,basic.9y,no,no,yes,cellular,jul,mon,165,2,999,0,nonexistent,1.4,93.918,-42.7,4.96,5228.1,no
15621,27,student,single,high.school,unknown,yes,no,cellular,jul,mon,54,3,999,0,nonexistent,1.4,93.918,-42.7,4.96,5228.1,no
15640,33,blue-collar,married,basic.6y,no,no,no,cellular,jul,mon,122,2,999,0,nonexistent,1.4,93.918,-42.7,4.96,5228.1,no
15654,28,technician,married,basic.9y,no,unknown,unknown,cellular,jul,mon,153,2,999,0,nonexistent,1.4,93.918,-42.7,4.96,5228.1,no
15656,51,blue-collar,married,basic.4y,unknown,no,no,cellular,jul,mon,227,4,999,0,nonexistent,1.4,93.918,-42.7,4.96,5228.1,no
15660,48,services,divorced,high.school,no,no,yes,cellular,jul,mon,88,4,999,0,nonexistent,1.4,93.918,-42.7,4.96,5228.1,no
15662,30,admin.,single,university.degree,no,yes,yes,cellular,jul,mon,317,3,999,0,nonexistent,1.4,93.918,-42.7,4.96,5228.1,no
15669,36,admin.,divorced,university.degree,no,yes,no,cellular,jul,mon,130,1,999,0,nonexistent,1.4,93.918,-42.7,4.96,5228.1,no
15672,35,technician,married,professional.course,no,no,yes,cellular,jul,mon,554,2,999,0,nonexistent,1.4,93.918,-42.7,4.96,5228.1,no
15692,29,blue-collar,married,basic.4y,no,yes,yes,cellular,jul,mon,472,1,999,0,nonexistent,1.4,93.918,-42.7,4.96,5228.1,no
15693,41,blue-collar,single,university.degree,no,no,no,cellular,jul,mon,357,1,999,0,nonexistent,1.4,93.918,-42.7,4.96,5228.1,no
15695,28,admin.,single,high.school,no,yes,no,cellular,jul,mon,295,1,999,0,nonexistent,1.4,93.918,-42.7,4.96,5228.1,no
15709,41,admin.,married,university.degree,no,no,yes,cellular,jul,mon,396,2,999,0,nonexistent,1.4,93.918,-42.7,4.96,5228.1,no
15715,43,admin.,married,high.school,no,yes,no,cellular,jul,mon,475,4,999,0,nonexistent,1.4,93.918,-42.7,4.96,5228.1,no
15720,38,blue-collar,single,basic.9y,no,no,yes,cellular,jul,mon,730,8,999,0,nonexistent,1.4,93.918,-42.7,4.96,5228.1,no
15730,60,admin.,married,high.school,unknown,no,yes,cellular,jul,mon,90,1,999,0,nonexistent,1.4,93.918,-42.7,4.96,5228.1,no
15734,31,blue-collar,married,basic.9y,no,no,no,cellular,jul,mon,111,1,999,0,nonexistent,1.4,93.918,-42.7,4.96,5228.1,no
15737,37,technician,divorced,professional.course,no,no,yes,cellular,jul,mon,100,2,999,0,nonexistent,1.4,93.918,-42.7,4.96,5228.1,no
15740,32,admin.,married,high.school,no,no,no,telephone,jul,mon,65,1,999,0,nonexistent,1.4,93.918,-42.7,4.96,5228.1,no
15742,32,services,married,high.school,unknown,no,no,cellular,jul,mon,44,1,999,0,nonexistent,1.4,93.918,-42.7,4.96,5228.1,no
15750,45,admin.,married,university.degree,unknown,no,yes,cellular,jul,mon,93,1,999,0,nonexistent,1.4,93.918,-42.7,4.96,5228.1,no
15758,38,blue-collar,married,basic.4y,unknown,yes,no,cellular,jul,mon,1039,7,999,0,nonexistent,1.4,93.918,-42.7,4.96,5228.1,yes
15770,41,technician,divorced,high.school,no,yes,no,telephone,jul,mon,61,1,999,0,nonexistent,1.4,93.918,-42.7,4.96,5228.1,no
15776,24,blue-collar,single,basic.9y,no,yes,yes,cellular,jul,mon,449,1,999,0,nonexistent,1.4,93.918,-42.7,4.96,5228.1,no
15792,28,technician,married,basic.9y,no,yes,no,cellular,jul,mon,1080,4,999,0,nonexistent,1.4,93.918,-42.7,4.96,5228.1,yes
15794,43,services,married,high.school,no,no,no,cellular,jul,mon,710,1,999,0,nonexistent,1.4,93.918,-42.7,4.96,5228.1,yes
15802,51,blue-collar,married,basic.4y,unknown,no,no,cellular,jul,mon,200,2,999,0,nonexistent,1.4,93.918,-42.7,4.96,5228.1,no
15808,47,housemaid,divorced,basic.4y,unknown,no,no,cellular,jul,mon,255,1,999,0,nonexistent,1.4,93.918,-42.7,4.96,5228.1,no
15823,32,services,married,university.degree,no,no,no,telephone,jul,mon,691,10,999,0,nonexistent,1.4,93.918,-42.7,4.96,5228.1,yes
15824,33,admin.,married,basic.9y,no,yes,yes,cellular,jul,mon,202,3,999,0,nonexistent,1.4,93.918,-42.7,4.96,5228.1,no
15826,35,entrepreneur,single,university.degree,no,yes,no,cellular,jul,mon,580,3,999,0,nonexistent,1.4,93.918,-42.7,4.96,5228.1,no
15830,49,admin.,married,university.degree,unknown,no,no,cellular,jul,mon,80,1,999,0,nonexistent,1.4,93.918,-42.7,4.96,5228.1,no
15836,37,management,married,university.degree,no,yes,no,cellular,jul,mon,292,8,999,0,nonexistent,1.4,93.918,-42.7,4.96,5228.1,no
15837,24,blue-collar,married,basic.9y,no,no,no,telephone,jul,mon,171,1,999,0,nonexistent,1.4,93.918,-42.7,4.96,5228.1,no
15856,29,admin.,married,high.school,no,no,no,telephone,jul,mon,89,1,999,0,nonexistent,1.4,93.918,-42.7,4.96,5228.1,no
15882,42,blue-collar,married,basic.4y,no,no,no,cellular,jul,mon,378,1,999,0,nonexistent,1.4,93.918,-42.7,4.96,5228.1,no
15883,32,technician,married,professional.course,no,no,no,cellular,jul,mon,60,2,999,0,nonexistent,1.4,93.918,-42.7,4.96,5228.1,no
15887,41,entrepreneur,divorced,high.school,unknown,yes,no,cellular,jul,mon,71,5,999,0,nonexistent,1.4,93.918,-42.7,4.96,5228.1,no
15891,29,admin.,single,university.degree,no,no,yes,telephone,jul,mon,1130,8,999,0,nonexistent,1.4,93.918,-42.7,4.96,5228.1,yes
15899,55,admin.,married,high.school,no,no,no,cellular,jul,mon,168,1,999,0,nonexistent,1.4,93.918,-42.7,4.96,5228.1,no
15907,48,admin.,divorced,university.degree,no,no,yes,cellular,jul,mon,564,5,999,0,nonexistent,1.4,93.918,-42.7,4.96,5228.1,no
15913,28,technician,single,professional.course,no,yes,no,cellular,jul,mon,1002,3,999,0,nonexistent,1.4,93.918,-42.7,4.96,5228.1,yes
15922,48,services,divorced,high.school,no,yes,no,cellular,jul,mon,313,2,999,0,nonexistent,1.4,93.918,-42.7,4.96,5228.1,no
15923,22,student,single,university.degree,no,yes,no,telephone,jul,mon,138,12,999,0,nonexistent,1.4,93.918,-42.7,4.96,5228.1,no
15926,30,blue-collar,single,basic.9y,no,no,yes,cellular,jul,mon,985,11,999,0,nonexistent,1.4,93.918,-42.7,4.96,5228.1,yes
15934,29,admin.,married,high.school,no,yes,no,cellular,jul,mon,126,3,999,0,nonexistent,1.4,93.918,-42.7,4.96,5228.1,no
15975,25,admin.,single,high.school,no,no,no,telephone,jul,mon,184,21,999,0,nonexistent,1.4,93.918,-42.7,4.96,5228.1,no
15976,33,blue-collar,married,basic.6y,unknown,no,yes,cellular,jul,mon,111,2,999,0,nonexistent,1.4,93.918,-42.7,4.96,5228.1,no
15999,30,unemployed,married,high.school,no,yes,no,cellular,jul,tue,383,3,999,0,nonexistent,1.4,93.918,-42.7,4.961,5228.1,no
16018,56,entrepreneur,married,university.degree,unknown,no,yes,cellular,jul,tue,41,1,999,0,nonexistent,1.4,93.918,-42.7,4.961,5228.1,no
16019,30,admin.,single,high.school,no,yes,no,cellular,jul,tue,1352,2,999,0,nonexistent,1.4,93.918,-42.7,4.961,5228.1,yes
16025,37,admin.,married,high.school,no,no,yes,cellular,jul,tue,135,1,999,0,nonexistent,1.4,93.918,-42.7,4.961,5228.1,no
16027,24,blue-collar,married,professional.course,no,no,no,cellular,jul,tue,211,8,999,0,nonexistent,1.4,93.918,-42.7,4.961,5228.1,no
16039,35,blue-collar,divorced,basic.4y,no,yes,no,cellular,jul,tue,123,1,999,0,nonexistent,1.4,93.918,-42.7,4.961,5228.1,no
16041,36,admin.,single,high.school,no,no,no,cellular,jul,tue,80,1,999,0,nonexistent,1.4,93.918,-42.7,4.961,5228.1,no
16045,46,housemaid,divorced,basic.4y,unknown,yes,no,cellular,jul,tue,161,1,999,0,nonexistent,1.4,93.918,-42.7,4.961,5228.1,no
16084,31,technician,married,professional.course,no,no,no,cellular,jul,tue,274,6,999,0,nonexistent,1.4,93.918,-42.7,4.961,5228.1,no
16087,35,services,single,high.school,unknown,no,no,cellular,jul,tue,520,1,999,0,nonexistent,1.4,93.918,-42.7,4.961,5228.1,no
16093,24,blue-collar,married,professional.course,no,no,no,cellular,jul,tue,273,4,999,0,nonexistent,1.4,93.918,-42.7,4.961,5228.1,no
16096,57,blue-collar,divorced,basic.4y,unknown,yes,no,cellular,jul,tue,485,1,999,0,nonexistent,1.4,93.918,-42.7,4.961,5228.1,no
16099,54,services,married,high.school,no,no,no,cellular,jul,tue,152,1,999,0,nonexistent,1.4,93.918,-42.7,4.961,5228.1,no
16101,25,blue-collar,married,basic.9y,no,yes,yes,cellular,jul,tue,599,2,999,0,nonexistent,1.4,93.918,-42.7,4.961,5228.1,no
16105,41,blue-collar,married,basic.9y,no,yes,yes,cellular,jul,tue,88,1,999,0,nonexistent,1.4,93.918,-42.7,4.961,5228.1,no
16117,59,retired,married,basic.6y,no,yes,no,cellular,jul,tue,89,2,999,0,nonexistent,1.4,93.918,-42.7,4.961,5228.1,no
16128,31,self-employed,single,high.school,no,yes,no,cellular,jul,tue,151,2,999,0,nonexistent,1.4,93.918,-42.7,4.961,5228.1,no
16157,35,blue-collar,married,university.degree,no,unknown,unknown,cellular,jul,tue,87,2,999,0,nonexistent,1.4,93.918,-42.7,4.961,5228.1,no
16160,40,blue-collar,married,basic.9y,no,yes,no,cellular,jul,tue,86,1,999,0,nonexistent,1.4,93.918,-42.7,4.961,5228.1,no
16199,29,blue-collar,single,high.school,no,yes,no,cellular,jul,tue,966,2,999,0,nonexistent,1.4,93.918,-42.7,4.961,5228.1,yes
16200,48,blue-collar,married,basic.4y,no,yes,no,cellular,jul,tue,264,1,999,0,nonexistent,1.4,93.918,-42.7,4.961,5228.1,no
16220,48,technician,single,professional.course,unknown,yes,no,cellular,jul,tue,417,1,999,0,nonexistent,1.4,93.918,-42.7,4.961,5228.1,no
16223,27,admin.,single,university.degree,unknown,yes,no,cellular,jul,tue,72,1,999,0,nonexistent,1.4,93.918,-42.7,4.961,5228.1,no
16226,27,admin.,single,university.degree,unknown,no,no,cellular,jul,tue,137,1,999,0,nonexistent,1.4,93.918,-42.7,4.961,5228.1,no
16238,24,admin.,single,high.school,no,unknown,unknown,cellular,jul,tue,176,4,999,0,nonexistent,1.4,93.918,-42.7,4.961,5228.1,no
16239,30,admin.,single,university.degree,no,no,yes,cellular,jul,tue,135,2,999,0,nonexistent,1.4,93.918,-42.7,4.961,5228.1,no
16240,27,blue-collar,married,basic.6y,unknown,yes,no,cellular,jul,tue,163,2,999,0,nonexistent,1.4,93.918,-42.7,4.961,5228.1,no
16242,30,admin.,single,university.degree,no,yes,no,cellular,jul,tue,608,3,999,0,nonexistent,1.4,93.918,-42.7,4.961,5228.1,no
16244,49,admin.,married,basic.9y,no,yes,yes,cellular,jul,tue,145,4,999,0,nonexistent,1.4,93.918,-42.7,4.961,5228.1,no
16247,43,entrepreneur,married,university.degree,unknown,yes,no,cellular,jul,tue,261,1,999,0,nonexistent,1.4,93.918,-42.7,4.961,5228.1,no
16250,38,blue-collar,married,basic.6y,unknown,no,no,cellular,jul,tue,403,7,999,0,nonexistent,1.4,93.918,-42.7,4.961,5228.1,no
16261,41,management,married,high.school,no,yes,no,cellular,jul,tue,312,3,999,0,nonexistent,1.4,93.918,-42.7,4.961,5228.1,no
16262,48,housemaid,divorced,basic.4y,no,yes,no,cellular,jul,tue,727,2,999,0,nonexistent,1.4,93.918,-42.7,4.961,5228.1,no
16265,27,technician,married,university.degree,no,yes,no,cellular,jul,tue,459,1,999,0,nonexistent,1.4,93.918,-42.7,4.961,5228.1,no
16267,37,blue-collar,divorced,professional.course,no,no,no,cellular,jul,tue,107,2,999,0,nonexistent,1.4,93.918,-42.7,4.961,5228.1,no
16272,49,admin.,single,high.school,no,yes,no,cellular,jul,tue,470,2,999,0,nonexistent,1.4,93.918,-42.7,4.961,5228.1,no
16278,38,self-employed,single,unknown,no,yes,yes,cellular,jul,tue,55,3,999,0,nonexistent,1.4,93.918,-42.7,4.961,5228.1,no
16301,20,services,single,high.school,no,no,no,telephone,jul,tue,97,15,999,0,nonexistent,1.4,93.918,-42.7,4.961,5228.1,no
16312,51,housemaid,married,basic.9y,no,no,no,cellular,jul,tue,209,3,999,0,nonexistent,1.4,93.918,-42.7,4.961,5228.1,no
16314,38,blue-collar,married,basic.6y,no,no,no,cellular,jul,tue,728,8,999,0,nonexistent,1.4,93.918,-42.7,4.961,5228.1,no
16323,36,blue-collar,married,basic.6y,no,yes,no,cellular,jul,tue,864,4,999,0,nonexistent,1.4,93.918,-42.7,4.961,5228.1,yes
16328,41,blue-collar,divorced,unknown,no,yes,no,telephone,jul,tue,351,11,999,0,nonexistent,1.4,93.918,-42.7,4.961,5228.1,no
16330,35,services,divorced,university.degree,no,yes,no,telephone,jul,tue,119,2,999,0,nonexistent,1.4,93.918,-42.7,4.961,5228.1,no
16331,31,blue-collar,single,high.school,no,yes,no,cellular,jul,tue,162,3,999,0,nonexistent,1.4,93.918,-42.7,4.961,5228.1,no
16349,53,admin.,single,unknown,unknown,yes,no,cellular,jul,tue,319,2,999,0,nonexistent,1.4,93.918,-42.7,4.961,5228.1,no
16352,30,management,married,university.degree,no,no,no,cellular,jul,wed,84,2,999,0,nonexistent,1.4,93.918,-42.7,4.963,5228.1,no
16377,41,blue-collar,single,basic.6y,unknown,no,no,cellular,jul,wed,92,1,999,0,nonexistent,1.4,93.918,-42.7,4.963,5228.1,no
16386,32,services,single,high.school,no,yes,no,cellular,jul,wed,318,1,999,0,nonexistent,1.4,93.918,-42.7,4.963,5228.1,no
16388,58,entrepreneur,married,university.degree,no,no,yes,cellular,jul,wed,137,1,999,0,nonexistent,1.4,93.918,-42.7,4.963,5228.1,no
16401,23,admin.,single,professional.course,no,yes,no,cellular,jul,wed,58,1,999,0,nonexistent,1.4,93.918,-42.7,4.963,5228.1,no
16415,31,blue-collar,married,basic.4y,unknown,yes,no,cellular,jul,wed,106,1,999,0,nonexistent,1.4,93.918,-42.7,4.963,5228.1,no
16420,49,technician,married,professional.course,no,no,no,cellular,jul,wed,244,1,999,0,nonexistent,1.4,93.918,-42.7,4.963,5228.1,no
16422,35,admin.,married,high.school,no,no,no,cellular,jul,wed,223,1,999,0,nonexistent,1.4,93.918,-42.7,4.963,5228.1,no
16424,55,retired,married,basic.4y,no,yes,no,cellular,jul,wed,498,1,999,0,nonexistent,1.4,93.918,-42.7,4.963,5228.1,no
16429,50,admin.,married,basic.6y,no,yes,no,cellular,jul,wed,137,1,999,0,nonexistent,1.4,93.918,-42.7,4.963,5228.1,no
16431,55,retired,married,basic.4y,no,no,no,cellular,jul,wed,761,1,999,0,nonexistent,1.4,93.918,-42.7,4.963,5228.1,yes
16436,36,blue-collar,married,high.school,no,yes,no,cellular,jul,wed,77,11,999,0,nonexistent,1.4,93.918,-42.7,4.963,5228.1,no
16457,31,blue-collar,married,basic.9y,unknown,yes,yes,cellular,jul,wed,16,1,999,0,nonexistent,1.4,93.918,-42.7,4.963,5228.1,no
16459,30,services,single,high.school,no,yes,yes,cellular,jul,wed,87,3,999,0,nonexistent,1.4,93.918,-42.7,4.963,5228.1,no
16470,24,blue-collar,single,basic.6y,no,no,no,telephone,jul,wed,115,1,999,0,nonexistent,1.4,93.918,-42.7,4.963,5228.1,no
16473,46,services,married,high.school,no,yes,yes,telephone,jul,wed,36,1,999,0,nonexistent,1.4,93.918,-42.7,4.963,5228.1,no
16483,28,management,single,university.degree,no,yes,no,cellular,jul,wed,35,9,999,0,nonexistent,1.4,93.918,-42.7,4.963,5228.1,no
16487,57,admin.,married,basic.9y,no,no,yes,cellular,jul,wed,194,1,999,0,nonexistent,1.4,93.918,-42.7,4.963,5228.1,no
16495,39,services,married,unknown,unknown,no,no,cellular,jul,wed,146,2,999,0,nonexistent,1.4,93.918,-42.7,4.963,5228.1,no
16499,36,blue-collar,single,basic.6y,no,yes,no,cellular,jul,wed,423,1,999,0,nonexistent,1.4,93.918,-42.7,4.963,5228.1,no
16511,47,self-employed,single,unknown,no,yes,no,cellular,jul,wed,202,1,999,0,nonexistent,1.4,93.918,-42.7,4.963,5228.1,no
16516,44,admin.,married,basic.6y,no,no,no,cellular,jul,wed,70,1,999,0,nonexistent,1.4,93.918,-42.7,4.963,5228.1,no
16530,36,entrepreneur,married,university.degree,no,yes,no,cellular,jul,wed,191,2,999,0,nonexistent,1.4,93.918,-42.7,4.963,5228.1,no
16534,31,services,divorced,high.school,no,no,no,telephone,jul,wed,197,2,999,0,nonexistent,1.4,93.918,-42.7,4.963,5228.1,no
16542,39,services,married,unknown,unknown,unknown,unknown,cellular,jul,wed,140,2,999,0,nonexistent,1.4,93.918,-42.7,4.963,5228.1,no
16545,24,admin.,married,university.degree,no,no,no,cellular,jul,wed,135,1,999,0,nonexistent,1.4,93.918,-42.7,4.963,5228.1,no
16549,49,self-employed,divorced,university.degree,no,no,yes,cellular,jul,wed,207,2,999,0,nonexistent,1.4,93.918,-42.7,4.963,5228.1,no
16556,38,management,single,university.degree,no,no,no,cellular,jul,wed,76,17,999,0,nonexistent,1.4,93.918,-42.7,4.963,5228.1,no
16567,26,admin.,single,university.degree,no,no,yes,cellular,jul,wed,979,3,999,0,nonexistent,1.4,93.918,-42.7,4.963,5228.1,no
16578,51,blue-collar,married,basic.4y,no,no,yes,telephone,jul,wed,25,6,999,0,nonexistent,1.4,93.918,-42.7,4.963,5228.1,no
16583,53,blue-collar,married,basic.4y,no,yes,no,cellular,jul,wed,545,24,999,0,nonexistent,1.4,93.918,-42.7,4.963,5228.1,no
16584,59,retired,divorced,unknown,no,no,no,cellular,jul,wed,413,2,999,0,nonexistent,1.4,93.918,-42.7,4.963,5228.1,no
16594,39,admin.,married,basic.6y,unknown,no,no,cellular,jul,wed,312,2,999,0,nonexistent,1.4,93.918,-42.7,4.963,5228.1,no
16598,48,services,married,basic.9y,no,no,no,cellular,jul,wed,271,6,999,0,nonexistent,1.4,93.918,-42.7,4.963,5228.1,no
16612,57,technician,married,basic.4y,unknown,no,no,cellular,jul,wed,158,2,999,0,nonexistent,1.4,93.918,-42.7,4.963,5228.1,no
16633,35,entrepreneur,married,university.degree,no,yes,no,telephone,jul,wed,82,3,999,0,nonexistent,1.4,93.918,-42.7,4.963,5228.1,no
16645,42,technician,single,high.school,no,no,no,cellular,jul,wed,58,2,999,0,nonexistent,1.4,93.918,-42.7,4.963,5228.1,no
16658,30,technician,divorced,professional.course,no,no,no,cellular,jul,wed,180,1,999,0,nonexistent,1.4,93.918,-42.7,4.963,5228.1,no
16660,28,admin.,married,university.degree,no,yes,no,cellular,jul,wed,510,2,999,0,nonexistent,1.4,93.918,-42.7,4.963,5228.1,no
16662,26,admin.,single,university.degree,no,yes,no,cellular,jul,wed,413,5,999,0,nonexistent,1.4,93.918,-42.7,4.963,5228.1,no
16665,25,services,single,basic.9y,no,no,no,telephone,jul,wed,350,2,999,0,nonexistent,1.4,93.918,-42.7,4.963,5228.1,no
16685,35,services,married,basic.9y,no,yes,yes,cellular,jul,wed,252,6,999,0,nonexistent,1.4,93.918,-42.7,4.963,5228.1,no
16686,27,blue-collar,single,basic.9y,unknown,yes,no,cellular,jul,wed,1309,4,999,0,nonexistent,1.4,93.918,-42.7,4.963,5228.1,yes
16691,24,services,single,high.school,no,no,no,cellular,jul,wed,74,5,999,0,nonexistent,1.4,93.918,-42.7,4.963,5228.1,no
16696,23,services,single,high.school,no,unknown,unknown,cellular,jul,wed,1300,3,999,0,nonexistent,1.4,93.918,-42.7,4.963,5228.1,no
16701,44,blue-collar,divorced,basic.9y,no,no,no,telephone,jul,wed,161,2,999,0,nonexistent,1.4,93.918,-42.7,4.963,5228.1,no
16706,43,admin.,married,university.degree,no,yes,no,telephone,jul,wed,122,4,999,0,nonexistent,1.4,93.918,-42.7,4.963,5228.1,no
16712,36,services,divorced,high.school,no,no,no,cellular,jul,wed,532,2,999,0,nonexistent,1.4,93.918,-42.7,4.963,5228.1,yes
16714,31,blue-collar,married,basic.4y,unknown,no,no,cellular,jul,wed,933,2,999,0,nonexistent,1.4,93.918,-42.7,4.963,5228.1,no
16719,26,blue-collar,single,professional.course,no,yes,no,cellular,jul,wed,505,2,999,0,nonexistent,1.4,93.918,-42.7,4.963,5228.1,no
16725,48,technician,divorced,professional.course,no,yes,yes,cellular,jul,wed,547,2,999,0,nonexistent,1.4,93.918,-42.7,4.963,5228.1,no
16727,26,blue-collar,married,basic.6y,no,no,no,cellular,jul,wed,236,5,999,0,nonexistent,1.4,93.918,-42.7,4.963,5228.1,no
16729,40,admin.,divorced,university.degree,no,no,no,telephone,jul,wed,192,5,999,0,nonexistent,1.4,93.918,-42.7,4.963,5228.1,no
16739,47,technician,divorced,high.school,no,no,no,cellular,jul,thu,202,3,999,0,nonexistent,1.4,93.918,-42.7,4.962,5228.1,no
16742,58,blue-collar,married,basic.4y,no,yes,no,telephone,jul,thu,48,6,999,0,nonexistent,1.4,93.918,-42.7,4.962,5228.1,no
16749,27,services,single,high.school,no,yes,no,telephone,jul,thu,32,1,999,0,nonexistent,1.4,93.918,-42.7,4.962,5228.1,no
16760,39,services,divorced,high.school,no,no,yes,cellular,jul,thu,208,1,999,0,nonexistent,1.4,93.918,-42.7,4.962,5228.1,no
16767,31,services,married,high.school,unknown,no,yes,cellular,jul,thu,205,1,999,0,nonexistent,1.4,93.918,-42.7,4.962,5228.1,no
16779,41,entrepreneur,single,high.school,no,no,no,cellular,jul,thu,71,1,999,0,nonexistent,1.4,93.918,-42.7,4.962,5228.1,no
16782,55,entrepreneur,married,university.degree,unknown,no,no,cellular,jul,thu,58,2,999,0,nonexistent,1.4,93.918,-42.7,4.962,5228.1,no
16804,59,technician,married,professional.course,no,no,no,cellular,jul,thu,464,1,999,0,nonexistent,1.4,93.918,-42.7,4.962,5228.1,no
16813,49,blue-collar,married,basic.9y,unknown,no,no,cellular,jul,thu,134,1,999,0,nonexistent,1.4,93.918,-42.7,4.962,5228.1,no
16849,54,technician,married,university.degree,no,yes,no,cellular,jul,thu,185,6,999,0,nonexistent,1.4,93.918,-42.7,4.962,5228.1,no
16852,48,blue-collar,married,basic.4y,unknown,yes,no,cellular,jul,thu,203,1,999,0,nonexistent,1.4,93.918,-42.7,4.962,5228.1,no
16854,55,admin.,married,basic.4y,no,no,no,cellular,jul,thu,134,1,999,0,nonexistent,1.4,93.918,-42.7,4.962,5228.1,no
16872,51,housemaid,married,basic.4y,no,yes,no,telephone,jul,thu,179,4,999,0,nonexistent,1.4,93.918,-42.7,4.962,5228.1,no
16886,53,blue-collar,married,unknown,no,no,no,cellular,jul,thu,131,1,999,0,nonexistent,1.4,93.918,-42.7,4.962,5228.1,no
16896,50,blue-collar,married,basic.9y,unknown,yes,no,cellular,jul,thu,78,1,999,0,nonexistent,1.4,93.918,-42.7,4.962,5228.1,no
16917,38,self-employed,married,university.degree,no,yes,no,cellular,jul,thu,915,2,999,0,nonexistent,1.4,93.918,-42.7,4.962,5228.1,no
16934,50,blue-collar,divorced,basic.4y,no,no,no,cellular,jul,thu,150,5,999,0,nonexistent,1.4,93.918,-42.7,4.962,5228.1,no
16936,36,management,married,university.degree,no,yes,yes,cellular,jul,thu,90,2,999,0,nonexistent,1.4,93.918,-42.7,4.962,5228.1,no
16944,50,management,married,professional.course,no,unknown,unknown,cellular,jul,thu,230,2,999,0,nonexistent,1.4,93.918,-42.7,4.962,5228.1,no
16979,42,services,divorced,high.school,no,yes,yes,cellular,jul,thu,464,1,999,0,nonexistent,1.4,93.918,-42.7,4.962,5228.1,no
16996,58,blue-collar,married,unknown,unknown,yes,no,cellular,jul,thu,180,4,999,0,nonexistent,1.4,93.918,-42.7,4.962,5228.1,no
16997,50,management,married,university.degree,unknown,unknown,unknown,cellular,jul,thu,367,2,999,0,nonexistent,1.4,93.918,-42.7,4.962,5228.1,no
16999,28,blue-collar,married,basic.4y,no,yes,no,cellular,jul,thu,1820,4,999,0,nonexistent,1.4,93.918,-42.7,4.962,5228.1,no
17002,47,technician,divorced,high.school,no,yes,no,cellular,jul,thu,303,3,999,0,nonexistent,1.4,93.918,-42.7,4.962,5228.1,no
17017,35,services,single,basic.9y,no,yes,no,cellular,jul,thu,123,5,999,0,nonexistent,1.4,93.918,-42.7,4.962,5228.1,no
17036,37,admin.,married,basic.6y,no,yes,yes,cellular,jul,thu,1602,6,999,0,nonexistent,1.4,93.918,-42.7,4.962,5228.1,yes
17039,49,technician,married,professional.course,unknown,no,no,cellular,jul,fri,197,6,999,0,nonexistent,1.4,93.918,-42.7,4.962,5228.1,no
17052,52,blue-collar,married,basic.4y,unknown,no,yes,cellular,jul,fri,682,10,999,0,nonexistent,1.4,93.918,-42.7,4.962,5228.1,no
17053,42,technician,married,professional.course,no,yes,no,cellular,jul,fri,154,2,999,0,nonexistent,1.4,93.918,-42.7,4.962,5228.1,no
17058,31,admin.,divorced,high.school,no,no,yes,cellular,jul,fri,186,2,999,0,nonexistent,1.4,93.918,-42.7,4.962,5228.1,no
17082,55,technician,married,unknown,no,no,no,cellular,jul,fri,173,8,999,0,nonexistent,1.4,93.918,-42.7,4.962,5228.1,no
17083,38,blue-collar,divorced,high.school,no,no,no,cellular,jul,fri,294,1,999,0,nonexistent,1.4,93.918,-42.7,4.962,5228.1,no
17089,34,blue-collar,single,unknown,no,no,yes,cellular,jul,fri,1000,1,999,0,nonexistent,1.4,93.918,-42.7,4.962,5228.1,yes
17091,50,retired,married,professional.course,no,yes,no,cellular,jul,fri,695,1,999,0,nonexistent,1.4,93.918,-42.7,4.962,5228.1,yes
17118,42,blue-collar,single,basic.4y,no,yes,no,cellular,jul,fri,112,2,999,0,nonexistent,1.4,93.918,-42.7,4.962,5228.1,no
17125,39,self-employed,married,basic.6y,no,yes,no,cellular,jul,fri,40,1,999,0,nonexistent,1.4,93.918,-42.7,4.962,5228.1,no
17129,27,admin.,married,university.degree,no,yes,no,cellular,jul,fri,226,1,999,0,nonexistent,1.4,93.918,-42.7,4.962,5228.1,no
17130,27,admin.,married,university.degree,no,unknown,unknown,cellular,jul,fri,352,1,999,0,nonexistent,1.4,93.918,-42.7,4.962,5228.1,no
17135,29,services,single,university.degree,no,no,no,cellular,jul,fri,246,1,999,0,nonexistent,1.4,93.918,-42.7,4.962,5228.1,no
17143,27,technician,single,unknown,no,yes,no,cellular,jul,fri,238,1,999,0,nonexistent,1.4,93.918,-42.7,4.962,5228.1,no
17152,50,admin.,married,university.degree,no,no,no,cellular,jul,fri,99,1,999,0,nonexistent,1.4,93.918,-42.7,4.962,5228.1,no
17153,57,blue-collar,married,basic.4y,unknown,yes,no,cellular,jul,fri,153,1,999,0,nonexistent,1.4,93.918,-42.7,4.962,5228.1,no
17180,54,retired,married,professional.course,no,yes,no,cellular,jul,fri,72,1,999,0,nonexistent,1.4,93.918,-42.7,4.962,5228.1,no
17184,51,housemaid,married,basic.4y,unknown,yes,no,cellular,jul,fri,135,2,999,0,nonexistent,1.4,93.918,-42.7,4.962,5228.1,no
17195,48,admin.,single,high.school,no,yes,yes,telephone,jul,fri,214,2,999,0,nonexistent,1.4,93.918,-42.7,4.962,5228.1,no
17196,54,technician,married,professional.course,no,no,no,cellular,jul,fri,796,1,999,0,nonexistent,1.4,93.918,-42.7,4.962,5228.1,no
17197,58,retired,married,professional.course,no,yes,no,cellular,jul,fri,51,4,999,0,nonexistent,1.4,93.918,-42.7,4.962,5228.1,no
17198,55,management,married,basic.9y,no,yes,no,telephone,jul,fri,106,3,999,0,nonexistent,1.4,93.918,-42.7,4.962,5228.1,no
17213,51,technician,divorced,unknown,unknown,no,no,telephone,jul,fri,511,1,999,0,nonexistent,1.4,93.918,-42.7,4.962,5228.1,no
17215,35,services,single,basic.9y,no,no,no,cellular,jul,fri,102,5,999,0,nonexistent,1.4,93.918,-42.7,4.962,5228.1,no
17222,48,self-employed,divorced,professional.course,no,no,no,telephone,jul,fri,657,2,999,0,nonexistent,1.4,93.918,-42.7,4.962,5228.1,no
17224,54,blue-collar,married,basic.9y,no,no,no,cellular,jul,fri,261,3,999,0,nonexistent,1.4,93.918,-42.7,4.962,5228.1,no
17226,60,management,married,university.degree,no,no,no,cellular,jul,fri,241,2,999,0,nonexistent,1.4,93.918,-42.7,4.962,5228.1,no
17242,47,admin.,married,university.degree,no,no,no,cellular,jul,fri,84,3,999,0,nonexistent,1.4,93.918,-42.7,4.962,5228.1,no
17270,49,admin.,divorced,high.school,no,yes,no,cellular,jul,fri,238,4,999,0,nonexistent,1.4,93.918,-42.7,4.962,5228.1,no
17276,31,services,married,high.school,no,no,yes,cellular,jul,fri,1319,2,999,0,nonexistent,1.4,93.918,-42.7,4.962,5228.1,no
17279,59,admin.,married,unknown,unknown,yes,no,cellular,jul,fri,150,2,999,0,nonexistent,1.4,93.918,-42.7,4.962,5228.1,no
17290,56,services,married,high.school,no,no,yes,cellular,jul,fri,87,4,999,0,nonexistent,1.4,93.918,-42.7,4.962,5228.1,no
17292,46,student,single,unknown,no,yes,no,telephone,jul,fri,279,4,999,0,nonexistent,1.4,93.918,-42.7,4.962,5228.1,yes
17300,58,unemployed,divorced,high.school,unknown,no,no,cellular,jul,fri,195,6,999,0,nonexistent,1.4,93.918,-42.7,4.962,5228.1,no
17305,45,blue-collar,married,basic.4y,no,no,no,cellular,jul,fri,144,2,999,0,nonexistent,1.4,93.918,-42.7,4.962,5228.1,no
17311,56,technician,married,basic.9y,unknown,no,no,cellular,jul,fri,188,14,999,0,nonexistent,1.4,93.918,-42.7,4.962,5228.1,no
17316,44,blue-collar,married,basic.9y,no,no,no,cellular,jul,fri,41,3,999,0,nonexistent,1.4,93.918,-42.7,4.962,5228.1,no
17319,49,technician,married,professional.course,no,yes,no,cellular,jul,fri,190,4,999,0,nonexistent,1.4,93.918,-42.7,4.962,5228.1,no
17327,44,blue-collar,married,basic.9y,unknown,no,no,cellular,jul,mon,29,12,999,0,nonexistent,1.4,93.918,-42.7,4.962,5228.1,no
17331,42,unknown,married,unknown,no,yes,no,cellular,jul,mon,33,2,999,0,nonexistent,1.4,93.918,-42.7,4.962,5228.1,no
17336,45,entrepreneur,single,university.degree,no,no,no,cellular,jul,mon,123,5,999,0,nonexistent,1.4,93.918,-42.7,4.962,5228.1,no
17342,40,admin.,divorced,high.school,no,yes,yes,cellular,jul,mon,52,10,999,0,nonexistent,1.4,93.918,-42.7,4.962,5228.1,no
17353,41,services,married,high.school,no,yes,no,cellular,jul,mon,56,8,999,0,nonexistent,1.4,93.918,-42.7,4.962,5228.1,no
17357,37,admin.,married,university.degree,unknown,yes,no,cellular,jul,mon,110,5,999,0,nonexistent,1.4,93.918,-42.7,4.962,5228.1,no
17364,36,blue-collar,married,basic.9y,no,yes,no,cellular,jul,mon,57,5,999,0,nonexistent,1.4,93.918,-42.7,4.962,5228.1,no
17370,48,services,married,high.school,unknown,yes,no,cellular,jul,mon,49,6,999,0,nonexistent,1.4,93.918,-42.7,4.962,5228.1,no
17385,43,management,married,university.degree,unknown,no,yes,cellular,jul,mon,219,2,999,0,nonexistent,1.4,93.918,-42.7,4.962,5228.1,no
17414,39,blue-collar,married,high.school,no,yes,no,cellular,jul,mon,84,4,999,0,nonexistent,1.4,93.918,-42.7,4.962,5228.1,no
17426,50,management,divorced,university.degree,no,no,no,telephone,jul,mon,130,7,999,0,nonexistent,1.4,93.918,-42.7,4.962,5228.1,no
17446,57,retired,married,basic.4y,unknown,no,yes,cellular,jul,mon,65,5,999,0,nonexistent,1.4,93.918,-42.7,4.962,5228.1,no
17454,43,services,married,basic.6y,unknown,yes,yes,cellular,jul,mon,405,3,999,0,nonexistent,1.4,93.918,-42.7,4.962,5228.1,no
17466,43,services,married,basic.6y,unknown,yes,no,cellular,jul,mon,65,4,999,0,nonexistent,1.4,93.918,-42.7,4.962,5228.1,no
17471,35,entrepreneur,single,university.degree,no,no,no,cellular,jul,mon,180,3,999,0,nonexistent,1.4,93.918,-42.7,4.962,5228.1,no
17476,54,blue-collar,married,basic.4y,no,no,no,cellular,jul,mon,54,1,999,0,nonexistent,1.4,93.918,-42.7,4.962,5228.1,no
17484,45,admin.,divorced,high.school,no,no,no,cellular,jul,mon,300,1,999,0,nonexistent,1.4,93.918,-42.7,4.962,5228.1,no
17501,37,admin.,married,university.degree,no,no,no,cellular,jul,mon,60,4,999,0,nonexistent,1.4,93.918,-42.7,4.962,5228.1,no
17502,51,technician,married,basic.9y,unknown,no,no,cellular,jul,mon,116,3,999,0,nonexistent,1.4,93.918,-42.7,4.962,5228.1,no
17503,40,self-employed,married,unknown,unknown,no,no,telephone,jul,mon,1025,1,999,0,nonexistent,1.4,93.918,-42.7,4.962,5228.1,no
17519,47,blue-collar,married,basic.4y,no,yes,no,cellular,jul,mon,82,4,999,0,nonexistent,1.4,93.918,-42.7,4.962,5228.1,no
17520,42,services,divorced,high.school,unknown,yes,no,cellular,jul,mon,118,3,999,0,nonexistent,1.4,93.918,-42.7,4.962,5228.1,no
17522,49,technician,single,university.degree,unknown,no,no,telephone,jul,mon,97,1,999,0,nonexistent,1.4,93.918,-42.7,4.962,5228.1,no
17525,51,admin.,divorced,university.degree,no,yes,no,cellular,jul,mon,1339,2,999,0,nonexistent,1.4,93.918,-42.7,4.962,5228.1,no
17555,56,services,divorced,high.school,unknown,yes,no,cellular,jul,mon,761,8,999,0,nonexistent,1.4,93.918,-42.7,4.962,5228.1,no
17558,48,self-employed,married,high.school,unknown,yes,yes,cellular,jul,mon,88,3,999,0,nonexistent,1.4,93.918,-42.7,4.962,5228.1,no
17572,43,admin.,married,high.school,no,no,yes,cellular,jul,mon,551,3,999,0,nonexistent,1.4,93.918,-42.7,4.962,5228.1,yes
17591,40,admin.,divorced,university.degree,no,no,no,cellular,jul,mon,114,4,999,0,nonexistent,1.4,93.918,-42.7,4.962,5228.1,no
17600,46,admin.,divorced,professional.course,no,no,yes,cellular,jul,mon,155,2,999,0,nonexistent,1.4,93.918,-42.7,4.962,5228.1,no
17601,37,services,married,high.school,no,no,yes,cellular,jul,mon,264,5,999,0,nonexistent,1.4,93.918,-42.7,4.962,5228.1,no
17603,57,retired,married,high.school,no,no,no,cellular,jul,mon,73,2,999,0,nonexistent,1.4,93.918,-42.7,4.962,5228.1,no
17604,58,housemaid,married,university.degree,unknown,yes,no,cellular,jul,mon,71,6,999,0,nonexistent,1.4,93.918,-42.7,4.962,5228.1,no
17607,30,admin.,married,unknown,no,no,no,cellular,jul,mon,234,11,999,0,nonexistent,1.4,93.918,-42.7,4.962,5228.1,no
17618,47,blue-collar,divorced,basic.9y,no,yes,yes,cellular,jul,mon,138,3,999,0,nonexistent,1.4,93.918,-42.7,4.962,5228.1,no
17619,48,self-employed,married,university.degree,unknown,no,no,cellular,jul,mon,191,2,999,0,nonexistent,1.4,93.918,-42.7,4.962,5228.1,no
17632,43,unemployed,divorced,basic.9y,no,no,no,cellular,jul,mon,39,9,999,0,nonexistent,1.4,93.918,-42.7,4.962,5228.1,no
17634,34,admin.,married,university.degree,no,yes,yes,cellular,jul,mon,151,7,999,0,nonexistent,1.4,93.918,-42.7,4.962,5228.1,no
17641,43,services,married,high.school,no,yes,yes,telephone,jul,mon,118,8,999,0,nonexistent,1.4,93.918,-42.7,4.962,5228.1,no
17647,46,admin.,divorced,professional.course,no,yes,no,cellular,jul,mon,276,2,999,0,nonexistent,1.4,93.918,-42.7,4.962,5228.1,no
17650,56,blue-collar,divorced,basic.9y,no,yes,yes,cellular,jul,mon,123,3,999,0,nonexistent,1.4,93.918,-42.7,4.962,5228.1,no
17670,57,admin.,married,professional.course,no,unknown,unknown,cellular,jul,mon,127,6,999,0,nonexistent,1.4,93.918,-42.7,4.962,5228.1,no
17672,40,admin.,divorced,university.degree,no,no,no,cellular,jul,mon,206,10,999,0,nonexistent,1.4,93.918,-42.7,4.962,5228.1,no
17676,49,technician,married,high.school,no,yes,no,telephone,jul,mon,126,8,999,0,nonexistent,1.4,93.918,-42.7,4.962,5228.1,no
17683,50,blue-collar,married,basic.9y,unknown,yes,no,cellular,jul,tue,215,3,999,0,nonexistent,1.4,93.918,-42.7,4.961,5228.1,no
17684,43,blue-collar,married,basic.9y,no,yes,yes,cellular,jul,tue,393,2,999,0,nonexistent,1.4,93.918,-42.7,4.961,5228.1,no
17688,45,technician,married,high.school,no,yes,no,cellular,jul,tue,88,5,999,0,nonexistent,1.4,93.918,-42.7,4.961,5228.1,no
17697,47,technician,single,unknown,no,no,no,cellular,jul,tue,117,2,999,0,nonexistent,1.4,93.918,-42.7,4.961,5228.1,no
17699,57,admin.,married,professional.course,no,yes,no,cellular,jul,tue,47,7,999,0,nonexistent,1.4,93.918,-42.7,4.961,5228.1,no
17712,42,services,divorced,high.school,no,yes,yes,cellular,jul,tue,148,14,999,0,nonexistent,1.4,93.918,-42.7,4.961,5228.1,no
17744,50,services,married,high.school,no,yes,no,cellular,jul,tue,117,1,999,0,nonexistent,1.4,93.918,-42.7,4.961,5228.1,no
17749,45,housemaid,married,basic.4y,no,yes,no,cellular,jul,tue,241,4,999,0,nonexistent,1.4,93.918,-42.7,4.961,5228.1,no
17770,41,admin.,married,university.degree,no,no,no,cellular,jul,tue,184,2,999,0,nonexistent,1.4,93.918,-42.7,4.961,5228.1,no
17786,45,admin.,married,university.degree,no,no,no,cellular,jul,tue,345,4,999,0,nonexistent,1.4,93.918,-42.7,4.961,5228.1,no
17808,56,services,divorced,university.degree,no,no,no,cellular,jul,tue,221,3,999,0,nonexistent,1.4,93.918,-42.7,4.961,5228.1,no
17818,52,housemaid,married,university.degree,no,no,yes,cellular,jul,tue,137,1,999,0,nonexistent,1.4,93.918,-42.7,4.961,5228.1,no
17822,56,technician,married,professional.course,no,yes,no,cellular,jul,tue,208,1,999,0,nonexistent,1.4,93.918,-42.7,4.961,5228.1,no
17858,40,admin.,divorced,university.degree,no,yes,no,cellular,jul,tue,56,3,999,0,nonexistent,1.4,93.918,-42.7,4.961,5228.1,no
17864,38,unemployed,married,basic.4y,unknown,yes,no,telephone,jul,tue,156,1,999,0,nonexistent,1.4,93.918,-42.7,4.961,5228.1,no
17870,46,technician,single,professional.course,no,no,no,cellular,jul,tue,328,2,999,0,nonexistent,1.4,93.918,-42.7,4.961,5228.1,no
17882,42,blue-collar,single,basic.6y,unknown,no,no,telephone,jul,tue,126,1,999,0,nonexistent,1.4,93.918,-42.7,4.961,5228.1,no
17885,47,admin.,single,university.degree,no,no,no,cellular,jul,tue,108,1,999,0,nonexistent,1.4,93.918,-42.7,4.961,5228.1,no
17899,39,technician,married,university.degree,no,no,no,cellular,jul,tue,62,2,999,0,nonexistent,1.4,93.918,-42.7,4.961,5228.1,no
17902,46,technician,divorced,professional.course,unknown,no,no,telephone,jul,tue,665,4,999,0,nonexistent,1.4,93.918,-42.7,4.961,5228.1,no
17905,59,housemaid,divorced,university.degree,no,yes,no,cellular,jul,tue,226,1,999,0,nonexistent,1.4,93.918,-42.7,4.961,5228.1,no
17918,47,admin.,divorced,university.degree,no,no,no,cellular,jul,tue,403,3,999,0,nonexistent,1.4,93.918,-42.7,4.961,5228.1,no
17930,52,technician,married,basic.9y,no,no,no,cellular,jul,tue,162,4,999,0,nonexistent,1.4,93.918,-42.7,4.961,5228.1,no
17931,46,services,divorced,high.school,no,no,no,cellular,jul,tue,69,5,999,0,nonexistent,1.4,93.918,-42.7,4.961,5228.1,no
17948,38,management,divorced,university.degree,no,yes,no,cellular,jul,tue,543,9,999,0,nonexistent,1.4,93.918,-42.7,4.961,5228.1,no
17955,41,housemaid,divorced,high.school,unknown,yes,yes,cellular,jul,tue,185,5,999,0,nonexistent,1.4,93.918,-42.7,4.961,5228.1,no
17960,58,retired,divorced,professional.course,no,no,no,cellular,jul,tue,60,24,999,0,nonexistent,1.4,93.918,-42.7,4.961,5228.1,no
17961,25,admin.,single,high.school,no,no,yes,cellular,jul,tue,234,6,999,0,nonexistent,1.4,93.918,-42.7,4.961,5228.1,no
17969,30,admin.,single,university.degree,no,no,no,telephone,jul,tue,128,11,999,0,nonexistent,1.4,93.918,-42.7,4.961,5228.1,no
17972,44,technician,divorced,unknown,no,no,no,telephone,jul,tue,222,3,999,0,nonexistent,1.4,93.918,-42.7,4.961,5228.1,no
17987,27,services,single,basic.9y,no,yes,yes,cellular,jul,tue,88,6,999,0,nonexistent,1.4,93.918,-42.7,4.961,5228.1,no
17992,56,technician,married,basic.4y,unknown,yes,yes,cellular,jul,wed,138,6,999,0,nonexistent,1.4,93.918,-42.7,4.963,5228.1,no
18010,40,unemployed,divorced,university.degree,no,yes,no,cellular,jul,wed,18,1,999,0,nonexistent,1.4,93.918,-42.7,4.963,5228.1,no
18011,45,technician,married,professional.course,no,no,no,cellular,jul,wed,158,1,999,0,nonexistent,1.4,93.918,-42.7,4.963,5228.1,no
18015,56,retired,married,basic.6y,no,yes,no,telephone,jul,wed,90,1,999,0,nonexistent,1.4,93.918,-42.7,4.963,5228.1,no
18027,59,retired,married,high.school,unknown,yes,no,cellular,jul,wed,81,1,999,0,nonexistent,1.4,93.918,-42.7,4.963,5228.1,no
18035,58,technician,married,basic.9y,no,yes,no,cellular,jul,wed,528,1,999,0,nonexistent,1.4,93.918,-42.7,4.963,5228.1,no
18048,36,services,married,high.school,no,no,no,cellular,jul,wed,65,4,999,0,nonexistent,1.4,93.918,-42.7,4.963,5228.1,no
18049,24,blue-collar,single,basic.4y,no,yes,yes,cellular,jul,wed,132,1,999,0,nonexistent,1.4,93.918,-42.7,4.963,5228.1,no
18054,27,services,single,basic.9y,no,no,no,telephone,jul,wed,120,4,999,0,nonexistent,1.4,93.918,-42.7,4.963,5228.1,no
18066,28,self-employed,married,university.degree,no,yes,no,cellular,jul,wed,695,1,999,0,nonexistent,1.4,93.918,-42.7,4.963,5228.1,no
18085,44,admin.,married,high.school,no,yes,yes,cellular,jul,wed,164,1,999,0,nonexistent,1.4,93.918,-42.7,4.963,5228.1,no
18088,52,blue-collar,divorced,basic.4y,no,yes,no,cellular,jul,wed,292,8,999,0,nonexistent,1.4,93.918,-42.7,4.963,5228.1,no
18095,56,management,married,university.degree,no,no,yes,telephone,jul,wed,154,1,999,0,nonexistent,1.4,93.918,-42.7,4.963,5228.1,no
18097,37,blue-collar,married,basic.6y,unknown,no,no,cellular,jul,wed,77,1,999,0,nonexistent,1.4,93.918,-42.7,4.963,5228.1,no
18118,25,admin.,single,high.school,no,no,no,cellular,jul,wed,55,2,999,0,nonexistent,1.4,93.918,-42.7,4.963,5228.1,no
18124,41,services,divorced,high.school,no,no,no,cellular,jul,wed,120,1,999,0,nonexistent,1.4,93.918,-42.7,4.963,5228.1,no
18128,44,technician,single,university.degree,no,yes,no,telephone,jul,wed,185,2,999,0,nonexistent,1.4,93.918,-42.7,4.963,5228.1,no
18134,39,blue-collar,married,basic.9y,unknown,no,no,telephone,jul,wed,87,2,999,0,nonexistent,1.4,93.918,-42.7,4.963,5228.1,no
18136,25,student,single,university.degree,no,yes,yes,cellular,jul,wed,77,3,999,0,nonexistent,1.4,93.918,-42.7,4.963,5228.1,no
18163,40,admin.,married,university.degree,unknown,yes,no,cellular,jul,wed,424,1,999,0,nonexistent,1.4,93.918,-42.7,4.963,5228.1,no
18166,34,self-employed,single,university.degree,no,no,no,cellular,jul,wed,208,1,999,0,nonexistent,1.4,93.918,-42.7,4.963,5228.1,no
18175,34,self-employed,single,university.degree,no,no,no,cellular,jul,wed,1211,1,999,0,nonexistent,1.4,93.918,-42.7,4.963,5228.1,yes
18180,36,blue-collar,divorced,basic.9y,no,no,no,telephone,jul,wed,109,7,999,0,nonexistent,1.4,93.918,-42.7,4.963,5228.1,no
18187,40,self-employed,married,university.degree,no,yes,no,cellular,jul,wed,225,5,999,0,nonexistent,1.4,93.918,-42.7,4.963,5228.1,no
18188,35,student,single,unknown,unknown,no,no,cellular,jul,wed,103,2,999,0,nonexistent,1.4,93.918,-42.7,4.963,5228.1,no
18193,25,admin.,married,high.school,no,no,no,telephone,jul,wed,156,7,999,0,nonexistent,1.4,93.918,-42.7,4.963,5228.1,no
18212,34,unemployed,married,high.school,no,yes,yes,cellular,jul,wed,41,5,999,0,nonexistent,1.4,93.918,-42.7,4.963,5228.1,no
18223,31,admin.,married,high.school,unknown,no,no,cellular,jul,wed,82,3,999,0,nonexistent,1.4,93.918,-42.7,4.963,5228.1,no
18233,39,self-employed,married,professional.course,no,yes,no,telephone,jul,wed,339,8,999,0,nonexistent,1.4,93.918,-42.7,4.963,5228.1,no
18234,34,services,married,high.school,no,no,no,telephone,jul,wed,29,1,999,0,nonexistent,1.4,93.918,-42.7,4.963,5228.1,no
18240,56,retired,divorced,high.school,no,yes,no,cellular,jul,wed,173,4,999,0,nonexistent,1.4,93.918,-42.7,4.963,5228.1,no
18251,35,technician,married,high.school,unknown,no,no,cellular,jul,wed,96,1,999,0,nonexistent,1.4,93.918,-42.7,4.963,5228.1,no
18260,30,admin.,single,high.school,no,no,no,cellular,jul,wed,251,3,999,0,nonexistent,1.4,93.918,-42.7,4.963,5228.1,no
18271,41,management,married,university.degree,no,no,no,telephone,jul,wed,300,5,999,0,nonexistent,1.4,93.918,-42.7,4.963,5228.1,no
18284,39,services,single,high.school,no,no,no,cellular,jul,wed,239,4,999,0,nonexistent,1.4,93.918,-42.7,4.963,5228.1,no
18295,38,admin.,married,unknown,no,yes,no,cellular,jul,wed,87,3,999,0,nonexistent,1.4,93.918,-42.7,4.963,5228.1,no
18300,51,management,married,basic.9y,no,yes,no,cellular,jul,wed,154,4,999,0,nonexistent,1.4,93.918,-42.7,4.963,5228.1,no
18314,37,housemaid,single,professional.course,no,yes,no,cellular,jul,wed,60,8,999,0,nonexistent,1.4,93.918,-42.7,4.963,5228.1,no
18324,22,unemployed,single,high.school,no,no,no,telephone,jul,wed,82,3,999,0,nonexistent,1.4,93.918,-42.7,4.963,5228.1,no
18340,56,entrepreneur,married,basic.4y,unknown,yes,no,cellular,jul,thu,20,20,999,0,nonexistent,1.4,93.918,-42.7,4.968,5228.1,no
18363,46,technician,divorced,professional.course,no,yes,no,cellular,jul,thu,165,3,999,0,nonexistent,1.4,93.918,-42.7,4.968,5228.1,no
18364,56,technician,divorced,university.degree,unknown,no,yes,cellular,jul,thu,13,2,999,0,nonexistent,1.4,93.918,-42.7,4.968,5228.1,no
18366,37,blue-collar,divorced,basic.9y,no,yes,no,cellular,jul,thu,346,2,999,0,nonexistent,1.4,93.918,-42.7,4.968,5228.1,no
18370,37,services,divorced,high.school,no,no,no,cellular,jul,thu,98,3,999,0,nonexistent,1.4,93.918,-42.7,4.968,5228.1,no
18371,50,technician,single,high.school,unknown,no,no,telephone,jul,thu,125,6,999,0,nonexistent,1.4,93.918,-42.7,4.968,5228.1,no
18374,35,technician,married,professional.course,no,unknown,unknown,cellular,jul,thu,12,12,999,0,nonexistent,1.4,93.918,-42.7,4.968,5228.1,no
18378,29,admin.,single,high.school,no,no,yes,cellular,jul,thu,130,3,999,0,nonexistent,1.4,93.918,-42.7,4.968,5228.1,no
18381,43,technician,divorced,professional.course,no,yes,no,cellular,jul,thu,87,3,999,0,nonexistent,1.4,93.918,-42.7,4.968,5228.1,no
18383,36,management,married,university.degree,no,yes,no,cellular,jul,thu,350,2,999,0,nonexistent,1.4,93.918,-42.7,4.968,5228.1,no
18387,33,services,married,professional.course,no,yes,yes,cellular,jul,thu,630,4,999,0,nonexistent,1.4,93.918,-42.7,4.968,5228.1,yes
18388,32,admin.,divorced,high.school,no,unknown,unknown,cellular,jul,thu,81,4,999,0,nonexistent,1.4,93.918,-42.7,4.968,5228.1,no
18395,42,self-employed,married,university.degree,no,yes,no,telephone,jul,thu,1088,14,999,0,nonexistent,1.4,93.918,-42.7,4.968,5228.1,yes
18399,46,admin.,single,high.school,unknown,no,no,cellular,jul,thu,75,1,999,0,nonexistent,1.4,93.918,-42.7,4.968,5228.1,no
18403,27,admin.,married,high.school,unknown,no,no,cellular,jul,thu,84,3,999,0,nonexistent,1.4,93.918,-42.7,4.968,5228.1,no
18418,28,services,married,high.school,no,unknown,unknown,cellular,jul,thu,81,4,999,0,nonexistent,1.4,93.918,-42.7,4.968,5228.1,no
18438,50,management,married,university.degree,unknown,yes,no,telephone,jul,thu,30,1,999,0,nonexistent,1.4,93.918,-42.7,4.968,5228.1,no
18448,50,technician,married,high.school,no,yes,no,cellular,jul,thu,196,2,999,0,nonexistent,1.4,93.918,-42.7,4.968,5228.1,no
18456,32,admin.,married,university.degree,no,no,no,cellular,jul,thu,100,1,999,0,nonexistent,1.4,93.918,-42.7,4.968,5228.1,no
18460,27,admin.,single,university.degree,no,no,yes,cellular,jul,thu,242,1,999,0,nonexistent,1.4,93.918,-42.7,4.968,5228.1,no
18475,47,blue-collar,married,basic.4y,no,unknown,unknown,telephone,jul,thu,175,1,999,0,nonexistent,1.4,93.918,-42.7,4.968,5228.1,no
18476,36,blue-collar,married,basic.6y,unknown,no,no,telephone,jul,thu,208,5,999,0,nonexistent,1.4,93.918,-42.7,4.968,5228.1,no
18481,38,services,married,high.school,no,yes,no,cellular,jul,thu,73,1,999,0,nonexistent,1.4,93.918,-42.7,4.968,5228.1,no
18482,38,services,married,high.school,no,yes,no,telephone,jul,thu,120,1,999,0,nonexistent,1.4,93.918,-42.7,4.968,5228.1,no
18483,38,services,married,high.school,no,no,no,cellular,jul,thu,127,1,999,0,nonexistent,1.4,93.918,-42.7,4.968,5228.1,no
18484,34,technician,married,university.degree,no,no,yes,cellular,jul,thu,114,2,999,0,nonexistent,1.4,93.918,-42.7,4.968,5228.1,no
18492,39,technician,married,high.school,no,yes,no,cellular,jul,thu,123,3,999,0,nonexistent,1.4,93.918,-42.7,4.968,5228.1,no
18500,53,blue-collar,married,basic.4y,unknown,no,yes,cellular,jul,thu,36,1,999,0,nonexistent,1.4,93.918,-42.7,4.968,5228.1,no
18519,28,admin.,single,high.school,no,yes,no,cellular,jul,thu,231,1,999,0,nonexistent,1.4,93.918,-42.7,4.968,5228.1,no
18524,29,technician,married,university.degree,no,yes,no,telephone,jul,thu,258,1,999,0,nonexistent,1.4,93.918,-42.7,4.968,5228.1,no
18538,41,self-employed,divorced,university.degree,no,no,yes,cellular,jul,thu,52,6,999,0,nonexistent,1.4,93.918,-42.7,4.968,5228.1,no
18546,27,blue-collar,single,basic.4y,no,yes,no,cellular,jul,thu,225,1,999,0,nonexistent,1.4,93.918,-42.7,4.968,5228.1,no
18557,37,housemaid,single,professional.course,no,no,yes,cellular,jul,thu,50,1,999,0,nonexistent,1.4,93.918,-42.7,4.968,5228.1,no
18562,36,entrepreneur,married,university.degree,unknown,yes,no,cellular,jul,thu,55,7,999,0,nonexistent,1.4,93.918,-42.7,4.968,5228.1,no
18565,32,services,single,high.school,no,no,yes,cellular,jul,thu,81,2,999,0,nonexistent,1.4,93.918,-42.7,4.968,5228.1,no
18570,42,blue-collar,married,basic.9y,unknown,yes,no,cellular,jul,thu,367,2,999,0,nonexistent,1.4,93.918,-42.7,4.968,5228.1,no
18579,51,management,married,basic.4y,no,yes,no,cellular,jul,thu,47,2,999,0,nonexistent,1.4,93.918,-42.7,4.968,5228.1,no
18580,53,blue-collar,married,basic.4y,unknown,no,no,cellular,jul,thu,249,2,999,0,nonexistent,1.4,93.918,-42.7,4.968,5228.1,no
18582,38,self-employed,divorced,basic.9y,no,yes,yes,cellular,jul,thu,119,3,999,0,nonexistent,1.4,93.918,-42.7,4.968,5228.1,no
18587,47,technician,married,high.school,no,yes,no,cellular,jul,thu,388,3,999,0,nonexistent,1.4,93.918,-42.7,4.968,5228.1,no
18593,31,management,single,university.degree,no,yes,no,cellular,jul,thu,166,3,999,0,nonexistent,1.4,93.918,-42.7,4.968,5228.1,no
18596,39,technician,married,high.school,no,no,no,cellular,jul,thu,266,9,999,0,nonexistent,1.4,93.918,-42.7,4.968,5228.1,no
18613,45,management,married,university.degree,no,yes,no,cellular,jul,thu,391,1,999,0,nonexistent,1.4,93.918,-42.7,4.968,5228.1,no
18617,55,management,married,university.degree,no,yes,yes,cellular,jul,thu,345,1,999,0,nonexistent,1.4,93.918,-42.7,4.968,5228.1,no
18622,25,admin.,single,basic.9y,no,no,no,cellular,jul,thu,198,3,999,0,nonexistent,1.4,93.918,-42.7,4.968,5228.1,no
18627,34,services,married,high.school,no,yes,no,cellular,jul,thu,156,1,999,0,nonexistent,1.4,93.918,-42.7,4.968,5228.1,no
18631,37,blue-collar,married,basic.4y,unknown,no,no,cellular,jul,thu,166,1,999,0,nonexistent,1.4,93.918,-42.7,4.968,5228.1,no
18632,54,blue-collar,married,basic.9y,no,yes,no,telephone,jul,thu,28,1,999,0,nonexistent,1.4,93.918,-42.7,4.968,5228.1,no
18651,48,technician,married,professional.course,unknown,no,yes,telephone,jul,thu,37,6,999,0,nonexistent,1.4,93.918,-42.7,4.968,5228.1,no
18656,44,blue-collar,divorced,professional.course,no,no,no,cellular,jul,thu,66,31,999,0,nonexistent,1.4,93.918,-42.7,4.968,5228.1,no
18671,31,services,single,high.school,no,no,no,cellular,jul,thu,10,3,999,0,nonexistent,1.4,93.918,-42.7,4.968,5228.1,no
18683,26,blue-collar,married,basic.4y,unknown,yes,no,cellular,jul,thu,530,3,999,0,nonexistent,1.4,93.918,-42.7,4.968,5228.1,no
18690,25,admin.,single,basic.9y,no,yes,yes,cellular,jul,thu,8,21,999,0,nonexistent,1.4,93.918,-42.7,4.968,5228.1,no
18699,30,admin.,single,professional.course,no,yes,yes,cellular,jul,thu,9,18,999,0,nonexistent,1.4,93.918,-42.7,4.968,5228.1,no
18711,36,admin.,single,university.degree,no,no,no,cellular,jul,thu,48,3,999,0,nonexistent,1.4,93.918,-42.7,4.968,5228.1,no
18714,43,admin.,married,professional.course,unknown,yes,no,cellular,jul,thu,68,2,999,0,nonexistent,1.4,93.918,-42.7,4.968,5228.1,no
18734,43,services,married,basic.6y,no,no,yes,cellular,jul,thu,124,8,999,0,nonexistent,1.4,93.918,-42.7,4.968,5228.1,no
18741,36,admin.,single,university.degree,no,yes,no,telephone,jul,thu,16,8,999,0,nonexistent,1.4,93.918,-42.7,4.968,5228.1,no
18749,46,services,married,basic.9y,no,yes,no,cellular,jul,thu,40,9,999,0,nonexistent,1.4,93.918,-42.7,4.968,5228.1,no
18753,30,services,single,high.school,no,yes,no,cellular,jul,thu,92,10,999,0,nonexistent,1.4,93.918,-42.7,4.968,5228.1,no
18758,28,technician,single,professional.course,no,no,no,cellular,jul,thu,28,5,999,0,nonexistent,1.4,93.918,-42.7,4.968,5228.1,no
18759,25,admin.,single,basic.9y,no,yes,yes,cellular,jul,thu,14,30,999,0,nonexistent,1.4,93.918,-42.7,4.968,5228.1,no
18761,32,technician,married,university.degree,no,yes,no,telephone,jul,thu,443,4,999,0,nonexistent,1.4,93.918,-42.7,4.968,5228.1,no
18805,29,technician,married,university.degree,no,no,no,cellular,jul,thu,652,7,999,0,nonexistent,1.4,93.918,-42.7,4.968,5228.1,no
18818,54,technician,married,basic.9y,no,no,yes,cellular,jul,thu,50,9,999,0,nonexistent,1.4,93.918,-42.7,4.968,5228.1,no
18822,39,blue-collar,single,basic.4y,unknown,no,no,telephone,jul,thu,9,21,999,0,nonexistent,1.4,93.918,-42.7,4.968,5228.1,no
18825,34,technician,single,university.degree,no,yes,no,cellular,aug,mon,156,1,999,0,nonexistent,1.4,93.444,-36.1,4.97,5228.1,no
18835,31,admin.,single,university.degree,no,yes,no,cellular,aug,mon,163,1,999,0,nonexistent,1.4,93.444,-36.1,4.97,5228.1,no
18861,55,blue-collar,married,basic.4y,no,yes,no,telephone,aug,mon,94,1,999,0,nonexistent,1.4,93.444,-36.1,4.97,5228.1,no
18867,46,technician,married,university.degree,unknown,no,no,cellular,aug,mon,139,1,999,0,nonexistent,1.4,93.444,-36.1,4.97,5228.1,no
18870,53,services,married,basic.9y,unknown,yes,no,cellular,aug,mon,136,2,999,0,nonexistent,1.4,93.444,-36.1,4.97,5228.1,no
18871,46,housemaid,married,high.school,no,yes,no,cellular,aug,mon,121,1,999,0,nonexistent,1.4,93.444,-36.1,4.97,5228.1,no
18874,60,retired,married,university.degree,unknown,no,no,cellular,aug,mon,144,1,999,0,nonexistent,1.4,93.444,-36.1,4.97,5228.1,no
18886,31,admin.,married,university.degree,no,yes,no,cellular,aug,mon,244,1,999,0,nonexistent,1.4,93.444,-36.1,4.97,5228.1,no
18890,48,unknown,married,basic.9y,no,no,no,cellular,aug,mon,307,1,999,0,nonexistent,1.4,93.444,-36.1,4.97,5228.1,no
18892,44,services,married,professional.course,no,no,no,cellular,aug,mon,90,1,999,0,nonexistent,1.4,93.444,-36.1,4.97,5228.1,no
18893,34,technician,single,professional.course,no,yes,yes,telephone,aug,mon,64,1,999,0,nonexistent,1.4,93.444,-36.1,4.97,5228.1,no
18894,34,technician,single,professional.course,no,yes,no,cellular,aug,mon,138,1,999,0,nonexistent,1.4,93.444,-36.1,4.97,5228.1,no
18895,60,retired,married,basic.6y,no,no,no,cellular,aug,mon,79,1,999,0,nonexistent,1.4,93.444,-36.1,4.97,5228.1,no
18900,33,technician,divorced,professional.course,no,yes,no,cellular,aug,mon,413,1,999,0,nonexistent,1.4,93.444,-36.1,4.97,5228.1,no
18910,35,technician,single,professional.course,no,no,yes,cellular,aug,mon,50,1,999,0,nonexistent,1.4,93.444,-36.1,4.97,5228.1,no
18933,29,technician,single,professional.course,no,no,no,cellular,aug,mon,165,2,999,0,nonexistent,1.4,93.444,-36.1,4.97,5228.1,no
18935,36,technician,divorced,professional.course,no,yes,no,cellular,aug,mon,282,1,999,0,nonexistent,1.4,93.444,-36.1,4.97,5228.1,no
18960,32,technician,married,university.degree,no,yes,no,cellular,aug,mon,151,1,999,0,nonexistent,1.4,93.444,-36.1,4.97,5228.1,no
18967,50,blue-collar,married,basic.4y,unknown,yes,no,cellular,aug,mon,91,2,999,0,nonexistent,1.4,93.444,-36.1,4.97,5228.1,no
18974,33,technician,divorced,professional.course,no,no,no,cellular,aug,mon,686,2,999,0,nonexistent,1.4,93.444,-36.1,4.97,5228.1,no
18997,38,blue-collar,single,high.school,no,no,no,cellular,aug,tue,250,2,999,0,nonexistent,1.4,93.444,-36.1,4.968,5228.1,no
19000,56,retired,married,university.degree,no,yes,no,cellular,aug,tue,377,3,999,0,nonexistent,1.4,93.444,-36.1,4.968,5228.1,no
19007,57,retired,married,basic.6y,no,no,no,cellular,aug,tue,222,1,999,0,nonexistent,1.4,93.444,-36.1,4.968,5228.1,no
19013,38,technician,single,professional.course,no,yes,no,cellular,aug,tue,114,1,999,0,nonexistent,1.4,93.444,-36.1,4.968,5228.1,no
19024,52,technician,divorced,professional.course,no,no,no,cellular,aug,tue,58,1,999,0,nonexistent,1.4,93.444,-36.1,4.968,5228.1,no
19030,45,housemaid,married,basic.4y,unknown,no,no,cellular,aug,tue,148,1,999,0,nonexistent,1.4,93.444,-36.1,4.968,5228.1,no
19042,42,technician,married,high.school,no,yes,no,cellular,aug,tue,188,1,999,0,nonexistent,1.4,93.444,-36.1,4.968,5228.1,no
19065,53,technician,married,professional.course,no,yes,no,cellular,aug,tue,123,1,999,0,nonexistent,1.4,93.444,-36.1,4.968,5228.1,no
19069,59,retired,married,university.degree,no,yes,no,cellular,aug,tue,163,1,999,0,nonexistent,1.4,93.444,-36.1,4.968,5228.1,no
19075,55,admin.,married,professional.course,no,yes,yes,cellular,aug,tue,482,1,999,0,nonexistent,1.4,93.444,-36.1,4.968,5228.1,no
19077,30,technician,married,professional.course,no,yes,no,cellular,aug,tue,297,1,999,0,nonexistent,1.4,93.444,-36.1,4.968,5228.1,no
19083,33,admin.,married,university.degree,no,yes,yes,cellular,aug,tue,178,2,999,0,nonexistent,1.4,93.444,-36.1,4.968,5228.1,no
19085,40,technician,married,professional.course,no,no,no,cellular,aug,tue,156,1,999,0,nonexistent,1.4,93.444,-36.1,4.968,5228.1,no
19103,49,admin.,married,university.degree,unknown,yes,no,cellular,aug,tue,202,1,999,0,nonexistent,1.4,93.444,-36.1,4.968,5228.1,no
19106,52,services,divorced,basic.6y,no,yes,no,cellular,aug,tue,683,2,999,0,nonexistent,1.4,93.444,-36.1,4.968,5228.1,no
19109,31,technician,single,professional.course,no,yes,no,cellular,aug,tue,935,1,999,0,nonexistent,1.4,93.444,-36.1,4.968,5228.1,yes
19110,45,technician,married,professional.course,unknown,no,no,cellular,aug,tue,320,2,999,0,nonexistent,1.4,93.444,-36.1,4.968,5228.1,no
19111,43,technician,single,professional.course,no,no,no,cellular,aug,tue,165,1,999,0,nonexistent,1.4,93.444,-36.1,4.968,5228.1,no
19115,49,services,married,high.school,no,yes,no,cellular,aug,tue,158,2,999,0,nonexistent,1.4,93.444,-36.1,4.968,5228.1,no
19132,37,admin.,single,professional.course,no,no,no,cellular,aug,tue,223,1,999,0,nonexistent,1.4,93.444,-36.1,4.968,5228.1,no
19133,46,technician,married,professional.course,no,no,yes,cellular,aug,tue,166,2,999,0,nonexistent,1.4,93.444,-36.1,4.968,5228.1,no
19136,32,housemaid,married,professional.course,no,yes,yes,cellular,aug,tue,291,1,999,0,nonexistent,1.4,93.444,-36.1,4.968,5228.1,no
19147,51,blue-collar,married,basic.4y,no,no,no,cellular,aug,tue,132,2,999,0,nonexistent,1.4,93.444,-36.1,4.968,5228.1,no
19155,40,admin.,married,university.degree,no,no,no,cellular,aug,tue,618,2,999,0,nonexistent,1.4,93.444,-36.1,4.968,5228.1,yes
19159,35,admin.,married,university.degree,no,yes,no,cellular,aug,tue,385,3,999,0,nonexistent,1.4,93.444,-36.1,4.968,5228.1,no
19173,37,management,married,university.degree,no,yes,no,cellular,aug,tue,263,2,999,0,nonexistent,1.4,93.444,-36.1,4.968,5228.1,no
19176,52,technician,married,professional.course,unknown,no,no,cellular,aug,tue,131,2,999,0,nonexistent,1.4,93.444,-36.1,4.968,5228.1,no
19184,40,technician,married,professional.course,no,yes,no,cellular,aug,tue,109,2,999,0,nonexistent,1.4,93.444,-36.1,4.968,5228.1,no
19185,59,blue-collar,married,basic.9y,no,yes,no,cellular,aug,tue,1197,2,999,0,nonexistent,1.4,93.444,-36.1,4.968,5228.1,no
19194,45,admin.,married,university.degree,no,yes,no,cellular,aug,wed,314,5,999,0,nonexistent,1.4,93.444,-36.1,4.967,5228.1,no
19231,46,blue-collar,married,basic.9y,unknown,no,no,cellular,aug,wed,189,1,999,0,nonexistent,1.4,93.444,-36.1,4.967,5228.1,no
19234,48,services,married,high.school,unknown,yes,yes,cellular,aug,wed,190,1,999,0,nonexistent,1.4,93.444,-36.1,4.967,5228.1,no
19235,45,blue-collar,married,basic.6y,unknown,yes,yes,cellular,aug,wed,165,1,999,0,nonexistent,1.4,93.444,-36.1,4.967,5228.1,no
19244,30,admin.,single,university.degree,no,yes,no,cellular,aug,wed,182,1,999,0,nonexistent,1.4,93.444,-36.1,4.967,5228.1,no
19254,49,unemployed,married,professional.course,unknown,yes,no,cellular,aug,wed,397,2,999,0,nonexistent,1.4,93.444,-36.1,4.967,5228.1,yes
19258,31,admin.,single,university.degree,no,yes,no,cellular,aug,wed,194,2,999,0,nonexistent,1.4,93.444,-36.1,4.967,5228.1,no
19271,32,technician,married,high.school,unknown,no,no,cellular,aug,wed,211,2,999,0,nonexistent,1.4,93.444,-36.1,4.967,5228.1,no
19275,29,technician,single,university.degree,no,yes,yes,cellular,aug,wed,225,1,999,0,nonexistent,1.4,93.444,-36.1,4.967,5228.1,no
19277,37,technician,single,high.school,no,yes,yes,cellular,aug,wed,763,1,999,0,nonexistent,1.4,93.444,-36.1,4.967,5228.1,yes
19284,47,blue-collar,married,basic.6y,unknown,no,no,cellular,aug,wed,89,1,999,0,nonexistent,1.4,93.444,-36.1,4.967,5228.1,no
19286,31,admin.,single,university.degree,no,no,yes,cellular,aug,wed,126,1,999,0,nonexistent,1.4,93.444,-36.1,4.967,5228.1,no
19287,31,admin.,single,university.degree,no,yes,no,cellular,aug,wed,166,1,999,0,nonexistent,1.4,93.444,-36.1,4.967,5228.1,no
19289,42,admin.,married,university.degree,no,yes,yes,cellular,aug,wed,68,1,999,0,nonexistent,1.4,93.444,-36.1,4.967,5228.1,no
19302,33,technician,married,high.school,unknown,no,yes,cellular,aug,wed,212,1,999,0,nonexistent,1.4,93.444,-36.1,4.967,5228.1,no
19320,55,retired,married,basic.4y,unknown,yes,yes,cellular,aug,wed,89,1,999,0,nonexistent,1.4,93.444,-36.1,4.967,5228.1,no
19322,46,blue-collar,divorced,professional.course,no,yes,no,cellular,aug,wed,254,2,999,0,nonexistent,1.4,93.444,-36.1,4.967,5228.1,no
19323,50,unemployed,married,high.school,unknown,yes,no,cellular,aug,wed,344,2,999,0,nonexistent,1.4,93.444,-36.1,4.967,5228.1,no
19330,51,technician,married,professional.course,unknown,yes,no,cellular,aug,wed,365,2,999,0,nonexistent,1.4,93.444,-36.1,4.967,5228.1,no
19333,51,admin.,single,university.degree,unknown,yes,no,cellular,aug,wed,168,1,999,0,nonexistent,1.4,93.444,-36.1,4.967,5228.1,no
19336,51,admin.,married,high.school,no,no,no,cellular,aug,wed,301,2,999,0,nonexistent,1.4,93.444,-36.1,4.967,5228.1,no
19341,31,technician,single,university.degree,no,yes,no,cellular,aug,wed,411,1,999,0,nonexistent,1.4,93.444,-36.1,4.967,5228.1,no
19342,43,admin.,married,university.degree,unknown,yes,no,cellular,aug,wed,120,1,999,0,nonexistent,1.4,93.444,-36.1,4.967,5228.1,no
19360,37,management,married,university.degree,unknown,no,no,cellular,aug,wed,168,2,999,0,nonexistent,1.4,93.444,-36.1,4.967,5228.1,no
19379,48,blue-collar,married,unknown,no,yes,yes,cellular,aug,wed,742,1,999,0,nonexistent,1.4,93.444,-36.1,4.967,5228.1,yes
19398,33,entrepreneur,married,university.degree,no,no,no,cellular,aug,wed,83,7,999,0,nonexistent,1.4,93.444,-36.1,4.967,5228.1,no
19425,29,technician,single,university.degree,no,yes,yes,cellular,aug,wed,626,3,999,0,nonexistent,1.4,93.444,-36.1,4.967,5228.1,no
19435,47,management,married,university.degree,no,yes,yes,cellular,aug,wed,135,2,999,0,nonexistent,1.4,93.444,-36.1,4.967,5228.1,no
19436,49,housemaid,married,university.degree,no,yes,no,cellular,aug,wed,210,2,999,0,nonexistent,1.4,93.444,-36.1,4.967,5228.1,no
19445,45,unemployed,married,high.school,no,no,no,cellular,aug,thu,186,2,999,0,nonexistent,1.4,93.444,-36.1,4.968,5228.1,no
19447,48,technician,married,high.school,no,no,no,cellular,aug,thu,157,3,999,0,nonexistent,1.4,93.444,-36.1,4.968,5228.1,no
19449,37,technician,married,high.school,unknown,no,no,cellular,aug,thu,91,1,999,0,nonexistent,1.4,93.444,-36.1,4.968,5228.1,no
19451,36,admin.,married,university.degree,no,no,no,cellular,aug,thu,187,1,999,0,nonexistent,1.4,93.444,-36.1,4.968,5228.1,no
19477,51,housemaid,married,basic.4y,unknown,no,yes,cellular,aug,thu,126,1,999,0,nonexistent,1.4,93.444,-36.1,4.968,5228.1,no
19484,44,blue-collar,married,basic.9y,no,no,no,cellular,aug,thu,1056,1,999,0,nonexistent,1.4,93.444,-36.1,4.968,5228.1,yes
19519,56,retired,married,high.school,unknown,yes,no,cellular,aug,thu,674,1,999,0,nonexistent,1.4,93.444,-36.1,4.968,5228.1,yes
19523,31,admin.,divorced,university.degree,no,yes,no,cellular,aug,thu,46,1,999,0,nonexistent,1.4,93.444,-36.1,4.968,5228.1,no
19532,41,technician,divorced,university.degree,no,no,no,cellular,aug,thu,140,1,999,0,nonexistent,1.4,93.444,-36.1,4.968,5228.1,no
19535,40,housemaid,divorced,basic.9y,no,yes,no,cellular,aug,thu,144,1,999,0,nonexistent,1.4,93.444,-36.1,4.968,5228.1,no
19541,32,technician,married,university.degree,no,no,no,cellular,aug,thu,137,1,999,0,nonexistent,1.4,93.444,-36.1,4.968,5228.1,no
19544,48,services,married,basic.4y,unknown,no,no,cellular,aug,thu,88,1,999,0,nonexistent,1.4,93.444,-36.1,4.968,5228.1,no
19548,39,admin.,single,high.school,no,unknown,unknown,cellular,aug,thu,125,1,999,0,nonexistent,1.4,93.444,-36.1,4.968,5228.1,no
19577,37,admin.,married,university.degree,unknown,yes,no,cellular,aug,thu,244,1,999,0,nonexistent,1.4,93.444,-36.1,4.968,5228.1,no
19586,33,admin.,married,university.degree,unknown,yes,yes,cellular,aug,thu,259,2,999,0,nonexistent,1.4,93.444,-36.1,4.968,5228.1,no
19589,53,blue-collar,married,basic.9y,unknown,yes,no,cellular,aug,thu,504,2,999,0,nonexistent,1.4,93.444,-36.1,4.968,5228.1,no
19600,38,admin.,married,university.degree,no,no,no,cellular,aug,thu,89,2,999,0,nonexistent,1.4,93.444,-36.1,4.968,5228.1,no
19602,29,admin.,single,university.degree,no,yes,no,cellular,aug,thu,228,3,999,0,nonexistent,1.4,93.444,-36.1,4.968,5228.1,no
19604,35,management,married,university.degree,no,yes,no,cellular,aug,thu,76,1,999,0,nonexistent,1.4,93.444,-36.1,4.968,5228.1,no
19613,39,admin.,married,university.degree,no,no,no,cellular,aug,thu,436,2,999,0,nonexistent,1.4,93.444,-36.1,4.968,5228.1,no
19617,51,blue-collar,married,basic.4y,unknown,yes,yes,cellular,aug,thu,174,2,999,0,nonexistent,1.4,93.444,-36.1,4.968,5228.1,no
19621,58,admin.,married,high.school,no,no,no,cellular,aug,thu,214,1,999,0,nonexistent,1.4,93.444,-36.1,4.968,5228.1,no
19624,30,admin.,married,university.degree,no,no,no,cellular,aug,thu,194,5,999,0,nonexistent,1.4,93.444,-36.1,4.968,5228.1,no
19626,48,services,married,basic.4y,unknown,no,no,cellular,aug,thu,118,2,999,0,nonexistent,1.4,93.444,-36.1,4.968,5228.1,no
19627,44,unemployed,married,professional.course,unknown,no,no,cellular,aug,thu,105,2,999,0,nonexistent,1.4,93.444,-36.1,4.968,5228.1,no
19632,32,admin.,single,university.degree,no,yes,yes,cellular,aug,thu,140,2,999,0,nonexistent,1.4,93.444,-36.1,4.968,5228.1,no
19640,34,technician,single,professional.course,no,yes,yes,cellular,aug,thu,414,2,999,0,nonexistent,1.4,93.444,-36.1,4.968,5228.1,no
19670,36,admin.,married,high.school,unknown,no,no,cellular,aug,thu,324,3,999,0,nonexistent,1.4,93.444,-36.1,4.968,5228.1,no
19674,50,blue-collar,married,basic.9y,no,no,no,cellular,aug,thu,524,3,999,0,nonexistent,1.4,93.444,-36.1,4.968,5228.1,no
19676,31,housemaid,married,basic.4y,no,no,no,cellular,aug,thu,235,1,999,0,nonexistent,1.4,93.444,-36.1,4.968,5228.1,no
19680,50,admin.,married,basic.9y,no,yes,no,cellular,aug,thu,61,1,999,0,nonexistent,1.4,93.444,-36.1,4.968,5228.1,no
19694,48,blue-collar,married,basic.4y,unknown,no,yes,cellular,aug,thu,37,3,999,0,nonexistent,1.4,93.444,-36.1,4.968,5228.1,no
19701,49,technician,married,professional.course,unknown,yes,no,cellular,aug,thu,142,2,999,0,nonexistent,1.4,93.444,-36.1,4.968,5228.1,no
19713,51,technician,divorced,professional.course,no,yes,no,cellular,aug,thu,158,3,999,0,nonexistent,1.4,93.444,-36.1,4.968,5228.1,no
19730,31,admin.,married,university.degree,no,no,no,cellular,aug,thu,112,3,999,0,nonexistent,1.4,93.444,-36.1,4.968,5228.1,no
19738,34,admin.,married,university.degree,no,yes,no,cellular,aug,fri,201,4,999,0,nonexistent,1.4,93.444,-36.1,4.966,5228.1,no
19746,51,blue-collar,married,basic.4y,unknown,no,no,cellular,aug,fri,116,1,999,0,nonexistent,1.4,93.444,-36.1,4.966,5228.1,no
19762,38,technician,divorced,professional.course,no,yes,no,cellular,aug,fri,550,1,999,0,nonexistent,1.4,93.444,-36.1,4.966,5228.1,no
19764,57,admin.,married,university.degree,unknown,yes,no,cellular,aug,fri,161,1,999,0,nonexistent,1.4,93.444,-36.1,4.966,5228.1,no
19779,46,entrepreneur,married,basic.9y,no,no,no,cellular,aug,fri,169,1,999,0,nonexistent,1.4,93.444,-36.1,4.966,5228.1,no
19791,39,technician,married,professional.course,unknown,no,no,cellular,aug,fri,49,1,999,0,nonexistent,1.4,93.444,-36.1,4.966,5228.1,no
19819,32,technician,married,university.degree,no,no,no,cellular,aug,fri,198,1,999,0,nonexistent,1.4,93.444,-36.1,4.966,5228.1,no
19821,45,blue-collar,married,basic.4y,no,no,no,cellular,aug,fri,507,2,999,0,nonexistent,1.4,93.444,-36.1,4.966,5228.1,yes
19855,29,admin.,single,university.degree,unknown,yes,no,cellular,aug,fri,156,1,999,0,nonexistent,1.4,93.444,-36.1,4.966,5228.1,no
19858,30,admin.,single,university.degree,no,no,no,cellular,aug,fri,235,1,999,0,nonexistent,1.4,93.444,-36.1,4.966,5228.1,no
19868,46,admin.,married,high.school,unknown,no,no,cellular,aug,fri,49,3,999,0,nonexistent,1.4,93.444,-36.1,4.966,5228.1,no
19869,53,blue-collar,married,basic.4y,unknown,no,no,cellular,aug,fri,523,1,999,0,nonexistent,1.4,93.444,-36.1,4.966,5228.1,yes
19873,54,self-employed,married,professional.course,no,no,no,cellular,aug,fri,309,1,999,0,nonexistent,1.4,93.444,-36.1,4.966,5228.1,no
19877,50,blue-collar,married,basic.6y,no,yes,no,cellular,aug,fri,433,1,999,0,nonexistent,1.4,93.444,-36.1,4.966,5228.1,no
19890,29,admin.,single,university.degree,unknown,no,no,cellular,aug,fri,521,2,999,0,nonexistent,1.4,93.444,-36.1,4.966,5228.1,no
19903,44,services,married,high.school,unknown,yes,no,cellular,aug,fri,629,2,999,0,nonexistent,1.4,93.444,-36.1,4.966,5228.1,no
19914,53,blue-collar,married,basic.4y,unknown,yes,no,cellular,aug,fri,148,5,999,0,nonexistent,1.4,93.444,-36.1,4.966,5228.1,no
19915,29,admin.,single,university.degree,unknown,no,no,cellular,aug,fri,140,2,999,0,nonexistent,1.4,93.444,-36.1,4.966,5228.1,no
19919,35,admin.,single,university.degree,no,no,yes,telephone,aug,fri,91,1,999,0,nonexistent,1.4,93.444,-36.1,4.966,5228.1,no
19927,37,technician,divorced,professional.course,no,no,no,cellular,aug,fri,780,2,999,0,nonexistent,1.4,93.444,-36.1,4.966,5228.1,yes
19937,34,admin.,married,university.degree,no,yes,no,cellular,aug,fri,71,1,999,0,nonexistent,1.4,93.444,-36.1,4.966,5228.1,no
19950,41,technician,divorced,university.degree,no,yes,no,cellular,aug,fri,93,1,999,0,nonexistent,1.4,93.444,-36.1,4.966,5228.1,no
19961,47,technician,married,professional.course,unknown,yes,no,cellular,aug,fri,127,3,999,0,nonexistent,1.4,93.444,-36.1,4.966,5228.1,no
19965,49,housemaid,married,basic.4y,no,yes,no,cellular,aug,fri,448,5,999,0,nonexistent,1.4,93.444,-36.1,4.966,5228.1,no
19968,50,blue-collar,married,basic.6y,no,no,no,cellular,aug,fri,733,3,999,0,nonexistent,1.4,93.444,-36.1,4.966,5228.1,yes
19971,38,technician,married,professional.course,no,no,no,cellular,aug,fri,93,1,999,0,nonexistent,1.4,93.444,-36.1,4.966,5228.1,no
19976,58,self-employed,married,university.degree,no,yes,no,cellular,aug,fri,173,3,999,0,nonexistent,1.4,93.444,-36.1,4.966,5228.1,no
19991,42,self-employed,married,university.degree,no,no,yes,cellular,aug,fri,327,3,999,0,nonexistent,1.4,93.444,-36.1,4.966,5228.1,no
19992,44,self-employed,married,professional.course,no,unknown,unknown,cellular,aug,fri,179,3,999,0,nonexistent,1.4,93.444,-36.1,4.966,5228.1,no
20002,35,technician,divorced,professional.course,no,no,no,cellular,aug,fri,424,4,999,0,nonexistent,1.4,93.444,-36.1,4.966,5228.1,no
20013,45,management,married,university.degree,no,yes,no,cellular,aug,fri,334,4,999,0,nonexistent,1.4,93.444,-36.1,4.966,5228.1,no
20023,37,technician,married,professional.course,unknown,yes,no,cellular,aug,fri,17,7,999,0,nonexistent,1.4,93.444,-36.1,4.966,5228.1,no
20029,36,technician,married,high.school,no,no,no,cellular,aug,mon,46,3,999,0,nonexistent,1.4,93.444,-36.1,4.965,5228.1,no
20030,34,entrepreneur,married,university.degree,unknown,yes,no,cellular,aug,mon,343,2,999,0,nonexistent,1.4,93.444,-36.1,4.965,5228.1,no
20031,58,technician,married,professional.course,no,yes,no,telephone,aug,mon,697,5,999,0,nonexistent,1.4,93.444,-36.1,4.965,5228.1,no
20035,32,admin.,single,university.degree,no,yes,yes,cellular,aug,mon,326,3,999,0,nonexistent,1.4,93.444,-36.1,4.965,5228.1,no
20037,29,admin.,single,university.degree,no,no,no,cellular,aug,mon,716,2,999,0,nonexistent,1.4,93.444,-36.1,4.965,5228.1,yes
20046,39,technician,single,high.school,no,no,no,cellular,aug,mon,177,3,999,0,nonexistent,1.4,93.444,-36.1,4.965,5228.1,no
20047,31,management,single,university.degree,no,no,no,cellular,aug,mon,413,1,999,0,nonexistent,1.4,93.444,-36.1,4.965,5228.1,no
20048,40,admin.,divorced,university.degree,no,no,no,cellular,aug,mon,144,1,999,0,nonexistent,1.4,93.444,-36.1,4.965,5228.1,no
20049,37,technician,married,high.school,unknown,yes,yes,telephone,aug,mon,144,2,999,0,nonexistent,1.4,93.444,-36.1,4.965,5228.1,no
20078,32,technician,married,high.school,no,yes,no,cellular,aug,mon,47,2,999,0,nonexistent,1.4,93.444,-36.1,4.965,5228.1,no
20099,29,admin.,married,university.degree,no,yes,yes,cellular,aug,mon,164,1,999,0,nonexistent,1.4,93.444,-36.1,4.965,5228.1,no
20102,41,self-employed,married,professional.course,no,yes,no,cellular,aug,mon,323,1,999,0,nonexistent,1.4,93.444,-36.1,4.965,5228.1,no
20124,36,housemaid,married,basic.6y,no,no,no,cellular,aug,mon,210,2,999,0,nonexistent,1.4,93.444,-36.1,4.965,5228.1,no
20134,32,admin.,married,university.degree,no,yes,yes,cellular,aug,mon,217,1,999,0,nonexistent,1.4,93.444,-36.1,4.965,5228.1,no
20138,33,technician,married,high.school,no,yes,no,cellular,aug,mon,119,1,999,0,nonexistent,1.4,93.444,-36.1,4.965,5228.1,no
20140,36,admin.,married,university.degree,no,yes,no,cellular,aug,mon,56,2,999,0,nonexistent,1.4,93.444,-36.1,4.965,5228.1,no
20158,33,technician,married,professional.course,no,yes,yes,cellular,aug,mon,61,1,999,0,nonexistent,1.4,93.444,-36.1,4.965,5228.1,no
20165,38,admin.,married,university.degree,no,yes,no,cellular,aug,mon,317,1,999,0,nonexistent,1.4,93.444,-36.1,4.965,5228.1,no
20167,35,technician,married,professional.course,no,yes,yes,cellular,aug,mon,228,1,999,0,nonexistent,1.4,93.444,-36.1,4.965,5228.1,no
20168,37,technician,single,professional.course,no,yes,no,cellular,aug,mon,76,1,999,0,nonexistent,1.4,93.444,-36.1,4.965,5228.1,no
20175,34,technician,married,professional.course,unknown,no,no,cellular,aug,mon,174,1,999,0,nonexistent,1.4,93.444,-36.1,4.965,5228.1,no
20179,50,management,married,university.degree,unknown,yes,no,cellular,aug,mon,699,4,999,0,nonexistent,1.4,93.444,-36.1,4.965,5228.1,yes
20183,30,management,married,high.school,no,no,no,cellular,aug,mon,65,2,999,0,nonexistent,1.4,93.444,-36.1,4.965,5228.1,no
20194,36,housemaid,married,basic.6y,no,no,no,cellular,aug,mon,55,3,999,0,nonexistent,1.4,93.444,-36.1,4.965,5228.1,no
20196,31,management,single,university.degree,no,no,no,cellular,aug,mon,1099,2,999,0,nonexistent,1.4,93.444,-36.1,4.965,5228.1,no
20201,52,admin.,married,university.degree,no,no,no,cellular,aug,mon,79,3,999,0,nonexistent,1.4,93.444,-36.1,4.965,5228.1,no
20205,36,admin.,married,university.degree,no,yes,no,cellular,aug,mon,103,3,999,0,nonexistent,1.4,93.444,-36.1,4.965,5228.1,no
20207,39,management,married,university.degree,no,yes,no,cellular,aug,mon,230,2,999,0,nonexistent,1.4,93.444,-36.1,4.965,5228.1,no
20208,42,technician,married,high.school,no,yes,no,cellular,aug,mon,289,2,999,0,nonexistent,1.4,93.444,-36.1,4.965,5228.1,no
20215,35,technician,married,professional.course,no,yes,no,cellular,aug,mon,163,1,999,0,nonexistent,1.4,93.444,-36.1,4.965,5228.1,no
20218,48,entrepreneur,married,university.degree,no,yes,no,cellular,aug,mon,105,1,999,0,nonexistent,1.4,93.444,-36.1,4.965,5228.1,no
20231,46,admin.,married,university.degree,unknown,no,no,cellular,aug,mon,1141,2,999,0,nonexistent,1.4,93.444,-36.1,4.965,5228.1,yes
20235,50,management,married,university.degree,unknown,yes,no,cellular,aug,mon,734,2,999,0,nonexistent,1.4,93.444,-36.1,4.965,5228.1,yes
20239,34,admin.,married,university.degree,no,no,no,cellular,aug,mon,1238,1,999,0,nonexistent,1.4,93.444,-36.1,4.965,5228.1,yes
20241,34,admin.,single,university.degree,no,yes,no,cellular,aug,mon,382,3,999,0,nonexistent,1.4,93.444,-36.1,4.965,5228.1,no
20249,32,technician,married,professional.course,no,yes,no,cellular,aug,mon,187,3,999,0,nonexistent,1.4,93.444,-36.1,4.965,5228.1,no
20269,56,blue-collar,married,basic.9y,unknown,yes,yes,cellular,aug,mon,126,2,999,0,nonexistent,1.4,93.444,-36.1,4.965,5228.1,no
20285,34,admin.,single,university.degree,no,yes,yes,cellular,aug,mon,117,3,999,0,nonexistent,1.4,93.444,-36.1,4.965,5228.1,no
20289,29,technician,single,professional.course,no,no,no,cellular,aug,mon,157,3,999,0,nonexistent,1.4,93.444,-36.1,4.965,5228.1,no
20311,31,technician,divorced,professional.course,no,no,no,cellular,aug,mon,231,5,999,0,nonexistent,1.4,93.444,-36.1,4.965,5228.1,no
20314,30,blue-collar,married,basic.9y,no,yes,no,cellular,aug,mon,277,4,999,0,nonexistent,1.4,93.444,-36.1,4.965,5228.1,no
20318,32,admin.,married,university.degree,no,no,no,cellular,aug,mon,247,1,999,0,nonexistent,1.4,93.444,-36.1,4.965,5228.1,no
20323,35,technician,single,university.degree,no,yes,no,cellular,aug,mon,217,1,999,0,nonexistent,1.4,93.444,-36.1,4.965,5228.1,no
20324,48,admin.,married,high.school,no,yes,no,cellular,aug,mon,40,4,999,0,nonexistent,1.4,93.444,-36.1,4.965,5228.1,no
20326,38,admin.,single,university.degree,no,yes,yes,cellular,aug,mon,1504,2,999,0,nonexistent,1.4,93.444,-36.1,4.965,5228.1,no
20331,33,admin.,single,university.degree,no,yes,no,cellular,aug,mon,566,6,999,0,nonexistent,1.4,93.444,-36.1,4.965,5228.1,no
20338,38,admin.,married,university.degree,no,no,no,cellular,aug,tue,154,1,999,0,nonexistent,1.4,93.444,-36.1,4.966,5228.1,no
20348,32,admin.,married,university.degree,no,yes,yes,cellular,aug,tue,246,1,999,0,nonexistent,1.4,93.444,-36.1,4.966,5228.1,no
20350,50,blue-collar,married,professional.course,unknown,no,no,cellular,aug,tue,150,1,999,0,nonexistent,1.4,93.444,-36.1,4.966,5228.1,no
20355,58,retired,married,university.degree,no,yes,no,cellular,aug,tue,327,1,999,0,nonexistent,1.4,93.444,-36.1,4.966,5228.1,no
20364,31,technician,single,high.school,no,no,no,cellular,aug,tue,191,1,999,0,nonexistent,1.4,93.444,-36.1,4.966,5228.1,no
20380,56,retired,married,high.school,no,unknown,unknown,cellular,aug,tue,235,1,999,0,nonexistent,1.4,93.444,-36.1,4.966,5228.1,no
20381,47,technician,married,professional.course,no,yes,no,cellular,aug,tue,256,1,999,0,nonexistent,1.4,93.444,-36.1,4.966,5228.1,no
20389,38,technician,married,high.school,no,yes,no,cellular,aug,tue,237,1,999,0,nonexistent,1.4,93.444,-36.1,4.966,5228.1,no
20395,30,admin.,single,university.degree,no,no,no,cellular,aug,tue,126,1,999,0,nonexistent,1.4,93.444,-36.1,4.966,5228.1,no
20400,30,admin.,single,university.degree,no,no,no,cellular,aug,tue,365,1,999,0,nonexistent,1.4,93.444,-36.1,4.966,5228.1,no
20407,33,technician,married,professional.course,no,no,no,cellular,aug,tue,74,1,999,0,nonexistent,1.4,93.444,-36.1,4.966,5228.1,no
20411,52,admin.,married,university.degree,no,yes,no,cellular,aug,tue,867,1,999,0,nonexistent,1.4,93.444,-36.1,4.966,5228.1,no
20430,29,technician,single,professional.course,no,no,no,cellular,aug,tue,603,2,999,0,nonexistent,1.4,93.444,-36.1,4.966,5228.1,no
20432,31,technician,married,high.school,no,no,no,cellular,aug,tue,87,2,999,0,nonexistent,1.4,93.444,-36.1,4.966,5228.1,no
20439,31,admin.,single,university.degree,no,no,no,cellular,aug,tue,507,1,999,0,nonexistent,1.4,93.444,-36.1,4.966,5228.1,yes
20446,34,services,married,professional.course,no,yes,no,cellular,aug,tue,126,2,999,0,nonexistent,1.4,93.444,-36.1,4.966,5228.1,no
20453,36,technician,single,professional.course,no,unknown,unknown,cellular,aug,tue,217,3,999,0,nonexistent,1.4,93.444,-36.1,4.966,5228.1,no
20454,51,blue-collar,married,basic.9y,unknown,yes,no,cellular,aug,tue,107,1,999,0,nonexistent,1.4,93.444,-36.1,4.966,5228.1,no
20474,30,admin.,single,university.degree,no,no,no,cellular,aug,tue,312,3,999,0,nonexistent,1.4,93.444,-36.1,4.966,5228.1,no
20478,31,self-employed,married,university.degree,no,no,no,cellular,aug,tue,201,2,999,0,nonexistent,1.4,93.444,-36.1,4.966,5228.1,no
20480,37,admin.,married,university.degree,unknown,yes,no,cellular,aug,tue,191,5,999,0,nonexistent,1.4,93.444,-36.1,4.966,5228.1,no
20503,39,self-employed,married,basic.9y,no,no,no,cellular,aug,tue,139,4,999,0,nonexistent,1.4,93.444,-36.1,4.966,5228.1,no
20506,45,admin.,married,university.degree,no,no,no,cellular,aug,tue,632,3,999,0,nonexistent,1.4,93.444,-36.1,4.966,5228.1,no
20507,35,management,married,university.degree,no,no,no,cellular,aug,tue,186,1,999,0,nonexistent,1.4,93.444,-36.1,4.966,5228.1,no
20508,35,self-employed,married,university.degree,no,no,no,cellular,aug,tue,112,2,999,0,nonexistent,1.4,93.444,-36.1,4.966,5228.1,no
20522,53,admin.,married,basic.9y,no,yes,no,cellular,aug,tue,158,1,999,0,nonexistent,1.4,93.444,-36.1,4.966,5228.1,no
20523,32,technician,single,university.degree,no,yes,no,cellular,aug,tue,645,4,999,0,nonexistent,1.4,93.444,-36.1,4.966,5228.1,yes
20533,49,retired,divorced,professional.course,no,yes,yes,telephone,aug,tue,128,8,999,0,nonexistent,1.4,93.444,-36.1,4.966,5228.1,no
20534,36,admin.,single,university.degree,no,yes,no,cellular,aug,tue,1344,7,999,0,nonexistent,1.4,93.444,-36.1,4.966,5228.1,yes
20541,58,housemaid,married,basic.4y,no,no,no,cellular,aug,tue,168,5,999,0,nonexistent,1.4,93.444,-36.1,4.966,5228.1,no
20560,31,technician,single,university.degree,no,yes,no,cellular,aug,tue,128,5,999,0,nonexistent,1.4,93.444,-36.1,4.966,5228.1,no
20562,33,admin.,single,university.degree,no,yes,no,cellular,aug,tue,226,4,999,0,nonexistent,1.4,93.444,-36.1,4.966,5228.1,no
20571,57,admin.,married,university.degree,no,no,no,cellular,aug,tue,612,3,999,0,nonexistent,1.4,93.444,-36.1,4.966,5228.1,no
20585,31,admin.,single,university.degree,no,yes,no,cellular,aug,tue,465,6,999,0,nonexistent,1.4,93.444,-36.1,4.966,5228.1,no
20607,32,admin.,married,university.degree,no,yes,yes,cellular,aug,wed,224,1,999,0,nonexistent,1.4,93.444,-36.1,4.965,5228.1,no
20627,45,blue-collar,married,high.school,unknown,yes,no,cellular,aug,wed,969,1,999,0,nonexistent,1.4,93.444,-36.1,4.965,5228.1,yes
20628,59,retired,married,university.degree,no,no,yes,cellular,aug,wed,295,1,999,0,nonexistent,1.4,93.444,-36.1,4.965,5228.1,no
20636,58,admin.,married,university.degree,no,yes,no,cellular,aug,wed,225,1,999,0,nonexistent,1.4,93.444,-36.1,4.965,5228.1,no
20638,32,technician,single,university.degree,no,yes,yes,cellular,aug,wed,93,2,999,0,nonexistent,1.4,93.444,-36.1,4.965,5228.1,no
20677,54,admin.,single,university.degree,no,yes,no,cellular,aug,wed,104,9,999,0,nonexistent,1.4,93.444,-36.1,4.965,5228.1,no
20693,52,blue-collar,married,basic.4y,no,no,no,cellular,aug,wed,269,2,999,0,nonexistent,1.4,93.444,-36.1,4.965,5228.1,no
20700,31,admin.,single,university.degree,no,yes,no,cellular,aug,wed,94,1,999,0,nonexistent,1.4,93.444,-36.1,4.965,5228.1,no
20717,34,technician,single,university.degree,no,no,no,cellular,aug,wed,62,1,999,0,nonexistent,1.4,93.444,-36.1,4.965,5228.1,no
20719,31,technician,married,professional.course,no,yes,no,cellular,aug,wed,87,1,999,0,nonexistent,1.4,93.444,-36.1,4.965,5228.1,no
20721,34,admin.,married,university.degree,no,yes,no,cellular,aug,wed,270,1,999,0,nonexistent,1.4,93.444,-36.1,4.965,5228.1,no
20734,50,services,married,high.school,no,yes,no,cellular,aug,wed,737,2,999,0,nonexistent,1.4,93.444,-36.1,4.965,5228.1,yes
20740,31,technician,married,university.degree,no,yes,yes,cellular,aug,wed,156,2,999,0,nonexistent,1.4,93.444,-36.1,4.965,5228.1,no
20746,57,blue-collar,married,basic.9y,unknown,no,no,cellular,aug,wed,175,1,999,0,nonexistent,1.4,93.444,-36.1,4.965,5228.1,no
20750,34,entrepreneur,married,unknown,no,no,no,cellular,aug,wed,165,1,999,0,nonexistent,1.4,93.444,-36.1,4.965,5228.1,no
20753,44,blue-collar,married,basic.4y,unknown,yes,yes,cellular,aug,wed,310,1,999,0,nonexistent,1.4,93.444,-36.1,4.965,5228.1,no
20761,34,unknown,married,basic.6y,no,yes,no,cellular,aug,wed,713,1,999,0,nonexistent,1.4,93.444,-36.1,4.965,5228.1,no
20775,48,admin.,married,university.degree,unknown,yes,yes,cellular,aug,wed,523,1,999,0,nonexistent,1.4,93.444,-36.1,4.965,5228.1,no
20787,54,blue-collar,married,basic.4y,unknown,yes,yes,cellular,aug,wed,111,1,999,0,nonexistent,1.4,93.444,-36.1,4.965,5228.1,no
20793,29,technician,single,high.school,no,yes,no,cellular,aug,wed,212,3,999,0,nonexistent,1.4,93.444,-36.1,4.965,5228.1,no
20794,30,admin.,married,university.degree,no,no,no,cellular,aug,wed,139,2,999,0,nonexistent,1.4,93.444,-36.1,4.965,5228.1,no
20825,48,technician,married,high.school,no,no,no,cellular,aug,wed,58,3,999,0,nonexistent,1.4,93.444,-36.1,4.965,5228.1,no
20832,33,management,married,university.degree,no,no,no,cellular,aug,wed,113,4,999,0,nonexistent,1.4,93.444,-36.1,4.965,5228.1,no
20841,33,technician,single,professional.course,no,no,no,cellular,aug,thu,64,1,999,0,nonexistent,1.4,93.444,-36.1,4.964,5228.1,no
20855,33,technician,single,professional.course,no,yes,no,cellular,aug,thu,719,1,999,0,nonexistent,1.4,93.444,-36.1,4.964,5228.1,no
20866,31,technician,single,professional.course,no,yes,no,cellular,aug,thu,360,3,999,0,nonexistent,1.4,93.444,-36.1,4.964,5228.1,no
20873,35,admin.,married,university.degree,no,no,yes,cellular,aug,thu,96,1,999,0,nonexistent,1.4,93.444,-36.1,4.964,5228.1,no
20875,55,self-employed,married,basic.4y,unknown,unknown,unknown,cellular,aug,thu,169,5,999,0,nonexistent,1.4,93.444,-36.1,4.964,5228.1,no
20876,54,services,married,high.school,no,yes,no,cellular,aug,thu,250,1,999,0,nonexistent,1.4,93.444,-36.1,4.964,5228.1,no
20912,36,self-employed,married,basic.9y,unknown,yes,yes,cellular,aug,thu,593,2,999,0,nonexistent,1.4,93.444,-36.1,4.964,5228.1,yes
20913,50,self-employed,married,basic.9y,no,yes,no,cellular,aug,thu,93,1,999,0,nonexistent,1.4,93.444,-36.1,4.964,5228.1,no
20916,33,admin.,single,university.degree,no,yes,no,cellular,aug,thu,370,2,999,0,nonexistent,1.4,93.444,-36.1,4.964,5228.1,no
20938,54,self-employed,married,university.degree,unknown,yes,no,cellular,aug,thu,148,13,999,0,nonexistent,1.4,93.444,-36.1,4.964,5228.1,no
20941,31,technician,married,university.degree,no,yes,no,cellular,aug,thu,214,1,999,0,nonexistent,1.4,93.444,-36.1,4.964,5228.1,no
20946,40,admin.,married,university.degree,no,yes,no,cellular,aug,thu,374,2,999,0,nonexistent,1.4,93.444,-36.1,4.964,5228.1,no
20948,49,blue-collar,married,basic.4y,unknown,no,no,cellular,aug,thu,503,1,999,0,nonexistent,1.4,93.444,-36.1,4.964,5228.1,no
20950,31,admin.,married,university.degree,no,yes,no,cellular,aug,thu,95,1,999,0,nonexistent,1.4,93.444,-36.1,4.964,5228.1,no
20957,34,management,married,university.degree,no,yes,no,cellular,aug,thu,294,6,999,0,nonexistent,1.4,93.444,-36.1,4.964,5228.1,no
20963,50,technician,single,university.degree,no,yes,no,cellular,aug,thu,89,1,999,0,nonexistent,1.4,93.444,-36.1,4.964,5228.1,no
20965,36,management,married,university.degree,no,no,no,cellular,aug,thu,112,1,999,0,nonexistent,1.4,93.444,-36.1,4.964,5228.1,no
20973,29,technician,single,professional.course,no,yes,no,telephone,aug,thu,85,2,999,0,nonexistent,1.4,93.444,-36.1,4.964,5228.1,no
20995,34,technician,single,university.degree,no,no,no,telephone,aug,thu,214,2,999,0,nonexistent,1.4,93.444,-36.1,4.964,5228.1,no
21010,59,technician,single,university.degree,unknown,yes,no,cellular,aug,thu,95,1,999,0,nonexistent,1.4,93.444,-36.1,4.964,5228.1,no
21020,47,admin.,married,university.degree,no,no,no,cellular,aug,thu,167,4,999,0,nonexistent,1.4,93.444,-36.1,4.964,5228.1,no
21021,49,blue-collar,married,basic.4y,no,yes,no,telephone,aug,thu,92,1,999,0,nonexistent,1.4,93.444,-36.1,4.964,5228.1,no
21025,55,technician,divorced,professional.course,no,no,yes,cellular,aug,thu,388,1,999,0,nonexistent,1.4,93.444,-36.1,4.964,5228.1,no
21032,45,blue-collar,married,basic.6y,no,yes,yes,cellular,aug,thu,425,2,999,0,nonexistent,1.4,93.444,-36.1,4.964,5228.1,no
21039,41,management,married,university.degree,no,yes,no,cellular,aug,thu,789,1,999,0,nonexistent,1.4,93.444,-36.1,4.964,5228.1,no
21040,35,technician,single,professional.course,no,yes,no,cellular,aug,thu,636,1,999,0,nonexistent,1.4,93.444,-36.1,4.964,5228.1,no
21045,46,admin.,married,university.degree,no,yes,yes,cellular,aug,thu,63,1,999,0,nonexistent,1.4,93.444,-36.1,4.964,5228.1,no
21049,33,admin.,single,university.degree,no,no,no,cellular,aug,thu,277,2,999,0,nonexistent,1.4,93.444,-36.1,4.964,5228.1,no
21054,33,technician,married,professional.course,no,no,no,cellular,aug,thu,155,5,999,0,nonexistent,1.4,93.444,-36.1,4.964,5228.1,no
21078,54,technician,married,professional.course,no,yes,yes,cellular,aug,thu,64,2,999,0,nonexistent,1.4,93.444,-36.1,4.964,5228.1,no
21080,33,housemaid,married,professional.course,no,yes,no,cellular,aug,thu,110,1,999,0,nonexistent,1.4,93.444,-36.1,4.964,5228.1,no
21118,46,services,married,unknown,unknown,no,no,cellular,aug,mon,458,2,999,0,nonexistent,1.4,93.444,-36.1,4.963,5228.1,no
21120,29,technician,single,high.school,no,yes,no,cellular,aug,mon,87,3,999,0,nonexistent,1.4,93.444,-36.1,4.963,5228.1,no
21121,33,unemployed,divorced,professional.course,no,no,no,cellular,aug,mon,197,4,999,0,nonexistent,1.4,93.444,-36.1,4.963,5228.1,no
21130,40,technician,married,professional.course,no,no,no,cellular,aug,mon,108,3,999,0,nonexistent,1.4,93.444,-36.1,4.963,5228.1,no
21132,49,admin.,married,basic.9y,no,yes,no,cellular,aug,mon,161,4,999,0,nonexistent,1.4,93.444,-36.1,4.963,5228.1,no
21140,52,housemaid,married,basic.4y,unknown,yes,yes,cellular,aug,mon,85,2,999,0,nonexistent,1.4,93.444,-36.1,4.963,5228.1,no
21143,45,services,married,basic.6y,no,yes,yes,cellular,aug,mon,157,3,999,0,nonexistent,1.4,93.444,-36.1,4.963,5228.1,no
21155,33,technician,single,professional.course,no,no,no,cellular,aug,mon,266,2,999,0,nonexistent,1.4,93.444,-36.1,4.963,5228.1,no
21165,47,admin.,married,university.degree,no,no,yes,cellular,aug,mon,94,2,999,0,nonexistent,1.4,93.444,-36.1,4.963,5228.1,no
21169,32,admin.,single,university.degree,no,yes,no,cellular,aug,mon,61,2,999,0,nonexistent,1.4,93.444,-36.1,4.963,5228.1,no
21178,30,technician,single,university.degree,no,yes,no,cellular,aug,mon,96,2,999,0,nonexistent,1.4,93.444,-36.1,4.963,5228.1,no
21188,32,admin.,single,university.degree,no,no,no,cellular,aug,mon,515,3,999,0,nonexistent,1.4,93.444,-36.1,4.963,5228.1,no
21189,36,admin.,married,university.degree,unknown,no,no,cellular,aug,mon,86,4,999,0,nonexistent,1.4,93.444,-36.1,4.963,5228.1,no
21196,50,services,married,basic.9y,unknown,yes,no,cellular,aug,mon,113,2,999,0,nonexistent,1.4,93.444,-36.1,4.963,5228.1,no
21199,35,technician,married,professional.course,no,yes,no,cellular,aug,mon,90,3,999,0,nonexistent,1.4,93.444,-36.1,4.963,5228.1,no
21221,45,technician,married,professional.course,no,yes,no,cellular,aug,mon,95,4,999,0,nonexistent,1.4,93.444,-36.1,4.963,5228.1,no
21224,29,technician,single,high.school,no,yes,no,cellular,aug,mon,29,2,999,0,nonexistent,1.4,93.444,-36.1,4.963,5228.1,no
21232,35,admin.,single,university.degree,no,yes,yes,cellular,aug,mon,201,1,999,0,nonexistent,1.4,93.444,-36.1,4.963,5228.1,no
21255,36,self-employed,married,high.school,unknown,yes,no,cellular,aug,mon,101,1,999,0,nonexistent,1.4,93.444,-36.1,4.963,5228.1,no
21263,37,admin.,married,professional.course,unknown,yes,yes,cellular,aug,mon,70,1,999,0,nonexistent,1.4,93.444,-36.1,4.963,5228.1,no
21265,32,admin.,married,university.degree,no,yes,no,cellular,aug,mon,130,1,999,0,nonexistent,1.4,93.444,-36.1,4.963,5228.1,no
21277,41,technician,married,high.school,no,yes,yes,telephone,aug,mon,212,1,999,0,nonexistent,1.4,93.444,-36.1,4.963,5228.1,no
21292,31,self-employed,single,professional.course,no,yes,no,cellular,aug,mon,215,3,999,0,nonexistent,1.4,93.444,-36.1,4.963,5228.1,no
21307,54,management,married,high.school,no,no,no,cellular,aug,mon,725,4,999,0,nonexistent,1.4,93.444,-36.1,4.963,5228.1,no
21330,37,technician,single,university.degree,unknown,no,yes,cellular,aug,mon,1559,5,999,0,nonexistent,1.4,93.444,-36.1,4.963,5228.1,no
21331,49,admin.,married,high.school,no,yes,no,cellular,aug,mon,194,2,999,0,nonexistent,1.4,93.444,-36.1,4.963,5228.1,yes
21353,41,technician,divorced,university.degree,no,yes,no,cellular,aug,mon,835,4,999,0,nonexistent,1.4,93.444,-36.1,4.963,5228.1,no
21371,35,admin.,single,university.degree,no,yes,no,cellular,aug,mon,129,4,999,0,nonexistent,1.4,93.444,-36.1,4.963,5228.1,no
21380,33,admin.,single,university.degree,no,yes,no,cellular,aug,tue,99,6,999,0,nonexistent,1.4,93.444,-36.1,4.963,5228.1,no
21387,52,services,married,high.school,no,yes,no,cellular,aug,tue,607,5,999,0,nonexistent,1.4,93.444,-36.1,4.963,5228.1,no
21391,35,admin.,single,university.degree,no,no,no,cellular,aug,tue,58,1,999,0,nonexistent,1.4,93.444,-36.1,4.963,5228.1,no
21400,31,admin.,single,university.degree,no,yes,no,cellular,aug,tue,83,1,999,0,nonexistent,1.4,93.444,-36.1,4.963,5228.1,no
21416,31,technician,single,professional.course,no,yes,no,cellular,aug,tue,162,1,999,0,nonexistent,1.4,93.444,-36.1,4.963,5228.1,no
21433,59,blue-collar,married,basic.4y,unknown,yes,no,cellular,aug,tue,96,1,999,0,nonexistent,1.4,93.444,-36.1,4.963,5228.1,no
21441,32,self-employed,single,professional.course,no,unknown,unknown,cellular,aug,tue,151,7,999,0,nonexistent,1.4,93.444,-36.1,4.963,5228.1,no
21457,29,management,single,university.degree,no,no,no,cellular,aug,tue,189,1,999,0,nonexistent,1.4,93.444,-36.1,4.963,5228.1,no
21479,34,technician,married,high.school,no,no,no,cellular,aug,tue,76,1,999,0,nonexistent,1.4,93.444,-36.1,4.963,5228.1,no
21489,48,management,married,university.degree,no,no,no,cellular,aug,tue,115,2,999,0,nonexistent,1.4,93.444,-36.1,4.963,5228.1,no
21492,32,admin.,married,university.degree,no,yes,no,cellular,aug,tue,126,3,999,0,nonexistent,1.4,93.444,-36.1,4.963,5228.1,no
21524,37,technician,married,high.school,no,no,no,cellular,aug,tue,190,1,999,0,nonexistent,1.4,93.444,-36.1,4.963,5228.1,no
21545,38,technician,single,professional.course,no,yes,no,cellular,aug,tue,99,4,999,0,nonexistent,1.4,93.444,-36.1,4.963,5228.1,no
21546,32,technician,single,high.school,no,yes,no,cellular,aug,tue,129,2,999,0,nonexistent,1.4,93.444,-36.1,4.963,5228.1,no
21553,37,technician,married,university.degree,no,no,no,cellular,aug,tue,158,3,999,0,nonexistent,1.4,93.444,-36.1,4.963,5228.1,no
21555,46,admin.,married,university.degree,no,yes,no,cellular,aug,tue,208,2,999,0,nonexistent,1.4,93.444,-36.1,4.963,5228.1,no
21564,54,blue-collar,married,basic.4y,no,no,yes,cellular,aug,tue,299,1,999,0,nonexistent,1.4,93.444,-36.1,4.963,5228.1,no
21576,41,technician,married,university.degree,no,yes,no,cellular,aug,tue,95,2,999,0,nonexistent,1.4,93.444,-36.1,4.963,5228.1,no
21584,49,admin.,married,high.school,no,yes,yes,cellular,aug,tue,120,4,999,0,nonexistent,1.4,93.444,-36.1,4.963,5228.1,no
21585,36,unemployed,single,professional.course,no,yes,yes,telephone,aug,tue,69,1,999,0,nonexistent,1.4,93.444,-36.1,4.963,5228.1,no
21588,40,admin.,married,high.school,no,yes,no,cellular,aug,tue,195,1,999,0,nonexistent,1.4,93.444,-36.1,4.963,5228.1,no
21596,49,blue-collar,married,basic.9y,unknown,yes,no,cellular,aug,tue,60,1,999,0,nonexistent,1.4,93.444,-36.1,4.963,5228.1,no
21604,30,technician,married,professional.course,no,yes,no,cellular,aug,tue,205,1,999,0,nonexistent,1.4,93.444,-36.1,4.963,5228.1,no
21608,33,technician,married,professional.course,no,no,no,cellular,aug,tue,120,3,999,0,nonexistent,1.4,93.444,-36.1,4.963,5228.1,no
21618,50,blue-collar,married,basic.4y,no,yes,no,cellular,aug,tue,98,2,999,0,nonexistent,1.4,93.444,-36.1,4.963,5228.1,no
21637,31,admin.,married,university.degree,no,no,yes,cellular,aug,tue,824,1,999,0,nonexistent,1.4,93.444,-36.1,4.963,5228.1,no
21641,54,technician,married,professional.course,no,no,no,cellular,aug,tue,99,1,999,0,nonexistent,1.4,93.444,-36.1,4.963,5228.1,no
21642,35,management,married,university.degree,no,no,no,cellular,aug,tue,471,2,999,0,nonexistent,1.4,93.444,-36.1,4.963,5228.1,no
21646,56,retired,married,basic.4y,no,no,no,cellular,aug,tue,933,2,999,0,nonexistent,1.4,93.444,-36.1,4.963,5228.1,yes
21647,29,management,single,university.degree,no,yes,no,cellular,aug,tue,139,2,999,0,nonexistent,1.4,93.444,-36.1,4.963,5228.1,no
21649,32,technician,married,university.degree,unknown,yes,no,cellular,aug,tue,328,1,999,0,nonexistent,1.4,93.444,-36.1,4.963,5228.1,no
21675,31,services,married,university.degree,no,yes,no,cellular,aug,tue,88,1,999,0,nonexistent,1.4,93.444,-36.1,4.963,5228.1,no
21680,32,admin.,single,university.degree,no,yes,yes,cellular,aug,tue,199,2,999,0,nonexistent,1.4,93.444,-36.1,4.963,5228.1,no
21699,29,technician,single,university.degree,no,yes,no,cellular,aug,tue,82,3,999,0,nonexistent,1.4,93.444,-36.1,4.963,5228.1,no
21705,32,admin.,single,university.degree,no,yes,yes,cellular,aug,tue,221,8,999,0,nonexistent,1.4,93.444,-36.1,4.963,5228.1,no
21707,52,blue-collar,married,basic.9y,no,no,no,cellular,aug,tue,329,3,999,0,nonexistent,1.4,93.444,-36.1,4.963,5228.1,no
21708,53,self-employed,married,basic.4y,no,no,no,cellular,aug,tue,268,11,999,0,nonexistent,1.4,93.444,-36.1,4.963,5228.1,no
21716,31,technician,single,university.degree,no,yes,no,cellular,aug,tue,290,9,999,0,nonexistent,1.4,93.444,-36.1,4.963,5228.1,yes
21722,52,admin.,married,high.school,no,yes,no,cellular,aug,tue,231,4,999,0,nonexistent,1.4,93.444,-36.1,4.963,5228.1,no
21731,30,admin.,single,university.degree,no,yes,no,cellular,aug,tue,386,3,999,0,nonexistent,1.4,93.444,-36.1,4.963,5228.1,no
21742,30,technician,single,professional.course,no,yes,yes,cellular,aug,tue,207,5,999,0,nonexistent,1.4,93.444,-36.1,4.963,5228.1,no
21745,32,admin.,divorced,university.degree,no,yes,no,cellular,aug,tue,152,3,999,0,nonexistent,1.4,93.444,-36.1,4.963,5228.1,no
21772,31,admin.,married,university.degree,unknown,no,no,cellular,aug,wed,150,5,999,0,nonexistent,1.4,93.444,-36.1,4.964,5228.1,no
21773,31,admin.,single,university.degree,no,no,no,cellular,aug,wed,582,4,999,0,nonexistent,1.4,93.444,-36.1,4.964,5228.1,no
21803,43,unemployed,married,professional.course,no,no,yes,cellular,aug,wed,120,1,999,0,nonexistent,1.4,93.444,-36.1,4.964,5228.1,no
21804,56,technician,married,professional.course,no,no,no,cellular,aug,wed,68,1,999,0,nonexistent,1.4,93.444,-36.1,4.964,5228.1,no
21808,32,technician,single,university.degree,unknown,yes,no,cellular,aug,wed,322,1,999,0,nonexistent,1.4,93.444,-36.1,4.964,5228.1,no
21818,31,technician,married,university.degree,no,yes,no,cellular,aug,wed,239,1,999,0,nonexistent,1.4,93.444,-36.1,4.964,5228.1,no
21821,49,admin.,divorced,university.degree,unknown,no,no,cellular,aug,wed,150,1,999,0,nonexistent,1.4,93.444,-36.1,4.964,5228.1,no
21822,31,admin.,single,university.degree,no,no,no,cellular,aug,wed,295,1,999,0,nonexistent,1.4,93.444,-36.1,4.964,5228.1,no
21834,33,admin.,single,university.degree,no,no,no,cellular,aug,wed,97,1,999,0,nonexistent,1.4,93.444,-36.1,4.964,5228.1,no
21836,30,admin.,single,university.degree,no,no,no,cellular,aug,wed,340,2,999,0,nonexistent,1.4,93.444,-36.1,4.964,5228.1,no
21838,36,self-employed,divorced,professional.course,no,yes,no,cellular,aug,wed,157,1,999,0,nonexistent,1.4,93.444,-36.1,4.964,5228.1,no
21851,44,entrepreneur,married,high.school,no,no,no,cellular,aug,wed,70,1,999,0,nonexistent,1.4,93.444,-36.1,4.964,5228.1,no
21859,45,management,married,high.school,unknown,no,no,cellular,aug,wed,110,2,999,0,nonexistent,1.4,93.444,-36.1,4.964,5228.1,no
21860,31,entrepreneur,single,university.degree,no,yes,yes,cellular,aug,wed,90,3,999,0,nonexistent,1.4,93.444,-36.1,4.964,5228.1,no
21872,56,admin.,married,university.degree,no,no,no,cellular,aug,wed,552,3,999,0,nonexistent,1.4,93.444,-36.1,4.964,5228.1,yes
21873,57,blue-collar,married,basic.4y,unknown,no,no,cellular,aug,wed,106,1,999,0,nonexistent,1.4,93.444,-36.1,4.964,5228.1,no
21894,30,blue-collar,single,basic.9y,no,no,no,cellular,aug,wed,219,1,999,0,nonexistent,1.4,93.444,-36.1,4.964,5228.1,no
21914,60,retired,married,university.degree,no,no,no,cellular,aug,wed,332,2,999,0,nonexistent,1.4,93.444,-36.1,4.964,5228.1,no
21923,57,services,divorced,high.school,unknown,no,no,cellular,aug,wed,71,1,999,0,nonexistent,1.4,93.444,-36.1,4.964,5228.1,no
21931,30,technician,single,professional.course,no,yes,no,cellular,aug,wed,214,5,999,0,nonexistent,1.4,93.444,-36.1,4.964,5228.1,no
21934,29,technician,single,university.degree,no,no,no,cellular,aug,wed,95,1,999,0,nonexistent,1.4,93.444,-36.1,4.964,5228.1,no
21936,29,technician,single,university.degree,no,no,no,cellular,aug,wed,210,1,999,0,nonexistent,1.4,93.444,-36.1,4.964,5228.1,no
21938,37,technician,married,professional.course,no,yes,no,cellular,aug,wed,97,2,999,0,nonexistent,1.4,93.444,-36.1,4.964,5228.1,no
21944,32,technician,married,university.degree,unknown,no,no,cellular,aug,wed,212,2,999,0,nonexistent,1.4,93.444,-36.1,4.964,5228.1,no
21950,37,technician,married,high.school,no,yes,no,cellular,aug,wed,599,2,999,0,nonexistent,1.4,93.444,-36.1,4.964,5228.1,no
21951,41,admin.,divorced,university.degree,no,yes,no,cellular,aug,wed,536,5,999,0,nonexistent,1.4,93.444,-36.1,4.964,5228.1,yes
21961,29,technician,married,university.degree,no,yes,yes,cellular,aug,wed,94,2,999,0,nonexistent,1.4,93.444,-36.1,4.964,5228.1,no
21966,58,admin.,divorced,professional.course,no,no,no,cellular,aug,wed,329,2,999,0,nonexistent,1.4,93.444,-36.1,4.964,5228.1,no
21972,45,management,married,university.degree,no,yes,no,cellular,aug,wed,113,2,999,0,nonexistent,1.4,93.444,-36.1,4.964,5228.1,no
21973,36,housemaid,single,university.degree,no,no,yes,cellular,aug,wed,127,2,999,0,nonexistent,1.4,93.444,-36.1,4.964,5228.1,no
21976,31,technician,married,university.degree,no,yes,no,cellular,aug,wed,157,2,999,0,nonexistent,1.4,93.444,-36.1,4.964,5228.1,no
21992,29,admin.,married,university.degree,no,yes,no,cellular,aug,wed,718,1,999,0,nonexistent,1.4,93.444,-36.1,4.964,5228.1,yes
21997,30,technician,married,university.degree,no,yes,no,cellular,aug,wed,95,1,999,0,nonexistent,1.4,93.444,-36.1,4.964,5228.1,no
21998,36,technician,married,professional.course,no,no,no,cellular,aug,wed,94,1,999,0,nonexistent,1.4,93.444,-36.1,4.964,5228.1,no
22000,31,technician,single,university.degree,unknown,no,no,cellular,aug,wed,605,2,999,0,nonexistent,1.4,93.444,-36.1,4.964,5228.1,no
22001,36,technician,married,professional.course,no,yes,no,cellular,aug,wed,174,1,999,0,nonexistent,1.4,93.444,-36.1,4.964,5228.1,no
22006,34,entrepreneur,married,basic.9y,unknown,yes,no,cellular,aug,wed,156,10,999,0,nonexistent,1.4,93.444,-36.1,4.964,5228.1,no
22023,33,technician,married,high.school,no,yes,no,cellular,aug,wed,129,1,999,0,nonexistent,1.4,93.444,-36.1,4.964,5228.1,no
22025,43,admin.,married,university.degree,no,no,yes,cellular,aug,wed,291,1,999,0,nonexistent,1.4,93.444,-36.1,4.964,5228.1,no
22046,59,retired,married,high.school,no,yes,no,cellular,aug,wed,625,5,999,0,nonexistent,1.4,93.444,-36.1,4.964,5228.1,yes
22053,31,technician,single,university.degree,no,no,no,cellular,aug,wed,559,3,999,0,nonexistent,1.4,93.444,-36.1,4.964,5228.1,no
22054,42,admin.,married,university.degree,no,no,no,cellular,aug,wed,273,6,999,0,nonexistent,1.4,93.444,-36.1,4.964,5228.1,no
22058,33,admin.,married,university.degree,no,yes,no,cellular,aug,wed,50,3,999,0,nonexistent,1.4,93.444,-36.1,4.964,5228.1,no
22064,55,services,married,unknown,unknown,yes,no,cellular,aug,wed,341,3,999,0,nonexistent,1.4,93.444,-36.1,4.964,5228.1,no
22088,30,technician,single,professional.course,unknown,yes,no,cellular,aug,wed,46,9,999,0,nonexistent,1.4,93.444,-36.1,4.964,5228.1,no
22093,31,admin.,single,university.degree,no,yes,no,cellular,aug,wed,77,3,999,0,nonexistent,1.4,93.444,-36.1,4.964,5228.1,no
22118,49,blue-collar,married,high.school,unknown,yes,no,cellular,aug,thu,199,1,999,0,nonexistent,1.4,93.444,-36.1,4.963,5228.1,no
22125,44,blue-collar,married,basic.4y,unknown,yes,no,cellular,aug,thu,210,1,999,0,nonexistent,1.4,93.444,-36.1,4.963,5228.1,no
22127,44,blue-collar,married,basic.4y,unknown,no,yes,cellular,aug,thu,311,1,999,0,nonexistent,1.4,93.444,-36.1,4.963,5228.1,no
22128,42,technician,divorced,high.school,unknown,yes,no,cellular,aug,thu,140,7,999,0,nonexistent,1.4,93.444,-36.1,4.963,5228.1,no
22130,35,technician,single,professional.course,no,yes,no,cellular,aug,thu,98,1,999,0,nonexistent,1.4,93.444,-36.1,4.963,5228.1,no
22131,41,self-employed,married,basic.6y,no,no,no,cellular,aug,thu,218,1,999,0,nonexistent,1.4,93.444,-36.1,4.963,5228.1,no
22137,44,housemaid,married,basic.4y,no,yes,no,cellular,aug,thu,164,1,999,0,nonexistent,1.4,93.444,-36.1,4.963,5228.1,no
22142,52,technician,married,professional.course,unknown,no,no,cellular,aug,thu,351,3,999,0,nonexistent,1.4,93.444,-36.1,4.963,5228.1,no
22144,35,technician,married,university.degree,unknown,no,no,cellular,aug,thu,246,1,999,0,nonexistent,1.4,93.444,-36.1,4.963,5228.1,no
22159,48,admin.,married,high.school,no,yes,no,cellular,aug,thu,62,1,999,0,nonexistent,1.4,93.444,-36.1,4.963,5228.1,no
22164,37,technician,single,professional.course,no,no,no,cellular,aug,thu,120,1,999,0,nonexistent,1.4,93.444,-36.1,4.963,5228.1,no
22166,35,technician,single,professional.course,no,yes,no,cellular,aug,thu,234,2,999,0,nonexistent,1.4,93.444,-36.1,4.963,5228.1,no
22170,31,admin.,single,university.degree,no,yes,no,cellular,aug,thu,126,1,999,0,nonexistent,1.4,93.444,-36.1,4.963,5228.1,no
22173,42,technician,married,university.degree,no,yes,no,cellular,aug,thu,139,1,999,0,nonexistent,1.4,93.444,-36.1,4.963,5228.1,no
22178,54,blue-collar,married,basic.4y,unknown,no,no,cellular,aug,thu,65,6,999,0,nonexistent,1.4,93.444,-36.1,4.963,5228.1,no
22179,50,blue-collar,married,basic.4y,no,yes,no,cellular,aug,thu,93,2,999,0,nonexistent,1.4,93.444,-36.1,4.963,5228.1,no
22217,54,blue-collar,married,basic.4y,unknown,yes,no,cellular,aug,thu,169,1,999,0,nonexistent,1.4,93.444,-36.1,4.963,5228.1,no
22224,36,admin.,married,university.degree,unknown,yes,no,cellular,aug,thu,120,1,999,0,nonexistent,1.4,93.444,-36.1,4.963,5228.1,no
22232,31,management,married,university.degree,no,no,yes,cellular,aug,thu,166,2,999,0,nonexistent,1.4,93.444,-36.1,4.963,5228.1,no
22236,51,technician,married,professional.course,unknown,no,yes,cellular,aug,thu,58,1,999,0,nonexistent,1.4,93.444,-36.1,4.963,5228.1,no
22239,55,technician,married,professional.course,no,yes,no,cellular,aug,thu,86,2,999,0,nonexistent,1.4,93.444,-36.1,4.963,5228.1,no
22278,49,blue-collar,married,basic.9y,unknown,yes,no,cellular,aug,thu,114,1,999,0,nonexistent,1.4,93.444,-36.1,4.963,5228.1,no
22281,56,admin.,married,high.school,unknown,no,no,cellular,aug,thu,87,2,999,0,nonexistent,1.4,93.444,-36.1,4.963,5228.1,no
22286,32,technician,married,university.degree,no,yes,no,cellular,aug,thu,719,4,999,0,nonexistent,1.4,93.444,-36.1,4.963,5228.1,no
22289,39,admin.,married,university.degree,unknown,yes,yes,cellular,aug,thu,381,4,999,0,nonexistent,1.4,93.444,-36.1,4.963,5228.1,no
22292,44,admin.,divorced,university.degree,unknown,yes,no,cellular,aug,thu,191,1,999,0,nonexistent,1.4,93.444,-36.1,4.963,5228.1,no
22297,50,technician,married,professional.course,no,yes,yes,cellular,aug,thu,870,2,999,0,nonexistent,1.4,93.444,-36.1,4.963,5228.1,no
22304,48,blue-collar,married,basic.6y,no,no,no,cellular,aug,thu,362,1,999,0,nonexistent,1.4,93.444,-36.1,4.963,5228.1,no
22305,54,technician,divorced,professional.course,unknown,yes,no,cellular,aug,thu,121,1,999,0,nonexistent,1.4,93.444,-36.1,4.963,5228.1,no
22311,32,technician,married,professional.course,unknown,no,no,cellular,aug,thu,68,1,999,0,nonexistent,1.4,93.444,-36.1,4.963,5228.1,no
22315,31,technician,single,professional.course,no,yes,no,cellular,aug,thu,151,3,999,0,nonexistent,1.4,93.444,-36.1,4.963,5228.1,no
22316,54,blue-collar,married,basic.4y,no,yes,no,cellular,aug,thu,150,3,999,0,nonexistent,1.4,93.444,-36.1,4.963,5228.1,no
22336,34,technician,married,professional.course,unknown,yes,no,cellular,aug,thu,239,3,999,0,nonexistent,1.4,93.444,-36.1,4.963,5228.1,no
22368,50,admin.,married,unknown,no,yes,no,cellular,aug,thu,794,1,999,0,nonexistent,1.4,93.444,-36.1,4.963,5228.1,no
22369,41,housemaid,married,university.degree,no,yes,no,cellular,aug,thu,36,1,999,0,nonexistent,1.4,93.444,-36.1,4.963,5228.1,no
22375,57,technician,married,university.degree,no,yes,no,cellular,aug,thu,202,1,999,0,nonexistent,1.4,93.444,-36.1,4.963,5228.1,no
22391,35,technician,single,university.degree,no,yes,no,cellular,aug,fri,974,4,999,0,nonexistent,1.4,93.444,-36.1,4.964,5228.1,yes
22397,55,retired,married,professional.course,no,yes,no,cellular,aug,fri,122,1,999,0,nonexistent,1.4,93.444,-36.1,4.964,5228.1,no
22414,46,technician,married,high.school,no,yes,no,cellular,aug,fri,306,1,999,0,nonexistent,1.4,93.444,-36.1,4.964,5228.1,no
22416,33,admin.,married,university.degree,no,no,no,cellular,aug,fri,67,1,999,0,nonexistent,1.4,93.444,-36.1,4.964,5228.1,no
22427,46,services,married,unknown,no,yes,yes,cellular,aug,fri,147,1,999,0,nonexistent,1.4,93.444,-36.1,4.964,5228.1,no
22435,41,self-employed,married,professional.course,no,yes,no,cellular,aug,fri,326,3,999,0,nonexistent,1.4,93.444,-36.1,4.964,5228.1,no
22440,39,housemaid,married,professional.course,no,no,no,cellular,aug,fri,158,1,999,0,nonexistent,1.4,93.444,-36.1,4.964,5228.1,no
22442,54,admin.,divorced,university.degree,no,no,no,cellular,aug,fri,86,2,999,0,nonexistent,1.4,93.444,-36.1,4.964,5228.1,no
22443,51,blue-collar,married,basic.6y,no,yes,no,cellular,aug,fri,246,1,999,0,nonexistent,1.4,93.444,-36.1,4.964,5228.1,no
22460,34,technician,married,high.school,no,yes,no,cellular,aug,fri,107,1,999,0,nonexistent,1.4,93.444,-36.1,4.964,5228.1,no
22474,59,technician,divorced,professional.course,no,yes,no,cellular,aug,fri,492,5,999,0,nonexistent,1.4,93.444,-36.1,4.964,5228.1,no
22481,51,blue-collar,married,basic.4y,unknown,no,no,cellular,aug,fri,80,1,999,0,nonexistent,1.4,93.444,-36.1,4.964,5228.1,no
22493,54,blue-collar,married,unknown,unknown,yes,yes,cellular,aug,fri,150,1,999,0,nonexistent,1.4,93.444,-36.1,4.964,5228.1,no
22496,59,retired,married,unknown,no,no,no,cellular,aug,fri,69,1,999,0,nonexistent,1.4,93.444,-36.1,4.964,5228.1,no
22513,58,blue-collar,married,unknown,unknown,yes,no,cellular,aug,fri,286,1,999,0,nonexistent,1.4,93.444,-36.1,4.964,5228.1,no
22514,49,unemployed,married,high.school,unknown,yes,no,cellular,aug,fri,109,1,999,0,nonexistent,1.4,93.444,-36.1,4.964,5228.1,no
22521,45,technician,married,professional.course,unknown,no,no,cellular,aug,fri,46,4,999,0,nonexistent,1.4,93.444,-36.1,4.964,5228.1,no
22526,31,technician,married,university.degree,no,no,no,cellular,aug,fri,168,1,999,0,nonexistent,1.4,93.444,-36.1,4.964,5228.1,no
22536,34,technician,divorced,professional.course,no,yes,no,cellular,aug,fri,168,1,999,0,nonexistent,1.4,93.444,-36.1,4.964,5228.1,no
22537,53,blue-collar,married,basic.9y,no,yes,no,cellular,aug,fri,565,1,999,0,nonexistent,1.4,93.444,-36.1,4.964,5228.1,yes
22542,52,housemaid,married,unknown,no,yes,no,cellular,aug,fri,239,2,999,0,nonexistent,1.4,93.444,-36.1,4.964,5228.1,no
22547,56,services,married,high.school,no,no,no,cellular,aug,fri,149,2,999,0,nonexistent,1.4,93.444,-36.1,4.964,5228.1,no
22552,30,technician,single,professional.course,no,yes,no,cellular,aug,fri,55,4,999,0,nonexistent,1.4,93.444,-36.1,4.964,5228.1,no
22554,30,technician,single,professional.course,no,yes,yes,cellular,aug,fri,22,13,999,0,nonexistent,1.4,93.444,-36.1,4.964,5228.1,no
22564,37,technician,married,professional.course,no,no,no,cellular,aug,fri,243,10,999,0,nonexistent,1.4,93.444,-36.1,4.964,5228.1,no
22568,56,blue-collar,married,basic.9y,unknown,no,no,cellular,aug,fri,142,4,999,0,nonexistent,1.4,93.444,-36.1,4.964,5228.1,no
22569,29,admin.,single,university.degree,no,yes,no,cellular,aug,fri,101,2,999,0,nonexistent,1.4,93.444,-36.1,4.964,5228.1,no
22573,48,admin.,married,university.degree,no,yes,no,cellular,aug,fri,651,9,999,0,nonexistent,1.4,93.444,-36.1,4.964,5228.1,no
22574,36,admin.,single,university.degree,no,no,no,cellular,aug,fri,71,3,999,0,nonexistent,1.4,93.444,-36.1,4.964,5228.1,no
22578,36,management,married,university.degree,unknown,no,no,telephone,aug,fri,208,4,999,0,nonexistent,1.4,93.444,-36.1,4.964,5228.1,no
22592,32,technician,divorced,high.school,no,no,no,cellular,aug,fri,72,2,999,0,nonexistent,1.4,93.444,-36.1,4.964,5228.1,no
22595,57,technician,married,professional.course,unknown,no,no,cellular,aug,fri,199,4,999,0,nonexistent,1.4,93.444,-36.1,4.964,5228.1,no
22596,48,technician,married,university.degree,no,no,no,cellular,aug,fri,209,1,999,0,nonexistent,1.4,93.444,-36.1,4.964,5228.1,no
22607,55,admin.,married,high.school,no,yes,no,cellular,aug,fri,629,2,999,0,nonexistent,1.4,93.444,-36.1,4.964,5228.1,no
22624,59,admin.,married,university.degree,no,yes,no,cellular,aug,fri,73,5,999,0,nonexistent,1.4,93.444,-36.1,4.964,5228.1,no
22651,39,admin.,married,professional.course,no,yes,yes,cellular,aug,fri,112,3,999,0,nonexistent,1.4,93.444,-36.1,4.964,5228.1,no
22657,42,entrepreneur,married,high.school,no,no,no,cellular,aug,fri,332,2,999,0,nonexistent,1.4,93.444,-36.1,4.964,5228.1,no
22663,39,housemaid,married,basic.4y,no,yes,yes,cellular,aug,fri,123,2,999,0,nonexistent,1.4,93.444,-36.1,4.964,5228.1,no
22670,34,technician,married,university.degree,no,yes,yes,cellular,aug,fri,289,5,999,0,nonexistent,1.4,93.444,-36.1,4.964,5228.1,no
22673,34,admin.,single,university.degree,no,no,yes,cellular,aug,fri,78,3,999,0,nonexistent,1.4,93.444,-36.1,4.964,5228.1,no
22690,46,housemaid,married,basic.4y,no,yes,no,cellular,aug,fri,195,1,999,0,nonexistent,1.4,93.444,-36.1,4.964,5228.1,no
22693,36,admin.,divorced,high.school,no,no,yes,cellular,aug,fri,263,1,999,0,nonexistent,1.4,93.444,-36.1,4.964,5228.1,no
22701,32,admin.,divorced,university.degree,no,no,no,cellular,aug,fri,197,5,999,0,nonexistent,1.4,93.444,-36.1,4.964,5228.1,no
22705,45,technician,married,professional.course,unknown,yes,no,cellular,aug,fri,94,1,999,0,nonexistent,1.4,93.444,-36.1,4.964,5228.1,no
22716,51,services,married,unknown,no,no,yes,cellular,aug,fri,135,3,999,0,nonexistent,1.4,93.444,-36.1,4.964,5228.1,no
22720,45,blue-collar,married,basic.6y,no,no,no,cellular,aug,fri,200,1,999,0,nonexistent,1.4,93.444,-36.1,4.964,5228.1,no
22723,52,services,married,high.school,unknown,unknown,unknown,cellular,aug,mon,116,5,999,0,nonexistent,1.4,93.444,-36.1,4.965,5228.1,no
22729,35,management,divorced,university.degree,no,no,yes,cellular,aug,mon,116,7,999,0,nonexistent,1.4,93.444,-36.1,4.965,5228.1,no
22744,57,self-employed,married,university.degree,unknown,no,no,cellular,aug,mon,102,3,999,0,nonexistent,1.4,93.444,-36.1,4.965,5228.1,no
22754,33,self-employed,married,university.degree,no,no,no,cellular,aug,mon,425,3,999,0,nonexistent,1.4,93.444,-36.1,4.965,5228.1,no
22761,41,admin.,married,university.degree,no,yes,no,cellular,aug,mon,145,4,999,0,nonexistent,1.4,93.444,-36.1,4.965,5228.1,no
22762,31,technician,married,university.degree,no,no,no,cellular,aug,mon,99,7,999,0,nonexistent,1.4,93.444,-36.1,4.965,5228.1,no
22768,35,technician,married,professional.course,no,no,yes,cellular,aug,mon,463,2,999,0,nonexistent,1.4,93.444,-36.1,4.965,5228.1,no
22771,49,services,married,high.school,no,yes,no,cellular,aug,mon,234,8,999,0,nonexistent,1.4,93.444,-36.1,4.965,5228.1,no
22773,37,admin.,single,university.degree,no,no,yes,cellular,aug,mon,220,2,999,0,nonexistent,1.4,93.444,-36.1,4.965,5228.1,no
22790,30,admin.,single,university.degree,no,yes,no,cellular,aug,mon,113,3,999,0,nonexistent,1.4,93.444,-36.1,4.965,5228.1,no
22797,30,admin.,single,university.degree,no,no,no,cellular,aug,mon,167,2,999,0,nonexistent,1.4,93.444,-36.1,4.965,5228.1,no
22798,47,blue-collar,married,basic.9y,no,no,no,cellular,aug,mon,96,2,999,0,nonexistent,1.4,93.444,-36.1,4.965,5228.1,no
22811,48,services,married,basic.9y,no,yes,no,cellular,aug,mon,104,2,999,0,nonexistent,1.4,93.444,-36.1,4.965,5228.1,no
22819,45,housemaid,married,basic.4y,unknown,no,no,cellular,aug,mon,463,14,999,0,nonexistent,1.4,93.444,-36.1,4.965,5228.1,no
22828,44,blue-collar,married,basic.4y,unknown,no,no,cellular,aug,mon,425,2,999,0,nonexistent,1.4,93.444,-36.1,4.965,5228.1,no
22830,39,admin.,married,university.degree,no,yes,yes,cellular,aug,mon,116,2,999,0,nonexistent,1.4,93.444,-36.1,4.965,5228.1,no
22835,48,services,married,high.school,unknown,yes,yes,cellular,aug,mon,72,1,999,0,nonexistent,1.4,93.444,-36.1,4.965,5228.1,no
22836,54,blue-collar,married,basic.9y,unknown,yes,no,cellular,aug,mon,140,2,999,0,nonexistent,1.4,93.444,-36.1,4.965,5228.1,no
22840,42,admin.,divorced,university.degree,no,yes,yes,cellular,aug,mon,159,1,999,0,nonexistent,1.4,93.444,-36.1,4.965,5228.1,no
22858,56,admin.,married,unknown,no,yes,no,cellular,aug,mon,476,2,999,0,nonexistent,1.4,93.444,-36.1,4.965,5228.1,no
22859,52,blue-collar,married,basic.9y,no,yes,no,cellular,aug,mon,42,3,999,0,nonexistent,1.4,93.444,-36.1,4.965,5228.1,no
22882,31,technician,married,university.degree,no,yes,no,cellular,aug,mon,111,3,999,0,nonexistent,1.4,93.444,-36.1,4.965,5228.1,no
22886,44,blue-collar,married,basic.4y,no,no,yes,cellular,aug,mon,734,2,999,0,nonexistent,1.4,93.444,-36.1,4.965,5228.1,no
22888,30,technician,single,university.degree,no,yes,no,cellular,aug,mon,14,13,999,0,nonexistent,1.4,93.444,-36.1,4.965,5228.1,no
22903,35,technician,single,professional.course,no,no,no,cellular,aug,mon,203,6,999,0,nonexistent,1.4,93.444,-36.1,4.965,5228.1,no
22908,45,management,married,university.degree,no,no,no,cellular,aug,mon,361,5,999,0,nonexistent,1.4,93.444,-36.1,4.965,5228.1,no
22911,57,admin.,married,unknown,no,yes,no,cellular,aug,mon,101,3,999,0,nonexistent,1.4,93.444,-36.1,4.965,5228.1,no
22923,55,blue-collar,married,unknown,no,yes,no,cellular,aug,mon,280,3,999,0,nonexistent,1.4,93.444,-36.1,4.965,5228.1,no
22924,29,admin.,single,university.degree,no,no,no,cellular,aug,mon,62,4,999,0,nonexistent,1.4,93.444,-36.1,4.965,5228.1,no
22933,51,blue-collar,married,basic.4y,no,yes,no,cellular,aug,mon,197,3,999,0,nonexistent,1.4,93.444,-36.1,4.965,5228.1,no
22940,43,technician,married,professional.course,unknown,no,no,cellular,aug,mon,67,4,999,0,nonexistent,1.4,93.444,-36.1,4.965,5228.1,no
22945,59,management,married,university.degree,no,no,no,cellular,aug,mon,163,2,999,0,nonexistent,1.4,93.444,-36.1,4.965,5228.1,no
22949,50,blue-collar,married,basic.9y,unknown,no,no,cellular,aug,mon,106,3,999,0,nonexistent,1.4,93.444,-36.1,4.965,5228.1,no
22992,47,self-employed,married,university.degree,no,no,no,cellular,aug,mon,230,4,999,0,nonexistent,1.4,93.444,-36.1,4.965,5228.1,no
22996,46,technician,married,professional.course,no,no,no,cellular,aug,mon,194,5,999,0,nonexistent,1.4,93.444,-36.1,4.965,5228.1,no
23002,38,admin.,married,university.degree,no,yes,no,cellular,aug,tue,19,11,999,0,nonexistent,1.4,93.444,-36.1,4.965,5228.1,no
23006,51,admin.,single,university.degree,no,yes,no,cellular,aug,tue,179,11,999,0,nonexistent,1.4,93.444,-36.1,4.965,5228.1,no
23009,60,management,married,university.degree,unknown,yes,no,cellular,aug,tue,66,14,999,0,nonexistent,1.4,93.444,-36.1,4.965,5228.1,no
23010,36,housemaid,married,basic.4y,no,unknown,unknown,cellular,aug,tue,23,14,999,0,nonexistent,1.4,93.444,-36.1,4.965,5228.1,no
23013,47,self-employed,married,university.degree,no,no,no,cellular,aug,tue,109,2,999,0,nonexistent,1.4,93.444,-36.1,4.965,5228.1,no
23024,38,admin.,married,university.degree,no,yes,no,cellular,aug,tue,427,12,999,0,nonexistent,1.4,93.444,-36.1,4.965,5228.1,no
23039,46,admin.,married,university.degree,unknown,no,no,cellular,aug,tue,55,2,999,0,nonexistent,1.4,93.444,-36.1,4.965,5228.1,no
23042,45,technician,divorced,professional.course,no,no,no,cellular,aug,tue,94,10,999,0,nonexistent,1.4,93.444,-36.1,4.965,5228.1,no
23046,48,housemaid,married,basic.9y,no,yes,no,cellular,aug,tue,159,2,999,0,nonexistent,1.4,93.444,-36.1,4.965,5228.1,no
23047,48,technician,married,university.degree,no,yes,no,cellular,aug,tue,64,1,999,0,nonexistent,1.4,93.444,-36.1,4.965,5228.1,no
23062,34,technician,single,professional.course,no,yes,no,cellular,aug,tue,221,1,999,0,nonexistent,1.4,93.444,-36.1,4.965,5228.1,no
23065,55,technician,divorced,professional.course,unknown,no,no,cellular,aug,tue,700,1,999,0,nonexistent,1.4,93.444,-36.1,4.965,5228.1,no
23085,55,technician,divorced,university.degree,no,yes,no,cellular,aug,tue,610,1,999,0,nonexistent,1.4,93.444,-36.1,4.965,5228.1,no
23092,35,technician,single,professional.course,no,yes,no,cellular,aug,tue,67,1,999,0,nonexistent,1.4,93.444,-36.1,4.965,5228.1,no
23116,56,services,married,high.school,no,yes,no,cellular,aug,tue,460,5,999,0,nonexistent,1.4,93.444,-36.1,4.965,5228.1,no
23117,36,housemaid,married,basic.4y,no,yes,no,cellular,aug,tue,183,7,999,0,nonexistent,1.4,93.444,-36.1,4.965,5228.1,no
23126,50,blue-collar,married,basic.4y,unknown,yes,no,cellular,aug,tue,204,1,999,0,nonexistent,1.4,93.444,-36.1,4.965,5228.1,no
23130,37,housemaid,married,basic.4y,unknown,yes,no,cellular,aug,tue,176,1,999,0,nonexistent,1.4,93.444,-36.1,4.965,5228.1,no
23133,50,blue-collar,married,basic.4y,unknown,yes,no,cellular,aug,tue,164,1,999,0,nonexistent,1.4,93.444,-36.1,4.965,5228.1,no
23134,38,technician,married,university.degree,no,yes,no,cellular,aug,tue,95,1,999,0,nonexistent,1.4,93.444,-36.1,4.965,5228.1,no
23148,47,technician,married,high.school,no,no,no,cellular,aug,tue,111,2,999,0,nonexistent,1.4,93.444,-36.1,4.965,5228.1,no
23152,55,management,married,university.degree,no,yes,no,cellular,aug,tue,101,2,999,0,nonexistent,1.4,93.444,-36.1,4.965,5228.1,no
23159,57,retired,married,basic.9y,no,yes,yes,cellular,aug,tue,1223,4,999,0,nonexistent,1.4,93.444,-36.1,4.965,5228.1,yes
23169,37,technician,divorced,professional.course,no,yes,no,cellular,aug,tue,520,2,999,0,nonexistent,1.4,93.444,-36.1,4.965,5228.1,no
23186,33,technician,married,professional.course,unknown,yes,no,cellular,aug,tue,30,14,999,0,nonexistent,1.4,93.444,-36.1,4.965,5228.1,no
23190,35,admin.,single,university.degree,no,yes,no,cellular,aug,tue,63,2,999,0,nonexistent,1.4,93.444,-36.1,4.965,5228.1,no
23193,60,technician,married,university.degree,no,yes,no,cellular,aug,tue,11,8,999,0,nonexistent,1.4,93.444,-36.1,4.965,5228.1,no
23197,51,admin.,married,university.degree,no,yes,no,cellular,aug,tue,112,7,999,0,nonexistent,1.4,93.444,-36.1,4.965,5228.1,no
23198,47,admin.,divorced,university.degree,no,no,yes,cellular,aug,tue,264,19,999,0,nonexistent,1.4,93.444,-36.1,4.965,5228.1,no
23202,47,admin.,married,university.degree,no,yes,no,cellular,aug,tue,653,5,999,0,nonexistent,1.4,93.444,-36.1,4.965,5228.1,no
23206,47,management,married,university.degree,no,yes,no,cellular,aug,tue,133,8,999,0,nonexistent,1.4,93.444,-36.1,4.965,5228.1,no
23208,47,entrepreneur,married,high.school,no,yes,yes,cellular,aug,tue,303,5,999,0,nonexistent,1.4,93.444,-36.1,4.965,5228.1,no
23209,52,technician,married,high.school,no,yes,yes,cellular,aug,tue,263,2,999,0,nonexistent,1.4,93.444,-36.1,4.965,5228.1,no
23211,53,unknown,married,basic.4y,unknown,no,no,cellular,aug,tue,107,2,999,0,nonexistent,1.4,93.444,-36.1,4.965,5228.1,no
23231,48,admin.,married,professional.course,no,no,no,cellular,aug,tue,369,4,999,0,nonexistent,1.4,93.444,-36.1,4.965,5228.1,no
23235,38,admin.,married,university.degree,no,yes,no,cellular,aug,tue,35,6,999,0,nonexistent,1.4,93.444,-36.1,4.965,5228.1,no
23247,58,blue-collar,divorced,basic.6y,unknown,no,no,cellular,aug,tue,272,7,999,0,nonexistent,1.4,93.444,-36.1,4.965,5228.1,no
23250,55,management,married,university.degree,no,yes,no,cellular,aug,wed,52,2,999,0,nonexistent,1.4,93.444,-36.1,4.964,5228.1,no
23280,36,admin.,married,university.degree,unknown,yes,no,cellular,aug,wed,155,11,999,0,nonexistent,1.4,93.444,-36.1,4.964,5228.1,no
23283,55,management,married,university.degree,no,yes,no,cellular,aug,wed,130,7,999,0,nonexistent,1.4,93.444,-36.1,4.964,5228.1,no
23292,31,management,married,university.degree,no,yes,no,cellular,aug,wed,181,2,999,0,nonexistent,1.4,93.444,-36.1,4.964,5228.1,no
23299,57,blue-collar,married,basic.4y,unknown,no,yes,cellular,aug,wed,203,1,999,0,nonexistent,1.4,93.444,-36.1,4.964,5228.1,no
23310,57,retired,married,professional.course,unknown,no,no,cellular,aug,wed,80,3,999,0,nonexistent,1.4,93.444,-36.1,4.964,5228.1,no
23311,39,technician,married,professional.course,no,no,no,cellular,aug,wed,85,14,999,0,nonexistent,1.4,93.444,-36.1,4.964,5228.1,no
23320,41,technician,single,high.school,no,yes,no,cellular,aug,wed,88,3,999,0,nonexistent,1.4,93.444,-36.1,4.964,5228.1,no
23340,46,technician,divorced,professional.course,no,no,no,cellular,aug,wed,308,2,999,0,nonexistent,1.4,93.444,-36.1,4.964,5228.1,no
23348,57,blue-collar,married,basic.4y,unknown,no,no,cellular,aug,wed,97,4,999,0,nonexistent,1.4,93.444,-36.1,4.964,5228.1,no
23371,51,technician,married,professional.course,no,yes,no,cellular,aug,wed,300,2,999,0,nonexistent,1.4,93.444,-36.1,4.964,5228.1,no
23388,40,admin.,married,university.degree,no,no,no,cellular,aug,wed,214,5,999,0,nonexistent,1.4,93.444,-36.1,4.964,5228.1,no
23390,37,technician,married,university.degree,no,no,no,cellular,aug,wed,107,4,999,0,nonexistent,1.4,93.444,-36.1,4.964,5228.1,no
23400,58,technician,divorced,professional.course,unknown,no,no,cellular,aug,wed,36,6,999,0,nonexistent,1.4,93.444,-36.1,4.964,5228.1,no
23404,29,admin.,single,university.degree,no,yes,no,cellular,aug,wed,88,2,999,0,nonexistent,1.4,93.444,-36.1,4.964,5228.1,no
23407,30,technician,single,university.degree,no,no,no,cellular,aug,wed,157,8,999,0,nonexistent,1.4,93.444,-36.1,4.964,5228.1,no
23414,39,admin.,married,professional.course,no,no,no,cellular,aug,wed,37,2,999,0,nonexistent,1.4,93.444,-36.1,4.964,5228.1,no
23425,33,self-employed,married,basic.4y,no,no,no,cellular,aug,wed,263,7,999,0,nonexistent,1.4,93.444,-36.1,4.964,5228.1,no
23430,32,unemployed,married,university.degree,no,yes,no,cellular,aug,wed,97,4,999,0,nonexistent,1.4,93.444,-36.1,4.964,5228.1,no
23433,46,technician,divorced,professional.course,no,yes,yes,cellular,aug,wed,22,5,999,0,nonexistent,1.4,93.444,-36.1,4.964,5228.1,no
23447,31,unemployed,married,university.degree,no,no,no,cellular,aug,wed,95,5,999,0,nonexistent,1.4,93.444,-36.1,4.964,5228.1,no
23452,41,admin.,married,university.degree,no,no,no,cellular,aug,wed,85,5,999,0,nonexistent,1.4,93.444,-36.1,4.964,5228.1,no
23458,49,unemployed,married,basic.4y,no,yes,no,cellular,aug,wed,155,2,999,0,nonexistent,1.4,93.444,-36.1,4.964,5228.1,no
23459,54,housemaid,married,basic.4y,unknown,no,no,telephone,aug,wed,23,6,999,0,nonexistent,1.4,93.444,-36.1,4.964,5228.1,no
23460,38,admin.,divorced,university.degree,no,no,no,cellular,aug,wed,70,9,999,0,nonexistent,1.4,93.444,-36.1,4.964,5228.1,no
23477,33,services,married,university.degree,unknown,no,yes,cellular,aug,thu,149,8,999,0,nonexistent,1.4,93.444,-36.1,4.962,5228.1,no
23478,41,admin.,married,university.degree,unknown,yes,no,cellular,aug,thu,583,11,999,0,nonexistent,1.4,93.444,-36.1,4.962,5228.1,yes
23486,32,admin.,divorced,university.degree,no,yes,no,cellular,aug,thu,77,2,999,0,nonexistent,1.4,93.444,-36.1,4.962,5228.1,no
23499,57,management,married,university.degree,no,yes,no,cellular,aug,thu,17,11,999,0,nonexistent,1.4,93.444,-36.1,4.962,5228.1,no
23506,33,services,married,professional.course,no,yes,no,cellular,aug,thu,51,5,999,0,nonexistent,1.4,93.444,-36.1,4.962,5228.1,no
23516,57,technician,married,university.degree,unknown,yes,yes,cellular,aug,thu,30,9,999,0,nonexistent,1.4,93.444,-36.1,4.962,5228.1,no
23528,41,technician,divorced,professional.course,no,yes,yes,cellular,aug,thu,100,2,999,0,nonexistent,1.4,93.444,-36.1,4.962,5228.1,no
23546,59,retired,married,university.degree,no,yes,no,cellular,aug,thu,17,18,999,0,nonexistent,1.4,93.444,-36.1,4.962,5228.1,no
23551,46,housemaid,married,basic.4y,unknown,yes,no,cellular,aug,thu,75,1,999,0,nonexistent,1.4,93.444,-36.1,4.962,5228.1,no
23553,40,admin.,divorced,high.school,no,no,no,cellular,aug,thu,46,2,999,0,nonexistent,1.4,93.444,-36.1,4.962,5228.1,no
23562,32,technician,single,university.degree,no,yes,no,cellular,aug,thu,271,2,999,0,nonexistent,1.4,93.444,-36.1,4.962,5228.1,no
23567,56,admin.,married,university.degree,unknown,yes,no,cellular,aug,thu,95,1,999,0,nonexistent,1.4,93.444,-36.1,4.962,5228.1,no
23588,30,technician,married,high.school,no,yes,no,cellular,aug,thu,81,5,999,0,nonexistent,1.4,93.444,-36.1,4.962,5228.1,no
23595,37,admin.,single,university.degree,no,yes,yes,cellular,aug,thu,71,4,999,0,nonexistent,1.4,93.444,-36.1,4.962,5228.1,no
23600,41,admin.,married,university.degree,no,no,no,cellular,aug,thu,12,13,999,0,nonexistent,1.4,93.444,-36.1,4.962,5228.1,no
23607,46,services,married,basic.9y,unknown,no,no,cellular,aug,thu,70,6,999,0,nonexistent,1.4,93.444,-36.1,4.962,5228.1,no
23610,30,admin.,single,university.degree,no,no,no,cellular,aug,thu,117,5,999,0,nonexistent,1.4,93.444,-36.1,4.962,5228.1,no
23615,30,technician,single,university.degree,no,yes,no,cellular,aug,thu,31,17,999,0,nonexistent,1.4,93.444,-36.1,4.962,5228.1,no
23621,57,management,married,university.degree,no,yes,no,cellular,aug,thu,203,17,999,0,nonexistent,1.4,93.444,-36.1,4.962,5228.1,no
23634,31,admin.,single,university.degree,no,no,no,telephone,aug,thu,146,10,999,0,nonexistent,1.4,93.444,-36.1,4.962,5228.1,no
23643,32,technician,married,university.degree,no,no,no,cellular,aug,thu,12,8,999,0,nonexistent,1.4,93.444,-36.1,4.962,5228.1,no
23646,45,admin.,married,unknown,unknown,no,no,cellular,aug,thu,7,14,999,0,nonexistent,1.4,93.444,-36.1,4.962,5228.1,no
23648,30,management,married,university.degree,no,no,no,cellular,aug,thu,56,4,999,0,nonexistent,1.4,93.444,-36.1,4.962,5228.1,no
23663,30,admin.,married,university.degree,no,no,no,cellular,aug,thu,45,17,999,0,nonexistent,1.4,93.444,-36.1,4.962,5228.1,no
23664,35,technician,single,university.degree,no,yes,no,cellular,aug,thu,18,17,999,0,nonexistent,1.4,93.444,-36.1,4.962,5228.1,no
23674,55,unknown,married,unknown,unknown,yes,no,cellular,aug,thu,16,16,999,0,nonexistent,1.4,93.444,-36.1,4.962,5228.1,no
23678,45,services,married,professional.course,no,yes,yes,cellular,aug,thu,65,4,999,0,nonexistent,1.4,93.444,-36.1,4.962,5228.1,no
23692,33,admin.,single,university.degree,no,no,no,cellular,aug,thu,402,1,999,0,nonexistent,1.4,93.444,-36.1,4.962,5228.1,no
23700,32,self-employed,married,high.school,no,yes,no,cellular,aug,thu,29,9,999,0,nonexistent,1.4,93.444,-36.1,4.962,5228.1,no
23702,30,admin.,single,university.degree,no,no,no,cellular,aug,thu,165,2,999,0,nonexistent,1.4,93.444,-36.1,4.962,5228.1,no
23705,33,admin.,single,university.degree,no,yes,no,telephone,aug,thu,158,1,999,0,nonexistent,1.4,93.444,-36.1,4.962,5228.1,no
23715,59,retired,married,university.degree,no,yes,no,cellular,aug,thu,77,4,999,0,nonexistent,1.4,93.444,-36.1,4.962,5228.1,no
23716,36,admin.,married,university.degree,no,yes,no,cellular,aug,thu,45,8,999,0,nonexistent,1.4,93.444,-36.1,4.962,5228.1,no
23723,59,admin.,married,high.school,unknown,yes,no,cellular,aug,thu,147,2,999,0,nonexistent,1.4,93.444,-36.1,4.962,5228.1,no
23730,45,admin.,married,high.school,no,no,no,cellular,aug,thu,52,5,999,0,nonexistent,1.4,93.444,-36.1,4.962,5228.1,no
23733,51,blue-collar,married,professional.course,no,no,yes,cellular,aug,thu,17,5,999,0,nonexistent,1.4,93.444,-36.1,4.962,5228.1,no
23738,55,unknown,married,unknown,unknown,yes,no,cellular,aug,thu,60,4,999,0,nonexistent,1.4,93.444,-36.1,4.962,5228.1,no
23741,50,admin.,married,basic.9y,no,no,no,cellular,aug,thu,23,14,999,0,nonexistent,1.4,93.444,-36.1,4.962,5228.1,no
23743,31,admin.,divorced,high.school,no,no,no,cellular,aug,thu,12,10,999,0,nonexistent,1.4,93.444,-36.1,4.962,5228.1,no
23773,37,technician,single,professional.course,no,no,no,cellular,aug,thu,19,13,999,0,nonexistent,1.4,93.444,-36.1,4.962,5228.1,no
23778,50,management,married,university.degree,no,no,no,cellular,aug,fri,160,6,999,0,nonexistent,1.4,93.444,-36.1,4.963,5228.1,no
23798,29,admin.,single,university.degree,no,no,no,cellular,aug,fri,82,7,999,0,nonexistent,1.4,93.444,-36.1,4.963,5228.1,no
23808,38,admin.,married,university.degree,no,yes,yes,cellular,aug,fri,62,1,999,0,nonexistent,1.4,93.444,-36.1,4.963,5228.1,no
23813,45,services,married,professional.course,no,unknown,unknown,cellular,aug,fri,133,3,999,0,nonexistent,1.4,93.444,-36.1,4.963,5228.1,no
23819,48,services,married,basic.6y,unknown,no,no,cellular,aug,fri,164,1,999,0,nonexistent,1.4,93.444,-36.1,4.963,5228.1,no
23838,51,services,married,high.school,no,yes,no,cellular,aug,fri,179,1,999,0,nonexistent,1.4,93.444,-36.1,4.963,5228.1,no
23842,55,unknown,married,unknown,unknown,no,no,cellular,aug,fri,105,1,999,0,nonexistent,1.4,93.444,-36.1,4.963,5228.1,no
23859,55,retired,married,basic.9y,no,yes,no,cellular,aug,fri,96,2,999,0,nonexistent,1.4,93.444,-36.1,4.963,5228.1,no
23873,42,admin.,married,university.degree,no,unknown,unknown,cellular,aug,fri,235,1,999,0,nonexistent,1.4,93.444,-36.1,4.963,5228.1,no
23905,31,technician,single,professional.course,no,yes,no,cellular,aug,fri,91,2,999,0,nonexistent,1.4,93.444,-36.1,4.963,5228.1,no
23926,33,unemployed,married,university.degree,no,yes,no,cellular,aug,fri,59,2,999,0,nonexistent,1.4,93.444,-36.1,4.963,5228.1,no
23935,40,self-employed,married,university.degree,no,no,no,cellular,aug,fri,81,3,999,0,nonexistent,1.4,93.444,-36.1,4.963,5228.1,no
23954,32,admin.,married,university.degree,no,yes,no,cellular,aug,fri,122,2,999,0,nonexistent,1.4,93.444,-36.1,4.963,5228.1,no
23979,41,admin.,married,university.degree,no,no,no,cellular,aug,fri,106,3,999,0,nonexistent,1.4,93.444,-36.1,4.963,5228.1,no
23982,48,blue-collar,married,basic.4y,no,yes,no,cellular,aug,fri,669,6,999,0,nonexistent,1.4,93.444,-36.1,4.963,5228.1,no
23984,33,admin.,married,university.degree,no,no,no,cellular,aug,fri,127,5,999,0,nonexistent,1.4,93.444,-36.1,4.963,5228.1,no
24002,30,entrepreneur,married,university.degree,no,no,no,telephone,oct,fri,223,1,999,0,nonexistent,-0.1,93.798,-40.4,5.045,5195.8,yes
24003,43,technician,single,professional.course,no,no,no,telephone,oct,fri,147,1,999,0,nonexistent,-0.1,93.798,-40.4,5.045,5195.8,no
24019,59,blue-collar,married,professional.course,no,no,no,telephone,oct,tue,19,1,999,0,nonexistent,-0.1,93.798,-40.4,4.968,5195.8,no
24023,27,student,single,high.school,no,no,no,telephone,oct,tue,187,1,999,0,nonexistent,-0.1,93.798,-40.4,4.968,5195.8,yes
24027,56,technician,married,professional.course,no,no,no,telephone,oct,wed,73,1,999,0,nonexistent,-0.1,93.798,-40.4,4.936,5195.8,no
24028,43,self-employed,married,high.school,no,yes,no,telephone,oct,wed,181,1,999,0,nonexistent,-0.1,93.798,-40.4,4.936,5195.8,yes
24037,26,entrepreneur,married,basic.9y,no,yes,no,telephone,oct,fri,5,1,999,0,nonexistent,-0.1,93.798,-40.4,4.918,5195.8,no
24043,26,admin.,single,university.degree,no,yes,no,telephone,oct,mon,251,1,999,0,nonexistent,-0.1,93.798,-40.4,4.912,5195.8,yes
24046,43,blue-collar,married,basic.9y,no,no,no,telephone,oct,tue,10,1,999,0,nonexistent,-0.1,93.798,-40.4,4.86,5195.8,no
24050,27,admin.,single,university.degree,no,no,no,telephone,oct,tue,540,1,999,0,nonexistent,-0.1,93.798,-40.4,4.86,5195.8,yes
24061,58,admin.,divorced,high.school,no,no,no,telephone,oct,thu,81,1,999,0,nonexistent,-0.1,93.798,-40.4,4.794,5195.8,no
24063,42,management,married,university.degree,no,no,no,telephone,oct,fri,615,1,999,0,nonexistent,-0.1,93.798,-40.4,4.76,5195.8,yes
24067,30,admin.,married,university.degree,no,no,no,cellular,nov,tue,95,1,999,0,nonexistent,-0.1,93.2,-42.0,4.7,5195.8,no
24075,30,technician,married,professional.course,no,yes,no,telephone,nov,wed,6,1,999,0,nonexistent,-0.1,93.2,-42.0,4.663,5195.8,no
24094,24,management,single,university.degree,no,no,yes,telephone,nov,mon,107,1,999,0,nonexistent,-0.1,93.2,-42.0,4.406,5195.8,no
24097,58,retired,divorced,basic.9y,no,yes,no,telephone,nov,mon,248,1,999,0,nonexistent,-0.1,93.2,-42.0,4.406,5195.8,yes
24111,18,student,single,high.school,no,no,no,telephone,nov,thu,75,1,999,0,nonexistent,-0.1,93.2,-42.0,4.245,5195.8,no
24117,40,blue-collar,married,basic.9y,no,unknown,unknown,telephone,nov,thu,160,1,999,0,nonexistent,-0.1,93.2,-42.0,4.245,5195.8,yes
24119,37,admin.,divorced,university.degree,no,no,yes,cellular,nov,fri,132,1,999,0,nonexistent,-0.1,93.2,-42.0,4.223,5195.8,yes
24138,57,blue-collar,divorced,basic.9y,no,yes,no,cellular,nov,mon,221,1,999,0,nonexistent,-0.1,93.2,-42.0,4.191,5195.8,no
24143,44,management,married,high.school,no,yes,no,cellular,nov,mon,669,1,999,0,nonexistent,-0.1,93.2,-42.0,4.191,5195.8,no
24149,42,services,married,high.school,no,yes,no,cellular,nov,mon,252,1,999,0,nonexistent,-0.1,93.2,-42.0,4.191,5195.8,no
24156,37,admin.,single,university.degree,no,yes,no,cellular,nov,mon,64,1,999,0,nonexistent,-0.1,93.2,-42.0,4.191,5195.8,no
24172,57,admin.,married,university.degree,no,no,yes,cellular,nov,mon,59,1,999,0,nonexistent,-0.1,93.2,-42.0,4.191,5195.8,no
24174,50,blue-collar,married,basic.6y,unknown,no,yes,cellular,nov,mon,120,1,999,1,failure,-0.1,93.2,-42.0,4.191,5195.8,no
24177,35,unemployed,married,basic.4y,no,yes,no,cellular,nov,mon,57,1,999,0,nonexistent,-0.1,93.2,-42.0,4.191,5195.8,no
24179,54,technician,married,professional.course,no,no,no,cellular,nov,mon,78,1,999,0,nonexistent,-0.1,93.2,-42.0,4.191,5195.8,no
24182,42,management,married,university.degree,no,no,no,cellular,nov,mon,93,1,999,0,nonexistent,-0.1,93.2,-42.0,4.191,5195.8,no
24185,37,admin.,single,high.school,unknown,yes,no,cellular,nov,mon,433,1,999,0,nonexistent,-0.1,93.2,-42.0,4.191,5195.8,no
24222,40,entrepreneur,divorced,university.degree,no,no,no,cellular,nov,mon,121,1,999,0,nonexistent,-0.1,93.2,-42.0,4.191,5195.8,no
24228,29,self-employed,single,university.degree,no,no,yes,telephone,nov,mon,378,1,999,0,nonexistent,-0.1,93.2,-42.0,4.191,5195.8,no
24263,50,blue-collar,married,basic.6y,unknown,yes,no,telephone,nov,mon,105,3,999,0,nonexistent,-0.1,93.2,-42.0,4.191,5195.8,no
24265,48,management,married,university.degree,no,yes,no,cellular,nov,mon,112,1,4,1,success,-0.1,93.2,-42.0,4.191,5195.8,no
24267,45,admin.,married,high.school,no,yes,no,cellular,nov,mon,58,1,999,1,failure,-0.1,93.2,-42.0,4.191,5195.8,no
24273,39,housemaid,married,basic.9y,no,yes,yes,cellular,nov,mon,112,1,999,0,nonexistent,-0.1,93.2,-42.0,4.191,5195.8,no
24276,49,technician,married,professional.course,no,yes,no,cellular,nov,mon,259,1,999,0,nonexistent,-0.1,93.2,-42.0,4.191,5195.8,no
24279,45,admin.,married,high.school,no,yes,no,cellular,nov,mon,527,1,999,0,nonexistent,-0.1,93.2,-42.0,4.191,5195.8,no
24285,44,admin.,single,university.degree,no,yes,no,telephone,nov,mon,124,1,999,0,nonexistent,-0.1,93.2,-42.0,4.191,5195.8,no
24291,38,management,married,university.degree,no,yes,no,telephone,nov,mon,99,1,999,0,nonexistent,-0.1,93.2,-42.0,4.191,5195.8,no
24295,50,technician,married,high.school,no,no,no,cellular,nov,mon,93,1,999,1,failure,-0.1,93.2,-42.0,4.191,5195.8,no
24296,41,technician,single,professional.course,no,no,no,cellular,nov,mon,64,1,999,0,nonexistent,-0.1,93.2,-42.0,4.191,5195.8,no
24325,51,admin.,married,high.school,no,yes,no,cellular,nov,mon,89,1,999,0,nonexistent,-0.1,93.2,-42.0,4.191,5195.8,no
24361,44,services,divorced,high.school,no,yes,yes,cellular,nov,mon,164,1,999,0,nonexistent,-0.1,93.2,-42.0,4.191,5195.8,no
24365,43,technician,married,professional.course,no,yes,no,cellular,nov,mon,294,1,999,0,nonexistent,-0.1,93.2,-42.0,4.191,5195.8,no
24372,54,admin.,married,basic.9y,no,no,no,cellular,nov,mon,94,2,999,0,nonexistent,-0.1,93.2,-42.0,4.191,5195.8,no
24375,31,blue-collar,married,basic.9y,no,yes,yes,cellular,nov,mon,257,2,999,0,nonexistent,-0.1,93.2,-42.0,4.191,5195.8,no
24378,36,entrepreneur,married,high.school,no,no,no,cellular,nov,mon,77,2,999,0,nonexistent,-0.1,93.2,-42.0,4.191,5195.8,no
24396,43,management,married,university.degree,no,yes,no,cellular,nov,mon,65,1,999,0,nonexistent,-0.1,93.2,-42.0,4.191,5195.8,no
24397,57,management,married,university.degree,no,no,no,cellular,nov,mon,62,1,999,0,nonexistent,-0.1,93.2,-42.0,4.191,5195.8,no
24398,50,entrepreneur,married,university.degree,unknown,yes,no,cellular,nov,mon,77,1,3,1,success,-0.1,93.2,-42.0,4.191,5195.8,no
24405,45,blue-collar,divorced,basic.9y,unknown,yes,no,cellular,nov,mon,188,1,999,0,nonexistent,-0.1,93.2,-42.0,4.191,5195.8,no
24408,46,management,divorced,university.degree,no,unknown,unknown,telephone,nov,mon,77,2,999,0,nonexistent,-0.1,93.2,-42.0,4.191,5195.8,no
24416,45,entrepreneur,married,high.school,no,no,no,cellular,nov,mon,623,1,999,1,failure,-0.1,93.2,-42.0,4.191,5195.8,no
24433,33,blue-collar,single,basic.9y,no,yes,no,cellular,nov,mon,101,1,999,0,nonexistent,-0.1,93.2,-42.0,4.191,5195.8,no
24439,53,services,married,high.school,no,no,yes,cellular,nov,mon,181,1,999,0,nonexistent,-0.1,93.2,-42.0,4.191,5195.8,no
24443,57,admin.,married,university.degree,no,yes,no,cellular,nov,mon,89,2,999,0,nonexistent,-0.1,93.2,-42.0,4.191,5195.8,no
24452,58,management,divorced,university.degree,no,yes,no,cellular,nov,mon,48,1,999,0,nonexistent,-0.1,93.2,-42.0,4.191,5195.8,no
24458,29,admin.,married,university.degree,no,no,no,cellular,nov,mon,142,1,999,1,failure,-0.1,93.2,-42.0,4.191,5195.8,no
24462,50,entrepreneur,married,university.degree,unknown,yes,no,cellular,nov,mon,209,2,999,0,nonexistent,-0.1,93.2,-42.0,4.191,5195.8,no
24465,40,blue-collar,married,basic.6y,no,no,no,cellular,nov,mon,128,1,999,1,failure,-0.1,93.2,-42.0,4.191,5195.8,no
24488,36,unemployed,divorced,high.school,no,no,no,cellular,nov,mon,166,2,999,1,failure,-0.1,93.2,-42.0,4.191,5195.8,no
24499,29,self-employed,single,university.degree,no,yes,no,cellular,nov,mon,51,2,999,0,nonexistent,-0.1,93.2,-42.0,4.191,5195.8,no
24503,35,blue-collar,married,high.school,no,no,no,cellular,nov,mon,540,2,999,0,nonexistent,-0.1,93.2,-42.0,4.191,5195.8,yes
24522,35,self-employed,single,professional.course,no,yes,no,cellular,nov,mon,128,2,999,0,nonexistent,-0.1,93.2,-42.0,4.191,5195.8,no
24536,31,self-employed,single,university.degree,no,yes,no,cellular,nov,mon,62,1,999,0,nonexistent,-0.1,93.2,-42.0,4.191,5195.8,no
24544,56,services,married,high.school,no,yes,no,cellular,nov,mon,578,1,999,0,nonexistent,-0.1,93.2,-42.0,4.191,5195.8,no
24547,45,admin.,married,high.school,no,no,no,cellular,nov,mon,113,1,999,0,nonexistent,-0.1,93.2,-42.0,4.191,5195.8,no
24554,50,blue-collar,married,basic.6y,no,yes,no,cellular,nov,mon,116,2,999,1,failure,-0.1,93.2,-42.0,4.191,5195.8,no
24556,55,admin.,divorced,high.school,no,yes,no,cellular,nov,mon,179,1,999,1,failure,-0.1,93.2,-42.0,4.191,5195.8,no
24569,35,admin.,married,university.degree,no,no,no,cellular,nov,mon,747,1,999,0,nonexistent,-0.1,93.2,-42.0,4.191,5195.8,no
24570,35,admin.,married,university.degree,no,yes,no,cellular,nov,mon,690,1,999,0,nonexistent,-0.1,93.2,-42.0,4.191,5195.8,no
24572,35,blue-collar,divorced,high.school,no,no,yes,cellular,nov,mon,159,2,999,1,failure,-0.1,93.2,-42.0,4.191,5195.8,no
24575,42,housemaid,married,university.degree,no,no,no,cellular,nov,mon,90,4,999,1,failure,-0.1,93.2,-42.0,4.191,5195.8,no
24577,42,technician,married,basic.9y,no,no,no,cellular,nov,mon,295,1,999,0,nonexistent,-0.1,93.2,-42.0,4.191,5195.8,no
24592,32,admin.,single,high.school,no,yes,no,cellular,nov,mon,333,2,999,0,nonexistent,-0.1,93.2,-42.0,4.191,5195.8,no
24609,50,technician,married,basic.9y,no,yes,no,telephone,nov,mon,55,2,999,0,nonexistent,-0.1,93.2,-42.0,4.191,5195.8,no
24610,50,admin.,divorced,university.degree,no,yes,no,telephone,nov,mon,609,2,999,1,failure,-0.1,93.2,-42.0,4.191,5195.8,no
24623,46,entrepreneur,married,basic.4y,no,no,no,cellular,nov,mon,148,2,999,0,nonexistent,-0.1,93.2,-42.0,4.191,5195.8,no
24630,38,management,married,university.degree,no,no,no,cellular,nov,mon,221,2,999,0,nonexistent,-0.1,93.2,-42.0,4.191,5195.8,no
24644,42,technician,married,professional.course,no,yes,yes,cellular,nov,mon,126,2,999,1,failure,-0.1,93.2,-42.0,4.191,5195.8,no
24660,39,housemaid,married,basic.9y,no,yes,yes,cellular,nov,mon,272,2,999,0,nonexistent,-0.1,93.2,-42.0,4.191,5195.8,no
24664,52,entrepreneur,single,university.degree,unknown,yes,no,cellular,nov,mon,77,2,999,0,nonexistent,-0.1,93.2,-42.0,4.191,5195.8,no
24670,41,self-employed,married,basic.9y,unknown,yes,no,cellular,nov,mon,145,2,999,0,nonexistent,-0.1,93.2,-42.0,4.191,5195.8,no
24679,36,entrepreneur,married,high.school,no,yes,yes,cellular,nov,mon,139,3,999,0,nonexistent,-0.1,93.2,-42.0,4.191,5195.8,no
24681,41,technician,married,university.degree,no,no,no,cellular,nov,mon,149,2,999,0,nonexistent,-0.1,93.2,-42.0,4.191,5195.8,no
24685,37,blue-collar,married,basic.6y,no,yes,no,telephone,nov,mon,99,3,999,0,nonexistent,-0.1,93.2,-42.0,4.191,5195.8,no
24690,52,management,married,university.degree,no,no,no,telephone,nov,mon,22,3,999,0,nonexistent,-0.1,93.2,-42.0,4.191,5195.8,no
24726,51,retired,divorced,basic.4y,no,yes,yes,cellular,nov,mon,94,1,999,0,nonexistent,-0.1,93.2,-42.0,4.191,5195.8,no
24735,43,admin.,married,high.school,no,no,no,cellular,nov,tue,127,1,999,0,nonexistent,-0.1,93.2,-42.0,4.153,5195.8,no
24746,34,admin.,divorced,university.degree,no,no,no,cellular,nov,tue,150,1,999,0,nonexistent,-0.1,93.2,-42.0,4.153,5195.8,no
24751,50,technician,divorced,professional.course,no,no,no,cellular,nov,tue,46,1,999,0,nonexistent,-0.1,93.2,-42.0,4.153,5195.8,no
24752,55,blue-collar,single,basic.6y,no,yes,no,cellular,nov,tue,204,2,999,0,nonexistent,-0.1,93.2,-42.0,4.153,5195.8,no
24758,31,admin.,married,university.degree,no,yes,yes,cellular,nov,tue,64,1,999,0,nonexistent,-0.1,93.2,-42.0,4.153,5195.8,no
24779,50,technician,married,professional.course,no,yes,no,cellular,nov,tue,1978,1,999,0,nonexistent,-0.1,93.2,-42.0,4.153,5195.8,yes
24780,36,blue-collar,married,basic.4y,no,no,no,cellular,nov,tue,101,5,999,0,nonexistent,-0.1,93.2,-42.0,4.153,5195.8,no
24788,40,entrepreneur,married,basic.9y,no,yes,no,cellular,nov,tue,67,1,999,1,failure,-0.1,93.2,-42.0,4.153,5195.8,no
24806,51,admin.,married,high.school,no,no,no,cellular,nov,tue,132,1,999,0,nonexistent,-0.1,93.2,-42.0,4.153,5195.8,no
24808,35,entrepreneur,married,basic.9y,no,yes,no,cellular,nov,tue,155,1,999,0,nonexistent,-0.1,93.2,-42.0,4.153,5195.8,no
24817,33,management,married,university.degree,no,yes,no,cellular,nov,tue,341,1,999,0,nonexistent,-0.1,93.2,-42.0,4.153,5195.8,no
24818,32,blue-collar,married,basic.9y,no,yes,no,telephone,nov,tue,47,1,999,0,nonexistent,-0.1,93.2,-42.0,4.153,5195.8,no
24826,32,services,married,basic.6y,unknown,yes,no,telephone,nov,tue,368,1,999,0,nonexistent,-0.1,93.2,-42.0,4.153,5195.8,no
24827,50,housemaid,divorced,professional.course,no,yes,no,cellular,nov,tue,132,1,999,0,nonexistent,-0.1,93.2,-42.0,4.153,5195.8,no
24830,29,blue-collar,married,basic.9y,no,yes,no,cellular,nov,tue,42,1,999,0,nonexistent,-0.1,93.2,-42.0,4.153,5195.8,no
24836,31,admin.,divorced,university.degree,no,yes,no,telephone,nov,tue,51,1,999,0,nonexistent,-0.1,93.2,-42.0,4.153,5195.8,no
24838,43,management,married,university.degree,no,no,no,cellular,nov,tue,188,1,999,0,nonexistent,-0.1,93.2,-42.0,4.153,5195.8,no
24844,43,entrepreneur,married,basic.4y,no,yes,no,cellular,nov,tue,145,2,999,0,nonexistent,-0.1,93.2,-42.0,4.153,5195.8,no
24849,30,services,married,basic.6y,no,unknown,unknown,cellular,nov,tue,340,2,999,0,nonexistent,-0.1,93.2,-42.0,4.153,5195.8,no
24851,51,admin.,married,university.degree,no,no,no,cellular,nov,tue,104,2,1,1,success,-0.1,93.2,-42.0,4.153,5195.8,no
24864,31,management,single,university.degree,no,yes,no,cellular,nov,tue,466,1,999,0,nonexistent,-0.1,93.2,-42.0,4.153,5195.8,no
24870,35,management,married,basic.4y,no,no,no,cellular,nov,tue,276,1,999,1,failure,-0.1,93.2,-42.0,4.153,5195.8,no
24886,39,services,married,high.school,no,yes,no,cellular,nov,tue,107,1,999,0,nonexistent,-0.1,93.2,-42.0,4.153,5195.8,no
24887,39,services,married,basic.9y,no,yes,no,cellular,nov,tue,51,1,999,0,nonexistent,-0.1,93.2,-42.0,4.153,5195.8,no
24896,37,blue-collar,divorced,basic.6y,no,no,no,cellular,nov,tue,200,1,999,0,nonexistent,-0.1,93.2,-42.0,4.153,5195.8,no
24908,30,technician,married,professional.course,no,yes,no,cellular,nov,tue,613,1,999,0,nonexistent,-0.1,93.2,-42.0,4.153,5195.8,no
24931,30,unemployed,married,high.school,no,yes,yes,cellular,nov,tue,924,1,999,0,nonexistent,-0.1,93.2,-42.0,4.153,5195.8,yes
24935,49,management,married,university.degree,no,no,no,cellular,nov,tue,188,1,999,1,failure,-0.1,93.2,-42.0,4.153,5195.8,no
24939,30,admin.,divorced,university.degree,no,no,no,cellular,nov,tue,453,1,999,0,nonexistent,-0.1,93.2,-42.0,4.153,5195.8,yes
24943,41,admin.,married,high.school,no,yes,no,cellular,nov,tue,62,4,999,0,nonexistent,-0.1,93.2,-42.0,4.153,5195.8,no
24946,31,management,single,university.degree,no,no,no,cellular,nov,tue,82,2,999,0,nonexistent,-0.1,93.2,-42.0,4.153,5195.8,no
24951,43,blue-collar,married,basic.9y,no,no,yes,cellular,nov,tue,84,1,999,0,nonexistent,-0.1,93.2,-42.0,4.153,5195.8,no
24953,32,technician,divorced,professional.course,no,no,no,cellular,nov,tue,288,1,999,0,nonexistent,-0.1,93.2,-42.0,4.153,5195.8,no
24955,49,blue-collar,married,basic.4y,no,no,no,cellular,nov,tue,34,1,999,1,failure,-0.1,93.2,-42.0,4.153,5195.8,no
24987,35,management,married,high.school,no,yes,no,telephone,nov,tue,159,1,999,0,nonexistent,-0.1,93.2,-42.0,4.153,5195.8,no
24989,48,technician,married,university.degree,no,yes,no,cellular,nov,tue,82,1,999,1,failure,-0.1,93.2,-42.0,4.153,5195.8,no
24991,46,self-employed,married,basic.4y,no,yes,yes,cellular,nov,tue,162,1,999,1,failure,-0.1,93.2,-42.0,4.153,5195.8,no
24993,35,management,married,high.school,no,yes,no,cellular,nov,tue,417,1,999,0,nonexistent,-0.1,93.2,-42.0,4.153,5195.8,no
24995,35,management,single,university.degree,no,no,no,telephone,nov,tue,52,1,999,0,nonexistent,-0.1,93.2,-42.0,4.153,5195.8,no
25006,46,technician,married,basic.9y,no,no,no,cellular,nov,tue,530,1,999,0,nonexistent,-0.1,93.2,-42.0,4.153,5195.8,no
25013,34,services,married,high.school,no,yes,no,cellular,nov,tue,78,1,999,0,nonexistent,-0.1,93.2,-42.0,4.153,5195.8,no
25015,33,technician,divorced,high.school,no,no,no,cellular,nov,tue,70,1,999,0,nonexistent,-0.1,93.2,-42.0,4.153,5195.8,no
25029,39,management,married,high.school,no,no,no,cellular,nov,tue,328,2,999,1,failure,-0.1,93.2,-42.0,4.153,5195.8,no
25040,33,admin.,single,high.school,unknown,yes,no,cellular,nov,tue,215,1,999,0,nonexistent,-0.1,93.2,-42.0,4.153,5195.8,no
25042,31,technician,married,high.school,no,no,no,cellular,nov,tue,90,1,999,0,nonexistent,-0.1,93.2,-42.0,4.153,5195.8,no
25048,53,management,married,university.degree,no,yes,yes,cellular,nov,tue,60,1,999,0,nonexistent,-0.1,93.2,-42.0,4.153,5195.8,no
25050,41,admin.,single,high.school,no,no,no,cellular,nov,tue,143,3,999,1,failure,-0.1,93.2,-42.0,4.153,5195.8,no
25062,33,admin.,single,university.degree,no,no,no,cellular,nov,tue,100,1,999,1,failure,-0.1,93.2,-42.0,4.153,5195.8,no
25068,35,admin.,married,high.school,no,yes,no,cellular,nov,tue,84,1,999,0,nonexistent,-0.1,93.2,-42.0,4.153,5195.8,no
25077,54,management,married,university.degree,no,no,no,cellular,nov,tue,53,1,999,1,failure,-0.1,93.2,-42.0,4.153,5195.8,no
25081,40,admin.,divorced,university.degree,no,no,no,cellular,nov,tue,72,2,999,0,nonexistent,-0.1,93.2,-42.0,4.153,5195.8,no
25134,41,admin.,married,university.degree,unknown,yes,no,cellular,nov,tue,331,2,999,0,nonexistent,-0.1,93.2,-42.0,4.153,5195.8,no
25138,50,management,married,university.degree,no,yes,no,cellular,nov,tue,94,1,999,0,nonexistent,-0.1,93.2,-42.0,4.153,5195.8,no
25141,35,blue-collar,married,basic.6y,no,no,no,cellular,nov,tue,348,1,999,0,nonexistent,-0.1,93.2,-42.0,4.153,5195.8,no
25142,30,entrepreneur,single,university.degree,no,yes,yes,cellular,nov,tue,309,1,999,0,nonexistent,-0.1,93.2,-42.0,4.153,5195.8,no
25143,35,admin.,married,university.degree,no,no,no,cellular,nov,tue,112,2,999,0,nonexistent,-0.1,93.2,-42.0,4.153,5195.8,no
25144,50,management,married,university.degree,no,no,no,cellular,nov,tue,66,1,999,0,nonexistent,-0.1,93.2,-42.0,4.153,5195.8,no
25166,34,blue-collar,married,basic.4y,no,no,no,cellular,nov,tue,120,2,999,0,nonexistent,-0.1,93.2,-42.0,4.153,5195.8,no
25186,35,blue-collar,married,professional.course,no,yes,no,cellular,nov,tue,172,2,999,1,failure,-0.1,93.2,-42.0,4.153,5195.8,no
25187,48,admin.,married,university.degree,unknown,yes,no,telephone,nov,tue,82,2,999,0,nonexistent,-0.1,93.2,-42.0,4.153,5195.8,no
25194,33,technician,married,professional.course,no,no,no,cellular,nov,tue,45,2,999,1,failure,-0.1,93.2,-42.0,4.153,5195.8,no
25204,44,blue-collar,married,professional.course,unknown,no,no,cellular,nov,tue,214,2,999,0,nonexistent,-0.1,93.2,-42.0,4.153,5195.8,no
25206,46,admin.,married,high.school,no,yes,no,cellular,nov,tue,107,3,999,0,nonexistent,-0.1,93.2,-42.0,4.153,5195.8,no
25211,30,admin.,single,high.school,no,unknown,unknown,cellular,nov,tue,229,2,999,0,nonexistent,-0.1,93.2,-42.0,4.153,5195.8,no
25216,37,management,married,university.degree,no,yes,yes,telephone,nov,tue,71,4,999,0,nonexistent,-0.1,93.2,-42.0,4.153,5195.8,no
25225,53,management,married,university.degree,no,yes,no,cellular,nov,tue,313,2,999,0,nonexistent,-0.1,93.2,-42.0,4.153,5195.8,no
25235,36,blue-collar,single,basic.9y,no,yes,no,cellular,nov,tue,67,2,999,1,failure,-0.1,93.2,-42.0,4.153,5195.8,no
25237,45,management,married,university.degree,no,no,no,cellular,nov,tue,72,2,999,0,nonexistent,-0.1,93.2,-42.0,4.153,5195.8,no
25246,44,management,married,university.degree,no,yes,no,cellular,nov,tue,170,2,999,1,failure,-0.1,93.2,-42.0,4.153,5195.8,no
25254,44,technician,married,high.school,no,no,no,cellular,nov,tue,231,2,999,0,nonexistent,-0.1,93.2,-42.0,4.153,5195.8,no
25258,40,blue-collar,married,basic.9y,unknown,no,no,cellular,nov,tue,113,3,999,0,nonexistent,-0.1,93.2,-42.0,4.153,5195.8,no
25262,36,technician,married,high.school,no,no,no,cellular,nov,tue,255,3,999,0,nonexistent,-0.1,93.2,-42.0,4.153,5195.8,no
25263,41,blue-collar,married,professional.course,unknown,yes,no,cellular,nov,tue,190,2,999,0,nonexistent,-0.1,93.2,-42.0,4.153,5195.8,no
25265,46,self-employed,married,basic.4y,no,no,no,cellular,nov,tue,354,2,999,1,failure,-0.1,93.2,-42.0,4.153,5195.8,no
25268,50,housemaid,married,basic.4y,no,no,no,cellular,nov,tue,878,2,999,0,nonexistent,-0.1,93.2,-42.0,4.153,5195.8,no
25282,37,management,single,university.degree,no,yes,no,cellular,nov,tue,242,2,999,1,failure,-0.1,93.2,-42.0,4.153,5195.8,no
25294,41,technician,single,professional.course,unknown,yes,no,cellular,nov,tue,68,2,4,1,success,-0.1,93.2,-42.0,4.153,5195.8,no
25297,34,management,single,professional.course,no,yes,no,cellular,nov,tue,400,2,999,0,nonexistent,-0.1,93.2,-42.0,4.153,5195.8,no
25303,56,retired,divorced,university.degree,no,yes,no,cellular,nov,tue,972,2,999,0,nonexistent,-0.1,93.2,-42.0,4.153,5195.8,no
25315,50,housemaid,married,basic.4y,no,yes,no,telephone,nov,tue,150,2,999,0,nonexistent,-0.1,93.2,-42.0,4.153,5195.8,yes
25323,32,blue-collar,married,basic.9y,no,yes,no,cellular,nov,tue,61,2,999,1,failure,-0.1,93.2,-42.0,4.153,5195.8,no
25329,57,management,married,university.degree,no,no,yes,cellular,nov,tue,218,2,999,0,nonexistent,-0.1,93.2,-42.0,4.153,5195.8,no
25356,40,management,married,high.school,unknown,no,no,cellular,nov,tue,825,2,999,0,nonexistent,-0.1,93.2,-42.0,4.153,5195.8,no
25362,35,services,divorced,basic.9y,no,yes,yes,cellular,nov,tue,62,6,999,0,nonexistent,-0.1,93.2,-42.0,4.153,5195.8,no
25363,30,services,married,high.school,no,no,no,cellular,nov,tue,200,1,999,1,failure,-0.1,93.2,-42.0,4.153,5195.8,no
25365,43,blue-collar,married,basic.4y,unknown,yes,yes,telephone,nov,tue,249,3,999,1,failure,-0.1,93.2,-42.0,4.153,5195.8,no
25367,30,services,married,high.school,no,yes,no,cellular,nov,tue,493,1,999,0,nonexistent,-0.1,93.2,-42.0,4.153,5195.8,no
25375,43,technician,married,professional.course,no,yes,no,cellular,nov,tue,166,3,999,1,failure,-0.1,93.2,-42.0,4.153,5195.8,no
25398,34,technician,married,basic.9y,no,yes,no,cellular,nov,tue,66,1,999,1,failure,-0.1,93.2,-42.0,4.153,5195.8,no
25415,42,blue-collar,married,basic.6y,no,yes,yes,cellular,nov,tue,288,1,999,0,nonexistent,-0.1,93.2,-42.0,4.153,5195.8,no
25433,29,management,single,university.degree,no,no,no,cellular,nov,wed,89,1,999,0,nonexistent,-0.1,93.2,-42.0,4.12,5195.8,no
25458,33,management,married,high.school,no,no,yes,cellular,nov,wed,375,1,999,0,nonexistent,-0.1,93.2,-42.0,4.12,5195.8,no
25463,38,blue-collar,married,basic.9y,no,yes,no,cellular,nov,wed,112,1,999,1,failure,-0.1,93.2,-42.0,4.12,5195.8,no
25483,48,admin.,single,professional.course,no,yes,no,cellular,nov,wed,530,1,999,0,nonexistent,-0.1,93.2,-42.0,4.12,5195.8,no
25484,35,management,married,university.degree,no,yes,no,cellular,nov,wed,400,1,999,0,nonexistent,-0.1,93.2,-42.0,4.12,5195.8,no
25486,36,technician,married,university.degree,no,no,no,cellular,nov,wed,221,4,999,0,nonexistent,-0.1,93.2,-42.0,4.12,5195.8,no
25487,39,blue-collar,married,basic.9y,no,yes,no,cellular,nov,wed,158,1,999,0,nonexistent,-0.1,93.2,-42.0,4.12,5195.8,no
25499,31,admin.,married,university.degree,no,yes,no,cellular,nov,wed,162,1,999,0,nonexistent,-0.1,93.2,-42.0,4.12,5195.8,no
25504,33,management,married,university.degree,no,no,no,cellular,nov,wed,143,1,999,1,failure,-0.1,93.2,-42.0,4.12,5195.8,no
25505,35,self-employed,single,university.degree,no,no,yes,cellular,nov,wed,197,1,3,1,success,-0.1,93.2,-42.0,4.12,5195.8,no
25512,44,entrepreneur,married,high.school,no,no,no,cellular,nov,wed,289,1,999,0,nonexistent,-0.1,93.2,-42.0,4.12,5195.8,no
25526,29,technician,single,professional.course,no,yes,yes,telephone,nov,wed,161,1,999,0,nonexistent,-0.1,93.2,-42.0,4.12,5195.8,no
25534,29,technician,single,basic.9y,no,no,yes,cellular,nov,wed,224,1,999,0,nonexistent,-0.1,93.2,-42.0,4.12,5195.8,no
25536,29,admin.,married,high.school,no,yes,yes,cellular,nov,wed,155,1,999,0,nonexistent,-0.1,93.2,-42.0,4.12,5195.8,no
25538,38,technician,divorced,high.school,no,yes,no,cellular,nov,wed,110,1,999,1,failure,-0.1,93.2,-42.0,4.12,5195.8,no
25539,45,technician,married,university.degree,no,yes,no,cellular,nov,wed,770,1,999,0,nonexistent,-0.1,93.2,-42.0,4.12,5195.8,no
25541,32,management,divorced,university.degree,no,no,no,cellular,nov,wed,77,1,999,0,nonexistent,-0.1,93.2,-42.0,4.12,5195.8,no
25542,38,management,married,professional.course,unknown,yes,no,cellular,nov,wed,58,3,999,0,nonexistent,-0.1,93.2,-42.0,4.12,5195.8,no
25544,29,technician,single,basic.9y,no,yes,no,cellular,nov,wed,648,1,999,0,nonexistent,-0.1,93.2,-42.0,4.12,5195.8,no
25566,48,admin.,single,university.degree,no,no,no,cellular,nov,wed,808,1,999,0,nonexistent,-0.1,93.2,-42.0,4.12,5195.8,no
25578,33,admin.,married,university.degree,no,no,no,cellular,nov,wed,122,1,999,1,failure,-0.1,93.2,-42.0,4.12,5195.8,no
25586,33,technician,single,professional.course,no,unknown,unknown,cellular,nov,wed,401,1,999,0,nonexistent,-0.1,93.2,-42.0,4.12,5195.8,no
25603,43,services,divorced,high.school,no,no,no,cellular,nov,wed,466,1,999,0,nonexistent,-0.1,93.2,-42.0,4.12,5195.8,no
25623,34,admin.,single,university.degree,no,yes,no,cellular,nov,wed,52,1,999,0,nonexistent,-0.1,93.2,-42.0,4.12,5195.8,no
25624,56,services,divorced,high.school,unknown,yes,yes,cellular,nov,wed,457,1,999,1,failure,-0.1,93.2,-42.0,4.12,5195.8,no
25647,54,technician,married,professional.course,no,yes,yes,cellular,nov,wed,46,1,999,0,nonexistent,-0.1,93.2,-42.0,4.12,5195.8,no
25648,40,admin.,single,high.school,no,no,no,cellular,nov,wed,59,1,999,0,nonexistent,-0.1,93.2,-42.0,4.12,5195.8,no
25662,58,management,divorced,high.school,no,yes,no,cellular,nov,wed,308,1,999,1,failure,-0.1,93.2,-42.0,4.12,5195.8,no
25674,51,self-employed,divorced,university.degree,no,yes,no,cellular,nov,wed,670,1,999,0,nonexistent,-0.1,93.2,-42.0,4.12,5195.8,yes
25688,33,entrepreneur,married,basic.9y,unknown,no,no,cellular,nov,wed,636,1,999,0,nonexistent,-0.1,93.2,-42.0,4.12,5195.8,no
25690,39,admin.,married,high.school,no,no,no,cellular,nov,wed,138,1,999,0,nonexistent,-0.1,93.2,-42.0,4.12,5195.8,no
25695,36,admin.,single,university.degree,no,no,no,cellular,nov,wed,154,1,999,0,nonexistent,-0.1,93.2,-42.0,4.12,5195.8,no
25707,32,services,married,high.school,no,no,yes,cellular,nov,wed,222,1,999,0,nonexistent,-0.1,93.2,-42.0,4.12,5195.8,no
25711,51,admin.,married,university.degree,no,yes,no,cellular,nov,wed,93,1,999,0,nonexistent,-0.1,93.2,-42.0,4.12,5195.8,no
25719,54,technician,married,basic.9y,no,no,no,cellular,nov,wed,198,3,999,0,nonexistent,-0.1,93.2,-42.0,4.12,5195.8,no
25767,46,management,married,unknown,no,yes,no,cellular,nov,wed,248,1,999,1,failure,-0.1,93.2,-42.0,4.12,5195.8,no
25776,36,admin.,single,university.degree,no,yes,no,cellular,nov,wed,565,1,999,1,failure,-0.1,93.2,-42.0,4.12,5195.8,no
25784,48,technician,married,professional.course,no,no,no,cellular,nov,wed,201,3,999,1,failure,-0.1,93.2,-42.0,4.12,5195.8,no
25794,30,admin.,single,university.degree,no,yes,no,cellular,nov,wed,742,1,999,0,nonexistent,-0.1,93.2,-42.0,4.12,5195.8,no
25795,42,management,married,university.degree,no,yes,no,cellular,nov,wed,151,2,999,0,nonexistent,-0.1,93.2,-42.0,4.12,5195.8,no
25808,38,technician,married,professional.course,no,yes,no,cellular,nov,wed,111,1,999,0,nonexistent,-0.1,93.2,-42.0,4.12,5195.8,no
25812,38,blue-collar,married,basic.6y,no,yes,no,cellular,nov,wed,448,1,999,0,nonexistent,-0.1,93.2,-42.0,4.12,5195.8,no
25827,45,blue-collar,married,basic.4y,no,yes,yes,cellular,nov,wed,130,1,999,0,nonexistent,-0.1,93.2,-42.0,4.12,5195.8,no
25834,32,entrepreneur,married,basic.4y,no,yes,no,telephone,nov,wed,62,1,999,0,nonexistent,-0.1,93.2,-42.0,4.12,5195.8,no
25835,30,services,single,high.school,no,no,no,cellular,nov,wed,148,1,999,0,nonexistent,-0.1,93.2,-42.0,4.12,5195.8,no
25848,51,admin.,married,high.school,no,yes,no,cellular,nov,wed,121,3,999,0,nonexistent,-0.1,93.2,-42.0,4.12,5195.8,no
25852,39,admin.,married,university.degree,no,yes,no,cellular,nov,wed,59,1,999,0,nonexistent,-0.1,93.2,-42.0,4.12,5195.8,no
25857,39,technician,single,professional.course,no,yes,no,cellular,nov,wed,180,1,999,1,failure,-0.1,93.2,-42.0,4.12,5195.8,no
25858,35,technician,divorced,professional.course,no,no,yes,cellular,nov,wed,98,1,999,0,nonexistent,-0.1,93.2,-42.0,4.12,5195.8,no
25860,45,management,married,university.degree,no,no,yes,cellular,nov,wed,391,2,999,0,nonexistent,-0.1,93.2,-42.0,4.12,5195.8,no
25861,30,admin.,divorced,high.school,no,no,no,cellular,nov,wed,131,2,999,0,nonexistent,-0.1,93.2,-42.0,4.12,5195.8,no
25862,34,admin.,married,university.degree,no,yes,no,cellular,nov,wed,174,1,999,0,nonexistent,-0.1,93.2,-42.0,4.12,5195.8,no
25867,50,housemaid,divorced,high.school,no,no,no,cellular,nov,wed,136,2,999,1,failure,-0.1,93.2,-42.0,4.12,5195.8,no
25873,54,entrepreneur,married,university.degree,no,yes,no,cellular,nov,wed,159,2,4,1,success,-0.1,93.2,-42.0,4.12,5195.8,no
25878,37,management,divorced,university.degree,no,no,no,cellular,nov,wed,295,1,999,1,failure,-0.1,93.2,-42.0,4.12,5195.8,no
25881,39,admin.,married,university.degree,no,no,no,cellular,nov,wed,146,1,999,0,nonexistent,-0.1,93.2,-42.0,4.12,5195.8,no
25890,43,admin.,divorced,university.degree,no,no,no,cellular,nov,wed,1502,1,999,0,nonexistent,-0.1,93.2,-42.0,4.12,5195.8,yes
25891,34,management,single,high.school,no,yes,no,cellular,nov,wed,175,1,999,0,nonexistent,-0.1,93.2,-42.0,4.12,5195.8,no
25935,53,entrepreneur,married,unknown,no,yes,no,cellular,nov,wed,21,10,999,0,nonexistent,-0.1,93.2,-42.0,4.12,5195.8,no
25937,31,admin.,married,basic.9y,no,no,no,cellular,nov,wed,205,1,999,0,nonexistent,-0.1,93.2,-42.0,4.12,5195.8,no
25939,43,blue-collar,single,basic.6y,no,yes,no,telephone,nov,wed,401,1,999,0,nonexistent,-0.1,93.2,-42.0,4.12,5195.8,no
25940,48,management,divorced,university.degree,no,yes,no,cellular,nov,wed,50,2,999,0,nonexistent,-0.1,93.2,-42.0,4.12,5195.8,no
25959,34,management,married,university.degree,no,yes,no,cellular,nov,wed,54,1,999,0,nonexistent,-0.1,93.2,-42.0,4.12,5195.8,no
25962,56,management,married,university.degree,no,yes,yes,cellular,nov,wed,104,1,999,1,failure,-0.1,93.2,-42.0,4.12,5195.8,no
25964,31,blue-collar,single,high.school,no,yes,no,cellular,nov,wed,251,1,999,1,failure,-0.1,93.2,-42.0,4.12,5195.8,no
25968,31,technician,single,professional.course,no,no,no,cellular,nov,wed,220,1,999,0,nonexistent,-0.1,93.2,-42.0,4.12,5195.8,no
25970,38,blue-collar,single,basic.6y,no,no,no,cellular,nov,wed,520,1,999,0,nonexistent,-0.1,93.2,-42.0,4.12,5195.8,no
25971,49,management,married,university.degree,no,no,no,cellular,nov,wed,139,2,999,0,nonexistent,-0.1,93.2,-42.0,4.12,5195.8,no
26004,34,services,married,high.school,no,no,no,cellular,nov,wed,89,3,999,1,failure,-0.1,93.2,-42.0,4.12,5195.8,no
26008,31,entrepreneur,married,high.school,no,yes,yes,cellular,nov,wed,112,2,999,0,nonexistent,-0.1,93.2,-42.0,4.12,5195.8,no
26009,43,admin.,married,university.degree,no,no,no,cellular,nov,wed,748,2,999,0,nonexistent,-0.1,93.2,-42.0,4.12,5195.8,no
26010,37,entrepreneur,married,university.degree,no,no,no,cellular,nov,wed,184,4,999,0,nonexistent,-0.1,93.2,-42.0,4.12,5195.8,no
26013,38,admin.,married,university.degree,no,yes,no,cellular,nov,wed,223,2,999,0,nonexistent,-0.1,93.2,-42.0,4.12,5195.8,no
26029,41,admin.,divorced,basic.9y,no,unknown,unknown,cellular,nov,wed,258,2,999,0,nonexistent,-0.1,93.2,-42.0,4.12,5195.8,no
26047,53,blue-collar,divorced,basic.6y,no,yes,no,telephone,nov,wed,95,3,999,0,nonexistent,-0.1,93.2,-42.0,4.12,5195.8,no
26069,41,housemaid,divorced,university.degree,no,no,no,cellular,nov,wed,105,2,999,1,failure,-0.1,93.2,-42.0,4.12,5195.8,no
26094,44,entrepreneur,married,university.degree,no,no,yes,cellular,nov,wed,67,2,999,1,failure,-0.1,93.2,-42.0,4.12,5195.8,no
26104,31,technician,single,university.degree,no,yes,no,cellular,nov,wed,143,3,999,0,nonexistent,-0.1,93.2,-42.0,4.12,5195.8,no
26109,36,services,married,university.degree,no,yes,no,cellular,nov,wed,37,2,999,0,nonexistent,-0.1,93.2,-42.0,4.12,5195.8,no
26115,32,technician,married,professional.course,no,yes,yes,telephone,nov,wed,196,3,999,1,failure,-0.1,93.2,-42.0,4.12,5195.8,no
26149,50,entrepreneur,married,university.degree,no,yes,no,cellular,nov,wed,185,2,999,1,failure,-0.1,93.2,-42.0,4.12,5195.8,no
26152,36,admin.,single,university.degree,no,yes,no,cellular,nov,wed,71,4,999,0,nonexistent,-0.1,93.2,-42.0,4.12,5195.8,no
26164,33,admin.,married,university.degree,no,yes,yes,cellular,nov,wed,54,7,999,0,nonexistent,-0.1,93.2,-42.0,4.12,5195.8,no
26170,45,entrepreneur,married,university.degree,unknown,yes,no,telephone,nov,wed,278,7,999,0,nonexistent,-0.1,93.2,-42.0,4.12,5195.8,no
26177,29,blue-collar,married,high.school,no,no,no,cellular,nov,wed,854,2,999,0,nonexistent,-0.1,93.2,-42.0,4.12,5195.8,no
26180,49,technician,married,university.degree,no,yes,no,telephone,nov,thu,14,7,999,0,nonexistent,-0.1,93.2,-42.0,4.076,5195.8,no
26185,34,management,married,university.degree,no,yes,no,cellular,nov,thu,130,6,999,0,nonexistent,-0.1,93.2,-42.0,4.076,5195.8,no
26196,53,blue-collar,married,basic.9y,unknown,no,no,cellular,nov,thu,64,2,999,0,nonexistent,-0.1,93.2,-42.0,4.076,5195.8,no
26209,31,unemployed,married,high.school,no,yes,yes,cellular,nov,thu,91,2,999,0,nonexistent,-0.1,93.2,-42.0,4.076,5195.8,no
26219,42,self-employed,married,high.school,unknown,yes,no,cellular,nov,thu,77,3,999,0,nonexistent,-0.1,93.2,-42.0,4.076,5195.8,no
26232,39,entrepreneur,married,professional.course,no,yes,no,cellular,nov,thu,997,2,999,0,nonexistent,-0.1,93.2,-42.0,4.076,5195.8,no
26248,47,technician,married,professional.course,no,no,no,cellular,nov,thu,93,3,999,0,nonexistent,-0.1,93.2,-42.0,4.076,5195.8,no
26252,31,services,married,high.school,no,no,yes,cellular,nov,thu,49,1,999,0,nonexistent,-0.1,93.2,-42.0,4.076,5195.8,no
26258,36,technician,single,basic.9y,no,no,no,cellular,nov,thu,174,1,999,0,nonexistent,-0.1,93.2,-42.0,4.076,5195.8,no
26271,53,technician,married,professional.course,no,yes,no,cellular,nov,thu,322,1,999,0,nonexistent,-0.1,93.2,-42.0,4.076,5195.8,no
26290,30,technician,married,university.degree,no,yes,no,telephone,nov,thu,145,5,999,0,nonexistent,-0.1,93.2,-42.0,4.076,5195.8,no
26308,36,admin.,single,university.degree,no,yes,no,telephone,nov,thu,107,1,999,0,nonexistent,-0.1,93.2,-42.0,4.076,5195.8,no
26312,30,admin.,single,basic.9y,no,no,no,cellular,nov,thu,106,2,999,1,failure,-0.1,93.2,-42.0,4.076,5195.8,no
26335,32,technician,single,university.degree,no,yes,no,telephone,nov,thu,47,1,999,1,failure,-0.1,93.2,-42.0,4.076,5195.8,no
26346,44,management,married,university.degree,no,no,no,cellular,nov,thu,277,1,999,0,nonexistent,-0.1,93.2,-42.0,4.076,5195.8,no
26358,32,management,married,university.degree,no,no,no,cellular,nov,thu,203,1,999,0,nonexistent,-0.1,93.2,-42.0,4.076,5195.8,no
26360,32,unemployed,married,high.school,no,yes,no,cellular,nov,thu,728,1,999,0,nonexistent,-0.1,93.2,-42.0,4.076,5195.8,yes
26365,31,technician,single,professional.course,no,yes,no,cellular,nov,thu,155,1,999,0,nonexistent,-0.1,93.2,-42.0,4.076,5195.8,no
26366,50,management,married,university.degree,no,no,no,cellular,nov,thu,146,1,999,1,failure,-0.1,93.2,-42.0,4.076,5195.8,no
26371,38,management,married,professional.course,no,yes,no,telephone,nov,thu,172,1,999,0,nonexistent,-0.1,93.2,-42.0,4.076,5195.8,no
26380,40,management,single,university.degree,no,no,no,cellular,nov,thu,549,1,999,0,nonexistent,-0.1,93.2,-42.0,4.076,5195.8,yes
26401,31,admin.,single,university.degree,no,yes,no,cellular,nov,thu,114,1,999,0,nonexistent,-0.1,93.2,-42.0,4.076,5195.8,no
26402,31,entrepreneur,single,university.degree,no,no,no,cellular,nov,thu,53,1,999,0,nonexistent,-0.1,93.2,-42.0,4.076,5195.8,no
26410,31,blue-collar,single,basic.4y,no,no,no,cellular,nov,thu,148,6,999,1,failure,-0.1,93.2,-42.0,4.076,5195.8,no
26421,34,blue-collar,married,basic.9y,no,yes,no,cellular,nov,thu,500,1,999,0,nonexistent,-0.1,93.2,-42.0,4.076,5195.8,no
26426,50,admin.,single,university.degree,no,yes,no,cellular,nov,thu,222,1,999,0,nonexistent,-0.1,93.2,-42.0,4.076,5195.8,no
26435,31,admin.,single,university.degree,no,no,no,cellular,nov,thu,244,2,999,0,nonexistent,-0.1,93.2,-42.0,4.076,5195.8,no
26439,32,admin.,single,university.degree,no,no,no,cellular,nov,thu,151,2,999,0,nonexistent,-0.1,93.2,-42.0,4.076,5195.8,no
26441,38,admin.,single,university.degree,no,yes,no,cellular,nov,thu,95,2,999,0,nonexistent,-0.1,93.2,-42.0,4.076,5195.8,no
26443,43,technician,married,university.degree,no,no,yes,cellular,nov,thu,113,5,999,0,nonexistent,-0.1,93.2,-42.0,4.076,5195.8,no
26450,34,management,married,university.degree,no,no,no,telephone,nov,thu,29,1,999,0,nonexistent,-0.1,93.2,-42.0,4.076,5195.8,no
26451,45,blue-collar,married,basic.9y,no,no,no,cellular,nov,thu,73,1,999,0,nonexistent,-0.1,93.2,-42.0,4.076,5195.8,no
26457,38,management,single,university.degree,no,yes,yes,cellular,nov,thu,186,1,999,0,nonexistent,-0.1,93.2,-42.0,4.076,5195.8,no
26466,42,admin.,married,university.degree,no,yes,no,cellular,nov,thu,871,5,999,0,nonexistent,-0.1,93.2,-42.0,4.076,5195.8,yes
26482,34,technician,married,university.degree,no,no,no,cellular,nov,thu,183,2,999,1,failure,-0.1,93.2,-42.0,4.076,5195.8,no
26483,59,retired,married,professional.course,no,no,no,cellular,nov,thu,80,1,999,0,nonexistent,-0.1,93.2,-42.0,4.076,5195.8,no
26484,59,retired,married,professional.course,no,no,no,cellular,nov,thu,117,1,999,0,nonexistent,-0.1,93.2,-42.0,4.076,5195.8,no
26487,38,self-employed,married,professional.course,no,no,no,cellular,nov,thu,24,1,999,1,failure,-0.1,93.2,-42.0,4.076,5195.8,no
26490,34,management,married,university.degree,no,no,no,cellular,nov,thu,244,1,999,0,nonexistent,-0.1,93.2,-42.0,4.076,5195.8,no
26491,38,management,married,university.degree,no,yes,no,cellular,nov,thu,82,1,999,0,nonexistent,-0.1,93.2,-42.0,4.076,5195.8,no
26506,36,blue-collar,single,basic.4y,no,yes,no,cellular,nov,thu,775,1,999,0,nonexistent,-0.1,93.2,-42.0,4.076,5195.8,no
26509,36,management,married,university.degree,no,yes,yes,cellular,nov,thu,283,2,999,0,nonexistent,-0.1,93.2,-42.0,4.076,5195.8,no
26514,30,admin.,single,university.degree,no,no,no,cellular,nov,thu,85,1,999,1,failure,-0.1,93.2,-42.0,4.076,5195.8,no
26518,53,management,married,high.school,no,no,no,cellular,nov,thu,227,1,999,0,nonexistent,-0.1,93.2,-42.0,4.076,5195.8,no
26530,33,unemployed,single,university.degree,no,no,no,cellular,nov,thu,153,1,999,1,failure,-0.1,93.2,-42.0,4.076,5195.8,no
26535,36,blue-collar,married,basic.9y,no,no,no,telephone,nov,thu,96,8,999,0,nonexistent,-0.1,93.2,-42.0,4.076,5195.8,no
26538,29,services,married,high.school,unknown,yes,yes,cellular,nov,thu,129,4,999,0,nonexistent,-0.1,93.2,-42.0,4.076,5195.8,no
26541,43,entrepreneur,married,high.school,unknown,no,yes,cellular,nov,thu,274,2,999,0,nonexistent,-0.1,93.2,-42.0,4.076,5195.8,no
26550,58,blue-collar,married,basic.9y,unknown,yes,no,cellular,nov,thu,308,1,6,1,success,-0.1,93.2,-42.0,4.076,5195.8,no
26555,49,technician,divorced,university.degree,no,yes,no,telephone,nov,thu,30,1,999,0,nonexistent,-0.1,93.2,-42.0,4.076,5195.8,no
26557,36,admin.,married,high.school,no,yes,no,cellular,nov,thu,59,3,999,0,nonexistent,-0.1,93.2,-42.0,4.076,5195.8,no
26560,36,admin.,single,university.degree,no,yes,no,cellular,nov,thu,287,2,999,0,nonexistent,-0.1,93.2,-42.0,4.076,5195.8,no
26564,47,entrepreneur,divorced,basic.9y,no,no,no,cellular,nov,thu,187,2,999,0,nonexistent,-0.1,93.2,-42.0,4.076,5195.8,no
26571,42,services,married,basic.6y,no,no,no,cellular,nov,thu,324,7,999,1,failure,-0.1,93.2,-42.0,4.076,5195.8,no
26575,33,technician,divorced,professional.course,no,yes,no,cellular,nov,thu,104,3,999,1,failure,-0.1,93.2,-42.0,4.076,5195.8,no
26589,34,management,divorced,university.degree,no,yes,yes,cellular,nov,thu,1258,2,999,0,nonexistent,-0.1,93.2,-42.0,4.076,5195.8,yes
26595,33,admin.,single,high.school,no,yes,no,cellular,nov,thu,172,2,999,0,nonexistent,-0.1,93.2,-42.0,4.076,5195.8,no
26600,44,blue-collar,married,basic.4y,no,no,no,cellular,nov,thu,62,1,999,0,nonexistent,-0.1,93.2,-42.0,4.076,5195.8,no
26610,53,management,married,high.school,no,no,no,cellular,nov,thu,184,1,999,1,failure,-0.1,93.2,-42.0,4.076,5195.8,no
26612,31,blue-collar,single,high.school,no,no,no,cellular,nov,thu,184,1,999,0,nonexistent,-0.1,93.2,-42.0,4.076,5195.8,no
26615,57,admin.,divorced,university.degree,no,yes,yes,cellular,nov,thu,1154,1,999,0,nonexistent,-0.1,93.2,-42.0,4.076,5195.8,yes
26618,29,blue-collar,single,basic.9y,no,yes,no,cellular,nov,thu,249,1,999,0,nonexistent,-0.1,93.2,-42.0,4.076,5195.8,no
26619,47,admin.,married,basic.9y,no,no,no,cellular,nov,thu,164,1,999,0,nonexistent,-0.1,93.2,-42.0,4.076,5195.8,no
26622,31,unemployed,single,professional.course,no,yes,no,cellular,nov,thu,70,1,999,0,nonexistent,-0.1,93.2,-42.0,4.076,5195.8,no
26647,38,blue-collar,married,basic.4y,no,no,no,cellular,nov,thu,190,5,999,1,failure,-0.1,93.2,-42.0,4.076,5195.8,no
26660,36,services,single,high.school,no,no,no,cellular,nov,thu,105,1,999,0,nonexistent,-0.1,93.2,-42.0,4.076,5195.8,no
26663,37,blue-collar,divorced,professional.course,no,yes,no,cellular,nov,thu,75,1,999,0,nonexistent,-0.1,93.2,-42.0,4.076,5195.8,no
26681,34,self-employed,married,illiterate,no,yes,no,cellular,nov,thu,51,1,999,0,nonexistent,-0.1,93.2,-42.0,4.076,5195.8,no
26686,41,blue-collar,married,basic.4y,no,no,no,cellular,nov,thu,604,1,999,0,nonexistent,-0.1,93.2,-42.0,4.076,5195.8,no
26721,56,technician,married,professional.course,no,no,no,cellular,nov,thu,51,2,999,0,nonexistent,-0.1,93.2,-42.0,4.076,5195.8,no
26724,50,blue-collar,married,professional.course,no,yes,no,telephone,nov,thu,547,2,999,0,nonexistent,-0.1,93.2,-42.0,4.076,5195.8,no
26738,46,management,married,university.degree,no,yes,no,cellular,nov,thu,205,6,999,0,nonexistent,-0.1,93.2,-42.0,4.076,5195.8,no
26758,55,management,divorced,university.degree,no,yes,no,cellular,nov,thu,159,1,999,0,nonexistent,-0.1,93.2,-42.0,4.076,5195.8,no
26766,32,admin.,married,university.degree,no,yes,no,cellular,nov,thu,158,2,999,1,failure,-0.1,93.2,-42.0,4.076,5195.8,no
26768,36,blue-collar,married,basic.9y,no,no,no,cellular,nov,thu,768,3,999,0,nonexistent,-0.1,93.2,-42.0,4.076,5195.8,yes
26772,57,management,divorced,university.degree,unknown,yes,yes,cellular,nov,thu,114,2,999,0,nonexistent,-0.1,93.2,-42.0,4.076,5195.8,no
26790,33,admin.,single,university.degree,no,yes,no,cellular,nov,thu,73,1,999,0,nonexistent,-0.1,93.2,-42.0,4.076,5195.8,no
26804,39,technician,married,university.degree,no,no,yes,cellular,nov,thu,418,2,999,0,nonexistent,-0.1,93.2,-42.0,4.076,5195.8,no
26812,44,self-employed,married,basic.9y,no,yes,no,cellular,nov,thu,104,4,999,1,failure,-0.1,93.2,-42.0,4.076,5195.8,no
26815,50,unemployed,married,high.school,no,no,no,cellular,nov,thu,808,3,999,0,nonexistent,-0.1,93.2,-42.0,4.076,5195.8,no
26823,43,blue-collar,married,basic.6y,no,yes,no,telephone,nov,thu,20,4,999,0,nonexistent,-0.1,93.2,-42.0,4.076,5195.8,no
26826,38,management,married,university.degree,no,no,no,cellular,nov,thu,196,2,999,0,nonexistent,-0.1,93.2,-42.0,4.076,5195.8,no
26827,29,admin.,single,university.degree,no,yes,yes,cellular,nov,thu,43,4,999,1,failure,-0.1,93.2,-42.0,4.076,5195.8,no
26838,33,admin.,single,university.degree,no,no,no,cellular,nov,thu,206,2,999,1,failure,-0.1,93.2,-42.0,4.076,5195.8,no
26848,41,services,single,basic.9y,no,yes,no,cellular,nov,thu,163,2,999,0,nonexistent,-0.1,93.2,-42.0,4.076,5195.8,no
26852,30,self-employed,married,professional.course,no,yes,no,cellular,nov,thu,329,2,999,0,nonexistent,-0.1,93.2,-42.0,4.076,5195.8,no
26857,36,technician,married,professional.course,no,no,no,telephone,nov,thu,159,2,999,0,nonexistent,-0.1,93.2,-42.0,4.076,5195.8,no
26864,22,blue-collar,single,basic.4y,no,yes,no,telephone,nov,thu,16,1,999,0,nonexistent,-0.1,93.2,-42.0,4.076,5195.8,no
26875,31,management,single,university.degree,no,no,no,cellular,nov,thu,319,1,999,1,failure,-0.1,93.2,-42.0,4.076,5195.8,no
26880,45,management,single,basic.9y,no,yes,no,cellular,nov,thu,165,3,999,1,failure,-0.1,93.2,-42.0,4.076,5195.8,no
26883,30,services,single,high.school,no,no,no,cellular,nov,thu,180,2,999,0,nonexistent,-0.1,93.2,-42.0,4.076,5195.8,no
26884,36,technician,divorced,professional.course,no,unknown,unknown,cellular,nov,thu,156,4,999,0,nonexistent,-0.1,93.2,-42.0,4.076,5195.8,no
26918,55,management,divorced,university.degree,no,no,no,cellular,nov,thu,131,2,999,1,failure,-0.1,93.2,-42.0,4.076,5195.8,no
26924,41,services,married,professional.course,no,no,yes,cellular,nov,thu,217,3,999,0,nonexistent,-0.1,93.2,-42.0,4.076,5195.8,no
26927,31,admin.,married,university.degree,no,yes,no,cellular,nov,thu,210,2,999,0,nonexistent,-0.1,93.2,-42.0,4.076,5195.8,no
26935,30,technician,single,university.degree,no,no,no,cellular,nov,thu,168,3,999,0,nonexistent,-0.1,93.2,-42.0,4.076,5195.8,no
26963,33,admin.,single,university.degree,no,yes,no,cellular,nov,thu,182,2,999,0,nonexistent,-0.1,93.2,-42.0,4.076,5195.8,no
26964,31,management,single,university.degree,no,no,no,telephone,nov,thu,96,5,999,0,nonexistent,-0.1,93.2,-42.0,4.076,5195.8,no
26966,30,technician,single,university.degree,no,no,no,cellular,nov,thu,59,2,999,0,nonexistent,-0.1,93.2,-42.0,4.076,5195.8,no
26972,43,unemployed,single,unknown,no,yes,no,cellular,nov,thu,87,3,999,0,nonexistent,-0.1,93.2,-42.0,4.076,5195.8,no
26974,40,entrepreneur,unknown,high.school,no,yes,yes,cellular,nov,thu,825,6,999,1,failure,-0.1,93.2,-42.0,4.076,5195.8,no
26977,34,technician,married,high.school,no,yes,yes,cellular,nov,thu,1329,2,999,0,nonexistent,-0.1,93.2,-42.0,4.076,5195.8,no
26978,37,unemployed,single,university.degree,no,yes,no,telephone,nov,thu,76,3,999,0,nonexistent,-0.1,93.2,-42.0,4.076,5195.8,no
26985,46,blue-collar,single,basic.4y,no,no,no,cellular,nov,thu,185,2,999,0,nonexistent,-0.1,93.2,-42.0,4.076,5195.8,no
26988,33,admin.,married,university.degree,no,no,no,cellular,nov,thu,139,3,999,0,nonexistent,-0.1,93.2,-42.0,4.076,5195.8,no
26990,32,admin.,married,university.degree,no,no,no,cellular,nov,thu,165,4,999,0,nonexistent,-0.1,93.2,-42.0,4.076,5195.8,no
26996,34,self-employed,single,basic.9y,no,no,no,cellular,nov,thu,91,3,999,0,nonexistent,-0.1,93.2,-42.0,4.076,5195.8,no
27011,57,admin.,divorced,university.degree,unknown,yes,no,cellular,nov,fri,6,7,999,0,nonexistent,-0.1,93.2,-42.0,4.021,5195.8,no
27019,46,admin.,single,high.school,no,yes,yes,cellular,nov,fri,116,2,999,1,failure,-0.1,93.2,-42.0,4.021,5195.8,no
27028,41,blue-collar,single,basic.9y,unknown,yes,no,cellular,nov,fri,299,1,999,0,nonexistent,-0.1,93.2,-42.0,4.021,5195.8,no
27037,49,management,married,university.degree,no,no,no,cellular,nov,fri,65,1,999,0,nonexistent,-0.1,93.2,-42.0,4.021,5195.8,no
27047,38,admin.,divorced,basic.9y,no,no,no,cellular,nov,fri,71,1,999,0,nonexistent,-0.1,93.2,-42.0,4.021,5195.8,no
27056,43,admin.,single,university.degree,no,yes,no,cellular,nov,fri,163,1,999,0,nonexistent,-0.1,93.2,-42.0,4.021,5195.8,no
27059,40,management,married,university.degree,no,yes,yes,cellular,nov,fri,111,1,999,0,nonexistent,-0.1,93.2,-42.0,4.021,5195.8,no
27066,57,admin.,divorced,university.degree,unknown,no,no,cellular,nov,fri,22,4,999,1,failure,-0.1,93.2,-42.0,4.021,5195.8,no
27072,44,management,single,university.degree,unknown,yes,yes,cellular,nov,fri,46,3,999,0,nonexistent,-0.1,93.2,-42.0,4.021,5195.8,no
27085,45,technician,married,professional.course,no,yes,no,cellular,nov,fri,76,1,999,0,nonexistent,-0.1,93.2,-42.0,4.021,5195.8,no
27092,34,management,married,university.degree,no,yes,no,cellular,nov,fri,470,1,999,0,nonexistent,-0.1,93.2,-42.0,4.021,5195.8,no
27097,29,admin.,single,professional.course,no,no,no,telephone,nov,fri,346,4,999,1,failure,-0.1,93.2,-42.0,4.021,5195.8,no
27099,32,technician,single,professional.course,no,yes,no,cellular,nov,fri,86,3,999,0,nonexistent,-0.1,93.2,-42.0,4.021,5195.8,no
27122,45,technician,married,basic.9y,unknown,no,no,cellular,nov,fri,174,1,999,0,nonexistent,-0.1,93.2,-42.0,4.021,5195.8,no
27158,44,self-employed,married,university.degree,no,no,no,cellular,nov,fri,89,4,999,0,nonexistent,-0.1,93.2,-42.0,4.021,5195.8,no
27167,34,management,single,university.degree,no,yes,no,cellular,nov,fri,79,2,999,0,nonexistent,-0.1,93.2,-42.0,4.021,5195.8,no
27179,57,management,divorced,professional.course,no,yes,no,cellular,nov,fri,849,1,999,0,nonexistent,-0.1,93.2,-42.0,4.021,5195.8,yes
27181,49,blue-collar,married,basic.9y,no,yes,no,cellular,nov,fri,271,1,999,0,nonexistent,-0.1,93.2,-42.0,4.021,5195.8,no
27192,39,self-employed,single,high.school,no,yes,no,cellular,nov,fri,169,1,999,0,nonexistent,-0.1,93.2,-42.0,4.021,5195.8,no
27204,46,admin.,married,university.degree,no,yes,no,cellular,nov,fri,70,1,999,0,nonexistent,-0.1,93.2,-42.0,4.021,5195.8,no
27205,57,housemaid,married,basic.4y,no,no,no,cellular,nov,fri,44,3,999,0,nonexistent,-0.1,93.2,-42.0,4.021,5195.8,no
27212,34,technician,divorced,university.degree,no,yes,no,cellular,nov,fri,526,1,999,0,nonexistent,-0.1,93.2,-42.0,4.021,5195.8,no
27221,29,technician,single,professional.course,no,no,no,cellular,nov,fri,1480,3,999,0,nonexistent,-0.1,93.2,-42.0,4.021,5195.8,yes
27228,55,entrepreneur,married,university.degree,no,no,no,cellular,nov,fri,252,1,999,0,nonexistent,-0.1,93.2,-42.0,4.021,5195.8,no
27229,57,management,married,university.degree,no,yes,yes,cellular,nov,fri,283,1,999,1,failure,-0.1,93.2,-42.0,4.021,5195.8,no
27235,58,admin.,married,university.degree,no,no,no,cellular,nov,fri,70,1,999,1,failure,-0.1,93.2,-42.0,4.021,5195.8,no
27238,31,admin.,single,high.school,no,yes,no,cellular,nov,fri,306,1,999,0,nonexistent,-0.1,93.2,-42.0,4.021,5195.8,no
27254,57,management,divorced,university.degree,no,unknown,unknown,telephone,nov,fri,162,1,999,0,nonexistent,-0.1,93.2,-42.0,4.021,5195.8,no
27265,37,admin.,married,unknown,no,yes,yes,cellular,nov,fri,196,1,999,0,nonexistent,-0.1,93.2,-42.0,4.021,5195.8,no
27267,34,admin.,married,university.degree,no,yes,no,telephone,nov,fri,55,5,999,0,nonexistent,-0.1,93.2,-42.0,4.021,5195.8,no
27270,55,retired,married,high.school,no,no,no,cellular,nov,fri,532,1,999,0,nonexistent,-0.1,93.2,-42.0,4.021,5195.8,no
27295,51,housemaid,married,high.school,no,no,no,cellular,nov,fri,28,4,999,0,nonexistent,-0.1,93.2,-42.0,4.021,5195.8,no
27313,45,blue-collar,married,basic.9y,no,no,no,cellular,nov,fri,126,2,999,1,failure,-0.1,93.2,-42.0,4.021,5195.8,no
27325,47,admin.,married,university.degree,no,yes,no,cellular,nov,fri,45,1,999,1,failure,-0.1,93.2,-42.0,4.021,5195.8,no
27332,38,blue-collar,married,basic.6y,unknown,yes,yes,cellular,nov,fri,213,2,999,0,nonexistent,-0.1,93.2,-42.0,4.021,5195.8,no
27340,47,admin.,married,university.degree,no,no,no,cellular,nov,fri,103,1,999,0,nonexistent,-0.1,93.2,-42.0,4.021,5195.8,no
27342,35,management,married,university.degree,no,yes,no,cellular,nov,fri,152,1,999,0,nonexistent,-0.1,93.2,-42.0,4.021,5195.8,no
27343,30,admin.,single,university.degree,no,no,no,cellular,nov,fri,171,1,999,0,nonexistent,-0.1,93.2,-42.0,4.021,5195.8,no
27344,31,unemployed,married,high.school,no,no,yes,cellular,nov,fri,94,2,999,0,nonexistent,-0.1,93.2,-42.0,4.021,5195.8,no
27349,31,admin.,single,high.school,no,yes,yes,cellular,nov,fri,112,1,999,0,nonexistent,-0.1,93.2,-42.0,4.021,5195.8,no
27351,56,services,married,basic.4y,unknown,yes,yes,cellular,nov,fri,119,1,999,1,failure,-0.1,93.2,-42.0,4.021,5195.8,no
27387,52,services,married,basic.6y,no,no,no,cellular,nov,fri,101,1,999,0,nonexistent,-0.1,93.2,-42.0,4.021,5195.8,no
27399,29,technician,single,professional.course,no,no,no,cellular,nov,fri,161,3,999,0,nonexistent,-0.1,93.2,-42.0,4.021,5195.8,no
27421,53,management,married,university.degree,no,yes,no,cellular,nov,fri,319,3,999,0,nonexistent,-0.1,93.2,-42.0,4.021,5195.8,no
27431,48,admin.,married,basic.9y,no,yes,yes,cellular,nov,fri,664,3,999,0,nonexistent,-0.1,93.2,-42.0,4.021,5195.8,yes
27435,31,student,married,high.school,no,no,no,cellular,nov,fri,297,1,999,0,nonexistent,-0.1,93.2,-42.0,4.021,5195.8,no
27452,48,technician,married,professional.course,no,no,no,cellular,nov,fri,78,6,999,0,nonexistent,-0.1,93.2,-42.0,4.021,5195.8,no
27456,32,admin.,single,university.degree,no,no,yes,cellular,nov,fri,21,7,999,0,nonexistent,-0.1,93.2,-42.0,4.021,5195.8,no
27461,47,technician,married,unknown,unknown,yes,no,cellular,nov,fri,624,1,999,0,nonexistent,-0.1,93.2,-42.0,4.021,5195.8,no
27467,40,student,single,high.school,no,no,no,cellular,nov,fri,328,6,999,0,nonexistent,-0.1,93.2,-42.0,4.021,5195.8,no
27474,34,admin.,single,university.degree,no,no,no,cellular,nov,fri,139,6,999,1,failure,-0.1,93.2,-42.0,4.021,5195.8,no
27485,50,technician,married,professional.course,no,no,no,cellular,nov,fri,402,4,999,1,failure,-0.1,93.2,-42.0,4.021,5195.8,no
27488,41,management,divorced,university.degree,no,no,no,cellular,nov,fri,57,8,999,1,failure,-0.1,93.2,-42.0,4.021,5195.8,no
27499,40,management,single,university.degree,no,no,no,cellular,nov,fri,139,3,999,0,nonexistent,-0.1,93.2,-42.0,4.021,5195.8,no
27502,34,admin.,single,university.degree,no,no,no,cellular,nov,fri,70,2,999,0,nonexistent,-0.1,93.2,-42.0,4.021,5195.8,no
27504,53,self-employed,married,university.degree,no,yes,no,cellular,nov,fri,61,4,999,0,nonexistent,-0.1,93.2,-42.0,4.021,5195.8,no
27509,35,admin.,single,university.degree,no,no,no,cellular,nov,fri,360,2,999,0,nonexistent,-0.1,93.2,-42.0,4.021,5195.8,no
27512,54,technician,single,high.school,no,yes,no,cellular,nov,fri,32,2,999,0,nonexistent,-0.1,93.2,-42.0,4.021,5195.8,no
27525,57,technician,married,university.degree,unknown,yes,no,cellular,nov,fri,39,10,999,0,nonexistent,-0.1,93.2,-42.0,4.021,5195.8,no
27530,47,admin.,married,basic.9y,no,yes,no,telephone,nov,fri,64,3,999,0,nonexistent,-0.1,93.2,-42.0,4.021,5195.8,no
27551,56,services,married,basic.4y,unknown,yes,no,cellular,nov,fri,39,4,999,1,failure,-0.1,93.2,-42.0,4.021,5195.8,no
27552,52,blue-collar,married,basic.9y,no,no,no,cellular,nov,fri,13,2,999,0,nonexistent,-0.1,93.2,-42.0,4.021,5195.8,no
27565,53,blue-collar,married,basic.9y,no,no,no,cellular,nov,fri,395,2,999,0,nonexistent,-0.1,93.2,-42.0,4.021,5195.8,no
27575,34,admin.,single,university.degree,no,no,no,cellular,nov,fri,229,3,999,0,nonexistent,-0.1,93.2,-42.0,4.021,5195.8,no
27581,37,technician,married,professional.course,unknown,no,no,cellular,nov,fri,210,3,999,0,nonexistent,-0.1,93.2,-42.0,4.021,5195.8,no
27592,30,technician,single,university.degree,no,no,no,cellular,nov,fri,307,2,999,0,nonexistent,-0.1,93.2,-42.0,4.021,5195.8,no
27602,35,admin.,divorced,university.degree,no,yes,no,cellular,nov,fri,72,4,999,0,nonexistent,-0.1,93.2,-42.0,4.021,5195.8,no
27613,50,admin.,married,university.degree,no,yes,no,cellular,nov,fri,73,2,999,0,nonexistent,-0.1,93.2,-42.0,4.021,5195.8,no
27619,53,unemployed,single,basic.9y,no,no,no,cellular,nov,fri,125,2,999,0,nonexistent,-0.1,93.2,-42.0,4.021,5195.8,no
27624,37,self-employed,married,university.degree,no,yes,no,cellular,nov,fri,48,2,999,0,nonexistent,-0.1,93.2,-42.0,4.021,5195.8,no
27628,37,entrepreneur,married,university.degree,no,yes,no,cellular,nov,fri,12,5,999,1,failure,-0.1,93.2,-42.0,4.021,5195.8,no
27637,44,self-employed,divorced,professional.course,no,no,no,cellular,nov,fri,37,2,999,0,nonexistent,-0.1,93.2,-42.0,4.021,5195.8,no
27665,51,blue-collar,married,high.school,no,no,no,cellular,nov,fri,11,4,999,0,nonexistent,-0.1,93.2,-42.0,4.021,5195.8,no
27668,39,management,married,university.degree,no,yes,no,telephone,nov,fri,10,7,999,0,nonexistent,-0.1,93.2,-42.0,4.021,5195.8,no
27670,55,management,married,university.degree,unknown,yes,no,cellular,nov,fri,280,2,999,0,nonexistent,-0.1,93.2,-42.0,4.021,5195.8,no
27674,32,admin.,married,high.school,no,no,no,cellular,nov,fri,219,2,999,0,nonexistent,-0.1,93.2,-42.0,4.021,5195.8,no
27684,37,admin.,married,high.school,no,yes,no,telephone,dec,fri,12,1,999,0,nonexistent,-0.2,92.756,-45.9,3.563,5176.3,no
27696,26,student,single,basic.9y,no,yes,yes,cellular,mar,mon,78,4,999,1,failure,-1.8,92.843,-50.0,1.811,5099.1,no
27699,30,management,married,university.degree,no,no,no,cellular,mar,mon,116,1,999,0,nonexistent,-1.8,92.843,-50.0,1.811,5099.1,yes
27700,48,admin.,married,basic.6y,no,no,no,telephone,mar,mon,139,5,999,0,nonexistent,-1.8,92.843,-50.0,1.811,5099.1,no
27703,31,admin.,single,university.degree,no,yes,no,cellular,mar,mon,145,1,999,0,nonexistent,-1.8,92.843,-50.0,1.811,5099.1,no
27704,38,admin.,single,university.degree,no,yes,no,cellular,mar,mon,69,1,999,0,nonexistent,-1.8,92.843,-50.0,1.811,5099.1,no
27717,26,student,single,basic.9y,no,no,yes,cellular,mar,mon,889,4,999,0,nonexistent,-1.8,92.843,-50.0,1.811,5099.1,no
27778,32,management,single,university.degree,no,yes,yes,cellular,mar,tue,97,1,999,0,nonexistent,-1.8,92.843,-50.0,1.687,5099.1,no
27813,88,retired,divorced,basic.4y,no,yes,no,cellular,mar,wed,85,1,999,0,nonexistent,-1.8,92.843,-50.0,1.663,5099.1,no
27814,88,retired,divorced,basic.4y,no,yes,no,cellular,mar,wed,101,7,999,0,nonexistent,-1.8,92.843,-50.0,1.663,5099.1,yes
27817,88,retired,divorced,basic.4y,no,yes,no,cellular,mar,wed,188,3,999,0,nonexistent,-1.8,92.843,-50.0,1.663,5099.1,yes
27825,29,technician,married,professional.course,no,no,no,cellular,mar,thu,186,1,999,0,nonexistent,-1.8,92.843,-50.0,1.65,5099.1,yes
27830,32,student,single,university.degree,no,no,no,cellular,mar,fri,61,11,999,0,nonexistent,-1.8,92.843,-50.0,1.64,5099.1,no
27833,30,student,single,high.school,no,no,no,cellular,mar,fri,268,5,10,2,failure,-1.8,92.843,-50.0,1.64,5099.1,yes
27838,70,retired,married,basic.4y,no,yes,no,cellular,mar,mon,61,6,999,1,failure,-1.8,92.843,-50.0,1.629,5099.1,no
27839,70,retired,married,basic.4y,no,no,no,cellular,mar,mon,422,3,999,1,failure,-1.8,92.843,-50.0,1.629,5099.1,no
27861,26,student,single,high.school,no,no,no,cellular,mar,wed,236,2,999,0,nonexistent,-1.8,92.843,-50.0,1.602,5099.1,no
27864,60,management,single,university.degree,no,yes,yes,cellular,mar,wed,194,1,999,0,nonexistent,-1.8,92.843,-50.0,1.602,5099.1,yes
27896,28,admin.,single,university.degree,no,no,yes,cellular,mar,wed,96,2,999,0,nonexistent,-1.8,92.843,-50.0,1.548,5099.1,yes
27903,70,housemaid,married,basic.4y,no,no,no,cellular,mar,thu,91,1,999,1,failure,-1.8,92.843,-50.0,1.538,5099.1,no
27912,68,retired,married,basic.4y,no,no,no,cellular,mar,thu,331,4,999,0,nonexistent,-1.8,92.843,-50.0,1.538,5099.1,yes
27920,28,admin.,single,high.school,no,yes,no,cellular,mar,fri,342,1,999,0,nonexistent,-1.8,92.843,-50.0,1.531,5099.1,yes
27923,28,admin.,single,high.school,no,yes,no,cellular,mar,fri,78,2,999,0,nonexistent,-1.8,92.843,-50.0,1.531,5099.1,no
27928,25,admin.,married,university.degree,no,yes,no,cellular,mar,fri,277,1,999,0,nonexistent,-1.8,92.843,-50.0,1.531,5099.1,no
27930,28,admin.,single,high.school,no,no,yes,cellular,mar,fri,77,2,999,0,nonexistent,-1.8,92.843,-50.0,1.531,5099.1,no
27931,73,retired,married,university.degree,no,yes,no,cellular,mar,fri,179,1,999,0,nonexistent,-1.8,92.843,-50.0,1.531,5099.1,yes
27933,31,technician,single,university.degree,no,yes,no,telephone,mar,fri,228,2,999,0,nonexistent,-1.8,92.843,-50.0,1.531,5099.1,yes
27941,30,blue-collar,single,university.degree,no,yes,yes,cellular,mar,fri,166,2,999,0,nonexistent,-1.8,92.843,-50.0,1.531,5099.1,no
27953,32,admin.,single,university.degree,no,yes,no,cellular,mar,mon,285,8,999,0,nonexistent,-1.8,92.843,-50.0,1.52,5099.1,yes
27955,21,student,single,basic.4y,no,no,no,cellular,mar,mon,114,2,999,0,nonexistent,-1.8,92.843,-50.0,1.52,5099.1,no
27963,59,blue-collar,married,basic.4y,no,no,no,cellular,mar,tue,237,3,999,0,nonexistent,-1.8,92.843,-50.0,1.51,5099.1,yes
27968,39,admin.,married,high.school,unknown,yes,no,cellular,mar,tue,265,1,999,1,failure,-1.8,92.843,-50.0,1.51,5099.1,no
27971,44,blue-collar,single,basic.4y,no,yes,no,cellular,mar,tue,1530,2,999,0,nonexistent,-1.8,92.843,-50.0,1.51,5099.1,yes
27993,29,admin.,single,university.degree,no,no,no,cellular,apr,wed,295,1,999,0,nonexistent,-1.8,93.075,-47.1,1.498,5099.1,no
27995,63,retired,married,professional.course,no,yes,no,cellular,apr,wed,387,2,999,0,nonexistent,-1.8,93.075,-47.1,1.498,5099.1,yes
27997,32,blue-collar,married,basic.9y,no,no,no,cellular,apr,wed,161,2,999,1,failure,-1.8,93.075,-47.1,1.498,5099.1,no
28004,20,student,single,unknown,no,yes,no,cellular,apr,wed,184,4,999,0,nonexistent,-1.8,93.075,-47.1,1.498,5099.1,yes
28011,54,blue-collar,married,professional.course,no,no,no,cellular,apr,thu,2870,2,999,0,nonexistent,-1.8,93.075,-47.1,1.483,5099.1,no
28014,30,admin.,married,university.degree,no,yes,yes,cellular,apr,thu,82,6,999,0,nonexistent,-1.8,93.075,-47.1,1.483,5099.1,no
28031,39,services,married,high.school,no,no,no,cellular,apr,thu,598,2,999,2,failure,-1.8,93.075,-47.1,1.483,5099.1,no
28034,42,technician,divorced,professional.course,no,yes,yes,cellular,apr,thu,144,1,999,0,nonexistent,-1.8,93.075,-47.1,1.483,5099.1,no
28040,28,technician,single,professional.course,no,no,no,cellular,apr,thu,444,1,999,0,nonexistent,-1.8,93.075,-47.1,1.483,5099.1,no
28053,39,technician,married,professional.course,no,no,no,cellular,apr,thu,225,2,999,0,nonexistent,-1.8,93.075,-47.1,1.483,5099.1,no
28062,42,technician,divorced,professional.course,no,yes,no,cellular,apr,fri,93,2,999,0,nonexistent,-1.8,93.075,-47.1,1.479,5099.1,no
28064,53,blue-collar,divorced,high.school,no,yes,no,cellular,apr,fri,0,3,999,0,nonexistent,-1.8,93.075,-47.1,1.479,5099.1,no
28068,32,blue-collar,married,basic.9y,no,yes,no,cellular,apr,fri,224,1,999,0,nonexistent,-1.8,93.075,-47.1,1.479,5099.1,no
28073,42,admin.,married,high.school,no,no,no,cellular,apr,fri,697,2,999,0,nonexistent,-1.8,93.075,-47.1,1.479,5099.1,no
28078,31,admin.,married,university.degree,no,no,no,cellular,apr,fri,170,1,999,0,nonexistent,-1.8,93.075,-47.1,1.479,5099.1,no
28079,30,technician,single,high.school,no,no,no,cellular,apr,fri,285,1,999,0,nonexistent,-1.8,93.075,-47.1,1.479,5099.1,no
28084,32,blue-collar,married,basic.9y,no,yes,yes,cellular,apr,fri,482,2,999,0,nonexistent,-1.8,93.075,-47.1,1.479,5099.1,yes
28089,50,admin.,married,professional.course,unknown,yes,no,cellular,apr,fri,154,1,999,0,nonexistent,-1.8,93.075,-47.1,1.479,5099.1,no
28112,36,services,single,high.school,no,no,yes,telephone,apr,fri,514,2,999,0,nonexistent,-1.8,93.075,-47.1,1.479,5099.1,no
28117,37,admin.,married,university.degree,no,yes,no,telephone,apr,fri,309,4,999,0,nonexistent,-1.8,93.075,-47.1,1.479,5099.1,no
28122,42,management,married,unknown,no,yes,no,cellular,apr,mon,590,2,999,1,failure,-1.8,93.075,-47.1,1.466,5099.1,no
28125,41,unemployed,married,basic.9y,no,yes,no,cellular,apr,mon,272,1,999,0,nonexistent,-1.8,93.075,-47.1,1.466,5099.1,no
28152,55,housemaid,married,basic.4y,no,no,no,cellular,apr,mon,197,1,999,0,nonexistent,-1.8,93.075,-47.1,1.466,5099.1,no
28154,55,housemaid,married,basic.4y,no,yes,no,cellular,apr,mon,139,1,999,0,nonexistent,-1.8,93.075,-47.1,1.466,5099.1,no
28160,55,technician,married,professional.course,no,yes,no,cellular,apr,mon,371,3,999,2,failure,-1.8,93.075,-47.1,1.466,5099.1,no
28164,35,technician,married,professional.course,no,yes,no,cellular,apr,mon,272,1,999,0,nonexistent,-1.8,93.075,-47.1,1.466,5099.1,no
28169,29,technician,single,professional.course,no,yes,no,cellular,apr,mon,740,3,999,0,nonexistent,-1.8,93.075,-47.1,1.466,5099.1,yes
28170,37,blue-collar,married,basic.6y,no,yes,no,cellular,apr,mon,1138,2,999,1,failure,-1.8,93.075,-47.1,1.466,5099.1,yes
28185,35,admin.,married,high.school,no,no,no,cellular,apr,tue,327,2,999,1,failure,-1.8,93.075,-47.1,1.453,5099.1,no
28201,57,blue-collar,married,high.school,no,yes,no,cellular,apr,tue,97,2,999,0,nonexistent,-1.8,93.075,-47.1,1.453,5099.1,no
28203,47,blue-collar,single,basic.4y,unknown,no,no,cellular,apr,tue,369,1,999,0,nonexistent,-1.8,93.075,-47.1,1.453,5099.1,no
28207,46,technician,married,basic.6y,no,no,no,cellular,apr,tue,254,1,999,0,nonexistent,-1.8,93.075,-47.1,1.453,5099.1,no
28211,40,technician,married,professional.course,no,no,no,cellular,apr,tue,274,1,999,0,nonexistent,-1.8,93.075,-47.1,1.453,5099.1,no
28212,39,admin.,married,high.school,no,yes,no,telephone,apr,tue,189,1,999,0,nonexistent,-1.8,93.075,-47.1,1.453,5099.1,no
28217,42,technician,divorced,professional.course,no,no,no,cellular,apr,tue,615,1,999,1,failure,-1.8,93.075,-47.1,1.453,5099.1,no
28224,31,blue-collar,married,basic.9y,no,no,no,cellular,apr,tue,84,1,999,1,failure,-1.8,93.075,-47.1,1.453,5099.1,yes
28241,40,services,married,high.school,no,yes,no,cellular,apr,tue,158,2,999,0,nonexistent,-1.8,93.075,-47.1,1.453,5099.1,no
28260,46,services,married,high.school,no,no,no,cellular,apr,wed,325,2,999,0,nonexistent,-1.8,93.075,-47.1,1.445,5099.1,no
28270,27,admin.,single,university.degree,no,yes,yes,cellular,apr,wed,98,1,999,1,failure,-1.8,93.075,-47.1,1.445,5099.1,no
28275,29,technician,married,university.degree,no,yes,no,cellular,apr,wed,58,3,999,0,nonexistent,-1.8,93.075,-47.1,1.445,5099.1,no
28280,25,unemployed,single,professional.course,no,yes,no,cellular,apr,wed,97,1,999,0,nonexistent,-1.8,93.075,-47.1,1.445,5099.1,no
28299,37,blue-collar,married,basic.4y,no,yes,no,cellular,apr,wed,281,1,5,1,success,-1.8,93.075,-47.1,1.445,5099.1,no
28307,25,admin.,single,professional.course,no,yes,no,cellular,apr,wed,67,1,999,0,nonexistent,-1.8,93.075,-47.1,1.445,5099.1,no
28315,46,services,married,high.school,no,yes,no,cellular,apr,wed,201,2,999,0,nonexistent,-1.8,93.075,-47.1,1.445,5099.1,no
28317,47,admin.,single,university.degree,no,no,no,cellular,apr,wed,167,1,999,0,nonexistent,-1.8,93.075,-47.1,1.445,5099.1,no
28318,35,admin.,single,university.degree,no,yes,no,cellular,apr,wed,58,1,999,0,nonexistent,-1.8,93.075,-47.1,1.445,5099.1,no
28325,35,technician,divorced,professional.course,no,yes,no,cellular,apr,wed,405,1,999,0,nonexistent,-1.8,93.075,-47.1,1.445,5099.1,no
28327,35,technician,divorced,professional.course,no,yes,no,cellular,apr,wed,612,1,999,0,nonexistent,-1.8,93.075,-47.1,1.445,5099.1,no
28330,34,services,married,high.school,no,no,no,cellular,apr,wed,543,2,999,1,failure,-1.8,93.075,-47.1,1.445,5099.1,no
28341,22,management,single,university.degree,no,yes,no,cellular,apr,wed,179,2,999,0,nonexistent,-1.8,93.075,-47.1,1.445,5099.1,no
28343,39,blue-collar,married,basic.9y,no,yes,no,cellular,apr,wed,91,3,999,0,nonexistent,-1.8,93.075,-47.1,1.445,5099.1,no
28348,46,technician,married,basic.6y,unknown,yes,no,cellular,apr,wed,575,2,999,0,nonexistent,-1.8,93.075,-47.1,1.445,5099.1,yes
28350,39,services,married,basic.9y,unknown,yes,yes,telephone,apr,wed,93,2,999,0,nonexistent,-1.8,93.075,-47.1,1.445,5099.1,no
28363,37,blue-collar,divorced,basic.9y,unknown,yes,no,cellular,apr,thu,435,2,999,1,failure,-1.8,93.075,-47.1,1.435,5099.1,no
28365,21,services,single,high.school,no,yes,no,cellular,apr,thu,374,3,999,0,nonexistent,-1.8,93.075,-47.1,1.435,5099.1,no
28389,67,retired,married,university.degree,no,yes,no,telephone,apr,thu,126,4,999,0,nonexistent,-1.8,93.075,-47.1,1.435,5099.1,no
28390,33,technician,single,university.degree,no,no,no,cellular,apr,thu,304,1,999,0,nonexistent,-1.8,93.075,-47.1,1.435,5099.1,no
28393,41,technician,married,university.degree,unknown,no,yes,cellular,apr,thu,272,1,999,1,failure,-1.8,93.075,-47.1,1.435,5099.1,no
28396,41,technician,married,university.degree,unknown,yes,yes,cellular,apr,thu,139,1,999,0,nonexistent,-1.8,93.075,-47.1,1.435,5099.1,no
28398,33,services,divorced,university.degree,no,yes,no,cellular,apr,thu,230,1,999,0,nonexistent,-1.8,93.075,-47.1,1.435,5099.1,no
28399,36,admin.,married,university.degree,no,yes,no,cellular,apr,thu,96,4,999,0,nonexistent,-1.8,93.075,-47.1,1.435,5099.1,no
28403,30,self-employed,single,university.degree,no,no,no,cellular,apr,thu,159,1,999,0,nonexistent,-1.8,93.075,-47.1,1.435,5099.1,no
28406,30,self-employed,single,university.degree,no,no,no,cellular,apr,thu,184,1,999,0,nonexistent,-1.8,93.075,-47.1,1.435,5099.1,no
28444,41,technician,married,high.school,no,yes,yes,cellular,apr,tue,142,2,999,0,nonexistent,-1.8,93.075,-47.1,1.423,5099.1,no
28450,41,technician,married,professional.course,no,yes,no,cellular,apr,tue,466,5,999,1,failure,-1.8,93.075,-47.1,1.423,5099.1,yes
28455,45,blue-collar,married,basic.9y,unknown,yes,no,cellular,apr,tue,269,3,999,1,failure,-1.8,93.075,-47.1,1.423,5099.1,no
28459,34,admin.,single,university.degree,no,yes,no,cellular,apr,tue,255,7,999,0,nonexistent,-1.8,93.075,-47.1,1.423,5099.1,no
28462,46,admin.,married,professional.course,no,yes,no,cellular,apr,tue,62,1,999,0,nonexistent,-1.8,93.075,-47.1,1.423,5099.1,no
28465,59,blue-collar,married,basic.9y,no,no,no,telephone,apr,tue,111,3,999,1,failure,-1.8,93.075,-47.1,1.423,5099.1,no
28471,34,unemployed,single,university.degree,no,yes,no,cellular,apr,tue,125,1,999,0,nonexistent,-1.8,93.075,-47.1,1.423,5099.1,yes
28480,47,self-employed,married,basic.9y,no,yes,no,telephone,apr,tue,226,5,999,0,nonexistent,-1.8,93.075,-47.1,1.423,5099.1,no
28512,57,admin.,married,high.school,no,yes,no,cellular,apr,tue,111,1,999,0,nonexistent,-1.8,93.075,-47.1,1.423,5099.1,yes
28514,61,retired,married,university.degree,no,yes,no,cellular,apr,tue,216,1,999,0,nonexistent,-1.8,93.075,-47.1,1.423,5099.1,yes
28527,41,blue-collar,married,basic.6y,no,yes,yes,cellular,apr,tue,608,2,999,0,nonexistent,-1.8,93.075,-47.1,1.423,5099.1,no
28534,56,admin.,married,basic.9y,no,yes,no,cellular,apr,wed,431,2,999,0,nonexistent,-1.8,93.075,-47.1,1.415,5099.1,no
28585,44,technician,single,professional.course,no,yes,no,cellular,apr,wed,412,2,999,0,nonexistent,-1.8,93.075,-47.1,1.415,5099.1,no
28586,32,admin.,single,high.school,no,yes,yes,cellular,apr,wed,120,1,999,0,nonexistent,-1.8,93.075,-47.1,1.415,5099.1,no
28595,57,technician,married,high.school,no,yes,no,cellular,apr,wed,82,1,999,1,failure,-1.8,93.075,-47.1,1.415,5099.1,no
28598,57,technician,married,high.school,no,yes,no,cellular,apr,wed,99,1,999,0,nonexistent,-1.8,93.075,-47.1,1.415,5099.1,no
28601,43,management,married,basic.6y,no,no,no,cellular,apr,wed,121,1,999,1,failure,-1.8,93.075,-47.1,1.415,5099.1,no
28604,25,student,single,high.school,no,no,no,cellular,apr,wed,54,1,999,0,nonexistent,-1.8,93.075,-47.1,1.415,5099.1,no
28608,55,blue-collar,single,basic.4y,no,yes,no,cellular,apr,wed,171,2,999,0,nonexistent,-1.8,93.075,-47.1,1.415,5099.1,no
28614,30,admin.,married,university.degree,no,no,no,cellular,apr,wed,520,3,999,1,failure,-1.8,93.075,-47.1,1.415,5099.1,no
28619,43,blue-collar,married,basic.6y,no,no,no,cellular,apr,wed,623,2,999,2,failure,-1.8,93.075,-47.1,1.415,5099.1,no
28640,57,technician,married,university.degree,no,yes,no,cellular,apr,thu,836,1,999,0,nonexistent,-1.8,93.075,-47.1,1.41,5099.1,yes
28647,57,retired,married,basic.4y,no,no,no,cellular,apr,thu,199,2,999,1,failure,-1.8,93.075,-47.1,1.41,5099.1,no
28655,37,entrepreneur,married,professional.course,no,no,no,cellular,apr,thu,284,1,999,1,failure,-1.8,93.075,-47.1,1.41,5099.1,no
28682,44,technician,divorced,professional.course,unknown,yes,no,cellular,apr,thu,172,2,999,0,nonexistent,-1.8,93.075,-47.1,1.41,5099.1,no
28706,37,technician,divorced,professional.course,no,yes,no,cellular,apr,thu,211,1,999,0,nonexistent,-1.8,93.075,-47.1,1.41,5099.1,no
28715,32,admin.,single,university.degree,no,no,no,cellular,apr,thu,670,1,999,0,nonexistent,-1.8,93.075,-47.1,1.41,5099.1,no
28719,55,management,married,basic.4y,unknown,no,no,cellular,apr,thu,98,1,999,0,nonexistent,-1.8,93.075,-47.1,1.41,5099.1,no
28730,44,blue-collar,married,basic.6y,no,yes,no,telephone,apr,thu,272,2,999,1,failure,-1.8,93.075,-47.1,1.41,5099.1,no
28764,59,blue-collar,married,basic.9y,no,yes,no,cellular,apr,thu,66,1,999,1,failure,-1.8,93.075,-47.1,1.41,5099.1,no
28772,34,technician,married,university.degree,no,yes,yes,cellular,apr,thu,168,1,999,0,nonexistent,-1.8,93.075,-47.1,1.41,5099.1,no
28777,29,services,single,basic.9y,unknown,yes,no,cellular,apr,thu,105,2,999,0,nonexistent,-1.8,93.075,-47.1,1.41,5099.1,no
28787,31,admin.,married,high.school,no,no,no,cellular,apr,thu,125,2,999,0,nonexistent,-1.8,93.075,-47.1,1.41,5099.1,no
28794,32,admin.,single,university.degree,no,yes,no,cellular,apr,thu,386,2,999,0,nonexistent,-1.8,93.075,-47.1,1.41,5099.1,no
28795,53,management,married,high.school,no,yes,no,cellular,apr,thu,280,2,999,1,failure,-1.8,93.075,-47.1,1.41,5099.1,no
28804,24,management,single,university.degree,no,no,no,cellular,apr,thu,640,2,999,0,nonexistent,-1.8,93.075,-47.1,1.41,5099.1,no
28813,52,retired,married,basic.4y,unknown,yes,yes,cellular,apr,thu,449,2,999,0,nonexistent,-1.8,93.075,-47.1,1.41,5099.1,no
28827,50,blue-collar,married,basic.9y,unknown,yes,no,cellular,apr,thu,1285,2,999,1,failure,-1.8,93.075,-47.1,1.41,5099.1,no
28841,25,student,single,university.degree,no,no,no,cellular,apr,thu,539,1,999,0,nonexistent,-1.8,93.075,-47.1,1.41,5099.1,no
28851,36,blue-collar,married,unknown,no,yes,no,cellular,apr,thu,466,4,999,0,nonexistent,-1.8,93.075,-47.1,1.41,5099.1,no
28855,43,management,married,university.degree,unknown,no,no,cellular,apr,thu,176,1,999,0,nonexistent,-1.8,93.075,-47.1,1.41,5099.1,no
28857,44,blue-collar,married,basic.6y,no,yes,no,cellular,apr,thu,304,1,999,0,nonexistent,-1.8,93.075,-47.1,1.41,5099.1,no
28859,28,technician,married,basic.9y,no,yes,no,cellular,apr,thu,772,1,999,0,nonexistent,-1.8,93.075,-47.1,1.41,5099.1,no
28894,38,blue-collar,married,basic.9y,unknown,no,no,cellular,apr,fri,164,1,999,0,nonexistent,-1.8,93.075,-47.1,1.405,5099.1,no
28899,48,blue-collar,married,basic.9y,no,no,no,cellular,apr,fri,50,1,999,0,nonexistent,-1.8,93.075,-47.1,1.405,5099.1,no
28902,37,blue-collar,married,basic.4y,no,no,no,cellular,apr,fri,180,2,999,0,nonexistent,-1.8,93.075,-47.1,1.405,5099.1,no
28904,45,management,married,university.degree,no,yes,no,cellular,apr,fri,345,1,999,0,nonexistent,-1.8,93.075,-47.1,1.405,5099.1,no
28905,25,technician,single,university.degree,no,no,no,cellular,apr,fri,118,1,999,0,nonexistent,-1.8,93.075,-47.1,1.405,5099.1,no
28911,41,self-employed,married,basic.9y,no,no,no,cellular,apr,fri,112,1,999,1,failure,-1.8,93.075,-47.1,1.405,5099.1,no
28916,34,entrepreneur,married,university.degree,no,no,no,cellular,apr,fri,85,1,999,1,failure,-1.8,93.075,-47.1,1.405,5099.1,no
28926,34,entrepreneur,married,university.degree,no,yes,yes,cellular,apr,fri,108,1,999,0,nonexistent,-1.8,93.075,-47.1,1.405,5099.1,no
28931,48,blue-collar,married,basic.6y,unknown,no,no,cellular,apr,fri,599,2,999,0,nonexistent,-1.8,93.075,-47.1,1.405,5099.1,no
28936,32,management,single,university.degree,no,no,no,cellular,apr,fri,82,1,999,1,failure,-1.8,93.075,-47.1,1.405,5099.1,no
28944,50,management,married,basic.6y,no,yes,no,cellular,apr,fri,704,2,999,0,nonexistent,-1.8,93.075,-47.1,1.405,5099.1,no
28947,42,blue-collar,married,basic.4y,no,yes,no,cellular,apr,fri,486,1,999,1,failure,-1.8,93.075,-47.1,1.405,5099.1,no
28955,39,admin.,single,high.school,no,yes,no,cellular,apr,fri,341,1,999,0,nonexistent,-1.8,93.075,-47.1,1.405,5099.1,no
28957,33,technician,single,high.school,no,no,no,cellular,apr,fri,1017,1,999,0,nonexistent,-1.8,93.075,-47.1,1.405,5099.1,yes
28964,30,services,single,high.school,unknown,yes,no,cellular,apr,fri,451,1,999,0,nonexistent,-1.8,93.075,-47.1,1.405,5099.1,no
28980,19,student,single,unknown,no,yes,no,cellular,apr,fri,452,3,999,0,nonexistent,-1.8,93.075,-47.1,1.405,5099.1,yes
28994,41,blue-collar,married,basic.9y,unknown,no,yes,cellular,apr,fri,251,1,999,1,failure,-1.8,93.075,-47.1,1.405,5099.1,no
29003,42,management,married,university.degree,unknown,no,no,cellular,apr,fri,981,2,999,0,nonexistent,-1.8,93.075,-47.1,1.405,5099.1,no
29007,49,management,married,university.degree,no,yes,no,cellular,apr,fri,58,1,999,0,nonexistent,-1.8,93.075,-47.1,1.405,5099.1,no
29025,44,blue-collar,married,high.school,no,yes,no,cellular,apr,fri,921,2,999,1,failure,-1.8,93.075,-47.1,1.405,5099.1,no
29026,55,management,married,university.degree,no,no,no,cellular,apr,fri,519,1,999,1,failure,-1.8,93.075,-47.1,1.405,5099.1,no
29027,36,admin.,single,high.school,no,yes,yes,cellular,apr,fri,299,2,999,0,nonexistent,-1.8,93.075,-47.1,1.405,5099.1,no
29036,55,admin.,divorced,unknown,no,no,no,cellular,apr,fri,386,2,999,0,nonexistent,-1.8,93.075,-47.1,1.405,5099.1,no
29038,47,admin.,married,high.school,unknown,unknown,unknown,cellular,apr,fri,499,2,999,0,nonexistent,-1.8,93.075,-47.1,1.405,5099.1,no
29050,47,management,married,high.school,no,no,yes,cellular,apr,fri,245,1,999,1,failure,-1.8,93.075,-47.1,1.405,5099.1,no
29056,36,blue-collar,divorced,basic.6y,unknown,yes,no,cellular,apr,fri,235,1,999,0,nonexistent,-1.8,93.075,-47.1,1.405,5099.1,no
29062,26,admin.,single,university.degree,no,no,no,telephone,apr,fri,52,6,999,0,nonexistent,-1.8,93.075,-47.1,1.405,5099.1,no
29065,41,admin.,single,high.school,no,no,no,cellular,apr,fri,68,3,999,0,nonexistent,-1.8,93.075,-47.1,1.405,5099.1,no
29072,50,management,married,university.degree,no,yes,no,telephone,apr,fri,198,1,999,0,nonexistent,-1.8,93.075,-47.1,1.405,5099.1,no
29079,45,admin.,married,high.school,no,no,no,cellular,apr,fri,191,1,999,0,nonexistent,-1.8,93.075,-47.1,1.405,5099.1,no
29081,36,admin.,single,high.school,no,yes,no,telephone,apr,fri,777,2,999,0,nonexistent,-1.8,93.075,-47.1,1.405,5099.1,no
29085,55,admin.,married,basic.4y,no,no,no,cellular,apr,fri,155,1,999,0,nonexistent,-1.8,93.075,-47.1,1.405,5099.1,no
29120,40,technician,married,professional.course,no,no,no,cellular,apr,fri,316,2,999,0,nonexistent,-1.8,93.075,-47.1,1.405,5099.1,no
29123,44,admin.,married,university.degree,no,yes,yes,cellular,apr,fri,274,1,999,0,nonexistent,-1.8,93.075,-47.1,1.405,5099.1,no
29124,48,admin.,married,university.degree,no,no,no,cellular,apr,fri,324,3,999,0,nonexistent,-1.8,93.075,-47.1,1.405,5099.1,no
29140,45,blue-collar,married,unknown,no,no,no,cellular,apr,fri,278,1,999,0,nonexistent,-1.8,93.075,-47.1,1.405,5099.1,no
29143,31,unemployed,single,basic.9y,no,yes,no,cellular,apr,fri,55,1,999,1,failure,-1.8,93.075,-47.1,1.405,5099.1,no
29146,34,blue-collar,married,basic.9y,no,yes,no,cellular,apr,fri,157,2,999,0,nonexistent,-1.8,93.075,-47.1,1.405,5099.1,no
29166,58,unemployed,married,basic.9y,unknown,no,no,cellular,apr,fri,834,1,999,0,nonexistent,-1.8,93.075,-47.1,1.405,5099.1,no
29171,32,self-employed,married,basic.6y,no,no,no,cellular,apr,fri,211,3,999,0,nonexistent,-1.8,93.075,-47.1,1.405,5099.1,no
29178,27,admin.,single,university.degree,no,yes,no,cellular,apr,fri,401,1,999,1,failure,-1.8,93.075,-47.1,1.405,5099.1,no
29191,36,blue-collar,married,unknown,no,no,no,cellular,apr,fri,231,2,999,0,nonexistent,-1.8,93.075,-47.1,1.405,5099.1,no
29209,41,admin.,married,university.degree,no,no,no,cellular,apr,fri,476,1,999,0,nonexistent,-1.8,93.075,-47.1,1.405,5099.1,yes
29210,33,admin.,single,university.degree,no,no,no,cellular,apr,fri,326,3,999,0,nonexistent,-1.8,93.075,-47.1,1.405,5099.1,no
29211,27,admin.,single,high.school,no,yes,no,cellular,apr,fri,108,1,999,0,nonexistent,-1.8,93.075,-47.1,1.405,5099.1,yes
29224,41,admin.,divorced,high.school,no,yes,no,cellular,apr,fri,114,3,999,0,nonexistent,-1.8,93.075,-47.1,1.405,5099.1,no
29231,36,admin.,divorced,high.school,no,no,no,cellular,apr,fri,165,3,999,0,nonexistent,-1.8,93.075,-47.1,1.405,5099.1,no
29234,44,admin.,single,university.degree,no,no,no,cellular,apr,fri,815,2,999,0,nonexistent,-1.8,93.075,-47.1,1.405,5099.1,no
29236,48,admin.,married,basic.4y,no,yes,no,cellular,apr,fri,224,3,999,2,failure,-1.8,93.075,-47.1,1.405,5099.1,no
29239,33,technician,single,high.school,no,no,no,cellular,apr,fri,124,2,999,0,nonexistent,-1.8,93.075,-47.1,1.405,5099.1,no
29243,36,technician,married,professional.course,no,yes,no,cellular,apr,fri,17,4,999,0,nonexistent,-1.8,93.075,-47.1,1.405,5099.1,no
29247,29,services,single,high.school,no,no,no,cellular,apr,fri,473,2,999,1,failure,-1.8,93.075,-47.1,1.405,5099.1,no
29258,36,admin.,single,high.school,no,yes,no,cellular,apr,fri,413,2,999,0,nonexistent,-1.8,93.075,-47.1,1.405,5099.1,no
29267,30,services,single,professional.course,no,yes,no,cellular,apr,fri,186,2,999,0,nonexistent,-1.8,93.075,-47.1,1.405,5099.1,no
29271,36,entrepreneur,married,basic.9y,no,yes,no,cellular,apr,fri,273,2,999,1,failure,-1.8,93.075,-47.1,1.405,5099.1,no
29277,49,technician,married,unknown,no,no,no,cellular,apr,fri,378,1,999,0,nonexistent,-1.8,93.075,-47.1,1.405,5099.1,yes
29285,55,management,married,university.degree,no,yes,no,cellular,apr,fri,949,2,999,0,nonexistent,-1.8,93.075,-47.1,1.405,5099.1,yes
29290,39,services,married,high.school,no,no,no,cellular,apr,fri,185,2,999,0,nonexistent,-1.8,93.075,-47.1,1.405,5099.1,no
29304,30,student,single,professional.course,no,no,yes,cellular,apr,fri,170,2,999,1,failure,-1.8,93.075,-47.1,1.405,5099.1,no
29311,35,blue-collar,married,basic.6y,no,no,yes,cellular,apr,fri,229,3,999,0,nonexistent,-1.8,93.075,-47.1,1.405,5099.1,no
29314,41,admin.,single,unknown,unknown,yes,no,cellular,apr,fri,464,2,999,0,nonexistent,-1.8,93.075,-47.1,1.405,5099.1,no
29338,27,unemployed,single,basic.9y,no,no,no,cellular,apr,fri,48,2,999,1,failure,-1.8,93.075,-47.1,1.405,5099.1,no
29340,29,admin.,single,university.degree,no,no,no,telephone,apr,fri,48,2,999,0,nonexistent,-1.8,93.075,-47.1,1.405,5099.1,no
29343,46,management,married,university.degree,unknown,no,no,cellular,apr,fri,183,3,999,1,failure,-1.8,93.075,-47.1,1.405,5099.1,no
29350,26,technician,single,professional.course,no,yes,no,telephone,apr,fri,100,2,999,0,nonexistent,-1.8,93.075,-47.1,1.405,5099.1,no
29354,40,admin.,single,high.school,no,yes,no,cellular,apr,fri,202,3,999,1,failure,-1.8,93.075,-47.1,1.405,5099.1,no
29397,38,services,married,high.school,no,no,no,cellular,apr,mon,95,3,999,1,failure,-1.8,93.075,-47.1,1.405,5099.1,no
29400,34,self-employed,single,university.degree,no,yes,yes,cellular,apr,mon,152,2,999,0,nonexistent,-1.8,93.075,-47.1,1.405,5099.1,no
29407,45,services,married,high.school,unknown,yes,no,cellular,apr,mon,184,2,999,1,failure,-1.8,93.075,-47.1,1.405,5099.1,no
29433,48,services,married,high.school,no,no,no,cellular,apr,mon,1112,3,999,0,nonexistent,-1.8,93.075,-47.1,1.405,5099.1,yes
29450,39,blue-collar,married,basic.4y,no,yes,no,cellular,apr,mon,421,4,999,0,nonexistent,-1.8,93.075,-47.1,1.405,5099.1,no
29453,59,self-employed,married,professional.course,no,yes,no,cellular,apr,mon,860,1,999,0,nonexistent,-1.8,93.075,-47.1,1.405,5099.1,yes
29460,47,technician,married,high.school,unknown,no,no,cellular,apr,mon,267,2,999,1,failure,-1.8,93.075,-47.1,1.405,5099.1,no
29468,35,blue-collar,married,high.school,unknown,no,no,cellular,apr,mon,29,3,999,1,failure,-1.8,93.075,-47.1,1.405,5099.1,no
29471,42,services,married,high.school,no,yes,yes,cellular,apr,mon,234,5,999,0,nonexistent,-1.8,93.075,-47.1,1.405,5099.1,no
29479,51,blue-collar,married,basic.9y,unknown,yes,no,cellular,apr,mon,143,2,999,0,nonexistent,-1.8,93.075,-47.1,1.405,5099.1,no
29481,31,blue-collar,single,basic.9y,no,no,no,cellular,apr,mon,386,1,999,0,nonexistent,-1.8,93.075,-47.1,1.405,5099.1,no
29499,73,retired,married,basic.4y,no,yes,no,cellular,apr,mon,158,1,6,1,success,-1.8,93.075,-47.1,1.405,5099.1,no
29500,54,technician,married,high.school,no,yes,no,cellular,apr,mon,178,5,999,0,nonexistent,-1.8,93.075,-47.1,1.405,5099.1,no
29503,31,blue-collar,single,basic.9y,no,no,no,cellular,apr,mon,65,5,999,0,nonexistent,-1.8,93.075,-47.1,1.405,5099.1,no
29507,37,management,married,university.degree,no,yes,no,cellular,apr,mon,198,1,999,0,nonexistent,-1.8,93.075,-47.1,1.405,5099.1,no
29508,54,technician,married,professional.course,unknown,yes,no,cellular,apr,mon,130,2,999,0,nonexistent,-1.8,93.075,-47.1,1.405,5099.1,no
29509,37,management,married,university.degree,no,no,no,cellular,apr,mon,352,1,999,0,nonexistent,-1.8,93.075,-47.1,1.405,5099.1,no
29512,53,services,married,high.school,no,yes,no,cellular,apr,mon,62,4,999,0,nonexistent,-1.8,93.075,-47.1,1.405,5099.1,no
29513,35,technician,single,university.degree,unknown,no,no,cellular,apr,mon,712,1,999,0,nonexistent,-1.8,93.075,-47.1,1.405,5099.1,no
29521,40,admin.,single,high.school,no,yes,no,cellular,apr,mon,133,1,999,0,nonexistent,-1.8,93.075,-47.1,1.405,5099.1,yes
29522,34,admin.,married,basic.9y,no,yes,no,cellular,apr,mon,317,1,999,0,nonexistent,-1.8,93.075,-47.1,1.405,5099.1,no
29552,35,blue-collar,married,high.school,unknown,yes,no,cellular,apr,mon,19,5,999,0,nonexistent,-1.8,93.075,-47.1,1.405,5099.1,no
29556,40,admin.,divorced,university.degree,no,yes,no,cellular,apr,mon,238,1,999,0,nonexistent,-1.8,93.075,-47.1,1.405,5099.1,no
29567,68,retired,married,high.school,no,yes,no,cellular,apr,mon,194,1,999,0,nonexistent,-1.8,93.075,-47.1,1.405,5099.1,yes
29576,40,retired,single,high.school,no,yes,no,cellular,apr,mon,166,4,999,0,nonexistent,-1.8,93.075,-47.1,1.405,5099.1,no
29578,35,blue-collar,married,high.school,unknown,no,no,cellular,apr,mon,63,1,999,0,nonexistent,-1.8,93.075,-47.1,1.405,5099.1,no
29592,46,admin.,married,high.school,unknown,no,no,cellular,apr,mon,11,5,999,2,failure,-1.8,93.075,-47.1,1.405,5099.1,no
29596,44,blue-collar,married,basic.4y,no,no,no,cellular,apr,mon,92,3,999,1,failure,-1.8,93.075,-47.1,1.405,5099.1,no
29599,29,blue-collar,married,basic.6y,no,no,no,cellular,apr,mon,84,1,999,0,nonexistent,-1.8,93.075,-47.1,1.405,5099.1,no
29611,26,blue-collar,single,basic.9y,no,no,no,cellular,apr,mon,586,1,999,0,nonexistent,-1.8,93.075,-47.1,1.405,5099.1,yes
29613,35,services,married,basic.9y,unknown,yes,no,cellular,apr,mon,201,3,999,0,nonexistent,-1.8,93.075,-47.1,1.405,5099.1,no
29614,31,services,divorced,high.school,no,no,no,cellular,apr,mon,379,1,999,0,nonexistent,-1.8,93.075,-47.1,1.405,5099.1,no
29617,21,services,single,basic.9y,no,no,no,cellular,apr,mon,293,2,999,0,nonexistent,-1.8,93.075,-47.1,1.405,5099.1,no
29633,56,services,married,basic.4y,no,yes,yes,cellular,apr,mon,15,1,999,0,nonexistent,-1.8,93.075,-47.1,1.405,5099.1,no
29637,31,technician,single,professional.course,no,no,no,cellular,apr,mon,217,1,999,0,nonexistent,-1.8,93.075,-47.1,1.405,5099.1,no
29646,57,services,married,high.school,unknown,yes,no,cellular,apr,mon,297,2,999,0,nonexistent,-1.8,93.075,-47.1,1.405,5099.1,no
29651,48,retired,divorced,basic.4y,unknown,yes,no,cellular,apr,mon,132,3,999,0,nonexistent,-1.8,93.075,-47.1,1.405,5099.1,no
29654,33,blue-collar,married,high.school,no,unknown,unknown,cellular,apr,mon,19,5,999,0,nonexistent,-1.8,93.075,-47.1,1.405,5099.1,no
29659,47,self-employed,married,university.degree,no,no,no,cellular,apr,mon,145,1,999,0,nonexistent,-1.8,93.075,-47.1,1.405,5099.1,no
29661,44,blue-collar,married,basic.6y,no,no,no,cellular,apr,mon,400,1,999,0,nonexistent,-1.8,93.075,-47.1,1.405,5099.1,no
29670,38,admin.,single,university.degree,no,yes,yes,cellular,apr,mon,6,1,999,0,nonexistent,-1.8,93.075,-47.1,1.405,5099.1,no
29677,56,housemaid,married,basic.4y,no,yes,no,cellular,apr,mon,325,1,999,0,nonexistent,-1.8,93.075,-47.1,1.405,5099.1,yes
29697,30,blue-collar,married,basic.4y,no,yes,no,cellular,apr,mon,202,1,999,0,nonexistent,-1.8,93.075,-47.1,1.405,5099.1,no
29726,55,admin.,married,university.degree,no,yes,no,cellular,apr,mon,247,1,999,1,failure,-1.8,93.075,-47.1,1.405,5099.1,no
29727,56,housemaid,married,university.degree,no,yes,no,cellular,apr,mon,148,1,999,0,nonexistent,-1.8,93.075,-47.1,1.405,5099.1,yes
29741,40,blue-collar,married,basic.6y,unknown,unknown,unknown,cellular,apr,mon,121,1,999,0,nonexistent,-1.8,93.075,-47.1,1.405,5099.1,no
29749,25,self-employed,divorced,university.degree,no,no,yes,cellular,apr,mon,163,1,999,0,nonexistent,-1.8,93.075,-47.1,1.405,5099.1,yes
29751,37,management,married,university.degree,no,no,no,cellular,apr,mon,666,1,999,0,nonexistent,-1.8,93.075,-47.1,1.405,5099.1,no
29758,39,management,single,university.degree,no,yes,no,cellular,apr,mon,48,3,999,0,nonexistent,-1.8,93.075,-47.1,1.405,5099.1,no
29765,31,services,divorced,high.school,no,yes,no,cellular,apr,mon,97,1,999,0,nonexistent,-1.8,93.075,-47.1,1.405,5099.1,no
29766,54,technician,married,high.school,no,no,no,cellular,apr,mon,58,3,999,2,failure,-1.8,93.075,-47.1,1.405,5099.1,no
29778,36,admin.,married,high.school,no,yes,no,cellular,apr,mon,53,1,999,0,nonexistent,-1.8,93.075,-47.1,1.405,5099.1,no
29781,53,management,divorced,university.degree,unknown,no,no,cellular,apr,mon,414,2,999,1,failure,-1.8,93.075,-47.1,1.405,5099.1,no
29791,41,blue-collar,married,basic.4y,no,no,no,cellular,apr,mon,243,2,999,0,nonexistent,-1.8,93.075,-47.1,1.405,5099.1,no
29803,50,management,married,university.degree,no,yes,yes,cellular,apr,mon,228,3,999,1,failure,-1.8,93.075,-47.1,1.405,5099.1,no
29813,50,management,married,university.degree,no,yes,no,cellular,apr,mon,143,4,999,0,nonexistent,-1.8,93.075,-47.1,1.405,5099.1,no
29837,45,blue-collar,married,basic.9y,unknown,yes,no,cellular,apr,mon,282,2,999,0,nonexistent,-1.8,93.075,-47.1,1.405,5099.1,no
29840,34,admin.,married,basic.9y,no,yes,no,cellular,apr,mon,401,2,999,0,nonexistent,-1.8,93.075,-47.1,1.405,5099.1,no
29863,57,self-employed,married,basic.4y,no,yes,no,telephone,apr,mon,534,3,999,1,failure,-1.8,93.075,-47.1,1.405,5099.1,no
29869,41,admin.,married,professional.course,no,no,no,cellular,apr,mon,9,2,999,0,nonexistent,-1.8,93.075,-47.1,1.405,5099.1,no
29872,24,technician,single,professional.course,no,yes,no,cellular,apr,mon,200,3,999,1,failure,-1.8,93.075,-47.1,1.405,5099.1,no
29879,50,admin.,married,high.school,no,yes,no,cellular,apr,mon,562,2,999,0,nonexistent,-1.8,93.075,-47.1,1.405,5099.1,no
29881,46,services,married,high.school,no,no,no,cellular,apr,mon,124,4,999,0,nonexistent,-1.8,93.075,-47.1,1.405,5099.1,no
29899,38,technician,single,professional.course,no,yes,no,cellular,apr,mon,152,5,999,0,nonexistent,-1.8,93.075,-47.1,1.405,5099.1,no
29902,38,entrepreneur,married,basic.9y,no,yes,no,cellular,apr,mon,13,4,999,1,failure,-1.8,93.075,-47.1,1.405,5099.1,no
29922,32,services,married,high.school,no,no,no,cellular,apr,mon,259,3,999,0,nonexistent,-1.8,93.075,-47.1,1.405,5099.1,no
29929,33,blue-collar,married,basic.9y,unknown,no,yes,cellular,apr,mon,243,2,999,1,failure,-1.8,93.075,-47.1,1.405,5099.1,no
29931,39,admin.,married,university.degree,no,no,no,cellular,apr,mon,355,3,999,2,failure,-1.8,93.075,-47.1,1.405,5099.1,no
29932,37,services,single,professional.course,no,yes,no,cellular,apr,mon,307,4,999,0,nonexistent,-1.8,93.075,-47.1,1.405,5099.1,no
29948,35,blue-collar,married,basic.4y,unknown,no,no,cellular,apr,mon,212,2,999,0,nonexistent,-1.8,93.075,-47.1,1.405,5099.1,no
29959,42,blue-collar,married,high.school,no,no,yes,cellular,apr,mon,178,5,999,1,failure,-1.8,93.075,-47.1,1.405,5099.1,no
29966,39,admin.,married,high.school,no,yes,no,cellular,apr,mon,149,2,999,0,nonexistent,-1.8,93.075,-47.1,1.405,5099.1,no
29973,56,self-employed,married,university.degree,no,no,no,cellular,apr,tue,110,2,999,0,nonexistent,-1.8,93.075,-47.1,1.405,5099.1,yes
29981,31,technician,single,university.degree,no,no,no,telephone,apr,tue,207,17,999,0,nonexistent,-1.8,93.075,-47.1,1.405,5099.1,yes
29983,44,unknown,divorced,unknown,no,no,no,cellular,apr,tue,189,1,999,0,nonexistent,-1.8,93.075,-47.1,1.405,5099.1,no
29985,31,technician,single,university.degree,no,unknown,unknown,telephone,apr,tue,222,1,999,0,nonexistent,-1.8,93.075,-47.1,1.405,5099.1,no
30000,34,admin.,divorced,high.school,no,yes,no,telephone,apr,tue,946,3,999,0,nonexistent,-1.8,93.075,-47.1,1.405,5099.1,no
30021,23,admin.,single,university.degree,no,yes,no,cellular,apr,wed,219,1,999,0,nonexistent,-1.8,93.075,-47.1,1.405,5099.1,yes
30023,45,self-employed,single,basic.9y,no,yes,no,cellular,apr,wed,156,1,999,0,nonexistent,-1.8,93.075,-47.1,1.405,5099.1,no
30024,23,admin.,single,university.degree,no,no,no,cellular,apr,wed,314,1,999,1,failure,-1.8,93.075,-47.1,1.405,5099.1,yes
30031,39,admin.,married,university.degree,no,no,no,cellular,apr,wed,94,1,999,0,nonexistent,-1.8,93.075,-47.1,1.405,5099.1,yes
30039,25,admin.,single,high.school,no,yes,no,cellular,apr,wed,108,3,999,1,failure,-1.8,93.075,-47.1,1.405,5099.1,no
30050,25,admin.,single,university.degree,no,yes,no,cellular,apr,thu,229,2,999,0,nonexistent,-1.8,93.075,-47.1,1.406,5099.1,yes
30059,44,admin.,married,university.degree,no,no,no,cellular,apr,thu,172,1,999,0,nonexistent,-1.8,93.075,-47.1,1.406,5099.1,yes
30060,35,technician,married,university.degree,no,no,no,cellular,apr,thu,270,2,999,0,nonexistent,-1.8,93.075,-47.1,1.406,5099.1,yes
30061,50,admin.,married,university.degree,no,yes,yes,telephone,apr,thu,413,3,999,0,nonexistent,-1.8,93.075,-47.1,1.406,5099.1,yes
30071,37,technician,single,high.school,no,yes,no,telephone,apr,thu,77,2,999,0,nonexistent,-1.8,93.075,-47.1,1.406,5099.1,no
30079,85,retired,married,basic.4y,no,yes,no,cellular,apr,fri,117,2,999,0,nonexistent,-1.8,93.075,-47.1,1.4,5099.1,no
30080,80,blue-collar,married,high.school,no,no,no,cellular,apr,fri,105,6,999,3,failure,-1.8,93.075,-47.1,1.4,5099.1,no
30091,27,management,married,university.degree,no,no,no,cellular,apr,mon,54,1,999,0,nonexistent,-1.8,93.075,-47.1,1.392,5099.1,no
30096,64,retired,married,university.degree,no,no,no,telephone,apr,mon,227,3,999,0,nonexistent,-1.8,93.075,-47.1,1.392,5099.1,no
30100,41,admin.,married,high.school,no,no,no,cellular,apr,mon,160,1,999,0,nonexistent,-1.8,93.075,-47.1,1.392,5099.1,no
30105,62,self-employed,married,university.degree,no,no,no,cellular,apr,mon,66,1,999,0,nonexistent,-1.8,93.075,-47.1,1.392,5099.1,no
30107,38,technician,married,professional.course,no,yes,no,cellular,apr,mon,90,2,999,0,nonexistent,-1.8,93.075,-47.1,1.392,5099.1,no
30108,34,unknown,married,basic.4y,no,no,no,telephone,apr,mon,151,3,999,0,nonexistent,-1.8,93.075,-47.1,1.392,5099.1,no
30120,47,services,married,high.school,no,yes,no,cellular,apr,wed,636,2,999,0,nonexistent,-1.8,93.075,-47.1,1.372,5099.1,yes
30128,24,technician,single,university.degree,no,yes,no,cellular,apr,thu,170,1,999,0,nonexistent,-1.8,93.075,-47.1,1.365,5099.1,no
30144,26,admin.,single,university.degree,no,yes,no,cellular,apr,thu,239,1,999,0,nonexistent,-1.8,93.075,-47.1,1.365,5099.1,yes
30148,31,admin.,single,university.degree,no,yes,no,cellular,apr,thu,63,1,999,0,nonexistent,-1.8,93.075,-47.1,1.365,5099.1,no
30157,21,admin.,single,high.school,no,no,no,cellular,apr,thu,264,1,999,0,nonexistent,-1.8,93.075,-47.1,1.365,5099.1,no
30172,77,retired,divorced,basic.4y,no,no,no,cellular,apr,thu,155,1,999,1,failure,-1.8,93.075,-47.1,1.365,5099.1,no
30197,54,housemaid,married,high.school,no,yes,no,cellular,apr,thu,41,1,999,0,nonexistent,-1.8,93.075,-47.1,1.365,5099.1,no
30198,34,admin.,married,university.degree,no,yes,yes,cellular,apr,thu,177,2,999,0,nonexistent,-1.8,93.075,-47.1,1.365,5099.1,yes
30204,54,housemaid,married,high.school,no,no,no,cellular,apr,thu,381,1,999,0,nonexistent,-1.8,93.075,-47.1,1.365,5099.1,yes
30209,32,admin.,married,university.degree,no,yes,no,cellular,apr,thu,116,1,999,1,failure,-1.8,93.075,-47.1,1.365,5099.1,no
30210,37,self-employed,single,university.degree,no,yes,no,cellular,apr,thu,465,1,999,0,nonexistent,-1.8,93.075,-47.1,1.365,5099.1,yes
30226,81,retired,married,professional.course,no,yes,no,cellular,apr,thu,99,2,999,0,nonexistent,-1.8,93.075,-47.1,1.365,5099.1,no
30248,39,technician,married,professional.course,no,no,no,cellular,apr,thu,225,1,2,1,success,-1.8,93.075,-47.1,1.365,5099.1,yes
30249,34,technician,married,professional.course,no,yes,no,cellular,apr,thu,258,2,999,0,nonexistent,-1.8,93.075,-47.1,1.365,5099.1,no
30253,42,services,married,high.school,no,yes,no,cellular,apr,thu,344,1,999,0,nonexistent,-1.8,93.075,-47.1,1.365,5099.1,yes
30256,56,entrepreneur,married,university.degree,no,no,no,cellular,apr,thu,24,1,999,0,nonexistent,-1.8,93.075,-47.1,1.365,5099.1,no
30261,29,admin.,single,university.degree,no,no,no,cellular,apr,thu,800,1,999,0,nonexistent,-1.8,93.075,-47.1,1.365,5099.1,yes
30267,45,management,married,university.degree,unknown,yes,no,cellular,apr,thu,452,2,999,0,nonexistent,-1.8,93.075,-47.1,1.365,5099.1,no
30271,30,admin.,married,university.degree,no,yes,no,cellular,apr,thu,461,1,999,0,nonexistent,-1.8,93.075,-47.1,1.365,5099.1,yes
30276,29,admin.,single,professional.course,no,yes,no,cellular,apr,thu,130,2,999,0,nonexistent,-1.8,93.075,-47.1,1.365,5099.1,no
30283,24,student,single,high.school,no,no,yes,cellular,apr,thu,209,1,999,0,nonexistent,-1.8,93.075,-47.1,1.365,5099.1,yes
30284,56,entrepreneur,married,university.degree,no,no,no,cellular,apr,thu,457,1,2,1,success,-1.8,93.075,-47.1,1.365,5099.1,yes
30303,49,admin.,divorced,university.degree,no,no,no,cellular,apr,thu,532,1,999,0,nonexistent,-1.8,93.075,-47.1,1.365,5099.1,yes
30310,37,admin.,married,high.school,no,yes,no,cellular,apr,thu,574,1,999,0,nonexistent,-1.8,93.075,-47.1,1.365,5099.1,yes
30323,27,student,single,unknown,unknown,yes,no,cellular,apr,thu,458,1,999,0,nonexistent,-1.8,93.075,-47.1,1.365,5099.1,yes
30324,60,admin.,married,professional.course,no,yes,no,cellular,apr,thu,473,1,999,1,failure,-1.8,93.075,-47.1,1.365,5099.1,yes
30359,28,admin.,married,university.degree,no,yes,no,cellular,apr,thu,63,1,999,0,nonexistent,-1.8,93.075,-47.1,1.365,5099.1,no
30361,58,retired,married,basic.4y,no,no,no,cellular,apr,thu,266,1,999,1,failure,-1.8,93.075,-47.1,1.365,5099.1,yes
30363,41,technician,divorced,professional.course,no,no,no,cellular,apr,thu,774,2,999,1,failure,-1.8,93.075,-47.1,1.365,5099.1,yes
30365,28,student,single,high.school,no,yes,no,cellular,apr,thu,121,1,999,1,failure,-1.8,93.075,-47.1,1.365,5099.1,no
30367,49,technician,single,university.degree,no,yes,no,cellular,apr,thu,861,2,999,0,nonexistent,-1.8,93.075,-47.1,1.365,5099.1,yes
30374,40,services,married,basic.9y,no,yes,no,cellular,apr,thu,264,2,999,1,failure,-1.8,93.075,-47.1,1.365,5099.1,no
30378,30,admin.,single,university.degree,no,yes,yes,telephone,apr,thu,874,2,999,0,nonexistent,-1.8,93.075,-47.1,1.365,5099.1,yes
30382,46,admin.,married,basic.6y,no,yes,no,cellular,apr,thu,513,1,999,0,nonexistent,-1.8,93.075,-47.1,1.365,5099.1,no
30406,37,admin.,married,high.school,no,no,no,cellular,apr,thu,73,3,999,0,nonexistent,-1.8,93.075,-47.1,1.365,5099.1,no
30411,56,entrepreneur,married,university.degree,no,no,no,telephone,apr,thu,95,1,999,0,nonexistent,-1.8,93.075,-47.1,1.365,5099.1,no
30414,64,admin.,married,university.degree,no,no,yes,telephone,apr,thu,766,3,2,1,success,-1.8,93.075,-47.1,1.365,5099.1,yes
30415,56,entrepreneur,married,university.degree,no,yes,no,cellular,apr,thu,266,1,999,0,nonexistent,-1.8,93.075,-47.1,1.365,5099.1,yes
30434,57,entrepreneur,married,basic.9y,no,yes,no,cellular,may,mon,47,2,999,0,nonexistent,-1.8,92.893,-46.2,1.354,5099.1,no
30439,46,technician,married,high.school,no,no,no,cellular,may,mon,60,5,3,1,success,-1.8,92.893,-46.2,1.354,5099.1,no
30440,36,entrepreneur,married,university.degree,no,no,no,telephone,may,mon,410,4,999,0,nonexistent,-1.8,92.893,-46.2,1.354,5099.1,yes
30442,39,admin.,married,high.school,no,yes,no,cellular,may,mon,303,3,999,0,nonexistent,-1.8,92.893,-46.2,1.354,5099.1,yes
30449,35,services,married,basic.6y,no,no,no,cellular,may,mon,392,2,3,2,success,-1.8,92.893,-46.2,1.354,5099.1,yes
30456,30,unknown,married,professional.course,no,yes,no,cellular,may,mon,359,1,999,0,nonexistent,-1.8,92.893,-46.2,1.354,5099.1,no
30457,49,admin.,married,university.degree,no,yes,yes,telephone,may,mon,16,1,999,0,nonexistent,-1.8,92.893,-46.2,1.354,5099.1,no
30459,30,management,single,university.degree,no,yes,yes,cellular,may,mon,447,1,999,0,nonexistent,-1.8,92.893,-46.2,1.354,5099.1,yes
30460,31,admin.,divorced,university.degree,no,yes,no,cellular,may,mon,226,1,999,0,nonexistent,-1.8,92.893,-46.2,1.354,5099.1,yes
30461,81,retired,married,basic.9y,no,no,no,cellular,may,mon,170,2,999,1,failure,-1.8,92.893,-46.2,1.354,5099.1,no
30462,39,admin.,married,high.school,no,no,no,cellular,may,mon,597,1,999,0,nonexistent,-1.8,92.893,-46.2,1.354,5099.1,yes
30473,50,blue-collar,married,basic.6y,no,yes,no,cellular,may,mon,293,3,3,1,success,-1.8,92.893,-46.2,1.354,5099.1,yes
30484,27,student,single,high.school,no,no,no,cellular,may,mon,64,2,999,1,failure,-1.8,92.893,-46.2,1.354,5099.1,no
30497,42,admin.,married,professional.course,no,no,yes,cellular,may,mon,300,1,999,0,nonexistent,-1.8,92.893,-46.2,1.354,5099.1,yes
30501,26,admin.,single,university.degree,no,yes,no,telephone,may,mon,77,2,999,0,nonexistent,-1.8,92.893,-46.2,1.354,5099.1,no
30512,60,blue-collar,married,unknown,unknown,yes,no,cellular,may,mon,26,5,999,0,nonexistent,-1.8,92.893,-46.2,1.354,5099.1,no
30514,30,admin.,single,university.degree,no,no,no,telephone,may,mon,222,6,999,0,nonexistent,-1.8,92.893,-46.2,1.354,5099.1,no
30519,45,blue-collar,married,basic.9y,no,yes,no,cellular,may,mon,54,2,999,0,nonexistent,-1.8,92.893,-46.2,1.354,5099.1,no
30543,20,technician,single,university.degree,no,no,no,cellular,may,mon,237,5,999,0,nonexistent,-1.8,92.893,-46.2,1.354,5099.1,yes
30549,39,blue-collar,married,basic.9y,no,no,yes,cellular,may,mon,124,3,999,2,failure,-1.8,92.893,-46.2,1.354,5099.1,no
30567,56,housemaid,married,high.school,no,yes,yes,telephone,may,mon,290,3,999,1,failure,-1.8,92.893,-46.2,1.354,5099.1,no
30569,57,self-employed,married,university.degree,no,yes,no,cellular,may,mon,949,3,999,0,nonexistent,-1.8,92.893,-46.2,1.354,5099.1,yes
30578,28,technician,single,high.school,no,yes,no,cellular,may,mon,134,3,999,1,failure,-1.8,92.893,-46.2,1.354,5099.1,no
30591,46,services,married,basic.6y,no,yes,no,telephone,may,mon,89,5,999,0,nonexistent,-1.8,92.893,-46.2,1.354,5099.1,no
30635,56,housemaid,married,high.school,no,no,no,cellular,may,mon,9,8,999,0,nonexistent,-1.8,92.893,-46.2,1.354,5099.1,no
30657,40,admin.,single,high.school,no,yes,no,cellular,may,tue,142,3,999,0,nonexistent,-1.8,92.893,-46.2,1.344,5099.1,no
30661,48,services,married,basic.4y,no,no,no,cellular,may,tue,17,5,999,1,failure,-1.8,92.893,-46.2,1.344,5099.1,no
30664,55,retired,married,basic.4y,no,no,no,cellular,may,tue,43,5,999,0,nonexistent,-1.8,92.893,-46.2,1.344,5099.1,no
30700,36,blue-collar,married,basic.9y,no,no,no,cellular,may,tue,151,1,999,0,nonexistent,-1.8,92.893,-46.2,1.344,5099.1,no
30709,47,services,married,high.school,unknown,yes,no,cellular,may,tue,377,1,999,1,failure,-1.8,92.893,-46.2,1.344,5099.1,no
30713,40,admin.,single,high.school,no,no,no,cellular,may,tue,17,6,999,0,nonexistent,-1.8,92.893,-46.2,1.344,5099.1,no
30722,49,admin.,married,high.school,no,yes,no,cellular,may,tue,668,1,999,1,failure,-1.8,92.893,-46.2,1.344,5099.1,yes
30732,49,blue-collar,married,professional.course,no,no,no,cellular,may,tue,118,1,999,0,nonexistent,-1.8,92.893,-46.2,1.344,5099.1,no
30738,43,blue-collar,married,basic.6y,no,yes,no,cellular,may,tue,286,1,999,1,failure,-1.8,92.893,-46.2,1.344,5099.1,no
30745,34,blue-collar,married,high.school,no,yes,no,cellular,may,tue,863,1,3,2,success,-1.8,92.893,-46.2,1.344,5099.1,yes
30752,42,blue-collar,married,basic.9y,no,no,no,cellular,may,tue,80,1,999,1,failure,-1.8,92.893,-46.2,1.344,5099.1,no
30754,40,management,married,university.degree,no,yes,no,cellular,may,tue,459,1,999,0,nonexistent,-1.8,92.893,-46.2,1.344,5099.1,no
30758,45,blue-collar,married,unknown,unknown,yes,no,cellular,may,tue,131,1,999,0,nonexistent,-1.8,92.893,-46.2,1.344,5099.1,no
30762,55,self-employed,married,basic.9y,no,yes,no,cellular,may,tue,604,1,999,0,nonexistent,-1.8,92.893,-46.2,1.344,5099.1,no
30779,36,blue-collar,married,basic.9y,no,yes,no,cellular,may,tue,620,1,999,0,nonexistent,-1.8,92.893,-46.2,1.344,5099.1,no
30798,42,blue-collar,married,basic.4y,no,yes,no,cellular,may,tue,196,1,999,0,nonexistent,-1.8,92.893,-46.2,1.344,5099.1,no
30806,48,blue-collar,married,basic.9y,no,yes,no,cellular,may,tue,258,1,999,0,nonexistent,-1.8,92.893,-46.2,1.344,5099.1,no
30810,33,admin.,single,high.school,no,no,no,cellular,may,tue,151,1,999,0,nonexistent,-1.8,92.893,-46.2,1.344,5099.1,no
30821,32,admin.,divorced,high.school,no,yes,no,cellular,may,tue,294,1,999,0,nonexistent,-1.8,92.893,-46.2,1.344,5099.1,no
30828,32,services,married,high.school,no,no,no,cellular,may,tue,79,1,999,0,nonexistent,-1.8,92.893,-46.2,1.344,5099.1,no
30832,45,blue-collar,single,basic.9y,unknown,yes,no,cellular,may,tue,623,1,999,0,nonexistent,-1.8,92.893,-46.2,1.344,5099.1,no
30868,34,services,married,high.school,no,no,no,cellular,may,tue,542,4,999,1,failure,-1.8,92.893,-46.2,1.344,5099.1,no
30870,58,services,divorced,high.school,unknown,yes,no,cellular,may,tue,237,4,999,2,failure,-1.8,92.893,-46.2,1.344,5099.1,no
30873,34,technician,single,professional.course,no,no,no,cellular,may,tue,1221,2,999,1,failure,-1.8,92.893,-46.2,1.344,5099.1,yes
30874,38,entrepreneur,married,basic.4y,no,yes,no,cellular,may,tue,360,1,999,1,failure,-1.8,92.893,-46.2,1.344,5099.1,no
30881,39,blue-collar,married,basic.6y,unknown,no,no,cellular,may,tue,132,1,999,0,nonexistent,-1.8,92.893,-46.2,1.344,5099.1,no
30883,37,services,single,basic.9y,no,no,no,cellular,may,tue,348,1,999,0,nonexistent,-1.8,92.893,-46.2,1.344,5099.1,no
30884,54,services,divorced,university.degree,no,yes,no,cellular,may,tue,335,1,999,1,failure,-1.8,92.893,-46.2,1.344,5099.1,no
30908,34,blue-collar,married,basic.6y,no,yes,no,cellular,may,tue,162,1,999,1,failure,-1.8,92.893,-46.2,1.344,5099.1,no
30920,36,entrepreneur,married,high.school,no,yes,no,cellular,may,tue,283,1,999,1,failure,-1.8,92.893,-46.2,1.344,5099.1,no
30934,45,admin.,single,high.school,no,yes,no,cellular,may,tue,305,2,999,0,nonexistent,-1.8,92.893,-46.2,1.344,5099.1,no
30941,42,entrepreneur,divorced,professional.course,no,yes,no,cellular,may,tue,355,2,999,0,nonexistent,-1.8,92.893,-46.2,1.344,5099.1,no
30951,28,services,single,unknown,no,yes,no,cellular,may,tue,83,9,999,1,failure,-1.8,92.893,-46.2,1.344,5099.1,no
30957,30,services,single,high.school,no,no,no,cellular,may,tue,263,2,999,0,nonexistent,-1.8,92.893,-46.2,1.344,5099.1,no
30966,32,technician,married,basic.9y,no,yes,no,cellular,may,tue,500,2,999,0,nonexistent,-1.8,92.893,-46.2,1.344,5099.1,yes
30979,43,management,married,university.degree,unknown,no,no,cellular,may,tue,167,2,999,1,failure,-1.8,92.893,-46.2,1.344,5099.1,no
30984,34,blue-collar,married,basic.6y,no,yes,no,cellular,may,tue,477,3,999,0,nonexistent,-1.8,92.893,-46.2,1.344,5099.1,no
30986,41,blue-collar,married,basic.4y,unknown,unknown,unknown,cellular,may,tue,124,2,999,0,nonexistent,-1.8,92.893,-46.2,1.344,5099.1,no
31004,34,admin.,married,high.school,no,no,no,cellular,may,tue,205,2,999,0,nonexistent,-1.8,92.893,-46.2,1.344,5099.1,no
31009,34,blue-collar,married,basic.9y,no,no,no,cellular,may,tue,52,3,999,0,nonexistent,-1.8,92.893,-46.2,1.344,5099.1,no
31015,29,entrepreneur,married,basic.6y,no,no,no,cellular,may,tue,118,3,999,0,nonexistent,-1.8,92.893,-46.2,1.344,5099.1,no
31018,35,blue-collar,divorced,basic.9y,no,no,no,cellular,may,tue,176,1,999,0,nonexistent,-1.8,92.893,-46.2,1.344,5099.1,no
31021,42,admin.,married,high.school,no,yes,no,cellular,may,tue,111,1,999,0,nonexistent,-1.8,92.893,-46.2,1.344,5099.1,no
31022,48,blue-collar,single,basic.4y,no,no,no,cellular,may,tue,275,1,999,0,nonexistent,-1.8,92.893,-46.2,1.344,5099.1,no
31027,26,management,single,university.degree,no,yes,no,cellular,may,tue,165,1,999,0,nonexistent,-1.8,92.893,-46.2,1.344,5099.1,no
31032,38,blue-collar,married,professional.course,no,yes,no,cellular,may,tue,418,3,999,0,nonexistent,-1.8,92.893,-46.2,1.344,5099.1,no
31058,48,blue-collar,married,basic.4y,unknown,no,no,cellular,may,wed,78,1,999,1,failure,-1.8,92.893,-46.2,1.334,5099.1,no
31059,36,management,married,basic.9y,no,yes,yes,cellular,may,wed,438,1,999,0,nonexistent,-1.8,92.893,-46.2,1.334,5099.1,no
31075,35,services,single,high.school,no,yes,no,cellular,may,wed,87,1,999,1,failure,-1.8,92.893,-46.2,1.334,5099.1,no
31077,58,services,married,basic.6y,unknown,no,no,cellular,may,wed,327,1,999,0,nonexistent,-1.8,92.893,-46.2,1.334,5099.1,no
31083,37,blue-collar,married,basic.9y,no,yes,no,cellular,may,wed,345,1,999,0,nonexistent,-1.8,92.893,-46.2,1.334,5099.1,no
31085,29,admin.,single,university.degree,no,yes,no,cellular,may,wed,133,1,999,0,nonexistent,-1.8,92.893,-46.2,1.334,5099.1,no
31100,39,blue-collar,married,basic.9y,unknown,no,yes,cellular,may,wed,343,3,999,1,failure,-1.8,92.893,-46.2,1.334,5099.1,no
31128,31,services,married,high.school,no,no,yes,cellular,may,wed,109,1,999,0,nonexistent,-1.8,92.893,-46.2,1.334,5099.1,no
31131,39,blue-collar,married,professional.course,no,yes,no,cellular,may,wed,145,1,999,0,nonexistent,-1.8,92.893,-46.2,1.334,5099.1,no
31132,39,blue-collar,married,professional.course,no,yes,no,cellular,may,wed,72,1,999,0,nonexistent,-1.8,92.893,-46.2,1.334,5099.1,no
31150,44,blue-collar,married,basic.6y,no,yes,no,cellular,may,wed,168,1,999,0,nonexistent,-1.8,92.893,-46.2,1.334,5099.1,no
31164,28,technician,single,high.school,no,yes,no,cellular,may,wed,576,2,999,0,nonexistent,-1.8,92.893,-46.2,1.334,5099.1,yes
31178,26,blue-collar,married,basic.9y,no,yes,no,cellular,may,wed,209,1,999,0,nonexistent,-1.8,92.893,-46.2,1.334,5099.1,no
31188,43,management,married,university.degree,no,yes,no,cellular,may,wed,124,1,999,1,failure,-1.8,92.893,-46.2,1.334,5099.1,no
31190,43,management,married,university.degree,no,no,yes,cellular,may,wed,226,1,999,0,nonexistent,-1.8,92.893,-46.2,1.334,5099.1,no
31200,34,blue-collar,married,basic.4y,no,yes,yes,cellular,may,wed,338,4,999,0,nonexistent,-1.8,92.893,-46.2,1.334,5099.1,no
31218,37,blue-collar,married,basic.9y,no,no,no,cellular,may,wed,225,2,999,0,nonexistent,-1.8,92.893,-46.2,1.334,5099.1,no
31219,38,admin.,married,basic.9y,no,yes,no,cellular,may,wed,472,1,999,0,nonexistent,-1.8,92.893,-46.2,1.334,5099.1,no
31222,41,blue-collar,married,basic.9y,no,no,no,cellular,may,wed,94,1,999,0,nonexistent,-1.8,92.893,-46.2,1.334,5099.1,no
31223,38,blue-collar,married,basic.4y,no,no,no,cellular,may,wed,161,1,999,1,failure,-1.8,92.893,-46.2,1.334,5099.1,no
31228,42,self-employed,married,university.degree,unknown,unknown,unknown,cellular,may,wed,64,2,999,1,failure,-1.8,92.893,-46.2,1.334,5099.1,no
31230,38,blue-collar,married,high.school,unknown,yes,no,cellular,may,wed,198,1,999,0,nonexistent,-1.8,92.893,-46.2,1.334,5099.1,no
31239,54,management,divorced,university.degree,no,yes,yes,telephone,may,wed,39,1,999,1,failure,-1.8,92.893,-46.2,1.334,5099.1,no
31245,29,blue-collar,married,basic.9y,no,yes,no,cellular,may,wed,318,1,999,0,nonexistent,-1.8,92.893,-46.2,1.334,5099.1,no
31249,53,technician,divorced,university.degree,no,yes,no,cellular,may,wed,167,1,999,1,failure,-1.8,92.893,-46.2,1.334,5099.1,no
31256,48,blue-collar,married,basic.4y,no,yes,no,cellular,may,wed,477,2,999,0,nonexistent,-1.8,92.893,-46.2,1.334,5099.1,no
31259,29,blue-collar,married,basic.9y,no,no,yes,cellular,may,wed,837,1,999,0,nonexistent,-1.8,92.893,-46.2,1.334,5099.1,yes
31263,42,blue-collar,married,basic.9y,no,no,no,cellular,may,wed,51,1,999,1,failure,-1.8,92.893,-46.2,1.334,5099.1,no
31267,34,blue-collar,married,unknown,no,no,yes,cellular,may,wed,106,2,999,0,nonexistent,-1.8,92.893,-46.2,1.334,5099.1,no
31269,36,blue-collar,married,basic.9y,no,yes,no,cellular,may,wed,184,2,999,1,failure,-1.8,92.893,-46.2,1.334,5099.1,no
31279,32,services,single,basic.9y,no,no,yes,cellular,may,wed,148,1,999,0,nonexistent,-1.8,92.893,-46.2,1.334,5099.1,no
31295,30,blue-collar,married,basic.9y,unknown,yes,no,cellular,may,wed,176,1,999,0,nonexistent,-1.8,92.893,-46.2,1.334,5099.1,no
31298,41,blue-collar,married,basic.6y,no,yes,no,cellular,may,wed,189,2,999,1,failure,-1.8,92.893,-46.2,1.334,5099.1,no
31301,43,blue-collar,married,basic.9y,no,no,yes,cellular,may,wed,179,2,999,0,nonexistent,-1.8,92.893,-46.2,1.334,5099.1,no
31316,34,admin.,unknown,university.degree,no,no,no,cellular,may,wed,139,2,999,1,failure,-1.8,92.893,-46.2,1.334,5099.1,no
31335,45,blue-collar,married,basic.4y,unknown,no,no,cellular,may,wed,193,1,999,0,nonexistent,-1.8,92.893,-46.2,1.334,5099.1,no
31336,44,blue-collar,married,basic.6y,no,no,no,cellular,may,wed,288,1,999,1,failure,-1.8,92.893,-46.2,1.334,5099.1,no
31364,33,admin.,single,university.degree,no,yes,no,cellular,may,wed,194,2,999,0,nonexistent,-1.8,92.893,-46.2,1.334,5099.1,no
31366,34,admin.,married,high.school,no,no,yes,cellular,may,wed,811,1,999,0,nonexistent,-1.8,92.893,-46.2,1.334,5099.1,no
31370,54,blue-collar,married,high.school,no,yes,yes,cellular,may,wed,184,1,999,0,nonexistent,-1.8,92.893,-46.2,1.334,5099.1,no
31373,38,blue-collar,married,high.school,unknown,yes,no,cellular,may,wed,118,1,999,1,failure,-1.8,92.893,-46.2,1.334,5099.1,no
31377,39,blue-collar,divorced,basic.9y,unknown,no,no,cellular,may,wed,482,2,999,0,nonexistent,-1.8,92.893,-46.2,1.334,5099.1,no
31379,29,admin.,single,university.degree,no,no,no,cellular,may,wed,198,2,999,2,failure,-1.8,92.893,-46.2,1.334,5099.1,no
31380,35,blue-collar,married,basic.9y,no,no,no,cellular,may,wed,145,1,999,0,nonexistent,-1.8,92.893,-46.2,1.334,5099.1,no
31388,36,blue-collar,married,basic.9y,no,yes,no,cellular,may,wed,181,1,999,0,nonexistent,-1.8,92.893,-46.2,1.334,5099.1,no
31394,51,admin.,divorced,high.school,no,yes,yes,cellular,may,wed,316,2,999,1,failure,-1.8,92.893,-46.2,1.334,5099.1,no
31399,58,blue-collar,single,basic.9y,no,yes,no,cellular,may,wed,127,2,999,0,nonexistent,-1.8,92.893,-46.2,1.334,5099.1,no
31418,39,management,married,university.degree,unknown,no,no,cellular,may,wed,825,2,999,0,nonexistent,-1.8,92.893,-46.2,1.334,5099.1,no
31423,33,admin.,single,university.degree,no,yes,no,cellular,may,wed,96,2,999,1,failure,-1.8,92.893,-46.2,1.334,5099.1,no
31440,47,blue-collar,married,basic.9y,no,yes,yes,cellular,may,wed,74,6,999,2,failure,-1.8,92.893,-46.2,1.334,5099.1,no
31446,52,admin.,single,unknown,unknown,no,yes,cellular,may,wed,346,3,999,0,nonexistent,-1.8,92.893,-46.2,1.334,5099.1,no
31448,35,services,married,basic.9y,no,yes,no,cellular,may,wed,523,2,999,1,failure,-1.8,92.893,-46.2,1.334,5099.1,no
31455,37,admin.,single,high.school,no,no,no,cellular,may,wed,151,2,999,0,nonexistent,-1.8,92.893,-46.2,1.334,5099.1,no
31471,31,blue-collar,married,basic.9y,unknown,no,no,cellular,may,wed,242,2,999,2,failure,-1.8,92.893,-46.2,1.334,5099.1,no
31473,39,blue-collar,married,basic.9y,no,no,no,cellular,may,wed,129,3,999,0,nonexistent,-1.8,92.893,-46.2,1.334,5099.1,no
31475,31,blue-collar,married,basic.6y,unknown,yes,no,cellular,may,wed,290,2,999,0,nonexistent,-1.8,92.893,-46.2,1.334,5099.1,no
31484,35,technician,married,professional.course,no,no,yes,cellular,may,wed,273,4,999,0,nonexistent,-1.8,92.893,-46.2,1.334,5099.1,no
31497,42,blue-collar,married,basic.6y,unknown,yes,no,cellular,may,wed,458,3,999,0,nonexistent,-1.8,92.893,-46.2,1.334,5099.1,no
31498,34,technician,married,professional.course,no,yes,no,cellular,may,wed,91,3,999,0,nonexistent,-1.8,92.893,-46.2,1.334,5099.1,no
31510,52,blue-collar,married,basic.4y,no,no,no,cellular,may,wed,667,2,999,0,nonexistent,-1.8,92.893,-46.2,1.334,5099.1,yes
31523,39,technician,married,professional.course,no,no,no,cellular,may,thu,31,2,999,1,failure,-1.8,92.893,-46.2,1.327,5099.1,no
31524,57,admin.,married,high.school,unknown,yes,no,cellular,may,thu,55,5,999,0,nonexistent,-1.8,92.893,-46.2,1.327,5099.1,no
31527,38,management,married,unknown,no,no,no,telephone,may,thu,25,5,999,1,failure,-1.8,92.893,-46.2,1.327,5099.1,no
31531,44,blue-collar,married,basic.9y,no,no,no,cellular,may,thu,315,2,999,0,nonexistent,-1.8,92.893,-46.2,1.327,5099.1,no
31532,28,services,married,basic.9y,unknown,yes,no,cellular,may,thu,343,3,999,0,nonexistent,-1.8,92.893,-46.2,1.327,5099.1,no
31540,32,blue-collar,married,basic.9y,no,yes,no,cellular,may,thu,413,1,999,0,nonexistent,-1.8,92.893,-46.2,1.327,5099.1,no
31573,30,technician,single,university.degree,unknown,yes,no,cellular,may,thu,722,1,999,0,nonexistent,-1.8,92.893,-46.2,1.327,5099.1,no
31585,54,technician,single,university.degree,no,yes,yes,cellular,may,thu,121,1,999,1,failure,-1.8,92.893,-46.2,1.327,5099.1,no
31589,54,technician,single,university.degree,no,yes,no,cellular,may,thu,333,1,999,1,failure,-1.8,92.893,-46.2,1.327,5099.1,no
31612,43,blue-collar,married,basic.6y,no,yes,no,cellular,may,thu,393,1,999,1,failure,-1.8,92.893,-46.2,1.327,5099.1,no
31616,43,blue-collar,single,basic.9y,no,yes,no,cellular,may,thu,327,4,999,0,nonexistent,-1.8,92.893,-46.2,1.327,5099.1,no
31624,50,services,divorced,basic.9y,no,yes,no,cellular,may,thu,429,1,999,1,failure,-1.8,92.893,-46.2,1.327,5099.1,no
31634,29,services,married,professional.course,no,yes,yes,telephone,may,thu,29,1,999,0,nonexistent,-1.8,92.893,-46.2,1.327,5099.1,no
31646,42,blue-collar,married,university.degree,unknown,yes,no,cellular,may,thu,462,1,999,0,nonexistent,-1.8,92.893,-46.2,1.327,5099.1,no
31648,36,admin.,married,professional.course,no,no,no,cellular,may,thu,229,2,999,0,nonexistent,-1.8,92.893,-46.2,1.327,5099.1,no
31656,51,services,divorced,high.school,no,no,no,cellular,may,thu,502,1,999,2,failure,-1.8,92.893,-46.2,1.327,5099.1,no
31668,57,retired,married,basic.6y,no,yes,no,cellular,may,thu,128,1,999,0,nonexistent,-1.8,92.893,-46.2,1.327,5099.1,no
31670,57,retired,married,basic.6y,no,yes,no,cellular,may,thu,189,1,6,2,success,-1.8,92.893,-46.2,1.327,5099.1,no
31674,44,blue-collar,married,basic.6y,no,yes,no,cellular,may,thu,102,1,999,0,nonexistent,-1.8,92.893,-46.2,1.327,5099.1,no
31679,28,blue-collar,single,high.school,no,no,no,cellular,may,thu,16,1,999,0,nonexistent,-1.8,92.893,-46.2,1.327,5099.1,no
31700,31,services,divorced,high.school,unknown,yes,no,cellular,may,thu,236,1,999,0,nonexistent,-1.8,92.893,-46.2,1.327,5099.1,no
31719,39,services,single,professional.course,unknown,yes,no,cellular,may,thu,199,1,999,1,failure,-1.8,92.893,-46.2,1.327,5099.1,no
31721,36,blue-collar,married,basic.9y,no,yes,yes,cellular,may,thu,314,2,999,0,nonexistent,-1.8,92.893,-46.2,1.327,5099.1,no
31728,30,admin.,single,university.degree,no,no,no,cellular,may,thu,199,1,999,0,nonexistent,-1.8,92.893,-46.2,1.327,5099.1,no
31732,37,self-employed,married,basic.4y,no,no,no,cellular,may,thu,281,1,999,0,nonexistent,-1.8,92.893,-46.2,1.327,5099.1,no
31747,36,blue-collar,married,basic.9y,no,yes,no,cellular,may,thu,158,1,999,1,failure,-1.8,92.893,-46.2,1.327,5099.1,no
31750,35,blue-collar,married,basic.9y,no,no,no,cellular,may,thu,134,1,999,1,failure,-1.8,92.893,-46.2,1.327,5099.1,no
31753,35,services,married,professional.course,no,no,no,cellular,may,thu,293,1,999,0,nonexistent,-1.8,92.893,-46.2,1.327,5099.1,no
31762,33,admin.,single,university.degree,no,yes,no,cellular,may,thu,332,4,999,1,failure,-1.8,92.893,-46.2,1.327,5099.1,no
31770,32,blue-collar,married,professional.course,unknown,yes,no,cellular,may,thu,196,2,999,1,failure,-1.8,92.893,-46.2,1.327,5099.1,no
31783,31,blue-collar,married,basic.9y,no,yes,no,cellular,may,thu,172,1,999,0,nonexistent,-1.8,92.893,-46.2,1.327,5099.1,no
31785,40,management,married,university.degree,no,yes,no,cellular,may,thu,188,1,999,0,nonexistent,-1.8,92.893,-46.2,1.327,5099.1,no
31787,39,management,single,university.degree,unknown,no,no,cellular,may,thu,412,2,999,0,nonexistent,-1.8,92.893,-46.2,1.327,5099.1,no
31829,39,management,married,professional.course,no,yes,no,cellular,may,thu,156,1,6,1,success,-1.8,92.893,-46.2,1.327,5099.1,no
31840,52,technician,married,professional.course,no,no,no,cellular,may,thu,94,1,999,0,nonexistent,-1.8,92.893,-46.2,1.327,5099.1,no
31841,27,services,single,high.school,no,yes,yes,cellular,may,thu,356,2,999,1,failure,-1.8,92.893,-46.2,1.327,5099.1,no
31844,36,technician,divorced,professional.course,no,yes,no,cellular,may,thu,135,2,999,0,nonexistent,-1.8,92.893,-46.2,1.327,5099.1,no
31858,33,services,married,basic.9y,no,no,no,cellular,may,thu,225,3,999,1,failure,-1.8,92.893,-46.2,1.327,5099.1,no
31860,33,admin.,single,university.degree,no,yes,yes,cellular,may,thu,589,2,999,0,nonexistent,-1.8,92.893,-46.2,1.327,5099.1,no
31884,34,blue-collar,married,basic.4y,unknown,no,yes,cellular,may,thu,262,1,999,0,nonexistent,-1.8,92.893,-46.2,1.327,5099.1,no
31900,41,blue-collar,married,basic.4y,unknown,unknown,unknown,cellular,may,thu,314,1,999,0,nonexistent,-1.8,92.893,-46.2,1.327,5099.1,no
31906,34,blue-collar,married,basic.9y,no,yes,yes,cellular,may,thu,96,3,999,1,failure,-1.8,92.893,-46.2,1.327,5099.1,no
31910,31,services,married,high.school,no,unknown,unknown,cellular,may,thu,582,2,999,1,failure,-1.8,92.893,-46.2,1.327,5099.1,no
31920,46,admin.,married,university.degree,no,no,no,cellular,may,thu,227,2,999,0,nonexistent,-1.8,92.893,-46.2,1.327,5099.1,no
31933,35,blue-collar,single,basic.9y,no,no,no,cellular,may,thu,1806,2,999,0,nonexistent,-1.8,92.893,-46.2,1.327,5099.1,yes
31937,34,blue-collar,married,basic.9y,unknown,no,no,cellular,may,thu,728,2,999,0,nonexistent,-1.8,92.893,-46.2,1.327,5099.1,no
31947,45,technician,divorced,university.degree,no,yes,yes,cellular,may,thu,252,2,999,0,nonexistent,-1.8,92.893,-46.2,1.327,5099.1,no
31948,42,admin.,divorced,high.school,no,yes,no,cellular,may,thu,350,2,999,0,nonexistent,-1.8,92.893,-46.2,1.327,5099.1,no
31973,29,services,married,professional.course,no,yes,no,cellular,may,thu,109,2,999,0,nonexistent,-1.8,92.893,-46.2,1.327,5099.1,no
31979,35,technician,single,professional.course,no,no,yes,cellular,may,thu,181,2,999,1,failure,-1.8,92.893,-46.2,1.327,5099.1,no
31987,31,services,married,high.school,no,unknown,unknown,cellular,may,thu,215,2,999,1,failure,-1.8,92.893,-46.2,1.327,5099.1,no
31993,47,management,married,university.degree,no,yes,no,cellular,may,thu,127,6,999,0,nonexistent,-1.8,92.893,-46.2,1.327,5099.1,no
32002,49,blue-collar,married,basic.9y,no,no,no,cellular,may,thu,324,2,999,1,failure,-1.8,92.893,-46.2,1.327,5099.1,no
32005,37,blue-collar,married,basic.6y,unknown,no,no,cellular,may,thu,635,2,999,0,nonexistent,-1.8,92.893,-46.2,1.327,5099.1,no
32007,43,management,single,university.degree,no,unknown,unknown,cellular,may,thu,274,3,999,1,failure,-1.8,92.893,-46.2,1.327,5099.1,no
32009,34,services,single,high.school,no,yes,no,cellular,may,thu,541,3,999,1,failure,-1.8,92.893,-46.2,1.327,5099.1,no
32022,43,blue-collar,married,basic.6y,unknown,yes,no,cellular,may,thu,172,2,999,0,nonexistent,-1.8,92.893,-46.2,1.327,5099.1,no
32030,42,admin.,married,high.school,no,unknown,unknown,cellular,may,thu,878,3,999,1,failure,-1.8,92.893,-46.2,1.327,5099.1,yes
32035,50,blue-collar,married,basic.4y,unknown,no,no,cellular,may,thu,857,3,999,0,nonexistent,-1.8,92.893,-46.2,1.327,5099.1,no
32039,29,services,married,professional.course,no,no,no,cellular,may,thu,1051,2,999,0,nonexistent,-1.8,92.893,-46.2,1.327,5099.1,no
32053,30,blue-collar,married,basic.4y,no,no,no,cellular,may,thu,208,1,999,1,failure,-1.8,92.893,-46.2,1.327,5099.1,no
32055,30,blue-collar,single,high.school,unknown,yes,no,cellular,may,thu,340,1,999,0,nonexistent,-1.8,92.893,-46.2,1.327,5099.1,no
32091,35,admin.,married,high.school,no,yes,yes,cellular,may,fri,165,1,999,0,nonexistent,-1.8,92.893,-46.2,1.313,5099.1,no
32097,36,admin.,married,basic.9y,no,yes,yes,cellular,may,fri,85,1,999,0,nonexistent,-1.8,92.893,-46.2,1.313,5099.1,no
32100,39,blue-collar,married,basic.6y,no,yes,yes,cellular,may,fri,298,1,999,0,nonexistent,-1.8,92.893,-46.2,1.313,5099.1,no
32101,41,admin.,single,high.school,no,yes,no,cellular,may,fri,57,1,999,1,failure,-1.8,92.893,-46.2,1.313,5099.1,no
32104,56,management,divorced,university.degree,no,no,no,cellular,may,fri,166,1,999,0,nonexistent,-1.8,92.893,-46.2,1.313,5099.1,no
32109,30,technician,single,professional.course,no,no,no,cellular,may,fri,440,1,999,0,nonexistent,-1.8,92.893,-46.2,1.313,5099.1,no
32123,31,admin.,married,high.school,no,yes,no,cellular,may,fri,364,5,999,0,nonexistent,-1.8,92.893,-46.2,1.313,5099.1,no
32128,31,admin.,single,university.degree,unknown,yes,no,cellular,may,fri,266,3,999,0,nonexistent,-1.8,92.893,-46.2,1.313,5099.1,no
32129,37,blue-collar,married,basic.4y,unknown,no,no,cellular,may,fri,206,1,999,0,nonexistent,-1.8,92.893,-46.2,1.313,5099.1,no
32134,35,blue-collar,married,basic.9y,no,yes,no,cellular,may,fri,63,1,999,1,failure,-1.8,92.893,-46.2,1.313,5099.1,no
32135,45,technician,divorced,university.degree,unknown,no,no,cellular,may,fri,776,1,999,0,nonexistent,-1.8,92.893,-46.2,1.313,5099.1,yes
32139,34,blue-collar,married,basic.9y,no,no,yes,cellular,may,fri,763,1,999,0,nonexistent,-1.8,92.893,-46.2,1.313,5099.1,yes
32145,32,housemaid,married,basic.4y,no,yes,yes,cellular,may,fri,340,1,999,0,nonexistent,-1.8,92.893,-46.2,1.313,5099.1,no
32147,39,blue-collar,divorced,basic.9y,no,yes,no,cellular,may,fri,191,1,999,0,nonexistent,-1.8,92.893,-46.2,1.313,5099.1,no
32151,37,blue-collar,married,basic.9y,no,no,no,cellular,may,fri,65,2,999,1,failure,-1.8,92.893,-46.2,1.313,5099.1,no
32152,37,self-employed,married,university.degree,no,yes,no,cellular,may,fri,279,1,999,0,nonexistent,-1.8,92.893,-46.2,1.313,5099.1,no
32161,40,blue-collar,married,unknown,unknown,no,no,cellular,may,fri,265,1,999,1,failure,-1.8,92.893,-46.2,1.313,5099.1,no
32174,41,services,married,high.school,no,yes,no,cellular,may,fri,97,1,999,1,failure,-1.8,92.893,-46.2,1.313,5099.1,no
32186,32,technician,married,professional.course,no,yes,yes,cellular,may,fri,134,1,999,1,failure,-1.8,92.893,-46.2,1.313,5099.1,no
32189,33,blue-collar,single,basic.6y,no,unknown,unknown,cellular,may,fri,295,1,999,0,nonexistent,-1.8,92.893,-46.2,1.313,5099.1,no
32193,33,technician,married,professional.course,no,yes,yes,cellular,may,fri,500,1,999,0,nonexistent,-1.8,92.893,-46.2,1.313,5099.1,no
32206,34,admin.,single,high.school,no,yes,no,cellular,may,fri,80,1,999,1,failure,-1.8,92.893,-46.2,1.313,5099.1,no
32211,42,technician,married,professional.course,no,no,no,cellular,may,fri,1014,2,999,0,nonexistent,-1.8,92.893,-46.2,1.313,5099.1,no
32216,51,management,married,university.degree,no,no,no,cellular,may,fri,203,2,999,0,nonexistent,-1.8,92.893,-46.2,1.313,5099.1,no
32217,31,management,single,university.degree,no,yes,no,cellular,may,fri,268,1,999,0,nonexistent,-1.8,92.893,-46.2,1.313,5099.1,no
32223,39,admin.,divorced,university.degree,no,no,no,telephone,may,fri,44,1,999,0,nonexistent,-1.8,92.893,-46.2,1.313,5099.1,no
32235,31,blue-collar,married,basic.6y,unknown,yes,no,cellular,may,fri,191,1,999,0,nonexistent,-1.8,92.893,-46.2,1.313,5099.1,no
32242,37,blue-collar,married,basic.9y,no,no,no,telephone,may,fri,301,1,999,0,nonexistent,-1.8,92.893,-46.2,1.313,5099.1,no
32258,51,blue-collar,married,university.degree,no,yes,no,cellular,may,fri,99,3,999,0,nonexistent,-1.8,92.893,-46.2,1.313,5099.1,no
32262,35,blue-collar,married,basic.9y,no,no,no,cellular,may,fri,318,2,11,1,success,-1.8,92.893,-46.2,1.313,5099.1,no
32272,40,services,married,basic.4y,unknown,no,no,cellular,may,fri,308,1,999,1,failure,-1.8,92.893,-46.2,1.313,5099.1,no
32281,58,management,single,university.degree,no,no,no,cellular,may,fri,90,1,999,0,nonexistent,-1.8,92.893,-46.2,1.313,5099.1,no
32289,40,blue-collar,married,basic.6y,unknown,yes,no,cellular,may,fri,1080,1,999,0,nonexistent,-1.8,92.893,-46.2,1.313,5099.1,yes
32293,43,services,divorced,professional.course,no,no,no,cellular,may,fri,196,2,999,0,nonexistent,-1.8,92.893,-46.2,1.313,5099.1,no
32296,34,blue-collar,single,high.school,no,yes,no,cellular,may,fri,56,1,999,0,nonexistent,-1.8,92.893,-46.2,1.313,5099.1,no
32300,48,blue-collar,married,basic.4y,no,no,no,cellular,may,fri,94,3,999,0,nonexistent,-1.8,92.893,-46.2,1.313,5099.1,no
32317,35,services,married,high.school,no,no,no,cellular,may,fri,301,2,999,0,nonexistent,-1.8,92.893,-46.2,1.313,5099.1,no
32344,44,management,married,university.degree,no,yes,no,cellular,may,fri,69,1,999,1,failure,-1.8,92.893,-46.2,1.313,5099.1,no
32360,45,technician,married,basic.9y,no,no,no,cellular,may,fri,144,3,999,0,nonexistent,-1.8,92.893,-46.2,1.313,5099.1,no
32361,33,blue-collar,married,basic.9y,no,no,no,cellular,may,fri,339,1,999,1,failure,-1.8,92.893,-46.2,1.313,5099.1,no
32366,46,technician,married,professional.course,no,no,no,cellular,may,fri,124,2,999,0,nonexistent,-1.8,92.893,-46.2,1.313,5099.1,no
32371,33,admin.,married,university.degree,no,no,no,cellular,may,fri,89,6,999,0,nonexistent,-1.8,92.893,-46.2,1.313,5099.1,no
32389,51,management,married,university.degree,no,no,no,cellular,may,fri,127,1,999,0,nonexistent,-1.8,92.893,-46.2,1.313,5099.1,no
32390,31,management,married,university.degree,no,no,no,cellular,may,fri,238,1,999,1,failure,-1.8,92.893,-46.2,1.313,5099.1,no
32397,33,blue-collar,married,basic.9y,no,yes,no,cellular,may,fri,264,2,999,0,nonexistent,-1.8,92.893,-46.2,1.313,5099.1,no
32404,34,management,single,university.degree,no,yes,no,cellular,may,fri,175,2,999,0,nonexistent,-1.8,92.893,-46.2,1.313,5099.1,no
32425,34,blue-collar,married,basic.9y,no,no,no,cellular,may,fri,144,4,999,0,nonexistent,-1.8,92.893,-46.2,1.313,5099.1,no
32431,48,admin.,married,basic.9y,no,no,no,cellular,may,fri,311,2,999,0,nonexistent,-1.8,92.893,-46.2,1.313,5099.1,no
32438,35,management,married,professional.course,no,no,yes,cellular,may,fri,376,3,999,0,nonexistent,-1.8,92.893,-46.2,1.313,5099.1,no
32439,34,blue-collar,married,university.degree,no,yes,no,cellular,may,fri,44,2,999,1,failure,-1.8,92.893,-46.2,1.313,5099.1,no
32440,37,admin.,single,university.degree,no,no,no,cellular,may,fri,104,2,999,1,failure,-1.8,92.893,-46.2,1.313,5099.1,no
32485,45,blue-collar,single,professional.course,no,yes,no,cellular,may,fri,1954,2,999,0,nonexistent,-1.8,92.893,-46.2,1.313,5099.1,no
32504,34,blue-collar,married,basic.4y,unknown,yes,no,cellular,may,fri,1094,3,999,0,nonexistent,-1.8,92.893,-46.2,1.313,5099.1,no
32515,50,blue-collar,married,basic.4y,no,yes,no,telephone,may,fri,213,4,999,0,nonexistent,-1.8,92.893,-46.2,1.313,5099.1,no
32517,35,admin.,married,university.degree,no,yes,no,cellular,may,fri,348,4,999,0,nonexistent,-1.8,92.893,-46.2,1.313,5099.1,no
32518,44,services,married,high.school,no,no,no,cellular,may,fri,263,1,999,1,failure,-1.8,92.893,-46.2,1.313,5099.1,no
32524,29,admin.,single,high.school,no,no,no,cellular,may,fri,553,2,999,0,nonexistent,-1.8,92.893,-46.2,1.313,5099.1,no
32529,34,blue-collar,married,basic.9y,unknown,yes,yes,telephone,may,fri,219,4,999,1,failure,-1.8,92.893,-46.2,1.313,5099.1,no
32532,36,services,married,high.school,unknown,no,no,cellular,may,fri,89,1,999,0,nonexistent,-1.8,92.893,-46.2,1.313,5099.1,no
32534,29,services,divorced,high.school,no,yes,no,cellular,may,fri,323,1,999,0,nonexistent,-1.8,92.893,-46.2,1.313,5099.1,no
32553,34,technician,married,basic.9y,no,yes,yes,cellular,may,mon,142,4,999,0,nonexistent,-1.8,92.893,-46.2,1.299,5099.1,no
32564,54,management,married,high.school,unknown,no,no,cellular,may,mon,229,5,999,1,failure,-1.8,92.893,-46.2,1.299,5099.1,no
32567,50,blue-collar,married,unknown,unknown,yes,yes,telephone,may,mon,10,8,999,0,nonexistent,-1.8,92.893,-46.2,1.299,5099.1,no
32574,32,blue-collar,single,high.school,no,no,no,cellular,may,mon,80,1,999,0,nonexistent,-1.8,92.893,-46.2,1.299,5099.1,no
32590,29,admin.,single,high.school,no,yes,no,telephone,may,mon,26,1,999,0,nonexistent,-1.8,92.893,-46.2,1.299,5099.1,no
32603,42,blue-collar,married,basic.4y,no,no,no,cellular,may,mon,139,1,999,0,nonexistent,-1.8,92.893,-46.2,1.299,5099.1,no
32615,34,admin.,married,university.degree,no,yes,no,cellular,may,mon,351,1,999,0,nonexistent,-1.8,92.893,-46.2,1.299,5099.1,no
32618,32,self-employed,single,university.degree,no,yes,no,cellular,may,mon,66,3,999,1,failure,-1.8,92.893,-46.2,1.299,5099.1,no
32621,33,self-employed,single,university.degree,no,no,no,cellular,may,mon,164,1,999,0,nonexistent,-1.8,92.893,-46.2,1.299,5099.1,no
32639,30,blue-collar,married,basic.9y,no,yes,no,cellular,may,mon,1038,1,999,1,failure,-1.8,92.893,-46.2,1.299,5099.1,yes
32647,47,blue-collar,married,basic.4y,unknown,yes,yes,cellular,may,mon,341,1,999,0,nonexistent,-1.8,92.893,-46.2,1.299,5099.1,no
32649,33,services,single,high.school,no,yes,no,telephone,may,mon,32,5,999,0,nonexistent,-1.8,92.893,-46.2,1.299,5099.1,no
32655,31,technician,single,university.degree,no,no,no,cellular,may,mon,629,1,999,1,failure,-1.8,92.893,-46.2,1.299,5099.1,yes
32659,36,blue-collar,married,basic.6y,no,no,no,cellular,may,mon,460,1,999,0,nonexistent,-1.8,92.893,-46.2,1.299,5099.1,no
32667,40,blue-collar,married,basic.4y,no,no,no,cellular,may,mon,15,7,999,0,nonexistent,-1.8,92.893,-46.2,1.299,5099.1,no
32672,26,blue-collar,married,basic.6y,no,yes,no,cellular,may,mon,152,1,999,0,nonexistent,-1.8,92.893,-46.2,1.299,5099.1,no
32680,51,entrepreneur,divorced,university.degree,no,yes,no,telephone,may,mon,231,1,999,1,failure,-1.8,92.893,-46.2,1.299,5099.1,no
32695,30,blue-collar,married,basic.6y,unknown,yes,no,cellular,may,mon,91,1,999,0,nonexistent,-1.8,92.893,-46.2,1.299,5099.1,no
32705,39,services,married,high.school,no,yes,no,cellular,may,mon,198,1,999,0,nonexistent,-1.8,92.893,-46.2,1.299,5099.1,no
32707,39,services,married,high.school,no,no,no,cellular,may,mon,410,1,999,0,nonexistent,-1.8,92.893,-46.2,1.299,5099.1,no
32720,29,technician,single,basic.9y,no,yes,no,cellular,may,mon,214,1,999,0,nonexistent,-1.8,92.893,-46.2,1.299,5099.1,no
32736,30,services,single,high.school,no,no,no,cellular,may,mon,75,1,999,1,failure,-1.8,92.893,-46.2,1.299,5099.1,no
32738,45,blue-collar,divorced,basic.4y,no,yes,no,cellular,may,mon,190,1,999,1,failure,-1.8,92.893,-46.2,1.299,5099.1,no
32743,26,services,single,high.school,no,yes,no,cellular,may,mon,274,1,999,0,nonexistent,-1.8,92.893,-46.2,1.299,5099.1,no
32753,28,blue-collar,married,basic.4y,no,no,no,cellular,may,mon,87,2,999,0,nonexistent,-1.8,92.893,-46.2,1.299,5099.1,no
32771,34,technician,married,basic.9y,no,yes,no,cellular,may,mon,95,1,999,0,nonexistent,-1.8,92.893,-46.2,1.299,5099.1,no
32780,38,blue-collar,married,professional.course,unknown,no,no,cellular,may,mon,388,1,999,0,nonexistent,-1.8,92.893,-46.2,1.299,5099.1,no
32781,32,blue-collar,married,basic.9y,no,no,yes,cellular,may,mon,49,1,999,0,nonexistent,-1.8,92.893,-46.2,1.299,5099.1,no
32805,33,admin.,single,university.degree,no,no,no,cellular,may,mon,234,1,999,1,failure,-1.8,92.893,-46.2,1.299,5099.1,no
32807,31,technician,single,professional.course,no,yes,yes,cellular,may,mon,282,1,999,0,nonexistent,-1.8,92.893,-46.2,1.299,5099.1,no
32808,44,blue-collar,married,basic.9y,unknown,yes,no,cellular,may,mon,144,2,999,1,failure,-1.8,92.893,-46.2,1.299,5099.1,no
32823,35,technician,single,professional.course,no,unknown,unknown,cellular,may,mon,146,2,999,0,nonexistent,-1.8,92.893,-46.2,1.299,5099.1,no
32862,55,management,married,university.degree,no,yes,no,cellular,may,mon,90,1,999,1,failure,-1.8,92.893,-46.2,1.299,5099.1,no
32863,27,housemaid,married,basic.6y,no,no,no,cellular,may,mon,608,3,999,0,nonexistent,-1.8,92.893,-46.2,1.299,5099.1,yes
32870,30,blue-collar,married,basic.4y,no,no,yes,cellular,may,mon,255,1,999,0,nonexistent,-1.8,92.893,-46.2,1.299,5099.1,no
32904,35,blue-collar,married,basic.4y,no,yes,no,cellular,may,mon,386,1,999,0,nonexistent,-1.8,92.893,-46.2,1.299,5099.1,no
32911,30,services,married,high.school,no,yes,yes,cellular,may,mon,296,1,999,0,nonexistent,-1.8,92.893,-46.2,1.299,5099.1,no
32928,47,services,divorced,high.school,no,yes,no,cellular,may,mon,254,1,999,0,nonexistent,-1.8,92.893,-46.2,1.299,5099.1,no
32932,48,admin.,divorced,high.school,unknown,no,no,cellular,may,mon,263,2,999,1,failure,-1.8,92.893,-46.2,1.299,5099.1,no
32950,34,technician,married,basic.9y,no,no,no,cellular,may,mon,798,2,999,0,nonexistent,-1.8,92.893,-46.2,1.299,5099.1,no
32952,31,technician,single,university.degree,no,no,no,cellular,may,mon,66,4,999,1,failure,-1.8,92.893,-46.2,1.299,5099.1,no
32970,28,blue-collar,married,basic.9y,unknown,yes,no,cellular,may,mon,173,2,999,0,nonexistent,-1.8,92.893,-46.2,1.299,5099.1,no
32977,32,admin.,single,high.school,no,yes,no,cellular,may,mon,148,2,999,0,nonexistent,-1.8,92.893,-46.2,1.299,5099.1,no
32978,30,services,married,high.school,no,no,no,cellular,may,mon,286,3,999,0,nonexistent,-1.8,92.893,-46.2,1.299,5099.1,no
32983,36,blue-collar,married,basic.6y,no,yes,no,cellular,may,mon,127,2,999,1,failure,-1.8,92.893,-46.2,1.299,5099.1,no
32985,32,entrepreneur,married,basic.9y,no,no,no,cellular,may,mon,184,4,999,0,nonexistent,-1.8,92.893,-46.2,1.299,5099.1,no
33002,33,blue-collar,single,basic.9y,no,no,no,cellular,may,mon,410,2,999,1,failure,-1.8,92.893,-46.2,1.299,5099.1,no
33012,30,entrepreneur,married,basic.6y,unknown,yes,no,cellular,may,mon,379,3,999,0,nonexistent,-1.8,92.893,-46.2,1.299,5099.1,no
33022,42,blue-collar,married,basic.4y,no,yes,no,cellular,may,mon,347,2,999,0,nonexistent,-1.8,92.893,-46.2,1.299,5099.1,no
33028,33,services,single,high.school,no,no,yes,cellular,may,mon,171,2,999,0,nonexistent,-1.8,92.893,-46.2,1.299,5099.1,no
33030,29,entrepreneur,married,basic.4y,unknown,no,no,telephone,may,mon,567,3,999,1,failure,-1.8,92.893,-46.2,1.299,5099.1,no
33040,34,blue-collar,married,basic.9y,no,yes,no,cellular,may,mon,273,5,999,0,nonexistent,-1.8,92.893,-46.2,1.299,5099.1,no
33042,41,blue-collar,married,basic.6y,unknown,yes,no,cellular,may,mon,133,2,999,0,nonexistent,-1.8,92.893,-46.2,1.299,5099.1,no
33046,40,unemployed,single,high.school,unknown,yes,no,cellular,may,mon,94,4,999,0,nonexistent,-1.8,92.893,-46.2,1.299,5099.1,no
33048,35,entrepreneur,married,high.school,no,yes,no,cellular,may,mon,508,3,999,2,failure,-1.8,92.893,-46.2,1.299,5099.1,no
33071,41,entrepreneur,married,basic.9y,no,no,yes,cellular,may,mon,285,2,999,0,nonexistent,-1.8,92.893,-46.2,1.299,5099.1,no
33072,46,technician,divorced,professional.course,unknown,no,no,cellular,may,mon,927,2,999,0,nonexistent,-1.8,92.893,-46.2,1.299,5099.1,no
33084,28,admin.,married,university.degree,no,no,no,cellular,may,tue,72,3,999,1,failure,-1.8,92.893,-46.2,1.291,5099.1,no
33088,35,admin.,single,high.school,no,yes,no,cellular,may,tue,13,5,999,0,nonexistent,-1.8,92.893,-46.2,1.291,5099.1,no
33097,26,services,single,university.degree,no,yes,no,cellular,may,tue,25,6,999,0,nonexistent,-1.8,92.893,-46.2,1.291,5099.1,no
33098,30,blue-collar,married,basic.9y,no,no,no,cellular,may,tue,52,3,999,0,nonexistent,-1.8,92.893,-46.2,1.291,5099.1,no
33118,34,admin.,divorced,university.degree,no,yes,no,cellular,may,tue,14,5,999,1,failure,-1.8,92.893,-46.2,1.291,5099.1,no
33119,30,services,single,basic.6y,no,yes,no,cellular,may,tue,208,6,999,0,nonexistent,-1.8,92.893,-46.2,1.291,5099.1,no
33134,34,admin.,married,high.school,no,yes,no,cellular,may,tue,109,3,999,0,nonexistent,-1.8,92.893,-46.2,1.291,5099.1,no
33141,33,blue-collar,married,basic.9y,no,yes,yes,cellular,may,tue,341,1,999,0,nonexistent,-1.8,92.893,-46.2,1.291,5099.1,no
33151,48,blue-collar,married,basic.9y,no,yes,yes,cellular,may,tue,99,1,999,1,failure,-1.8,92.893,-46.2,1.291,5099.1,no
33177,48,blue-collar,married,basic.9y,no,yes,yes,cellular,may,tue,64,4,999,1,failure,-1.8,92.893,-46.2,1.291,5099.1,no
33185,41,housemaid,married,basic.4y,no,yes,no,cellular,may,tue,128,1,999,1,failure,-1.8,92.893,-46.2,1.291,5099.1,no
33191,43,admin.,single,university.degree,no,yes,yes,cellular,may,tue,23,1,999,0,nonexistent,-1.8,92.893,-46.2,1.291,5099.1,no
33214,30,admin.,married,university.degree,no,no,no,cellular,may,tue,22,4,999,0,nonexistent,-1.8,92.893,-46.2,1.291,5099.1,no
33231,33,blue-collar,single,basic.6y,no,yes,no,cellular,may,tue,22,8,999,0,nonexistent,-1.8,92.893,-46.2,1.291,5099.1,no
33233,44,blue-collar,divorced,basic.9y,no,yes,no,cellular,may,tue,494,1,999,0,nonexistent,-1.8,92.893,-46.2,1.291,5099.1,no
33240,36,blue-collar,married,basic.4y,no,no,no,cellular,may,tue,245,1,999,1,failure,-1.8,92.893,-46.2,1.291,5099.1,no
33247,40,blue-collar,single,high.school,unknown,no,no,cellular,may,tue,418,1,999,0,nonexistent,-1.8,92.893,-46.2,1.291,5099.1,no
33250,36,admin.,single,university.degree,no,no,no,telephone,may,tue,168,5,999,1,failure,-1.8,92.893,-46.2,1.291,5099.1,no
33258,29,blue-collar,married,basic.6y,no,no,no,cellular,may,tue,342,1,999,1,failure,-1.8,92.893,-46.2,1.291,5099.1,no
33293,32,services,single,university.degree,no,yes,no,cellular,may,tue,79,1,999,1,failure,-1.8,92.893,-46.2,1.291,5099.1,no
33294,47,admin.,divorced,high.school,no,no,no,cellular,may,tue,324,1,999,0,nonexistent,-1.8,92.893,-46.2,1.291,5099.1,no
33296,53,technician,single,professional.course,unknown,no,no,cellular,may,tue,196,2,999,1,failure,-1.8,92.893,-46.2,1.291,5099.1,no
33316,35,blue-collar,unknown,basic.9y,no,no,no,telephone,may,tue,81,5,999,0,nonexistent,-1.8,92.893,-46.2,1.291,5099.1,no
33328,39,technician,single,professional.course,no,yes,no,cellular,may,tue,256,1,999,1,failure,-1.8,92.893,-46.2,1.291,5099.1,no
33336,33,blue-collar,single,basic.4y,no,no,no,cellular,may,tue,209,1,999,0,nonexistent,-1.8,92.893,-46.2,1.291,5099.1,no
33343,43,blue-collar,married,basic.4y,no,yes,no,cellular,may,tue,1182,1,999,1,failure,-1.8,92.893,-46.2,1.291,5099.1,yes
33356,32,blue-collar,single,basic.9y,no,yes,no,cellular,may,tue,286,1,999,0,nonexistent,-1.8,92.893,-46.2,1.291,5099.1,no
33372,49,blue-collar,married,basic.6y,unknown,no,yes,cellular,may,tue,354,1,999,0,nonexistent,-1.8,92.893,-46.2,1.291,5099.1,no
33374,32,admin.,married,university.degree,no,yes,no,cellular,may,tue,136,2,999,0,nonexistent,-1.8,92.893,-46.2,1.291,5099.1,no
33380,31,unemployed,married,professional.course,no,unknown,unknown,cellular,may,tue,356,1,999,0,nonexistent,-1.8,92.893,-46.2,1.291,5099.1,no
33392,43,management,married,basic.6y,unknown,yes,no,cellular,may,tue,463,1,999,0,nonexistent,-1.8,92.893,-46.2,1.291,5099.1,no
33395,39,blue-collar,married,basic.4y,no,no,yes,cellular,may,tue,300,3,999,0,nonexistent,-1.8,92.893,-46.2,1.291,5099.1,no
33396,42,blue-collar,married,basic.9y,unknown,yes,no,cellular,may,tue,83,5,999,0,nonexistent,-1.8,92.893,-46.2,1.291,5099.1,no
33401,33,services,divorced,high.school,no,no,no,cellular,may,tue,262,2,999,0,nonexistent,-1.8,92.893,-46.2,1.291,5099.1,no
33409,33,services,married,basic.9y,no,no,no,cellular,may,tue,584,2,999,0,nonexistent,-1.8,92.893,-46.2,1.291,5099.1,no
33423,33,services,married,basic.6y,no,yes,yes,cellular,may,tue,95,4,999,1,failure,-1.8,92.893,-46.2,1.291,5099.1,no
33427,29,admin.,single,high.school,no,yes,yes,cellular,may,tue,53,3,999,0,nonexistent,-1.8,92.893,-46.2,1.291,5099.1,no
33440,35,admin.,single,high.school,no,no,no,cellular,may,tue,107,2,999,1,failure,-1.8,92.893,-46.2,1.291,5099.1,no
33459,31,services,single,high.school,no,no,yes,cellular,may,tue,450,2,999,0,nonexistent,-1.8,92.893,-46.2,1.291,5099.1,no
33461,28,technician,single,basic.9y,no,yes,no,cellular,may,tue,76,2,999,1,failure,-1.8,92.893,-46.2,1.291,5099.1,no
33463,37,technician,single,university.degree,no,no,no,cellular,may,tue,289,2,999,0,nonexistent,-1.8,92.893,-46.2,1.291,5099.1,no
33466,48,admin.,divorced,university.degree,no,no,no,cellular,may,tue,53,9,999,0,nonexistent,-1.8,92.893,-46.2,1.291,5099.1,no
33468,38,admin.,single,high.school,no,yes,no,cellular,may,tue,324,2,999,0,nonexistent,-1.8,92.893,-46.2,1.291,5099.1,no
33469,28,blue-collar,single,basic.9y,no,yes,yes,cellular,may,tue,637,3,999,0,nonexistent,-1.8,92.893,-46.2,1.291,5099.1,yes
33471,43,admin.,single,university.degree,no,no,no,cellular,may,tue,139,2,999,0,nonexistent,-1.8,92.893,-46.2,1.291,5099.1,no
33483,27,blue-collar,single,basic.9y,no,yes,no,telephone,may,tue,217,1,999,1,failure,-1.8,92.893,-46.2,1.291,5099.1,no
33495,24,admin.,single,high.school,unknown,no,no,telephone,may,tue,748,6,999,1,failure,-1.8,92.893,-46.2,1.291,5099.1,no
33505,33,technician,single,professional.course,no,yes,no,telephone,may,tue,422,2,999,0,nonexistent,-1.8,92.893,-46.2,1.291,5099.1,no
33509,35,admin.,single,university.degree,no,yes,no,cellular,may,tue,255,2,999,1,failure,-1.8,92.893,-46.2,1.291,5099.1,no
33517,32,technician,single,university.degree,no,yes,yes,cellular,may,tue,181,2,999,1,failure,-1.8,92.893,-46.2,1.291,5099.1,no
33532,31,services,single,high.school,no,yes,no,cellular,may,tue,398,2,999,0,nonexistent,-1.8,92.893,-46.2,1.291,5099.1,no
33540,29,services,married,high.school,no,yes,no,cellular,may,tue,172,2,999,0,nonexistent,-1.8,92.893,-46.2,1.291,5099.1,no
33541,37,technician,single,university.degree,no,yes,no,cellular,may,tue,464,3,999,0,nonexistent,-1.8,92.893,-46.2,1.291,5099.1,no
33556,47,blue-collar,divorced,basic.4y,unknown,no,no,cellular,may,tue,178,3,999,1,failure,-1.8,92.893,-46.2,1.291,5099.1,no
33563,48,admin.,divorced,university.degree,no,no,no,telephone,may,tue,355,5,999,1,failure,-1.8,92.893,-46.2,1.291,5099.1,no
33565,33,services,married,high.school,no,yes,no,cellular,may,tue,737,3,999,0,nonexistent,-1.8,92.893,-46.2,1.291,5099.1,yes
33569,33,blue-collar,married,basic.4y,no,no,no,cellular,may,tue,93,5,999,0,nonexistent,-1.8,92.893,-46.2,1.291,5099.1,no
33577,28,technician,married,basic.9y,no,no,no,telephone,may,tue,472,2,999,1,failure,-1.8,92.893,-46.2,1.291,5099.1,no
33582,29,technician,single,professional.course,no,no,no,telephone,may,tue,125,4,999,0,nonexistent,-1.8,92.893,-46.2,1.291,5099.1,no
33601,34,blue-collar,married,basic.4y,no,no,yes,telephone,may,tue,101,2,999,1,failure,-1.8,92.893,-46.2,1.291,5099.1,no
33620,37,admin.,divorced,university.degree,unknown,yes,no,cellular,may,wed,31,7,999,1,failure,-1.8,92.893,-46.2,1.281,5099.1,no
33634,35,technician,single,university.degree,no,yes,yes,cellular,may,wed,310,2,999,0,nonexistent,-1.8,92.893,-46.2,1.281,5099.1,no
33636,41,services,married,high.school,no,yes,yes,cellular,may,wed,21,8,999,0,nonexistent,-1.8,92.893,-46.2,1.281,5099.1,no
33639,34,services,divorced,basic.6y,unknown,yes,no,cellular,may,wed,24,2,999,0,nonexistent,-1.8,92.893,-46.2,1.281,5099.1,no
33643,57,admin.,married,basic.4y,unknown,yes,no,cellular,may,wed,164,2,999,1,failure,-1.8,92.893,-46.2,1.281,5099.1,no
33653,36,blue-collar,divorced,basic.9y,unknown,no,no,cellular,may,wed,211,3,999,1,failure,-1.8,92.893,-46.2,1.281,5099.1,no
33658,26,student,single,high.school,no,no,no,telephone,may,wed,95,3,999,0,nonexistent,-1.8,92.893,-46.2,1.281,5099.1,no
33662,29,blue-collar,single,basic.9y,no,yes,no,telephone,may,wed,15,7,999,0,nonexistent,-1.8,92.893,-46.2,1.281,5099.1,no
33670,36,blue-collar,divorced,basic.9y,no,no,no,cellular,may,wed,129,1,999,0,nonexistent,-1.8,92.893,-46.2,1.281,5099.1,no
33673,36,blue-collar,divorced,basic.9y,no,yes,no,cellular,may,wed,155,1,999,0,nonexistent,-1.8,92.893,-46.2,1.281,5099.1,no
33688,41,blue-collar,married,basic.9y,no,yes,no,cellular,may,wed,364,1,999,1,failure,-1.8,92.893,-46.2,1.281,5099.1,no
33694,35,self-employed,single,high.school,no,yes,no,cellular,may,wed,109,1,999,1,failure,-1.8,92.893,-46.2,1.281,5099.1,no
33699,32,blue-collar,single,basic.9y,unknown,yes,no,telephone,may,wed,134,1,999,1,failure,-1.8,92.893,-46.2,1.281,5099.1,no
33701,29,blue-collar,married,high.school,no,yes,no,cellular,may,wed,173,2,999,0,nonexistent,-1.8,92.893,-46.2,1.281,5099.1,no
33707,35,management,married,high.school,no,yes,no,cellular,may,wed,95,1,999,1,failure,-1.8,92.893,-46.2,1.281,5099.1,no
33717,38,admin.,married,university.degree,no,yes,yes,cellular,may,wed,134,1,999,1,failure,-1.8,92.893,-46.2,1.281,5099.1,no
33719,31,admin.,single,high.school,no,yes,no,cellular,may,wed,850,1,999,0,nonexistent,-1.8,92.893,-46.2,1.281,5099.1,yes
33725,53,services,married,high.school,no,yes,no,telephone,may,wed,9,9,999,0,nonexistent,-1.8,92.893,-46.2,1.281,5099.1,no
33729,30,technician,single,high.school,no,yes,no,cellular,may,wed,9,12,999,0,nonexistent,-1.8,92.893,-46.2,1.281,5099.1,no
33732,34,blue-collar,single,high.school,no,yes,no,cellular,may,wed,39,1,10,1,success,-1.8,92.893,-46.2,1.281,5099.1,no
33736,37,technician,divorced,professional.course,no,yes,yes,telephone,may,wed,30,10,999,0,nonexistent,-1.8,92.893,-46.2,1.281,5099.1,no
33738,31,unemployed,married,basic.9y,no,yes,no,telephone,may,wed,43,1,999,0,nonexistent,-1.8,92.893,-46.2,1.281,5099.1,no
33746,24,technician,married,professional.course,no,no,yes,cellular,may,wed,167,1,999,0,nonexistent,-1.8,92.893,-46.2,1.281,5099.1,no
33766,32,blue-collar,single,basic.4y,no,no,no,cellular,may,wed,902,1,999,0,nonexistent,-1.8,92.893,-46.2,1.281,5099.1,yes
33775,31,technician,single,professional.course,no,yes,yes,cellular,may,wed,123,2,999,0,nonexistent,-1.8,92.893,-46.2,1.281,5099.1,no
33778,35,admin.,divorced,high.school,no,no,no,cellular,may,wed,133,1,999,0,nonexistent,-1.8,92.893,-46.2,1.281,5099.1,no
33779,35,admin.,divorced,high.school,no,yes,no,cellular,may,wed,99,1,999,0,nonexistent,-1.8,92.893,-46.2,1.281,5099.1,no
33791,33,blue-collar,single,university.degree,unknown,no,no,cellular,may,wed,275,1,999,1,failure,-1.8,92.893,-46.2,1.281,5099.1,no
33798,24,services,single,high.school,no,no,no,cellular,may,wed,46,1,999,0,nonexistent,-1.8,92.893,-46.2,1.281,5099.1,no
33803,30,technician,single,university.degree,no,yes,no,telephone,may,wed,119,3,999,1,failure,-1.8,92.893,-46.2,1.281,5099.1,no
33813,36,admin.,married,university.degree,no,yes,no,cellular,may,wed,7,6,999,0,nonexistent,-1.8,92.893,-46.2,1.281,5099.1,no
33815,48,blue-collar,married,basic.6y,no,no,no,cellular,may,wed,349,1,999,1,failure,-1.8,92.893,-46.2,1.281,5099.1,no
33830,37,technician,divorced,professional.course,no,no,no,cellular,may,wed,329,1,999,0,nonexistent,-1.8,92.893,-46.2,1.281,5099.1,no
33844,51,blue-collar,divorced,basic.9y,no,yes,no,cellular,may,wed,314,4,999,1,failure,-1.8,92.893,-46.2,1.281,5099.1,no
33845,43,blue-collar,married,basic.4y,unknown,no,no,cellular,may,wed,249,2,999,1,failure,-1.8,92.893,-46.2,1.281,5099.1,no
33852,31,admin.,single,basic.9y,no,no,no,telephone,may,wed,80,1,999,1,failure,-1.8,92.893,-46.2,1.281,5099.1,no
33855,43,admin.,divorced,basic.9y,no,yes,no,cellular,may,wed,321,1,999,0,nonexistent,-1.8,92.893,-46.2,1.281,5099.1,no
33856,28,blue-collar,single,basic.9y,no,yes,no,cellular,may,wed,149,1,999,0,nonexistent,-1.8,92.893,-46.2,1.281,5099.1,no
33860,30,services,married,high.school,no,no,no,cellular,may,wed,354,1,999,1,failure,-1.8,92.893,-46.2,1.281,5099.1,no
33876,32,blue-collar,married,basic.9y,no,yes,yes,cellular,may,wed,110,4,999,0,nonexistent,-1.8,92.893,-46.2,1.281,5099.1,no
33884,51,blue-collar,divorced,basic.9y,no,yes,no,cellular,may,wed,337,3,999,0,nonexistent,-1.8,92.893,-46.2,1.281,5099.1,no
33908,23,admin.,single,high.school,no,yes,no,cellular,may,wed,108,1,999,0,nonexistent,-1.8,92.893,-46.2,1.281,5099.1,no
33911,24,blue-collar,single,basic.9y,no,yes,no,cellular,may,wed,200,1,999,0,nonexistent,-1.8,92.893,-46.2,1.281,5099.1,no
33914,29,services,married,high.school,no,no,yes,cellular,may,wed,747,2,999,1,failure,-1.8,92.893,-46.2,1.281,5099.1,yes
33920,33,admin.,married,high.school,no,no,no,cellular,may,wed,316,1,999,0,nonexistent,-1.8,92.893,-46.2,1.281,5099.1,no
33921,31,services,single,high.school,no,yes,no,cellular,may,wed,152,1,999,1,failure,-1.8,92.893,-46.2,1.281,5099.1,no
33928,48,blue-collar,married,basic.9y,no,yes,no,cellular,may,wed,368,1,999,0,nonexistent,-1.8,92.893,-46.2,1.281,5099.1,no
33933,33,admin.,single,university.degree,no,yes,yes,cellular,may,wed,96,6,999,1,failure,-1.8,92.893,-46.2,1.281,5099.1,no
33969,33,admin.,single,high.school,no,yes,no,cellular,may,wed,135,1,999,1,failure,-1.8,92.893,-46.2,1.281,5099.1,no
33990,34,blue-collar,single,high.school,no,no,no,cellular,may,wed,103,1,999,0,nonexistent,-1.8,92.893,-46.2,1.281,5099.1,no
34009,33,admin.,married,university.degree,no,yes,yes,cellular,may,wed,44,1,999,1,failure,-1.8,92.893,-46.2,1.281,5099.1,no
34014,39,technician,single,professional.course,no,yes,no,cellular,may,wed,115,1,999,0,nonexistent,-1.8,92.893,-46.2,1.281,5099.1,no
34026,51,blue-collar,married,high.school,no,yes,no,cellular,may,wed,809,1,999,1,failure,-1.8,92.893,-46.2,1.281,5099.1,yes
34028,31,admin.,single,university.degree,no,yes,no,cellular,may,wed,44,1,999,0,nonexistent,-1.8,92.893,-46.2,1.281,5099.1,no
34038,35,entrepreneur,married,university.degree,no,yes,no,cellular,may,wed,204,3,999,0,nonexistent,-1.8,92.893,-46.2,1.281,5099.1,no
34048,34,unemployed,single,high.school,no,yes,no,cellular,may,wed,1970,3,999,0,nonexistent,-1.8,92.893,-46.2,1.281,5099.1,yes
34050,34,admin.,single,high.school,no,yes,no,cellular,may,wed,195,2,999,1,failure,-1.8,92.893,-46.2,1.281,5099.1,no
34065,41,blue-collar,married,basic.4y,no,yes,no,cellular,may,wed,186,2,999,0,nonexistent,-1.8,92.893,-46.2,1.281,5099.1,no
34072,30,technician,married,basic.9y,no,no,no,cellular,may,wed,226,4,999,1,failure,-1.8,92.893,-46.2,1.281,5099.1,no
34073,29,blue-collar,married,basic.9y,no,yes,yes,cellular,may,wed,98,2,999,1,failure,-1.8,92.893,-46.2,1.281,5099.1,no
34075,37,blue-collar,married,basic.6y,no,no,yes,cellular,may,wed,158,5,999,0,nonexistent,-1.8,92.893,-46.2,1.281,5099.1,no
34076,49,admin.,married,university.degree,no,yes,yes,cellular,may,wed,194,3,999,0,nonexistent,-1.8,92.893,-46.2,1.281,5099.1,no
34080,48,blue-collar,married,basic.6y,no,yes,no,cellular,may,wed,88,2,999,0,nonexistent,-1.8,92.893,-46.2,1.281,5099.1,no
34095,36,admin.,single,university.degree,no,no,yes,cellular,may,wed,1119,2,999,0,nonexistent,-1.8,92.893,-46.2,1.281,5099.1,yes
34096,52,technician,divorced,high.school,no,no,yes,cellular,may,wed,191,2,999,1,failure,-1.8,92.893,-46.2,1.281,5099.1,no
34105,29,blue-collar,divorced,basic.9y,no,yes,no,cellular,may,wed,168,4,999,1,failure,-1.8,92.893,-46.2,1.281,5099.1,no
34107,24,housemaid,married,basic.9y,no,no,no,cellular,may,wed,45,4,999,0,nonexistent,-1.8,92.893,-46.2,1.281,5099.1,no
34108,30,blue-collar,married,basic.9y,no,unknown,unknown,telephone,may,wed,107,3,999,0,nonexistent,-1.8,92.893,-46.2,1.281,5099.1,no
34111,43,blue-collar,married,basic.4y,no,yes,no,cellular,may,wed,255,2,999,1,failure,-1.8,92.893,-46.2,1.281,5099.1,no
34114,31,admin.,single,university.degree,no,no,no,cellular,may,wed,196,2,999,1,failure,-1.8,92.893,-46.2,1.281,5099.1,no
34119,27,admin.,married,high.school,no,yes,no,cellular,may,wed,308,3,999,0,nonexistent,-1.8,92.893,-46.2,1.281,5099.1,no
34128,34,technician,single,professional.course,no,no,no,cellular,may,wed,62,3,999,0,nonexistent,-1.8,92.893,-46.2,1.281,5099.1,no
34148,45,unemployed,divorced,basic.6y,no,unknown,unknown,cellular,may,wed,135,3,999,0,nonexistent,-1.8,92.893,-46.2,1.281,5099.1,no
34151,59,retired,divorced,professional.course,no,yes,no,cellular,may,wed,281,3,999,0,nonexistent,-1.8,92.893,-46.2,1.281,5099.1,no
34187,34,management,single,university.degree,no,no,yes,cellular,may,wed,136,5,999,0,nonexistent,-1.8,92.893,-46.2,1.281,5099.1,no
34194,28,blue-collar,married,basic.4y,no,no,yes,cellular,may,wed,135,2,999,1,failure,-1.8,92.893,-46.2,1.281,5099.1,no
34197,31,blue-collar,married,basic.6y,no,yes,no,cellular,may,wed,1279,3,999,0,nonexistent,-1.8,92.893,-46.2,1.281,5099.1,yes
34201,49,entrepreneur,married,basic.4y,unknown,yes,no,cellular,may,wed,491,2,999,0,nonexistent,-1.8,92.893,-46.2,1.281,5099.1,no
34233,27,admin.,married,professional.course,no,no,no,cellular,may,thu,68,3,999,0,nonexistent,-1.8,92.893,-46.2,1.266,5099.1,no
34237,29,services,single,high.school,no,yes,no,cellular,may,thu,164,3,999,0,nonexistent,-1.8,92.893,-46.2,1.266,5099.1,no
34243,29,admin.,single,high.school,no,no,no,cellular,may,thu,14,7,999,0,nonexistent,-1.8,92.893,-46.2,1.266,5099.1,no
34258,36,blue-collar,married,basic.9y,no,yes,no,cellular,may,thu,113,2,999,0,nonexistent,-1.8,92.893,-46.2,1.266,5099.1,no
34259,38,blue-collar,married,high.school,unknown,yes,no,cellular,may,thu,152,2,999,0,nonexistent,-1.8,92.893,-46.2,1.266,5099.1,no
34274,35,blue-collar,married,basic.6y,unknown,yes,yes,cellular,may,thu,263,1,999,1,failure,-1.8,92.893,-46.2,1.266,5099.1,no
34292,29,blue-collar,married,basic.9y,unknown,no,no,cellular,may,thu,12,8,999,0,nonexistent,-1.8,92.893,-46.2,1.266,5099.1,no
34300,34,management,married,university.degree,no,no,no,cellular,may,thu,11,8,999,0,nonexistent,-1.8,92.893,-46.2,1.266,5099.1,no
34301,29,services,single,high.school,no,yes,yes,cellular,may,thu,10,10,999,0,nonexistent,-1.8,92.893,-46.2,1.266,5099.1,no
34303,45,self-employed,married,high.school,no,yes,no,cellular,may,thu,21,2,999,0,nonexistent,-1.8,92.893,-46.2,1.266,5099.1,no
34328,27,admin.,married,high.school,no,no,no,cellular,may,thu,244,1,999,1,failure,-1.8,92.893,-46.2,1.266,5099.1,no
34329,26,management,single,university.degree,no,yes,no,cellular,may,thu,667,1,999,0,nonexistent,-1.8,92.893,-46.2,1.266,5099.1,yes
34334,44,admin.,married,basic.9y,unknown,yes,yes,cellular,may,thu,414,1,999,1,failure,-1.8,92.893,-46.2,1.266,5099.1,no
34345,32,self-employed,single,professional.course,unknown,yes,no,cellular,may,thu,161,3,999,0,nonexistent,-1.8,92.893,-46.2,1.266,5099.1,no
34351,24,blue-collar,single,basic.9y,no,no,yes,cellular,may,thu,51,1,999,1,failure,-1.8,92.893,-46.2,1.266,5099.1,no
34356,22,blue-collar,single,basic.9y,no,yes,no,cellular,may,thu,283,2,999,0,nonexistent,-1.8,92.893,-46.2,1.266,5099.1,no
34357,30,technician,married,professional.course,no,yes,no,cellular,may,thu,341,1,999,0,nonexistent,-1.8,92.893,-46.2,1.266,5099.1,no
34361,27,admin.,married,professional.course,no,yes,no,cellular,may,thu,143,1,999,0,nonexistent,-1.8,92.893,-46.2,1.266,5099.1,no
34370,27,self-employed,single,university.degree,no,yes,yes,cellular,may,thu,73,1,999,1,failure,-1.8,92.893,-46.2,1.266,5099.1,no
34375,39,admin.,married,high.school,no,no,no,cellular,may,thu,76,1,999,0,nonexistent,-1.8,92.893,-46.2,1.266,5099.1,no
34378,32,entrepreneur,divorced,high.school,no,yes,no,cellular,may,thu,103,2,999,0,nonexistent,-1.8,92.893,-46.2,1.266,5099.1,no
34382,35,entrepreneur,married,professional.course,no,yes,no,telephone,may,thu,12,5,999,0,nonexistent,-1.8,92.893,-46.2,1.266,5099.1,no
34383,35,technician,single,unknown,no,no,no,cellular,may,thu,745,1,999,1,failure,-1.8,92.893,-46.2,1.266,5099.1,yes
34403,39,technician,single,basic.4y,unknown,yes,no,cellular,may,thu,411,2,999,0,nonexistent,-1.8,92.893,-46.2,1.266,5099.1,no
34414,33,blue-collar,single,high.school,no,yes,no,cellular,may,thu,17,5,999,0,nonexistent,-1.8,92.893,-46.2,1.266,5099.1,no
34421,52,admin.,married,university.degree,unknown,no,no,cellular,may,thu,877,2,999,1,failure,-1.8,92.893,-46.2,1.266,5099.1,no
34425,32,blue-collar,married,university.degree,no,no,yes,cellular,may,thu,159,1,999,0,nonexistent,-1.8,92.893,-46.2,1.266,5099.1,no
34427,54,blue-collar,married,basic.4y,unknown,yes,yes,cellular,may,thu,303,1,999,0,nonexistent,-1.8,92.893,-46.2,1.266,5099.1,no
34441,27,admin.,single,basic.9y,no,yes,no,telephone,may,thu,230,4,999,1,failure,-1.8,92.893,-46.2,1.266,5099.1,no
34453,45,blue-collar,married,basic.9y,no,no,no,cellular,may,thu,43,1,999,0,nonexistent,-1.8,92.893,-46.2,1.266,5099.1,no
34454,36,admin.,single,university.degree,no,no,no,telephone,may,thu,121,1,999,0,nonexistent,-1.8,92.893,-46.2,1.266,5099.1,no
34481,39,blue-collar,single,basic.4y,no,no,no,cellular,may,thu,93,1,999,0,nonexistent,-1.8,92.893,-46.2,1.266,5099.1,no
34498,30,admin.,married,basic.6y,no,no,no,cellular,may,thu,586,1,999,1,failure,-1.8,92.893,-46.2,1.266,5099.1,no
34501,21,admin.,single,high.school,no,no,yes,cellular,may,thu,240,1,999,0,nonexistent,-1.8,92.893,-46.2,1.266,5099.1,no
34505,48,blue-collar,married,basic.9y,unknown,no,no,cellular,may,thu,506,1,999,0,nonexistent,-1.8,92.893,-46.2,1.266,5099.1,no
34523,42,admin.,married,high.school,no,yes,no,cellular,may,thu,160,1,999,0,nonexistent,-1.8,92.893,-46.2,1.266,5099.1,no
34527,33,management,single,university.degree,no,yes,no,telephone,may,thu,112,2,999,1,failure,-1.8,92.893,-46.2,1.266,5099.1,no
34538,30,technician,married,high.school,unknown,yes,no,cellular,may,thu,115,3,999,0,nonexistent,-1.8,92.893,-46.2,1.266,5099.1,no
34541,25,technician,married,university.degree,no,no,yes,cellular,may,thu,136,1,999,1,failure,-1.8,92.893,-46.2,1.266,5099.1,no
34547,33,admin.,married,professional.course,no,unknown,unknown,cellular,may,thu,110,1,999,1,failure,-1.8,92.893,-46.2,1.266,5099.1,no
34562,36,management,married,university.degree,no,no,no,cellular,may,thu,164,2,999,0,nonexistent,-1.8,92.893,-46.2,1.266,5099.1,no
34572,27,technician,single,university.degree,no,yes,no,cellular,may,thu,43,8,999,0,nonexistent,-1.8,92.893,-46.2,1.266,5099.1,no
34587,22,student,single,high.school,no,yes,no,cellular,may,thu,99,2,999,0,nonexistent,-1.8,92.893,-46.2,1.266,5099.1,no
34594,30,technician,single,professional.course,no,yes,no,cellular,may,thu,691,1,999,0,nonexistent,-1.8,92.893,-46.2,1.266,5099.1,yes
34595,27,technician,single,professional.course,no,no,no,cellular,may,thu,311,1,999,0,nonexistent,-1.8,92.893,-46.2,1.266,5099.1,no
34596,30,blue-collar,married,basic.6y,no,no,no,cellular,may,thu,164,2,999,1,failure,-1.8,92.893,-46.2,1.266,5099.1,no
34597,23,technician,single,high.school,no,no,yes,cellular,may,thu,1129,1,999,0,nonexistent,-1.8,92.893,-46.2,1.266,5099.1,yes
34598,24,blue-collar,single,basic.4y,no,yes,yes,cellular,may,thu,109,1,999,1,failure,-1.8,92.893,-46.2,1.266,5099.1,no
34618,33,blue-collar,single,basic.9y,unknown,no,no,cellular,may,thu,65,1,999,0,nonexistent,-1.8,92.893,-46.2,1.266,5099.1,no
34622,28,student,single,university.degree,no,yes,no,cellular,may,thu,42,2,999,0,nonexistent,-1.8,92.893,-46.2,1.266,5099.1,no
34631,33,technician,single,professional.course,no,no,no,cellular,may,thu,480,2,999,0,nonexistent,-1.8,92.893,-46.2,1.266,5099.1,no
34637,36,blue-collar,married,basic.6y,no,yes,yes,cellular,may,thu,157,2,999,1,failure,-1.8,92.893,-46.2,1.266,5099.1,no
34656,35,admin.,married,university.degree,no,no,no,cellular,may,thu,229,6,999,0,nonexistent,-1.8,92.893,-46.2,1.266,5099.1,no
34661,41,technician,married,professional.course,no,no,yes,cellular,may,thu,226,2,999,0,nonexistent,-1.8,92.893,-46.2,1.266,5099.1,no
34666,36,management,married,university.degree,no,yes,no,telephone,may,thu,68,2,999,0,nonexistent,-1.8,92.893,-46.2,1.266,5099.1,no
34668,32,technician,single,professional.course,no,no,no,cellular,may,thu,1060,2,999,0,nonexistent,-1.8,92.893,-46.2,1.266,5099.1,yes
34671,27,admin.,single,university.degree,no,yes,no,cellular,may,thu,1543,4,999,0,nonexistent,-1.8,92.893,-46.2,1.266,5099.1,yes
34678,42,services,married,high.school,no,yes,no,cellular,may,thu,164,2,999,0,nonexistent,-1.8,92.893,-46.2,1.266,5099.1,no
34681,30,blue-collar,single,basic.9y,no,no,no,cellular,may,thu,362,6,999,0,nonexistent,-1.8,92.893,-46.2,1.266,5099.1,no
34695,31,entrepreneur,married,university.degree,no,yes,no,cellular,may,thu,113,3,999,0,nonexistent,-1.8,92.893,-46.2,1.266,5099.1,no
34707,31,blue-collar,single,basic.9y,no,no,no,cellular,may,thu,304,2,999,1,failure,-1.8,92.893,-46.2,1.266,5099.1,no
34708,24,blue-collar,single,unknown,no,yes,no,cellular,may,thu,487,2,999,0,nonexistent,-1.8,92.893,-46.2,1.266,5099.1,no
34719,29,admin.,single,high.school,no,yes,no,cellular,may,thu,566,2,999,0,nonexistent,-1.8,92.893,-46.2,1.266,5099.1,yes
34724,34,services,married,high.school,no,no,no,cellular,may,thu,353,6,999,1,failure,-1.8,92.893,-46.2,1.266,5099.1,no
34735,35,admin.,divorced,high.school,no,yes,no,cellular,may,thu,406,2,999,0,nonexistent,-1.8,92.893,-46.2,1.266,5099.1,no
34736,31,admin.,single,high.school,no,yes,no,cellular,may,thu,1094,2,999,0,nonexistent,-1.8,92.893,-46.2,1.266,5099.1,yes
34744,29,admin.,single,basic.9y,unknown,no,no,cellular,may,thu,460,2,999,0,nonexistent,-1.8,92.893,-46.2,1.266,5099.1,yes
34767,29,admin.,divorced,university.degree,no,no,no,telephone,may,thu,90,3,999,0,nonexistent,-1.8,92.893,-46.2,1.266,5099.1,no
34775,39,blue-collar,divorced,basic.9y,no,yes,no,cellular,may,thu,170,7,999,0,nonexistent,-1.8,92.893,-46.2,1.266,5099.1,no
34785,33,technician,married,high.school,no,yes,no,cellular,may,thu,90,5,999,0,nonexistent,-1.8,92.893,-46.2,1.266,5099.1,no
34809,21,student,single,high.school,unknown,yes,no,cellular,may,thu,142,3,999,1,failure,-1.8,92.893,-46.2,1.266,5099.1,no
34811,34,admin.,single,university.degree,no,yes,yes,cellular,may,thu,384,7,999,0,nonexistent,-1.8,92.893,-46.2,1.266,5099.1,no
34822,34,technician,single,professional.course,no,yes,no,cellular,may,thu,290,4,999,0,nonexistent,-1.8,92.893,-46.2,1.266,5099.1,no
34824,33,admin.,single,basic.6y,unknown,yes,no,cellular,may,thu,72,2,999,0,nonexistent,-1.8,92.893,-46.2,1.266,5099.1,no
34832,30,management,single,basic.9y,no,yes,no,cellular,may,fri,253,4,999,0,nonexistent,-1.8,92.893,-46.2,1.25,5099.1,no
34835,31,admin.,single,university.degree,no,yes,no,cellular,may,fri,165,3,999,1,failure,-1.8,92.893,-46.2,1.25,5099.1,no
34844,34,technician,divorced,professional.course,no,yes,yes,cellular,may,fri,296,2,999,0,nonexistent,-1.8,92.893,-46.2,1.25,5099.1,no
34847,37,admin.,single,high.school,no,yes,no,telephone,may,fri,26,6,999,1,failure,-1.8,92.893,-46.2,1.25,5099.1,no
34862,27,admin.,married,university.degree,no,yes,no,cellular,may,fri,670,4,999,1,failure,-1.8,92.893,-46.2,1.25,5099.1,yes
34879,32,admin.,single,high.school,no,no,no,cellular,may,fri,1181,9,999,0,nonexistent,-1.8,92.893,-46.2,1.25,5099.1,no
34884,32,technician,single,professional.course,no,yes,no,cellular,may,fri,347,1,999,0,nonexistent,-1.8,92.893,-46.2,1.25,5099.1,no
34886,28,entrepreneur,married,basic.9y,unknown,no,no,cellular,may,fri,133,1,999,0,nonexistent,-1.8,92.893,-46.2,1.25,5099.1,no
34892,31,admin.,single,university.degree,no,yes,no,cellular,may,fri,33,1,999,1,failure,-1.8,92.893,-46.2,1.25,5099.1,no
34895,30,admin.,single,university.degree,no,no,no,cellular,may,fri,197,1,999,1,failure,-1.8,92.893,-46.2,1.25,5099.1,no
34903,29,blue-collar,single,basic.9y,no,yes,no,cellular,may,fri,607,1,999,1,failure,-1.8,92.893,-46.2,1.25,5099.1,no
34911,29,blue-collar,divorced,high.school,no,yes,no,cellular,may,fri,144,1,999,1,failure,-1.8,92.893,-46.2,1.25,5099.1,no
34918,45,admin.,married,university.degree,no,yes,no,cellular,may,fri,259,1,999,0,nonexistent,-1.8,92.893,-46.2,1.25,5099.1,no
34922,27,blue-collar,single,basic.6y,no,no,yes,telephone,may,fri,146,4,999,0,nonexistent,-1.8,92.893,-46.2,1.25,5099.1,no
34927,41,blue-collar,married,basic.4y,no,yes,no,cellular,may,fri,302,1,999,0,nonexistent,-1.8,92.893,-46.2,1.25,5099.1,no
34948,33,admin.,married,high.school,no,yes,no,cellular,may,fri,148,1,999,0,nonexistent,-1.8,92.893,-46.2,1.25,5099.1,no
34956,34,technician,divorced,professional.course,no,no,no,cellular,may,fri,64,4,999,0,nonexistent,-1.8,92.893,-46.2,1.25,5099.1,no
34959,34,technician,divorced,professional.course,no,yes,no,cellular,may,fri,7,6,999,1,failure,-1.8,92.893,-46.2,1.25,5099.1,no
34985,37,unemployed,married,university.degree,no,unknown,unknown,cellular,may,fri,34,1,999,0,nonexistent,-1.8,92.893,-46.2,1.25,5099.1,no
34993,32,admin.,single,university.degree,no,no,no,cellular,may,fri,24,7,999,0,nonexistent,-1.8,92.893,-46.2,1.25,5099.1,no
35016,51,admin.,married,high.school,no,no,yes,cellular,may,fri,55,1,999,1,failure,-1.8,92.893,-46.2,1.25,5099.1,no
35017,50,services,married,high.school,no,no,no,cellular,may,fri,454,1,999,0,nonexistent,-1.8,92.893,-46.2,1.25,5099.1,no
35023,23,blue-collar,single,basic.4y,no,yes,yes,cellular,may,fri,102,7,999,0,nonexistent,-1.8,92.893,-46.2,1.25,5099.1,no
35030,35,admin.,single,high.school,no,yes,no,cellular,may,fri,7,5,999,0,nonexistent,-1.8,92.893,-46.2,1.25,5099.1,no
35032,33,services,divorced,high.school,no,yes,no,cellular,may,fri,82,3,999,0,nonexistent,-1.8,92.893,-46.2,1.25,5099.1,no
35037,32,entrepreneur,married,university.degree,no,unknown,unknown,cellular,may,fri,416,1,999,0,nonexistent,-1.8,92.893,-46.2,1.25,5099.1,yes
35048,39,admin.,married,university.degree,no,no,no,cellular,may,fri,301,1,999,1,failure,-1.8,92.893,-46.2,1.25,5099.1,no
35062,58,management,married,university.degree,no,yes,yes,cellular,may,fri,256,1,999,0,nonexistent,-1.8,92.893,-46.2,1.25,5099.1,no
35091,41,management,married,university.degree,no,yes,no,cellular,may,fri,100,1,999,0,nonexistent,-1.8,92.893,-46.2,1.25,5099.1,no
35102,27,services,single,high.school,no,no,no,cellular,may,fri,472,6,999,1,failure,-1.8,92.893,-46.2,1.25,5099.1,no
35106,32,blue-collar,married,basic.4y,no,no,no,cellular,may,fri,265,7,999,0,nonexistent,-1.8,92.893,-46.2,1.25,5099.1,no
35114,49,entrepreneur,divorced,basic.9y,no,no,no,cellular,may,fri,166,1,999,0,nonexistent,-1.8,92.893,-46.2,1.25,5099.1,no
35123,33,blue-collar,married,basic.9y,unknown,yes,no,cellular,may,fri,8,4,999,0,nonexistent,-1.8,92.893,-46.2,1.25,5099.1,no
35133,32,services,single,unknown,no,yes,no,cellular,may,fri,189,3,999,0,nonexistent,-1.8,92.893,-46.2,1.25,5099.1,no
35136,39,blue-collar,divorced,high.school,unknown,no,yes,cellular,may,fri,172,2,999,1,failure,-1.8,92.893,-46.2,1.25,5099.1,no
35144,35,admin.,married,high.school,unknown,no,no,cellular,may,fri,585,1,999,0,nonexistent,-1.8,92.893,-46.2,1.25,5099.1,yes
35149,22,services,married,high.school,no,yes,no,cellular,may,fri,48,7,999,0,nonexistent,-1.8,92.893,-46.2,1.25,5099.1,no
35151,40,management,divorced,university.degree,no,no,no,cellular,may,fri,342,2,999,0,nonexistent,-1.8,92.893,-46.2,1.25,5099.1,no
35176,57,blue-collar,married,basic.9y,no,no,no,cellular,may,fri,199,2,999,0,nonexistent,-1.8,92.893,-46.2,1.25,5099.1,no
35181,44,blue-collar,married,basic.4y,no,no,no,cellular,may,fri,82,2,999,1,failure,-1.8,92.893,-46.2,1.25,5099.1,no
35203,27,blue-collar,single,basic.9y,no,no,no,cellular,may,fri,167,2,999,1,failure,-1.8,92.893,-46.2,1.25,5099.1,no
35208,30,management,married,university.degree,no,no,no,cellular,may,fri,173,4,999,0,nonexistent,-1.8,92.893,-46.2,1.25,5099.1,no
35212,25,blue-collar,married,basic.4y,no,no,no,cellular,may,fri,114,2,999,0,nonexistent,-1.8,92.893,-46.2,1.25,5099.1,no
35213,39,blue-collar,married,basic.6y,unknown,no,no,cellular,may,fri,173,2,999,0,nonexistent,-1.8,92.893,-46.2,1.25,5099.1,no
35218,32,blue-collar,married,professional.course,no,yes,no,cellular,may,fri,160,2,999,0,nonexistent,-1.8,92.893,-46.2,1.25,5099.1,no
35222,44,blue-collar,married,basic.6y,no,no,no,cellular,may,fri,611,2,999,0,nonexistent,-1.8,92.893,-46.2,1.25,5099.1,yes
35235,28,self-employed,married,basic.9y,no,yes,no,cellular,may,fri,1111,5,999,0,nonexistent,-1.8,92.893,-46.2,1.25,5099.1,yes
35240,32,blue-collar,married,unknown,no,no,no,cellular,may,fri,76,2,999,0,nonexistent,-1.8,92.893,-46.2,1.25,5099.1,no
35247,31,blue-collar,married,basic.9y,no,yes,no,telephone,may,fri,22,7,999,1,failure,-1.8,92.893,-46.2,1.25,5099.1,no
35248,30,blue-collar,married,professional.course,no,no,no,cellular,may,fri,1357,4,999,1,failure,-1.8,92.893,-46.2,1.25,5099.1,yes
35259,32,technician,single,professional.course,no,yes,no,cellular,may,fri,152,5,999,0,nonexistent,-1.8,92.893,-46.2,1.25,5099.1,no
35276,54,retired,divorced,university.degree,no,yes,no,cellular,may,fri,193,2,999,0,nonexistent,-1.8,92.893,-46.2,1.25,5099.1,no
35279,23,blue-collar,single,professional.course,no,yes,yes,cellular,may,fri,134,5,999,0,nonexistent,-1.8,92.893,-46.2,1.25,5099.1,no
35283,32,technician,single,professional.course,no,yes,no,cellular,may,fri,212,3,999,0,nonexistent,-1.8,92.893,-46.2,1.25,5099.1,no
35285,39,admin.,married,university.degree,no,yes,no,cellular,may,fri,364,2,999,0,nonexistent,-1.8,92.893,-46.2,1.25,5099.1,no
35288,33,blue-collar,married,basic.9y,unknown,no,no,telephone,may,fri,134,9,999,0,nonexistent,-1.8,92.893,-46.2,1.25,5099.1,no
35300,34,admin.,single,high.school,no,no,yes,telephone,may,fri,74,5,999,0,nonexistent,-1.8,92.893,-46.2,1.25,5099.1,no
35305,39,technician,single,high.school,no,no,no,cellular,may,fri,12,5,999,0,nonexistent,-1.8,92.893,-46.2,1.25,5099.1,no
35318,21,student,single,university.degree,no,yes,no,cellular,may,fri,48,2,999,0,nonexistent,-1.8,92.893,-46.2,1.25,5099.1,no
35323,23,technician,single,high.school,no,yes,no,cellular,may,fri,16,5,999,1,failure,-1.8,92.893,-46.2,1.25,5099.1,no
35347,49,blue-collar,married,basic.9y,no,no,no,cellular,may,fri,172,2,9,2,failure,-1.8,92.893,-46.2,1.25,5099.1,no
35348,52,self-employed,divorced,university.degree,no,yes,no,telephone,may,fri,258,3,999,0,nonexistent,-1.8,92.893,-46.2,1.25,5099.1,no
35361,24,services,single,basic.9y,no,yes,yes,cellular,may,fri,68,4,999,1,failure,-1.8,92.893,-46.2,1.25,5099.1,no
35374,31,services,married,high.school,no,yes,no,cellular,may,fri,211,6,999,1,failure,-1.8,92.893,-46.2,1.25,5099.1,no
35391,38,blue-collar,divorced,basic.4y,unknown,no,no,cellular,may,fri,31,5,999,1,failure,-1.8,92.893,-46.2,1.25,5099.1,no
35413,42,self-employed,married,professional.course,unknown,no,no,cellular,may,fri,385,3,999,0,nonexistent,-1.8,92.893,-46.2,1.25,5099.1,no
35419,25,student,single,high.school,no,yes,no,cellular,may,mon,59,2,999,0,nonexistent,-1.8,92.893,-46.2,1.244,5099.1,no
35429,41,admin.,divorced,professional.course,no,no,no,cellular,may,mon,16,10,999,0,nonexistent,-1.8,92.893,-46.2,1.244,5099.1,no
35430,38,technician,single,professional.course,no,no,no,cellular,may,mon,201,5,999,0,nonexistent,-1.8,92.893,-46.2,1.244,5099.1,no
35434,44,blue-collar,single,basic.9y,no,yes,no,cellular,may,mon,536,2,999,1,failure,-1.8,92.893,-46.2,1.244,5099.1,yes
35439,36,admin.,married,high.school,unknown,no,no,cellular,may,mon,899,3,999,0,nonexistent,-1.8,92.893,-46.2,1.244,5099.1,yes
35443,38,admin.,single,university.degree,no,no,no,cellular,may,mon,114,4,999,0,nonexistent,-1.8,92.893,-46.2,1.244,5099.1,no
35447,42,management,divorced,university.degree,no,no,no,cellular,may,mon,359,5,999,0,nonexistent,-1.8,92.893,-46.2,1.244,5099.1,no
35450,52,blue-collar,married,basic.9y,unknown,yes,no,cellular,may,mon,70,3,999,0,nonexistent,-1.8,92.893,-46.2,1.244,5099.1,no
35452,31,admin.,married,university.degree,no,no,no,cellular,may,mon,116,4,999,0,nonexistent,-1.8,92.893,-46.2,1.244,5099.1,no
35463,35,housemaid,married,university.degree,no,yes,no,cellular,may,mon,59,2,999,0,nonexistent,-1.8,92.893,-46.2,1.244,5099.1,no
35465,54,retired,divorced,professional.course,no,yes,no,cellular,may,mon,44,8,999,0,nonexistent,-1.8,92.893,-46.2,1.244,5099.1,no
35479,36,admin.,married,high.school,unknown,yes,yes,cellular,may,mon,264,1,10,1,success,-1.8,92.893,-46.2,1.244,5099.1,no
35486,54,blue-collar,married,basic.4y,unknown,no,no,cellular,may,mon,108,1,999,0,nonexistent,-1.8,92.893,-46.2,1.244,5099.1,no
35500,23,blue-collar,single,high.school,no,yes,no,cellular,may,mon,115,1,999,0,nonexistent,-1.8,92.893,-46.2,1.244,5099.1,no
35514,45,services,divorced,high.school,no,no,no,cellular,may,mon,15,9,999,1,failure,-1.8,92.893,-46.2,1.244,5099.1,no
35524,44,services,divorced,high.school,no,no,no,cellular,may,mon,903,4,999,0,nonexistent,-1.8,92.893,-46.2,1.244,5099.1,yes
35529,33,unemployed,married,basic.4y,no,no,no,cellular,may,mon,205,1,999,0,nonexistent,-1.8,92.893,-46.2,1.244,5099.1,no
35543,35,blue-collar,married,professional.course,no,yes,no,cellular,may,mon,42,1,999,0,nonexistent,-1.8,92.893,-46.2,1.244,5099.1,no
35548,52,admin.,divorced,high.school,no,yes,yes,cellular,may,mon,110,1,999,1,failure,-1.8,92.893,-46.2,1.244,5099.1,no
35564,32,management,married,university.degree,no,no,yes,cellular,may,mon,119,1,999,0,nonexistent,-1.8,92.893,-46.2,1.244,5099.1,no
35565,37,management,divorced,university.degree,no,no,no,cellular,may,mon,493,1,999,0,nonexistent,-1.8,92.893,-46.2,1.244,5099.1,yes
35583,31,blue-collar,married,high.school,no,no,no,cellular,may,mon,128,1,999,0,nonexistent,-1.8,92.893,-46.2,1.244,5099.1,no
35598,43,technician,married,professional.course,no,no,yes,cellular,may,mon,191,2,12,1,success,-1.8,92.893,-46.2,1.244,5099.1,no
35601,58,admin.,married,university.degree,no,no,no,cellular,may,mon,325,1,999,0,nonexistent,-1.8,92.893,-46.2,1.244,5099.1,no
35602,29,admin.,married,university.degree,no,yes,no,cellular,may,mon,167,1,999,0,nonexistent,-1.8,92.893,-46.2,1.244,5099.1,no
35613,37,management,married,university.degree,no,no,no,cellular,may,mon,546,1,999,0,nonexistent,-1.8,92.893,-46.2,1.244,5099.1,no
35616,29,technician,single,university.degree,no,no,no,cellular,may,mon,74,3,999,0,nonexistent,-1.8,92.893,-46.2,1.244,5099.1,no
35619,32,admin.,divorced,university.degree,no,yes,yes,cellular,may,mon,156,5,999,0,nonexistent,-1.8,92.893,-46.2,1.244,5099.1,no
35635,30,services,single,high.school,no,no,no,cellular,may,mon,700,3,999,0,nonexistent,-1.8,92.893,-46.2,1.244,5099.1,yes
35648,41,blue-collar,divorced,basic.9y,no,yes,no,cellular,may,mon,380,1,999,0,nonexistent,-1.8,92.893,-46.2,1.244,5099.1,no
35669,58,management,married,university.degree,no,no,no,cellular,may,mon,248,1,999,1,failure,-1.8,92.893,-46.2,1.244,5099.1,no
35682,37,self-employed,single,basic.4y,no,yes,no,cellular,may,mon,180,3,999,1,failure,-1.8,92.893,-46.2,1.244,5099.1,no
35689,46,admin.,married,high.school,no,yes,yes,cellular,may,mon,196,3,999,0,nonexistent,-1.8,92.893,-46.2,1.244,5099.1,no
35711,36,blue-collar,married,basic.9y,no,yes,no,cellular,may,mon,227,2,999,0,nonexistent,-1.8,92.893,-46.2,1.244,5099.1,no
35713,33,technician,married,professional.course,no,yes,no,cellular,may,mon,241,3,999,0,nonexistent,-1.8,92.893,-46.2,1.244,5099.1,no
35730,29,admin.,married,high.school,no,yes,no,cellular,may,mon,767,2,999,0,nonexistent,-1.8,92.893,-46.2,1.244,5099.1,yes
35733,24,blue-collar,single,basic.9y,no,yes,no,cellular,may,mon,61,3,999,0,nonexistent,-1.8,92.893,-46.2,1.244,5099.1,no
35740,36,services,single,high.school,no,yes,no,cellular,may,mon,566,2,999,1,failure,-1.8,92.893,-46.2,1.244,5099.1,no
35748,29,admin.,married,high.school,no,yes,no,cellular,may,mon,112,4,999,1,failure,-1.8,92.893,-46.2,1.244,5099.1,no
35753,22,technician,single,basic.9y,no,no,no,telephone,may,mon,267,2,999,1,failure,-1.8,92.893,-46.2,1.244,5099.1,no
35762,33,technician,married,professional.course,no,yes,no,cellular,may,mon,6,2,999,0,nonexistent,-1.8,92.893,-46.2,1.244,5099.1,no
35769,51,technician,married,high.school,no,yes,no,cellular,may,mon,170,6,999,0,nonexistent,-1.8,92.893,-46.2,1.244,5099.1,no
35773,30,technician,single,university.degree,no,yes,no,cellular,may,mon,663,2,999,0,nonexistent,-1.8,92.893,-46.2,1.244,5099.1,no
35774,41,admin.,single,high.school,no,no,yes,telephone,may,mon,36,6,999,0,nonexistent,-1.8,92.893,-46.2,1.244,5099.1,no
35778,43,blue-collar,married,basic.4y,no,yes,no,cellular,may,mon,128,3,999,0,nonexistent,-1.8,92.893,-46.2,1.244,5099.1,no
35788,33,admin.,single,university.degree,no,no,no,cellular,may,mon,26,4,999,0,nonexistent,-1.8,92.893,-46.2,1.244,5099.1,no
35798,31,blue-collar,single,high.school,no,yes,no,cellular,may,mon,126,2,999,1,failure,-1.8,92.893,-46.2,1.244,5099.1,no
35799,35,admin.,single,university.degree,no,yes,no,cellular,may,mon,424,2,999,0,nonexistent,-1.8,92.893,-46.2,1.244,5099.1,no
35802,33,admin.,single,university.degree,no,no,no,cellular,may,mon,305,2,999,0,nonexistent,-1.8,92.893,-46.2,1.244,5099.1,no
35817,32,admin.,married,high.school,no,yes,no,cellular,may,mon,171,2,999,0,nonexistent,-1.8,92.893,-46.2,1.244,5099.1,no
35830,40,technician,single,professional.course,no,yes,no,cellular,may,fri,317,1,999,1,failure,-1.8,92.893,-46.2,1.259,5099.1,yes
35840,35,admin.,married,high.school,no,yes,no,cellular,may,fri,121,1,999,0,nonexistent,-1.8,92.893,-46.2,1.259,5099.1,no
35841,48,entrepreneur,married,university.degree,no,yes,no,cellular,may,fri,796,1,999,1,failure,-1.8,92.893,-46.2,1.259,5099.1,yes
35880,46,technician,married,university.degree,no,no,no,cellular,may,fri,566,7,999,0,nonexistent,-1.8,92.893,-46.2,1.259,5099.1,no
35889,40,management,married,high.school,no,no,no,cellular,may,fri,253,1,999,1,failure,-1.8,92.893,-46.2,1.259,5099.1,no
35892,45,blue-collar,married,professional.course,no,yes,no,cellular,may,fri,157,3,999,0,nonexistent,-1.8,92.893,-46.2,1.259,5099.1,no
35893,30,admin.,married,university.degree,no,yes,yes,cellular,may,fri,449,4,999,0,nonexistent,-1.8,92.893,-46.2,1.259,5099.1,yes
35896,37,admin.,married,university.degree,no,yes,no,cellular,may,fri,685,1,999,0,nonexistent,-1.8,92.893,-46.2,1.259,5099.1,yes
35907,26,admin.,single,university.degree,no,yes,no,cellular,may,mon,365,5,999,0,nonexistent,-1.8,92.893,-46.2,1.264,5099.1,no
35915,36,admin.,married,high.school,no,no,no,cellular,may,mon,119,1,999,0,nonexistent,-1.8,92.893,-46.2,1.264,5099.1,yes
35937,56,retired,married,high.school,no,no,yes,cellular,may,mon,613,2,999,0,nonexistent,-1.8,92.893,-46.2,1.264,5099.1,no
35940,54,admin.,single,university.degree,no,no,no,cellular,may,mon,337,1,999,0,nonexistent,-1.8,92.893,-46.2,1.264,5099.1,yes
35943,26,student,single,basic.9y,no,yes,no,cellular,may,mon,200,1,999,0,nonexistent,-1.8,92.893,-46.2,1.264,5099.1,no
35959,36,self-employed,married,university.degree,no,no,no,cellular,may,mon,54,1,999,0,nonexistent,-1.8,92.893,-46.2,1.264,5099.1,no
35960,46,unemployed,married,basic.9y,no,yes,no,cellular,may,mon,205,1,999,1,failure,-1.8,92.893,-46.2,1.264,5099.1,no
35984,28,technician,single,high.school,no,yes,no,telephone,may,mon,100,3,999,0,nonexistent,-1.8,92.893,-46.2,1.264,5099.1,no
36006,38,blue-collar,married,basic.9y,no,yes,no,cellular,may,tue,119,1,999,0,nonexistent,-1.8,92.893,-46.2,1.266,5099.1,no
36015,36,admin.,single,university.degree,no,yes,no,cellular,may,tue,260,2,999,0,nonexistent,-1.8,92.893,-46.2,1.266,5099.1,no
36018,55,retired,married,high.school,no,no,no,cellular,may,tue,256,1,999,0,nonexistent,-1.8,92.893,-46.2,1.266,5099.1,no
36019,51,retired,married,high.school,no,yes,no,cellular,may,tue,302,1,999,1,failure,-1.8,92.893,-46.2,1.266,5099.1,no
36024,61,unknown,single,basic.4y,no,yes,no,cellular,may,tue,574,1,3,1,success,-1.8,92.893,-46.2,1.266,5099.1,no
36039,31,admin.,married,high.school,no,yes,no,cellular,may,tue,208,2,999,1,failure,-1.8,92.893,-46.2,1.266,5099.1,yes
36041,35,management,single,university.degree,no,no,no,cellular,may,tue,68,1,999,0,nonexistent,-1.8,92.893,-46.2,1.266,5099.1,no
36044,28,blue-collar,married,basic.9y,no,yes,no,cellular,may,tue,3509,2,3,2,success,-1.8,92.893,-46.2,1.266,5099.1,no
36045,54,admin.,divorced,professional.course,no,yes,no,cellular,may,tue,81,1,999,1,failure,-1.8,92.893,-46.2,1.266,5099.1,no
36060,29,admin.,single,university.degree,no,yes,no,cellular,may,tue,88,1,999,0,nonexistent,-1.8,92.893,-46.2,1.266,5099.1,no
36066,28,admin.,single,university.degree,no,yes,no,cellular,may,tue,187,1,999,0,nonexistent,-1.8,92.893,-46.2,1.266,5099.1,no
36070,27,services,married,university.degree,no,yes,no,cellular,may,tue,445,1,999,0,nonexistent,-1.8,92.893,-46.2,1.266,5099.1,yes
36084,29,management,single,university.degree,no,yes,no,cellular,may,tue,112,1,999,0,nonexistent,-1.8,92.893,-46.2,1.266,5099.1,no
36088,21,student,single,high.school,no,yes,no,cellular,may,tue,226,2,999,0,nonexistent,-1.8,92.893,-46.2,1.266,5099.1,yes
36099,49,admin.,single,university.degree,no,no,no,cellular,may,tue,132,1,999,1,failure,-1.8,92.893,-46.2,1.266,5099.1,no
36101,49,admin.,single,university.degree,no,no,no,cellular,may,tue,362,1,999,1,failure,-1.8,92.893,-46.2,1.266,5099.1,no
36105,59,self-employed,married,university.degree,no,no,no,cellular,may,tue,94,2,999,1,failure,-1.8,92.893,-46.2,1.266,5099.1,no
36106,23,student,single,basic.6y,no,yes,no,cellular,may,tue,258,1,999,0,nonexistent,-1.8,92.893,-46.2,1.266,5099.1,no
36111,27,services,married,university.degree,no,no,no,cellular,may,tue,752,2,3,1,success,-1.8,92.893,-46.2,1.266,5099.1,no
36119,34,services,married,high.school,no,no,no,cellular,may,wed,71,3,999,0,nonexistent,-1.8,92.893,-46.2,1.27,5099.1,no
36121,42,technician,married,professional.course,no,no,no,cellular,may,wed,82,2,999,0,nonexistent,-1.8,92.893,-46.2,1.27,5099.1,no
36122,30,admin.,married,university.degree,no,no,no,cellular,may,wed,121,1,999,0,nonexistent,-1.8,92.893,-46.2,1.27,5099.1,no
36131,54,unemployed,married,basic.9y,no,no,no,telephone,may,wed,108,1,999,0,nonexistent,-1.8,92.893,-46.2,1.27,5099.1,no
36133,31,blue-collar,married,basic.4y,no,no,no,cellular,may,wed,128,1,999,1,failure,-1.8,92.893,-46.2,1.27,5099.1,no
36137,26,services,single,high.school,no,no,no,cellular,may,wed,119,2,999,0,nonexistent,-1.8,92.893,-46.2,1.27,5099.1,no
36157,34,admin.,married,university.degree,no,no,no,cellular,may,wed,1576,1,999,0,nonexistent,-1.8,92.893,-46.2,1.27,5099.1,no
36162,66,unknown,divorced,unknown,unknown,yes,no,cellular,may,wed,82,2,999,1,failure,-1.8,92.893,-46.2,1.27,5099.1,no
36165,32,admin.,single,university.degree,no,yes,no,cellular,may,wed,412,1,999,0,nonexistent,-1.8,92.893,-46.2,1.27,5099.1,yes
36173,30,student,single,high.school,no,yes,no,cellular,may,wed,156,4,3,1,success,-1.8,92.893,-46.2,1.27,5099.1,no
36183,32,services,married,high.school,no,yes,no,telephone,may,wed,628,2,999,0,nonexistent,-1.8,92.893,-46.2,1.27,5099.1,yes
36185,53,self-employed,married,university.degree,no,no,yes,cellular,may,wed,141,3,6,1,success,-1.8,92.893,-46.2,1.27,5099.1,no
36205,26,student,single,high.school,no,no,no,cellular,may,thu,93,3,999,0,nonexistent,-1.8,92.893,-46.2,1.27,5099.1,no
36207,42,housemaid,married,high.school,no,yes,no,cellular,may,thu,95,3,999,0,nonexistent,-1.8,92.893,-46.2,1.27,5099.1,no
36258,31,services,married,basic.9y,no,yes,no,cellular,jun,mon,208,1,999,0,nonexistent,-2.9,92.963,-40.8,1.266,5076.2,no
36263,39,admin.,married,university.degree,no,no,no,cellular,jun,mon,165,1,999,0,nonexistent,-2.9,92.963,-40.8,1.266,5076.2,no
36266,32,technician,single,university.degree,no,no,no,cellular,jun,mon,1048,1,999,0,nonexistent,-2.9,92.963,-40.8,1.266,5076.2,yes
36280,44,housemaid,married,university.degree,no,no,no,cellular,jun,mon,223,1,999,1,failure,-2.9,92.963,-40.8,1.266,5076.2,no
36281,34,admin.,single,university.degree,no,no,no,cellular,jun,mon,62,1,999,0,nonexistent,-2.9,92.963,-40.8,1.266,5076.2,no
36289,36,management,married,university.degree,no,unknown,unknown,telephone,jun,mon,192,1,999,0,nonexistent,-2.9,92.963,-40.8,1.266,5076.2,no
36291,43,admin.,married,high.school,unknown,yes,no,cellular,jun,mon,153,1,999,0,nonexistent,-2.9,92.963,-40.8,1.266,5076.2,no
36295,31,technician,married,unknown,no,yes,no,cellular,jun,mon,84,1,999,1,failure,-2.9,92.963,-40.8,1.266,5076.2,no
36300,49,management,married,university.degree,no,no,no,cellular,jun,mon,215,2,999,0,nonexistent,-2.9,92.963,-40.8,1.266,5076.2,yes
36324,52,unknown,married,professional.course,unknown,yes,no,cellular,jun,tue,149,1,999,0,nonexistent,-2.9,92.963,-40.8,1.262,5076.2,no
36326,67,admin.,married,basic.4y,unknown,no,no,cellular,jun,tue,466,1,999,0,nonexistent,-2.9,92.963,-40.8,1.262,5076.2,yes
36352,32,services,single,professional.course,no,yes,no,cellular,jun,tue,297,1,999,2,failure,-2.9,92.963,-40.8,1.262,5076.2,no
36354,32,admin.,married,university.degree,no,no,no,cellular,jun,tue,596,1,999,0,nonexistent,-2.9,92.963,-40.8,1.262,5076.2,yes
36383,29,unemployed,single,high.school,no,no,no,cellular,jun,tue,189,1,999,0,nonexistent,-2.9,92.963,-40.8,1.262,5076.2,no
36386,33,admin.,single,high.school,no,yes,no,cellular,jun,tue,74,2,999,0,nonexistent,-2.9,92.963,-40.8,1.262,5076.2,no
36387,32,admin.,married,university.degree,no,yes,yes,cellular,jun,tue,82,1,999,0,nonexistent,-2.9,92.963,-40.8,1.262,5076.2,yes
36388,23,student,single,high.school,no,no,no,telephone,jun,tue,108,4,999,0,nonexistent,-2.9,92.963,-40.8,1.262,5076.2,no
36389,43,admin.,married,university.degree,no,yes,no,cellular,jun,tue,91,1,999,0,nonexistent,-2.9,92.963,-40.8,1.262,5076.2,no
36398,31,management,married,university.degree,no,no,no,cellular,jun,tue,217,1,999,0,nonexistent,-2.9,92.963,-40.8,1.262,5076.2,no
36399,30,unemployed,married,professional.course,no,yes,no,cellular,jun,tue,194,1,999,0,nonexistent,-2.9,92.963,-40.8,1.262,5076.2,no
36400,30,unemployed,married,professional.course,no,yes,yes,cellular,jun,tue,495,1,999,0,nonexistent,-2.9,92.963,-40.8,1.262,5076.2,no
36404,28,admin.,single,high.school,no,yes,no,cellular,jun,tue,135,1,999,0,nonexistent,-2.9,92.963,-40.8,1.262,5076.2,no
36405,28,admin.,single,high.school,no,yes,no,cellular,jun,tue,359,1,999,2,failure,-2.9,92.963,-40.8,1.262,5076.2,yes
36411,33,admin.,single,university.degree,no,yes,no,cellular,jun,tue,251,1,999,0,nonexistent,-2.9,92.963,-40.8,1.262,5076.2,yes
36426,30,admin.,single,university.degree,no,yes,no,cellular,jun,tue,224,1,999,0,nonexistent,-2.9,92.963,-40.8,1.262,5076.2,no
36451,40,admin.,married,university.degree,no,no,no,cellular,jun,tue,269,1,999,1,failure,-2.9,92.963,-40.8,1.262,5076.2,no
36452,46,unemployed,married,basic.9y,no,yes,no,cellular,jun,tue,236,2,999,0,nonexistent,-2.9,92.963,-40.8,1.262,5076.2,yes
36456,58,retired,divorced,high.school,no,yes,no,cellular,jun,tue,145,2,999,0,nonexistent,-2.9,92.963,-40.8,1.262,5076.2,no
36459,24,technician,single,high.school,no,yes,no,cellular,jun,tue,142,2,999,0,nonexistent,-2.9,92.963,-40.8,1.262,5076.2,no
36462,31,management,married,university.degree,no,yes,no,cellular,jun,tue,305,1,999,0,nonexistent,-2.9,92.963,-40.8,1.262,5076.2,yes
36466,43,admin.,married,university.degree,no,yes,no,cellular,jun,wed,262,2,3,1,success,-2.9,92.963,-40.8,1.26,5076.2,yes
36472,31,services,married,high.school,no,no,no,cellular,jun,wed,592,4,999,0,nonexistent,-2.9,92.963,-40.8,1.26,5076.2,yes
36477,59,retired,married,professional.course,no,no,no,cellular,jun,wed,136,1,999,0,nonexistent,-2.9,92.963,-40.8,1.26,5076.2,no
36501,29,technician,single,university.degree,no,yes,no,cellular,jun,wed,138,1,999,0,nonexistent,-2.9,92.963,-40.8,1.26,5076.2,no
36502,29,technician,single,university.degree,no,yes,no,cellular,jun,wed,165,1,999,0,nonexistent,-2.9,92.963,-40.8,1.26,5076.2,yes
36514,57,entrepreneur,married,basic.4y,no,yes,no,cellular,jun,wed,467,1,999,0,nonexistent,-2.9,92.963,-40.8,1.26,5076.2,no
36521,56,retired,married,university.degree,no,yes,no,cellular,jun,wed,252,1,999,2,failure,-2.9,92.963,-40.8,1.26,5076.2,no
36525,61,admin.,married,university.degree,no,yes,no,cellular,jun,wed,151,1,999,0,nonexistent,-2.9,92.963,-40.8,1.26,5076.2,no
36534,29,services,single,high.school,no,no,no,cellular,jun,wed,136,6,3,1,success,-2.9,92.963,-40.8,1.26,5076.2,no
36551,54,management,married,university.degree,no,yes,no,cellular,jun,wed,42,1,999,0,nonexistent,-2.9,92.963,-40.8,1.26,5076.2,no
36580,35,admin.,married,university.degree,no,no,no,cellular,jun,thu,510,3,999,0,nonexistent,-2.9,92.963,-40.8,1.26,5076.2,yes
36583,62,unknown,married,professional.course,no,no,no,cellular,jun,thu,277,3,999,0,nonexistent,-2.9,92.963,-40.8,1.26,5076.2,no
36588,53,housemaid,married,high.school,no,yes,no,cellular,jun,thu,94,2,999,0,nonexistent,-2.9,92.963,-40.8,1.26,5076.2,no
36591,51,unemployed,married,basic.6y,no,yes,no,cellular,jun,thu,79,1,999,1,failure,-2.9,92.963,-40.8,1.26,5076.2,no
36599,42,admin.,married,university.degree,no,no,no,cellular,jun,thu,160,1,999,0,nonexistent,-2.9,92.963,-40.8,1.26,5076.2,yes
36606,22,student,single,high.school,no,yes,yes,cellular,jun,thu,221,1,999,1,failure,-2.9,92.963,-40.8,1.26,5076.2,no
36617,28,admin.,single,high.school,no,yes,yes,cellular,jun,thu,296,2,999,0,nonexistent,-2.9,92.963,-40.8,1.26,5076.2,yes
36623,30,technician,single,professional.course,no,no,no,cellular,jun,thu,137,1,999,0,nonexistent,-2.9,92.963,-40.8,1.26,5076.2,yes
36631,52,admin.,married,university.degree,no,yes,no,cellular,jun,thu,352,1,999,0,nonexistent,-2.9,92.963,-40.8,1.26,5076.2,no
36644,35,admin.,married,university.degree,no,no,yes,telephone,jun,thu,125,5,999,0,nonexistent,-2.9,92.963,-40.8,1.26,5076.2,no
36655,29,technician,married,high.school,no,no,no,cellular,jun,fri,397,1,999,0,nonexistent,-2.9,92.963,-40.8,1.268,5076.2,yes
36664,32,admin.,single,university.degree,no,no,no,cellular,jun,fri,462,1,999,0,nonexistent,-2.9,92.963,-40.8,1.268,5076.2,yes
36668,45,entrepreneur,married,university.degree,no,yes,no,cellular,jun,fri,247,3,999,0,nonexistent,-2.9,92.963,-40.8,1.268,5076.2,no
36671,27,admin.,single,university.degree,no,no,no,cellular,jun,fri,398,2,999,0,nonexistent,-2.9,92.963,-40.8,1.268,5076.2,no
36676,59,admin.,married,university.degree,unknown,yes,no,cellular,jun,fri,1543,1,999,0,nonexistent,-2.9,92.963,-40.8,1.268,5076.2,yes
36677,31,self-employed,married,university.degree,no,yes,no,cellular,jun,fri,207,1,999,0,nonexistent,-2.9,92.963,-40.8,1.268,5076.2,yes
36679,51,technician,single,university.degree,no,yes,no,cellular,jun,fri,509,1,999,0,nonexistent,-2.9,92.963,-40.8,1.268,5076.2,yes
36682,32,technician,single,professional.course,no,yes,no,cellular,jun,fri,329,1,3,1,success,-2.9,92.963,-40.8,1.268,5076.2,no
36683,51,technician,single,university.degree,no,no,no,cellular,jun,fri,657,1,999,0,nonexistent,-2.9,92.963,-40.8,1.268,5076.2,yes
36691,29,admin.,single,high.school,no,yes,no,cellular,jun,fri,213,2,999,0,nonexistent,-2.9,92.963,-40.8,1.268,5076.2,no
36700,30,admin.,married,unknown,no,yes,no,cellular,jun,fri,207,2,4,1,success,-2.9,92.963,-40.8,1.268,5076.2,yes
36710,30,technician,single,university.degree,no,yes,no,cellular,jun,fri,166,2,999,0,nonexistent,-2.9,92.963,-40.8,1.268,5076.2,yes
36736,32,management,single,university.degree,no,no,no,cellular,jun,mon,257,2,3,1,success,-2.9,92.963,-40.8,1.281,5076.2,yes
36760,29,admin.,single,university.degree,no,no,no,cellular,jun,tue,160,2,999,0,nonexistent,-2.9,92.963,-40.8,1.286,5076.2,yes
36764,32,entrepreneur,married,basic.4y,no,yes,no,cellular,jun,tue,183,2,999,1,failure,-2.9,92.963,-40.8,1.286,5076.2,yes
36766,25,admin.,single,unknown,no,no,no,telephone,jun,tue,221,7,999,0,nonexistent,-2.9,92.963,-40.8,1.286,5076.2,yes
36800,41,admin.,single,university.degree,no,yes,no,cellular,jun,mon,95,1,999,0,nonexistent,-2.9,92.963,-40.8,1.26,5076.2,yes
36822,34,blue-collar,married,basic.4y,no,yes,no,cellular,jun,mon,88,2,999,0,nonexistent,-2.9,92.963,-40.8,1.26,5076.2,no
36823,57,unemployed,married,basic.4y,no,yes,no,cellular,jun,mon,284,1,999,0,nonexistent,-2.9,92.963,-40.8,1.26,5076.2,yes
36840,34,blue-collar,married,basic.4y,no,yes,no,cellular,jun,mon,75,2,999,0,nonexistent,-2.9,92.963,-40.8,1.26,5076.2,no
36844,21,admin.,single,high.school,no,no,no,cellular,jun,mon,173,1,999,0,nonexistent,-2.9,92.963,-40.8,1.26,5076.2,yes
36853,53,housemaid,married,basic.4y,no,yes,no,cellular,jun,tue,245,2,999,0,nonexistent,-2.9,92.963,-40.8,1.252,5076.2,yes
36855,56,admin.,married,university.degree,no,yes,no,cellular,jun,tue,202,1,999,0,nonexistent,-2.9,92.963,-40.8,1.252,5076.2,no
36877,26,self-employed,single,university.degree,no,yes,no,cellular,jun,wed,181,2,999,0,nonexistent,-2.9,92.963,-40.8,1.244,5076.2,no
36880,28,student,single,unknown,no,no,no,cellular,jun,wed,208,4,999,0,nonexistent,-2.9,92.963,-40.8,1.244,5076.2,no
36884,25,student,single,university.degree,no,yes,yes,cellular,jun,thu,393,2,999,0,nonexistent,-2.9,92.963,-40.8,1.235,5076.2,yes
36890,27,entrepreneur,single,university.degree,no,no,no,cellular,jun,thu,133,2,999,1,failure,-2.9,92.963,-40.8,1.235,5076.2,no
36892,25,student,single,university.degree,no,no,yes,telephone,jun,thu,280,6,999,1,failure,-2.9,92.963,-40.8,1.235,5076.2,yes
36893,32,technician,married,high.school,no,no,yes,cellular,jun,fri,112,4,999,1,failure,-2.9,92.963,-40.8,1.224,5076.2,no
36899,38,services,married,basic.9y,no,no,yes,telephone,jun,fri,177,2,999,0,nonexistent,-2.9,92.963,-40.8,1.224,5076.2,no
36910,50,admin.,married,university.degree,no,no,no,cellular,jun,mon,269,1,3,1,success,-2.9,92.963,-40.8,1.215,5076.2,yes
36914,32,technician,single,professional.course,no,yes,yes,cellular,jun,mon,187,1,999,0,nonexistent,-2.9,92.963,-40.8,1.215,5076.2,no
36916,45,admin.,married,basic.9y,no,yes,no,telephone,jun,mon,60,2,999,0,nonexistent,-2.9,92.963,-40.8,1.215,5076.2,no
36920,24,student,single,unknown,no,yes,yes,cellular,jun,tue,124,1,999,1,failure,-2.9,92.963,-40.8,1.206,5076.2,no
36921,36,admin.,single,high.school,no,yes,no,cellular,jun,tue,248,1,999,1,failure,-2.9,92.963,-40.8,1.206,5076.2,no
36922,45,technician,married,professional.course,no,yes,yes,cellular,jun,tue,191,1,999,0,nonexistent,-2.9,92.963,-40.8,1.206,5076.2,no
36932,37,entrepreneur,married,university.degree,no,yes,no,cellular,jun,tue,108,1,999,0,nonexistent,-2.9,92.963,-40.8,1.099,5076.2,no
36933,38,admin.,single,university.degree,no,no,no,cellular,jun,tue,103,1,999,0,nonexistent,-2.9,92.963,-40.8,1.099,5076.2,no
36936,36,entrepreneur,single,basic.4y,no,no,no,cellular,jun,tue,166,1,999,0,nonexistent,-2.9,92.963,-40.8,1.099,5076.2,no
36939,33,housemaid,married,university.degree,no,no,no,cellular,jun,tue,224,1,999,0,nonexistent,-2.9,92.963,-40.8,1.099,5076.2,yes
36940,50,admin.,married,high.school,no,no,no,cellular,jul,wed,140,3,999,0,nonexistent,-2.9,92.469,-33.6,1.085,5076.2,yes
36942,56,management,married,professional.course,no,no,no,cellular,jul,wed,291,2,999,0,nonexistent,-2.9,92.469,-33.6,1.085,5076.2,no
36947,24,self-employed,single,unknown,no,no,yes,cellular,jul,thu,342,2,999,0,nonexistent,-2.9,92.469,-33.6,1.072,5076.2,yes
36953,50,admin.,married,university.degree,no,no,no,cellular,jul,thu,356,1,999,0,nonexistent,-2.9,92.469,-33.6,1.072,5076.2,yes
36955,59,blue-collar,divorced,basic.4y,no,yes,no,cellular,jul,thu,218,1,999,0,nonexistent,-2.9,92.469,-33.6,1.072,5076.2,yes
36962,43,technician,single,university.degree,no,no,no,cellular,jul,thu,109,1,999,0,nonexistent,-2.9,92.469,-33.6,1.072,5076.2,no
36972,32,self-employed,single,university.degree,no,yes,no,cellular,jul,thu,940,1,14,1,success,-2.9,92.469,-33.6,1.072,5076.2,yes
36989,48,admin.,divorced,university.degree,no,yes,no,cellular,jul,fri,409,2,999,0,nonexistent,-2.9,92.469,-33.6,1.059,5076.2,yes
36993,57,retired,divorced,basic.9y,no,no,no,cellular,jul,fri,897,3,999,0,nonexistent,-2.9,92.469,-33.6,1.059,5076.2,no
37001,34,admin.,married,high.school,no,no,no,cellular,jul,fri,59,7,999,0,nonexistent,-2.9,92.469,-33.6,1.059,5076.2,no
37008,30,admin.,single,university.degree,no,no,yes,cellular,jul,mon,207,2,999,0,nonexistent,-2.9,92.469,-33.6,1.048,5076.2,no
37023,31,services,single,university.degree,no,no,no,telephone,jul,tue,82,2,999,1,failure,-2.9,92.469,-33.6,1.044,5076.2,no
37035,38,technician,single,university.degree,no,yes,no,cellular,jul,tue,321,1,999,0,nonexistent,-2.9,92.469,-33.6,1.044,5076.2,no
37037,27,admin.,single,unknown,no,yes,no,telephone,jul,tue,876,1,999,0,nonexistent,-2.9,92.469,-33.6,1.044,5076.2,yes
37041,40,admin.,married,university.degree,no,yes,no,cellular,jul,tue,243,1,999,0,nonexistent,-2.9,92.469,-33.6,1.044,5076.2,yes
37048,68,retired,married,basic.4y,no,yes,no,cellular,jul,wed,665,1,999,0,nonexistent,-2.9,92.469,-33.6,1.029,5076.2,no
37052,41,admin.,married,university.degree,no,yes,no,cellular,jul,wed,181,1,999,1,failure,-2.9,92.469,-33.6,1.029,5076.2,no
37058,28,unemployed,single,university.degree,no,unknown,unknown,telephone,jul,wed,167,1,999,0,nonexistent,-2.9,92.469,-33.6,1.029,5076.2,no
37065,42,admin.,single,university.degree,no,yes,yes,cellular,jul,wed,122,1,999,0,nonexistent,-2.9,92.469,-33.6,1.029,5076.2,no
37079,23,blue-collar,single,high.school,no,no,no,cellular,jul,fri,104,2,999,0,nonexistent,-2.9,92.469,-33.6,1.007,5076.2,yes
37087,27,management,single,university.degree,no,yes,no,cellular,jul,mon,125,2,999,0,nonexistent,-2.9,92.469,-33.6,0.944,5076.2,yes
37101,30,student,single,university.degree,no,no,no,cellular,jul,tue,332,2,13,2,failure,-2.9,92.469,-33.6,0.908,5076.2,yes
37106,26,admin.,single,university.degree,no,no,yes,cellular,jul,tue,148,4,999,0,nonexistent,-2.9,92.469,-33.6,0.908,5076.2,no
37108,26,technician,single,university.degree,no,no,yes,cellular,jul,tue,67,5,999,1,failure,-2.9,92.469,-33.6,0.908,5076.2,no
37127,47,admin.,divorced,university.degree,no,yes,yes,cellular,aug,tue,185,1,999,0,nonexistent,-2.9,92.201,-31.4,0.884,5076.2,yes
37131,26,technician,single,university.degree,no,yes,no,cellular,aug,tue,204,2,999,1,failure,-2.9,92.201,-31.4,0.884,5076.2,no
37152,27,management,single,university.degree,no,yes,no,cellular,aug,wed,106,1,999,0,nonexistent,-2.9,92.201,-31.4,0.884,5076.2,no
37155,32,services,single,high.school,no,yes,yes,cellular,aug,wed,253,1,4,2,success,-2.9,92.201,-31.4,0.884,5076.2,yes
37165,56,entrepreneur,married,high.school,no,yes,no,cellular,aug,wed,131,5,999,1,failure,-2.9,92.201,-31.4,0.884,5076.2,no
37172,32,technician,married,university.degree,no,no,yes,cellular,aug,thu,975,4,999,0,nonexistent,-2.9,92.201,-31.4,0.883,5076.2,yes
37173,63,retired,married,basic.4y,no,no,no,telephone,aug,thu,49,3,999,0,nonexistent,-2.9,92.201,-31.4,0.883,5076.2,no
37176,57,management,married,university.degree,no,yes,no,cellular,aug,thu,107,4,999,0,nonexistent,-2.9,92.201,-31.4,0.883,5076.2,no
37177,60,self-employed,divorced,university.degree,no,no,no,cellular,aug,thu,90,2,999,0,nonexistent,-2.9,92.201,-31.4,0.883,5076.2,no
37197,42,unemployed,married,unknown,no,yes,yes,cellular,aug,thu,250,4,4,2,success,-2.9,92.201,-31.4,0.883,5076.2,yes
37199,31,technician,divorced,professional.course,no,yes,no,cellular,aug,thu,310,2,999,1,failure,-2.9,92.201,-31.4,0.883,5076.2,yes
37217,32,technician,single,professional.course,no,yes,no,telephone,aug,fri,107,2,999,1,failure,-2.9,92.201,-31.4,0.881,5076.2,no
37224,32,technician,single,professional.course,no,no,no,cellular,aug,fri,87,1,999,0,nonexistent,-2.9,92.201,-31.4,0.881,5076.2,yes
37231,41,services,single,university.degree,no,yes,no,cellular,aug,fri,142,1,4,2,success,-2.9,92.201,-31.4,0.881,5076.2,yes
37235,54,technician,married,university.degree,no,yes,no,cellular,aug,fri,325,1,4,1,success,-2.9,92.201,-31.4,0.881,5076.2,no
37241,23,student,single,high.school,no,yes,no,cellular,aug,fri,136,1,999,3,failure,-2.9,92.201,-31.4,0.881,5076.2,no
37244,28,admin.,single,university.degree,no,no,no,cellular,aug,fri,70,1,999,0,nonexistent,-2.9,92.201,-31.4,0.881,5076.2,no
37257,29,admin.,single,high.school,no,no,no,cellular,aug,fri,88,1,999,2,failure,-2.9,92.201,-31.4,0.881,5076.2,no
37260,29,admin.,single,high.school,no,no,no,cellular,aug,fri,130,1,999,0,nonexistent,-2.9,92.201,-31.4,0.881,5076.2,yes
37273,36,management,married,university.degree,no,no,no,telephone,aug,mon,328,1,999,0,nonexistent,-2.9,92.201,-31.4,0.884,5076.2,yes
37278,38,admin.,single,high.school,no,yes,yes,cellular,aug,mon,167,1,999,0,nonexistent,-2.9,92.201,-31.4,0.884,5076.2,yes
37308,52,admin.,married,university.degree,no,yes,no,cellular,aug,mon,179,3,4,2,success,-2.9,92.201,-31.4,0.884,5076.2,yes
37320,59,technician,single,basic.6y,no,no,no,telephone,aug,tue,181,1,999,0,nonexistent,-2.9,92.201,-31.4,0.883,5076.2,no
37359,56,retired,married,high.school,no,yes,yes,cellular,aug,tue,97,1,3,2,success,-2.9,92.201,-31.4,0.883,5076.2,no
37361,44,management,married,university.degree,no,no,no,cellular,aug,tue,175,2,999,2,failure,-2.9,92.201,-31.4,0.883,5076.2,yes
37369,34,admin.,divorced,university.degree,no,no,no,cellular,aug,tue,267,2,999,0,nonexistent,-2.9,92.201,-31.4,0.883,5076.2,yes
37375,49,admin.,married,university.degree,no,yes,no,cellular,aug,tue,464,2,999,1,failure,-2.9,92.201,-31.4,0.883,5076.2,yes
37389,42,management,divorced,unknown,no,yes,no,cellular,aug,wed,137,2,4,1,success,-2.9,92.201,-31.4,0.879,5076.2,yes
37390,31,blue-collar,single,university.degree,no,no,no,cellular,aug,wed,174,2,999,0,nonexistent,-2.9,92.201,-31.4,0.879,5076.2,no
37393,26,student,single,basic.9y,no,no,no,telephone,aug,wed,127,1,999,0,nonexistent,-2.9,92.201,-31.4,0.879,5076.2,no
37394,26,student,single,basic.9y,no,yes,no,cellular,aug,wed,182,1,4,1,success,-2.9,92.201,-31.4,0.879,5076.2,yes
37396,26,student,single,basic.9y,no,no,no,telephone,aug,wed,449,1,999,0,nonexistent,-2.9,92.201,-31.4,0.879,5076.2,yes
37423,36,admin.,single,university.degree,no,yes,no,cellular,aug,wed,87,1,999,2,failure,-2.9,92.201,-31.4,0.879,5076.2,no
37424,54,housemaid,married,university.degree,no,no,no,cellular,aug,wed,77,3,999,0,nonexistent,-2.9,92.201,-31.4,0.879,5076.2,no
37461,33,technician,married,university.degree,no,yes,no,cellular,aug,thu,101,4,999,2,failure,-2.9,92.201,-31.4,0.873,5076.2,no
37479,32,blue-collar,single,basic.9y,no,yes,no,cellular,aug,thu,282,1,999,0,nonexistent,-2.9,92.201,-31.4,0.873,5076.2,yes
37494,81,retired,married,basic.6y,no,no,no,cellular,aug,thu,189,2,4,1,success,-2.9,92.201,-31.4,0.873,5076.2,no
37504,27,technician,single,university.degree,no,no,no,cellular,aug,thu,103,1,4,1,success,-2.9,92.201,-31.4,0.873,5076.2,no
37522,44,unemployed,married,high.school,no,yes,no,cellular,aug,thu,284,1,999,0,nonexistent,-2.9,92.201,-31.4,0.873,5076.2,no
37527,36,technician,married,professional.course,no,yes,no,cellular,aug,thu,92,2,999,1,failure,-2.9,92.201,-31.4,0.873,5076.2,no
37533,72,retired,divorced,basic.4y,no,yes,yes,cellular,aug,thu,238,2,999,1,failure,-2.9,92.201,-31.4,0.873,5076.2,no
37535,33,admin.,single,university.degree,no,no,no,cellular,aug,thu,275,1,999,0,nonexistent,-2.9,92.201,-31.4,0.873,5076.2,no
37543,61,retired,married,basic.9y,no,yes,no,telephone,aug,fri,176,2,999,0,nonexistent,-2.9,92.201,-31.4,0.869,5076.2,no
37545,62,retired,married,unknown,no,no,no,cellular,aug,fri,172,4,999,0,nonexistent,-2.9,92.201,-31.4,0.869,5076.2,yes
37547,45,unemployed,married,basic.9y,no,no,no,cellular,aug,fri,126,3,999,0,nonexistent,-2.9,92.201,-31.4,0.869,5076.2,no
37551,35,technician,married,professional.course,no,yes,no,cellular,aug,fri,225,1,999,0,nonexistent,-2.9,92.201,-31.4,0.869,5076.2,yes
37556,42,management,married,university.degree,no,yes,no,cellular,aug,fri,436,1,13,1,success,-2.9,92.201,-31.4,0.869,5076.2,yes
37580,17,student,single,basic.9y,no,unknown,unknown,cellular,aug,fri,498,2,999,1,failure,-2.9,92.201,-31.4,0.869,5076.2,yes
37581,31,admin.,married,university.degree,no,no,no,cellular,aug,fri,880,3,999,0,nonexistent,-2.9,92.201,-31.4,0.869,5076.2,yes
37592,35,management,married,high.school,no,yes,yes,cellular,aug,fri,313,4,999,2,failure,-2.9,92.201,-31.4,0.869,5076.2,no
37604,67,retired,married,professional.course,no,yes,yes,cellular,aug,mon,186,1,999,0,nonexistent,-2.9,92.201,-31.4,0.861,5076.2,yes
37632,28,admin.,single,university.degree,no,yes,no,cellular,aug,mon,340,1,999,0,nonexistent,-2.9,92.201,-31.4,0.861,5076.2,yes
37633,28,admin.,single,university.degree,no,unknown,unknown,cellular,aug,mon,148,1,999,2,failure,-2.9,92.201,-31.4,0.861,5076.2,no
37641,36,admin.,single,university.degree,no,no,no,cellular,aug,tue,278,1,999,0,nonexistent,-2.9,92.201,-31.4,0.859,5076.2,yes
37643,31,admin.,single,high.school,no,yes,no,cellular,aug,tue,243,2,999,0,nonexistent,-2.9,92.201,-31.4,0.859,5076.2,no
37650,26,admin.,single,university.degree,no,yes,no,telephone,aug,tue,215,1,999,1,failure,-2.9,92.201,-31.4,0.859,5076.2,yes
37663,50,admin.,married,university.degree,no,no,no,cellular,aug,tue,587,2,999,1,failure,-2.9,92.201,-31.4,0.859,5076.2,yes
37677,33,admin.,married,high.school,no,yes,no,cellular,aug,wed,206,4,999,0,nonexistent,-2.9,92.201,-31.4,0.854,5076.2,no
37691,74,retired,married,university.degree,no,yes,yes,cellular,aug,wed,232,3,999,0,nonexistent,-2.9,92.201,-31.4,0.854,5076.2,yes
37696,34,admin.,single,university.degree,no,no,no,cellular,aug,wed,195,1,999,0,nonexistent,-2.9,92.201,-31.4,0.854,5076.2,yes
37718,29,admin.,married,university.degree,no,yes,no,cellular,aug,thu,69,1,999,1,failure,-2.9,92.201,-31.4,0.851,5076.2,no
37720,24,admin.,single,university.degree,no,no,no,cellular,aug,thu,147,1,999,1,failure,-2.9,92.201,-31.4,0.851,5076.2,no
37728,28,technician,single,professional.course,no,yes,no,cellular,aug,thu,78,3,999,0,nonexistent,-2.9,92.201,-31.4,0.851,5076.2,yes
37736,76,retired,married,basic.4y,no,yes,no,cellular,aug,fri,406,1,999,0,nonexistent,-2.9,92.201,-31.4,0.849,5076.2,no
37738,61,retired,married,basic.4y,no,yes,yes,cellular,aug,fri,374,1,999,0,nonexistent,-2.9,92.201,-31.4,0.849,5076.2,yes
37751,24,student,single,high.school,no,yes,yes,cellular,aug,fri,298,1,999,0,nonexistent,-2.9,92.201,-31.4,0.849,5076.2,no
37757,79,housemaid,married,basic.4y,no,no,no,cellular,aug,fri,126,1,3,2,success,-2.9,92.201,-31.4,0.849,5076.2,yes
37772,38,unemployed,single,high.school,no,yes,no,cellular,aug,mon,712,2,999,0,nonexistent,-2.9,92.201,-31.4,0.843,5076.2,yes
37773,66,retired,married,university.degree,no,no,yes,cellular,aug,mon,315,1,999,0,nonexistent,-2.9,92.201,-31.4,0.843,5076.2,no
37774,69,housemaid,married,basic.4y,no,no,no,telephone,aug,mon,420,4,999,0,nonexistent,-2.9,92.201,-31.4,0.843,5076.2,no
37777,40,admin.,married,university.degree,no,yes,no,cellular,aug,mon,55,1,999,2,failure,-2.9,92.201,-31.4,0.843,5076.2,no
37784,66,retired,married,basic.4y,unknown,yes,no,cellular,aug,tue,142,2,999,0,nonexistent,-2.9,92.201,-31.4,0.838,5076.2,yes
37785,81,retired,married,high.school,no,no,no,cellular,aug,tue,50,3,999,0,nonexistent,-2.9,92.201,-31.4,0.838,5076.2,no
37799,58,retired,married,high.school,no,no,no,cellular,aug,tue,130,2,999,0,nonexistent,-2.9,92.201,-31.4,0.838,5076.2,yes
37804,62,retired,married,professional.course,no,yes,no,cellular,aug,tue,531,3,6,1,success,-2.9,92.201,-31.4,0.838,5076.2,yes
37811,67,retired,divorced,university.degree,no,yes,no,cellular,aug,wed,89,5,999,1,failure,-2.9,92.201,-31.4,0.834,5076.2,no
37818,28,admin.,married,university.degree,no,yes,no,cellular,aug,wed,75,1,999,1,failure,-2.9,92.201,-31.4,0.834,5076.2,no
37821,78,retired,married,basic.4y,no,no,yes,cellular,aug,wed,103,1,999,0,nonexistent,-2.9,92.201,-31.4,0.834,5076.2,no
37846,25,student,single,unknown,unknown,yes,no,cellular,aug,fri,121,1,15,2,failure,-2.9,92.201,-31.4,0.825,5076.2,no
37858,34,technician,married,university.degree,no,yes,no,cellular,aug,fri,94,3,999,0,nonexistent,-2.9,92.201,-31.4,0.825,5076.2,no
37868,40,technician,married,high.school,no,no,no,cellular,aug,mon,115,3,999,0,nonexistent,-2.9,92.201,-31.4,0.821,5076.2,no
37899,38,admin.,single,university.degree,no,yes,no,telephone,sep,tue,490,1,999,0,nonexistent,-3.4,92.379,-29.8,0.819,5017.5,no
37902,51,blue-collar,married,professional.course,no,yes,no,cellular,sep,tue,86,1,999,0,nonexistent,-3.4,92.379,-29.8,0.819,5017.5,no
37908,39,entrepreneur,married,basic.6y,no,no,no,cellular,sep,tue,106,4,16,2,failure,-3.4,92.379,-29.8,0.819,5017.5,no
37912,34,technician,married,professional.course,no,yes,no,cellular,sep,wed,233,2,999,0,nonexistent,-3.4,92.379,-29.8,0.813,5017.5,yes
37917,18,student,single,unknown,no,no,no,cellular,sep,thu,385,1,3,1,success,-3.4,92.379,-29.8,0.809,5017.5,yes
37924,46,technician,married,professional.course,no,yes,yes,cellular,sep,thu,144,2,999,1,failure,-3.4,92.379,-29.8,0.809,5017.5,no
37928,44,admin.,married,university.degree,no,yes,no,cellular,sep,thu,259,1,14,1,success,-3.4,92.379,-29.8,0.809,5017.5,no
37930,40,unknown,single,unknown,no,no,no,cellular,sep,thu,224,1,999,1,failure,-3.4,92.379,-29.8,0.809,5017.5,yes
37934,26,student,single,unknown,no,yes,yes,cellular,sep,thu,733,1,3,1,success,-3.4,92.379,-29.8,0.809,5017.5,yes
37949,40,admin.,divorced,high.school,no,yes,no,telephone,sep,fri,101,1,999,0,nonexistent,-3.4,92.379,-29.8,0.803,5017.5,no
37950,32,admin.,married,university.degree,no,yes,no,cellular,sep,fri,205,2,999,0,nonexistent,-3.4,92.379,-29.8,0.803,5017.5,no
37960,63,management,married,unknown,no,yes,no,cellular,sep,fri,156,2,999,2,failure,-3.4,92.379,-29.8,0.803,5017.5,no
37972,59,admin.,married,unknown,no,no,yes,cellular,sep,mon,295,4,999,1,failure,-3.4,92.379,-29.8,0.797,5017.5,yes
37976,48,technician,married,professional.course,no,yes,no,cellular,sep,mon,669,1,999,0,nonexistent,-3.4,92.379,-29.8,0.797,5017.5,no
37979,54,technician,married,professional.course,no,yes,no,telephone,sep,mon,289,1,999,0,nonexistent,-3.4,92.379,-29.8,0.797,5017.5,no
37988,45,admin.,married,university.degree,no,no,no,cellular,sep,mon,351,1,3,2,success,-3.4,92.379,-29.8,0.797,5017.5,yes
37990,41,admin.,married,university.degree,no,no,no,cellular,sep,mon,800,2,999,1,failure,-3.4,92.379,-29.8,0.797,5017.5,yes
37993,30,admin.,single,university.degree,no,no,no,cellular,sep,mon,199,6,999,0,nonexistent,-3.4,92.379,-29.8,0.797,5017.5,yes
38002,30,self-employed,single,university.degree,no,no,no,cellular,sep,tue,169,1,999,0,nonexistent,-3.4,92.379,-29.8,0.788,5017.5,yes
38003,29,self-employed,single,university.degree,no,yes,no,cellular,sep,tue,445,2,999,0,nonexistent,-3.4,92.379,-29.8,0.788,5017.5,yes
38013,34,technician,married,professional.course,no,yes,yes,telephone,sep,tue,376,2,999,0,nonexistent,-3.4,92.379,-29.8,0.788,5017.5,yes
38023,91,retired,married,university.degree,no,yes,yes,cellular,sep,wed,837,1,999,2,failure,-3.4,92.379,-29.8,0.781,5017.5,no
38024,62,retired,married,university.degree,no,yes,no,cellular,sep,wed,105,3,999,1,failure,-3.4,92.379,-29.8,0.781,5017.5,no
38033,91,retired,married,university.degree,no,no,yes,cellular,sep,wed,223,2,999,0,nonexistent,-3.4,92.379,-29.8,0.781,5017.5,no
38040,56,admin.,married,high.school,no,no,no,cellular,sep,thu,276,1,999,0,nonexistent,-3.4,92.379,-29.8,0.778,5017.5,no
38065,30,self-employed,married,university.degree,no,yes,no,telephone,sep,mon,103,2,999,0,nonexistent,-3.4,92.379,-29.8,0.771,5017.5,no
38073,59,retired,married,basic.4y,no,yes,no,cellular,sep,tue,458,1,999,0,nonexistent,-3.4,92.379,-29.8,0.77,5017.5,yes
38079,21,student,single,basic.9y,no,unknown,unknown,cellular,sep,tue,875,1,999,0,nonexistent,-3.4,92.379,-29.8,0.77,5017.5,yes
38083,24,admin.,single,university.degree,no,no,no,cellular,sep,tue,106,1,3,1,success,-3.4,92.379,-29.8,0.77,5017.5,yes
38089,70,admin.,married,basic.4y,no,no,no,cellular,sep,tue,111,1,3,1,success,-3.4,92.379,-29.8,0.77,5017.5,no
38104,36,admin.,married,high.school,no,yes,no,cellular,sep,thu,192,1,999,0,nonexistent,-3.4,92.379,-29.8,0.766,5017.5,no
38119,35,technician,married,university.degree,no,yes,yes,cellular,sep,thu,62,3,999,0,nonexistent,-3.4,92.379,-29.8,0.743,5017.5,no
38138,68,retired,single,university.degree,no,no,no,cellular,sep,mon,500,2,999,1,failure,-3.4,92.379,-29.8,0.739,5017.5,no
38141,43,services,married,basic.6y,no,no,no,cellular,sep,tue,115,1,999,0,nonexistent,-3.4,92.379,-29.8,0.75,5017.5,no
38142,43,services,married,basic.6y,no,no,no,cellular,sep,tue,159,1,999,1,failure,-3.4,92.379,-29.8,0.75,5017.5,yes
38154,37,unknown,single,university.degree,no,no,no,cellular,sep,wed,314,1,1,1,success,-3.4,92.379,-29.8,0.753,5017.5,no
38176,71,retired,married,basic.4y,no,yes,no,cellular,oct,thu,137,1,999,1,failure,-3.4,92.431,-26.9,0.754,5017.5,yes
38185,82,retired,married,university.degree,no,yes,no,cellular,oct,tue,215,1,999,0,nonexistent,-3.4,92.431,-26.9,0.744,5017.5,yes
38188,37,housemaid,single,university.degree,no,yes,no,cellular,oct,tue,89,1,999,1,failure,-3.4,92.431,-26.9,0.744,5017.5,no
38201,37,housemaid,single,university.degree,no,no,no,cellular,oct,tue,296,3,999,0,nonexistent,-3.4,92.431,-26.9,0.744,5017.5,yes
38209,34,self-employed,married,university.degree,no,no,no,cellular,oct,wed,201,1,5,3,failure,-3.4,92.431,-26.9,0.74,5017.5,yes
38218,58,technician,married,basic.4y,no,yes,no,telephone,oct,wed,88,1,999,0,nonexistent,-3.4,92.431,-26.9,0.74,5017.5,no
38219,53,admin.,married,unknown,no,yes,no,cellular,oct,wed,73,2,999,0,nonexistent,-3.4,92.431,-26.9,0.74,5017.5,no
38221,32,admin.,married,university.degree,no,yes,yes,cellular,oct,wed,223,1,999,0,nonexistent,-3.4,92.431,-26.9,0.74,5017.5,no
38225,48,admin.,married,high.school,no,no,no,cellular,oct,thu,113,1,999,0,nonexistent,-3.4,92.431,-26.9,0.741,5017.5,no
38227,42,management,divorced,unknown,no,yes,no,cellular,oct,thu,148,1,999,0,nonexistent,-3.4,92.431,-26.9,0.741,5017.5,no
38246,33,blue-collar,married,basic.4y,no,yes,no,telephone,oct,mon,99,3,3,1,success,-3.4,92.431,-26.9,0.743,5017.5,no
38247,77,retired,married,university.degree,no,no,yes,cellular,oct,mon,348,1,999,0,nonexistent,-3.4,92.431,-26.9,0.743,5017.5,yes
38249,38,technician,divorced,professional.course,no,no,yes,cellular,oct,tue,135,1,999,2,failure,-3.4,92.431,-26.9,0.742,5017.5,no
38250,32,admin.,married,professional.course,no,yes,no,cellular,oct,tue,435,1,999,0,nonexistent,-3.4,92.431,-26.9,0.742,5017.5,yes
38251,44,technician,married,basic.9y,no,yes,no,cellular,oct,tue,306,1,2,1,success,-3.4,92.431,-26.9,0.742,5017.5,no
38252,48,admin.,married,basic.6y,no,no,no,cellular,oct,tue,61,1,999,0,nonexistent,-3.4,92.431,-26.9,0.742,5017.5,no
38257,26,student,single,basic.9y,no,unknown,unknown,cellular,oct,tue,92,1,999,1,failure,-3.4,92.431,-26.9,0.742,5017.5,no
38269,32,admin.,married,professional.course,no,yes,no,cellular,oct,tue,169,1,999,0,nonexistent,-3.4,92.431,-26.9,0.742,5017.5,no
38273,27,technician,single,unknown,no,no,no,cellular,oct,tue,404,1,999,0,nonexistent,-3.4,92.431,-26.9,0.742,5017.5,no
38307,30,self-employed,single,high.school,no,no,no,telephone,oct,thu,172,1,999,0,nonexistent,-3.4,92.431,-26.9,0.74,5017.5,no
38318,37,blue-collar,married,basic.6y,no,no,no,cellular,oct,thu,246,5,999,0,nonexistent,-3.4,92.431,-26.9,0.74,5017.5,no
38322,37,management,single,university.degree,no,no,no,cellular,oct,thu,570,1,999,1,failure,-3.4,92.431,-26.9,0.74,5017.5,yes
38324,25,admin.,single,university.degree,no,yes,yes,cellular,oct,fri,115,1,999,1,failure,-3.4,92.431,-26.9,0.739,5017.5,yes
38326,28,services,married,basic.9y,no,yes,no,cellular,oct,fri,847,1,2,1,success,-3.4,92.431,-26.9,0.739,5017.5,yes
38328,22,student,single,high.school,no,no,no,cellular,oct,fri,154,2,999,1,failure,-3.4,92.431,-26.9,0.739,5017.5,yes
38329,32,self-employed,married,professional.course,no,no,yes,cellular,oct,fri,55,2,999,0,nonexistent,-3.4,92.431,-26.9,0.739,5017.5,no
38332,33,technician,married,professional.course,no,yes,no,cellular,oct,fri,154,2,999,0,nonexistent,-3.4,92.431,-26.9,0.739,5017.5,yes
38334,38,admin.,married,university.degree,no,yes,no,cellular,oct,fri,131,2,8,1,success,-3.4,92.431,-26.9,0.739,5017.5,no
38351,28,management,single,university.degree,no,no,no,cellular,oct,fri,324,1,999,1,failure,-3.4,92.431,-26.9,0.739,5017.5,yes
38360,34,admin.,single,university.degree,no,no,no,cellular,oct,mon,131,1,999,1,failure,-3.4,92.431,-26.9,0.739,5017.5,no
38362,21,student,single,high.school,no,no,yes,cellular,oct,mon,238,1,999,0,nonexistent,-3.4,92.431,-26.9,0.739,5017.5,no
38401,59,housemaid,married,basic.4y,no,yes,no,cellular,oct,tue,518,2,6,1,success,-3.4,92.431,-26.9,0.737,5017.5,yes
38403,30,technician,married,professional.course,no,yes,no,cellular,oct,tue,427,1,999,0,nonexistent,-3.4,92.431,-26.9,0.737,5017.5,yes
38405,39,admin.,single,high.school,no,yes,no,cellular,oct,tue,386,1,999,0,nonexistent,-3.4,92.431,-26.9,0.737,5017.5,yes
38420,42,blue-collar,married,professional.course,no,yes,no,cellular,oct,wed,307,1,7,1,success,-3.4,92.431,-26.9,0.735,5017.5,yes
38425,32,admin.,single,university.degree,no,yes,no,cellular,oct,wed,197,2,999,0,nonexistent,-3.4,92.431,-26.9,0.735,5017.5,no
38431,71,management,married,university.degree,no,yes,no,cellular,oct,thu,127,3,999,2,failure,-3.4,92.431,-26.9,0.733,5017.5,yes
38433,56,retired,married,professional.course,no,no,no,cellular,oct,thu,133,1,3,1,success,-3.4,92.431,-26.9,0.733,5017.5,yes
38435,31,admin.,single,university.degree,no,no,no,cellular,oct,thu,334,1,999,0,nonexistent,-3.4,92.431,-26.9,0.733,5017.5,no
38438,30,admin.,single,university.degree,no,yes,no,telephone,oct,thu,1002,4,999,0,nonexistent,-3.4,92.431,-26.9,0.733,5017.5,yes
38461,31,self-employed,single,university.degree,no,no,no,cellular,oct,fri,76,1,999,0,nonexistent,-3.4,92.431,-26.9,0.73,5017.5,no
38464,37,blue-collar,married,basic.6y,no,unknown,unknown,cellular,oct,fri,93,1,999,0,nonexistent,-3.4,92.431,-26.9,0.73,5017.5,no
38467,61,management,married,university.degree,no,no,no,cellular,oct,fri,56,4,999,0,nonexistent,-3.4,92.431,-26.9,0.73,5017.5,no
38469,26,admin.,married,high.school,no,yes,yes,cellular,oct,mon,183,2,999,0,nonexistent,-3.4,92.431,-26.9,0.731,5017.5,no
38474,50,management,married,basic.9y,no,no,no,cellular,oct,mon,151,2,6,2,failure,-3.4,92.431,-26.9,0.731,5017.5,no
38476,33,admin.,single,high.school,no,no,no,cellular,oct,mon,87,1,999,0,nonexistent,-3.4,92.431,-26.9,0.731,5017.5,no
38499,22,student,single,basic.6y,no,yes,no,cellular,oct,tue,89,1,999,0,nonexistent,-3.4,92.431,-26.9,0.728,5017.5,no
38504,63,technician,married,professional.course,no,yes,no,cellular,oct,tue,298,1,999,0,nonexistent,-3.4,92.431,-26.9,0.728,5017.5,yes
38508,44,technician,married,unknown,no,no,yes,cellular,oct,tue,139,2,999,0,nonexistent,-3.4,92.431,-26.9,0.728,5017.5,no
38523,46,admin.,married,high.school,no,yes,no,cellular,oct,wed,143,1,999,0,nonexistent,-3.4,92.431,-26.9,0.724,5017.5,no
38525,35,admin.,married,university.degree,no,yes,no,cellular,oct,wed,300,1,999,0,nonexistent,-3.4,92.431,-26.9,0.724,5017.5,no
38533,34,unknown,single,university.degree,no,yes,no,telephone,oct,wed,182,2,999,0,nonexistent,-3.4,92.431,-26.9,0.724,5017.5,no
38537,73,retired,married,basic.4y,no,yes,no,telephone,oct,wed,185,1,999,0,nonexistent,-3.4,92.431,-26.9,0.724,5017.5,no
38541,54,retired,married,basic.4y,no,no,yes,cellular,oct,thu,164,2,999,0,nonexistent,-3.4,92.431,-26.9,0.722,5017.5,yes
38557,72,retired,married,basic.6y,no,yes,yes,cellular,oct,thu,189,3,999,0,nonexistent,-3.4,92.431,-26.9,0.722,5017.5,yes
38561,32,self-employed,married,university.degree,no,yes,yes,cellular,oct,thu,679,1,999,0,nonexistent,-3.4,92.431,-26.9,0.722,5017.5,no
38565,61,technician,married,professional.course,no,no,no,cellular,oct,thu,106,2,999,1,failure,-3.4,92.431,-26.9,0.722,5017.5,yes
38572,32,admin.,single,university.degree,no,yes,no,telephone,oct,thu,220,3,999,0,nonexistent,-3.4,92.431,-26.9,0.722,5017.5,yes
38578,82,retired,single,basic.4y,no,yes,no,cellular,oct,thu,185,2,999,0,nonexistent,-3.4,92.431,-26.9,0.722,5017.5,no
38585,26,student,single,high.school,no,no,no,cellular,oct,fri,373,3,999,0,nonexistent,-3.4,92.431,-26.9,0.72,5017.5,yes
38586,37,admin.,single,university.degree,no,yes,no,telephone,oct,fri,62,3,999,0,nonexistent,-3.4,92.431,-26.9,0.72,5017.5,no
38590,39,technician,single,university.degree,unknown,no,yes,cellular,oct,fri,125,1,999,0,nonexistent,-3.4,92.431,-26.9,0.72,5017.5,yes
38591,39,technician,single,university.degree,unknown,yes,no,cellular,oct,fri,217,1,999,0,nonexistent,-3.4,92.431,-26.9,0.72,5017.5,yes
38604,34,admin.,single,high.school,no,yes,no,cellular,nov,mon,121,2,999,1,failure,-3.4,92.649,-30.1,0.722,5017.5,yes
38631,33,admin.,married,university.degree,no,yes,no,telephone,nov,mon,83,4,999,0,nonexistent,-3.4,92.649,-30.1,0.722,5017.5,no
38663,54,blue-collar,married,basic.9y,no,no,no,cellular,nov,wed,138,1,7,2,failure,-3.4,92.649,-30.1,0.719,5017.5,no
38668,29,management,married,university.degree,no,yes,no,cellular,nov,wed,199,1,9,1,success,-3.4,92.649,-30.1,0.719,5017.5,no
38670,56,retired,married,university.degree,no,yes,no,cellular,nov,wed,156,1,999,0,nonexistent,-3.4,92.649,-30.1,0.719,5017.5,no
38677,73,retired,married,university.degree,no,no,yes,cellular,nov,thu,749,7,999,0,nonexistent,-3.4,92.649,-30.1,0.716,5017.5,yes
38686,54,admin.,married,university.degree,no,yes,no,cellular,nov,fri,455,2,999,0,nonexistent,-3.4,92.649,-30.1,0.716,5017.5,yes
38706,38,admin.,married,university.degree,no,no,no,cellular,nov,tue,182,2,7,1,success,-3.4,92.649,-30.1,0.715,5017.5,yes
38715,71,retired,married,basic.4y,no,no,no,cellular,nov,tue,71,2,999,1,failure,-3.4,92.649,-30.1,0.715,5017.5,no
38719,52,admin.,divorced,university.degree,no,yes,no,cellular,nov,tue,89,1,3,2,success,-3.4,92.649,-30.1,0.715,5017.5,yes
38727,79,retired,married,basic.4y,no,yes,no,cellular,nov,tue,594,1,3,1,success,-3.4,92.649,-30.1,0.715,5017.5,yes
38730,63,management,married,basic.4y,unknown,yes,no,cellular,nov,tue,131,4,999,2,failure,-3.4,92.649,-30.1,0.715,5017.5,yes
38737,37,services,married,high.school,no,no,no,cellular,nov,wed,459,2,999,2,failure,-3.4,92.649,-30.1,0.715,5017.5,yes
38739,36,self-employed,divorced,basic.9y,no,no,no,cellular,nov,wed,133,1,999,2,failure,-3.4,92.649,-30.1,0.715,5017.5,no
38747,35,admin.,single,high.school,no,no,yes,cellular,nov,wed,98,2,7,2,failure,-3.4,92.649,-30.1,0.715,5017.5,no
38762,29,student,single,professional.course,no,no,no,cellular,nov,thu,227,3,3,2,success,-3.4,92.649,-30.1,0.714,5017.5,yes
38769,43,management,married,high.school,no,no,no,cellular,nov,thu,226,1,999,0,nonexistent,-3.4,92.649,-30.1,0.714,5017.5,yes
38802,25,admin.,single,university.degree,no,no,no,cellular,nov,fri,350,5,3,1,success,-3.4,92.649,-30.1,0.714,5017.5,no
38805,26,student,single,university.degree,no,no,no,cellular,nov,fri,181,1,7,1,success,-3.4,92.649,-30.1,0.714,5017.5,yes
38826,77,retired,married,unknown,no,yes,no,cellular,nov,fri,193,1,3,1,success,-3.4,92.649,-30.1,0.714,5017.5,yes
38827,31,admin.,single,high.school,no,no,no,telephone,nov,fri,53,3,999,1,failure,-3.4,92.649,-30.1,0.714,5017.5,no
38829,41,management,married,unknown,no,no,yes,cellular,nov,fri,129,2,3,2,success,-3.4,92.649,-30.1,0.714,5017.5,yes
38834,40,technician,single,university.degree,no,yes,no,cellular,nov,mon,139,2,3,1,success,-3.4,92.649,-30.1,0.714,5017.5,no
38835,19,student,single,unknown,no,no,no,cellular,nov,mon,132,2,3,2,success,-3.4,92.649,-30.1,0.714,5017.5,no
38842,39,admin.,married,high.school,no,no,no,cellular,nov,mon,1011,1,3,2,success,-3.4,92.649,-30.1,0.714,5017.5,no
38855,25,admin.,single,university.degree,no,yes,no,telephone,nov,mon,107,2,999,0,nonexistent,-3.4,92.649,-30.1,0.714,5017.5,no
38858,35,management,married,university.degree,no,yes,yes,cellular,nov,mon,244,2,999,1,failure,-3.4,92.649,-30.1,0.714,5017.5,no
38864,35,management,married,university.degree,no,no,no,telephone,nov,mon,986,1,7,3,failure,-3.4,92.649,-30.1,0.714,5017.5,no
38879,77,retired,divorced,basic.4y,no,yes,no,cellular,nov,mon,445,2,999,1,failure,-3.4,92.649,-30.1,0.714,5017.5,yes
38889,36,blue-collar,married,basic.9y,no,yes,no,cellular,nov,tue,320,1,999,2,failure,-3.4,92.649,-30.1,0.715,5017.5,no
38896,43,admin.,married,university.degree,no,yes,no,telephone,nov,tue,135,1,999,0,nonexistent,-3.4,92.649,-30.1,0.715,5017.5,yes
38903,32,management,married,university.degree,no,no,no,cellular,nov,tue,107,1,999,0,nonexistent,-3.4,92.649,-30.1,0.716,5017.5,no
38912,27,management,single,professional.course,no,yes,no,cellular,nov,tue,325,1,3,1,success,-3.4,92.649,-30.1,0.716,5017.5,yes
38920,58,self-employed,married,university.degree,no,no,no,cellular,nov,wed,1092,1,999,0,nonexistent,-3.4,92.649,-30.1,0.716,5017.5,no
38921,32,admin.,single,high.school,no,no,no,cellular,nov,wed,421,1,999,0,nonexistent,-3.4,92.649,-30.1,0.716,5017.5,no
38922,94,retired,married,basic.9y,no,no,no,cellular,nov,wed,134,1,999,1,failure,-3.4,92.649,-30.1,0.716,5017.5,no
38923,22,student,single,unknown,no,no,no,cellular,nov,wed,87,1,999,0,nonexistent,-3.4,92.649,-30.1,0.716,5017.5,no
38924,31,technician,single,university.degree,no,no,no,cellular,nov,wed,372,1,999,0,nonexistent,-3.4,92.649,-30.1,0.716,5017.5,yes
38935,56,housemaid,divorced,basic.4y,no,yes,no,cellular,nov,wed,414,1,999,1,failure,-3.4,92.649,-30.1,0.716,5017.5,yes
38946,67,retired,married,basic.4y,no,no,no,telephone,nov,fri,341,4,999,1,failure,-3.4,92.649,-30.1,0.718,5017.5,no
38957,31,blue-collar,married,basic.6y,no,yes,no,cellular,nov,mon,107,1,999,2,failure,-3.4,92.649,-30.1,0.719,5017.5,no
38963,38,technician,married,university.degree,no,no,no,cellular,dec,wed,415,1,999,2,failure,-3.0,92.713,-33.0,0.721,5023.5,yes
38973,40,blue-collar,married,professional.course,no,no,no,telephone,dec,thu,237,1,999,0,nonexistent,-3.0,92.713,-33.0,0.72,5023.5,no
38982,46,admin.,married,university.degree,no,unknown,unknown,cellular,dec,fri,696,10,999,0,nonexistent,-3.0,92.713,-33.0,0.718,5023.5,yes
38992,36,technician,single,professional.course,no,no,no,cellular,dec,mon,371,1,999,0,nonexistent,-3.0,92.713,-33.0,0.717,5023.5,no
39015,65,management,married,unknown,no,no,no,cellular,dec,wed,456,2,9,1,success,-3.0,92.713,-33.0,0.715,5023.5,yes
39017,32,student,married,high.school,no,yes,no,telephone,dec,wed,135,3,999,1,failure,-3.0,92.713,-33.0,0.715,5023.5,no
39026,71,retired,married,unknown,no,yes,yes,cellular,dec,thu,182,1,999,1,failure,-3.0,92.713,-33.0,0.714,5023.5,no
39034,61,admin.,married,university.degree,no,no,no,cellular,dec,mon,263,1,999,1,failure,-3.0,92.713,-33.0,0.715,5023.5,no
39039,74,retired,divorced,high.school,no,yes,yes,telephone,dec,mon,88,6,999,0,nonexistent,-3.0,92.713,-33.0,0.715,5023.5,no
39055,68,management,married,basic.9y,no,yes,no,cellular,dec,thu,97,1,999,2,failure,-3.0,92.713,-33.0,0.712,5023.5,no
39056,76,retired,married,university.degree,no,no,no,cellular,dec,thu,103,1,999,1,failure,-3.0,92.713,-33.0,0.712,5023.5,no
39075,43,management,married,unknown,no,yes,no,telephone,dec,mon,2062,2,8,1,success,-3.0,92.713,-33.0,0.709,5023.5,yes
39100,22,technician,single,professional.course,no,yes,no,cellular,dec,mon,1141,1,999,0,nonexistent,-3.0,92.713,-33.0,0.706,5023.5,yes
39129,59,management,married,university.degree,no,no,no,cellular,dec,thu,112,4,999,1,failure,-3.0,92.713,-33.0,0.7,5023.5,no
39130,59,management,married,university.degree,no,yes,no,cellular,dec,thu,646,3,6,1,success,-3.0,92.713,-33.0,0.7,5023.5,no
39131,39,admin.,single,university.degree,no,yes,no,telephone,mar,mon,229,1,999,1,failure,-1.8,93.369,-34.8,0.655,5008.7,yes
39134,78,retired,divorced,professional.course,no,yes,no,cellular,mar,tue,591,1,999,1,failure,-1.8,93.369,-34.8,0.655,5008.7,yes
39145,66,retired,married,professional.course,no,no,no,cellular,mar,tue,177,1,999,1,failure,-1.8,93.369,-34.8,0.655,5008.7,yes
39171,36,management,married,university.degree,no,no,no,cellular,mar,thu,148,1,999,2,failure,-1.8,93.369,-34.8,0.654,5008.7,yes
39179,34,admin.,married,professional.course,no,yes,no,cellular,mar,thu,562,3,999,1,failure,-1.8,93.369,-34.8,0.654,5008.7,yes
39180,25,student,single,university.degree,no,yes,no,telephone,mar,fri,252,3,999,1,failure,-1.8,93.369,-34.8,0.653,5008.7,no
39185,72,retired,married,professional.course,no,no,no,cellular,mar,fri,87,1,3,1,success,-1.8,93.369,-34.8,0.653,5008.7,yes
39187,85,retired,single,professional.course,no,no,no,cellular,mar,fri,116,7,7,2,success,-1.8,93.369,-34.8,0.653,5008.7,no
39189,31,technician,single,professional.course,no,no,no,cellular,mar,fri,172,2,999,0,nonexistent,-1.8,93.369,-34.8,0.653,5008.7,no
39192,27,student,single,high.school,no,no,no,cellular,mar,fri,219,1,999,0,nonexistent,-1.8,93.369,-34.8,0.653,5008.7,yes
39214,49,blue-collar,married,basic.9y,unknown,no,no,cellular,mar,mon,301,1,3,1,success,-1.8,93.369,-34.8,0.652,5008.7,yes
39234,25,unemployed,married,high.school,no,yes,no,cellular,mar,wed,436,2,6,1,success,-1.8,93.369,-34.8,0.651,5008.7,yes
39235,43,self-employed,married,university.degree,no,yes,no,cellular,mar,wed,239,1,999,0,nonexistent,-1.8,93.369,-34.8,0.651,5008.7,yes
39237,28,self-employed,single,university.degree,no,yes,yes,cellular,mar,wed,217,1,999,1,failure,-1.8,93.369,-34.8,0.651,5008.7,no
39245,46,admin.,married,university.degree,no,no,no,telephone,mar,thu,184,1,3,1,success,-1.8,93.369,-34.8,0.65,5008.7,no
39250,33,admin.,married,university.degree,no,yes,no,cellular,mar,thu,117,1,3,1,success,-1.8,93.369,-34.8,0.65,5008.7,no
39253,28,services,single,professional.course,no,yes,no,cellular,mar,fri,169,3,999,1,failure,-1.8,93.369,-34.8,0.649,5008.7,no
39255,33,admin.,married,university.degree,no,no,no,cellular,mar,fri,121,2,999,1,failure,-1.8,93.369,-34.8,0.649,5008.7,no
39257,38,housemaid,single,high.school,no,yes,no,cellular,mar,fri,422,1,10,1,success,-1.8,93.369,-34.8,0.649,5008.7,yes
39276,82,retired,married,professional.course,no,yes,no,telephone,mar,mon,506,2,999,0,nonexistent,-1.8,93.369,-34.8,0.646,5008.7,yes
39285,34,technician,married,professional.course,no,yes,no,telephone,mar,mon,129,1,6,1,success,-1.8,93.369,-34.8,0.646,5008.7,no
39286,65,retired,married,basic.4y,no,yes,no,cellular,mar,tue,189,1,999,0,nonexistent,-1.8,93.369,-34.8,0.646,5008.7,no
39295,27,services,single,high.school,no,yes,yes,cellular,mar,tue,384,1,9,2,failure,-1.8,93.369,-34.8,0.646,5008.7,no
39319,39,admin.,divorced,professional.course,no,no,no,cellular,mar,thu,593,4,999,1,failure,-1.8,93.369,-34.8,0.643,5008.7,yes
39362,28,admin.,single,university.degree,no,no,no,cellular,mar,fri,157,2,999,1,failure,-1.8,93.369,-34.8,0.636,5008.7,no
39367,58,services,married,high.school,no,yes,no,cellular,mar,mon,88,3,999,2,failure,-1.8,93.369,-34.8,0.635,5008.7,no
39375,58,services,married,high.school,no,yes,no,telephone,mar,mon,113,4,999,0,nonexistent,-1.8,93.369,-34.8,0.635,5008.7,no
39386,49,technician,divorced,professional.course,no,yes,no,cellular,mar,tue,236,4,3,1,success,-1.8,93.369,-34.8,0.635,5008.7,yes
39387,64,retired,married,basic.4y,no,yes,no,cellular,mar,wed,262,2,999,0,nonexistent,-1.8,93.369,-34.8,0.634,5008.7,yes
39393,27,admin.,single,university.degree,no,yes,no,cellular,mar,wed,210,1,6,2,success,-1.8,93.369,-34.8,0.634,5008.7,yes
39410,61,admin.,married,high.school,no,yes,no,cellular,apr,tue,196,1,999,1,failure,-1.8,93.749,-34.6,0.638,5008.7,yes
39415,53,management,divorced,university.degree,no,yes,no,cellular,apr,thu,222,2,999,0,nonexistent,-1.8,93.749,-34.6,0.64,5008.7,yes
39419,58,housemaid,single,professional.course,no,no,yes,cellular,apr,thu,335,1,999,0,nonexistent,-1.8,93.749,-34.6,0.64,5008.7,yes
39420,26,unemployed,single,university.degree,no,yes,no,cellular,apr,thu,618,1,999,0,nonexistent,-1.8,93.749,-34.6,0.64,5008.7,yes
39432,33,admin.,single,university.degree,no,no,no,cellular,apr,mon,339,1,999,2,failure,-1.8,93.749,-34.6,0.642,5008.7,no
39439,59,blue-collar,married,basic.4y,no,no,no,cellular,apr,mon,1397,3,999,1,failure,-1.8,93.749,-34.6,0.642,5008.7,yes
39454,48,admin.,married,university.degree,no,yes,yes,cellular,apr,thu,200,1,6,2,success,-1.8,93.749,-34.6,0.644,5008.7,yes
39459,58,admin.,married,professional.course,no,yes,no,cellular,apr,thu,98,4,999,2,failure,-1.8,93.749,-34.6,0.644,5008.7,no
39468,25,self-employed,single,unknown,no,no,no,cellular,apr,mon,131,2,999,1,failure,-1.8,93.749,-34.6,0.643,5008.7,no
39478,85,housemaid,married,basic.4y,unknown,no,no,cellular,apr,tue,166,1,999,0,nonexistent,-1.8,93.749,-34.6,0.642,5008.7,no
39482,45,management,married,unknown,no,yes,no,cellular,apr,tue,379,3,7,1,success,-1.8,93.749,-34.6,0.642,5008.7,yes
39486,57,housemaid,married,basic.4y,no,yes,no,telephone,apr,wed,595,3,999,1,failure,-1.8,93.749,-34.6,0.642,5008.7,yes
39487,80,retired,divorced,basic.4y,no,yes,no,cellular,apr,wed,354,1,999,0,nonexistent,-1.8,93.749,-34.6,0.642,5008.7,no
39493,53,housemaid,married,university.degree,no,yes,no,cellular,apr,thu,494,1,6,1,success,-1.8,93.749,-34.6,0.644,5008.7,yes
39503,63,housemaid,married,basic.9y,no,yes,no,cellular,apr,fri,164,1,999,0,nonexistent,-1.8,93.749,-34.6,0.645,5008.7,no
39513,29,technician,married,university.degree,no,yes,no,cellular,apr,mon,116,2,999,0,nonexistent,-1.8,93.749,-34.6,0.645,5008.7,no
39529,24,student,single,basic.9y,no,yes,no,cellular,apr,tue,252,1,999,1,failure,-1.8,93.749,-34.6,0.646,5008.7,no
39532,30,admin.,single,university.degree,no,yes,no,cellular,apr,tue,321,1,999,0,nonexistent,-1.8,93.749,-34.6,0.646,5008.7,yes
39538,52,admin.,married,unknown,no,yes,no,cellular,apr,wed,184,2,10,1,success,-1.8,93.749,-34.6,0.654,5008.7,yes
39541,33,admin.,married,university.degree,no,yes,no,cellular,apr,wed,623,1,6,1,success,-1.8,93.749,-34.6,0.654,5008.7,yes
39542,52,admin.,married,unknown,no,no,no,cellular,apr,wed,387,2,999,0,nonexistent,-1.8,93.749,-34.6,0.654,5008.7,yes
39544,33,admin.,married,university.degree,no,no,no,cellular,apr,thu,157,6,999,0,nonexistent,-1.8,93.749,-34.6,0.659,5008.7,no
39553,29,services,single,unknown,no,yes,no,cellular,apr,thu,1241,5,999,0,nonexistent,-1.8,93.749,-34.6,0.659,5008.7,yes
39555,52,admin.,married,university.degree,no,no,yes,telephone,apr,thu,395,3,999,0,nonexistent,-1.8,93.749,-34.6,0.659,5008.7,yes
39557,38,admin.,single,high.school,no,yes,yes,cellular,apr,thu,449,1,13,1,success,-1.8,93.749,-34.6,0.659,5008.7,yes
39559,36,blue-collar,married,unknown,no,no,no,cellular,apr,fri,315,1,6,1,success,-1.8,93.749,-34.6,0.663,5008.7,yes
39568,20,student,single,unknown,no,yes,yes,cellular,apr,fri,180,2,999,0,nonexistent,-1.8,93.749,-34.6,0.663,5008.7,no
39575,48,blue-collar,married,basic.9y,no,yes,no,cellular,may,tue,268,1,3,3,success,-1.8,93.876,-40.0,0.668,5008.7,yes
39584,19,student,single,basic.9y,no,yes,no,cellular,may,tue,203,1,999,3,failure,-1.8,93.876,-40.0,0.668,5008.7,no
39587,32,student,single,unknown,no,yes,no,cellular,may,wed,188,2,999,0,nonexistent,-1.8,93.876,-40.0,0.672,5008.7,yes
39596,29,admin.,single,university.degree,no,yes,no,cellular,may,wed,232,1,999,1,failure,-1.8,93.876,-40.0,0.672,5008.7,yes
39610,19,student,single,basic.4y,no,yes,no,cellular,may,thu,220,1,999,1,failure,-1.8,93.876,-40.0,0.677,5008.7,no
39613,62,retired,married,professional.course,no,no,no,telephone,may,thu,111,1,999,0,nonexistent,-1.8,93.876,-40.0,0.677,5008.7,no
39626,82,retired,married,high.school,unknown,yes,no,cellular,may,mon,135,3,999,0,nonexistent,-1.8,93.876,-40.0,0.682,5008.7,no
39627,22,student,single,unknown,no,yes,no,cellular,may,mon,171,2,3,2,success,-1.8,93.876,-40.0,0.682,5008.7,yes
39638,58,admin.,married,high.school,no,yes,no,cellular,may,wed,309,1,6,1,success,-1.8,93.876,-40.0,0.682,5008.7,yes
39641,66,blue-collar,married,unknown,no,yes,no,cellular,may,wed,171,2,6,2,success,-1.8,93.876,-40.0,0.682,5008.7,yes
39643,61,management,married,university.degree,no,no,no,cellular,may,wed,228,2,999,1,failure,-1.8,93.876,-40.0,0.682,5008.7,yes
39644,48,unemployed,married,professional.course,no,no,no,cellular,may,wed,317,1,6,3,success,-1.8,93.876,-40.0,0.682,5008.7,yes
39648,30,admin.,single,high.school,no,yes,no,cellular,may,wed,144,1,999,1,failure,-1.8,93.876,-40.0,0.682,5008.7,no
39666,28,admin.,single,high.school,no,yes,no,cellular,may,thu,457,2,999,1,failure,-1.8,93.876,-40.0,0.683,5008.7,no
39680,33,technician,married,professional.course,no,yes,yes,cellular,may,fri,62,2,999,0,nonexistent,-1.8,93.876,-40.0,0.684,5008.7,no
39686,33,admin.,married,university.degree,no,yes,no,cellular,may,mon,740,1,3,2,success,-1.8,93.876,-40.0,0.685,5008.7,yes
39694,47,services,divorced,university.degree,no,yes,yes,cellular,may,tue,336,1,15,3,failure,-1.8,93.876,-40.0,0.688,5008.7,yes
39702,45,management,married,basic.9y,no,yes,no,cellular,may,thu,165,1,999,3,failure,-1.8,93.876,-40.0,0.692,5008.7,no
39703,46,admin.,married,university.degree,no,no,no,cellular,may,thu,154,1,999,0,nonexistent,-1.8,93.876,-40.0,0.692,5008.7,yes
39715,34,admin.,married,university.degree,no,yes,no,cellular,may,fri,407,3,8,3,failure,-1.8,93.876,-40.0,0.695,5008.7,yes
39723,79,retired,married,basic.9y,no,yes,yes,cellular,may,mon,260,1,999,1,failure,-1.8,93.876,-40.0,0.697,5008.7,no
39733,46,blue-collar,married,professional.course,no,yes,no,cellular,may,wed,410,1,999,0,nonexistent,-1.8,93.876,-40.0,0.697,5008.7,yes
39739,28,admin.,single,university.degree,no,no,no,cellular,may,wed,135,2,3,2,success,-1.8,93.876,-40.0,0.697,5008.7,yes
39746,36,admin.,married,university.degree,no,yes,yes,cellular,may,thu,1178,1,6,2,success,-1.8,93.876,-40.0,0.699,5008.7,yes
39749,43,blue-collar,single,high.school,no,no,yes,telephone,may,thu,137,1,999,0,nonexistent,-1.8,93.876,-40.0,0.699,5008.7,no
39753,79,retired,married,high.school,no,yes,no,cellular,may,thu,196,2,999,0,nonexistent,-1.8,93.876,-40.0,0.699,5008.7,no
39758,35,unemployed,married,high.school,no,yes,no,telephone,may,fri,43,1,999,2,failure,-1.8,93.876,-40.0,0.699,5008.7,no
39783,29,admin.,married,university.degree,no,yes,no,cellular,jun,tue,201,1,999,0,nonexistent,-1.7,94.055,-39.8,0.702,4991.6,yes
39786,25,services,single,unknown,no,yes,no,cellular,jun,tue,516,1,13,2,failure,-1.7,94.055,-39.8,0.702,4991.6,yes
39794,59,retired,divorced,professional.course,no,no,no,telephone,jun,tue,8,1,999,1,failure,-1.7,94.055,-39.8,0.702,4991.6,no
39799,20,technician,single,professional.course,no,yes,no,telephone,jun,tue,52,1,999,1,failure,-1.7,94.055,-39.8,0.702,4991.6,no
39800,40,blue-collar,married,basic.6y,no,yes,no,telephone,jun,tue,5,1,999,0,nonexistent,-1.7,94.055,-39.8,0.702,4991.6,no
39801,52,admin.,divorced,university.degree,no,yes,no,telephone,jun,tue,36,1,999,0,nonexistent,-1.7,94.055,-39.8,0.702,4991.6,no
39810,31,services,married,high.school,no,no,yes,telephone,jun,fri,35,1,999,0,nonexistent,-1.7,94.055,-39.8,0.707,4991.6,no
39817,47,admin.,divorced,high.school,no,yes,no,telephone,jun,mon,302,1,999,0,nonexistent,-1.7,94.055,-39.8,0.711,4991.6,yes
39833,38,technician,single,high.school,no,no,no,telephone,jun,wed,118,1,999,0,nonexistent,-1.7,94.055,-39.8,0.715,4991.6,no
39841,37,admin.,married,university.degree,no,yes,no,cellular,jun,fri,135,1,999,2,failure,-1.7,94.055,-39.8,0.719,4991.6,no
39844,50,management,married,university.degree,no,no,no,telephone,jun,mon,278,5,6,1,success,-1.7,94.055,-39.8,0.72,4991.6,yes
39847,39,technician,married,university.degree,no,yes,no,cellular,jun,mon,187,1,3,5,success,-1.7,94.055,-39.8,0.72,4991.6,yes
39869,56,management,married,basic.6y,no,yes,no,cellular,jun,tue,910,1,7,2,success,-1.7,94.055,-39.8,0.723,4991.6,yes
39880,29,admin.,married,high.school,no,yes,no,cellular,jun,wed,605,3,999,0,nonexistent,-1.7,94.055,-39.8,0.727,4991.6,yes
39890,28,management,single,university.degree,no,yes,no,cellular,jun,thu,169,1,999,0,nonexistent,-1.7,94.055,-39.8,0.729,4991.6,yes
39891,78,retired,divorced,unknown,no,no,no,cellular,jun,thu,282,4,999,0,nonexistent,-1.7,94.055,-39.8,0.729,4991.6,yes
39910,27,admin.,single,high.school,no,yes,no,telephone,jun,wed,193,1,999,1,failure,-1.7,94.055,-39.8,0.739,4991.6,no
39928,44,self-employed,divorced,professional.course,no,yes,yes,cellular,jun,thu,134,1,999,1,failure,-1.7,94.055,-39.8,0.742,4991.6,no
39930,37,unemployed,single,university.degree,no,yes,no,cellular,jun,thu,122,2,6,1,success,-1.7,94.055,-39.8,0.742,4991.6,no
39938,39,admin.,married,university.degree,no,yes,no,telephone,jun,thu,52,1,999,1,failure,-1.7,94.055,-39.8,0.742,4991.6,no
39940,69,retired,divorced,professional.course,no,no,no,cellular,jun,fri,213,6,12,2,failure,-1.7,94.055,-39.8,0.748,4991.6,yes
39948,83,retired,divorced,basic.4y,no,no,yes,cellular,jun,fri,472,2,999,0,nonexistent,-1.7,94.055,-39.8,0.748,4991.6,yes
39949,37,unemployed,single,university.degree,no,no,no,cellular,jun,fri,249,2,999,0,nonexistent,-1.7,94.055,-39.8,0.748,4991.6,no
39950,69,retired,divorced,professional.course,no,yes,no,telephone,jun,fri,359,5,999,0,nonexistent,-1.7,94.055,-39.8,0.748,4991.6,no
39970,38,technician,single,university.degree,no,yes,no,cellular,jun,mon,737,6,999,0,nonexistent,-1.7,94.055,-39.8,0.754,4991.6,yes
39973,34,unemployed,single,university.degree,no,no,no,cellular,jun,tue,401,1,999,0,nonexistent,-1.7,94.055,-39.8,0.761,4991.6,yes
39974,50,blue-collar,married,basic.4y,no,no,no,cellular,jun,tue,135,4,999,1,failure,-1.7,94.055,-39.8,0.761,4991.6,no
39982,35,admin.,married,university.degree,no,yes,no,cellular,jun,tue,385,1,5,1,success,-1.7,94.055,-39.8,0.761,4991.6,no
39995,52,admin.,married,university.degree,no,yes,no,cellular,jun,wed,255,2,999,0,nonexistent,-1.7,94.055,-39.8,0.767,4991.6,no
40000,56,retired,married,basic.4y,no,yes,no,cellular,jun,wed,337,2,3,2,success,-1.7,94.055,-39.8,0.767,4991.6,yes
40018,38,admin.,married,high.school,no,no,no,cellular,jul,thu,561,2,10,2,success,-1.7,94.215,-40.3,0.782,4991.6,yes
40019,33,blue-collar,married,university.degree,no,no,no,telephone,jul,thu,12,1,999,0,nonexistent,-1.7,94.215,-40.3,0.782,4991.6,no
40024,33,admin.,married,university.degree,no,yes,yes,cellular,jul,fri,217,3,999,0,nonexistent,-1.7,94.215,-40.3,0.79,4991.6,yes
40028,27,services,single,high.school,no,unknown,unknown,cellular,jul,fri,179,1,999,1,failure,-1.7,94.215,-40.3,0.79,4991.6,yes
40029,25,blue-collar,single,basic.9y,no,no,yes,cellular,jul,fri,667,1,999,0,nonexistent,-1.7,94.215,-40.3,0.79,4991.6,yes
40034,34,technician,single,university.degree,no,yes,no,cellular,jul,mon,251,3,999,0,nonexistent,-1.7,94.215,-40.3,0.793,4991.6,yes
40040,33,admin.,single,university.degree,no,yes,no,cellular,jul,mon,182,1,999,0,nonexistent,-1.7,94.215,-40.3,0.793,4991.6,no
40042,21,student,single,basic.9y,no,yes,no,cellular,jul,tue,209,2,999,0,nonexistent,-1.7,94.215,-40.3,0.797,4991.6,yes
40054,55,admin.,married,high.school,no,no,no,telephone,jul,wed,229,1,9,1,success,-1.7,94.215,-40.3,0.802,4991.6,yes
40061,75,retired,married,university.degree,no,yes,no,cellular,jul,thu,229,1,999,2,failure,-1.7,94.215,-40.3,0.81,4991.6,yes
40073,37,admin.,married,high.school,no,yes,no,cellular,jul,thu,230,2,999,0,nonexistent,-1.7,94.215,-40.3,0.81,4991.6,no
40101,62,technician,married,unknown,no,yes,no,cellular,jul,mon,273,1,16,1,success,-1.7,94.215,-40.3,0.827,4991.6,no
40132,35,technician,single,professional.course,no,yes,no,cellular,jul,tue,577,6,6,1,success,-1.7,94.215,-40.3,0.835,4991.6,yes
40140,45,management,married,university.degree,no,yes,no,cellular,jul,wed,817,2,999,0,nonexistent,-1.7,94.215,-40.3,0.84,4991.6,yes
40141,29,technician,single,professional.course,no,yes,no,cellular,jul,wed,133,3,999,0,nonexistent,-1.7,94.215,-40.3,0.84,4991.6,no
40148,34,services,married,basic.9y,no,yes,yes,cellular,jul,wed,86,3,999,1,failure,-1.7,94.215,-40.3,0.84,4991.6,no
40155,50,management,married,university.degree,no,yes,no,cellular,jul,thu,367,1,999,0,nonexistent,-1.7,94.215,-40.3,0.846,4991.6,yes
40158,32,services,single,unknown,no,no,yes,cellular,jul,thu,415,2,999,0,nonexistent,-1.7,94.215,-40.3,0.846,4991.6,yes
40160,28,self-employed,single,university.degree,no,no,no,cellular,jul,thu,178,1,999,2,failure,-1.7,94.215,-40.3,0.846,4991.6,no
40161,32,admin.,single,university.degree,no,yes,no,cellular,jul,thu,250,2,6,1,success,-1.7,94.215,-40.3,0.846,4991.6,no
40163,80,retired,married,basic.4y,no,no,no,telephone,jul,thu,552,2,999,0,nonexistent,-1.7,94.215,-40.3,0.846,4991.6,yes
40170,38,technician,married,professional.course,no,no,no,cellular,jul,thu,561,2,999,0,nonexistent,-1.7,94.215,-40.3,0.846,4991.6,no
40173,31,admin.,single,university.degree,no,yes,no,cellular,jul,fri,815,2,13,2,success,-1.7,94.215,-40.3,0.861,4991.6,yes
40174,26,technician,single,university.degree,no,no,no,cellular,jul,fri,129,2,6,1,success,-1.7,94.215,-40.3,0.861,4991.6,no
40176,44,admin.,married,unknown,no,no,no,cellular,jul,fri,745,1,999,1,failure,-1.7,94.215,-40.3,0.861,4991.6,yes
40183,27,admin.,single,high.school,no,yes,no,telephone,jul,fri,7,1,999,0,nonexistent,-1.7,94.215,-40.3,0.861,4991.6,no
40189,59,technician,married,professional.course,no,yes,no,cellular,jul,fri,457,2,15,1,success,-1.7,94.215,-40.3,0.861,4991.6,yes
40198,78,retired,married,basic.4y,no,yes,no,cellular,jul,mon,173,2,999,1,failure,-1.7,94.215,-40.3,0.87,4991.6,yes
40200,56,unemployed,divorced,basic.4y,no,yes,no,cellular,jul,mon,187,6,999,0,nonexistent,-1.7,94.215,-40.3,0.87,4991.6,yes
40214,23,unemployed,single,high.school,no,no,no,telephone,jul,tue,7,1,999,0,nonexistent,-1.7,94.215,-40.3,0.876,4991.6,no
40221,72,retired,married,basic.6y,no,yes,no,cellular,jul,wed,143,1,999,0,nonexistent,-1.7,94.215,-40.3,0.881,4991.6,yes
40225,71,retired,married,professional.course,no,yes,no,cellular,jul,thu,115,3,999,0,nonexistent,-1.7,94.215,-40.3,0.884,4991.6,no
40232,30,admin.,single,university.degree,no,yes,no,cellular,jul,thu,248,1,999,0,nonexistent,-1.7,94.215,-40.3,0.884,4991.6,yes
40242,31,student,single,university.degree,no,yes,yes,cellular,jul,fri,350,2,999,0,nonexistent,-1.7,94.215,-40.3,0.885,4991.6,yes
40244,24,technician,married,professional.course,no,no,no,cellular,jul,fri,192,4,26,1,success,-1.7,94.215,-40.3,0.885,4991.6,yes
40247,26,admin.,single,university.degree,no,no,no,cellular,jul,fri,196,1,9,3,failure,-1.7,94.215,-40.3,0.885,4991.6,yes
40255,52,technician,single,professional.course,no,no,no,telephone,jul,mon,84,1,999,0,nonexistent,-1.7,94.215,-40.3,0.889,4991.6,no
40258,35,admin.,married,university.degree,no,no,no,cellular,jul,mon,768,2,3,4,success,-1.7,94.215,-40.3,0.889,4991.6,no
40269,33,admin.,single,university.degree,no,no,no,telephone,jul,tue,5,1,999,0,nonexistent,-1.7,94.215,-40.3,0.893,4991.6,no
40286,47,admin.,married,university.degree,no,yes,yes,cellular,jul,wed,129,3,999,2,failure,-1.7,94.215,-40.3,0.896,4991.6,no
40291,23,admin.,single,high.school,no,no,no,telephone,jul,thu,331,1,999,0,nonexistent,-1.7,94.215,-40.3,0.899,4991.6,no
40297,51,admin.,married,university.degree,no,no,no,cellular,jul,thu,396,4,999,1,failure,-1.7,94.215,-40.3,0.899,4991.6,yes
40327,67,retired,married,basic.4y,no,no,no,cellular,aug,mon,300,3,999,0,nonexistent,-1.7,94.027,-38.3,0.898,4991.6,no
40340,31,technician,single,unknown,no,no,no,cellular,aug,mon,308,1,999,2,failure,-1.7,94.027,-38.3,0.898,4991.6,no
40343,31,technician,single,unknown,no,yes,no,cellular,aug,mon,428,2,9,3,success,-1.7,94.027,-38.3,0.898,4991.6,yes
40344,28,admin.,married,university.degree,no,yes,no,cellular,aug,mon,226,3,999,1,failure,-1.7,94.027,-38.3,0.898,4991.6,no
40351,28,unemployed,single,basic.9y,no,no,yes,cellular,aug,tue,261,1,999,1,failure,-1.7,94.027,-38.3,0.899,4991.6,yes
40362,28,student,single,unknown,unknown,yes,no,cellular,aug,wed,453,1,999,1,failure,-1.7,94.027,-38.3,0.9,4991.6,no
40368,47,admin.,married,university.degree,no,unknown,unknown,cellular,aug,wed,288,1,10,2,failure,-1.7,94.027,-38.3,0.9,4991.6,yes
40378,34,admin.,married,university.degree,no,yes,no,cellular,aug,wed,250,1,10,2,failure,-1.7,94.027,-38.3,0.9,4991.6,yes
40383,30,admin.,single,university.degree,no,yes,no,cellular,aug,wed,191,1,0,2,success,-1.7,94.027,-38.3,0.9,4991.6,yes
40384,18,student,single,unknown,no,yes,yes,telephone,aug,wed,297,1,999,0,nonexistent,-1.7,94.027,-38.3,0.9,4991.6,no
40387,46,admin.,single,high.school,no,no,no,cellular,aug,thu,510,2,17,1,success,-1.7,94.027,-38.3,0.904,4991.6,no
40389,46,admin.,single,high.school,no,no,no,cellular,aug,thu,329,2,9,4,failure,-1.7,94.027,-38.3,0.904,4991.6,no
40395,41,admin.,divorced,high.school,no,unknown,unknown,cellular,aug,thu,272,1,999,0,nonexistent,-1.7,94.027,-38.3,0.904,4991.6,yes
40398,27,technician,single,university.degree,no,yes,no,cellular,aug,thu,250,3,999,5,failure,-1.7,94.027,-38.3,0.904,4991.6,no
40415,72,housemaid,married,basic.6y,unknown,yes,no,cellular,aug,fri,137,1,999,0,nonexistent,-1.7,94.027,-38.3,0.905,4991.6,no
40418,27,admin.,single,university.degree,no,no,no,cellular,aug,fri,562,2,3,3,success,-1.7,94.027,-38.3,0.905,4991.6,yes
40427,24,admin.,single,university.degree,no,no,no,cellular,aug,fri,744,1,999,2,failure,-1.7,94.027,-38.3,0.905,4991.6,yes
40432,26,services,single,high.school,no,no,no,telephone,aug,mon,6,1,999,3,failure,-1.7,94.027,-38.3,0.904,4991.6,no
40436,35,unemployed,married,high.school,no,yes,no,cellular,aug,mon,362,1,6,1,success,-1.7,94.027,-38.3,0.904,4991.6,yes
40446,73,retired,divorced,basic.4y,unknown,yes,no,cellular,aug,tue,273,2,999,1,failure,-1.7,94.027,-38.3,0.904,4991.6,no
40451,92,retired,married,unknown,no,no,yes,cellular,aug,tue,1064,1,3,1,success,-1.7,94.027,-38.3,0.904,4991.6,yes
40489,76,retired,married,university.degree,no,no,no,cellular,aug,thu,126,1,999,1,failure,-1.7,94.027,-38.3,0.899,4991.6,no
40496,38,entrepreneur,married,university.degree,no,yes,no,cellular,aug,fri,633,1,16,1,success,-1.7,94.027,-38.3,0.898,4991.6,yes
40499,36,services,single,university.degree,no,no,no,cellular,aug,fri,394,6,999,0,nonexistent,-1.7,94.027,-38.3,0.898,4991.6,yes
40505,42,technician,married,university.degree,no,no,no,cellular,aug,fri,211,3,6,2,success,-1.7,94.027,-38.3,0.898,4991.6,yes
40506,35,management,married,university.degree,no,no,no,telephone,aug,fri,12,1,999,0,nonexistent,-1.7,94.027,-38.3,0.898,4991.6,no
40517,34,entrepreneur,married,professional.course,no,no,no,telephone,aug,tue,6,1,999,0,nonexistent,-1.7,94.027,-38.3,0.895,4991.6,no
40518,58,self-employed,married,university.degree,no,no,no,cellular,aug,tue,326,4,6,3,success,-1.7,94.027,-38.3,0.895,4991.6,yes
40522,40,admin.,married,high.school,no,yes,no,telephone,aug,thu,173,6,999,1,failure,-1.7,94.027,-38.3,0.891,4991.6,no
40557,69,retired,married,high.school,no,yes,yes,cellular,sep,wed,840,1,6,2,success,-1.1,94.199,-37.5,0.886,4963.6,yes
40577,33,technician,single,professional.course,no,no,no,cellular,sep,wed,425,1,999,0,nonexistent,-1.1,94.199,-37.5,0.886,4963.6,no
40582,44,blue-collar,married,basic.6y,no,yes,no,telephone,sep,thu,10,1,999,0,nonexistent,-1.1,94.199,-37.5,0.884,4963.6,no
40585,55,management,divorced,university.degree,no,yes,no,cellular,sep,thu,1440,1,999,1,failure,-1.1,94.199,-37.5,0.884,4963.6,yes
40593,78,retired,divorced,high.school,no,no,no,cellular,sep,thu,238,1,999,2,failure,-1.1,94.199,-37.5,0.884,4963.6,no
40603,59,services,married,professional.course,no,yes,no,cellular,sep,fri,251,3,2,4,success,-1.1,94.199,-37.5,0.883,4963.6,no
40617,22,admin.,single,university.degree,no,yes,no,cellular,sep,mon,194,2,999,3,failure,-1.1,94.199,-37.5,0.882,4963.6,yes
40626,34,unemployed,married,university.degree,no,yes,no,telephone,sep,mon,113,5,999,0,nonexistent,-1.1,94.199,-37.5,0.882,4963.6,no
40627,35,admin.,married,high.school,no,no,no,cellular,sep,mon,415,1,999,2,failure,-1.1,94.199,-37.5,0.882,4963.6,yes
40646,36,management,divorced,university.degree,no,yes,no,cellular,sep,tue,337,1,6,1,success,-1.1,94.199,-37.5,0.881,4963.6,yes
40648,26,admin.,single,university.degree,no,yes,no,cellular,sep,tue,355,1,999,1,failure,-1.1,94.199,-37.5,0.881,4963.6,no
40658,44,management,married,university.degree,no,no,yes,cellular,sep,wed,127,1,999,2,failure,-1.1,94.199,-37.5,0.88,4963.6,no
40659,30,management,married,university.degree,no,unknown,unknown,cellular,sep,wed,210,1,999,1,failure,-1.1,94.199,-37.5,0.88,4963.6,no
40672,60,admin.,married,professional.course,no,yes,yes,cellular,sep,thu,261,1,6,1,success,-1.1,94.199,-37.5,0.879,4963.6,yes
40682,65,technician,married,professional.course,no,no,no,cellular,sep,thu,263,1,999,0,nonexistent,-1.1,94.199,-37.5,0.879,4963.6,no
40687,83,retired,divorced,basic.4y,no,no,no,cellular,sep,thu,268,1,9,3,success,-1.1,94.199,-37.5,0.879,4963.6,yes
40698,69,retired,married,basic.4y,no,no,no,cellular,sep,mon,258,3,6,1,success,-1.1,94.199,-37.5,0.879,4963.6,no
40700,23,student,single,basic.9y,no,yes,yes,cellular,sep,mon,218,3,6,2,success,-1.1,94.199,-37.5,0.879,4963.6,yes
40711,30,technician,single,professional.course,no,no,no,cellular,sep,tue,275,1,999,5,failure,-1.1,94.199,-37.5,0.877,4963.6,no
40720,32,unemployed,married,high.school,no,no,no,telephone,sep,tue,6,1,999,1,failure,-1.1,94.199,-37.5,0.877,4963.6,no
40721,34,admin.,married,professional.course,no,yes,yes,cellular,sep,tue,409,1,999,1,failure,-1.1,94.199,-37.5,0.877,4963.6,yes
40727,32,student,single,high.school,no,no,no,cellular,sep,tue,407,2,3,1,success,-1.1,94.199,-37.5,0.877,4963.6,no
40746,29,technician,single,professional.course,no,no,yes,telephone,sep,thu,251,2,18,1,success,-1.1,94.199,-37.5,0.879,4963.6,no
40752,31,admin.,married,university.degree,no,yes,no,cellular,sep,thu,193,1,999,0,nonexistent,-1.1,94.199,-37.5,0.879,4963.6,yes
40757,77,retired,married,basic.4y,no,yes,no,cellular,sep,thu,190,1,999,0,nonexistent,-1.1,94.199,-37.5,0.879,4963.6,yes
40766,34,technician,single,university.degree,no,no,no,cellular,sep,fri,152,2,999,0,nonexistent,-1.1,94.199,-37.5,0.879,4963.6,no
40772,26,technician,single,university.degree,no,yes,no,cellular,sep,fri,284,3,999,1,failure,-1.1,94.199,-37.5,0.879,4963.6,yes
40781,41,unemployed,married,high.school,no,yes,yes,cellular,sep,wed,175,1,6,1,success,-1.1,94.199,-37.5,0.879,4963.6,yes
40794,31,technician,married,university.degree,no,no,no,cellular,sep,thu,261,1,999,0,nonexistent,-1.1,94.199,-37.5,0.878,4963.6,no
40796,26,self-employed,single,university.degree,no,yes,no,cellular,sep,thu,333,1,999,0,nonexistent,-1.1,94.199,-37.5,0.878,4963.6,no
40810,33,admin.,married,university.degree,no,yes,no,telephone,sep,thu,217,2,999,0,nonexistent,-1.1,94.199,-37.5,0.878,4963.6,no
40814,58,admin.,married,university.degree,no,no,no,cellular,sep,thu,272,4,6,1,success,-1.1,94.199,-37.5,0.878,4963.6,yes
40827,51,admin.,divorced,high.school,no,yes,no,telephone,sep,fri,19,1,999,0,nonexistent,-1.1,94.199,-37.5,0.879,4963.6,no
40828,27,admin.,single,high.school,no,no,no,telephone,sep,mon,6,1,999,0,nonexistent,-1.1,94.199,-37.5,0.879,4963.6,no
40829,31,admin.,single,high.school,no,no,no,cellular,sep,mon,262,5,6,3,success,-1.1,94.199,-37.5,0.879,4963.6,yes
40831,48,services,married,basic.6y,no,no,no,cellular,sep,mon,188,2,999,0,nonexistent,-1.1,94.199,-37.5,0.879,4963.6,yes
40835,32,admin.,married,high.school,no,yes,no,cellular,sep,mon,156,2,999,1,failure,-1.1,94.199,-37.5,0.879,4963.6,no
40839,32,admin.,married,high.school,no,yes,no,cellular,sep,mon,1298,1,999,0,nonexistent,-1.1,94.199,-37.5,0.879,4963.6,yes
40848,40,admin.,divorced,high.school,no,yes,yes,telephone,sep,wed,21,1,999,1,failure,-1.1,94.199,-37.5,0.886,4963.6,no
40874,32,admin.,married,high.school,no,yes,no,telephone,oct,wed,48,1,999,0,nonexistent,-1.1,94.601,-49.5,0.959,4963.6,no
40881,28,admin.,single,high.school,no,no,no,cellular,oct,wed,1246,2,999,0,nonexistent,-1.1,94.601,-49.5,0.959,4963.6,yes
40882,64,unemployed,divorced,basic.9y,no,yes,no,cellular,oct,wed,604,2,999,0,nonexistent,-1.1,94.601,-49.5,0.959,4963.6,no
40884,65,retired,married,basic.4y,no,yes,no,telephone,oct,thu,138,4,999,0,nonexistent,-1.1,94.601,-49.5,0.965,4963.6,no
40885,51,admin.,married,university.degree,no,yes,yes,cellular,oct,thu,236,3,3,1,success,-1.1,94.601,-49.5,0.965,4963.6,yes
40886,28,admin.,single,university.degree,no,no,no,cellular,oct,thu,116,1,17,1,success,-1.1,94.601,-49.5,0.965,4963.6,no
40891,33,blue-collar,single,basic.4y,no,yes,no,cellular,oct,fri,146,1,999,1,failure,-1.1,94.601,-49.5,0.972,4963.6,no
40896,60,retired,married,basic.4y,no,unknown,unknown,cellular,oct,fri,272,1,10,3,failure,-1.1,94.601,-49.5,0.972,4963.6,no
40910,27,admin.,single,university.degree,no,no,no,cellular,oct,mon,278,1,999,0,nonexistent,-1.1,94.601,-49.5,0.977,4963.6,yes
40918,25,services,single,high.school,no,no,no,cellular,oct,mon,79,1,999,2,failure,-1.1,94.601,-49.5,0.977,4963.6,no
40925,28,blue-collar,single,basic.9y,no,yes,no,telephone,oct,mon,4,1,999,0,nonexistent,-1.1,94.601,-49.5,0.977,4963.6,no
40936,20,student,single,unknown,no,no,no,telephone,oct,tue,250,1,999,1,failure,-1.1,94.601,-49.5,0.982,4963.6,no
40942,66,retired,married,basic.4y,unknown,unknown,unknown,cellular,oct,wed,216,1,6,3,success,-1.1,94.601,-49.5,0.985,4963.6,yes
40945,52,technician,married,university.degree,no,yes,no,telephone,oct,wed,6,1,999,1,failure,-1.1,94.601,-49.5,0.985,4963.6,no
40951,81,retired,divorced,basic.4y,no,yes,no,cellular,oct,thu,192,2,3,2,success,-1.1,94.601,-49.5,0.987,4963.6,no
40956,61,blue-collar,married,professional.course,no,yes,no,cellular,oct,thu,246,2,999,0,nonexistent,-1.1,94.601,-49.5,0.987,4963.6,yes
40959,63,admin.,married,university.degree,no,yes,no,cellular,oct,thu,174,2,6,1,success,-1.1,94.601,-49.5,0.987,4963.6,no
40962,54,self-employed,married,university.degree,no,no,no,cellular,oct,thu,219,3,999,1,failure,-1.1,94.601,-49.5,0.987,4963.6,no
40980,56,technician,divorced,professional.course,no,yes,yes,cellular,oct,mon,170,5,999,0,nonexistent,-1.1,94.601,-49.5,1.0,4963.6,no
40990,24,student,single,professional.course,no,no,yes,cellular,oct,tue,133,3,999,2,failure,-1.1,94.601,-49.5,1.008,4963.6,no
40991,31,admin.,single,university.degree,no,unknown,unknown,cellular,oct,tue,192,1,3,1,success,-1.1,94.601,-49.5,1.008,4963.6,yes
40996,54,services,divorced,high.school,no,no,no,cellular,oct,wed,268,1,999,1,failure,-1.1,94.601,-49.5,1.016,4963.6,no
40997,81,retired,married,basic.4y,no,yes,no,cellular,oct,wed,621,1,999,2,failure,-1.1,94.601,-49.5,1.016,4963.6,yes
41002,38,admin.,divorced,basic.9y,no,no,no,cellular,oct,wed,139,2,999,3,failure,-1.1,94.601,-49.5,1.016,4963.6,no
41009,23,student,single,high.school,no,yes,no,cellular,oct,thu,262,3,999,0,nonexistent,-1.1,94.601,-49.5,1.025,4963.6,no
41033,36,unemployed,married,high.school,no,yes,no,cellular,oct,mon,304,1,3,1,success,-1.1,94.601,-49.5,1.032,4963.6,yes
41042,35,admin.,single,university.degree,no,yes,no,cellular,oct,mon,129,1,999,0,nonexistent,-1.1,94.601,-49.5,1.032,4963.6,no
41062,31,management,married,university.degree,no,yes,no,cellular,nov,mon,188,1,999,0,nonexistent,-1.1,94.767,-50.8,1.05,4963.6,yes
41064,48,admin.,married,university.degree,no,yes,no,cellular,nov,mon,159,1,6,3,success,-1.1,94.767,-50.8,1.05,4963.6,yes
41071,37,admin.,married,university.degree,no,no,no,cellular,nov,mon,137,1,999,1,failure,-1.1,94.767,-50.8,1.05,4963.6,no
41078,45,blue-collar,married,high.school,no,yes,yes,cellular,nov,mon,449,2,5,3,success,-1.1,94.767,-50.8,1.05,4963.6,yes
41079,37,admin.,married,university.degree,no,no,no,cellular,nov,mon,282,2,6,1,success,-1.1,94.767,-50.8,1.05,4963.6,yes
41086,51,admin.,divorced,high.school,no,yes,yes,cellular,nov,tue,334,2,6,4,failure,-1.1,94.767,-50.8,1.049,4963.6,yes
41102,63,retired,married,basic.4y,no,yes,no,cellular,nov,fri,413,1,3,2,success,-1.1,94.767,-50.8,1.049,4963.6,yes
41103,45,admin.,married,university.degree,no,no,no,cellular,nov,fri,319,1,999,3,failure,-1.1,94.767,-50.8,1.049,4963.6,no
41110,34,technician,married,unknown,no,yes,no,cellular,nov,tue,138,1,1,4,success,-1.1,94.767,-50.8,1.046,4963.6,no
41119,34,technician,married,unknown,no,yes,no,cellular,nov,tue,162,2,999,2,failure,-1.1,94.767,-50.8,1.046,4963.6,no
41139,58,unemployed,married,university.degree,no,yes,no,cellular,nov,thu,344,2,999,0,nonexistent,-1.1,94.767,-50.8,1.041,4963.6,yes
41167,32,admin.,married,university.degree,no,no,no,telephone,nov,wed,651,1,999,1,failure,-1.1,94.767,-50.8,1.03,4963.6,yes
41169,38,entrepreneur,married,university.degree,no,no,no,cellular,nov,wed,144,2,999,0,nonexistent,-1.1,94.767,-50.8,1.03,4963.6,no
41177,38,housemaid,divorced,high.school,no,yes,yes,cellular,nov,thu,360,1,999,0,nonexistent,-1.1,94.767,-50.8,1.031,4963.6,no
41186,56,retired,married,university.degree,no,yes,no,cellular,nov,fri,189,2,999,0,nonexistent,-1.1,94.767,-50.8,1.028,4963.6,no
