customer_id,age,tenure_months,visits_30d,monthly_spend,plan,region,support_tickets_90d,noise_a,treatment,reactivated_90d
C0000000,59,15,4,9.74,basic,north,0,-1.007559579911496,0,0
C0000001,67,25,3,35.95,plus,north,0,-1.137723015714179,0,0
C0000002,19,3,1,116.52,plus,north,0,0.48720842450574176,0,0
C0000003,68,32,3,98.96,premium,west,1,0.7516699740670638,0,1
C0000004,47,2,2,27.87,basic,west,0,1.0939766555522163,0,1
C0000005,49,70,4,51.77,basic,west,0,-1.0742496048580135,0,0
C0000006,57,34,4,103.39,plus,east,0,0.6317984552289673,0,0
C0000007,35,52,5,96.89,basic,west,1,0.720197773418115,1,0
C0000008,78,19,2,41.48,premium,north,1,-1.4378202864335874,1,0
C0000009,21,36,1,77.5,basic,south,1,-0.5447390471763205,0,0
C0000010,35,35,8,17.16,basic,east,3,0.08347185242413827,1,1
C0000011,41,70,4,54.19,premium,west,2,-0.33237927896205516,1,0
C0000012,53,70,6,103.39,basic,east,1,1.2349088365805407,1,0
C0000013,43,47,2,7.42,basic,south,1,0.2629074457938892,0,0
C0000014,26,57,4,120.72,plus,east,0,0.7131466904307253,0,0
C0000015,20,41,3,82.9,basic,east,0,1.4933907228595233,0,0
C0000016,18,65,4,66.86,basic,north,0,-0.9306601169261064,0,0
C0000017,21,47,3,172.26,basic,south,1,0.47035965642180844,0,0
C0000018,27,62,7,21.09,premium,east,0,-0.2638858680946428,1,1
C0000019,79,31,1,19.75,basic,west,0,1.046360252977521,0,0
C0000020,29,53,3,24.23,basic,west,0,-1.3346832882145105,0,0
C0000021,58,3,3,24.65,plus,east,1,-0.9332763942403479,0,1
C0000022,64,26,4,12.19,basic,west,2,0.640948330855955,0,0
C0000023,32,31,3,19.6,basic,east,2,0.3448855990939984,0,0
C0000024,35,67,5,16.32,premium,west,0,1.1018198427958072,1,0
C0000025,44,18,2,28.15,premium,south,2,1.4693055475476526,0,1
C0000026,34,29,2,61.09,plus,north,0,0.3738521549045316,0,0
C0000027,78,67,2,63.54,basic,west,1,-1.0949500128633507,1,0
C0000028,29,49,3,76.7,basic,south,2,0.15706782725645657,1,0
C0000029,73,52,2,15.12,plus,north,2,-0.12404856507955801,0,1
C0000030,67,20,1,41.35,basic,south,0,1.4304656002663558,0,0
C0000031,70,9,2,77.75,premium,south,4,-0.1792353359794513,0,0
C0000032,25,52,2,31.62,plus,east,1,1.447425672980201,1,0
C0000033,42,13,4,112.28,premium,east,0,0.36560764325077605,0,0
C0000034,56,34,6,156.46,basic,north,3,0.6599221878781559,1,1
C0000035,48,3,3,77.75,premium,east,1,-0.7509600576378863,0,1
C0000036,59,55,4,225.23,basic,west,2,1.0631155304235127,0,0
C0000037,59,57,3,55.77,plus,north,1,0.1518434158584312,0,0
C0000038,59,69,1,18.29,basic,east,1,-1.031100603403777,0,0
C0000039,21,53,0,70.13,premium,east,0,-0.8767987660929835,0,0
C0000040,77,28,5,108.15,premium,north,1,0.20589385157438259,1,1
C0000041,52,24,2,49.77,plus,west,0,0.2412225767658353,0,0
C0000042,74,68,1,61.97,premium,north,0,3.2590409105652753,0,0
C0000043,34,13,5,24.49,plus,south,0,-0.8327194846904691,0,0
C0000044,40,7,4,21.57,plus,east,1,0.34170782334990746,0,1
C0000045,72,19,2,27.85,plus,south,0,1.2927982898418697,0,0
C0000046,29,63,4,76.46,basic,north,0,0.3089365359903183,0,1
C0000047,21,43,3,132.59,plus,west,0,-0.05944035950901943,0,0
C0000048,41,50,3,73.14,plus,west,0,-0.7294020971265224,0,0
C0000049,60,10,4,49.5,premium,north,0,0.6470400958446028,0,1
C0000050,25,2,1,10.02,plus,north,0,0.4789863251770787,0,0
C0000051,71,3,6,44.16,basic,south,2,1.3962089288040886,1,0
C0000052,39,64,5,69.72,premium,north,1,-0.17044877218892668,1,0
C0000053,32,21,3,10.68,plus,east,2,2.387524797295566,1,0
C0000054,51,11,4,24.68,plus,north,1,-1.347334127332145,0,0
C0000055,73,71,4,59.02,basic,south,1,-0.9940777739924145,1,0
C0000056,72,19,7,37.43,basic,north,1,-0.3452073898727466,1,0
C0000057,72,10,3,76.27,plus,south,2,0.05276072439081555,0,0
C0000058,37,70,2,67.33,basic,north,1,-0.20934122080536907,0,0
C0000059,19,48,4,129.12,premium,west,0,1.6915092188605387,0,1
C0000060,66,69,6,85.99,basic,east,3,0.01819867167886414,0,0
C0000061,61,67,5,45.31,basic,west,1,0.8297351301666556,1,0
C0000062,65,11,5,34.04,basic,east,0,-0.556074882443045,1,0
C0000063,18,64,3,81.18,plus,west,1,2.126052062084349,0,0
C0000064,20,4,3,262.38,basic,north,1,-0.4868932563342287,0,0
C0000065,49,46,8,193.32,plus,south,0,0.1801237759471288,1,0
C0000066,38,71,6,18.55,premium,north,1,0.5916167236165749,1,0
C0000067,45,34,6,52.46,plus,north,0,1.1065168786370285,1,0
C0000068,75,37,4,23.82,basic,east,0,-0.8272897138289478,0,0
C0000069,30,53,2,46.62,basic,west,1,0.850733858031176,0,0
C0000070,50,61,2,48.12,basic,south,1,-0.5355073984399967,0,0
C0000071,38,63,2,70.28,premium,east,1,-2.106796865181488,0,0
C0000072,36,27,1,104.75,plus,south,0,-0.7886238996441365,0,0
C0000073,67,28,3,111.98,basic,west,0,0.30161272002197786,0,0
C0000074,27,68,1,69.57,premium,west,1,-0.052147959284097434,0,1
C0000075,37,40,4,73.39,basic,south,0,0.213040940132231,0,0
C0000076,25,43,5,46.29,plus,south,0,0.09008352444416157,1,0
C0000077,27,38,1,28.27,basic,east,1,-1.583509054151227,0,0
C0000078,35,54,6,11.44,basic,east,1,-1.2612844453284402,1,0
C0000079,61,1,4,34.76,plus,east,1,0.8206032363421117,0,0
C0000080,53,62,2,75.55,plus,north,2,-1.1053521244035496,0,0
C0000081,45,62,1,56.08,basic,south,1,-0.9710742352959628,0,0
C0000082,28,7,3,51.73,basic,west,1,1.1432066847394367,0,0
C0000083,67,60,4,18.93,basic,south,4,-0.14502878563749955,0,0
C0000084,67,59,6,30.7,basic,south,3,-0.2814350288785286,1,1
C0000085,32,63,2,52.45,basic,north,0,-0.06327197613095985,0,0
C0000086,21,1,5,77.4,premium,north,0,-0.15616987493013565,0,0
C0000087,37,13,6,11.93,premium,south,3,0.4810309111910032,1,0
C0000088,27,71,1,140.67,basic,east,0,0.19095838762761164,0,0
C0000089,67,17,2,54.06,basic,north,1,-1.2500962130527624,0,0
C0000090,50,39,5,90.99,plus,west,1,0.38446111549118145,1,0
C0000091,49,36,10,44.02,premium,east,1,-0.061017502368075106,1,1
C0000092,36,19,3,130.06,plus,north,0,0.41614517078831836,0,0
C0000093,49,22,3,155.89,plus,south,1,-0.7818183769256922,0,0
C0000094,77,7,5,67.25,premium,south,0,-0.695501234959444,1,1
C0000095,32,12,6,61.1,plus,east,2,0.044175791011792684,1,1
C0000096,65,66,7,145.13,basic,south,5,-0.024015976732771158,1,1
C0000097,18,1,4,90.19,basic,west,1,0.3352722880106774,0,0
C0000098,37,54,6,28.82,plus,south,3,1.490041232551164,1,1
C0000099,75,13,3,72.46,plus,north,0,0.4902579147095357,0,0
C0000100,72,17,2,20.93,basic,east,1,0.6866147812775901,0,0
C0000101,23,13,3,53.57,basic,south,1,0.8599972848018981,0,0
C0000102,70,16,4,40.56,basic,west,2,-2.0215246620162106,0,0
C0000103,70,36,7,12.55,basic,west,1,0.025737335329626007,1,0
C0000104,46,28,3,20.5,basic,east,2,-1.5631173934732077,0,0
C0000105,40,64,5,31.12,basic,east,1,1.356620103736259,1,0
C0000106,78,40,4,46.89,plus,west,0,-0.4182371523824472,0,0
C0000107,76,4,5,9.03,plus,west,1,0.836926810455201,1,0
C0000108,59,63,3,11.36,plus,east,1,0.288931851354013,0,0
C0000109,42,4,5,68.19,basic,east,1,1.0473658629709248,1,0
C0000110,31,30,2,102.43,basic,east,0,0.46547062995058663,0,0
C0000111,76,70,3,37.33,basic,east,3,0.20814458230780808,1,0
C0000112,34,71,5,59.74,basic,south,2,-1.1208104729694033,1,0
C0000113,52,1,1,87.24,basic,south,2,0.7677946546937762,0,0
C0000114,59,25,5,58.2,basic,south,1,-1.398569678613875,1,0
C0000115,32,14,3,77.71,plus,north,1,-0.5853857743606149,0,0
C0000116,37,48,3,16.57,basic,north,1,0.5119112627374605,0,0
C0000117,63,53,1,128.65,plus,west,0,0.18584237423306668,1,0
C0000118,30,69,1,60.38,plus,north,0,1.4952303787055843,0,0
C0000119,59,43,3,96.2,premium,east,0,0.8845105244243101,0,1
C0000120,76,5,4,15.15,plus,east,1,1.196502504144499,0,0
C0000121,60,30,4,11.16,plus,west,2,-1.1037894679683817,0,0
C0000122,58,69,2,62.99,plus,east,0,0.4628582115603681,0,0
C0000123,46,68,3,82.31,basic,west,1,-0.46977895795373126,0,0
C0000124,78,46,2,5.49,plus,north,2,-0.760280883450364,0,0
C0000125,31,8,1,39.07,plus,south,2,-0.5695205395235602,0,0
C0000126,40,64,2,80.75,plus,south,3,-1.6978200263002707,0,0
C0000127,57,42,4,14.2,basic,west,0,-0.020779839193059285,0,0
C0000128,58,50,6,49.64,premium,south,1,0.4524535339620546,1,1
C0000129,24,60,4,88.88,premium,west,1,1.621338691203802,0,1
C0000130,28,27,6,71.17,premium,north,4,-0.3869286488353271,1,0
C0000131,60,64,4,149.21,premium,south,0,-0.29641583747005734,0,1
C0000132,70,49,2,53.41,basic,east,1,-0.8187623448172565,0,0
C0000133,57,7,2,80.46,basic,east,0,1.302343005112788,0,0
C0000134,75,59,4,86.41,plus,east,1,-0.41010930528013223,0,0
C0000135,41,41,5,36.47,basic,east,0,-1.2204948956250772,1,0
C0000136,38,41,4,60.88,basic,east,2,-0.7198843920641764,0,0
C0000137,67,18,6,30.21,plus,north,1,0.9158459777235033,1,0
C0000138,20,61,6,30.94,basic,west,1,0.4539866141130216,0,0
C0000139,30,26,2,110.08,plus,west,0,-1.3548556178075342,0,0
C0000140,29,26,2,71.12,plus,east,0,1.0266323265173551,1,0
C0000141,42,9,6,60.69,basic,north,2,1.8454398804514642,1,1
C0000142,27,70,11,69.52,plus,east,0,-0.6410746441569775,1,0
C0000143,67,7,2,129.17,premium,north,1,1.0584908961456003,0,1
C0000144,70,48,2,9.22,plus,west,0,-0.04101655732274838,0,0
C0000145,41,70,2,29.92,premium,east,2,-0.6031590868418221,0,1
C0000146,19,64,7,82.39,basic,south,0,0.10378996335859568,1,1
C0000147,62,25,5,29.17,basic,east,0,-0.9527600351901176,1,0
C0000148,24,17,5,18.54,basic,south,2,0.2098155713115877,1,0
C0000149,55,34,3,24.87,basic,east,3,-0.2362698965484788,0,0
C0000150,28,52,5,12.85,basic,north,1,-0.32916767347530984,1,1
C0000151,76,49,7,39.66,basic,south,1,-0.20078288503581393,1,1
C0000152,60,13,3,46.89,basic,south,0,-0.6380840317971889,0,0
C0000153,79,65,2,25.61,basic,west,1,-1.5601241297959327,0,0
C0000154,56,11,4,82.2,basic,east,0,1.8832542272887625,0,0
C0000155,62,60,6,62.11,basic,east,1,0.45240339125671264,1,0
C0000156,41,20,2,39.8,plus,west,0,0.16392286546810186,0,0
C0000157,68,44,4,45.87,basic,north,0,0.3846289503657858,0,0
C0000158,25,45,2,41.58,basic,west,1,-0.2700069891463009,0,0
C0000159,27,68,6,63.63,basic,east,0,-0.021158167481989874,1,0
C0000160,40,32,6,46.4,basic,west,0,-0.42038891389302624,1,0
C0000161,62,19,5,43.21,basic,west,2,1.70863127100196,1,0
C0000162,48,50,3,89.25,basic,west,0,-0.3583915722848267,0,0
C0000163,70,59,3,25.55,premium,west,1,-0.6918678351846954,0,0
C0000164,76,32,6,38.23,plus,east,0,2.285013070859426,1,0
C0000165,42,6,2,89.6,plus,west,1,-2.292022920639995,0,0
C0000166,44,54,5,85.56,plus,west,1,2.2002370361079167,1,0
C0000167,52,53,2,147.06,plus,south,1,-0.4719434414328524,0,0
C0000168,58,4,6,51.13,premium,east,0,-1.205682038493259,1,1
C0000169,47,54,4,222.56,plus,north,0,-1.5253659329194293,0,0
C0000170,55,49,3,60.65,basic,east,1,-0.43403158758673777,0,0
C0000171,77,50,2,3.46,basic,west,1,1.0764276594627702,0,0
C0000172,63,18,5,137.54,plus,north,0,-0.8494838362840521,1,0
C0000173,37,47,3,31.25,plus,east,1,-0.12276807431944985,0,0
C0000174,44,47,3,7.55,basic,west,3,0.12943711794851134,0,0
C0000175,42,70,7,110.22,basic,west,0,-0.5848707739673366,1,1
C0000176,27,4,8,62.71,plus,west,3,-0.46553558513376436,1,0
C0000177,18,14,3,112.4,plus,east,2,-0.4466583189812078,1,0
C0000178,67,2,3,31.4,premium,east,1,-0.727034063656181,0,1
C0000179,44,36,8,50.71,basic,north,0,-1.4164803146735956,1,0
C0000180,39,56,6,43.13,plus,west,1,2.1608626053113738,1,1
C0000181,57,22,7,103.47,basic,east,0,-0.3605665422122825,1,0
C0000182,52,37,5,14.75,basic,east,0,0.16054350827165417,1,0
C0000183,75,34,6,16.63,plus,east,0,-0.8887892143885432,1,1
C0000184,56,28,4,136.34,plus,south,0,-0.508605987701301,1,0
C0000185,75,55,3,23.07,basic,west,1,-1.455264459183103,0,0
C0000186,53,46,4,56.07,plus,west,0,-1.9050518134648773,0,0
C0000187,38,57,2,67.17,basic,east,0,-1.4760712924146684,0,0
C0000188,38,16,7,40.96,basic,south,0,-0.850394669307226,1,1
C0000189,79,33,7,81.01,basic,east,1,1.132150136012043,1,1
C0000190,54,14,2,44.11,premium,south,1,0.9195731916096171,0,0
C0000191,29,7,1,131.96,basic,west,1,0.5511624286505924,0,0
C0000192,69,1,5,24.02,premium,east,0,-0.8751561119057469,1,0
C0000193,69,14,2,34.38,plus,west,1,-0.22043006629770776,0,0
C0000194,18,6,2,46.41,basic,east,4,1.954231399976418,0,0
C0000195,27,45,2,6.5,premium,south,2,-1.0532433040231557,0,1
C0000196,60,17,2,27.78,plus,west,3,1.037422780914048,0,0
C0000197,43,47,6,62.02,basic,north,0,-1.4614195583830154,0,0
C0000198,39,53,1,57.11,basic,west,1,-0.7049126320769091,0,0
C0000199,22,57,5,139.14,premium,north,0,-2.648602568994877,1,0
C0000200,29,5,3,41.17,plus,west,3,-0.6281516109546162,0,0
C0000201,71,28,3,145.05,plus,west,3,-0.0023272691017738006,0,0
C0000202,69,10,5,26.5,plus,west,3,1.3815348970998804,1,0
C0000203,69,43,1,34.66,premium,east,0,-3.0308610891143117,0,1
C0000204,53,60,2,109.8,plus,north,0,-1.395667204331188,0,1
C0000205,26,21,1,41.64,basic,east,0,0.7377317229943157,0,0
C0000206,37,70,5,72.05,plus,west,1,0.05867486523528698,1,0
C0000207,50,54,6,73.33,plus,west,0,0.15719675831604657,1,0
C0000208,79,46,3,35.32,basic,east,1,-0.6744538929458592,0,0
C0000209,34,9,6,18.98,plus,east,2,-0.5090218966905429,1,0
C0000210,52,1,9,152.49,premium,east,2,-1.102231835943986,1,1
C0000211,48,29,4,86.29,basic,north,1,-0.9083011826013684,0,0
C0000212,49,1,1,26.49,plus,west,1,0.4348651370678665,0,0
C0000213,52,63,4,58.62,plus,north,1,0.7154405531701351,0,0
C0000214,61,35,6,36.72,basic,north,2,-1.0038959905221752,1,0
C0000215,24,49,4,127.25,premium,south,2,-0.288021839327741,0,0
C0000216,78,1,7,31.32,basic,west,1,1.561104874298792,1,0
C0000217,71,37,1,32.87,basic,west,1,2.3309773078794307,0,0
C0000218,65,41,4,30.05,plus,south,0,-2.5836478964204406,0,0
C0000219,35,35,7,74.25,basic,north,0,0.439820336097771,1,0
C0000220,45,27,4,42.67,basic,north,0,0.5698571052849036,0,0
C0000221,45,9,3,88.28,basic,north,1,2.177801511403462,0,0
C0000222,37,46,4,50.14,plus,south,1,0.7585882556720556,0,0
C0000223,21,4,6,53.1,plus,south,0,0.8557271472815513,1,0
C0000224,64,71,4,66.44,premium,west,0,0.24795826852320554,0,0
C0000225,18,63,4,47.82,basic,east,1,-0.5007612844453196,1,0
C0000226,65,5,3,85.31,plus,west,2,-0.6708087997756297,0,0
C0000227,30,16,6,10.27,basic,north,3,0.4965303072991342,1,0
C0000228,57,3,6,90.17,premium,south,1,1.1560847534611172,1,1
C0000229,39,43,3,104.06,plus,south,0,-0.5705828865576973,0,0
C0000230,32,59,5,48.52,plus,east,2,0.915018438030387,1,0
C0000231,75,16,1,37.85,plus,east,1,0.4681482195152398,0,0
C0000232,47,47,4,16.71,basic,north,0,-0.6923663062137569,0,0
C0000233,73,68,5,14.04,plus,south,3,0.7890945755587768,1,0
C0000234,29,71,2,22.66,plus,east,1,-1.3059854019973547,0,0
C0000235,47,40,1,30.89,plus,west,0,0.7394944522986043,0,0
C0000236,39,9,4,13.73,basic,north,0,0.353187121416355,0,0
C0000237,46,20,5,9.87,plus,west,1,0.27722984487899904,0,0
C0000238,18,52,1,29.97,basic,south,1,-2.894261338430662,0,0
C0000239,59,45,2,99.56,basic,east,1,0.8975138325038736,0,0
C0000240,39,51,3,88.32,basic,east,0,-0.6502333106789112,0,0
C0000241,71,25,4,22.95,plus,south,0,-0.11400812784178833,0,0
C0000242,31,65,3,16.35,premium,east,1,-0.31098158693147776,0,1
C0000243,38,15,5,57.76,basic,north,1,0.28225372324981374,1,0
C0000244,20,35,3,93.88,basic,south,0,0.469271644601782,0,0
C0000245,67,10,6,17.18,basic,south,2,1.8690554285590641,1,0
C0000246,51,25,2,63.36,basic,south,1,1.0492113570994637,0,0
C0000247,42,23,5,240.3,plus,east,0,0.7444224647182132,1,0
C0000248,74,23,1,54.41,premium,north,0,1.3767508519527498,0,1
C0000249,54,70,6,48.51,basic,west,0,-0.18909721257738535,1,0
C0000250,77,63,4,60.09,premium,east,2,-1.0746602760654036,1,0
C0000251,63,34,1,78.21,premium,north,0,0.9683603104121177,0,1
C0000252,54,31,4,39.12,premium,east,0,0.7182703616386424,0,1
C0000253,49,30,6,35.67,basic,west,0,0.9544312325445627,1,0
C0000254,30,61,2,3.33,premium,west,0,-0.23459777084726444,0,0
C0000255,60,32,9,37.98,premium,west,1,-0.677021663467112,1,0
C0000256,67,20,3,52.58,plus,east,1,-1.0201481672348116,0,0
C0000257,61,6,4,12.36,plus,south,2,-0.6292394504622711,0,0
C0000258,43,54,3,52.65,basic,north,0,0.2281372150407138,0,0
C0000259,18,63,3,36.36,basic,north,2,2.018522453076195,0,0
C0000260,63,26,5,9.68,plus,east,0,-2.2383837519307246,1,0
C0000261,20,46,7,146.31,plus,west,2,-1.8975393338919424,1,0
C0000262,67,32,2,52.56,basic,east,2,-0.6292702682098096,0,0
C0000263,27,26,5,94.67,plus,north,1,-0.7500602411388442,1,0
C0000264,37,18,3,19.31,plus,west,1,-1.112037447522524,0,0
C0000265,31,30,7,143.17,plus,west,1,-0.840247537807889,0,1
C0000266,51,17,2,20.0,basic,west,4,0.33024637468840196,0,0
C0000267,30,62,4,86.95,premium,west,0,-0.05853066383553723,0,0
C0000268,34,23,5,100.99,basic,south,3,0.14850692613732372,1,0
C0000269,21,43,2,7.13,basic,north,1,0.5995717360305073,0,1
C0000270,78,42,6,24.74,plus,south,2,-0.6567917031993199,0,0
C0000271,31,24,5,21.89,premium,north,2,-0.9265908290708502,1,0
C0000272,29,33,5,27.31,basic,south,0,0.028710618402896404,1,0
C0000273,55,11,5,43.08,premium,east,1,0.11069999848765764,1,1
C0000274,26,26,2,46.09,plus,east,0,1.9694323934196185,0,0
C0000275,72,70,5,31.16,basic,west,0,-0.06691192208328633,1,0
C0000276,66,62,4,34.33,plus,west,2,-1.0263333990880132,0,0
C0000277,39,40,3,63.85,premium,north,3,1.2092430513912273,0,1
C0000278,42,31,1,164.56,plus,west,0,0.783286903857912,0,0
C0000279,40,49,7,20.68,basic,west,2,1.8593133955792827,0,0
C0000280,63,54,3,34.94,premium,west,1,0.2640810661374041,0,0
C0000281,43,30,5,48.12,premium,north,1,-1.02384086345608,1,1
C0000282,35,24,7,93.82,basic,west,2,-1.549087966825801,0,0
C0000283,60,27,5,104.31,basic,west,0,0.6434219063441393,1,0
C0000284,26,7,1,47.89,plus,north,1,0.3302398017890626,0,0
C0000285,66,17,8,45.29,basic,north,3,1.085902869073104,1,0
C0000286,44,33,3,93.37,plus,east,0,-0.2687842654468493,0,0
C0000287,76,36,1,32.63,basic,south,0,-0.7585584163486206,0,0
C0000288,34,34,1,32.44,basic,south,0,0.45462235885847524,0,0
C0000289,41,60,5,93.83,plus,south,1,0.20932968790169662,1,0
C0000290,72,3,3,177.25,plus,east,1,1.5164326670845534,0,0
C0000291,61,3,3,114.48,plus,west,0,0.8029947948386859,1,0
C0000292,20,7,5,37.21,basic,west,0,-0.016189747677772728,1,0
C0000293,39,40,4,32.78,premium,east,2,0.2177087013487906,0,0
C0000294,19,42,5,62.4,plus,south,0,-0.6704525450338589,1,0
C0000295,69,40,4,22.22,basic,west,0,1.1120950324154553,0,0
C0000296,43,20,3,307.21,basic,north,0,-0.29464880972566115,0,0
C0000297,32,12,3,92.96,plus,north,1,0.6853474233550885,0,0
C0000298,62,14,4,54.68,premium,north,0,1.6723275216871378,0,0
C0000299,72,4,1,77.13,basic,north,0,-0.24909130412151054,0,0
C0000300,24,9,4,47.1,basic,east,0,0.33277275109749876,0,0
C0000301,49,40,2,42.39,plus,west,2,-0.9442581180575481,0,0
C0000302,40,57,3,35.24,plus,west,0,0.6683734071053137,0,0
C0000303,62,31,4,68.55,basic,south,1,-0.41137521905351104,0,0
C0000304,75,40,3,43.32,plus,south,2,0.6452982198447502,0,0
C0000305,51,54,2,16.94,premium,west,0,0.38905337726899114,0,1
C0000306,64,9,4,70.07,basic,north,1,0.09034127605928172,0,0
C0000307,37,42,2,67.07,basic,west,1,-0.28728863312193054,0,0
C0000308,53,55,6,37.8,basic,south,2,0.22820530927791588,0,0
C0000309,48,28,2,28.05,plus,west,0,0.5231653550976003,0,0
C0000310,63,13,5,32.96,plus,south,0,1.7756434001515313,1,0
C0000311,21,44,3,9.38,basic,south,3,-1.1553805605847327,0,1
C0000312,32,2,3,55.43,plus,south,2,-0.2068414430836955,0,0
C0000313,20,45,3,97.07,plus,west,1,-1.141376231085465,0,0
C0000314,78,29,2,33.02,basic,south,1,1.3796174566247126,0,0
C0000315,50,21,9,81.99,plus,east,1,-0.4248732393937196,1,0
C0000316,48,60,3,39.74,plus,north,0,-0.46540187706461816,0,0
C0000317,47,18,3,51.29,basic,north,1,-0.21431001125054217,1,1
C0000318,20,48,1,38.86,basic,east,3,1.9746647510912336,0,0
C0000319,69,63,6,46.48,premium,north,0,1.5043044787534419,0,0
C0000320,70,46,2,51.43,premium,north,0,1.2434146039302687,1,0
C0000321,19,39,1,25.24,plus,north,1,0.9513188908560455,0,0
C0000322,56,11,2,46.9,basic,west,1,-0.29044813733145997,0,0
C0000323,52,21,4,40.37,basic,south,1,1.0088092956858117,0,0
C0000324,41,45,4,49.9,basic,west,4,1.4800347255863453,0,0
C0000325,48,63,9,41.05,plus,west,0,-0.9422439913479334,1,0
C0000326,72,50,3,84.87,basic,north,0,-1.4502606125714985,0,0
C0000327,55,27,3,23.6,basic,north,0,0.7248851836112938,0,0
C0000328,48,12,6,39.51,basic,north,1,0.17909571234087718,1,1
C0000329,63,12,3,36.88,premium,west,1,1.5965296892773306,0,1
C0000330,60,46,3,17.43,basic,east,0,-0.1169627476347683,0,0
C0000331,50,16,5,49.79,basic,east,1,-0.012959971563246894,1,0
C0000332,69,39,3,28.12,plus,west,0,1.085197475149764,0,0
C0000333,52,21,5,60.09,plus,east,1,-0.758302682488345,1,0
C0000334,56,19,6,92.81,premium,south,1,-1.3521969475172053,1,1
C0000335,48,53,6,123.39,basic,east,2,-0.7823223853844391,1,0
C0000336,54,17,4,59.77,basic,north,0,-0.34704761768605885,0,0
C0000337,56,20,3,12.0,basic,west,0,0.7221280240940291,0,0
C0000338,73,44,3,101.65,basic,north,0,-0.3322343115153899,0,0
C0000339,33,66,5,41.72,plus,south,0,-1.413327479334045,1,0
C0000340,40,55,4,28.67,basic,north,2,-0.03269541178407931,0,0
C0000341,52,9,6,204.13,plus,south,0,1.4057070993098526,1,0
C0000342,38,56,3,175.79,plus,south,2,0.9005226238294368,0,0
C0000343,59,30,7,33.67,premium,east,0,0.8174678363399183,1,0
C0000344,69,53,6,36.7,plus,south,1,0.05611563341317098,1,0
C0000345,29,51,6,32.03,basic,west,1,0.09162854782138334,0,0
C0000346,21,54,3,215.04,plus,east,2,0.022764150085926502,0,0
C0000347,79,70,4,12.83,basic,west,0,-0.6833791095172868,0,0
C0000348,49,22,2,55.1,basic,east,1,0.7832762317455219,1,0
C0000349,64,59,5,47.02,plus,south,1,0.897597653251697,1,0
C0000350,65,18,3,14.9,premium,north,0,0.18651011102280837,0,1
C0000351,77,26,4,52.01,basic,west,0,0.3734245145785656,0,0
C0000352,19,47,1,62.24,basic,north,1,1.6952280436838885,0,0
C0000353,36,23,5,73.63,basic,east,2,1.642382317712177,1,0
C0000354,78,44,4,20.71,premium,east,0,1.265574334332629,0,0
C0000355,45,2,10,64.73,plus,north,1,2.9305867570352038,1,1
C0000356,42,61,5,154.67,plus,north,1,0.5910797882593142,1,0
C0000357,34,13,5,61.68,premium,north,2,1.8891762437191943,0,0
C0000358,19,60,4,32.95,basic,north,1,1.1661815818517103,0,0
C0000359,20,8,8,54.37,basic,south,0,-0.8341478750000964,1,1
C0000360,78,9,6,47.09,plus,east,1,-0.7405348109451806,1,0
C0000361,19,48,5,46.07,basic,south,1,-0.058793313158867266,1,0
C0000362,26,6,2,93.66,premium,west,1,0.5066565605931713,0,0
C0000363,33,4,4,12.45,basic,west,1,-0.6464918834900668,0,0
C0000364,35,2,5,43.97,premium,north,1,0.5057239816954995,1,1
C0000365,71,4,1,74.87,plus,north,3,-0.26965192213552486,1,0
C0000366,38,36,5,137.17,plus,west,1,-0.613659122049585,0,0
C0000367,28,55,3,77.07,plus,east,0,-0.687111367389291,0,0
C0000368,42,29,1,135.8,basic,west,0,-0.4210220508659091,0,0
C0000369,60,4,5,120.46,premium,south,1,-1.139020842100684,1,1
C0000370,45,15,9,92.1,premium,south,2,-0.05299619020706998,1,0
C0000371,33,42,3,89.94,basic,west,1,0.36811737830601277,0,0
C0000372,25,55,7,73.58,plus,west,0,-0.14702029700289157,1,0
C0000373,22,4,3,58.73,basic,north,0,1.0128515098712145,0,0
C0000374,48,64,3,17.62,plus,west,1,-0.392422822917666,0,0
C0000375,29,32,4,31.45,basic,west,0,0.4613098252052221,0,0
C0000376,54,61,5,173.64,plus,west,0,0.6891602378352737,1,0
C0000377,60,71,4,59.81,plus,north,0,-0.5185005089110337,1,0
C0000378,41,38,9,57.89,basic,east,1,0.8655960029350461,1,1
C0000379,49,22,4,37.71,plus,north,1,-0.11850765900483606,0,0
C0000380,21,42,6,48.59,plus,east,2,-1.2878455533739832,1,1
C0000381,52,70,3,63.58,basic,north,2,0.4032723500682769,1,0
C0000382,29,46,3,28.55,basic,west,1,-0.9067706522278368,0,0
C0000383,46,43,5,37.74,basic,north,2,-0.6544309598981181,1,0
C0000384,24,32,1,165.71,premium,north,0,0.03137670416821119,1,0
C0000385,35,56,4,7.04,premium,north,1,-0.6875666598113354,0,0
C0000386,43,48,5,101.95,premium,west,0,0.9308204787872751,1,1
C0000387,48,20,7,49.77,basic,north,1,0.7035339044046579,1,0
C0000388,19,21,5,135.0,basic,north,1,0.2706095674265684,1,0
C0000389,75,40,5,182.61,plus,north,2,0.2535277137120093,0,0
C0000390,44,56,4,119.98,premium,south,1,1.5545360123642031,0,0
C0000391,30,26,5,50.87,plus,east,0,-1.919453014225902,1,0
C0000392,30,48,3,61.14,basic,north,0,0.04473499012711601,0,0
C0000393,63,12,2,37.13,basic,south,2,-1.1205836996261627,0,0
C0000394,45,10,4,164.63,plus,north,0,-2.4980548635385014,0,0
C0000395,33,65,4,73.16,basic,west,1,-0.2717967448719736,0,0
C0000396,45,28,3,88.0,plus,north,1,0.01964942749781387,0,0
C0000397,29,71,3,84.96,basic,west,0,0.9155442176098386,0,0
C0000398,28,50,5,19.48,basic,north,0,-1.2548334465639503,0,0
C0000399,38,27,5,19.85,premium,west,0,0.06621557962318275,1,0
C0000400,77,22,4,16.53,basic,south,0,-1.35070343996873,0,1
C0000401,23,21,3,85.73,basic,south,1,0.29994631227553226,1,0
C0000402,51,47,4,37.17,plus,south,3,-0.1465971166375036,0,0
C0000403,75,51,5,75.73,plus,north,0,0.8956821453364705,1,0
C0000404,46,67,6,94.35,plus,east,1,-0.008548124378191387,1,1
C0000405,40,5,1,44.65,premium,south,1,0.12570449072773276,0,1
C0000406,52,9,3,27.62,basic,east,2,0.7922096660762993,0,0
C0000407,28,11,7,74.11,plus,north,3,1.4986213104846582,0,0
C0000408,61,3,4,13.82,premium,west,3,0.3830778320654336,0,1
C0000409,18,4,1,101.77,plus,north,0,0.860681045067065,0,0
C0000410,53,65,5,116.11,premium,north,2,-1.1366349530687734,1,0
C0000411,21,45,3,23.67,basic,west,0,-0.6281520104401361,0,0
C0000412,19,68,2,107.11,basic,east,1,1.1469711507739857,0,0
C0000413,31,67,6,96.09,basic,north,0,-0.20777235747037723,0,0
C0000414,62,46,6,21.03,premium,west,0,-0.8754019957703179,1,1
C0000415,43,39,2,81.8,plus,west,1,-2.412644442935308,0,0
C0000416,44,8,6,48.58,basic,west,2,-0.30143238868448136,1,0
C0000417,55,4,5,48.0,basic,east,3,-0.25813906674331766,1,0
C0000418,22,7,4,69.97,plus,west,0,0.403361439951927,0,0
C0000419,78,38,4,85.05,premium,south,0,0.4182296353247568,0,1
C0000420,48,52,5,21.28,basic,west,1,2.3755044251608077,1,0
C0000421,73,58,2,31.0,basic,west,0,-0.9174664872101381,1,0
C0000422,64,20,3,86.97,basic,south,1,0.7346527339798825,0,0
C0000423,33,11,5,70.05,plus,south,1,0.3273985569360809,1,0
C0000424,36,48,4,44.19,basic,south,1,1.9422045437338176,0,0
C0000425,55,27,1,11.88,premium,south,3,0.2600791050964893,0,0
C0000426,70,46,3,42.55,basic,north,1,-0.1798245647663713,0,0
C0000427,75,32,2,37.1,basic,east,1,-1.3912951222150256,0,0
C0000428,48,10,6,128.59,plus,east,1,-0.14644113653832608,1,0
C0000429,24,28,7,101.36,basic,west,2,0.9431186112181236,0,0
C0000430,79,46,1,58.83,basic,north,3,0.8758110087163506,0,0
C0000431,70,71,6,22.78,basic,south,0,1.485731386499977,1,0
C0000432,62,50,4,47.47,basic,west,2,0.1001385698173621,0,0
C0000433,42,51,4,100.63,basic,east,1,-0.11197565386053529,0,0
C0000434,26,47,3,71.05,basic,south,0,0.9350697082353889,0,0
C0000435,66,43,2,159.88,premium,west,1,0.37007965095784473,0,1
C0000436,30,21,6,80.34,basic,east,2,0.19678093130552968,1,0
C0000437,38,7,4,62.3,basic,west,2,-0.19682283106810627,0,1
C0000438,71,44,6,107.37,plus,south,2,1.6803159639282605,1,1
C0000439,56,20,4,17.15,plus,north,3,0.6591100572935908,1,0
C0000440,36,62,2,35.44,plus,east,1,-1.0332387117660287,0,0
C0000441,49,27,3,51.34,basic,east,1,-1.785554652350952,0,0
C0000442,55,13,4,25.59,premium,west,1,0.23285096440561298,1,1
C0000443,24,37,8,0.87,basic,north,3,-0.6011430241072843,1,0
C0000444,34,3,3,54.54,premium,east,1,-1.5139843317747401,0,0
C0000445,65,37,5,41.84,basic,north,2,-0.08298465701433579,1,0
C0000446,56,51,1,69.58,basic,east,1,0.7527727339651522,0,0
C0000447,69,34,3,7.54,plus,west,2,-0.919106917552849,0,0
C0000448,63,3,1,43.29,basic,east,1,-1.9119310790063058,0,0
C0000449,47,50,3,150.03,basic,west,0,-0.47357592298335666,0,0
C0000450,36,70,1,32.86,plus,west,0,-0.8948176403866678,0,0
C0000451,42,33,4,136.73,basic,north,2,0.7968233809776921,0,0
C0000452,30,22,4,51.72,plus,east,2,0.8248979200891755,0,0
C0000453,76,30,3,55.5,plus,north,1,0.3742361650666844,0,0
C0000454,19,9,8,43.83,basic,north,0,-1.1489850370035752,1,0
C0000455,41,8,5,35.62,basic,south,0,1.26875883238295,1,0
C0000456,22,42,3,80.91,basic,west,1,-2.2976263597694504,0,0
C0000457,72,66,2,71.11,premium,east,3,-0.6470083524578784,0,1
C0000458,58,41,4,62.88,premium,north,1,0.2603084245848511,0,0
C0000459,43,43,4,69.05,plus,east,1,-0.5874415947647798,0,0
C0000460,67,66,2,36.11,premium,south,2,-0.4976119181058976,0,1
C0000461,41,7,7,14.88,plus,south,1,0.6746240911207478,1,0
C0000462,46,59,2,31.41,basic,north,0,0.8751455651206037,0,0
C0000463,40,19,4,14.99,basic,south,1,0.42766108683174725,0,0
C0000464,65,20,1,69.35,plus,east,4,-0.24991093207589946,0,0
C0000465,21,44,5,44.03,basic,west,5,-0.44558921750608493,1,0
C0000466,51,62,1,28.47,plus,east,0,-0.33907741476701675,0,0
C0000467,35,44,5,53.88,basic,north,1,0.7898320384935851,1,0
C0000468,78,30,3,91.79,basic,south,0,2.4544774050218896,0,0
C0000469,32,2,5,14.21,basic,south,1,2.169742935228929,1,0
C0000470,42,71,7,84.66,basic,east,0,-0.6255019405775609,1,0
C0000471,21,66,5,95.67,basic,south,0,-0.8752427409775794,1,0
C0000472,48,35,1,35.83,premium,north,1,0.727461632336147,0,1
C0000473,51,22,6,35.92,basic,north,1,0.6615381401368644,1,0
C0000474,64,4,4,4.16,plus,north,1,-0.8760125895298874,0,0
C0000475,45,64,6,30.14,premium,north,0,-0.6250908796565,1,0
C0000476,33,8,4,26.75,basic,east,1,0.44906759289326104,0,0
C0000477,19,61,2,20.07,premium,west,1,-1.6489886250968504,1,1
C0000478,74,20,4,83.55,premium,south,2,0.4417370774179765,0,1
C0000479,27,66,4,144.81,plus,south,0,-1.2341389145031503,0,0
C0000480,65,4,4,49.74,basic,west,0,1.2524793136170245,0,0
C0000481,74,13,5,5.29,basic,north,0,1.5914226020522837,1,0
C0000482,38,53,6,29.24,premium,east,0,-0.7433734467614163,1,1
C0000483,26,43,5,83.47,plus,east,1,0.37878768700528187,1,0
C0000484,61,20,3,37.09,plus,north,2,-1.6371065442271535,0,0
C0000485,41,16,5,104.89,plus,north,2,-0.636924281433042,1,0
C0000486,20,21,5,74.2,basic,west,0,0.31656167868599,1,0
C0000487,76,50,5,11.17,basic,north,0,0.6350380923394761,1,0
C0000488,74,30,5,76.84,basic,north,0,1.5395544193318078,1,0
C0000489,25,59,3,67.37,basic,south,1,1.8021501935889925,0,1
C0000490,63,35,4,18.07,plus,north,0,0.5367294920780844,0,0
C0000491,43,31,5,106.23,basic,south,0,-0.49900686749728557,1,0
C0000492,22,1,3,40.95,basic,south,0,2.245817965718613,0,0
C0000493,67,20,0,68.37,plus,west,2,-1.6681995570021457,0,0
C0000494,70,43,5,28.2,basic,east,2,1.9227842610023047,1,0
C0000495,19,2,7,30.46,plus,north,2,-0.5189853056349647,1,0
C0000496,24,6,5,35.1,basic,north,2,-1.9371732597844185,1,0
C0000497,22,68,2,75.93,basic,east,1,-0.8844345154136378,0,0
C0000498,77,68,3,90.06,plus,east,1,0.36311675203506755,0,0
C0000499,75,3,6,1.04,plus,east,0,-1.351869110650993,1,1
C0000500,69,24,6,25.17,basic,east,0,-0.3797997084650767,1,0
C0000501,60,48,4,12.31,premium,east,0,0.04672596776284348,1,0
C0000502,23,26,5,170.31,plus,south,4,0.16542004453905546,1,0
C0000503,34,61,3,15.52,plus,north,2,0.12404939008955795,1,0
C0000504,50,5,3,24.76,basic,north,1,1.1120432344799487,0,0
C0000505,47,25,4,63.2,basic,west,1,-0.3467759810471411,0,0
C0000506,24,52,4,77.99,basic,south,2,0.7928811614229351,0,0
C0000507,33,13,3,49.86,basic,east,1,-0.27068517725287466,1,1
C0000508,61,3,4,27.99,basic,south,2,0.16098900292913218,0,0
C0000509,73,26,5,21.19,basic,north,0,1.9636487541277134,1,0
C0000510,24,43,3,25.46,premium,north,0,-1.2164096567899,0,0
C0000511,76,49,2,76.78,basic,east,1,-1.1364307276242074,0,0
C0000512,37,49,7,142.22,premium,south,1,-0.8090731315010008,1,0
C0000513,22,65,3,79.7,plus,south,0,0.4010382931560163,1,0
C0000514,74,4,2,69.65,premium,south,2,-0.8093071873021064,0,0
C0000515,50,22,3,86.64,plus,south,2,0.09376916725926382,0,1
C0000516,59,22,3,76.71,basic,south,3,1.0615573148492365,0,0
C0000517,29,34,1,43.78,basic,east,0,0.8486170384994554,1,0
C0000518,74,35,5,24.48,plus,south,0,0.30404334744066874,1,0
C0000519,43,35,1,139.18,plus,north,0,-0.3552376863651123,0,0
C0000520,41,30,2,13.58,basic,south,1,-0.38509692556337005,0,0
C0000521,63,13,2,69.77,basic,south,1,0.7852075555587548,0,0
C0000522,64,53,5,28.27,plus,west,0,0.8895736852150019,1,0
C0000523,62,7,3,16.66,basic,east,1,1.9508470430262628,0,0
C0000524,32,48,3,54.73,basic,west,0,-1.1302837209532326,0,0
C0000525,29,50,1,103.64,basic,east,1,-0.006015215440139985,0,0
C0000526,53,23,4,50.76,premium,north,1,-1.5811212676913566,0,0
C0000527,38,23,2,39.77,basic,north,0,-0.8170989202780835,0,0
C0000528,20,27,4,141.42,plus,south,3,-0.6838355779761489,0,0
C0000529,44,4,6,70.98,basic,west,2,2.1866190760584363,1,0
C0000530,66,36,5,60.21,plus,west,1,0.03230914086309906,1,0
C0000531,41,25,3,59.94,basic,east,0,0.19338101217442108,1,0
C0000532,43,51,2,52.37,basic,west,1,-0.8849688220135696,0,0
C0000533,60,13,6,52.86,premium,west,1,0.4039329313810156,1,1
C0000534,78,30,5,20.58,basic,west,1,1.4614772282033581,1,0
C0000535,66,18,4,89.8,premium,east,0,0.15225634031135624,0,0
C0000536,27,67,5,84.21,plus,east,0,0.741371196910989,1,0
C0000537,38,15,8,37.61,premium,east,1,0.6108026001675285,1,0
C0000538,51,47,7,138.9,basic,south,1,-0.8873277253081492,1,0
C0000539,45,46,3,50.07,basic,west,1,-1.7954322490235026,0,0
C0000540,32,38,5,57.7,plus,west,0,-0.5824406711186152,1,0
C0000541,22,25,3,96.19,basic,north,1,-1.6280947843146778,0,0
C0000542,58,12,2,49.75,basic,north,1,-0.09116023417810051,0,0
C0000543,40,24,6,22.38,basic,south,1,-0.4648681773592739,1,0
C0000544,37,48,3,22.62,plus,east,4,-0.5117747593116388,0,0
C0000545,76,52,3,13.8,basic,east,1,-0.0008459393183333112,0,0
C0000546,69,35,5,61.84,premium,south,0,-0.6890935546491587,1,0
C0000547,49,31,5,70.97,basic,west,1,-1.3768476324455319,1,0
C0000548,74,67,3,290.32,premium,west,1,0.48224223806209,0,1
C0000549,52,46,2,38.45,basic,west,1,-0.9615782672383278,0,0
C0000550,74,43,6,89.27,premium,north,0,-0.1688920929689282,1,0
C0000551,55,54,7,125.0,basic,west,2,-0.4802365474054881,1,0
C0000552,39,11,5,112.76,basic,south,0,0.34373905946609573,1,0
C0000553,53,4,4,55.87,plus,south,2,-0.10016267926573716,0,0
C0000554,61,2,8,26.08,premium,north,1,0.1385002769122809,1,1
C0000555,67,57,5,135.35,plus,west,0,-0.8256372898817637,1,0
C0000556,78,34,7,81.78,basic,north,2,-0.9903673514392983,1,0
C0000557,34,53,1,14.86,plus,south,0,-0.6693705748307053,0,0
C0000558,24,70,6,29.96,basic,west,1,0.13874254827104512,1,0
C0000559,37,64,3,47.18,plus,west,0,2.6343476472460914,0,0
C0000560,53,29,7,36.45,premium,north,1,-0.5287542142643016,1,1
C0000561,72,36,5,82.81,basic,north,0,3.3245504332289855,1,0
C0000562,74,48,9,36.2,basic,north,1,0.09814896181004783,1,0
C0000563,48,47,6,43.57,plus,south,4,1.30025530960105,1,0
C0000564,20,2,6,134.15,premium,west,1,-0.5089761309717641,0,1
C0000565,77,15,5,117.77,plus,south,1,1.2599399556074398,1,0
C0000566,32,71,6,48.8,basic,north,0,-1.6572999660461778,1,0
C0000567,26,21,4,23.38,basic,east,1,0.4009026453291829,0,0
C0000568,31,36,6,30.47,premium,south,1,-0.01296876409778267,1,1
C0000569,66,6,6,135.27,basic,east,2,-0.25930114316919106,1,1
C0000570,51,40,6,42.66,plus,east,0,0.5444729485432018,1,0
C0000571,47,2,2,112.83,basic,south,2,1.5245941637074019,0,0
C0000572,39,19,3,75.92,basic,west,1,-1.8745104986888368,0,0
C0000573,47,16,8,172.05,plus,north,0,1.2377096176562659,1,1
C0000574,62,31,6,86.55,plus,west,0,-1.1347345835836007,1,0
C0000575,72,18,3,43.04,basic,west,1,0.6340543859148159,0,0
C0000576,76,12,2,96.53,basic,north,1,-0.09563414360500451,0,0
C0000577,26,18,2,33.75,plus,west,1,-1.1280266848121225,0,0
C0000578,63,11,1,11.02,plus,west,2,0.6901901403664293,0,0
C0000579,49,1,1,105.79,plus,south,1,1.090691877113702,0,0
C0000580,41,50,5,81.83,basic,east,2,1.0571997691365673,0,0
C0000581,33,1,6,84.66,premium,south,2,0.9740741673434369,1,0
C0000582,22,44,1,9.42,basic,east,1,-0.45283542586109515,0,0
C0000583,39,70,5,52.87,premium,west,0,-0.14687780404339373,1,1
C0000584,32,23,4,116.45,basic,north,1,0.34649429257177733,0,0
C0000585,68,53,9,100.03,plus,east,1,-0.11812589867793269,1,0
C0000586,73,31,2,5.95,basic,north,0,1.4145621775943882,0,0
C0000587,42,22,6,160.12,premium,north,1,0.7391951260505956,1,1
C0000588,42,62,5,43.22,basic,south,0,-0.11985090781896701,1,0
C0000589,66,13,4,49.62,plus,north,2,-1.2748636240669335,0,0
C0000590,27,32,5,67.03,basic,south,1,1.3426199816841142,1,0
C0000591,18,17,3,125.26,basic,east,0,-0.44186923058036787,0,0
C0000592,30,10,4,24.53,basic,north,1,0.9208256699006402,0,0
C0000593,79,21,1,148.9,plus,east,1,0.8876538427520139,0,0
C0000594,45,52,2,64.4,plus,east,4,-0.17346252462993975,1,0
C0000595,77,1,0,13.04,plus,south,1,-0.5980551653773928,0,0
C0000596,20,33,4,58.8,premium,north,1,-1.8602668582688344,0,0
C0000597,60,44,2,109.96,premium,south,3,0.12048730548731927,0,0
C0000598,34,31,5,33.53,premium,east,1,-0.08416365929484099,1,0
C0000599,30,24,3,44.12,plus,south,1,-0.6785548124804631,1,0
C0000600,57,26,1,136.69,plus,south,0,0.4629162742912087,0,0
C0000601,58,10,2,32.62,plus,south,1,-1.343465945541485,0,0
C0000602,66,38,8,132.69,plus,east,2,0.26298453659262927,1,0
C0000603,29,62,7,65.06,basic,west,2,0.03458924117576945,1,1
C0000604,70,12,4,144.34,plus,east,0,0.41716377292399115,0,0
C0000605,41,57,1,59.7,plus,north,2,0.7096508444250955,0,0
C0000606,21,33,2,91.61,basic,south,0,-0.6343430555161478,0,0
C0000607,20,40,4,86.3,basic,north,0,-0.3829081574483489,1,0
C0000608,23,7,9,62.61,plus,north,1,-2.9874294606566014,1,0
C0000609,22,56,3,98.36,plus,north,1,-0.9547811836452487,0,1
C0000610,58,40,5,16.29,basic,west,3,0.9556785365082323,1,0
C0000611,27,38,1,15.11,basic,north,1,-2.5250320910009854,0,0
C0000612,50,21,6,24.92,basic,west,0,0.4002356034796022,0,0
C0000613,29,15,6,66.42,plus,south,2,0.5876076339320111,1,0
C0000614,64,44,5,39.93,basic,west,2,-2.4916773538434107,1,0
C0000615,69,70,7,25.48,basic,east,1,-1.5223061181130983,1,0
C0000616,69,59,4,27.86,basic,west,1,-1.0230242670538479,1,0
C0000617,33,39,3,32.28,basic,west,1,-1.190329215086531,0,0
C0000618,45,14,3,58.99,plus,north,0,2.1316531124222093,0,1
C0000619,69,5,3,116.47,premium,east,2,1.2502333100558087,1,1
C0000620,68,66,4,41.72,basic,east,3,0.4304506719846133,0,0
C0000621,18,10,6,2.2,basic,south,0,-1.5533571102562322,1,0
C0000622,59,52,7,39.8,plus,west,1,0.9748517647949448,1,1
C0000623,21,27,5,39.7,basic,west,0,1.6880964415419564,1,0
C0000624,57,19,0,26.19,basic,west,0,0.19281058991793842,0,0
C0000625,21,55,4,68.78,premium,east,0,0.5787075498754993,0,1
C0000626,53,2,0,72.79,premium,west,2,-1.6441828155213638,0,1
C0000627,75,62,6,47.84,plus,east,0,1.3628024356779762,1,0
C0000628,43,22,2,28.2,plus,east,1,-0.49509462893083456,0,0
C0000629,68,71,5,94.0,basic,north,3,-0.0004177975998613138,1,0
C0000630,36,23,6,65.98,basic,north,3,0.48537288023039094,1,1
C0000631,18,48,5,19.14,basic,east,0,0.2325759030853957,1,0
C0000632,50,13,2,49.11,basic,south,0,-0.26908388960521423,0,0
C0000633,75,63,4,41.39,plus,east,0,-0.049550858616439555,0,0
C0000634,62,18,1,75.99,basic,east,1,-0.19517716010849012,0,0
C0000635,32,47,5,61.04,premium,west,0,-1.7813740652909118,1,1
C0000636,34,41,5,22.61,basic,east,1,0.42378482896554726,1,0
C0000637,34,66,1,76.97,plus,north,0,-0.1887662577701947,0,0
C0000638,53,60,2,43.94,basic,south,2,-0.9167870919407474,0,0
C0000639,54,70,3,71.14,basic,east,2,1.6638947110400049,0,0
C0000640,54,66,2,139.99,premium,east,0,0.31693139771669,0,1
C0000641,30,34,5,48.53,basic,south,1,-1.122855873010451,1,0
C0000642,63,56,3,49.26,plus,east,3,-0.839691690580906,0,0
C0000643,78,20,3,9.9,plus,east,1,-1.2867571654188754,0,0
C0000644,30,56,4,80.93,plus,east,1,-0.5379772622392386,1,0
C0000645,40,34,3,82.19,basic,north,0,-1.974042172009461,1,0
C0000646,46,58,8,51.0,basic,south,0,0.0016549913457559852,1,0
C0000647,53,33,5,58.37,plus,north,1,0.7742971174101957,1,0
C0000648,73,37,4,54.89,premium,north,1,0.1640566840506439,0,0
C0000649,53,16,6,34.7,premium,east,1,-1.8907916884586649,1,1
C0000650,78,9,5,53.96,basic,north,1,-0.890777497496189,1,0
C0000651,35,62,5,19.15,premium,east,0,0.2980172335312772,0,1
C0000652,58,69,4,72.73,premium,south,0,-1.5142359892947819,0,0
C0000653,63,64,4,32.46,basic,west,0,0.9156391836348765,0,0
C0000654,69,23,5,12.89,basic,east,1,0.03486297762948424,1,0
C0000655,79,14,6,9.35,premium,east,0,-0.08637484926173225,1,1
C0000656,47,65,6,31.98,plus,west,0,0.1293305842340259,1,1
C0000657,54,27,1,19.43,basic,east,1,-0.06761161028673707,0,0
C0000658,64,52,4,55.89,basic,north,0,0.31412862111222295,0,0
C0000659,23,36,6,95.53,basic,north,2,0.018372555720457467,1,1
C0000660,63,53,3,214.24,basic,south,0,-0.0801110052561117,0,0
C0000661,68,5,4,63.88,basic,north,0,-1.805482470033505,0,0
C0000662,52,14,1,53.03,basic,east,2,-0.33279454946500137,0,0
C0000663,59,1,4,3.31,plus,north,1,0.5908327900486855,0,0
C0000664,67,2,1,14.93,basic,south,1,1.3205313236522733,0,0
C0000665,48,42,5,43.29,plus,west,2,0.54835122599166,1,0
C0000666,22,55,3,86.85,plus,west,2,-1.0962090852868698,0,0
C0000667,58,21,10,105.71,basic,north,1,1.3534699087643498,0,0
C0000668,56,20,2,28.17,plus,west,1,0.7803504610153362,0,0
C0000669,34,55,3,105.63,premium,west,1,0.15214378039620655,0,1
C0000670,44,49,3,41.39,plus,north,2,1.0664811641196554,0,0
C0000671,36,52,4,55.34,basic,north,4,-0.33543334670591296,0,1
C0000672,25,63,6,29.22,premium,north,1,0.6539960616796802,1,1
C0000673,49,25,7,38.85,basic,east,0,0.2460282900167359,1,0
C0000674,44,62,4,90.87,basic,south,1,-0.3518733538715674,0,0
C0000675,22,38,8,69.79,plus,west,3,-0.6732770679996093,1,1
C0000676,35,43,5,165.94,premium,south,0,-0.4641341333473168,1,1
C0000677,54,33,3,65.44,plus,east,0,0.0718203652733858,1,0
C0000678,21,67,1,11.45,plus,east,2,-0.19226721940437508,0,0
C0000679,29,55,2,15.32,plus,west,2,-1.35758944566834,0,0
C0000680,34,61,3,13.41,plus,west,0,-0.5426420288773588,0,0
C0000681,33,24,5,59.02,premium,east,1,1.4731468115298811,1,0
C0000682,79,36,6,42.23,basic,west,0,-0.24082266659857693,1,0
C0000683,73,59,3,26.53,premium,east,4,0.4821677222608774,0,0
C0000684,38,1,9,180.52,plus,east,0,0.44846501552060913,1,0
C0000685,54,49,2,47.55,plus,south,0,-0.4889819190964266,0,0
C0000686,45,22,2,75.32,premium,north,0,1.1846669979520215,0,1
C0000687,33,34,2,109.53,basic,east,0,-0.6851281208866428,0,0
C0000688,27,11,7,28.16,plus,north,0,0.6051469849767596,1,0
C0000689,61,23,6,49.01,basic,south,2,0.28313251515186616,0,0
C0000690,62,61,6,83.52,plus,north,2,-1.5596292184065497,1,0
C0000691,79,42,4,17.75,premium,east,0,0.6174116596243149,0,0
C0000692,39,68,5,58.97,plus,east,0,0.18413525136541653,1,0
C0000693,73,61,5,26.97,plus,west,2,0.7427496257417106,0,0
C0000694,75,24,2,48.74,basic,west,1,0.17844781052338032,0,0
C0000695,67,8,5,52.36,premium,north,0,0.5220684330633553,1,1
C0000696,68,61,4,239.93,premium,west,0,-0.15413568557779644,0,1
C0000697,38,65,2,72.25,basic,west,0,-1.9854703454599398,0,0
C0000698,55,35,3,32.39,plus,north,0,-0.27780000156076634,0,0
C0000699,54,55,3,42.69,basic,east,1,0.3117562559237591,0,0
C0000700,43,43,6,55.98,basic,east,0,1.0787875808642742,1,0
C0000701,54,17,3,105.24,plus,east,1,-0.6498361628552345,0,0
C0000702,45,41,5,16.71,basic,east,1,0.07345988435495263,1,0
C0000703,23,2,4,44.67,premium,west,0,1.5145900880415208,0,1
C0000704,44,61,2,52.69,plus,south,2,0.1983830441637973,0,0
C0000705,60,39,7,68.27,plus,south,0,0.4048132412704382,1,0
C0000706,70,38,3,73.76,premium,north,1,-0.4355015545394989,0,0
C0000707,50,5,1,44.25,premium,south,1,-2.5730820343698264,0,1
C0000708,19,8,5,74.56,plus,west,1,0.6360929214898094,1,0
C0000709,50,67,5,39.47,plus,east,1,-0.6791548203281889,1,0
C0000710,41,41,5,50.76,basic,south,2,1.6898434499618014,1,0
C0000711,63,33,5,12.64,basic,east,0,-1.0820944543925504,1,0
C0000712,59,25,7,47.84,basic,north,0,-0.5529939115874198,0,0
C0000713,22,28,5,61.13,premium,south,0,-0.48438042297275424,0,1
C0000714,76,45,2,107.93,plus,south,0,1.1572841594679897,0,0
C0000715,31,1,8,10.95,basic,north,0,-0.5402846865367453,1,0
C0000716,50,39,5,74.08,premium,south,1,1.1045777428012886,1,1
C0000717,79,37,6,34.01,basic,east,4,-1.5429500660261521,1,1
C0000718,23,17,2,31.29,basic,north,1,-0.32454625811912147,0,0
C0000719,36,50,3,65.55,plus,west,0,-0.13718742329992314,0,0
C0000720,67,20,3,94.41,basic,east,0,0.2021067133643516,0,0
C0000721,33,41,4,53.39,basic,west,2,-0.5299212474318713,0,0
C0000722,57,4,6,21.58,plus,west,1,1.1708578947692876,1,0
C0000723,22,68,0,6.33,basic,west,0,0.7427163511758172,0,0
C0000724,26,25,4,7.91,basic,south,0,-0.21287780285153152,0,0
C0000725,37,53,6,82.77,basic,east,0,0.7323403472021365,1,0
C0000726,49,45,8,37.63,premium,south,0,0.29891028075975146,1,1
C0000727,52,50,1,86.87,plus,south,1,0.4124951507592248,0,0
C0000728,45,64,4,10.65,plus,east,1,-0.9746181825882326,0,0
C0000729,20,32,4,112.36,plus,east,1,-0.053099343525000633,0,0
C0000730,54,22,4,18.6,plus,west,1,0.9857181423247743,0,0
C0000731,35,35,6,28.7,basic,west,1,0.6507065957769459,1,0
C0000732,44,20,4,46.78,premium,north,0,-0.79578004642908,1,1
C0000733,33,40,5,41.59,basic,south,1,-0.43673489772334273,1,0
C0000734,19,26,5,87.47,basic,east,1,0.2031986427658023,1,0
C0000735,27,69,2,21.53,basic,east,0,-0.8838422891038872,0,0
C0000736,40,38,2,126.29,plus,north,0,0.8275959080686477,0,0
C0000737,67,61,4,73.51,basic,west,2,0.7688368574161265,0,0
C0000738,68,68,6,90.07,plus,south,2,0.08742316603723604,1,0
C0000739,77,9,3,6.76,plus,east,1,1.602505995262347,0,0
C0000740,35,69,1,185.15,premium,south,1,1.9582105268580126,0,1
C0000741,74,10,6,15.96,basic,north,1,1.4738201077937023,1,0
C0000742,43,61,6,29.81,basic,west,0,1.6673640612813425,0,0
C0000743,45,53,7,50.64,premium,south,4,-1.9433777039408229,1,0
C0000744,31,22,9,20.94,basic,north,0,-0.23065150320393993,1,0
C0000745,22,21,1,126.19,basic,north,2,3.042307664700908,0,0
C0000746,66,44,2,82.41,basic,east,0,1.1882632520989613,0,0
C0000747,39,26,1,44.87,basic,west,6,-1.392563159610633,0,0
C0000748,58,63,4,139.47,basic,north,0,-0.030787711715329905,1,0
C0000749,50,13,3,48.68,plus,north,2,0.43055713447926786,0,0
C0000750,46,43,4,26.34,basic,east,1,-0.07672511384508333,0,0
C0000751,41,4,4,136.21,premium,west,0,0.4814363644358944,0,0
C0000752,25,46,6,142.75,premium,south,4,1.2635839368932433,1,1
C0000753,63,15,1,111.05,basic,south,1,1.023200851289443,0,1
C0000754,73,25,5,92.86,basic,east,2,-0.8297560565927238,1,0
C0000755,64,54,3,17.81,plus,south,0,-1.03907956163955,0,0
C0000756,47,17,0,45.93,basic,north,0,-0.9218166031903782,0,0
C0000757,73,44,2,125.7,basic,north,0,0.1677422989884371,0,1
C0000758,79,18,2,15.12,basic,north,0,0.44541311569629966,0,0
C0000759,47,33,7,92.61,plus,south,2,0.5686930001732149,0,0
C0000760,26,35,4,6.09,basic,north,2,0.8931602709413377,0,0
C0000761,32,52,3,69.9,premium,north,1,-1.9645206271938451,0,1
C0000762,59,26,9,145.22,basic,east,0,-0.9258341367094911,1,0
C0000763,74,48,2,23.66,premium,south,2,0.9205254052683002,0,1
C0000764,46,16,6,43.37,premium,west,1,-0.21660945570038548,1,1
C0000765,72,15,2,3.43,plus,west,0,0.9249922969204715,0,0
C0000766,24,67,4,46.41,premium,east,0,-0.9719873404899375,0,1
C0000767,25,4,2,25.66,basic,north,2,-0.26724901924930256,0,0
C0000768,47,66,4,49.3,premium,south,0,0.1374984323727423,0,1
C0000769,31,2,4,147.16,basic,south,0,1.7339511114020658,0,0
C0000770,36,10,3,28.13,basic,west,0,2.027453837713747,0,0
C0000771,58,2,3,78.12,basic,south,0,-0.733991026620664,1,0
C0000772,75,70,5,70.23,basic,west,3,-1.1762649750978278,1,0
C0000773,68,41,1,31.65,plus,south,0,1.2491810099724225,0,0
C0000774,33,1,10,48.01,basic,north,0,-2.0773603219825847,1,0
C0000775,77,13,2,54.89,premium,north,1,-0.4852023462720914,0,1
C0000776,18,51,5,11.21,premium,east,2,-0.9214985771317098,1,1
C0000777,19,49,5,88.2,basic,west,0,-0.13069526351575952,1,0
C0000778,70,38,3,163.16,basic,south,0,-2.630259387969451,0,0
C0000779,29,4,3,89.48,premium,north,1,0.47087951042297,0,1
C0000780,68,60,3,39.67,plus,north,1,0.27849516245312284,0,1
C0000781,44,44,3,32.32,plus,west,1,0.7140417193958004,0,0
C0000782,52,66,3,8.69,basic,north,3,1.7132926693138253,1,0
C0000783,52,27,12,16.44,premium,south,0,0.3245837552506859,0,1
C0000784,52,36,4,33.42,basic,south,0,-0.2257792479957009,1,0
C0000785,66,23,2,8.55,basic,west,0,0.17855687441363888,0,0
C0000786,61,13,4,7.61,plus,north,3,1.0433245196853589,0,0
C0000787,52,60,4,80.25,basic,north,0,-1.6996957706746227,0,0
C0000788,70,5,5,183.01,basic,south,1,0.9108125298637062,1,0
C0000789,50,55,9,136.0,plus,west,0,0.8036385324303458,1,1
C0000790,23,41,3,29.35,basic,east,2,-0.5424439731607611,0,0
C0000791,32,43,6,31.02,plus,north,1,-1.218309039944184,1,0
C0000792,18,4,2,41.66,basic,north,1,-0.3125601021708937,0,0
C0000793,58,70,3,39.17,premium,north,2,-0.31301455131980144,0,0
C0000794,33,50,3,56.18,premium,north,0,0.5440048140749164,0,0
C0000795,54,57,6,27.99,basic,north,1,0.05789845088472948,1,0
C0000796,22,34,2,91.14,basic,east,1,0.860313392295858,0,0
C0000797,76,1,6,31.69,basic,north,0,0.8971387126615598,1,0
C0000798,69,12,2,52.92,basic,east,2,-0.31357960270723306,0,0
C0000799,29,37,0,28.04,plus,west,0,0.37471917901608387,0,0
C0000800,52,4,6,35.03,plus,east,0,-0.20984388849281194,1,1
C0000801,25,38,6,4.76,premium,east,0,0.2886490008539014,1,1
C0000802,60,46,4,70.4,basic,south,1,-1.0110251186741288,0,0
C0000803,39,37,3,45.73,basic,south,0,-0.02411464554899193,0,0
C0000804,53,26,4,12.87,premium,south,0,0.5570234513573703,0,1
C0000805,38,57,2,5.78,basic,south,0,-0.06277686499731847,0,0
C0000806,50,2,0,74.06,premium,east,1,0.7401538591244123,0,0
C0000807,46,19,3,40.65,plus,south,0,-0.7357605301534449,0,0
C0000808,41,55,4,7.54,basic,west,2,1.5238951092774082,0,0
C0000809,28,47,6,18.51,premium,west,0,0.2420387778995622,1,1
C0000810,31,25,2,55.86,basic,west,1,-1.8158583102309782,0,0
C0000811,61,70,2,16.14,basic,north,2,2.027813745020999,0,0
C0000812,72,18,1,44.66,plus,north,0,0.13431780611475924,0,0
C0000813,69,9,3,74.16,basic,east,2,1.227086106703899,0,0
C0000814,55,11,4,81.84,premium,west,1,0.11069610594330764,0,0
C0000815,18,51,5,124.75,plus,east,1,0.0834704340198078,1,0
C0000816,67,51,1,90.35,basic,north,1,-1.0037110527763862,0,0
C0000817,74,48,8,39.08,premium,west,0,-1.3031645358674178,1,0
C0000818,37,57,6,25.44,premium,south,1,0.15177255264806,1,0
C0000819,23,30,5,108.98,basic,south,0,-0.19295229049183887,1,1
C0000820,31,11,4,71.94,basic,west,1,-0.7462527616415044,0,0
C0000821,36,66,3,221.4,basic,south,3,1.5496773722505388,0,0
C0000822,40,20,3,103.71,plus,north,0,-2.1181033991064884,0,0
C0000823,48,7,4,107.7,basic,east,1,0.24387373837491363,0,1
C0000824,39,30,2,93.74,basic,east,0,1.0697645081720295,0,0
C0000825,44,21,4,10.64,basic,east,0,-1.7468436531421327,0,0
C0000826,41,66,7,61.52,basic,west,0,0.38340650923773056,1,0
C0000827,31,56,4,69.31,plus,south,0,1.360177010378757,0,0
C0000828,56,22,4,36.99,plus,west,3,-0.45716927686192965,0,0
C0000829,63,63,5,37.14,plus,east,2,0.10407284588622595,1,0
C0000830,54,57,6,45.56,basic,north,0,2.0593122631682506,1,0
C0000831,70,58,3,34.98,plus,east,2,0.8341893029229893,0,0
C0000832,27,37,6,42.25,plus,south,0,0.4722750265692655,1,0
C0000833,32,24,2,14.73,plus,east,1,-0.24100270060259887,0,0
C0000834,27,63,8,104.03,premium,south,0,0.42222974183248957,1,1
C0000835,28,34,2,92.01,plus,north,0,0.24665146725676626,0,0
C0000836,36,66,2,32.36,plus,north,1,-0.05230014236616966,0,0
C0000837,50,19,6,112.29,basic,south,0,1.6491675997481074,1,0
C0000838,31,9,7,63.97,premium,east,1,1.543889980855471,1,0
C0000839,27,59,5,106.15,premium,west,0,1.3746058969239103,1,1
C0000840,18,42,4,54.4,basic,west,1,-0.1474448914681272,0,0
C0000841,76,66,7,152.93,basic,west,1,0.39159098727295727,1,0
C0000842,37,38,5,219.45,premium,east,2,-0.45987089827671923,0,0
C0000843,70,47,2,44.43,premium,west,1,0.08316568865853184,0,1
C0000844,55,30,3,64.91,basic,west,0,0.40615351541473704,0,0
C0000845,69,12,6,43.48,basic,south,1,0.3432346944234321,1,0
C0000846,19,32,7,103.22,premium,east,0,0.19729307297952542,1,1
C0000847,43,45,4,12.73,basic,west,1,-2.7991938625970048,0,0
C0000848,66,55,6,16.5,plus,south,1,-2.024607198757223,1,1
C0000849,66,61,4,61.52,premium,north,2,-0.16470897972357293,0,0
C0000850,30,20,4,12.06,basic,north,1,-0.12948764056206266,1,0
C0000851,42,63,4,153.67,basic,east,1,1.2516773779374442,0,0
C0000852,76,35,4,64.43,basic,east,1,0.20399938843794516,0,0
C0000853,46,35,4,86.04,plus,south,0,-1.1064025336567187,0,0
C0000854,66,68,2,31.33,plus,west,1,-0.2797454969209506,0,0
C0000855,24,51,4,130.43,basic,south,0,2.2774004626412188,0,0
C0000856,59,49,1,34.3,plus,east,1,0.1274977979327041,0,0
C0000857,20,52,6,90.6,basic,east,1,-0.1074552619477703,1,1
C0000858,59,48,7,96.45,basic,east,1,-0.926586644468096,1,0
C0000859,59,22,4,96.39,plus,south,0,0.8924151422356387,0,0
C0000860,29,58,3,4.2,premium,north,2,1.0464120035076732,0,0
C0000861,29,50,3,32.22,premium,north,1,-1.0488829265634205,0,1
C0000862,33,44,8,27.32,premium,north,0,-0.06552179281227018,0,1
C0000863,77,39,4,32.57,premium,east,2,-0.39653066483573146,0,1
C0000864,75,66,2,4.36,premium,north,2,-0.057312387998379934,0,0
C0000865,53,37,8,96.81,basic,south,1,0.237336069340815,1,0
C0000866,73,45,7,66.84,premium,south,1,0.46381647609457366,1,1
C0000867,53,28,4,116.95,basic,west,2,-0.05766009523794869,0,0
C0000868,55,67,3,113.94,plus,north,1,-1.5479165205873808,0,0
C0000869,73,31,5,42.1,premium,east,0,-0.004524436429675585,1,1
C0000870,39,50,3,85.53,premium,south,0,-1.5195835174951822,0,0
C0000871,36,29,4,106.89,plus,east,1,1.0632694777759186,0,0
C0000872,55,23,4,55.31,basic,south,0,-0.04095444101542163,0,0
C0000873,18,47,4,58.82,basic,west,2,-1.0716542794197945,1,0
C0000874,39,55,5,29.04,basic,north,0,-2.258967817056691,1,0
C0000875,31,39,6,66.54,premium,east,2,2.0843870617174187,1,1
C0000876,18,60,5,59.63,basic,east,1,0.9411816030667779,1,0
C0000877,46,41,1,58.07,basic,west,1,0.20698859207312936,1,0
C0000878,52,34,6,43.63,basic,west,1,0.7448491883966687,0,0
C0000879,27,16,3,148.53,basic,west,1,0.5913076764789821,0,0
C0000880,53,64,1,22.84,basic,south,1,-0.49657974282901235,0,0
C0000881,35,50,7,49.56,basic,north,0,1.6217038465190559,1,1
C0000882,27,60,5,57.72,premium,south,1,-0.4577363176334547,1,1
C0000883,63,32,1,52.67,plus,south,1,-1.5603955654180446,0,0
C0000884,46,69,3,35.12,basic,south,2,0.2616744896170847,0,1
C0000885,41,7,5,109.58,plus,east,1,1.7368374417460228,1,0
C0000886,76,2,3,31.74,basic,east,1,-1.0656122622573168,0,0
C0000887,39,28,4,21.39,basic,south,3,0.6116882243374919,1,0
C0000888,70,35,6,5.1,plus,west,0,2.4108725435916583,1,0
C0000889,32,16,7,153.57,premium,north,0,0.40583576740476257,1,1
C0000890,56,22,5,42.79,basic,west,1,-0.20241469124689834,0,0
C0000891,50,51,4,22.87,plus,east,0,0.9793832961949036,0,0
C0000892,28,70,2,51.5,basic,east,2,-0.4617888860664287,0,0
C0000893,79,9,3,46.79,plus,east,0,-0.22276302148675642,0,0
C0000894,77,55,1,22.39,plus,east,0,-1.860129530404815,0,0
C0000895,28,5,7,97.38,plus,west,3,1.1641751503353388,1,1
C0000896,40,42,3,19.62,premium,east,0,0.48293074557253207,0,1
C0000897,70,25,4,41.31,plus,west,0,-0.9816942933503976,0,0
C0000898,23,23,3,50.55,basic,north,1,-0.011044648688666014,0,0
C0000899,66,7,6,92.56,plus,west,0,0.31453380546385634,1,0
C0000900,36,62,1,137.09,basic,south,0,1.1870565760085934,1,0
C0000901,55,44,3,160.54,plus,south,1,-0.18357062842855718,0,0
C0000902,48,3,4,59.6,plus,south,0,-1.4430821275423436,0,0
C0000903,51,3,3,50.83,premium,south,0,0.6708618024822882,0,1
C0000904,35,28,4,54.65,basic,east,5,-1.9650380108276286,0,0
C0000905,50,5,4,176.66,plus,west,2,0.14819935896975,0,0
C0000906,50,53,7,105.85,basic,south,0,-0.09082813183253054,1,0
C0000907,24,23,6,32.73,basic,north,1,0.22832277461453943,1,0
C0000908,63,59,4,80.06,basic,east,2,-0.4853837341604655,0,0
C0000909,53,24,2,133.74,plus,east,0,-0.49967321335775966,0,0
C0000910,47,36,3,24.03,plus,north,1,-0.16749154375629632,0,1
C0000911,79,10,4,126.64,basic,south,0,-0.6066550255459053,0,0
C0000912,33,46,6,24.72,basic,north,0,0.14202744671588274,0,0
C0000913,63,53,2,35.11,basic,south,2,-0.38567244805630146,1,0
C0000914,28,70,2,63.42,plus,south,0,0.38388271261785506,1,0
C0000915,46,59,3,169.03,plus,north,0,-1.3395567837248792,0,1
C0000916,73,56,3,18.56,basic,east,1,0.9981274364576882,0,0
C0000917,45,32,4,19.66,premium,north,1,0.7048019359723634,0,1
C0000918,44,14,7,27.77,basic,north,4,0.01440469442120465,0,0
C0000919,71,43,3,125.05,basic,east,3,0.17265803470547714,0,0
C0000920,37,36,2,36.56,premium,north,2,-0.08378534133728557,0,1
C0000921,18,15,6,55.14,premium,north,2,1.2201466322830514,0,0
C0000922,20,46,5,95.9,plus,west,0,-1.306082034606545,1,0
C0000923,30,60,3,42.61,plus,north,2,2.0344339896910317,0,0
C0000924,52,6,2,14.45,plus,west,4,0.1244805944328598,0,0
C0000925,77,5,9,39.91,basic,east,0,-0.8956616084400383,1,1
C0000926,77,57,4,80.73,plus,east,2,1.03177259896496,0,0
C0000927,58,20,2,32.64,plus,east,0,-0.2674053539362501,1,0
C0000928,36,63,4,114.69,premium,south,0,0.6027617385111045,1,0
C0000929,69,42,4,75.65,basic,west,4,0.12283931075895829,0,0
C0000930,40,45,2,19.42,premium,east,1,-0.422875157204546,0,0
C0000931,51,6,5,36.26,plus,west,3,0.560143511428578,1,0
C0000932,67,48,4,6.83,basic,north,1,0.5582792534455674,1,0
C0000933,20,39,10,53.01,basic,west,0,-1.6026852388000747,1,0
C0000934,50,15,1,27.13,basic,south,0,1.3403989593303893,1,0
C0000935,51,46,3,16.3,basic,west,3,0.21539258942162712,0,0
C0000936,33,16,4,67.28,premium,west,0,0.5063786116354607,0,1
C0000937,57,29,3,17.21,basic,north,2,0.5325232348436644,0,0
C0000938,62,20,2,65.12,basic,north,3,-0.3054265551786572,0,0
C0000939,23,61,4,59.61,basic,east,0,-2.775120129983422,0,0
C0000940,76,22,4,68.25,basic,east,1,1.1579856144891354,0,0
C0000941,47,27,4,12.14,premium,north,3,2.1189206280236403,0,1
C0000942,61,18,5,63.51,basic,north,0,0.5333417603268146,1,1
C0000943,76,27,5,83.51,premium,east,1,-0.8128756404055281,1,0
C0000944,70,52,2,42.35,basic,south,0,0.7983343850903409,1,0
C0000945,21,58,2,72.7,plus,north,0,0.22244340419953212,0,0
C0000946,49,23,5,51.28,premium,north,4,-1.3121709958595247,1,0
C0000947,20,58,3,35.57,premium,east,1,0.40637250639239875,0,0
C0000948,78,23,3,54.31,plus,north,1,-0.3518333748305998,0,0
C0000949,24,68,8,88.65,premium,north,1,2.7850972264817955,1,0
C0000950,24,3,2,26.56,basic,north,1,1.1857324419193034,1,0
C0000951,60,6,9,39.72,basic,west,1,-2.3581881911770397,1,0
C0000952,42,14,4,114.52,premium,east,0,-1.8499779323647143,0,0
C0000953,73,41,3,65.22,basic,north,0,1.023559252865213,0,0
C0000954,37,66,1,54.41,premium,west,2,0.6791069326051349,0,1
C0000955,27,1,2,27.62,basic,south,1,0.1629190462363979,1,0
C0000956,48,64,4,39.6,plus,south,2,0.10525845929304975,0,0
C0000957,70,32,6,122.97,plus,north,0,1.78128266019855,1,0
C0000958,55,17,2,36.91,basic,south,2,-1.130091136876553,0,0
C0000959,31,51,2,76.04,basic,north,0,1.1864097715945936,1,0
C0000960,63,46,9,72.75,premium,south,0,-0.2583260372547658,1,1
C0000961,51,56,5,107.5,plus,west,1,1.4417188292707914,1,0
C0000962,57,63,8,98.96,premium,west,0,-0.0166002877680358,1,1
C0000963,65,15,3,114.15,premium,south,1,0.4024671478904596,0,0
C0000964,62,7,1,10.59,premium,south,0,1.31596517452883,0,0
C0000965,25,34,4,44.35,basic,west,0,-0.6944982096001321,0,0
C0000966,22,16,1,32.82,basic,west,1,0.9441971894883295,0,0
C0000967,47,10,3,52.02,basic,west,1,-0.37749581043920133,0,0
C0000968,42,56,0,12.07,premium,north,0,-0.963428359394008,0,0
C0000969,71,39,3,29.47,basic,south,1,0.9550130907836285,0,0
C0000970,30,50,11,2.86,basic,south,0,0.5468873910420743,1,0
C0000971,40,36,5,54.54,basic,west,0,-0.9429483140854145,1,0
C0000972,31,70,7,64.79,plus,west,0,0.574668795779125,1,0
C0000973,67,71,2,106.33,basic,east,2,-0.3206446325114459,0,0
C0000974,38,5,3,121.67,basic,west,2,0.2181727093056084,0,0
C0000975,46,45,5,24.31,premium,west,0,0.8192757422421594,0,1
C0000976,65,64,5,82.39,plus,south,0,-1.1361744127362938,1,0
C0000977,76,52,5,8.53,premium,west,1,0.19760040371741405,1,0
C0000978,26,32,1,30.27,basic,west,1,0.8510323576142371,0,0
C0000979,42,6,0,40.27,basic,east,1,0.02354926889111849,0,0
C0000980,67,44,5,21.29,premium,west,0,1.196495292709003,1,1
C0000981,69,42,1,58.97,premium,north,1,0.7310499443453904,0,0
C0000982,67,48,3,115.75,basic,east,0,-1.72910514620161,0,0
C0000983,22,25,6,109.19,basic,east,1,0.23577890961754022,1,0
C0000984,59,18,3,65.93,premium,south,1,-0.7114572961681412,0,1
C0000985,39,41,5,60.76,basic,north,1,1.0266156361579155,1,0
C0000986,30,40,2,18.19,premium,south,0,1.1250168245354915,1,1
C0000987,27,21,3,50.9,basic,east,1,1.3180839185771427,0,0
C0000988,78,37,1,65.68,basic,east,3,0.8656696299387774,0,0
C0000989,43,21,8,16.14,basic,east,0,-0.07826174961721398,1,1
C0000990,60,29,6,27.64,premium,east,0,0.06625104118257531,0,1
C0000991,43,47,5,38.01,basic,north,0,-0.31912419889236754,1,0
C0000992,75,59,2,21.36,basic,north,1,0.6328321519328526,0,0
C0000993,32,31,4,96.27,basic,west,0,0.3419477524063598,0,0
C0000994,72,37,3,11.5,plus,south,0,-0.29968527633818065,0,0
C0000995,43,41,2,82.82,premium,north,2,-0.7273017372758694,0,1
C0000996,70,22,5,147.48,basic,south,0,0.17510720572080982,1,0
C0000997,60,55,6,64.93,plus,south,0,1.5399708085835444,1,0
C0000998,58,11,5,28.53,basic,east,0,-2.333949962903675,1,0
C0000999,53,4,4,59.49,plus,west,0,-1.6572568565827233,0,0
C0001000,23,12,7,13.3,plus,west,2,-0.0008211311399080991,1,0
C0001001,33,12,2,59.48,basic,north,0,1.7137683985938839,0,0
C0001002,25,58,7,27.15,basic,west,2,0.07396300693596594,1,0
C0001003,62,23,5,42.3,basic,west,0,0.06518423863074964,1,0
C0001004,27,37,6,28.82,basic,west,0,1.2403806433391307,1,0
C0001005,61,4,6,19.39,plus,east,0,-1.1573271482160064,1,0
C0001006,18,69,4,0.94,plus,east,2,-0.23152102189234555,0,0
C0001007,44,9,5,51.12,basic,south,1,0.028530714126434008,1,0
C0001008,65,32,2,159.97,basic,west,4,-0.7884434728602939,0,0
C0001009,46,60,5,54.68,basic,north,1,0.4929777994570902,1,0
C0001010,78,65,2,57.89,basic,north,0,0.27675404664036823,0,0
C0001011,28,10,5,44.02,basic,west,1,-1.0196213800597373,0,0
C0001012,42,28,3,5.52,basic,east,0,-0.3490880115671596,0,0
C0001013,69,36,4,112.6,basic,north,0,-1.2609148490450428,0,0
C0001014,59,28,4,14.42,basic,south,0,0.5712495645766572,0,0
C0001015,40,32,6,57.75,premium,north,0,-0.9024013790548486,1,0
C0001016,43,31,7,47.92,basic,south,1,2.2623003588148736,1,0
C0001017,36,38,1,70.6,premium,south,3,1.3833770241939094,0,0
C0001018,66,9,4,29.16,plus,east,1,1.3148287335395026,0,0
C0001019,75,10,0,24.87,plus,north,0,0.2957204382030436,1,0
C0001020,52,15,5,45.0,basic,east,0,0.3610669310631908,1,0
C0001021,36,22,7,32.37,plus,west,1,2.3880685696946142,1,1
C0001022,18,47,6,12.18,basic,west,0,-0.2087383045706406,1,0
C0001023,30,51,4,53.82,plus,west,0,-0.31421238322004963,0,0
C0001024,71,25,5,60.56,basic,south,1,-0.34151840172495673,1,0
C0001025,41,13,4,63.29,premium,north,3,1.052300028749266,0,1
C0001026,77,1,2,31.32,plus,north,1,-0.44132541488925303,0,0
C0001027,49,30,4,75.51,basic,south,0,-0.8630778935712786,1,0
C0001028,64,45,5,48.75,premium,south,1,-1.7230856042292593,1,0
C0001029,56,51,1,16.51,premium,south,1,1.7124797795957225,0,1
C0001030,62,44,2,74.91,premium,east,1,0.2047816593187856,0,1
C0001031,42,19,1,2.89,plus,west,0,-0.9508550526669249,0,0
C0001032,48,51,5,240.74,plus,north,1,0.05687698345252935,1,0
C0001033,60,8,3,31.22,basic,west,1,-1.5847366961333993,0,0
C0001034,42,26,1,17.81,basic,south,2,-0.35181287625475116,0,0
C0001035,19,1,3,75.95,plus,east,1,0.30586316103318767,0,0
C0001036,33,5,2,28.98,plus,south,0,0.6348018278690141,0,0
C0001037,75,71,2,22.89,premium,west,2,0.7653147580656094,0,0
C0001038,28,34,4,128.4,basic,south,2,2.168664588259969,0,0
C0001039,46,2,5,166.66,plus,west,1,-0.26305685772959386,1,0
C0001040,48,50,7,62.59,basic,west,2,0.6955964483629901,1,1
C0001041,45,16,5,125.72,basic,west,0,1.232000673317651,1,0
C0001042,58,66,4,51.22,premium,north,2,-1.4884889277103122,0,0
C0001043,45,54,6,31.89,premium,south,3,-0.8050734567687011,1,1
C0001044,70,6,1,13.03,plus,south,0,-0.4514578761954282,0,0
C0001045,35,10,8,137.09,basic,south,2,0.341557303976461,1,0
C0001046,53,2,6,20.87,plus,north,0,0.23617676168859306,1,1
C0001047,68,6,5,6.6,plus,north,1,0.12103884981930736,1,0
C0001048,78,52,4,59.36,basic,east,1,0.9384494162270696,0,0
C0001049,46,55,1,62.02,basic,north,1,-0.19991356154979217,0,0
C0001050,68,61,2,31.3,plus,south,2,2.0300009864358644,0,0
C0001051,23,69,9,46.06,plus,west,0,0.00866024951934317,1,0
C0001052,53,30,2,109.61,basic,east,1,0.53793567125822,1,0
C0001053,39,70,3,35.14,premium,west,0,0.860581567862041,0,0
C0001054,71,57,2,18.57,basic,south,3,0.15141879464121308,0,0
C0001055,48,49,3,105.76,plus,south,3,0.2685176613017507,0,0
C0001056,44,56,7,35.71,basic,west,1,-1.2772003811253745,1,0
C0001057,40,40,2,91.01,basic,north,2,0.6341232360333985,0,0
C0001058,38,6,4,52.57,basic,north,0,2.1570001658710085,0,0
C0001059,24,43,2,15.64,plus,north,3,-0.7808750076757304,0,0
C0001060,47,38,4,66.19,premium,east,3,0.4074912066273531,1,1
C0001061,73,54,0,4.63,plus,north,0,-0.8859510481182987,1,0
C0001062,50,66,2,93.48,basic,east,3,0.05587344959476993,0,0
C0001063,27,21,6,30.46,premium,south,0,0.5991289118904778,1,1
C0001064,71,37,3,22.58,basic,north,0,0.5096819318089458,0,0
C0001065,63,50,4,62.97,premium,south,1,0.7532149392371262,0,1
C0001066,20,38,3,112.93,basic,west,4,0.7429849549719613,0,0
C0001067,44,46,1,7.59,basic,east,1,-0.5586790845084216,0,0
C0001068,58,31,1,187.15,premium,south,1,0.152816005269245,0,1
C0001069,48,5,1,19.09,basic,east,1,-0.3759367553350165,0,0
C0001070,39,19,4,100.86,basic,north,1,0.7055868029602718,0,0
C0001071,59,58,3,110.16,premium,south,0,0.20246991106337006,0,1
C0001072,76,66,2,47.17,plus,south,1,1.4516771600763048,0,0
C0001073,19,42,3,22.46,premium,east,2,-1.7483796547890658,1,0
C0001074,38,45,1,112.51,basic,west,1,-0.21736410175012694,1,0
C0001075,48,18,3,33.04,plus,north,2,-0.01268853445843047,0,0
C0001076,26,45,6,21.82,plus,north,0,-0.36796616002531196,1,0
C0001077,46,54,4,3.44,plus,north,0,1.2698388372957101,0,0
C0001078,44,31,3,47.1,basic,west,1,0.8200748107176095,0,0
C0001079,44,20,6,62.52,basic,north,0,-0.46216854032369803,1,0
C0001080,58,20,2,24.95,basic,east,0,0.0319244406156006,0,0
C0001081,18,33,3,69.99,basic,west,2,-0.05430218278796426,0,0
C0001082,46,10,0,16.71,plus,east,5,-0.45784051350414634,0,0
C0001083,18,50,4,42.8,basic,east,1,0.37059127947088394,0,0
C0001084,61,70,1,22.44,plus,east,2,-0.7916317546746319,0,0
C0001085,48,29,4,100.18,basic,north,1,1.3918562095381224,0,0
C0001086,30,16,0,64.31,plus,north,2,-0.7114278615854689,0,0
C0001087,46,39,4,54.76,basic,east,1,-0.4097236799537651,0,0
C0001088,75,59,3,75.56,plus,west,2,1.6067661033830043,0,0
C0001089,38,64,1,49.25,basic,south,1,-0.7332809136651954,0,0
C0001090,36,4,4,42.65,premium,south,0,0.2369655092158877,0,0
C0001091,25,54,5,12.09,basic,east,0,0.6391826389745657,0,0
C0001092,49,45,2,100.63,premium,south,0,1.8561249374857172,1,1
C0001093,40,31,7,93.53,basic,west,1,0.6168848695389776,1,1
C0001094,76,2,2,31.02,basic,north,1,-0.06872525578532182,0,0
C0001095,59,46,7,79.72,plus,south,0,0.488725449819427,1,1
C0001096,48,13,4,69.0,premium,south,1,-1.2327853418010908,0,0
C0001097,68,39,6,49.3,plus,west,0,-0.0706239648774727,1,0
C0001098,66,22,5,15.8,basic,north,0,0.6727572513634736,1,0
C0001099,65,60,2,127.7,basic,north,4,-0.3942709544055663,0,0
C0001100,59,67,5,104.63,plus,west,0,-1.544653304587857,1,0
C0001101,18,4,3,70.07,basic,east,1,0.33293176048465073,0,0
C0001102,18,47,7,49.78,premium,south,0,0.405879343488871,1,1
C0001103,38,41,3,123.63,basic,south,0,1.564347294708476,0,0
C0001104,55,23,11,77.35,plus,west,0,0.4223422790453447,1,0
C0001105,48,61,3,65.89,premium,north,0,0.4319459963104629,0,0
C0001106,57,42,3,29.87,basic,north,1,-0.536723205024224,0,0
C0001107,68,71,6,10.86,basic,east,3,0.4348623718196083,1,0
C0001108,62,31,5,53.18,basic,west,0,1.0161663588114842,1,1
C0001109,53,14,3,72.63,basic,south,1,-0.30951035059809257,0,0
C0001110,69,64,6,147.46,plus,south,1,0.7940919512054453,1,0
C0001111,67,1,4,47.39,plus,east,2,1.1767176141173141,0,0
C0001112,77,51,2,108.97,basic,south,1,0.2829647482010239,0,0
C0001113,60,61,2,244.51,basic,east,0,0.7711350649742569,0,0
C0001114,61,58,2,25.87,premium,west,2,-0.26427831404046975,0,0
C0001115,22,18,4,94.69,basic,south,0,-0.9301932719613597,0,0
C0001116,73,63,2,112.75,premium,north,1,0.6368077199771218,1,0
C0001117,78,19,6,49.97,plus,east,0,-0.5615722144672873,1,1
C0001118,79,52,5,16.72,plus,west,2,1.0891038791319634,1,0
C0001119,52,39,4,100.4,basic,north,0,-1.428057318535139,0,1
C0001120,36,55,5,122.51,premium,west,0,-1.3791088633347923,1,1
C0001121,55,47,4,126.23,basic,east,1,0.8687558195765234,0,0
C0001122,67,55,3,62.8,plus,east,0,0.5746719723042005,0,0
C0001123,34,55,1,27.36,basic,west,1,1.036058661818074,0,0
C0001124,25,5,1,53.77,premium,east,2,-1.8390852488537217,0,1
C0001125,73,27,7,35.78,plus,east,1,0.5697829059585693,0,0
C0001126,64,52,4,43.13,premium,west,1,-2.2380326189154736,0,1
C0001127,79,26,2,103.65,basic,east,2,0.8328978773741773,0,0
C0001128,78,58,3,35.21,basic,north,1,-0.5083703099157403,0,0
C0001129,39,66,3,7.23,premium,north,0,-0.705993987776838,1,0
C0001130,41,28,8,44.32,premium,west,0,0.8638206871061719,1,1
C0001131,48,32,8,120.37,plus,north,1,-1.7185702929267161,1,0
C0001132,20,41,3,51.59,basic,north,2,1.3377782558369835,1,0
C0001133,21,5,7,108.93,basic,south,2,0.8788298521866129,1,0
C0001134,68,14,7,27.18,basic,south,1,0.4799360557224875,1,1
C0001135,65,40,7,62.46,basic,south,0,0.7924443113146254,1,0
C0001136,25,36,6,47.1,plus,west,0,-0.34504373080123846,1,0
C0001137,57,34,3,49.66,basic,west,3,1.1951908462502574,0,0
C0001138,58,21,4,38.64,basic,south,0,1.3344492920711233,0,0
C0001139,32,3,6,147.69,premium,east,1,0.026700024051668988,1,1
C0001140,76,53,4,128.36,basic,south,0,-0.9811322676183598,0,0
C0001141,69,22,7,148.33,plus,south,1,-0.5764033730274003,1,0
C0001142,30,67,1,45.09,basic,east,0,-0.6528123520115389,0,0
C0001143,51,22,3,80.16,premium,north,2,0.3548622562851262,1,1
C0001144,51,52,5,75.3,plus,east,1,-1.7469004093730027,1,0
C0001145,75,58,5,119.75,premium,west,1,1.2495648292656634,1,1
C0001146,52,34,0,62.62,premium,north,0,0.4402597745326884,1,1
C0001147,68,50,2,29.09,plus,east,2,-0.3950480333375824,0,0
C0001148,74,8,2,202.72,premium,west,1,0.31542669244002247,0,1
C0001149,24,67,4,34.74,plus,north,1,0.08028919037683928,0,1
C0001150,19,46,7,44.06,plus,north,0,-0.3973147678217643,1,0
C0001151,32,63,5,81.95,premium,north,1,-0.2153336609913839,1,0
C0001152,23,6,4,53.1,basic,west,2,-0.19544506371045983,1,0
C0001153,70,66,5,19.29,plus,south,0,-0.1107160339170727,1,0
C0001154,76,58,7,146.94,premium,north,2,-0.4464816293436488,1,0
C0001155,19,45,5,18.59,basic,north,2,0.024690545851462423,1,0
C0001156,63,52,3,19.63,plus,north,1,1.245716999831353,0,1
C0001157,26,14,1,33.13,plus,south,1,0.3667175950816872,0,0
C0001158,42,15,6,7.86,basic,west,3,0.4641342940207387,1,0
C0001159,75,32,4,89.7,plus,east,0,-0.19781457270818922,0,0
C0001160,34,6,5,71.59,basic,north,0,-0.14683039343019774,1,0
C0001161,68,37,2,9.27,basic,south,2,0.31723435296201896,0,0
C0001162,29,14,9,38.09,basic,north,0,-0.8712732276755536,1,0
C0001163,33,68,1,63.15,basic,east,0,0.45373354440320113,0,0
C0001164,36,10,3,52.43,plus,south,0,0.11508736125550467,1,1
C0001165,38,61,3,12.17,plus,south,2,0.4042556129907312,0,0
C0001166,63,47,3,59.57,premium,east,0,-0.8693758166338689,0,0
C0001167,20,50,2,96.88,basic,east,1,0.6580507086619577,0,0
C0001168,77,41,6,117.67,basic,east,2,-0.414572790611081,1,0
C0001169,25,60,7,95.98,basic,west,0,-1.3120030800939138,1,0
C0001170,79,6,5,12.25,basic,north,0,1.468470046079292,1,0
C0001171,18,6,6,51.27,basic,south,1,-0.2961790625678149,1,0
C0001172,65,42,1,33.41,premium,north,0,-0.8429701576558061,0,0
C0001173,54,30,3,27.49,basic,north,0,-0.5484756021012334,0,0
C0001174,48,19,5,99.34,basic,north,1,-1.0131299787453778,1,1
C0001175,55,35,2,17.28,premium,east,4,0.865550629900077,0,1
C0001176,39,43,4,38.06,premium,west,1,-0.32544474221478875,0,1
C0001177,26,37,5,161.35,plus,west,0,1.1215559253087224,0,0
C0001178,66,57,2,17.07,basic,south,0,-1.1652481833484225,0,0
C0001179,69,10,5,68.14,plus,north,1,-0.337837636416332,1,0
C0001180,21,54,4,37.55,plus,north,1,-0.2715816647861298,0,0
C0001181,48,26,1,37.57,basic,south,0,-1.2948117348508323,0,0
C0001182,52,19,7,68.04,premium,west,1,0.8735565726862188,1,1
C0001183,55,56,3,37.61,basic,east,1,-0.4550440144896997,0,0
C0001184,54,38,3,32.09,premium,south,0,1.1966523819699013,0,1
C0001185,59,52,3,100.26,basic,east,0,-0.5059733843995213,0,0
C0001186,54,13,2,78.12,basic,north,2,1.1936779798505701,0,0
C0001187,30,56,3,37.55,premium,south,0,0.1514298243922189,0,0
C0001188,30,8,6,49.07,premium,west,3,0.19577342004557635,1,0
C0001189,67,32,4,35.05,plus,south,0,0.381846021185694,1,0
C0001190,73,1,5,17.91,plus,east,1,0.5813747016580465,1,0
C0001191,43,16,6,34.82,plus,west,0,1.2673073405212794,1,0
C0001192,22,21,4,258.35,basic,west,0,1.963055853577494,0,0
C0001193,48,33,5,2.97,premium,east,1,-0.5035953296537441,1,1
C0001194,27,70,2,35.89,basic,north,2,-0.02581689549354811,0,0
C0001195,25,68,3,150.69,premium,north,0,-0.08696535616707574,0,0
C0001196,68,13,5,24.57,basic,east,1,2.054208453048806,1,0
C0001197,33,23,4,66.23,plus,south,2,0.4638660465959425,0,0
C0001198,32,32,7,42.81,basic,east,2,1.024585213773947,1,0
C0001199,46,21,4,58.88,basic,east,0,0.3255417353157154,0,0
C0001200,77,56,6,153.19,premium,east,0,-0.5477541569168701,1,0
C0001201,62,52,5,28.27,basic,south,3,-1.0734825430477866,1,0
C0001202,71,21,4,49.73,plus,south,2,-0.3915428786427822,0,1
C0001203,46,35,1,67.17,basic,south,0,-0.8346596729690537,0,0
C0001204,20,60,0,85.63,basic,west,1,-0.8423298224179001,0,0
C0001205,52,14,5,56.62,basic,west,5,0.10170026305552575,0,0
C0001206,69,48,5,118.98,premium,west,0,0.07751930443915206,1,1
C0001207,64,34,7,27.14,basic,west,1,2.3810160330967323,1,0
C0001208,35,60,2,47.63,plus,west,1,-0.44728098216132,0,0
C0001209,42,60,2,103.27,premium,west,0,0.3198316041618872,0,0
C0001210,36,49,3,87.31,basic,east,0,1.1002670451444578,1,0
C0001211,18,53,5,22.0,plus,west,0,1.8098431352801545,1,0
C0001212,23,50,3,14.83,basic,north,1,0.47014068421924815,0,0
C0001213,52,34,3,60.24,premium,west,2,0.23249771459041998,0,1
C0001214,37,53,3,131.19,basic,north,0,-1.2424890093635979,0,0
C0001215,76,7,3,17.9,plus,south,1,0.5980486646471005,1,0
C0001216,66,50,2,44.34,basic,south,3,1.013749201108083,0,0
C0001217,20,57,2,25.7,basic,west,0,-1.3147320123587494,0,0
C0001218,67,58,6,95.64,basic,north,2,-1.2479561558802659,1,0
C0001219,46,40,4,43.9,basic,east,2,0.8560728601408975,0,0
C0001220,64,24,2,17.22,plus,north,0,0.4353930232889288,0,0
C0001221,58,17,3,29.86,basic,north,0,0.6670866818333154,0,0
C0001222,77,58,6,71.04,basic,north,2,0.6576373738195586,1,1
C0001223,48,2,5,9.6,premium,west,0,2.6943598330918483,1,0
C0001224,29,21,4,22.18,plus,west,1,1.684939110737814,0,0
C0001225,24,10,4,74.43,plus,north,1,1.4491328006436808,0,0
C0001226,33,24,6,164.7,plus,west,1,0.9153436240597427,1,0
C0001227,49,7,2,50.51,premium,north,1,0.8264410334428325,0,1
C0001228,21,14,4,48.87,basic,west,0,-0.3416640722518745,0,0
C0001229,22,35,5,65.11,premium,north,2,-0.26955208345793563,1,0
C0001230,19,68,6,29.31,basic,south,1,-0.8879337413349109,1,0
C0001231,22,24,1,46.28,premium,north,1,0.4639374962407372,0,1
C0001232,39,24,6,46.87,plus,east,2,0.44928559389465245,1,0
C0001233,38,56,9,46.97,plus,south,0,-1.1195237658591437,1,1
C0001234,24,3,3,82.22,premium,east,1,-1.401449062674236,0,1
C0001235,28,41,2,66.76,basic,east,1,-0.2117409079396351,0,0
C0001236,44,49,4,49.28,basic,south,1,0.047669910189092564,0,0
C0001237,49,52,8,17.15,plus,north,1,0.8756779559451099,1,0
C0001238,52,63,3,133.85,basic,south,2,1.1147313093241555,0,0
C0001239,76,34,7,120.42,plus,north,0,0.2531118352738112,1,0
C0001240,25,54,3,26.75,premium,east,1,-0.7492718384480062,0,1
C0001241,31,38,5,38.09,basic,west,2,0.4111400753850287,1,0
C0001242,22,19,4,25.05,basic,north,3,-0.07700031883201829,1,1
C0001243,79,59,3,129.0,plus,east,2,-0.1301117616412598,0,0
C0001244,63,70,2,70.31,plus,west,0,-3.418560001185804,0,0
C0001245,39,66,6,167.17,basic,south,4,0.270051079678775,1,0
C0001246,21,63,6,39.07,basic,west,2,-1.3495609348019957,1,0
C0001247,69,3,0,30.49,basic,west,0,0.9425268961094059,0,0
C0001248,30,66,9,28.81,basic,east,0,-1.473161220326137,1,0
C0001249,50,53,2,27.21,basic,west,2,0.5318987991785802,1,0
C0001250,43,2,6,26.01,plus,west,5,0.1114243119213073,1,0
C0001251,66,12,5,28.26,basic,north,0,0.03301934094734063,1,0
C0001252,63,62,5,193.7,basic,west,1,-0.026848525441973106,1,0
C0001253,71,47,1,75.64,plus,west,2,-0.8701157964211217,0,0
C0001254,18,29,2,25.36,basic,north,0,-1.454253952729859,0,0
C0001255,70,42,0,36.58,plus,south,0,1.6608444290715654,0,0
C0001256,49,52,4,65.35,premium,north,3,0.4015402309696526,0,0
C0001257,27,12,5,39.19,plus,north,0,-0.9391139853401999,1,1
C0001258,67,41,4,17.74,premium,north,0,3.613255939070768,0,1
C0001259,73,48,3,107.73,plus,south,0,1.0713738983552634,0,0
C0001260,52,63,3,60.45,basic,north,2,1.0834847037293434,0,0
C0001261,25,22,5,38.12,basic,west,0,-0.3982058401820844,1,0
C0001262,76,38,5,133.25,basic,east,2,-0.7006902143377217,1,0
C0001263,63,55,4,50.17,basic,east,0,-1.6862141651829008,0,0
C0001264,49,20,9,38.64,basic,west,3,-0.20324149797769053,1,0
C0001265,20,63,2,58.97,premium,north,0,1.5657843630770327,0,0
C0001266,39,19,4,46.71,basic,north,3,1.1132657421953427,0,0
C0001267,36,33,5,147.99,basic,north,0,-0.5988068776968268,1,0
C0001268,76,27,3,10.24,premium,north,2,-0.49508288737547235,0,1
C0001269,26,5,3,73.84,plus,east,1,1.1328750013219595,0,0
C0001270,73,23,1,60.47,plus,west,2,1.3961580705191885,0,0
C0001271,56,52,5,45.62,basic,east,1,1.2303748390214593,1,0
C0001272,66,69,3,149.64,basic,west,2,-0.9251841460944399,0,0
C0001273,37,62,8,87.13,plus,south,0,0.29293228104167085,1,1
C0001274,51,51,5,25.34,basic,east,0,-0.09790013548478756,1,0
C0001275,53,22,2,33.99,premium,east,2,-0.4131918452797509,0,0
C0001276,36,46,3,9.1,basic,east,2,-2.6353585743983134,0,0
C0001277,31,54,3,3.47,basic,north,2,0.4835046978810725,0,0
C0001278,61,21,4,23.03,plus,north,0,-1.1814334986375932,0,0
C0001279,42,50,4,36.92,plus,north,0,-0.044071772005475435,0,0
C0001280,77,37,2,57.9,basic,south,1,-0.3395907148383298,0,0
C0001281,73,27,2,42.44,plus,east,2,-0.4905139342194377,1,0
C0001282,30,41,3,6.34,plus,south,2,0.30916638177532163,0,0
C0001283,55,14,2,98.88,premium,west,0,0.812645108648938,0,0
C0001284,63,53,6,138.98,plus,south,2,-0.8655590880214835,0,0
C0001285,48,25,3,27.35,basic,north,0,-1.9622789441517854,1,0
C0001286,34,46,1,76.46,basic,west,3,-1.541120531801055,0,0
C0001287,63,20,1,6.43,basic,north,0,0.1259894877700048,0,0
C0001288,68,24,5,89.1,premium,west,2,0.8272179774381951,1,1
C0001289,79,51,0,31.15,plus,north,0,-1.5545212526989611,0,0
C0001290,32,38,6,35.59,plus,north,4,-0.93113598112608,0,0
C0001291,38,41,5,32.63,plus,north,1,0.7698749108627553,1,0
C0001292,53,51,6,32.58,plus,north,0,0.7102542586070327,1,1
C0001293,24,53,6,73.71,premium,west,1,-0.7721611550521259,1,1
C0001294,44,8,4,52.62,plus,north,0,-0.2918058770911913,0,0
C0001295,32,68,6,380.69,basic,east,1,-1.294245654340096,1,0
C0001296,47,56,7,13.69,basic,north,1,1.1266699440756531,1,0
C0001297,27,60,3,6.66,plus,south,0,-0.00721850586947137,0,0
C0001298,39,60,4,45.2,premium,south,0,0.7374447920906855,0,0
C0001299,43,54,6,54.46,plus,north,0,-0.006188973566051592,0,1
C0001300,24,46,0,56.32,basic,north,0,-0.8474590170151973,0,0
C0001301,64,38,3,21.52,basic,east,2,-1.437494911964076,0,0
C0001302,38,52,5,63.07,basic,south,4,0.3043502764360626,1,0
C0001303,65,48,2,42.74,basic,north,3,-0.3982980865708935,0,1
C0001304,68,47,6,44.0,basic,north,1,1.3979525535111477,1,1
C0001305,24,25,3,35.16,basic,south,2,1.089076203684695,0,0
C0001306,62,7,3,50.45,basic,west,0,-0.45693025429625517,0,0
C0001307,28,33,2,83.08,basic,east,3,-0.7945294564150518,0,0
C0001308,28,15,2,94.84,basic,west,1,-0.7869698758282464,1,0
C0001309,40,10,1,42.54,basic,east,0,-0.37200190875797673,1,0
C0001310,21,61,3,57.86,basic,north,0,0.8914442174653618,0,0
C0001311,70,19,3,85.55,basic,west,1,2.098340827853795,0,1
C0001312,68,38,2,68.68,basic,south,0,2.0202332777367547,1,0
C0001313,47,39,7,25.94,plus,west,0,0.23546787819946519,1,0
C0001314,49,23,3,73.19,plus,north,0,1.4570570055631238,1,0
C0001315,51,14,3,129.26,plus,west,1,0.19359551047464835,0,0
C0001316,63,49,3,16.66,basic,south,0,-0.11112221900355224,0,0
C0001317,36,65,6,45.63,plus,south,3,-0.8258165191664996,1,0
C0001318,53,59,8,26.63,basic,east,2,-1.0002063253056415,1,1
C0001319,52,31,4,275.01,basic,south,1,2.885330852731875,0,0
C0001320,60,58,5,62.56,plus,south,0,0.8078512716526293,1,0
C0001321,55,44,3,50.21,basic,north,2,0.7057927052285711,0,0
C0001322,32,35,2,43.63,basic,east,0,-0.6393491164896438,0,0
C0001323,38,26,3,5.0,premium,east,0,-0.1773211234136628,0,1
C0001324,78,50,4,31.15,premium,south,3,0.2907953680531126,1,1
C0001325,55,46,3,100.12,premium,east,1,0.4441201070960797,0,1
C0001326,72,4,3,69.51,premium,south,0,-0.554150558362788,0,1
C0001327,64,69,3,107.17,plus,west,0,-0.8992765284418173,0,0
C0001328,21,33,3,112.12,basic,west,4,0.10305326950873653,0,0
C0001329,39,40,2,38.02,plus,north,0,-0.2093364218626344,1,0
C0001330,24,37,5,48.2,basic,south,0,0.7435040536380645,1,0
C0001331,46,23,5,55.81,basic,north,0,-0.8459417092409107,1,0
C0001332,71,23,4,55.45,basic,north,0,-0.35049382562367026,0,0
C0001333,26,71,5,59.84,basic,south,0,-0.722560694069568,1,0
C0001334,40,33,3,66.32,basic,west,1,-1.9794630722795625,0,0
C0001335,34,70,4,3.57,basic,north,2,0.6809599799024167,0,0
C0001336,44,1,1,60.19,basic,east,0,0.809389699857201,0,0
C0001337,20,42,3,26.76,premium,east,0,0.12174454307546956,0,1
C0001338,50,29,4,38.29,basic,west,1,0.7906958628706541,0,0
C0001339,21,10,4,37.37,basic,west,2,-1.0355039246540654,0,0
C0001340,59,19,7,75.33,basic,east,2,-1.1283502782112287,1,0
C0001341,23,4,3,40.35,basic,south,0,-1.5865238059090696,0,0
C0001342,19,21,1,34.97,plus,west,0,0.7481391131898477,0,0
C0001343,73,14,6,66.07,basic,east,0,1.550446332062899,1,1
C0001344,52,51,3,132.29,plus,west,3,0.5887797915383204,0,0
C0001345,63,44,12,41.76,plus,east,0,-0.6836836755865838,1,0
C0001346,45,1,2,9.03,plus,east,1,0.8930568517882905,0,0
C0001347,54,34,3,79.57,basic,south,2,2.286825168936025,0,0
C0001348,53,17,1,73.28,basic,east,2,-0.3293077402056336,0,0
C0001349,67,46,1,61.01,basic,north,1,-0.17455981227712786,0,0
C0001350,29,35,2,7.08,basic,south,1,0.47566105927500935,0,0
C0001351,28,42,8,83.6,premium,east,1,0.15822263835285505,1,1
C0001352,56,63,6,137.52,premium,north,2,0.0856415005628035,1,1
C0001353,39,44,5,60.44,plus,north,2,-1.7511003387751451,1,0
C0001354,73,51,5,7.89,basic,north,0,-1.0333608795219593,1,0
C0001355,54,33,4,32.69,plus,east,3,-0.9374071472616081,0,0
C0001356,70,16,6,22.43,basic,west,0,0.6729174190741468,1,1
C0001357,71,1,1,124.71,premium,north,1,-0.4945610818704702,1,0
C0001358,55,34,5,57.95,basic,east,0,1.3202434544460502,1,0
C0001359,51,33,3,62.48,basic,east,0,1.7613744704416878,0,0
C0001360,22,28,0,22.38,premium,north,0,-0.8616304706887378,0,1
C0001361,25,62,0,11.26,premium,west,1,-3.010601497134945,0,1
C0001362,61,7,5,21.84,premium,west,1,0.6972779835616277,1,1
C0001363,20,45,3,54.15,plus,south,0,0.8262753071854835,0,0
C0001364,62,33,5,53.64,plus,east,1,0.7143570467747394,1,0
C0001365,20,18,2,53.22,basic,west,0,0.7555396221266665,0,0
C0001366,56,10,2,26.18,basic,east,4,0.847800566880847,1,0
C0001367,64,23,7,31.56,basic,south,2,-0.9046256483342009,1,0
C0001368,53,7,2,5.5,basic,east,0,0.30099802339877135,0,0
C0001369,73,27,2,25.37,plus,west,2,1.4458702913507255,0,0
C0001370,59,28,2,106.79,basic,west,0,0.970728211686454,0,0
C0001371,27,18,3,103.87,basic,west,1,-0.6982276307086805,0,0
C0001372,58,52,4,34.74,basic,north,3,-0.685100144793715,0,1
C0001373,68,5,6,108.2,basic,north,2,-0.6838979521672943,1,0
C0001374,45,8,4,33.06,plus,east,2,-0.11954076787011285,0,0
C0001375,20,66,5,207.12,basic,east,2,-0.21257277147371054,1,0
C0001376,46,10,3,11.76,basic,west,1,1.5642647729429653,0,0
C0001377,69,60,4,36.24,basic,north,2,-0.8091035604855756,0,0
C0001378,47,2,9,143.35,basic,north,2,-0.17242421758371523,1,0
C0001379,61,18,4,32.97,plus,west,0,1.0082456570757115,1,0
C0001380,77,71,5,96.13,basic,north,0,1.0464981855171887,1,0
C0001381,47,50,4,40.77,plus,west,1,0.9664633871140499,0,0
C0001382,52,19,3,23.83,basic,west,1,0.16304870557481269,0,0
C0001383,47,9,0,8.45,premium,north,0,0.670222132628432,0,0
C0001384,54,71,6,49.68,basic,north,2,-1.12537618950085,1,0
C0001385,31,13,4,38.45,plus,south,0,-0.03989180312815283,0,0
C0001386,77,65,8,47.22,basic,east,1,-1.1111531728351047,1,1
C0001387,75,36,4,37.33,basic,west,1,1.4034626774975067,0,1
C0001388,64,55,5,74.09,basic,east,0,1.0416926550305285,1,0
C0001389,34,55,6,27.35,basic,south,1,1.8141115590936503,1,1
C0001390,18,68,4,123.13,basic,west,1,0.15791639274131944,0,1
C0001391,34,3,7,68.24,plus,south,0,1.416350010308852,1,0
C0001392,50,4,3,22.94,basic,north,2,0.616388521061401,0,0
C0001393,65,65,2,42.37,premium,west,1,-0.5827382303150427,1,1
C0001394,60,7,4,42.32,plus,east,0,0.6736169096074119,0,0
C0001395,53,16,1,124.48,basic,north,2,0.652353701214101,0,0
C0001396,18,22,6,41.76,basic,north,1,1.7571483296779347,1,0
C0001397,50,15,3,93.6,basic,east,2,-0.1441897150559719,0,0
C0001398,42,13,2,63.37,plus,north,2,-0.6776203740886048,0,0
C0001399,53,64,2,20.33,basic,north,3,-0.1758460048315048,0,1
C0001400,67,2,3,69.71,premium,east,3,0.2795966488179978,0,1
C0001401,24,16,7,35.86,basic,north,0,-0.9190607393816614,1,0
C0001402,43,35,4,57.97,plus,south,1,1.0173300430229928,1,0
C0001403,24,19,4,4.51,plus,south,0,-3.4688567172686335,1,1
C0001404,56,3,5,72.05,premium,west,0,1.6697285474266856,1,0
C0001405,78,69,3,63.84,basic,north,1,2.4152463339969947,0,1
C0001406,64,2,3,65.69,basic,east,2,1.2233240888361927,0,0
C0001407,61,12,3,11.86,plus,east,0,-0.9601015522252715,0,0
C0001408,32,36,1,81.41,basic,east,1,0.5593283217747204,0,0
C0001409,56,16,8,19.55,basic,north,1,-0.9268234066339149,1,0
C0001410,23,42,3,33.77,premium,west,0,-2.2366032309205277,0,1
C0001411,52,21,5,59.04,basic,west,1,0.2217058605316309,1,0
C0001412,32,10,2,34.3,basic,west,3,-0.8439337059195327,0,0
C0001413,32,33,4,32.18,plus,south,1,-0.9532984383831848,0,0
C0001414,26,71,4,13.15,basic,south,0,-0.4202956468532712,0,0
C0001415,27,32,5,55.5,plus,west,0,-2.3371228291118435,1,0
C0001416,75,15,2,64.46,basic,east,1,0.3186285364733805,0,0
C0001417,54,19,4,68.05,premium,north,2,-1.1320080918868938,1,0
C0001418,54,64,4,42.51,basic,north,1,-1.3186218704559292,0,1
C0001419,18,36,7,45.43,basic,north,0,-0.03268054473497537,1,0
C0001420,49,43,2,70.96,plus,east,0,0.8268275463198423,0,0
C0001421,19,17,5,75.08,basic,south,0,-2.1218280425272424,1,0
C0001422,24,20,2,42.22,basic,east,0,-0.06129212586335857,0,0
C0001423,39,36,3,126.92,basic,west,2,-0.29465394292797426,0,0
C0001424,26,3,1,76.14,basic,north,0,0.6940603265380736,0,0
C0001425,54,44,6,37.62,basic,south,0,-0.24481093048247626,1,1
C0001426,79,53,2,58.62,basic,south,1,1.098279305541433,0,0
C0001427,75,61,2,32.86,plus,west,2,-0.3171485700410845,0,0
C0001428,57,12,2,77.29,premium,north,0,1.3914697232809599,0,0
C0001429,46,5,9,77.81,premium,south,1,-0.893410697370512,1,0
C0001430,62,48,4,52.74,basic,north,1,-0.6198109586690256,0,0
C0001431,36,23,6,50.53,basic,north,0,1.262694684727943,1,0
C0001432,44,18,1,95.63,basic,south,0,-1.4056574783406963,0,0
C0001433,77,41,6,86.33,plus,north,2,-0.99621243798039,1,0
C0001434,18,37,1,29.92,basic,west,1,-1.4350881069077988,0,0
C0001435,36,65,3,157.52,basic,west,1,-0.07523767154273944,0,0
C0001436,75,68,3,34.95,plus,south,0,0.5809390067186825,0,0
C0001437,47,6,4,8.08,plus,west,1,-0.36811096022666717,0,0
C0001438,69,5,1,115.18,basic,north,0,0.30440930529736093,0,0
C0001439,47,46,2,197.66,basic,north,3,-0.17264492410665497,0,0
C0001440,42,34,5,5.67,basic,west,0,0.19737370612348265,0,0
C0001441,20,33,3,73.52,premium,south,0,2.098860107722502,0,1
C0001442,41,49,4,95.48,premium,west,2,1.8800756002727441,0,1
C0001443,24,34,4,20.96,plus,north,1,2.0106862831188033,1,0
C0001444,35,69,2,18.38,premium,south,0,0.39541119429405963,0,1
C0001445,18,3,1,17.33,basic,east,1,-0.26052844447540635,0,0
C0001446,48,32,7,130.5,basic,south,1,-0.705033849554434,0,0
C0001447,67,28,7,117.84,premium,north,0,1.16041867714585,1,0
C0001448,37,55,6,26.52,plus,east,0,1.1832994315952252,1,0
C0001449,41,21,2,106.39,plus,south,2,-0.41949228033831615,0,0
C0001450,63,8,5,76.78,basic,south,1,-0.07686903416727872,1,0
C0001451,60,33,7,48.15,basic,north,2,0.809236974959643,1,0
C0001452,79,2,3,72.51,premium,south,0,1.648395271161871,0,0
C0001453,45,20,5,59.79,plus,east,0,-0.19559952139356837,1,0
C0001454,25,19,2,69.27,premium,south,1,-0.5317882627365199,0,0
C0001455,48,63,5,58.69,plus,north,2,-0.5641043530840146,1,0
C0001456,36,27,5,45.59,basic,west,3,-1.2557517608647553,1,0
C0001457,71,56,5,15.87,plus,east,0,-0.3707937039837322,0,0
C0001458,65,56,2,195.45,basic,north,2,-0.11095424735672356,0,0
C0001459,42,65,4,115.64,basic,north,2,-0.5631075757086306,0,1
C0001460,62,53,4,53.23,basic,east,0,1.2589782050362086,0,0
C0001461,24,22,5,123.08,premium,south,1,-2.0104837525419414,1,1
C0001462,21,46,5,56.15,basic,east,1,-0.23168422306778233,0,0
C0001463,59,40,0,46.15,basic,north,2,-0.827184717176804,0,0
C0001464,20,38,3,116.71,premium,south,3,1.0196623490743908,0,0
C0001465,19,44,6,93.22,basic,east,0,0.6966983813520329,1,0
C0001466,36,19,8,20.15,plus,west,0,0.7153303873693796,1,0
C0001467,49,7,3,110.32,basic,east,1,0.3572412622808438,0,0
C0001468,56,55,6,43.12,plus,east,1,-0.47540062023255714,1,0
C0001469,40,11,5,31.6,basic,north,1,1.043428923525207,0,0
C0001470,73,36,4,74.29,plus,east,0,0.16994174875609402,0,0
C0001471,44,31,5,44.99,premium,north,1,-0.03264423239777109,1,0
C0001472,31,26,4,41.89,plus,west,0,0.4660240094513865,0,0
C0001473,63,36,4,52.38,plus,west,1,0.6243302457085295,0,0
C0001474,76,5,4,73.26,basic,north,1,1.2058040276223498,0,0
C0001475,70,8,2,66.18,basic,north,0,1.420320048563331,0,0
C0001476,33,48,2,22.28,premium,west,0,-1.6840681408845641,0,1
C0001477,77,30,5,16.18,plus,south,0,1.3189290887325722,1,0
C0001478,47,9,4,115.43,basic,west,1,-0.6532137094479286,0,0
C0001479,66,3,3,85.49,premium,west,0,-0.3636584661784534,0,0
C0001480,35,57,4,121.84,basic,north,0,-1.6930548600217827,0,0
C0001481,68,10,4,53.83,basic,east,0,0.6474117971871044,0,0
C0001482,41,54,7,37.53,plus,west,0,0.8760015721493252,1,0
C0001483,76,53,3,12.99,basic,east,1,0.8550712046346152,0,1
C0001484,71,31,5,21.17,plus,south,0,-1.2659604366099442,1,0
C0001485,41,48,2,53.83,basic,north,0,0.8244131748425787,0,0
C0001486,37,31,6,25.87,basic,west,1,-0.30187462800364456,1,0
C0001487,39,61,4,27.45,basic,south,1,-0.0006799378079844337,0,0
C0001488,32,45,4,133.49,premium,east,1,-1.1550017662302439,0,0
C0001489,19,54,4,39.47,basic,east,1,-0.7449527099251819,0,0
C0001490,64,27,5,15.78,premium,south,2,0.6665607447776211,1,0
C0001491,46,52,4,58.79,basic,west,1,0.03477977543367881,0,0
C0001492,76,42,2,18.31,basic,east,4,-0.00731421108824179,0,0
C0001493,21,42,1,43.12,plus,east,1,-1.4641213847525716,0,0
C0001494,29,26,4,69.17,basic,west,0,0.4210645975056616,0,0
C0001495,31,8,6,53.37,basic,east,1,0.009192487841375585,1,1
C0001496,34,6,3,21.52,basic,north,0,0.19175465109880163,0,0
C0001497,43,51,3,99.66,plus,south,2,0.6483851933739441,0,0
C0001498,59,52,1,32.55,plus,east,3,0.2747234646974017,0,0
C0001499,43,11,5,156.56,plus,east,1,-0.09995579894365177,0,0
C0001500,74,27,8,79.07,premium,west,2,-1.1851384890090972,0,1
C0001501,65,50,9,71.44,basic,north,0,-0.5139800287032672,0,0
C0001502,50,44,4,49.81,basic,south,0,1.5182862306004006,0,0
C0001503,46,70,1,31.12,basic,east,0,-0.39296271117219,0,0
C0001504,44,36,4,24.85,basic,south,1,-0.12400280193684084,0,0
C0001505,61,61,4,21.82,premium,west,0,2.7615507428580712,0,0
C0001506,27,19,5,65.56,premium,north,1,0.48040282242616233,1,1
C0001507,19,65,4,11.19,basic,north,0,0.41668413834660545,1,0
C0001508,74,59,2,19.43,plus,south,2,1.213782508888406,0,0
C0001509,62,25,3,23.0,plus,south,1,0.7854275739581574,0,0
C0001510,25,26,3,54.07,basic,south,1,1.3216908737879127,1,0
C0001511,65,38,3,128.19,basic,east,1,-0.11483981887576389,0,0
C0001512,75,57,4,23.77,plus,west,0,-0.5806849327449972,0,0
C0001513,18,37,4,58.14,basic,north,0,-1.0109327817294533,0,1
C0001514,41,10,0,72.79,basic,west,1,-1.0693364145047757,0,0
C0001515,39,45,2,28.51,basic,east,0,0.14186555705990633,1,0
C0001516,49,52,4,8.92,plus,north,0,0.37361746302038523,0,0
C0001517,57,71,3,15.06,basic,north,2,-1.1492340550486055,1,0
C0001518,25,64,5,38.33,basic,south,1,2.3943337318376856,1,1
C0001519,26,7,6,71.12,premium,east,1,-0.6646966711932573,1,1
C0001520,39,9,4,68.83,basic,north,0,-0.7419914181471462,0,0
C0001521,67,28,4,78.15,basic,west,0,1.263366265550811,0,1
C0001522,42,66,3,60.41,basic,west,0,-0.7153457231067307,0,0
C0001523,78,36,5,153.63,plus,south,2,-0.4717809188294621,1,0
C0001524,28,9,4,20.79,premium,west,2,0.9511034455297783,1,1
C0001525,66,41,1,92.9,premium,north,1,-1.456987314434001,0,0
C0001526,38,35,3,80.21,basic,south,0,1.3490590572529269,0,0
C0001527,56,16,6,38.99,plus,north,2,-0.6238250633104503,1,0
C0001528,33,47,4,56.12,plus,east,2,0.7562414490666233,0,0
C0001529,66,36,4,21.85,basic,east,1,-1.3268437658474388,0,0
C0001530,24,61,2,108.34,basic,east,1,-0.94587405297051,0,0
C0001531,76,66,3,104.08,basic,north,2,2.2153116503929504,0,1
C0001532,67,65,4,18.14,premium,east,1,-0.7967441050166257,0,1
C0001533,77,18,4,58.77,basic,north,1,0.7484697713408288,0,1
C0001534,66,17,9,103.64,basic,west,0,-0.4545625063388041,1,0
C0001535,38,6,5,13.85,premium,south,0,0.3393722250139512,1,1
C0001536,28,42,3,98.08,premium,north,1,1.1188063637377985,0,0
C0001537,58,37,4,104.72,basic,east,1,0.1027733576874816,1,0
C0001538,20,39,3,102.91,plus,north,0,-2.602387557730842,0,1
C0001539,23,44,2,23.07,basic,west,1,1.1583723534165116,0,0
C0001540,79,30,3,14.85,basic,east,0,-0.09991560795986505,0,0
C0001541,74,68,6,53.72,plus,south,1,1.4398879639596085,1,0
C0001542,23,65,7,69.1,premium,west,0,-0.1402847238111134,1,0
C0001543,21,58,4,75.02,plus,north,1,-0.5015721776031925,0,1
C0001544,23,5,5,137.53,premium,north,0,1.1197165674748255,1,1
C0001545,35,36,4,53.67,plus,south,2,0.06306006068151104,0,0
C0001546,66,57,7,29.11,basic,west,0,-1.1568507087821804,1,0
C0001547,53,53,4,167.19,basic,north,0,-0.36892439952697226,0,0
C0001548,28,29,2,46.18,basic,west,0,1.0049724919265386,0,0
C0001549,31,17,4,27.07,plus,west,0,-0.5139506224602158,0,0
C0001550,19,30,4,27.31,basic,south,1,-0.022154365998555758,0,0
C0001551,44,66,5,92.63,plus,west,1,-0.483886013899656,1,0
C0001552,42,66,8,37.41,premium,east,1,-0.2635878620670378,1,1
C0001553,39,71,3,25.93,plus,west,0,-0.7709855691346134,0,0
C0001554,45,40,3,89.81,basic,east,1,1.3746429897684074,0,0
C0001555,59,23,2,37.52,plus,west,2,-1.208875900917328,0,0
C0001556,18,14,0,63.55,plus,south,0,-0.5633798718471239,0,0
C0001557,50,59,4,175.62,basic,south,0,0.3409476951283686,0,0
C0001558,37,23,7,105.51,basic,east,2,1.3637687191116203,1,0
C0001559,69,15,1,33.73,premium,south,1,-2.3012268859517833,0,1
C0001560,44,31,7,42.21,basic,north,0,0.9077404775658368,1,0
C0001561,56,8,2,23.83,plus,east,2,0.8576944912577276,0,0
C0001562,40,50,6,71.54,premium,west,1,-0.7068519812405566,1,1
C0001563,62,47,2,27.41,basic,east,1,1.6514500530755505,1,0
C0001564,77,60,1,44.83,plus,north,1,-1.1659510929091281,0,0
C0001565,19,71,4,73.82,plus,south,1,0.6254301878395729,0,0
C0001566,38,6,8,10.6,basic,west,0,-0.21929916399643817,1,0
C0001567,59,41,7,67.32,premium,west,3,-1.0259926545971034,1,0
C0001568,22,6,6,76.54,plus,east,0,-0.5824302204043574,0,0
C0001569,74,52,3,62.54,basic,south,0,0.3798429360136621,1,0
C0001570,28,56,5,57.82,premium,east,0,0.07216042780555118,1,1
C0001571,26,23,1,77.29,plus,west,1,-1.230624517850927,0,0
C0001572,50,13,4,68.07,basic,north,0,2.3227944203632322,0,0
C0001573,66,67,6,83.31,premium,west,1,-1.767578107468743,1,1
C0001574,77,69,3,69.83,basic,south,2,0.4034027566078116,0,0
C0001575,66,8,0,3.22,basic,south,0,0.9785141199420655,0,0
C0001576,66,33,3,91.23,plus,west,0,0.33929575417933794,0,0
C0001577,23,18,7,54.43,plus,west,0,-1.2226620700469353,1,0
C0001578,22,48,5,20.96,premium,north,1,0.8750416514918742,1,0
C0001579,56,56,7,57.75,basic,north,0,0.03324573020590238,1,0
C0001580,65,56,5,51.47,basic,east,0,-1.1791807543505415,1,0
C0001581,37,67,6,140.04,premium,south,0,-0.7967506526474794,1,1
C0001582,76,11,2,6.52,plus,east,1,-0.2443240063149921,0,0
C0001583,40,62,3,35.28,plus,east,1,1.2266593494513216,0,0
C0001584,52,37,5,79.16,plus,east,2,-0.801143602902839,1,0
C0001585,79,53,5,88.53,basic,west,2,0.5348515048617105,1,0
C0001586,67,59,4,59.3,premium,west,5,-0.9063433901896037,0,1
C0001587,53,16,1,28.89,basic,east,0,0.4458560908018907,0,0
C0001588,67,8,2,73.93,plus,east,1,0.35664941213208684,0,0
C0001589,47,25,4,91.45,basic,north,0,-0.7670163092549834,0,0
C0001590,49,15,5,41.75,basic,east,0,-0.21392717572260142,1,0
C0001591,67,41,4,36.48,basic,east,0,0.9584684971276487,0,0
C0001592,75,2,5,44.03,basic,north,1,-0.8091232353457112,0,0
C0001593,42,44,4,53.16,premium,east,1,-0.2318878843610153,0,1
C0001594,39,12,5,25.4,plus,east,0,-1.176146793233708,1,0
C0001595,26,39,3,71.65,premium,east,2,1.7404799176603565,0,1
C0001596,22,55,8,88.56,premium,north,2,-0.7738348829461739,1,0
C0001597,78,53,3,17.17,basic,east,0,-0.18704076308229622,0,0
C0001598,46,53,8,82.32,basic,south,0,-0.6758869113400231,1,0
C0001599,28,17,7,30.69,premium,south,1,0.014321337709555989,1,0
C0001600,70,24,5,38.39,plus,east,3,-0.9687015033655956,1,0
C0001601,73,23,7,38.18,basic,north,1,0.6076317873501709,1,1
C0001602,78,48,3,93.04,plus,east,0,-0.20655868185609585,0,0
C0001603,78,2,3,126.9,plus,east,4,1.2715524100220756,0,0
C0001604,74,54,4,56.29,plus,east,2,1.971610805686542,0,0
C0001605,47,3,2,25.29,basic,west,1,-0.6231894809384644,0,0
C0001606,59,17,5,51.81,basic,north,0,0.6589463483782254,1,0
C0001607,25,52,3,46.25,plus,south,0,-0.16186675079751162,0,0
C0001608,73,65,5,29.59,basic,south,0,0.5452919151605362,1,0
C0001609,46,34,5,50.51,basic,north,0,-0.23628569858420692,0,0
C0001610,40,20,6,226.6,plus,west,0,0.33755824829624326,1,0
C0001611,51,14,7,113.18,plus,south,2,0.994569659639379,1,1
C0001612,28,6,4,41.23,plus,west,0,-0.22524364547817646,0,0
C0001613,66,6,2,43.56,premium,north,1,0.39431756424119974,0,1
C0001614,68,16,3,60.77,basic,east,2,-1.1644705743324983,0,0
C0001615,79,38,4,102.75,plus,north,0,1.1667961279162375,0,0
C0001616,30,24,5,6.8,premium,west,1,-1.699620057582807,1,0
C0001617,33,70,12,39.11,basic,east,1,-0.04682112396607195,1,1
C0001618,39,29,4,63.24,basic,east,0,-2.561751921900614,1,0
C0001619,20,65,4,68.73,premium,west,0,0.5739532370886258,0,0
C0001620,29,48,1,132.97,basic,north,0,-0.8560587864067396,1,1
C0001621,78,53,5,103.65,basic,west,1,-1.2689769159111353,1,0
C0001622,61,63,3,55.77,plus,west,2,-1.3386651729375945,0,0
C0001623,18,58,7,49.38,basic,west,2,-0.3294283574400056,0,0
C0001624,56,46,4,12.45,plus,west,0,0.17042163543313,0,0
C0001625,77,23,10,71.46,premium,south,0,0.3137146657921704,1,1
C0001626,22,4,1,50.33,premium,north,3,0.08467711540667462,0,0
C0001627,73,8,6,56.72,plus,west,1,-1.1299399044242588,1,0
C0001628,23,9,6,52.3,plus,south,1,-1.2217106757680332,1,0
C0001629,73,30,5,97.53,basic,east,1,-0.8239919836568473,1,0
C0001630,79,63,4,44.09,basic,north,0,0.35817433164925583,0,1
C0001631,42,71,8,58.79,premium,east,0,1.5779053015364737,1,1
C0001632,44,56,4,86.25,plus,east,0,-2.0781118485054026,0,0
C0001633,30,26,7,137.11,plus,east,0,0.9623964521962813,1,1
C0001634,27,46,2,59.57,plus,south,1,0.16132965995919843,0,0
C0001635,55,66,6,64.77,premium,east,1,-1.094744079786516,0,0
C0001636,75,12,4,63.49,plus,west,1,-1.4583083037708506,0,0
C0001637,44,48,0,45.79,basic,south,2,-0.6195722191386874,0,0
C0001638,48,19,5,130.89,basic,east,0,0.2158663918180947,0,0
C0001639,62,57,1,49.4,plus,north,0,-1.0020180239036083,0,0
C0001640,74,44,5,67.22,plus,north,1,-0.1814493082475085,1,1
C0001641,29,19,6,38.06,plus,south,1,0.37766623071569433,1,1
C0001642,18,54,6,15.78,premium,west,0,0.808404258815204,0,0
C0001643,47,26,1,35.5,basic,south,0,0.06436147794147379,0,0
C0001644,53,60,5,2.61,basic,south,2,0.04299465725743053,1,0
C0001645,74,13,2,90.97,basic,east,1,-0.30530337125899065,0,0
C0001646,20,39,4,56.39,premium,east,1,2.0362927138238964,0,1
C0001647,54,35,5,14.19,plus,north,0,0.8024788163470783,1,0
C0001648,31,58,7,35.47,premium,east,1,-1.3657025783293981,1,1
C0001649,75,8,4,77.27,premium,west,1,-1.1177995790207285,0,0
C0001650,63,30,6,96.03,basic,south,2,-0.9476825981162001,1,1
C0001651,64,64,2,64.13,basic,west,0,-0.34361292776920827,0,0
C0001652,76,41,2,62.63,basic,east,0,-0.9080019776226442,0,0
C0001653,26,19,1,118.18,basic,east,0,-0.7085014341375451,1,0
C0001654,41,53,4,79.56,premium,south,0,-0.1594266805153964,0,0
C0001655,58,19,5,105.72,basic,south,1,-0.44625696239059404,1,0
C0001656,55,7,1,56.22,basic,west,0,-1.4412832438982954,0,0
C0001657,29,4,5,74.87,plus,east,1,1.9980668985312078,1,0
C0001658,18,50,1,34.86,basic,north,0,0.6955807580539529,0,0
C0001659,22,61,4,46.22,plus,north,0,0.6155415080482735,0,0
C0001660,28,2,3,17.54,basic,east,2,1.2188813389751996,0,0
C0001661,55,16,5,70.07,basic,north,3,-1.4199354792694485,1,0
C0001662,38,62,4,34.09,plus,west,0,1.5778314460735139,1,0
C0001663,18,17,2,19.72,basic,east,2,0.054449040753132845,0,0
C0001664,73,42,8,12.89,basic,south,1,0.8398698794193865,1,1
C0001665,21,54,6,89.44,premium,east,3,-0.48610765390093974,1,1
C0001666,20,54,5,20.68,basic,east,0,-1.2745096726736318,1,0
C0001667,42,36,4,32.4,basic,south,2,-0.08457837384790377,0,0
C0001668,58,25,7,150.63,premium,east,1,0.003305660593510533,1,1
C0001669,29,20,3,17.64,basic,south,0,0.7542585796526624,0,0
C0001670,34,65,4,141.61,plus,east,1,-0.8710440646654234,0,0
C0001671,59,60,4,12.63,basic,south,0,-1.0363099007625582,0,0
C0001672,78,6,3,32.14,basic,south,0,-0.9151302373567228,0,0
C0001673,35,2,6,39.87,basic,east,0,0.10975909408117235,1,1
C0001674,38,8,4,89.23,basic,east,0,-0.18320913982541745,0,0
C0001675,32,60,6,26.58,basic,west,0,-1.666492153359832,1,0
C0001676,55,71,4,125.47,basic,north,0,0.23530038330022177,0,0
C0001677,52,51,4,37.81,premium,west,1,-2.0687287963789145,0,0
C0001678,68,18,4,53.42,plus,west,3,0.47226890166741986,0,0
C0001679,50,52,3,40.27,plus,east,0,0.3910665424490186,0,0
C0001680,50,41,5,147.04,plus,south,1,-1.2517441731649062,1,0
C0001681,70,17,4,46.96,basic,east,1,-1.4997298657326825,0,0
C0001682,51,46,3,8.55,basic,south,2,-0.6617249991010148,0,0
C0001683,68,36,4,73.55,plus,west,0,1.1153633983947113,0,0
C0001684,63,24,1,9.72,plus,west,1,-0.24322221946768355,0,0
C0001685,75,44,4,58.68,basic,east,2,1.6815886283077557,0,0
C0001686,75,21,8,31.63,premium,north,1,-0.5591974376150575,1,0
C0001687,24,5,4,97.04,basic,west,1,-0.36671787417612595,0,0
C0001688,38,16,4,19.08,basic,west,1,-0.6577770782035383,0,0
C0001689,21,67,3,59.99,plus,west,0,0.10294328053202416,0,0
C0001690,75,33,3,144.66,basic,west,1,0.30341329609373724,0,0
C0001691,64,43,4,24.47,basic,north,0,-0.08117536953226244,0,0
C0001692,73,66,5,22.95,basic,east,2,0.34931281288159344,1,0
C0001693,42,8,4,20.05,premium,north,1,0.3884942863841333,0,1
C0001694,79,59,5,29.94,basic,south,1,-0.3936682704869838,1,0
C0001695,21,36,4,73.25,plus,south,1,-0.1750603133883461,1,0
C0001696,47,24,7,63.78,premium,east,1,0.9595673009266222,1,0
C0001697,50,68,5,34.08,plus,north,2,1.4122433527018363,1,0
C0001698,71,33,8,158.99,plus,south,1,1.7567008678872194,1,1
C0001699,37,66,1,83.22,premium,north,0,1.5303925768479867,0,1
C0001700,28,45,0,40.98,plus,north,3,0.9736753771337453,0,1
C0001701,31,43,1,18.11,basic,south,0,0.820148677974533,0,0
C0001702,57,17,5,41.4,premium,west,0,-1.1878388586171678,1,0
C0001703,59,16,1,156.37,plus,north,1,1.2784564021905471,0,0
C0001704,45,34,4,50.16,plus,west,1,-1.2469228980533378,0,0
C0001705,63,46,5,21.59,premium,south,0,-0.27679717059720377,1,1
C0001706,67,55,3,102.27,basic,west,0,-0.47885934229686195,0,0
C0001707,34,29,5,47.37,basic,south,5,1.724560168482856,1,0
C0001708,71,15,3,23.9,premium,west,1,0.6796795693279829,0,1
C0001709,59,39,2,107.15,basic,north,1,-1.2356211645417585,0,0
C0001710,70,9,3,80.07,premium,south,1,0.28026281971727834,0,0
C0001711,32,58,4,22.35,basic,south,3,0.8354425969827719,0,0
C0001712,61,28,5,2.92,plus,south,0,0.7629198449806527,1,0
C0001713,72,52,3,30.06,basic,east,1,-0.6150855679522738,1,0
C0001714,66,9,4,39.7,plus,west,1,-1.1926828537129093,0,0
C0001715,42,34,2,42.91,plus,west,2,-0.7558442347144924,0,0
C0001716,21,7,4,67.78,basic,north,1,1.3208882204680472,0,0
C0001717,47,68,3,16.33,plus,south,4,0.738371499043746,0,0
C0001718,60,42,4,62.58,plus,east,0,-0.14667369420073922,0,0
C0001719,28,55,1,64.18,plus,west,0,-1.8577266836266018,0,0
C0001720,49,48,1,110.38,basic,west,2,0.7304806642202817,0,0
C0001721,46,20,6,35.46,plus,west,0,-0.9790018360776547,1,0
C0001722,78,1,7,65.03,plus,south,1,-1.6177981356778341,1,1
C0001723,35,64,2,34.37,premium,north,1,0.1672177090165657,0,0
C0001724,62,25,5,43.01,basic,south,1,1.000910844833104,0,0
C0001725,66,4,3,60.17,premium,north,2,0.579453916373064,0,1
C0001726,42,17,1,179.84,plus,north,0,-1.3770486813593914,0,0
C0001727,26,6,6,22.24,premium,east,0,-1.1279522985499721,1,0
C0001728,59,71,5,59.27,basic,south,3,-1.363616379057888,1,0
C0001729,51,52,4,108.14,basic,west,3,0.577052316965913,0,0
C0001730,74,36,6,18.77,plus,east,2,-0.9083077919785089,1,0
C0001731,43,32,0,45.29,basic,south,0,-0.9344663165830002,1,0
C0001732,36,22,5,22.88,plus,south,4,-0.25176289424705284,1,0
C0001733,74,51,3,38.81,basic,west,0,-1.9177168260048973,0,1
C0001734,43,22,2,75.18,basic,south,0,0.9162348468875298,0,0
C0001735,58,3,2,99.6,plus,north,0,0.23533039327997057,0,0
C0001736,32,70,2,63.51,basic,east,0,0.8951551253384673,0,0
C0001737,52,4,4,33.5,premium,east,3,0.7564346170671805,0,1
C0001738,50,42,4,37.37,basic,west,0,0.1616905694344456,0,0
C0001739,27,36,5,123.34,basic,west,2,0.8617466954164219,1,0
C0001740,79,25,3,79.25,basic,south,0,-1.511183589025586,0,0
C0001741,24,18,6,10.71,plus,south,1,1.6643981692911294,1,0
C0001742,37,4,4,121.51,basic,south,1,-1.1531547659261696,0,0
C0001743,55,40,4,91.09,premium,west,2,1.2884845521146684,0,1
C0001744,33,13,6,11.3,basic,north,1,-1.5107667042862987,1,0
C0001745,75,35,8,32.09,premium,south,0,0.18582570967450948,1,0
C0001746,41,45,4,97.51,basic,north,0,-1.2223245973510024,0,0
C0001747,23,36,2,32.74,plus,west,1,0.358795921953127,1,0
C0001748,22,53,5,26.41,plus,south,1,1.1661783522298266,1,0
C0001749,44,67,2,71.41,basic,east,2,-1.6341977238916419,0,0
C0001750,29,18,2,92.32,plus,north,1,-1.3049312929319197,0,0
C0001751,40,11,1,35.21,plus,west,0,1.014733469850742,0,0
C0001752,50,57,2,64.21,plus,north,3,-0.9336094528323047,0,0
C0001753,19,52,4,40.03,basic,east,3,1.0767297588378353,0,1
C0001754,63,65,5,29.2,plus,east,1,0.8424339439137307,1,0
C0001755,56,45,4,45.29,plus,south,1,-0.7851175128685006,0,1
C0001756,76,18,3,97.91,plus,west,2,-1.1395005365162987,1,0
C0001757,46,45,4,60.8,premium,south,1,-0.17233519526062843,0,0
C0001758,61,64,4,27.46,basic,east,2,-1.6675607816101323,0,0
C0001759,47,18,6,9.43,plus,south,2,-1.23484064974298,1,0
C0001760,29,52,6,37.21,basic,west,0,-0.7174457411711501,1,0
C0001761,69,58,4,56.69,plus,east,0,0.9553810130364773,0,0
C0001762,60,60,3,10.81,plus,south,0,0.4484078237009562,0,0
C0001763,56,66,5,78.4,premium,west,1,-1.5507436070396627,1,0
C0001764,55,52,2,77.09,plus,north,1,-2.0214868715414647,0,0
C0001765,32,61,1,63.43,plus,south,1,0.8234588754064093,1,0
C0001766,41,39,4,89.49,basic,north,1,-0.24075621522832927,0,0
C0001767,77,43,5,8.03,plus,west,2,-1.2313457431512924,1,0
C0001768,64,36,7,66.99,basic,east,2,-0.06817077483914846,1,0
C0001769,75,68,2,161.59,premium,west,2,0.6003772526412472,1,0
C0001770,37,57,2,61.45,plus,east,0,-1.142268893789749,0,0
C0001771,60,61,5,147.23,basic,north,2,-1.1059073800556576,1,0
C0001772,63,61,6,43.56,basic,south,0,0.2755086484118528,1,0
C0001773,25,34,1,72.52,basic,north,2,0.6136115978738027,1,0
C0001774,51,36,4,30.51,premium,south,0,0.2808345169586422,0,1
C0001775,57,45,3,33.99,basic,east,2,1.508364827979153,1,0
C0001776,18,63,3,14.37,premium,west,0,0.8127315815915183,0,0
C0001777,18,71,4,68.32,plus,south,0,1.0477195182457217,0,0
C0001778,18,35,1,63.16,plus,north,2,-0.39869397202796103,0,0
C0001779,35,3,3,21.87,premium,west,1,-1.0410557426946123,0,0
C0001780,49,49,5,108.26,premium,south,2,-0.5100918322324518,1,1
C0001781,44,65,4,51.72,premium,east,0,0.6232295579799478,0,0
C0001782,42,6,4,70.97,premium,east,0,1.808685198835553,0,1
C0001783,46,25,7,10.44,basic,west,1,0.05850116798787138,1,0
C0001784,19,40,4,94.97,premium,north,1,-0.3023210265136564,0,1
C0001785,66,53,1,14.83,basic,north,0,-0.48470036966701335,0,0
C0001786,51,71,3,101.98,plus,south,2,-0.19766526585450606,0,0
C0001787,52,37,4,58.64,basic,east,0,-0.153549855443577,0,0
C0001788,25,33,7,40.81,plus,west,1,-1.2580602171686932,1,1
C0001789,58,11,3,42.88,premium,north,2,0.307988458404068,0,1
C0001790,55,35,10,46.69,basic,south,1,-0.7354320835791658,1,1
C0001791,45,7,7,50.75,plus,south,1,1.2649876576125054,0,0
C0001792,24,55,5,8.79,plus,east,2,0.8330971468919168,1,0
C0001793,63,58,2,254.51,plus,south,2,-0.11703110872185321,0,0
C0001794,54,48,5,80.3,plus,north,1,-0.238063740722618,1,0
C0001795,29,69,3,120.25,basic,east,1,-0.03434394896402945,0,0
C0001796,33,51,8,16.27,basic,west,0,-1.3172415304122678,1,1
C0001797,73,62,3,47.18,plus,north,0,-1.3996386146405744,0,1
C0001798,34,40,4,49.88,plus,north,1,0.09636420832189248,0,1
C0001799,70,49,2,53.42,basic,east,0,-1.3303399422478783,1,0
C0001800,64,7,2,24.87,basic,north,1,2.157578257258462,1,1
C0001801,74,20,5,51.46,plus,north,1,0.6618550208637396,1,0
C0001802,74,5,3,37.78,plus,south,1,1.7335355794649576,0,0
C0001803,76,56,3,50.3,premium,south,0,0.06391617515099716,0,1
C0001804,74,38,6,16.03,plus,west,1,0.33747774088023663,1,0
C0001805,66,71,4,109.77,premium,west,0,-1.090152586006548,0,0
C0001806,18,8,4,68.14,plus,east,3,-1.674756441493613,1,0
C0001807,36,57,3,52.27,basic,north,1,0.9152576385020933,0,0
C0001808,25,70,6,49.77,basic,east,0,1.9170223978254726,1,0
C0001809,74,59,2,54.04,basic,north,0,-0.5251890979785283,0,1
C0001810,29,13,2,30.6,plus,east,1,0.6240603617556452,0,0
C0001811,68,13,2,29.7,plus,north,1,1.8611258838600788,0,0
C0001812,71,62,3,15.96,basic,west,1,1.8477800557570967,0,0
C0001813,47,48,2,31.1,basic,south,0,-0.5633484465732886,0,0
C0001814,51,67,6,15.72,premium,south,0,1.4938558188164612,1,1
C0001815,24,57,4,127.21,basic,south,0,0.4096310879437239,0,0
C0001816,78,34,4,40.12,basic,south,1,0.18464397492241363,0,0
C0001817,78,63,8,134.83,premium,south,2,0.8825927792977073,1,0
C0001818,52,57,6,131.05,basic,north,1,0.14180109786359923,1,0
C0001819,31,61,3,19.24,premium,west,3,-1.6132296406564102,0,0
C0001820,30,45,5,26.84,premium,west,1,0.5788057669897955,1,1
C0001821,28,37,7,84.44,premium,south,1,0.027845382502327005,1,0
C0001822,42,46,3,132.5,plus,east,1,0.24108075670579573,1,0
C0001823,52,9,2,47.82,basic,west,0,-0.9677678160447832,0,0
C0001824,77,61,3,26.37,premium,west,1,-0.003636909689225582,1,0
C0001825,71,12,2,126.01,basic,south,0,1.2421290887240009,0,0
C0001826,60,57,3,121.37,basic,east,0,-0.5571635150860461,0,0
C0001827,34,70,2,50.93,premium,north,1,-0.35376266021539204,0,0
C0001828,75,71,2,92.18,premium,west,2,0.34173119651198997,0,0
C0001829,30,26,4,104.56,basic,south,3,0.8897129220687208,0,0
C0001830,32,4,8,28.48,premium,south,0,0.8762406363257873,1,1
C0001831,66,10,1,39.04,basic,east,2,0.4052805202379216,0,0
C0001832,60,27,3,36.98,basic,south,1,0.7705699626690161,0,0
C0001833,53,43,4,48.66,basic,east,1,-0.816981712764049,0,0
C0001834,74,41,6,60.03,basic,west,1,1.4448464300153943,1,0
C0001835,53,65,2,105.2,basic,south,1,-0.31136426078281615,0,0
C0001836,22,22,5,33.94,plus,east,4,-1.217882454421049,1,0
C0001837,54,4,4,40.35,basic,south,1,-0.19266735106802788,0,0
C0001838,24,19,2,36.95,plus,north,0,-0.6672941997446157,0,0
C0001839,68,2,2,51.86,premium,north,3,0.22888196340873448,0,0
C0001840,36,39,3,135.12,plus,east,2,0.015578516307206325,0,0
C0001841,66,13,5,58.9,basic,east,1,-0.6969597193071095,1,0
C0001842,75,19,4,70.24,basic,south,0,0.4804218588887281,0,0
C0001843,34,40,3,23.31,plus,south,0,0.24925589452673527,0,0
C0001844,74,1,5,35.3,basic,east,1,1.6022646887606038,1,0
C0001845,40,28,1,45.52,premium,south,0,0.271609960136744,0,1
C0001846,41,44,4,60.88,basic,east,0,0.429101863311538,0,0
C0001847,79,5,5,57.17,basic,west,2,-1.6239728681157322,0,0
C0001848,75,23,4,17.86,plus,north,2,-1.0845803382576567,0,0
C0001849,69,33,1,28.19,basic,east,2,0.8300182371007581,1,0
C0001850,20,44,5,3.63,plus,south,0,0.4208700886975778,1,0
C0001851,51,52,6,139.38,plus,west,1,-1.2491097175672794,1,1
C0001852,29,7,1,30.39,plus,north,0,-1.5166501880437502,1,0
C0001853,37,13,7,26.49,basic,west,0,0.5675206945080449,1,0
C0001854,45,66,4,11.7,plus,west,1,0.16243787222064887,0,0
C0001855,73,34,4,112.8,premium,south,0,-0.303268122710124,0,1
C0001856,67,52,5,39.04,premium,west,0,0.3118197818759813,1,1
C0001857,35,5,1,159.7,premium,south,2,-0.9413207951459497,0,1
C0001858,77,58,5,29.95,basic,east,1,0.4822468589996166,1,0
C0001859,46,63,4,78.99,plus,east,1,-0.26577889720742415,0,0
C0001860,61,13,3,107.93,basic,east,1,2.314321260642126,0,0
C0001861,54,37,2,58.09,plus,east,2,-0.07155791539944636,1,0
C0001862,27,9,2,61.88,basic,north,1,0.7192106740242763,0,0
C0001863,65,42,3,15.83,basic,west,1,-0.9160612976897794,0,0
C0001864,52,31,4,57.93,plus,west,1,0.49141359055969486,0,0
C0001865,61,46,4,89.46,basic,south,1,-0.0997769718223836,0,0
C0001866,18,61,2,110.28,premium,south,3,0.6885375903129102,0,1
C0001867,60,52,2,36.9,plus,west,0,-0.6569565798402204,0,0
C0001868,28,7,4,52.39,basic,west,0,-1.360476186420794,0,0
C0001869,30,14,5,63.91,premium,east,3,0.5333590219470536,1,1
C0001870,72,17,4,53.79,basic,east,1,-1.0769362977715498,0,0
C0001871,38,53,3,147.89,premium,west,0,-0.16720744983567626,0,1
C0001872,78,58,6,50.22,plus,east,4,0.9936308523064509,1,0
C0001873,64,38,3,72.43,basic,north,0,0.08390196478245279,0,0
C0001874,65,9,3,50.06,basic,south,6,-0.34526251854043377,0,0
C0001875,53,23,3,123.91,basic,south,1,-0.2585723084563808,0,0
C0001876,64,1,2,42.92,basic,east,1,1.6888871472903997,0,0
C0001877,74,46,3,50.03,premium,north,2,0.40493628735463383,0,0
C0001878,30,64,5,34.43,basic,east,1,-0.22245325202690558,1,0
C0001879,22,25,3,42.68,basic,north,1,0.11664694616008968,0,0
C0001880,51,39,3,38.55,plus,south,0,1.1937242655853793,0,0
C0001881,79,20,4,36.45,basic,south,0,-0.8459021542529739,0,0
C0001882,62,54,3,35.65,plus,south,1,0.7335996832054873,0,0
C0001883,48,41,7,27.16,premium,west,1,-1.3365791365447304,0,1
C0001884,49,20,8,79.18,basic,north,1,-1.1822830629921453,1,0
C0001885,36,20,3,104.32,premium,west,0,0.5146400794080283,0,0
C0001886,49,46,6,136.21,basic,east,3,-0.5787268300757452,1,1
C0001887,24,71,5,194.54,basic,south,0,0.750410714529958,1,0
C0001888,20,39,7,153.56,plus,north,1,-0.46085251859819015,1,0
C0001889,22,40,6,166.88,basic,south,1,0.13778102189524946,0,0
C0001890,71,5,1,10.57,basic,west,2,1.058889754061637,0,0
C0001891,79,31,4,20.89,premium,west,1,-1.3820810290628536,0,1
C0001892,66,58,6,6.59,plus,north,1,0.4818870662675992,1,0
C0001893,66,26,7,17.86,basic,east,1,0.9554760010642896,1,0
C0001894,45,23,0,53.39,basic,east,0,0.2660694416170431,0,1
C0001895,78,3,5,34.7,basic,south,0,1.5634238672251122,1,0
C0001896,55,62,8,132.66,basic,south,2,1.840610013202715,1,1
C0001897,70,25,6,35.06,plus,east,0,0.3103412195441968,0,0
C0001898,66,17,2,79.3,basic,north,1,0.40955407264514265,0,0
C0001899,44,57,4,85.43,plus,south,1,-1.748541118026939,0,1
C0001900,48,12,5,33.52,plus,west,2,-2.49018476047878,1,0
C0001901,29,15,5,45.85,plus,west,1,-0.4006803466268007,1,0
C0001902,62,62,4,69.1,basic,north,0,1.8000091582275188,0,0
C0001903,51,32,7,52.28,plus,west,0,-1.8723863646975218,1,0
C0001904,59,44,5,51.64,basic,north,0,-0.37754877787463376,1,0
C0001905,32,45,2,29.02,premium,east,1,1.321367191305528,0,1
C0001906,20,49,4,94.48,basic,south,1,0.007028850376366835,0,0
C0001907,27,32,6,8.82,premium,east,1,-0.4648106646294319,1,0
C0001908,48,36,6,57.91,premium,east,0,-0.3218646293448128,1,1
C0001909,52,35,6,52.95,basic,east,1,-0.03967634381132232,1,0
C0001910,27,21,3,24.97,premium,north,2,0.26870797713777506,0,1
C0001911,53,30,4,77.87,premium,south,1,0.953290974465877,0,0
C0001912,75,6,1,113.02,plus,north,2,1.811470526021736,0,0
C0001913,79,46,2,43.72,basic,west,1,-1.7345146522868413,0,0
C0001914,76,13,1,48.33,plus,east,2,2.2719307588839355,1,0
C0001915,67,44,7,9.84,basic,east,2,0.06984342044620573,1,0
C0001916,27,21,4,55.32,premium,north,1,0.5138712185552355,0,1
C0001917,19,35,3,176.93,plus,north,1,0.08573366981862258,0,0
C0001918,23,50,6,96.94,basic,north,0,0.09295016630014613,1,0
C0001919,28,61,2,12.96,plus,west,0,0.6472401101906061,0,0
C0001920,76,70,6,29.7,basic,east,1,0.6489006868918019,1,0
C0001921,52,27,5,29.62,basic,west,0,0.6816334891614803,1,0
C0001922,23,51,3,94.93,basic,north,3,1.545806367833963,0,0
C0001923,61,54,2,17.36,premium,west,0,-0.0970909364488163,0,0
C0001924,53,23,2,50.26,basic,south,2,-0.08495449737268179,0,0
C0001925,79,24,5,20.2,basic,north,0,1.814531713911715,1,0
C0001926,24,71,1,33.38,plus,north,0,-1.792624341127111,0,0
C0001927,52,9,7,51.13,basic,south,1,0.3924680552865922,0,0
C0001928,29,65,5,111.81,basic,north,2,0.653999029801352,0,0
C0001929,47,33,3,62.72,basic,north,2,-0.306110124325972,1,0
C0001930,58,68,1,184.65,plus,north,0,-0.3509474361342222,0,0
C0001931,18,10,7,36.56,basic,west,1,-0.9589783518528516,1,1
C0001932,39,12,0,218.46,premium,west,2,0.6857471732260524,0,0
C0001933,44,67,6,63.01,basic,west,0,-0.9279105623266277,1,1
C0001934,23,8,3,160.59,basic,south,1,-0.6147103529931024,0,0
C0001935,71,66,3,44.45,plus,south,2,0.5748581594038488,0,0
C0001936,34,32,5,27.46,plus,north,0,-0.4580611724575117,1,0
C0001937,21,10,4,51.27,plus,east,1,0.7877654441214762,0,0
C0001938,74,36,2,57.53,plus,north,1,-0.5384759288450577,0,1
C0001939,50,59,6,154.33,basic,north,2,-1.1874891154789557,1,0
C0001940,56,61,4,25.63,plus,north,2,0.4493350667892047,1,0
C0001941,76,6,3,44.55,plus,north,3,0.6752777786692762,0,1
C0001942,36,39,4,45.43,basic,north,2,0.5707970888862511,0,0
C0001943,77,28,3,45.27,basic,south,1,-1.4812826201044245,0,1
C0001944,67,64,5,28.04,plus,west,0,-0.08675703133773148,1,0
C0001945,19,19,7,55.7,basic,east,1,-0.9255431355032817,1,0
C0001946,22,48,3,178.66,premium,east,0,-0.20400420674490247,0,1
C0001947,37,7,8,122.58,plus,east,0,0.1897789706112956,1,0
C0001948,70,36,7,25.5,basic,south,2,-1.5580581272794356,1,0
C0001949,30,9,4,134.71,basic,east,2,-1.841045564723064,0,0
C0001950,59,62,5,41.7,basic,west,2,0.21348842773642857,1,0
C0001951,78,69,8,141.89,basic,east,1,1.0965898730030468,1,0
C0001952,38,23,5,15.56,premium,north,2,1.5269832564393087,1,0
C0001953,67,7,8,82.59,basic,north,1,-0.1153410595511771,1,0
C0001954,25,17,3,110.08,plus,south,1,0.971604559130609,0,0
C0001955,34,69,5,45.87,basic,north,0,-0.5265869196216864,1,0
C0001956,47,25,6,12.73,basic,south,1,0.7122147569884961,1,0
C0001957,41,17,4,98.87,plus,south,0,1.094818055180991,0,0
C0001958,20,2,7,69.04,plus,south,1,0.44496082222999583,1,0
C0001959,59,45,3,38.74,plus,east,1,1.4941643098866857,0,0
C0001960,77,25,5,19.82,plus,north,0,0.7084054657710629,1,0
C0001961,19,3,5,68.05,basic,east,1,-0.45236707279384336,1,0
C0001962,32,8,8,104.28,basic,east,1,1.0605899503105316,0,0
C0001963,28,55,4,26.46,plus,north,2,-1.3721188151828767,0,0
C0001964,28,9,4,46.41,plus,east,0,-0.7546606287549645,0,0
C0001965,66,2,2,43.68,basic,east,0,-0.28813498395503884,1,0
C0001966,25,65,3,53.21,basic,south,1,1.6900382733305659,0,0
C0001967,36,53,4,21.27,basic,east,0,-0.37099951623088284,0,0
C0001968,78,54,3,60.62,premium,south,3,-0.28127819261969766,0,1
C0001969,32,8,2,87.12,basic,south,1,-0.9919174107376703,0,0
C0001970,66,12,5,28.03,plus,north,1,-1.5861835955339714,1,0
C0001971,74,46,4,25.87,basic,north,0,-0.17898234874332677,0,1
C0001972,44,41,3,51.47,plus,south,1,1.5788121187525352,0,0
C0001973,62,29,4,4.89,plus,west,3,0.6694008136673401,0,0
C0001974,48,47,8,63.18,premium,east,1,-0.17452926603853236,1,0
C0001975,71,70,3,91.48,basic,west,2,0.38342100998654083,0,0
C0001976,55,59,3,72.83,basic,north,0,0.5415528163402509,0,0
C0001977,66,10,5,102.63,basic,east,1,-0.43227789033922387,1,0
C0001978,19,44,4,55.19,plus,east,0,0.7675319570555403,0,0
C0001979,49,13,2,7.61,plus,west,0,0.6963223349931473,0,0
C0001980,68,14,3,50.23,basic,north,1,-0.29462879874193887,0,0
C0001981,29,56,2,23.49,basic,west,1,0.8865789018079754,0,0
C0001982,45,49,3,22.07,premium,east,0,-0.38086869750396674,0,0
C0001983,61,64,5,106.54,plus,west,0,1.7134145332998856,1,0
C0001984,51,28,5,36.63,plus,north,1,0.4869231507750378,1,0
C0001985,51,2,5,77.63,plus,north,1,-0.7011190462804759,1,0
C0001986,19,36,6,18.15,basic,north,0,-0.3124637263114298,1,1
C0001987,63,28,3,58.55,premium,south,1,-0.636190300812678,0,1
C0001988,64,31,1,100.36,basic,south,1,-0.8836224455950059,0,0
C0001989,59,4,4,71.55,basic,south,3,-0.2551277483052208,0,0
C0001990,25,62,4,83.27,basic,east,2,-0.7839655702838991,0,0
C0001991,66,28,6,34.49,plus,north,0,0.9924608641039031,1,0
C0001992,45,24,3,48.46,basic,south,2,1.7210819256300243,0,0
C0001993,21,9,8,87.52,plus,south,0,0.3123651292477789,0,0
C0001994,48,63,2,107.27,basic,north,0,1.613970442069471,0,0
C0001995,28,66,4,52.43,basic,east,0,-0.9569855875725561,0,0
C0001996,22,31,2,135.55,basic,south,1,-0.5637638178456618,0,0
C0001997,72,54,2,53.89,basic,south,1,1.3757644052922837,0,0
C0001998,32,29,3,77.98,plus,east,2,-0.18901710275149597,0,0
C0001999,60,66,5,83.64,basic,north,0,1.8050816784825232,1,1
C0002000,63,47,1,133.94,basic,south,1,-0.6918593556403025,0,0
C0002001,71,46,4,162.04,basic,west,1,0.36592831517770513,0,0
C0002002,70,71,5,21.3,plus,north,2,-1.3524326615933329,1,0
C0002003,21,8,7,65.28,basic,east,2,0.7275193472321987,1,0
C0002004,70,63,5,193.86,basic,south,1,0.3313137358362927,1,0
C0002005,50,6,5,13.17,premium,south,0,1.2018292513543265,1,1
C0002006,74,20,4,45.01,plus,north,1,-0.235859990570454,0,0
C0002007,18,29,2,94.5,plus,north,1,1.8236713542604293,0,0
C0002008,75,8,4,5.93,basic,east,0,1.3162459869756118,0,0
C0002009,27,1,4,85.06,basic,east,1,0.02969307581100215,1,0
C0002010,51,48,5,21.05,basic,east,1,0.6687415463280671,0,0
C0002011,20,4,4,33.44,basic,south,3,-0.24559549054261381,0,0
C0002012,19,26,2,13.43,basic,west,1,0.7651791774622765,0,0
C0002013,29,42,5,72.35,premium,east,0,-0.9464155460885743,1,1
C0002014,75,8,3,25.86,premium,east,0,0.02651711208082859,0,1
C0002015,33,48,4,112.2,basic,north,0,2.7770629247942455,0,0
C0002016,25,59,2,30.63,premium,south,3,1.4649868399479726,0,0
C0002017,22,40,3,111.17,basic,north,0,-1.325468746763323,0,0
C0002018,18,27,9,6.57,plus,west,0,-0.6006187875989825,1,0
C0002019,58,42,4,27.32,plus,west,0,1.1997535241521595,1,0
C0002020,68,11,2,76.28,basic,south,0,0.013212078431523094,0,0
C0002021,54,26,2,35.76,plus,east,0,-0.18370393648861852,0,0
C0002022,52,35,5,42.99,plus,west,0,-0.7462631966322177,1,0
C0002023,60,27,3,211.78,basic,west,2,0.4585187183147914,0,0
C0002024,78,43,1,67.59,basic,west,0,-0.016358910285034414,0,0
C0002025,78,44,6,83.09,basic,south,2,-0.21670542221361686,1,0
C0002026,62,48,6,28.48,basic,north,1,1.2141326982868959,1,0
C0002027,35,43,4,31.86,plus,north,0,0.3329261442397748,0,0
C0002028,27,30,1,89.99,basic,east,2,-2.2432667898343195,0,0
C0002029,33,23,7,157.07,plus,west,1,-0.32705307690823143,1,1
C0002030,24,62,2,19.03,premium,south,1,-1.093056406563885,0,0
C0002031,36,50,3,63.06,basic,east,2,0.25437736911659803,0,0
C0002032,60,4,2,40.49,premium,south,1,0.3539987730711754,0,0
C0002033,68,11,4,17.24,plus,north,0,0.012547355905860766,0,0
C0002034,78,56,4,34.08,basic,west,1,-0.16854653926335425,0,0
C0002035,58,55,4,58.38,basic,south,0,0.25112042343859997,0,0
C0002036,43,55,5,217.92,basic,east,0,-0.08623301276131039,1,0
C0002037,64,13,6,177.65,plus,north,0,-0.7500137772779323,1,0
C0002038,38,6,1,55.88,basic,east,1,-0.01634386240544173,1,0
C0002039,32,65,2,103.19,basic,north,3,0.2569428003969387,0,0
C0002040,52,6,5,12.75,basic,west,3,-0.9930922804490964,1,0
C0002041,26,34,6,81.42,basic,north,1,1.0414054918350983,1,0
C0002042,58,19,4,30.8,plus,east,3,-0.33061372126838606,0,0
C0002043,47,26,3,158.97,basic,east,4,0.4147897566976884,1,0
C0002044,35,16,5,66.59,premium,south,0,1.2213694899860008,1,0
C0002045,74,39,5,33.88,plus,west,2,0.5913142256757254,1,0
C0002046,53,66,5,117.8,basic,north,0,-1.4720873280449647,1,0
C0002047,34,67,7,105.58,premium,south,0,0.028427134135446886,1,1
C0002048,41,54,4,59.02,premium,west,0,0.14660370152349408,0,0
C0002049,65,71,1,59.48,plus,east,1,-0.5930121075268668,0,0
C0002050,50,55,2,29.55,basic,east,1,-1.2163720211655473,0,0
C0002051,61,5,5,39.34,basic,east,0,-0.21267813286702106,1,0
C0002052,47,52,4,48.11,basic,east,0,2.185906553175339,0,0
C0002053,40,58,5,49.18,basic,east,0,-0.16824203911974026,1,0
C0002054,74,21,4,50.92,basic,north,0,0.9048829164014067,0,1
C0002055,61,51,6,27.85,basic,west,1,0.5533968098156912,1,0
C0002056,43,45,3,60.45,basic,north,1,-1.1170618594805606,1,0
C0002057,75,46,3,42.21,basic,north,1,-0.8189292718847103,0,0
C0002058,77,24,0,75.33,basic,north,1,-0.4795835983060459,0,0
C0002059,31,8,2,64.54,basic,east,0,0.15114712930248347,0,0
C0002060,39,54,7,8.08,plus,north,0,-0.05328016817068743,0,0
C0002061,34,25,2,72.52,plus,south,0,-0.7524537504889974,0,0
C0002062,21,49,3,100.64,basic,south,2,-0.20233575372966814,0,0
C0002063,42,14,6,173.39,basic,west,3,0.6861377470156268,1,0
C0002064,74,3,2,115.73,basic,east,2,1.4037141488189742,0,0
C0002065,30,45,4,105.58,basic,south,0,-0.08263858248867316,0,0
C0002066,29,25,1,19.2,plus,north,2,0.1689819430426616,0,0
C0002067,42,11,1,19.7,basic,west,3,-1.0891106928894703,0,0
C0002068,22,11,6,35.72,premium,south,0,-0.6220728867966978,1,0
C0002069,63,17,5,110.58,basic,west,2,-1.5963473222410778,1,0
C0002070,32,52,5,191.18,basic,north,0,1.207799864217556,1,0
C0002071,71,66,5,8.25,plus,south,1,-1.385284884259518,1,0
C0002072,69,71,5,22.81,basic,east,0,0.353832549692603,1,0
C0002073,59,22,4,24.78,plus,north,1,0.6661659778932494,0,0
C0002074,57,39,4,65.29,basic,west,5,-1.3632482548445817,0,0
C0002075,51,2,1,61.79,basic,north,1,-0.18444849469237257,0,0
C0002076,45,22,5,4.32,basic,south,1,-1.288741278837057,1,0
C0002077,75,63,4,48.66,plus,east,0,0.852919754441799,0,0
C0002078,32,58,9,29.77,premium,west,1,-1.0487138682541508,1,1
C0002079,29,40,4,6.25,premium,west,0,-0.4399177209148697,0,0
C0002080,18,28,5,57.89,basic,west,1,0.363420648462679,1,0
C0002081,61,9,1,46.03,basic,south,0,-0.020474052627569236,0,0
C0002082,74,52,9,60.58,premium,north,0,-0.5313677374381468,1,0
C0002083,41,48,6,66.54,basic,south,0,-1.0974773213516338,1,0
C0002084,20,28,8,123.46,basic,east,0,-1.3010878661184673,1,0
C0002085,76,61,4,31.06,basic,east,2,0.1866804175988761,0,0
C0002086,27,61,4,5.44,basic,north,0,0.06471517352187972,1,0
C0002087,30,2,5,27.45,plus,north,0,-1.696280228010881,1,0
C0002088,58,36,3,19.26,basic,east,2,-0.3133244713852689,0,0
C0002089,33,48,4,53.3,premium,west,0,0.6063781625400568,1,1
C0002090,57,31,5,81.02,plus,south,1,1.42758401651311,1,0
C0002091,25,19,3,97.32,plus,east,4,0.6745782114354216,0,0
C0002092,70,62,2,64.44,basic,south,2,-0.26234965419598827,0,0
C0002093,46,14,3,73.88,basic,west,0,-0.13037892822289412,1,0
C0002094,32,30,2,191.95,premium,south,1,-0.6610027462063359,1,1
C0002095,60,5,4,76.29,plus,south,1,-2.297017674528596,1,0
C0002096,19,23,7,38.46,basic,south,2,-0.34139760766275384,1,0
C0002097,36,55,3,94.18,basic,east,2,0.4603354924996078,0,0
C0002098,44,27,4,76.7,plus,east,0,1.4946037313021083,0,0
C0002099,73,23,2,140.92,basic,south,1,-0.05178028090281837,0,0
C0002100,55,57,3,41.44,basic,north,0,-1.4767026884823222,0,0
C0002101,67,36,4,11.37,basic,south,0,-0.9026823979175285,0,0
C0002102,75,3,5,132.88,basic,east,1,0.6896226578869518,1,0
C0002103,34,9,3,25.43,basic,west,2,0.3618784220343649,0,0
C0002104,63,56,3,16.8,plus,north,0,0.8117616530524363,0,0
C0002105,55,46,5,6.36,plus,south,0,0.655358144920779,1,0
C0002106,40,52,2,108.62,premium,west,2,0.36680313747834253,0,0
C0002107,58,66,5,26.03,basic,north,2,0.6174400877391293,1,0
C0002108,19,3,6,128.06,premium,north,1,-1.8820967974973355,1,0
C0002109,26,45,5,14.12,basic,east,2,-0.21411144656631947,1,0
C0002110,36,37,3,60.37,basic,east,0,0.2565393967041763,0,0
C0002111,58,23,4,32.1,basic,south,2,0.025592560664360768,0,0
C0002112,25,67,5,116.08,basic,south,1,-0.7930683412270954,1,0
C0002113,56,56,0,15.62,plus,east,1,2.2063492252869277,0,0
C0002114,50,7,3,8.33,plus,north,3,-1.0505633591186545,0,0
C0002115,72,44,5,34.17,plus,west,0,-1.0731824669690126,1,0
C0002116,38,22,3,9.9,basic,south,0,0.2952166380721595,0,0
C0002117,36,41,8,28.85,basic,east,1,-1.490604248692424,0,0
C0002118,38,9,3,19.32,basic,east,0,1.5861715146834872,0,0
C0002119,26,16,4,45.32,basic,south,0,0.16269520716279273,0,0
C0002120,76,68,3,20.09,plus,south,2,-1.7811853454164719,0,0
C0002121,51,26,4,91.85,plus,east,0,-2.1823097149230453,0,0
C0002122,41,8,3,29.15,basic,east,0,0.7280007977878085,0,0
C0002123,71,9,6,92.2,basic,north,2,-0.3874922170190806,1,0
C0002124,68,66,5,119.19,basic,south,1,-0.9117146255426156,1,0
C0002125,25,54,8,39.47,premium,east,1,-2.7906105277181785,1,1
C0002126,43,67,5,32.35,basic,north,0,1.7446018447454787,1,0
C0002127,30,37,3,16.37,plus,north,1,-1.3145548530762337,0,1
C0002128,71,37,2,26.07,basic,west,0,-0.3889725355947964,0,0
C0002129,24,57,3,11.15,basic,east,1,-1.0951672345998515,0,0
C0002130,64,70,4,98.59,basic,north,1,0.5989730201339536,0,1
C0002131,79,44,2,105.93,premium,north,0,-1.6974536920035923,1,0
C0002132,62,15,5,15.48,premium,south,0,0.9237443397367417,1,1
C0002133,65,8,5,37.76,basic,east,1,0.2999999756480581,1,0
C0002134,50,71,4,56.96,basic,south,0,-0.05933863910472994,1,0
C0002135,23,12,1,80.46,basic,north,1,-1.6104655183740675,0,0
C0002136,72,10,0,103.06,premium,east,1,1.17610978423739,0,1
C0002137,70,17,7,37.7,plus,west,0,-1.1296696206161418,1,0
C0002138,32,9,5,64.41,basic,west,0,0.6842830169806571,1,0
C0002139,45,68,1,105.09,basic,north,1,0.2272388701974432,0,0
C0002140,39,52,7,22.87,basic,south,0,0.10922832050203232,1,0
C0002141,19,9,4,99.11,basic,west,0,-1.5772893777674744,0,0
C0002142,28,48,4,61.46,premium,south,2,-1.0140552368435292,0,1
C0002143,21,23,3,18.45,basic,east,2,0.8389034311178694,0,0
C0002144,74,1,4,17.32,basic,west,2,0.9061703824267925,0,0
C0002145,33,30,2,85.86,premium,west,2,0.14515255212847905,0,0
C0002146,42,14,3,19.25,basic,east,0,1.0257895498625647,0,0
C0002147,20,41,2,29.63,basic,east,0,0.327909939281949,0,0
C0002148,37,46,4,171.75,premium,south,2,-1.2837504359012075,0,1
C0002149,28,4,8,120.74,basic,south,2,-0.46282504582360673,1,0
C0002150,69,6,6,67.17,basic,east,2,-0.08283045835584141,1,0
C0002151,21,35,4,56.21,plus,north,2,1.119868345715634,0,0
C0002152,30,40,7,2.44,basic,east,0,0.9165649261218397,1,0
C0002153,26,15,6,2.73,plus,south,1,-0.6921628783266999,1,0
C0002154,77,18,4,12.87,plus,south,2,0.6225461503469407,0,0
C0002155,24,71,3,77.39,premium,north,0,0.9058997175061765,0,0
C0002156,79,44,2,36.7,basic,west,0,1.011775106813578,0,0
C0002157,44,25,8,56.93,plus,south,2,-0.3229577687656228,1,0
C0002158,46,63,4,33.36,basic,north,2,0.6832431285491724,0,0
C0002159,69,12,4,45.66,basic,south,0,-2.228526402381891,0,0
C0002160,70,30,3,44.82,premium,south,0,-0.1758647432390558,0,1
C0002161,66,33,3,49.61,premium,south,1,1.1382993238343178,0,0
C0002162,76,63,3,13.82,basic,south,0,-0.7609587543129621,0,0
C0002163,50,22,5,57.28,plus,north,0,-0.02991041210001685,1,0
C0002164,40,54,6,19.15,basic,south,0,0.7508143667611865,1,1
C0002165,21,53,7,65.46,basic,south,0,0.8804890724906232,1,0
C0002166,56,40,3,19.75,plus,south,1,0.6675572616825821,0,0
C0002167,76,46,7,16.18,plus,east,0,1.2077978051680962,1,0
C0002168,49,49,5,59.59,basic,north,0,0.46009436961401734,1,1
C0002169,22,42,5,57.08,basic,north,0,0.937839275092591,1,0
C0002170,19,42,2,33.11,basic,west,2,-1.9473812354052418,0,0
C0002171,18,50,4,46.09,premium,north,1,-1.153732293498836,0,1
C0002172,22,65,5,52.89,basic,north,0,-0.16474321243902612,1,0
C0002173,64,48,1,25.39,basic,north,0,1.1277580723005072,1,0
C0002174,36,63,1,75.37,basic,east,1,2.444243092538467,0,0
C0002175,56,41,2,25.34,basic,north,0,-0.9367775311232823,0,0
C0002176,28,43,3,73.79,basic,south,0,-0.9721737741223643,0,0
C0002177,64,7,6,30.96,basic,north,0,-0.4643744183524964,1,1
C0002178,75,36,3,62.58,basic,south,1,-0.6195949484240092,0,0
C0002179,35,4,4,27.04,basic,north,0,-0.7061487732209398,0,0
C0002180,27,60,4,87.54,premium,north,0,-0.15942442597588471,0,1
C0002181,73,65,7,49.45,basic,west,3,-0.8670228813117603,1,0
C0002182,54,60,3,8.27,premium,north,2,0.016951517310931703,0,1
C0002183,72,18,5,71.1,basic,west,2,-1.5102363345168728,1,0
C0002184,18,53,3,89.09,basic,west,2,-0.18283408704464077,0,0
C0002185,20,69,3,34.24,premium,south,0,1.3224706489213682,1,1
C0002186,31,4,5,54.62,premium,east,1,-0.24524117758807829,1,1
C0002187,77,26,4,44.5,basic,south,2,-0.7640750819018138,0,0
C0002188,58,71,4,18.44,plus,east,2,-0.47562774521571216,0,0
C0002189,65,6,3,66.41,premium,north,1,1.4019283440183425,0,0
C0002190,26,68,4,46.06,basic,south,0,-0.053708961983946764,1,0
C0002191,70,41,3,44.31,basic,west,0,-2.200184057065884,1,0
C0002192,72,9,4,77.47,plus,west,0,-0.6359045180355792,1,0
C0002193,47,23,4,53.98,plus,north,0,0.044209888072258834,0,0
C0002194,68,15,3,39.77,plus,south,1,1.8110049235161239,0,0
C0002195,67,24,3,55.66,basic,north,0,-0.9908022675861813,0,0
C0002196,64,11,6,38.78,basic,north,1,0.35386177293439275,1,0
C0002197,74,50,1,77.62,plus,west,1,1.3270640953787052,1,0
C0002198,58,50,1,37.22,premium,south,0,0.0562197382509136,0,1
C0002199,73,57,5,63.79,plus,south,1,0.27827394805471956,1,0
C0002200,51,14,3,19.87,basic,north,2,-0.3237343562894701,0,0
C0002201,35,7,5,13.19,basic,west,2,-0.39639668260911415,1,0
C0002202,28,7,2,69.21,basic,west,0,0.9232738541888256,0,1
C0002203,28,71,3,15.42,plus,east,2,-0.2737549447757619,0,0
C0002204,53,37,5,40.45,basic,south,2,0.6500082817313952,1,0
C0002205,58,68,7,53.6,basic,west,1,-0.4978249629747199,1,0
C0002206,73,53,4,20.12,plus,east,0,-0.3089657150959423,0,0
C0002207,45,9,3,24.52,basic,south,2,0.5357304960437907,0,0
C0002208,61,27,2,3.96,plus,east,0,-0.5490400954506441,0,0
C0002209,71,26,7,25.65,basic,north,1,0.43159027613270823,1,0
C0002210,54,47,8,113.61,basic,east,1,-1.9481275211637343,0,0
C0002211,45,42,1,64.89,plus,east,2,-0.8887869006014367,0,0
C0002212,74,27,0,41.69,premium,north,2,-1.7243211696688179,0,1
C0002213,27,17,3,119.64,premium,east,1,0.07717036040985924,0,1
C0002214,68,58,6,17.08,premium,north,1,-0.09774759338924424,1,0
C0002215,41,60,3,128.54,basic,west,1,-0.5544988059194039,0,0
C0002216,54,39,2,26.15,premium,east,2,0.6591371356482784,0,0
C0002217,77,27,6,97.22,plus,south,3,0.17157045517572828,1,0
C0002218,59,20,2,14.56,basic,north,0,0.8075145204762634,0,0
C0002219,61,26,3,14.86,basic,east,0,0.8738911583631599,0,0
C0002220,32,49,4,47.8,basic,east,0,0.6165876634364582,0,1
C0002221,28,24,0,55.86,basic,south,2,1.433129633919149,0,0
C0002222,22,53,5,23.68,premium,west,1,1.6303634721810627,1,1
C0002223,29,24,5,23.73,basic,west,1,-0.9878137675681061,1,0
C0002224,64,42,9,83.24,basic,west,1,0.07394150797657721,0,0
C0002225,41,19,6,79.56,basic,west,0,-0.25234997141598864,1,0
C0002226,33,43,6,157.68,basic,west,0,1.0088898507317439,1,1
C0002227,76,15,5,16.52,basic,north,0,1.0248670053488218,1,0
C0002228,44,19,1,35.61,basic,south,2,0.6765250802369047,0,0
C0002229,50,71,6,37.36,plus,south,0,1.6195272697372354,1,1
C0002230,72,9,3,100.63,basic,west,2,0.8306647750639853,0,0
C0002231,34,6,5,40.82,basic,east,2,-0.07609399272111896,1,0
C0002232,23,18,3,0.52,basic,west,3,0.9082561534672959,1,0
C0002233,31,17,4,15.97,plus,north,1,-2.1670938070600996,0,0
C0002234,34,28,3,84.18,basic,south,1,-0.45381928299732033,0,0
C0002235,33,28,4,128.76,plus,south,2,0.46403263787097554,0,0
C0002236,65,26,6,23.92,plus,north,1,1.0024743887852507,1,0
C0002237,51,32,4,62.93,plus,south,1,-0.21473892515591472,0,0
C0002238,40,20,3,75.02,basic,south,4,-0.4924451325444126,0,0
C0002239,31,46,4,70.6,basic,north,1,-0.4820662980358796,0,1
C0002240,56,69,3,29.97,plus,west,1,-1.425597171571106,0,0
C0002241,24,8,4,75.97,premium,east,1,-1.2597630933450743,0,1
C0002242,20,48,2,37.12,basic,north,1,-0.6495846507945193,0,0
C0002243,68,53,9,114.77,plus,east,1,-1.4964900094764064,0,0
C0002244,54,42,2,118.85,basic,east,0,-0.4704555500529953,0,0
C0002245,58,42,3,22.21,plus,east,3,0.8134023074446608,0,0
C0002246,54,47,8,35.59,basic,west,0,-1.7512691769528366,1,0
C0002247,54,47,8,49.43,plus,west,2,2.165767100583607,1,0
C0002248,73,30,7,64.38,plus,south,4,-0.7120457431810753,1,0
C0002249,33,13,6,114.86,plus,west,1,2.561640492977861,1,0
C0002250,32,62,9,76.28,plus,north,1,-0.6157405203015945,1,0
C0002251,44,13,4,35.35,basic,south,1,-0.05102926899430806,0,0
C0002252,23,46,4,20.55,basic,north,1,0.36992283355837996,0,1
C0002253,72,59,3,83.68,plus,west,0,-0.8233150520895747,0,0
C0002254,55,15,2,36.98,plus,west,1,-1.0189552390803813,0,0
C0002255,34,26,3,88.46,basic,south,1,-0.7379256891623823,1,0
C0002256,75,53,2,37.05,plus,south,1,1.951702720953544,0,0
C0002257,44,49,6,38.46,basic,south,0,0.7233820389263189,1,0
C0002258,40,43,4,97.55,plus,east,0,0.6804953806031011,0,0
C0002259,24,64,4,47.54,basic,south,0,1.627508722590828,0,0
C0002260,74,40,5,109.46,premium,south,0,-0.7661633545052171,1,0
C0002261,42,43,4,2.56,plus,west,0,0.8695118561128624,0,0
C0002262,34,71,4,126.32,basic,south,3,-1.3984889075322198,0,0
C0002263,23,19,8,104.85,plus,east,1,-0.4666454718382663,1,0
C0002264,33,67,2,58.43,premium,west,1,-0.9323054685587256,0,0
C0002265,65,62,3,54.18,basic,south,0,-0.7259493066283631,0,0
C0002266,43,15,2,36.48,basic,north,1,0.275477744342811,0,0
C0002267,79,6,3,86.15,basic,west,1,-1.077200139074641,0,0
C0002268,20,42,5,14.34,basic,west,1,-0.4127342813279199,1,0
C0002269,22,21,2,77.3,plus,north,2,1.995727342759846,0,0
C0002270,45,55,4,90.49,premium,south,1,-1.76632017556162,0,1
C0002271,40,61,5,65.48,basic,east,0,0.820022711021918,1,0
C0002272,32,28,2,36.49,basic,east,2,-1.7676921535156498,0,0
C0002273,77,65,2,66.09,basic,north,0,0.8678384595734713,0,0
C0002274,35,40,5,16.2,premium,south,4,0.7637401791887475,1,0
C0002275,25,10,5,63.62,basic,south,3,-0.6747188562892066,1,0
C0002276,31,55,7,6.53,plus,south,2,0.35135889224184225,1,0
C0002277,68,8,5,112.18,premium,south,0,-0.18159154969414684,1,1
C0002278,75,8,1,24.9,basic,north,1,-1.346150396190597,0,1
C0002279,24,7,0,40.48,plus,east,2,0.5745492115013853,0,0
C0002280,73,19,6,58.17,premium,south,1,-2.8420545536916832,1,0
C0002281,46,48,1,99.88,plus,west,0,0.14389691404949415,0,0
C0002282,57,35,1,171.37,plus,north,0,-1.9520367223215565,0,0
C0002283,66,16,4,29.55,basic,west,0,0.7283703516106136,0,0
C0002284,44,71,7,11.97,premium,north,0,-0.45431261604809375,1,0
C0002285,66,34,4,13.62,plus,west,1,-1.3630340103604495,0,0
C0002286,43,7,2,140.55,basic,south,1,-0.38363215465394135,0,0
C0002287,67,46,7,64.44,basic,east,2,0.27062251844694735,1,0
C0002288,77,59,2,204.36,basic,south,1,-0.14044919390184726,0,0
C0002289,38,63,1,104.63,plus,west,0,0.8798125940346442,0,0
C0002290,23,64,4,10.39,basic,north,1,0.043228426626217384,1,0
C0002291,51,40,10,50.33,basic,west,0,-0.35047705667257606,1,1
C0002292,56,44,5,85.3,basic,north,0,0.09243419519252719,1,0
C0002293,25,11,1,200.94,basic,north,1,-0.19719787072655953,0,0
C0002294,29,34,6,70.79,basic,east,1,0.3552697191575982,1,0
C0002295,79,68,6,21.28,basic,north,1,0.29034878839996925,1,0
C0002296,73,36,6,89.71,plus,south,2,0.552869330147659,1,1
C0002297,63,65,4,34.74,plus,west,0,-0.6956190471779926,0,0
C0002298,41,25,1,46.12,basic,west,2,0.2504681812700455,0,0
C0002299,42,25,4,145.78,plus,south,2,-0.051038574622542104,0,0
C0002300,71,20,2,101.75,premium,south,2,-1.3633816410097543,0,0
C0002301,48,13,2,32.28,basic,west,2,-1.2183830975039094,0,0
C0002302,18,24,3,26.94,basic,south,1,0.6730001104090015,0,0
C0002303,54,33,4,56.19,basic,south,1,-0.9549188393549883,0,0
C0002304,30,57,4,48.61,basic,north,1,0.5841821822047525,1,0
C0002305,40,34,4,18.23,basic,north,2,-0.6956800044344909,0,0
C0002306,53,6,6,47.06,premium,north,2,0.17459756240644692,1,0
C0002307,38,23,3,31.6,basic,north,0,0.7174053842305754,0,0
C0002308,61,44,6,68.97,basic,north,1,-0.7466300443262174,1,0
C0002309,74,21,4,66.28,basic,west,0,1.2654256912146111,0,0
C0002310,22,66,2,85.82,basic,south,1,-0.36840483088149767,0,0
C0002311,27,40,4,73.47,plus,north,2,-0.4049499988469872,0,0
C0002312,54,32,6,148.3,plus,south,0,-1.1012694708586042,1,0
C0002313,76,69,2,0.95,premium,north,0,0.08781357252890547,1,0
C0002314,22,26,3,56.77,basic,north,2,-1.2683628840752488,0,0
C0002315,52,44,6,56.35,premium,south,0,0.4143211172323571,1,1
C0002316,64,18,3,34.27,plus,east,0,1.0672418354795832,0,0
C0002317,46,41,4,23.54,plus,north,2,-0.03379423282231551,0,0
C0002318,18,32,3,11.64,basic,east,1,0.2660815540186736,0,0
C0002319,47,66,7,32.69,premium,north,2,-0.4642981933826771,1,1
C0002320,30,66,5,24.72,basic,west,1,0.03329017964968049,1,0
C0002321,18,64,5,53.29,basic,south,1,1.3110535415876077,1,1
C0002322,74,69,2,166.55,premium,west,3,0.39585072021435747,0,0
C0002323,38,37,2,56.01,basic,north,1,0.9012513143067169,0,0
C0002324,67,51,5,75.51,premium,north,1,-0.6596697244369905,1,0
C0002325,46,58,1,43.25,plus,east,0,1.2469475504870517,0,0
C0002326,50,24,4,164.71,plus,north,1,-1.0979597090965127,0,0
C0002327,20,21,2,77.39,basic,west,1,-0.586673877207431,0,0
C0002328,67,25,4,8.41,premium,north,0,-0.9086181291979119,0,1
C0002329,18,58,2,91.96,basic,south,0,1.895112169781125,0,0
C0002330,59,23,4,49.11,premium,west,1,1.4237336212412133,0,1
C0002331,18,59,5,64.77,premium,south,1,-0.4172703183455772,1,0
C0002332,61,6,4,19.28,basic,south,0,-0.28790089871295427,0,0
C0002333,56,39,2,102.11,basic,west,1,0.08141497459281333,1,0
C0002334,19,53,2,6.31,plus,south,2,1.8603025031760734,0,0
C0002335,18,40,5,18.17,plus,west,0,2.1016296713942113,1,0
C0002336,66,53,7,157.84,basic,north,0,0.7336816772351493,1,0
C0002337,77,42,2,42.15,basic,north,0,-1.0851929128781364,1,0
C0002338,53,22,7,32.46,basic,west,0,2.3193615755031827,1,1
C0002339,56,71,5,64.57,premium,south,1,0.24363052213553169,1,1
C0002340,56,44,3,30.26,plus,west,0,0.11921555825219902,0,0
C0002341,62,57,5,25.66,basic,west,0,-0.1117919839468831,1,0
C0002342,75,53,4,72.95,plus,north,2,-0.5629292136081947,1,0
C0002343,20,21,6,31.26,plus,east,2,-1.2131465416012437,0,0
C0002344,63,52,6,92.22,basic,east,2,-0.8960766107521866,1,1
C0002345,49,52,4,29.29,plus,north,0,0.17367786583321773,0,0
C0002346,41,27,2,13.8,basic,west,1,1.198528413891131,0,0
C0002347,30,64,0,65.12,premium,west,2,-1.6765232084920203,0,1
C0002348,73,63,7,93.27,basic,south,0,0.5584714050800145,1,1
C0002349,75,28,9,54.67,plus,west,2,0.5194028407387752,1,0
C0002350,27,51,1,58.37,plus,north,1,0.3474707348107617,0,0
C0002351,40,69,8,34.63,premium,west,1,1.1561297402042814,1,0
C0002352,23,12,3,65.72,plus,east,1,0.7662968136663906,0,0
C0002353,30,33,5,110.45,plus,north,2,1.1111806602362873,1,0
C0002354,70,46,1,112.78,plus,east,2,1.078803752826579,0,0
C0002355,44,37,8,42.16,plus,west,1,0.6233105470414966,1,0
C0002356,27,62,5,53.83,basic,south,3,-0.30514094002719333,1,0
C0002357,38,47,4,121.9,premium,north,1,-0.8988713873631322,0,0
C0002358,51,15,4,51.33,basic,east,2,0.24259339577027011,0,0
C0002359,26,9,2,48.81,basic,west,0,1.6303383309679669,0,0
C0002360,42,9,4,16.41,premium,west,1,0.6146303415205839,0,1
C0002361,66,37,3,117.05,basic,north,4,1.5490567715704988,0,0
C0002362,23,54,4,29.0,plus,east,2,0.9459452117295705,0,0
C0002363,31,29,5,22.75,plus,west,1,0.6571423349152583,1,0
C0002364,59,17,4,76.07,plus,south,0,-1.3454793129568836,1,0
C0002365,74,69,5,45.07,plus,west,0,0.8886927900073687,1,0
C0002366,32,7,6,40.22,plus,west,0,-0.5446719583791414,1,0
C0002367,63,30,5,48.28,basic,east,1,-0.38791152054420047,1,0
C0002368,35,2,8,138.71,plus,north,0,-2.431911211436213,1,0
C0002369,71,40,5,10.61,basic,south,1,-0.4077323676700317,1,0
C0002370,53,16,5,39.8,plus,west,2,-1.1748136501726367,1,0
C0002371,63,37,3,8.69,plus,east,1,0.2858582231506068,0,0
C0002372,77,42,5,120.46,premium,west,0,-0.17120547370269626,1,1
C0002373,72,2,6,34.46,plus,north,1,-0.07908702489726636,1,0
C0002374,57,32,2,88.47,basic,south,0,0.15939827086097788,0,0
C0002375,77,15,5,37.95,premium,south,0,0.10829577995564375,1,1
C0002376,60,15,3,10.77,plus,south,2,-1.1894710991932274,0,0
C0002377,18,68,4,27.62,premium,north,1,-0.2978963314779335,0,0
C0002378,39,37,5,65.66,basic,south,2,0.689953548344314,1,0
C0002379,34,9,7,49.18,plus,west,1,-1.016709980712372,1,0
C0002380,43,45,2,18.88,plus,north,0,-0.7325149966094084,0,0
C0002381,74,31,7,22.66,basic,north,0,0.1131271609289041,1,0
C0002382,77,7,0,84.75,premium,south,3,-0.20729591921597681,0,1
C0002383,51,39,3,25.51,basic,north,0,0.0020558023813653462,1,0
C0002384,28,43,2,97.17,basic,east,1,-0.4838242802670646,0,0
C0002385,75,4,2,112.34,premium,west,3,1.5647599691922638,0,1
C0002386,18,33,2,82.5,plus,south,2,-2.0796759131866946,0,1
C0002387,46,70,4,77.04,basic,east,1,0.7125909046395142,0,0
C0002388,53,49,8,90.44,basic,west,2,-0.19127107461570872,1,0
C0002389,39,51,3,57.74,plus,west,1,0.6761711396164132,0,0
C0002390,64,17,6,17.51,plus,east,0,-0.20555053819356162,1,0
C0002391,69,63,6,35.13,basic,south,1,-0.11007510584650719,1,1
C0002392,28,14,5,8.95,plus,south,0,0.763765846707885,1,0
C0002393,34,36,3,17.04,premium,east,0,-0.39339552336637684,0,0
C0002394,19,58,4,52.7,basic,east,1,-1.686410955209943,0,0
C0002395,43,70,6,2.6,basic,east,0,1.2922588812955744,1,0
C0002396,73,4,3,5.02,premium,south,2,1.0592433424961838,1,1
C0002397,69,22,7,59.9,plus,south,1,1.2743661617526956,1,1
C0002398,43,29,3,75.58,plus,east,1,-2.1640542676279337,1,0
C0002399,42,26,4,108.0,basic,west,3,0.44899615139102306,0,0
C0002400,38,38,1,35.64,basic,east,0,-0.47503422299271164,0,0
C0002401,58,19,5,22.18,premium,east,3,-0.72447252279922,1,1
C0002402,55,44,2,13.86,premium,west,1,1.2118443937130663,0,0
C0002403,27,46,8,95.57,plus,south,1,-1.1781629459956067,1,1
C0002404,75,16,2,76.53,plus,north,0,1.4564638068018563,0,0
C0002405,31,53,3,37.86,basic,west,0,-1.316665456569153,0,0
C0002406,51,7,6,37.4,plus,south,3,-1.0927316786529948,1,1
C0002407,78,62,2,7.01,basic,north,1,-0.8507700927456884,1,0
C0002408,57,57,7,57.48,basic,south,0,2.2462802211398456,0,0
C0002409,29,19,2,74.36,basic,north,0,0.3514675820720807,0,0
C0002410,70,41,2,42.97,premium,south,1,-1.0748573395442111,0,1
C0002411,28,69,7,79.43,plus,north,3,1.156882349566408,0,0
C0002412,72,6,8,60.91,basic,east,1,-0.2548725136700422,1,0
C0002413,19,32,3,211.63,basic,east,0,1.7231451213249982,0,0
C0002414,24,11,3,38.42,plus,north,1,0.49914520691591546,0,0
C0002415,22,12,3,63.35,basic,south,0,-1.4501631001734934,0,0
C0002416,25,21,1,7.03,premium,west,1,0.8187306653516891,0,1
C0002417,42,35,1,71.85,plus,east,0,-0.6427155288400801,0,0
C0002418,59,37,1,24.26,basic,north,1,0.18808879425392186,1,0
C0002419,56,7,2,33.53,basic,west,1,-1.6650076659197146,0,0
C0002420,50,49,5,91.71,premium,north,0,0.6861661949515038,0,0
C0002421,72,38,5,109.17,plus,south,2,1.158696483731481,1,0
C0002422,38,43,3,48.69,basic,east,0,-0.9540385313405362,0,0
C0002423,79,1,1,89.44,basic,east,0,-0.10306852813153392,0,0
C0002424,22,47,2,29.95,plus,west,1,1.8082875523740534,0,0
C0002425,40,58,3,64.75,premium,north,0,-0.3017609388907431,0,1
C0002426,29,32,2,62.1,plus,north,2,-0.2780128959278027,1,0
C0002427,48,62,2,12.27,plus,west,0,0.50546085765105,1,0
C0002428,72,33,3,19.14,basic,south,0,0.3637795262756955,0,0
C0002429,42,2,1,11.75,basic,east,1,-0.7000718029348653,0,0
C0002430,59,70,3,19.33,basic,west,0,-1.3082404632229017,0,0
C0002431,46,57,4,11.19,basic,west,2,-1.3744256701203967,0,0
C0002432,31,20,2,54.97,plus,south,0,0.4589519755855305,0,0
C0002433,70,59,4,25.32,basic,north,0,-1.1561691997915209,0,0
C0002434,72,44,4,76.11,premium,south,0,-2.1790333714480092,0,1
C0002435,43,59,2,158.85,premium,west,2,-0.11086831000705613,0,0
C0002436,22,6,4,28.53,plus,west,1,0.14987095036277295,0,0
C0002437,64,37,2,21.88,plus,north,0,0.9963992844929869,0,0
C0002438,38,11,8,66.29,basic,east,0,1.4258062956128301,1,0
C0002439,71,59,8,24.02,plus,north,1,0.7011227509288332,1,1
C0002440,73,57,2,40.81,basic,west,1,1.310156208038816,1,0
C0002441,43,71,3,97.99,basic,east,0,-0.7431901609065956,0,0
C0002442,40,55,5,55.17,basic,west,3,-1.255836564531235,1,0
C0002443,39,71,7,19.8,basic,south,0,0.0239800163611972,0,1
C0002444,67,29,2,90.96,basic,north,1,-0.8343853570818661,0,0
C0002445,23,18,6,35.55,plus,north,1,-0.34253869901259404,1,0
C0002446,49,10,5,24.01,premium,north,1,-0.3771739112748139,1,0
C0002447,59,7,2,26.81,basic,east,0,-0.5936739762603042,0,0
C0002448,63,12,3,74.09,basic,north,3,0.48807550920604764,0,0
C0002449,67,58,2,96.73,basic,west,1,0.9901614571040959,0,0
C0002450,45,47,4,108.91,premium,east,0,0.06557508626201075,0,1
C0002451,57,17,2,47.95,plus,south,0,-1.3909579370776601,0,0
C0002452,61,43,0,98.39,premium,west,0,0.2835767158249129,0,1
C0002453,35,43,5,77.87,plus,north,1,0.3866740030371229,1,0
C0002454,67,20,6,141.23,basic,east,0,0.09997442235767676,1,0
C0002455,61,31,5,67.71,plus,south,1,-0.5870243928676955,1,0
C0002456,29,63,0,43.44,basic,south,0,1.423701509142461,1,0
C0002457,31,36,2,89.48,plus,north,2,0.6191156922506079,0,1
C0002458,50,26,6,23.05,plus,north,0,0.0011584141457378204,1,0
C0002459,67,62,0,49.0,basic,east,0,0.0759509415387183,1,0
C0002460,27,34,6,40.53,basic,north,2,-1.1847571954568785,1,0
C0002461,76,9,2,45.55,plus,west,3,-0.8318093815317296,0,0
C0002462,43,35,5,47.93,premium,south,0,0.3220081254504447,1,1
C0002463,38,51,4,102.3,basic,west,0,0.07360543849895348,0,0
C0002464,60,40,4,60.22,basic,west,1,-0.9255780599531265,0,0
C0002465,55,61,3,87.77,plus,north,0,0.17337120136201517,0,0
C0002466,27,20,5,22.99,plus,west,3,-0.11296104798759823,1,0
C0002467,46,38,4,23.15,basic,north,0,0.13435505857305044,0,0
C0002468,22,47,1,12.32,basic,south,2,1.9877710830661064,0,0
C0002469,38,61,5,16.19,plus,east,0,0.38749285981966064,1,0
C0002470,56,36,3,10.02,plus,north,0,-0.7203023947893866,0,0
C0002471,73,34,6,95.53,basic,east,0,-1.1336403224126463,1,0
C0002472,51,50,7,27.67,basic,south,2,0.6234480777786096,1,1
C0002473,37,3,6,51.73,basic,south,1,1.327016250957849,0,0
C0002474,20,36,3,158.01,premium,north,1,0.719912349032489,0,0
C0002475,67,4,3,63.59,basic,east,0,-1.7548952760285839,0,0
C0002476,32,40,3,41.58,basic,north,1,1.5833368157286278,0,0
C0002477,64,4,4,55.03,basic,east,3,2.444082110244819,0,0
C0002478,64,22,4,5.36,plus,west,3,0.2530279762987462,1,0
C0002479,24,4,2,125.87,plus,south,0,-0.596677095820004,0,0
C0002480,77,47,6,43.9,basic,north,1,-0.7220675247000884,1,0
C0002481,69,52,2,15.02,basic,east,0,0.227895329643396,0,0
C0002482,50,48,10,40.24,basic,south,0,1.4989171842659046,1,0
C0002483,41,4,3,165.32,basic,north,1,1.1962777792016464,0,0
C0002484,58,68,5,60.07,basic,north,1,1.7826393449066735,1,0
C0002485,40,70,4,60.44,premium,south,1,0.13600074107472607,0,1
C0002486,23,43,3,35.22,premium,west,0,-1.3209055533507366,0,0
C0002487,45,11,1,42.31,basic,west,1,1.5678258447171163,0,0
C0002488,55,49,8,4.92,basic,west,0,-2.578214825104382,1,0
C0002489,42,40,3,38.67,basic,north,1,-1.0312340313179096,0,0
C0002490,19,62,5,77.98,plus,south,1,0.8931007442009142,1,0
C0002491,44,29,4,97.93,plus,east,1,-2.0318010049868542,0,0
C0002492,21,33,6,44.26,basic,west,4,-1.6357457780009639,1,0
C0002493,64,33,7,89.3,plus,south,0,-0.556781781956849,1,1
C0002494,38,26,4,28.74,basic,north,1,-1.4498664428574568,0,0
C0002495,37,1,2,65.9,plus,east,1,1.7784400926790158,0,0
C0002496,60,49,1,52.37,basic,east,2,-0.4506191951693812,0,0
C0002497,27,37,4,120.46,basic,south,2,1.6513591378334174,0,0
C0002498,56,15,2,56.72,plus,west,1,0.13584622352458287,0,0
C0002499,64,52,1,29.31,premium,south,2,-0.475388619120812,0,1
C0002500,76,16,2,119.91,premium,east,0,-0.06190406357686345,0,0
C0002501,44,31,2,3.63,basic,west,0,0.2965027168942375,0,0
C0002502,29,28,2,72.5,basic,east,1,-0.3547075622460025,0,0
C0002503,51,29,6,161.15,premium,north,0,1.2090433242371972,1,1
C0002504,68,36,1,10.98,basic,south,1,-0.32656363207527145,0,0
C0002505,28,35,5,49.16,premium,south,1,-0.884239975492743,1,0
C0002506,51,41,4,60.8,basic,east,0,-1.2870761537214692,0,0
C0002507,59,10,1,41.22,plus,north,2,-0.8161007281224384,0,0
C0002508,70,68,3,14.51,basic,west,0,0.13445818067682674,0,0
C0002509,56,7,4,31.69,plus,south,1,1.7426650509629926,0,0
C0002510,72,17,3,30.89,plus,east,0,0.5717208577001015,0,0
C0002511,57,60,3,18.68,basic,north,1,0.305822408952195,0,0
C0002512,68,17,3,64.9,basic,north,2,-0.22914053147488522,0,0
C0002513,75,29,3,67.02,premium,east,1,0.11176743498963734,1,0
C0002514,67,57,4,111.15,basic,west,0,-0.2636219229508939,0,0
C0002515,22,67,6,58.0,premium,east,0,0.3900106529467052,1,0
C0002516,64,43,6,77.58,plus,west,2,1.2446071943976857,0,0
C0002517,50,66,3,45.58,basic,west,2,-1.3898266956650651,0,0
C0002518,65,56,8,3.63,basic,south,0,-2.3219974850311647,0,0
C0002519,20,17,6,53.98,premium,north,1,-0.13376645378221924,1,1
C0002520,74,57,3,67.99,plus,east,1,1.1588275849354657,0,0
C0002521,40,8,7,75.69,plus,west,1,-1.0453041935702618,1,0
C0002522,79,48,2,64.31,basic,west,2,0.9944304848201374,0,0
C0002523,57,56,6,17.27,plus,west,0,0.8040704010513336,0,0
C0002524,28,41,3,9.68,basic,east,0,1.0886515846546903,0,0
C0002525,68,33,7,15.64,plus,north,1,-1.4835057344632123,1,0
C0002526,48,20,4,68.29,basic,north,1,-0.2923807769547055,0,0
C0002527,35,3,5,89.95,basic,south,1,0.066215643669553,1,0
C0002528,24,56,1,32.53,basic,east,0,-0.2058103905230752,0,0
C0002529,73,47,4,16.01,plus,west,1,-1.287544254188567,0,0
C0002530,73,57,7,63.98,basic,west,0,-0.6347775077829324,1,1
C0002531,75,14,3,34.96,basic,north,0,-0.1514122610946706,0,0
C0002532,63,42,4,232.93,basic,west,1,-0.3248267887105272,0,0
C0002533,75,47,5,49.84,premium,east,3,-0.32299492844528915,1,0
C0002534,68,50,1,77.0,premium,north,1,0.3071039423194379,1,0
C0002535,45,65,5,59.85,basic,south,0,-0.3714844922316039,1,0
C0002536,58,61,1,22.77,basic,south,3,-0.9206189302592647,0,0
C0002537,56,57,4,135.48,premium,south,0,-0.1890902489411072,0,1
C0002538,41,38,2,25.94,premium,south,0,-0.902641256472666,0,1
C0002539,47,62,5,55.92,plus,west,2,-0.9475053089129388,1,0
C0002540,68,69,3,75.26,basic,north,0,0.5181181764889466,0,1
C0002541,22,1,5,24.3,basic,north,2,-0.1864075736346755,1,0
C0002542,71,49,2,42.68,basic,south,4,0.47731407614523874,0,0
C0002543,34,55,3,2.76,plus,west,0,-2.128268342134552,0,0
C0002544,31,3,3,79.79,basic,east,2,-1.6494129777602977,0,0
C0002545,69,37,2,52.72,basic,west,2,0.3409891901269183,0,0
C0002546,40,46,3,45.82,basic,west,0,-0.6843554698431047,0,0
C0002547,29,52,3,109.52,basic,west,1,-0.5793932604453714,0,0
C0002548,20,43,3,20.15,basic,south,2,-1.4107975098117762,1,0
C0002549,45,43,2,37.77,basic,west,2,1.1648114101864215,0,0
C0002550,55,9,3,60.71,plus,east,2,0.7825561286655571,0,0
C0002551,59,68,5,139.25,basic,west,3,0.4635541652667755,1,0
C0002552,62,34,4,110.12,basic,south,0,0.07010312109584625,0,0
C0002553,43,2,7,13.73,plus,north,1,0.863603918711945,1,1
C0002554,23,18,5,71.39,basic,east,0,1.4895273876263926,1,0
C0002555,54,50,4,63.18,plus,west,3,-1.1994338860146718,0,0
C0002556,76,41,1,47.76,premium,south,1,1.4569466141711795,0,1
C0002557,53,63,8,28.37,plus,west,0,-1.253620151877698,1,0
C0002558,24,28,3,30.33,basic,east,1,-0.9576086296787728,0,0
C0002559,25,34,5,74.85,basic,south,1,-1.5076291193797111,1,0
C0002560,22,29,2,13.53,premium,south,0,-0.7479499553943368,0,1
C0002561,20,61,4,44.62,basic,east,1,-1.0602955920163184,0,0
C0002562,70,47,6,19.47,basic,east,2,0.9322208399142807,1,1
C0002563,50,71,3,29.07,basic,west,1,0.44512874908347744,0,0
C0002564,41,46,2,33.71,plus,north,3,1.8490117133242308,0,0
C0002565,57,71,5,98.06,plus,south,1,0.04864639444291086,0,0
C0002566,69,58,3,65.5,basic,west,0,0.5610709303572444,0,0
C0002567,52,58,4,47.34,premium,east,2,0.9775897785950205,0,1
C0002568,40,34,3,135.05,premium,west,0,-0.19150528930061805,0,1
C0002569,78,70,3,53.55,basic,south,0,0.8026541763149482,0,0
C0002570,43,29,1,32.84,basic,west,3,0.6198789860728123,0,0
C0002571,27,14,4,76.95,premium,south,4,-0.5108618418955587,0,1
C0002572,49,10,2,27.61,basic,east,0,1.457074861363262,0,0
C0002573,23,38,3,19.05,basic,west,0,2.353646522482804,0,0
C0002574,62,11,3,24.99,basic,north,0,-0.07130430470304426,0,0
C0002575,69,45,3,69.66,premium,east,1,0.1421128295393946,0,1
C0002576,54,26,6,18.6,premium,east,0,0.45840192904490157,1,1
C0002577,73,28,1,34.36,plus,west,1,0.10341149746671656,0,0
C0002578,74,66,4,28.08,premium,south,1,0.454849454165408,0,0
C0002579,78,39,5,44.37,basic,west,1,0.9704175079757982,1,0
C0002580,44,8,2,85.37,basic,west,0,1.0080226891093211,0,0
C0002581,73,14,4,142.33,basic,east,1,-1.493938888078228,0,0
C0002582,21,25,4,49.46,premium,north,0,-0.6404075634839058,1,1
C0002583,42,14,2,47.33,basic,south,3,-0.0699680189848269,0,0
C0002584,33,12,3,160.79,premium,west,1,-0.5878877955636023,0,0
C0002585,53,69,2,22.83,plus,north,0,0.7541680822259639,0,0
C0002586,60,35,4,46.21,plus,north,1,-0.28572704653015535,0,0
C0002587,57,5,6,13.81,premium,north,0,0.08310143622599955,1,1
C0002588,54,24,4,168.71,plus,west,1,0.10198411802117748,0,0
C0002589,53,50,2,98.73,premium,south,0,-1.4311068333747772,0,1
C0002590,25,6,3,34.45,plus,south,2,0.1665965475752849,0,0
C0002591,44,53,4,42.94,plus,east,2,0.46169176633945563,0,0
C0002592,77,48,7,38.62,plus,west,2,-0.2831782802517316,1,0
C0002593,69,50,5,68.9,basic,east,0,2.6615344551400835,1,0
C0002594,41,60,5,11.9,plus,north,3,-1.7532397225172605,1,0
C0002595,65,59,7,77.89,basic,south,1,-0.018531405425926878,1,0
C0002596,45,15,3,40.78,basic,west,1,1.039173904573504,0,0
C0002597,19,21,4,85.48,premium,west,1,0.4408700449794613,0,1
C0002598,43,52,4,122.09,basic,west,0,-0.15750063725264474,0,0
C0002599,74,70,4,16.75,premium,west,0,1.0936970535300092,1,0
C0002600,72,29,6,15.44,plus,north,0,1.0546639833366718,1,0
C0002601,44,49,2,44.85,basic,west,1,-0.5418999280977941,0,0
C0002602,59,6,3,106.4,plus,north,0,1.8543590894510125,0,0
C0002603,63,65,5,36.09,basic,east,1,-0.5727621451236511,0,0
C0002604,46,70,3,219.27,premium,east,1,0.543887999910442,0,0
C0002605,78,62,4,13.41,plus,south,1,-0.04090338134770066,0,0
C0002606,61,6,5,36.05,premium,north,1,1.5397543362642754,1,1
C0002607,58,60,3,27.27,plus,south,0,2.3695735901935735,0,0
C0002608,39,35,2,20.72,plus,east,0,1.4170085004429087,0,0
C0002609,34,26,4,122.53,basic,south,1,-1.1970731962042052,0,0
C0002610,74,64,3,112.65,basic,west,1,1.3753370099406146,0,0
C0002611,55,30,3,106.58,plus,south,4,-0.6519966682100563,0,1
C0002612,54,37,1,8.24,plus,west,2,-0.2713627264490421,0,0
C0002613,44,33,5,31.62,basic,west,2,-0.9493901451489247,1,0
C0002614,62,38,5,59.2,basic,south,0,1.500816781293523,1,0
C0002615,29,41,8,74.7,basic,north,0,-0.6088547243164247,1,0
C0002616,36,47,4,47.8,basic,south,0,1.5969139787142232,0,0
C0002617,27,35,2,110.23,basic,north,4,-0.2702710227795151,0,0
C0002618,41,71,6,53.57,basic,south,2,-1.8504710691985176,1,1
C0002619,65,12,1,19.93,basic,south,0,-0.495894102409151,0,0
C0002620,24,59,5,26.5,basic,south,2,-1.1700470105040084,1,0
C0002621,44,23,5,24.74,basic,north,2,2.2715037180159388,1,0
C0002622,31,70,2,32.84,basic,north,2,-1.3142100504162024,0,0
C0002623,45,10,2,27.06,basic,north,4,0.8080594857429406,0,0
C0002624,54,54,9,53.33,basic,west,2,1.0066082481837693,0,0
C0002625,40,67,4,10.5,basic,west,1,-0.5224975911032349,0,0
C0002626,43,67,4,64.64,premium,west,1,-0.0149406344617956,0,1
C0002627,55,3,3,22.47,plus,south,0,-0.7134577999921865,0,0
C0002628,45,22,5,61.09,plus,east,0,0.18429236626221854,1,0
C0002629,56,15,7,68.28,basic,west,1,0.35568914898494364,1,1
C0002630,73,51,10,135.7,plus,east,1,-1.1460656445148691,1,1
C0002631,67,48,5,24.64,basic,east,0,-1.8783930638108592,1,0
C0002632,55,64,3,14.58,basic,east,2,0.14233033841905535,0,0
C0002633,36,68,4,44.89,basic,west,0,-0.30441911238572616,0,0
C0002634,45,37,1,56.93,plus,east,0,0.3544695265334981,0,1
C0002635,55,3,7,97.89,premium,north,1,-0.2886090887991191,1,0
C0002636,61,43,4,78.06,basic,north,1,1.0927938655229255,0,1
C0002637,49,42,7,100.51,basic,east,1,-0.9498319660814395,1,1
C0002638,57,30,3,22.88,premium,south,0,0.34937655714869487,1,1
C0002639,23,47,3,24.86,premium,south,0,-0.16784513516957153,0,1
C0002640,43,56,4,35.16,basic,south,2,0.22376455499296988,1,0
C0002641,71,23,7,71.08,premium,north,1,0.23968140917963648,0,0
C0002642,71,35,5,30.45,basic,east,1,-0.7843519851816528,1,0
C0002643,55,33,2,63.36,basic,north,1,0.484396512072445,0,0
C0002644,35,45,3,27.6,basic,west,2,2.816095911922679,1,0
C0002645,47,12,5,23.93,basic,north,1,0.16600815686997372,1,0
C0002646,59,26,4,116.94,basic,south,1,0.1613779847919746,0,0
C0002647,50,69,2,57.58,plus,east,2,3.1194505266742842,1,0
C0002648,71,38,3,141.55,premium,west,2,0.8604442869084802,0,0
C0002649,50,35,3,45.96,plus,south,1,-1.6334814508358944,0,0
C0002650,55,65,5,40.13,plus,west,0,-1.362326274932523,1,0
C0002651,43,62,4,31.33,basic,north,0,0.5767697486862247,0,0
C0002652,49,70,4,143.28,plus,east,0,1.7226760122645506,0,0
C0002653,49,26,2,20.31,plus,north,1,0.2974477537656455,1,0
C0002654,59,58,1,63.79,plus,south,0,-1.2431000471973717,0,0
C0002655,69,28,5,78.19,premium,south,2,0.6141732612218614,1,1
C0002656,78,8,7,119.79,premium,west,0,-1.0467907011413753,1,0
C0002657,41,41,3,40.97,plus,east,1,0.8161552509188487,0,0
C0002658,46,59,6,93.46,plus,west,2,0.8506627229989099,1,1
C0002659,65,43,4,63.95,basic,north,1,-0.24073668957105032,0,0
C0002660,33,48,3,111.15,basic,east,1,-1.004968442643639,0,0
C0002661,18,18,3,42.29,basic,west,4,-1.2995863135727748,0,0
C0002662,69,42,6,144.82,premium,south,0,-1.1480224313361882,1,1
C0002663,37,26,4,78.86,premium,north,2,0.8401852090708855,0,1
C0002664,21,71,1,36.7,basic,north,0,-0.7174709740573543,0,1
C0002665,64,11,7,17.99,plus,south,1,-0.3510651196174475,1,0
C0002666,33,25,2,33.48,basic,east,0,-1.6714220004096039,0,0
C0002667,58,71,3,59.7,plus,south,1,0.4103314347482104,0,0
C0002668,24,28,3,25.71,basic,east,0,2.6671303142760374,0,0
C0002669,23,53,4,23.66,basic,south,0,0.49758535773684154,0,1
C0002670,26,51,6,75.6,plus,north,0,-0.18691237044571773,0,0
C0002671,40,4,11,51.77,basic,west,0,0.3055203024655595,1,1
C0002672,25,41,4,144.0,plus,west,0,-1.0337242273110276,0,0
C0002673,45,59,7,11.28,plus,east,1,-0.07174956759423813,1,0
C0002674,39,51,6,15.78,premium,north,1,-0.6159740101814232,1,0
C0002675,68,55,5,24.95,plus,north,0,0.4833477387700569,1,0
C0002676,73,28,2,34.3,basic,west,1,0.3120022883120676,0,0
C0002677,24,26,8,100.98,plus,south,1,0.20641071120946,1,0
C0002678,68,35,5,18.47,plus,west,1,0.2949358343402688,1,0
C0002679,27,49,0,37.79,plus,west,0,-0.28301152732757356,0,0
C0002680,37,69,1,75.7,basic,west,1,0.8840493199929986,0,0
C0002681,36,48,4,63.11,basic,west,0,0.7539232231122226,0,0
C0002682,67,40,2,57.75,plus,north,0,-0.5956086433576306,0,0
C0002683,43,57,6,88.76,basic,west,1,0.034259100443946436,1,0
C0002684,28,51,6,132.32,basic,west,0,-0.26049270948538084,1,0
C0002685,61,58,3,67.84,basic,west,4,0.9612552268701313,0,0
C0002686,33,6,4,92.64,plus,west,2,1.8317197134026595,0,0
C0002687,42,59,5,92.23,plus,east,0,-1.2351500284512724,1,0
C0002688,64,66,2,67.09,basic,west,0,-0.7543461674011663,0,0
C0002689,62,32,4,29.81,plus,east,1,0.4274824278333077,0,0
C0002690,60,3,3,82.35,premium,east,2,-0.7655925075888036,0,1
C0002691,32,12,2,82.63,plus,west,2,1.5265636204038684,0,0
C0002692,34,10,4,12.13,plus,east,1,-2.6210953988715016,0,1
C0002693,40,41,7,90.91,premium,south,0,-0.8450833442151273,1,0
C0002694,51,44,2,1.1,basic,north,0,-0.8019245840696824,0,0
C0002695,65,25,4,57.84,basic,south,0,0.21286809643216326,0,0
C0002696,19,63,4,39.82,basic,east,2,1.2948947120162366,0,1
C0002697,44,3,0,46.28,basic,south,4,0.8556595269713478,0,0
C0002698,60,56,4,46.54,basic,east,2,-2.3721746472734564,0,0
C0002699,49,14,2,36.39,premium,north,0,2.0434763617450535,1,0
C0002700,21,14,2,170.66,plus,east,0,0.9966643559200224,0,0
C0002701,44,15,2,45.33,basic,west,2,0.025749558307541002,0,0
C0002702,71,31,3,59.45,plus,east,1,1.3812825125444277,0,0
C0002703,23,46,3,241.54,basic,west,0,0.06953930015755992,0,0
C0002704,56,5,6,41.76,plus,west,1,-0.5126495099959721,0,0
C0002705,49,70,6,16.78,basic,south,0,1.2516350526315,1,0
C0002706,69,9,1,62.03,basic,south,0,0.1492755773444144,0,0
C0002707,20,49,5,204.02,basic,north,3,0.8419896268299709,1,0
C0002708,67,71,3,54.84,basic,east,2,-0.5065218824544562,1,0
C0002709,27,58,2,206.84,basic,north,1,-0.12951351572979308,0,0
C0002710,57,50,3,74.05,plus,west,1,-0.7204043646020267,0,0
C0002711,63,7,2,76.75,basic,south,0,0.749450731353126,1,0
C0002712,60,50,5,115.71,plus,east,1,0.22513624930418663,1,0
C0002713,64,60,3,0.78,basic,west,0,1.1401650928561622,0,0
C0002714,68,20,5,48.16,basic,north,0,0.1405654363818599,0,0
C0002715,78,2,5,16.89,premium,east,0,1.438613436892851,1,1
C0002716,43,24,5,17.71,premium,south,1,0.09486936101810801,1,1
C0002717,64,19,5,71.69,basic,west,0,1.6417573624115813,1,0
C0002718,78,4,3,20.47,plus,west,3,0.2624863255400622,0,0
C0002719,42,42,5,130.01,basic,east,3,0.20023934467626575,1,0
C0002720,78,5,6,41.44,basic,east,3,0.6062152270084997,1,0
C0002721,30,27,5,1.22,plus,south,0,0.5001251207448997,1,0
C0002722,77,10,2,8.33,premium,north,2,-0.036582263846694836,0,1
C0002723,30,17,3,44.07,plus,east,1,0.9809300649057509,1,0
C0002724,25,34,5,75.98,premium,north,2,0.5470807825031186,1,0
C0002725,33,58,6,50.84,basic,south,0,0.2765684681218056,1,1
C0002726,25,6,6,22.5,premium,east,0,-0.3599979673634836,1,1
C0002727,74,5,1,55.01,plus,south,1,0.5465337503095634,0,0
C0002728,48,29,8,29.43,plus,east,1,-1.3668169548785125,1,0
C0002729,44,10,4,38.99,basic,west,0,0.3330184372557242,0,0
C0002730,18,69,2,28.87,basic,west,3,2.102227463980592,1,0
C0002731,50,6,2,76.14,basic,south,0,-1.0130921667024853,0,0
C0002732,27,9,4,40.12,basic,west,1,-0.16304410850793366,0,0
C0002733,50,7,7,125.03,premium,east,2,2.1897937624821235,1,1
C0002734,70,36,3,88.17,basic,south,1,-0.24048694745932137,1,0
C0002735,25,12,5,19.64,plus,south,0,1.6812217000147571,1,0
C0002736,57,14,3,43.16,basic,north,1,0.8208482038943317,0,0
C0002737,55,54,3,130.89,premium,west,2,0.8831861953696093,0,1
C0002738,46,42,5,59.51,basic,north,3,-0.4664374991810738,1,0
C0002739,18,52,2,140.35,basic,north,2,-1.0357345851230548,0,0
C0002740,77,24,7,107.29,basic,north,0,-0.6045982726063642,1,0
C0002741,57,50,7,67.83,basic,south,2,0.7480955672895533,1,1
C0002742,68,32,2,19.32,premium,east,1,-0.4253872848341988,1,1
C0002743,32,37,4,56.69,basic,east,2,0.7345123792252987,0,0
C0002744,28,43,3,38.65,basic,east,1,-1.052015897523799,0,0
C0002745,77,13,5,77.72,basic,west,1,0.1798270445537398,0,0
C0002746,74,20,3,66.81,basic,north,0,-0.09401336878866896,0,0
C0002747,57,6,4,153.9,premium,south,0,0.7049108923665408,0,0
C0002748,53,34,2,42.99,basic,north,1,-0.6491562641711305,0,0
C0002749,48,56,3,65.81,basic,north,1,-1.125300017953484,0,0
C0002750,71,22,6,28.81,basic,south,1,0.31044586206373725,1,0
C0002751,25,70,6,71.37,basic,east,2,-0.43350113638536086,1,0
C0002752,41,67,9,20.07,basic,north,2,0.9214242973330332,0,0
C0002753,34,67,3,30.72,basic,east,2,1.8117469448268164,0,0
C0002754,42,22,3,39.86,plus,north,0,-0.18384012844387593,0,0
C0002755,35,37,8,35.06,plus,south,2,-0.03366899608129356,1,1
C0002756,54,48,9,22.06,plus,north,1,-1.4291241209449632,1,0
C0002757,75,56,3,8.67,plus,west,1,-0.23894872235370276,0,0
C0002758,61,66,2,136.6,basic,south,1,0.7363168522757616,0,0
C0002759,50,31,3,20.04,premium,east,0,0.7775614621639635,0,1
C0002760,75,13,4,158.17,premium,west,1,0.3499864177881723,0,1
C0002761,49,4,6,211.26,premium,east,1,0.7101021861668488,1,1
C0002762,67,60,2,16.73,plus,north,1,-1.3948842209831445,0,1
C0002763,47,4,4,5.84,basic,west,5,1.9776963931003482,0,0
C0002764,34,38,4,89.39,premium,west,1,0.2538602754352569,0,0
C0002765,39,9,3,62.56,basic,east,1,0.41660521643821424,0,1
C0002766,32,19,6,20.77,basic,north,1,1.3424550531075645,1,0
C0002767,59,63,3,39.44,plus,north,0,0.1385132393651727,0,1
C0002768,48,25,6,59.19,plus,south,0,-1.2144152844708511,1,0
C0002769,46,67,4,85.29,premium,south,2,-1.149477147893165,0,1
C0002770,52,23,9,56.71,premium,south,0,0.36458533036372276,0,0
C0002771,52,62,2,23.22,basic,north,0,0.6425369708786692,0,0
C0002772,72,53,6,83.75,basic,east,1,-0.7643257320493174,1,0
C0002773,62,44,6,18.35,plus,west,1,-0.19508102157479795,1,0
C0002774,57,10,4,64.01,plus,north,1,0.39220572164219136,0,0
C0002775,58,42,6,44.23,basic,north,1,0.04149281894780903,1,0
C0002776,41,18,5,74.53,premium,south,0,-0.17693223465962454,1,0
C0002777,28,55,2,100.29,basic,north,0,-0.4349747740202315,0,0
C0002778,61,53,2,12.53,plus,west,1,0.14064153686295436,0,0
C0002779,74,25,1,33.29,basic,north,2,1.2106163902193077,0,0
C0002780,38,17,7,52.18,plus,west,0,0.444448710151429,0,0
C0002781,28,69,3,34.51,basic,east,1,1.5961788860366422,0,0
C0002782,53,7,3,73.66,premium,east,2,0.12734084473145316,0,1
C0002783,52,4,2,18.37,basic,east,2,0.9582749883855831,0,0
C0002784,28,46,9,94.72,plus,north,0,-0.16429343997045293,0,0
C0002785,74,69,2,16.69,basic,south,0,-0.2767970091327085,0,0
C0002786,39,26,5,47.42,basic,north,4,1.0377057721306822,1,0
C0002787,78,55,0,46.93,premium,east,1,-0.15904451432999345,0,0
C0002788,73,11,3,95.85,basic,north,2,-0.7002177915145945,0,0
C0002789,40,53,5,56.09,premium,east,1,0.29696924502040395,1,1
C0002790,28,5,3,75.06,plus,west,2,-1.2177362999764783,0,0
C0002791,52,46,6,22.23,basic,west,1,-0.4257158439783072,1,1
C0002792,43,31,4,54.3,premium,east,3,0.5435604971300815,0,0
C0002793,58,55,8,24.27,basic,north,1,1.606937003694678,1,0
C0002794,78,37,2,10.06,plus,north,3,-0.24453826199972042,0,0
C0002795,32,30,4,119.89,plus,east,0,-0.6394344569713484,1,0
C0002796,53,29,4,77.23,plus,north,1,-1.3051056579701787,0,0
C0002797,43,24,5,60.75,basic,west,2,-0.5060432928084466,1,0
C0002798,74,43,1,15.81,plus,west,2,0.7018314616301158,0,1
C0002799,55,32,4,34.39,plus,north,1,0.8343087380677521,0,0
C0002800,35,42,4,9.74,basic,south,1,-0.3598111547374424,0,0
C0002801,30,38,5,61.66,plus,west,0,-0.30115543032704684,1,0
C0002802,73,65,1,20.66,premium,west,0,-0.80353418917574,0,0
C0002803,64,55,3,127.7,plus,south,0,-0.03841876504174601,0,0
C0002804,73,30,3,33.97,premium,east,1,-1.786266514209207,1,1
C0002805,79,20,2,9.92,plus,west,0,0.9422690329689895,0,0
C0002806,37,70,1,37.46,basic,north,3,0.261112972391387,0,0
C0002807,18,24,2,34.93,basic,north,0,0.646126297466472,0,0
C0002808,51,28,2,47.73,basic,north,0,-0.12669146723315478,0,0
C0002809,79,15,1,44.21,plus,north,1,1.8725689991649654,0,0
C0002810,31,12,4,121.62,plus,south,0,1.1810385356234998,1,0
C0002811,48,71,3,35.08,plus,north,3,-0.3982562063729244,0,1
C0002812,20,43,0,106.26,basic,north,0,-0.2636283505292921,0,0
C0002813,67,57,2,68.51,basic,west,2,0.12090317098021258,0,0
C0002814,69,58,1,15.58,basic,west,1,-0.283122443255506,0,0
C0002815,48,56,2,4.86,premium,south,0,-0.055266631090550536,0,1
C0002816,46,19,8,44.73,premium,south,1,0.8248088486689209,1,1
C0002817,46,67,4,10.54,basic,east,0,-0.02585688668123981,0,0
C0002818,52,10,5,169.64,premium,west,2,-0.22020786345473026,0,1
C0002819,22,38,4,19.97,basic,west,0,-0.15157467785120027,0,0
C0002820,76,12,6,128.74,plus,north,1,-0.35861365529843897,1,1
C0002821,34,36,4,10.61,basic,north,1,-0.6345399627865825,0,1
C0002822,62,54,6,82.78,premium,north,1,0.4892082377972441,1,0
C0002823,20,29,3,21.8,basic,west,1,-0.19624224230378484,0,0
C0002824,46,24,4,90.22,premium,south,0,-0.09130654818770809,0,1
C0002825,51,30,3,62.44,basic,west,1,-0.6993353027248739,0,0
C0002826,47,19,4,45.25,basic,west,3,0.06492653188884805,0,1
C0002827,58,16,2,41.77,premium,east,0,-0.9411167641517503,0,0
C0002828,46,24,2,101.05,basic,west,1,-0.27398105362291514,0,0
C0002829,42,11,6,59.21,basic,south,1,-2.106375265662725,1,0
C0002830,21,24,4,97.89,basic,north,1,0.7924508920754179,0,0
C0002831,73,41,7,71.29,basic,west,1,-1.878203751070978,1,0
C0002832,52,6,4,52.7,premium,east,0,0.6039733519072217,0,1
C0002833,77,69,5,63.28,basic,west,0,0.8149853641257364,1,0
C0002834,29,1,7,46.63,plus,west,2,0.9372628466151327,1,1
C0002835,33,18,3,20.57,basic,north,1,-0.8463278787535019,0,0
C0002836,39,13,4,52.8,basic,east,0,-1.9299486303215256,0,0
C0002837,38,44,5,59.33,basic,east,1,-0.9522243241358533,0,0
C0002838,52,6,2,57.77,plus,east,0,-2.021262206740855,0,0
C0002839,30,53,2,4.42,plus,north,1,-0.9684590533395481,0,0
C0002840,56,5,2,52.62,plus,north,0,-0.19597881953209123,0,0
C0002841,31,8,4,15.95,plus,north,1,0.14529177502638857,0,0
C0002842,48,40,2,47.56,plus,south,0,-0.5905547295838507,0,0
C0002843,60,4,1,15.12,basic,west,1,-0.09878353331409465,0,0
C0002844,64,38,4,103.98,premium,west,0,0.6940068625785928,0,0
C0002845,65,43,5,1.94,premium,north,0,-1.3569960401552166,0,0
C0002846,67,66,5,31.94,basic,east,0,1.2762155377246334,1,1
C0002847,78,65,5,54.42,basic,east,0,1.9657636071629145,0,0
C0002848,49,26,8,100.15,plus,south,0,1.5696275631803422,1,0
C0002849,50,24,4,51.92,plus,west,0,-0.5842764055186843,0,0
C0002850,27,7,3,52.69,plus,north,0,0.6829371938861499,0,0
C0002851,43,13,3,80.75,basic,east,2,0.10567888797459532,0,0
C0002852,60,64,1,66.87,basic,north,1,-0.7485142145367478,0,1
C0002853,76,44,5,24.62,plus,south,2,1.4209479552581294,1,0
C0002854,39,31,6,25.9,basic,east,2,-1.6028304839937357,1,0
C0002855,21,10,6,28.32,plus,north,1,-0.6733203568284823,1,0
C0002856,51,43,4,98.64,plus,north,0,-1.2114460030836136,0,0
C0002857,50,25,5,73.98,premium,west,2,-0.27000319324270255,1,1
C0002858,79,32,4,121.96,basic,south,2,-1.3823526784295208,1,0
C0002859,36,6,1,31.13,basic,east,0,-1.1288122041609006,0,0
C0002860,58,46,3,73.41,plus,north,2,2.0837800017191404,0,0
C0002861,63,5,3,48.53,premium,south,1,0.6811627531661594,0,0
C0002862,55,28,4,38.54,basic,south,0,0.5481606238436241,1,0
C0002863,38,46,4,68.86,basic,south,1,0.16044622442397927,0,0
C0002864,65,68,2,27.37,premium,south,1,0.15690233512372118,0,1
C0002865,26,6,4,47.88,premium,west,1,0.04397150247993158,0,1
C0002866,24,41,1,45.65,plus,south,0,-0.8136666065127123,0,0
C0002867,77,31,4,180.41,plus,north,0,1.41884341925496,0,0
C0002868,39,53,5,15.77,basic,south,2,-0.593859822459979,1,0
C0002869,77,23,1,72.7,plus,east,1,-1.933053729794036,0,0
C0002870,48,48,7,5.45,basic,west,0,0.7024792469289978,1,0
C0002871,75,33,1,154.94,basic,west,2,-0.8400307275505516,0,0
C0002872,46,58,6,47.23,basic,north,0,0.6020234632427756,1,0
C0002873,28,32,4,71.74,basic,west,1,1.3559947974276612,0,0
C0002874,69,43,2,58.05,basic,north,3,-0.09583179256404017,0,0
C0002875,37,70,2,64.73,plus,east,0,0.3854036594541762,0,0
C0002876,75,37,5,51.71,plus,east,1,-0.6242463934497428,1,0
C0002877,41,37,5,48.38,plus,north,1,-0.10865715096082466,1,0
C0002878,68,59,4,47.52,basic,north,0,0.18497389009323134,0,0
C0002879,43,47,0,12.73,basic,north,1,1.3539108499346635,0,1
C0002880,79,61,1,63.64,basic,east,0,-1.0874826207713928,0,0
C0002881,50,68,3,51.58,plus,east,0,0.9859365646684756,0,0
C0002882,36,22,6,49.05,plus,west,2,0.5471537461075027,1,1
C0002883,68,54,2,23.68,plus,west,1,0.37114012454185935,0,0
C0002884,20,5,2,16.5,plus,west,1,-0.8034869610595115,0,0
C0002885,79,39,2,25.64,plus,east,1,1.0677852661834764,0,0
C0002886,59,4,5,19.41,basic,south,1,-0.939174438040987,1,0
C0002887,64,21,4,132.44,basic,south,2,0.42515405570923775,0,0
C0002888,39,9,3,146.62,basic,south,1,-0.8655396261363528,1,0
C0002889,65,55,4,23.16,basic,east,0,1.7993487316212762,0,0
C0002890,66,4,4,84.87,basic,north,2,0.04785827764862699,1,0
C0002891,47,60,6,6.37,basic,north,1,-0.029730115603894804,1,0
C0002892,40,44,3,20.92,premium,south,2,-2.1467218510910917,1,0
C0002893,36,38,7,55.26,premium,east,1,1.3640713787130474,1,0
C0002894,69,15,2,40.57,basic,east,0,0.33150655810452845,0,0
C0002895,78,58,7,18.71,basic,north,2,1.1739309095291717,1,0
C0002896,72,29,4,93.14,premium,west,2,0.5207315055258679,0,1
C0002897,42,5,6,16.57,plus,south,2,-0.5572770682525976,0,0
C0002898,50,11,7,159.74,plus,north,2,-1.646429777940007,1,1
C0002899,77,39,3,24.54,basic,south,4,0.018400739198534837,0,0
C0002900,79,4,5,76.15,basic,east,2,1.8839736178926627,1,0
C0002901,64,58,3,13.38,plus,west,1,0.30090817429365335,0,0
C0002902,56,21,1,26.92,basic,west,1,-1.800075813092495,0,0
C0002903,38,1,8,27.46,basic,east,2,1.6952867380756182,1,0
C0002904,49,56,4,31.74,basic,east,0,0.7524349996539106,0,0
C0002905,30,38,2,31.59,basic,east,1,-0.25293948477712264,0,0
C0002906,62,61,5,99.76,plus,south,0,-1.3529070985201657,1,0
C0002907,62,8,4,11.71,basic,west,0,0.8457263282716817,0,0
C0002908,52,44,5,51.42,basic,north,1,-1.1691657257426942,1,0
C0002909,59,47,7,49.46,basic,north,0,0.04808575468078682,1,0
C0002910,39,62,2,70.0,basic,north,1,-1.134588978989589,0,1
C0002911,53,37,2,56.02,basic,west,1,0.6738744389268411,0,0
C0002912,34,70,3,36.36,basic,west,1,0.4907242927976712,1,0
C0002913,51,14,4,42.74,premium,east,4,0.5237848025869307,0,1
C0002914,75,9,7,70.52,basic,west,1,0.4456255122336916,1,1
C0002915,35,16,1,28.1,basic,north,2,0.0722480015169197,0,0
C0002916,27,45,5,74.21,plus,east,1,-0.8609311985375598,1,0
C0002917,74,43,1,43.06,basic,south,0,-0.33358419253663657,0,0
C0002918,21,44,5,48.85,plus,north,1,0.07678785262047125,1,0
C0002919,49,38,1,91.64,basic,south,2,0.6218465917830769,0,0
C0002920,72,57,2,56.29,basic,south,2,0.26409823348131845,0,0
C0002921,74,24,5,87.71,basic,south,1,0.7978018899101627,1,0
C0002922,69,7,0,101.04,basic,north,3,0.5159680681311876,0,0
C0002923,67,34,2,96.86,basic,west,0,-1.041937977023182,0,0
C0002924,38,16,4,90.85,basic,east,0,-0.07952912913524839,0,0
C0002925,64,26,3,36.5,basic,north,2,-1.817896782344374,1,0
C0002926,63,24,2,28.84,basic,east,1,1.6402946949525792,0,0
C0002927,28,12,5,147.65,basic,south,1,0.12395127576100617,1,0
C0002928,27,60,10,85.01,plus,east,1,0.30017005312918793,1,1
C0002929,26,48,4,16.66,basic,north,1,-3.1917090953723357,0,0
C0002930,28,9,4,37.66,plus,north,2,-0.01814790713373866,0,0
C0002931,40,49,1,17.68,basic,north,0,-1.0754257148108257,0,0
C0002932,71,65,2,12.36,basic,west,1,0.6723356556635515,0,0
C0002933,77,56,5,174.93,premium,west,0,-0.04377516757342858,1,0
C0002934,41,8,8,36.66,plus,north,1,-0.3432974196770425,1,0
C0002935,26,66,3,43.61,premium,south,1,-0.3072390704291324,0,0
C0002936,42,52,7,14.71,premium,south,0,0.09225436296388012,1,1
C0002937,21,65,4,44.89,basic,south,3,0.507453011280611,1,0
C0002938,31,66,4,9.8,basic,west,3,-0.39072582941278794,0,0
C0002939,30,41,3,65.62,premium,east,0,0.25382987384408645,0,0
C0002940,40,40,4,110.97,basic,east,0,-0.37300018896469866,0,0
C0002941,33,61,3,82.37,plus,west,1,2.1949972890434633,0,0
C0002942,62,34,3,49.21,plus,east,1,-0.8194996944228702,1,0
C0002943,54,23,4,57.8,plus,east,0,-1.7539777340080078,0,0
C0002944,70,20,5,42.8,plus,west,1,-1.3954997888756642,1,0
C0002945,25,71,3,64.84,plus,west,0,2.077595795555242,0,0
C0002946,40,45,4,45.8,plus,south,1,0.7154035239145271,0,0
C0002947,65,57,6,10.08,plus,east,1,0.695395912908569,1,0
C0002948,57,35,4,13.81,plus,east,0,0.992519311473427,0,0
C0002949,54,46,5,17.7,basic,north,1,0.46010120055598946,1,0
C0002950,30,63,6,31.27,plus,north,0,0.21774654140717248,1,0
C0002951,55,18,4,27.46,plus,west,1,-1.5876616993449608,0,0
C0002952,40,31,5,13.5,plus,south,3,-1.6456406162159636,1,0
C0002953,69,70,2,35.51,basic,east,1,-1.609087295281228,0,1
C0002954,64,54,4,61.56,basic,west,0,-0.24238064241745472,0,0
C0002955,39,7,5,126.07,basic,west,3,-1.3544007910993534,1,0
C0002956,41,41,6,36.23,basic,west,2,-0.8736339577761179,1,1
C0002957,76,47,2,44.33,basic,south,0,-0.3910912782758546,0,0
C0002958,40,66,2,200.51,plus,west,1,-1.926749287544434,0,0
C0002959,46,25,2,89.26,premium,east,0,-0.5628005281559775,0,1
C0002960,35,12,4,47.42,basic,south,1,1.7159649484985426,0,0
C0002961,58,25,5,77.81,plus,north,1,-0.07891280296630036,1,0
C0002962,55,6,5,42.23,basic,south,1,0.18601514445341208,1,0
C0002963,66,5,1,53.94,premium,north,0,-0.7478120675162929,0,0
C0002964,19,9,3,114.39,plus,south,0,-0.7459470649943339,0,1
C0002965,41,67,9,23.97,basic,north,0,-0.9567577928616733,1,0
C0002966,44,44,3,28.31,basic,west,1,1.6340952275264178,0,0
C0002967,69,26,3,163.89,basic,north,0,-0.25091705010370086,0,0
C0002968,32,59,2,30.27,basic,north,1,0.8623403533115757,0,0
C0002969,20,6,4,231.22,basic,south,1,1.8004413260673648,1,0
C0002970,49,39,6,28.22,premium,west,0,-0.4595703407600722,1,0
C0002971,51,35,3,20.56,premium,south,1,0.3973775872962423,0,0
C0002972,72,40,5,41.01,basic,south,1,0.36140295565146613,1,0
C0002973,50,36,3,15.99,plus,south,1,-1.0425693308004091,0,0
C0002974,64,29,4,34.79,basic,north,1,-0.4164256894865332,0,0
C0002975,23,23,4,184.66,basic,south,1,1.4014472122666222,0,1
C0002976,39,71,5,81.68,basic,south,1,0.6661828181075057,1,0
C0002977,53,55,4,73.01,premium,east,1,0.19344884801856255,0,1
C0002978,54,53,2,45.69,plus,north,2,1.014471061513772,0,0
C0002979,78,10,3,95.8,premium,north,2,-0.37174832002675473,1,0
C0002980,64,1,6,21.91,basic,south,3,0.8597614045019664,1,1
C0002981,60,19,4,67.17,plus,east,1,-0.7369722568668384,0,0
C0002982,65,41,5,87.99,plus,east,1,-0.5408207076353526,1,0
C0002983,37,22,6,77.77,basic,west,4,0.9447195614209383,1,1
C0002984,48,43,3,153.26,plus,north,2,1.27744168818186,0,0
C0002985,55,62,4,50.99,basic,south,1,0.06515564816995986,0,0
C0002986,53,71,1,41.11,basic,east,1,-0.46176984398070897,1,0
C0002987,66,35,9,56.55,basic,north,3,-1.7491802796881597,0,0
C0002988,51,48,5,35.2,basic,west,1,0.5269985301280135,1,0
C0002989,64,37,4,122.12,basic,north,1,-1.2226873863645815,0,0
C0002990,49,67,2,46.29,basic,south,2,-0.3106762868644354,0,0
C0002991,64,61,2,54.0,premium,north,0,1.0215231888315923,0,1
C0002992,63,36,5,20.23,basic,west,1,0.9906831727020794,1,0
C0002993,67,19,3,36.98,plus,south,1,-0.33850362800374134,1,0
C0002994,73,37,6,46.91,basic,south,2,-0.6592729719624388,1,1
C0002995,43,30,3,50.16,basic,north,2,-0.2666237831319945,0,0
C0002996,20,18,1,116.36,basic,south,2,-1.0514658946133817,0,0
C0002997,64,22,7,48.66,plus,west,0,1.714154756776242,1,1
C0002998,72,71,2,24.67,basic,west,3,-0.47334526255091525,0,0
C0002999,48,52,7,67.23,premium,east,1,-0.9010960424354074,1,1
