customerID,gender,SeniorCitizen,Partner,Dependents,tenure,PhoneService,MultipleLines,InternetService,OnlineSecurity,OnlineBackup,DeviceProtection,TechSupport,StreamingTV,StreamingMovies,Contract,PaperlessBilling,PaymentMethod,MonthlyCharges,TotalCharges,Churn
customerID-000001,Male,1,No,No,14,Yes,No,Fiber optic,Yes,Yes,No,Yes,Yes,No,Month-to-month,Yes,Mailed check,27.77,699.78,No
customerID-000004,Female,1,No,No,8,Yes,Yes,Fiber optic,Yes,No,No,Yes,No,Yes,One year,No,Mailed check,20.27,471.53,No
customerID-000006,Male,0,Yes,No,12,Yes,Yes,DSL,Yes,No,Yes,No,Yes,No,Month-to-month,No,Credit card (automatic),35.0,477.3,No
customerID-000008,Male,1,No,No,5,No,No,DSL,No,Yes,No,No,No,No,Month-to-month,No,Electronic check,68.99,682.07,No
customerID-000009,Male,0,No,No,,No,No,DSL,Yes,No,No,No,No,No,Month-to-month,Yes,Mailed check,59.89,610.22,No
customerID-000013,Male,0,Yes,No,,No,No,DSL,Yes,No,Yes,Yes,No,No,Month-to-month,Yes,Electronic check,77.55,963.47,Yes
customerID-000014,Male,1,Yes,No,2,No,No,DSL,No,No,Yes,No,No,No,One year,No,Credit card (automatic),40.98,610.62,No
customerID-000017,Male,1,No,No,16,No,No,DSL,Yes,Yes,No,No,Yes,No,Month-to-month,No,Electronic check,97.23,961.01,No
customerID-000018,Female,1,No,No,17,No,No,Fiber optic,Yes,Yes,Yes,No,No,No,One year,Yes,Electronic check,,244.04,No
customerID-000020,Female,0,No,No,18,Yes,No,DSL,Yes,No,No,No,No,No,Month-to-month,No,Electronic check,85.1,928.25,No
customerID-000022,Male,0,No,No,19,No,Yes,DSL,Yes,No,Yes,No,No,No,Month-to-month,Yes,Electronic check,47.45,389.11,No
customerID-000023,Male,1,No,No,14,No,Yes,Fiber optic,Yes,No,Yes,Yes,No,No,Month-to-month,No,Electronic check,37.98,548.21,No
customerID-000026,Male,0,No,No,22,Yes,No,DSL,Yes,No,No,No,No,No,Month-to-month,Yes,Credit card (automatic),110.88,440.12,No
customerID-000029,Male,1,No,No,5,Yes,No phone service,Fiber optic,Yes,No,Yes,No,Yes,No,Month-to-month,No,Mailed check,24.5,1981.88,No
customerID-000047,Male,0,Yes,No,38,Yes,Yes,DSL,Yes,No,Yes,No,No,No,One year,No,Bank transfer (automatic),66.22,353.27,No
customerID-000049,Male,1,Yes,No,27,No,No phone service,DSL,Yes,No,Yes,No,No,No,Month-to-month,No,Credit card (automatic),82.43,825.55,Yes
customerID-000054,Male,0,Yes,No,7,No,No,DSL,No,No,No,Yes,No,No,Month-to-month,Yes,Mailed check,,1495.21,No
customerID-000055,Male,0,Yes,No,19,No,No phone service,Fiber optic,No,Yes,No,Yes,No,No,Month-to-month,Yes,Mailed check,46.65,654.99,No
customerID-000056,Female,1,No,No,7,No,No,DSL,Yes,No,Yes,No,No,No,One year,No,Mailed check,50.5,1000.77,No
customerID-000059,Male,1,Yes,No,10,Yes,No phone service,DSL,Yes,No,Yes,No,Yes,No,One year,No,Electronic check,19.5,343.89,No
customerID-000062,Female,0,No,No,27,Yes,Yes,Fiber optic,No,No,No,No,No,No,One year,No,Electronic check,112.53,3749.15,No
customerID-000064,Male,0,Yes,No,,No,No phone service,DSL,Yes,No,Yes,No,No,Yes,Month-to-month,No,Mailed check,90.85,1568.37,No
customerID-000065,Female,0,No,No,13,Yes,No phone service,Fiber optic,No,Yes,No,No,Yes,No,One year,Yes,Credit card (automatic),37.98,374.75,No
customerID-000072,Female,1,No,No,5,Yes,No phone service,DSL,Yes,Yes,No,No,No,No,One year,Yes,Bank transfer (automatic),,1981.29,No
customerID-000077,Male,0,No,No,25,No,No phone service,DSL,No,Yes,Yes,Yes,No,No,Month-to-month,Yes,Mailed check,88.52,241.28,No
customerID-000078,Female,1,No,No,23,Yes,No,DSL,Yes,Yes,Yes,No,No,No,Month-to-month,Yes,Mailed check,64.66,419.54,No
customerID-000079,Female,1,Yes,No,6,No,No,Fiber optic,Yes,No,Yes,No,Yes,Yes,Month-to-month,No,Bank transfer (automatic),60.03,326.66,No
customerID-000080,Male,0,Yes,No,2,Yes,No phone service,DSL,Yes,No,No,No,Yes,No,One year,No,Mailed check,53.78,931.51,No
customerID-000083,Male,1,Yes,No,8,Yes,No,Fiber optic,No,Yes,Yes,Yes,No,No,Month-to-month,Yes,Bank transfer (automatic),38.59,581.38,No
customerID-000084,Male,0,No,No,3,Yes,No phone service,DSL,Yes,No,No,No,No,No,Month-to-month,Yes,Electronic check,32.96,388.54,Yes
customerID-000086,Female,1,No,No,21,Yes,No,DSL,Yes,No,No,No,No,No,One year,Yes,Bank transfer (automatic),,3190.93,No
customerID-000088,Female,2,Yes,No,9,No,No phone service,Fiber optic,Yes,Yes,Yes,No,No,No,Month-to-month,No,Mailed check,112.69,334.61,No
customerID-000089,Male,0,No,No,3,Yes,No,DSL,Yes,No,No,No,No,No,Month-to-month,No,Electronic check,,1403.0,No
customerID-000090,Female,0,Yes,No,3,Yes,No phone service,Fiber optic,No,Yes,No,No,Yes,Yes,One year,No,Mailed check,39.0,426.17,No
customerID-000096,Female,1,No,No,3,Yes,Yes,DSL,No,Yes,Yes,Yes,Yes,No,Month-to-month,No,Electronic check,25.59,709.29,No
customerID-000098,Female,0,No,No,33,Yes,No phone service,DSL,Yes,No,Yes,No,No,No,Month-to-month,Yes,Bank transfer (automatic),54.37,467.12,Yes
customerID-000102,Female,0,Yes,No,6,No,No,DSL,Yes,No,Yes,No,Yes,Yes,Month-to-month,No,Electronic check,16.31,1419.56,Yes
customerID-000105,Male,0,No,No,26,No,Yes,DSL,Yes,No,Yes,No,No,No,Month-to-month,No,Bank transfer (automatic),64.42,1037.7,No
customerID-000106,Male,0,No,No,42,No,Yes,Fiber optic,Yes,Yes,No,No,No,Yes,One year,Yes,Electronic check,65.51,461.53,Yes
customerID-000108,Female,1,No,No,7,Yes,Yes,DSL,Yes,Yes,Yes,No,Yes,No,Month-to-month,Yes,Mailed check,37.56,2195.75,No
customerID-000111,Female,0,No,No,6,Yes,No phone service,DSL,Yes,Yes,Yes,No,Yes,No,Month-to-month,Yes,Bank transfer (automatic),47.61,1629.73,No
customerID-000112,Female,1,No,No,7,No,No,DSL,Yes,Yes,No,No,No,Yes,Month-to-month,No,Credit card (automatic),53.67,1098.37,No
customerID-000115,Male,0,No,No,40,Yes,No phone service,DSL,Yes,Yes,No,No,No,No,Month-to-month,Yes,Mailed check,125.79,1260.55,No
customerID-000117,Female,1,No,No,14,No,No phone service,DSL,Yes,No,Yes,No,No,Yes,Month-to-month,Yes,Bank transfer (automatic),30.72,2592.88,No
customerID-000119,Female,0,No,No,4,No,Yes,Fiber optic,Yes,Yes,Yes,Yes,No,Yes,One year,Yes,Credit card (automatic),34.97,622.2,No
customerID-000124,Female,3,No,No,35,Yes,No,DSL,No,No,Yes,No,No,No,Month-to-month,Yes,Mailed check,91.34,749.4,No
customerID-000128,Male,0,No,No,18,Yes,No phone service,DSL,Yes,No,No,No,No,No,One year,Yes,Credit card (automatic),99.92,793.62,No
customerID-000130,Male,0,Yes,No,28,Yes,No,DSL,No,No,Yes,Yes,Yes,Yes,Month-to-month,Yes,Bank transfer (automatic),21.46,1236.79,No
customerID-000132,Male,1,No,No,5,Yes,No phone service,Fiber optic,Yes,Yes,Yes,Yes,No,No,Month-to-month,No,Mailed check,91.59,1821.97,No
customerID-000136,Male,0,No,No,89,Yes,Yes,DSL,No,No,Yes,No,No,No,One year,Yes,Mailed check,42.38,779.36,No
customerID-000141,Female,0,No,No,20,Yes,Yes,Fiber optic,Yes,Yes,No,No,No,Yes,One year,Yes,Mailed check,32.27,978.39,No
customerID-000143,Male,0,No,No,10,Yes,Yes,DSL,Yes,No,Yes,No,No,Yes,Month-to-month,Yes,Bank transfer (automatic),71.96,1236.62,No
customerID-000144,Male,1,No,No,4,Yes,Yes,DSL,No,No,Yes,No,No,Yes,One year,Yes,Bank transfer (automatic),36.54,3749.15,No
customerID-000146,Female,0,No,No,45,Yes,Yes,Fiber optic,Yes,No,Yes,No,No,No,One year,Yes,Credit card (automatic),61.91,437.1,No
customerID-000147,Male,0,Yes,No,2,Yes,No phone service,DSL,Yes,No,Yes,No,No,Yes,Month-to-month,No,Electronic check,36.32,415.4,No
customerID-000149,Male,0,No,No,13,Yes,No,Fiber optic,No,Yes,No,No,No,Yes,One year,Yes,Bank transfer (automatic),52.58,1339.66,No
customerID-000150,Female,0,Yes,No,40,No,No,DSL,Yes,No,No,Yes,No,No,One year,No,Bank transfer (automatic),104.44,603.21,Yes
customerID-000153,Male,1,No,No,31,Yes,No,DSL,Yes,No,Yes,No,No,No,One year,No,Bank transfer (automatic),37.62,582.53,No
customerID-000157,Male,0,No,No,16,Yes,Yes,DSL,Yes,Yes,Yes,No,Yes,Yes,One year,Yes,Mailed check,47.65,860.54,No
customerID-000160,Male,1,No,No,8,No,No,DSL,Yes,No,Yes,Yes,No,No,Month-to-month,Yes,Bank transfer (automatic),73.77,744.23,No
customerID-000162,Female,0,No,No,11,No,No phone service,DSL,No,No,No,No,No,No,Month-to-month,No,Credit card (automatic),23.21,461.52,No
customerID-000163,Male,2,No,No,16,No,No,DSL,Yes,No,Yes,Yes,No,No,Month-to-month,Yes,Bank transfer (automatic),22.87,209.1,No
customerID-000165,Male,0,No,No,56,Yes,Yes,DSL,Yes,No,Yes,No,Yes,No,One year,Yes,Mailed check,61.2,2256.39,No
customerID-000171,Male,0,No,No,7,Yes,Yes,DSL,Yes,Yes,No,No,Yes,No,Month-to-month,Yes,Credit card (automatic),90.57,797.19,No
customerID-000179,Male,1,No,No,37,Yes,No,DSL,Yes,No,Yes,Yes,No,No,One year,Yes,Credit card (automatic),31.03,1121.94,No
customerID-000182,Female,0,No,No,7,Yes,No,DSL,Yes,Yes,Yes,No,No,Yes,Month-to-month,Yes,Mailed check,55.92,841.59,No
customerID-000188,Male,0,No,No,7,Yes,No phone service,Fiber optic,Yes,No,No,No,No,Yes,Month-to-month,No,Bank transfer (automatic),26.07,391.33,No
customerID-000191,Female,0,Yes,No,89,Yes,No phone service,DSL,Yes,Yes,Yes,No,No,Yes,Month-to-month,Yes,Credit card (automatic),32.31,1176.02,No
customerID-000193,Female,0,Yes,No,13,No,No phone service,Fiber optic,Yes,Yes,Yes,No,No,No,Month-to-month,No,Credit card (automatic),24.38,3733.82,No
customerID-000195,Male,0,Yes,No,9,Yes,No,Fiber optic,Yes,No,Yes,No,No,No,Month-to-month,No,Credit card (automatic),23.32,1129.9,Yes
customerID-000196,Male,1,No,No,23,Yes,No phone service,DSL,No,Yes,Yes,No,No,No,One year,Yes,Mailed check,67.27,1935.88,No
customerID-000199,Male,1,No,No,24,Yes,Yes,DSL,Yes,Yes,Yes,No,Yes,No,Month-to-month,No,Electronic check,62.82,1406.12,No
customerID-000203,Female,0,No,No,30,Yes,No,DSL,Yes,No,No,Yes,No,Yes,Month-to-month,Yes,Electronic check,,159.61,No
customerID-000208,Male,0,No,No,28,Yes,Yes,DSL,Yes,No,No,No,No,No,One year,Yes,Electronic check,66.09,981.18,No
customerID-000209,Male,1,No,No,10,No,Yes,DSL,Yes,Yes,No,No,Yes,Yes,Month-to-month,Yes,Mailed check,16.39,1299.34,No
customerID-000211,Female,0,Yes,No,4,Yes,No phone service,DSL,Yes,No,Yes,No,Yes,No,Month-to-month,Yes,Credit card (automatic),41.73,225.4,No
customerID-000213,Female,0,Yes,No,56,Yes,No,DSL,No,No,Yes,No,No,No,Month-to-month,Yes,Electronic check,40.41,1160.81,No
customerID-000217,Male,0,No,No,19,Yes,No,DSL,Yes,No,No,No,No,Yes,Month-to-month,Yes,Mailed check,,683.94,No
customerID-000218,Male,0,No,No,39,Yes,No phone service,DSL,Yes,Yes,Yes,No,Yes,No,One year,No,Credit card (automatic),48.07,438.65,No
customerID-000229,Male,0,Yes,No,40,Yes,No phone service,DSL,Yes,No,No,Yes,No,No,One year,No,Credit card (automatic),48.54,707.55,Yes
customerID-000230,Female,0,No,No,47,Yes,No phone service,DSL,Yes,Yes,Yes,No,Yes,Yes,One year,No,Mailed check,24.28,272.8,No
customerID-000231,Female,1,No,No,14,Yes,Yes,DSL,No,No,Yes,No,No,No,Month-to-month,No,Mailed check,134.18,1212.16,No
customerID-000234,Male,1,No,No,15,No,No,DSL,Yes,No,No,No,Yes,Yes,Month-to-month,Yes,Electronic check,44.6,1766.06,No
customerID-000236,Female,0,No,No,4,No,Yes,Fiber optic,Yes,Yes,No,No,No,No,Month-to-month,Yes,Mailed check,20.55,502.45,No
customerID-000239,Male,0,No,No,34,No,No,Fiber optic,No,Yes,No,No,No,Yes,Month-to-month,Yes,Credit card (automatic),38.45,166.82,Yes
customerID-000244,Male,0,No,No,6,Yes,No,DSL,Yes,No,No,No,No,No,Month-to-month,Yes,Mailed check,23.08,208.23,No
customerID-000251,Male,0,Yes,No,3,Yes,No,DSL,No,Yes,No,No,Yes,No,Month-to-month,Yes,Bank transfer (automatic),90.62,540.03,No
customerID-000253,Male,0,No,No,62,No,No phone service,DSL,No,No,No,Yes,No,No,Month-to-month,No,Credit card (automatic),10.48,525.44,Yes
customerID-000256,Male,0,Yes,No,0,No,No phone service,DSL,No,Yes,Yes,No,Yes,No,Month-to-month,Yes,Bank transfer (automatic),69.76,850.74,No
customerID-000257,Female,0,No,No,,Yes,No phone service,DSL,Yes,Yes,No,No,Yes,No,Month-to-month,No,Bank transfer (automatic),50.25,536.28,No
customerID-000270,Male,0,No,No,36,Yes,Yes,DSL,Yes,Yes,No,No,No,No,Month-to-month,No,Mailed check,52.25,295.48,No
customerID-000271,Male,0,No,No,44,No,No,Fiber optic,No,No,Yes,No,Yes,No,Month-to-month,Yes,Mailed check,,886.47,No
customerID-000276,Female,0,No,No,6,Yes,No phone service,Fiber optic,Yes,No,No,No,No,Yes,One year,Yes,Bank transfer (automatic),38.47,342.2,No
customerID-000278,Male,1,No,No,37,Yes,No phone service,Fiber optic,No,Yes,Yes,No,No,Yes,Month-to-month,Yes,Electronic check,166.06,799.53,No
customerID-000286,Male,0,No,No,3,Yes,No phone service,DSL,No,No,No,No,No,No,Month-to-month,No,Mailed check,32.46,552.76,No
customerID-000291,Male,3,Yes,No,21,No,No,DSL,No,Yes,Yes,No,No,No,Month-to-month,No,Mailed check,,606.48,Yes
customerID-000292,Male,0,Yes,No,45,Yes,No,DSL,Yes,No,Yes,No,No,No,Month-to-month,Yes,Mailed check,16.49,257.16,No
customerID-000295,Female,0,No,No,11,No,No phone service,DSL,Yes,No,Yes,No,No,No,One year,Yes,Electronic check,37.93,193.49,No
customerID-000296,Male,0,No,No,15,Yes,No,DSL,Yes,Yes,Yes,No,No,No,One year,Yes,Mailed check,14.23,706.7,No
customerID-000300,Female,0,Yes,No,6,Yes,No phone service,DSL,No,No,Yes,No,No,No,One year,Yes,Bank transfer (automatic),73.07,284.61,No
customerID-000303,Male,1,No,No,18,Yes,Yes,DSL,No,No,Yes,No,No,Yes,One year,No,Mailed check,15.43,1844.87,Yes
customerID-000305,Female,1,No,No,8,Yes,No phone service,DSL,No,Yes,Yes,No,No,No,One year,Yes,Electronic check,62.06,139.38,No
customerID-000310,Male,0,No,No,59,Yes,No,DSL,No,No,Yes,No,Yes,No,Month-to-month,Yes,Mailed check,133.64,1862.35,No
customerID-000315,Female,0,No,No,27,No,Yes,DSL,Yes,No,Yes,Yes,No,No,Month-to-month,Yes,Bank transfer (automatic),26.6,1947.49,No
customerID-000317,Male,2,No,No,13,Yes,No phone service,DSL,Yes,No,No,Yes,Yes,No,One year,Yes,Bank transfer (automatic),27.17,273.55,No
customerID-000321,Male,1,No,No,7,No,No phone service,DSL,No,No,Yes,No,No,No,One year,Yes,Mailed check,107.64,379.57,No
customerID-000323,Female,0,No,No,1,Yes,No phone service,DSL,Yes,Yes,Yes,No,No,No,Month-to-month,No,Credit card (automatic),42.86,789.53,No
customerID-000325,Male,0,No,No,1,Yes,No phone service,Fiber optic,No,No,Yes,Yes,No,No,One year,Yes,Electronic check,,402.99,No
customerID-000326,Male,0,No,No,28,No,Yes,Fiber optic,No,No,No,No,No,Yes,Month-to-month,No,Mailed check,96.33,2121.17,Yes
customerID-000327,Female,0,No,No,12,Yes,No,DSL,Yes,No,Yes,No,No,No,Month-to-month,No,Credit card (automatic),49.88,1704.97,No
customerID-000329,Male,0,Yes,No,13,Yes,Yes,DSL,Yes,No,Yes,No,No,No,One year,Yes,Credit card (automatic),30.52,803.18,Yes
customerID-000338,Male,0,No,No,15,No,No phone service,Fiber optic,No,Yes,Yes,No,No,No,One year,No,Electronic check,18.51,124.4,Yes
customerID-000340,Male,0,No,No,4,Yes,Yes,DSL,Yes,No,Yes,No,No,No,One year,Yes,Electronic check,117.27,791.32,No
customerID-000342,Female,0,No,No,2,Yes,No,Fiber optic,Yes,No,No,No,Yes,No,Month-to-month,Yes,Credit card (automatic),110.77,208.7,No
customerID-000344,Female,1,No,No,29,Yes,No,DSL,No,No,No,Yes,No,Yes,Month-to-month,Yes,Mailed check,27.2,629.38,No
customerID-000349,Male,0,No,No,33,No,No,Fiber optic,Yes,Yes,No,Yes,No,No,Month-to-month,Yes,Mailed check,51.76,417.86,No
customerID-000352,Male,1,No,No,70,Yes,No,Fiber optic,Yes,Yes,Yes,No,No,No,Month-to-month,Yes,Mailed check,77.9,1267.96,Yes
customerID-000354,Male,3,Yes,No,,Yes,No phone service,DSL,No,No,Yes,No,Yes,No,Month-to-month,No,Bank transfer (automatic),26.57,1406.52,No
customerID-000356,Male,0,Yes,No,9,Yes,Yes,Fiber optic,Yes,No,Yes,No,No,No,Month-to-month,No,Credit card (automatic),27.0,2626.56,No
customerID-000360,Male,1,No,No,6,No,No phone service,DSL,No,Yes,Yes,No,No,Yes,Month-to-month,No,Electronic check,28.55,363.88,No
customerID-000363,Female,2,No,No,8,Yes,No,DSL,No,No,No,Yes,No,No,Month-to-month,Yes,Bank transfer (automatic),32.81,1915.09,No
customerID-000366,Male,0,No,No,13,No,No,Fiber optic,Yes,Yes,Yes,No,No,No,Month-to-month,Yes,Mailed check,78.18,472.8,No
customerID-000372,Male,0,No,No,10,Yes,No phone service,DSL,Yes,Yes,Yes,No,No,No,One year,No,Bank transfer (automatic),28.89,940.09,No
customerID-000374,Female,1,No,No,12,Yes,No,DSL,Yes,No,No,Yes,No,No,Month-to-month,No,Mailed check,46.16,1863.54,No
customerID-000376,Male,1,No,No,14,No,No,DSL,No,Yes,No,Yes,No,No,One year,Yes,Mailed check,51.37,2714.32,Yes
customerID-000377,Male,0,No,No,5,Yes,Yes,DSL,Yes,No,No,No,Yes,No,Month-to-month,Yes,Mailed check,28.68,3749.15,No
customerID-000378,Female,0,No,No,2,No,No phone service,DSL,Yes,Yes,No,No,No,No,Month-to-month,No,Bank transfer (automatic),96.58,331.74,No
customerID-000383,Male,0,No,No,40,Yes,No phone service,DSL,Yes,No,Yes,Yes,No,Yes,Month-to-month,Yes,Electronic check,16.4,123.42,No
customerID-000388,Female,0,Yes,No,16,Yes,No phone service,Fiber optic,Yes,No,Yes,No,No,Yes,One year,Yes,Electronic check,63.94,208.65,No
customerID-000389,Male,2,No,No,4,No,No,DSL,No,No,Yes,No,Yes,No,Month-to-month,Yes,Bank transfer (automatic),17.54,791.57,No
customerID-000395,Male,0,No,No,8,Yes,No phone service,DSL,No,Yes,No,No,No,Yes,One year,No,Bank transfer (automatic),14.28,612.94,No
customerID-000397,Male,0,No,No,26,No,No phone service,DSL,Yes,Yes,Yes,Yes,Yes,No,Month-to-month,No,Electronic check,124.92,1345.2,No
customerID-000399,Male,1,No,No,28,Yes,Yes,DSL,No,No,No,No,No,No,One year,No,Electronic check,46.61,505.41,No
customerID-000400,Female,1,No,No,11,No,Yes,DSL,No,No,Yes,No,No,No,Month-to-month,Yes,Mailed check,,84.06,No
customerID-000409,Female,1,No,No,7,Yes,Yes,DSL,Yes,No,Yes,No,Yes,No,Month-to-month,Yes,Bank transfer (automatic),22.06,655.63,No
customerID-000412,Female,1,Yes,No,43,Yes,No phone service,DSL,Yes,No,No,No,No,Yes,One year,No,Mailed check,31.76,776.36,No
customerID-000413,Female,0,No,No,36,Yes,No,DSL,Yes,Yes,Yes,Yes,No,No,One year,Yes,Mailed check,88.87,1047.59,No
customerID-000414,Male,1,No,No,25,No,No,Fiber optic,No,Yes,No,No,No,No,Month-to-month,No,Mailed check,23.33,1076.19,No
customerID-000415,Female,1,Yes,No,22,No,No phone service,DSL,No,No,Yes,No,No,No,Month-to-month,No,Electronic check,34.34,2334.54,No
customerID-000416,Male,1,No,No,39,Yes,No phone service,DSL,Yes,Yes,No,Yes,No,No,Month-to-month,No,Electronic check,66.4,358.67,No
customerID-000419,Male,0,Yes,No,17,No,No,DSL,Yes,Yes,Yes,No,No,No,One year,Yes,Electronic check,49.38,1681.08,No
customerID-000421,Male,0,Yes,No,11,Yes,No,Fiber optic,Yes,Yes,No,No,No,No,One year,No,Mailed check,27.41,444.13,No
customerID-000425,Male,0,No,No,6,No,No phone service,DSL,Yes,No,Yes,No,No,Yes,Month-to-month,Yes,Electronic check,104.52,122.19,No
customerID-000426,Male,0,No,No,46,No,No,DSL,Yes,No,No,Yes,No,No,One year,Yes,Credit card (automatic),25.01,889.75,No
customerID-000428,Female,0,No,No,11,Yes,No phone service,Fiber optic,No,No,Yes,Yes,No,No,Month-to-month,Yes,Mailed check,20.24,2805.07,No
customerID-000430,Male,2,No,No,15,Yes,No,DSL,Yes,No,No,Yes,Yes,Yes,Month-to-month,No,Credit card (automatic),,3428.97,No
customerID-000431,Male,1,No,No,12,Yes,Yes,DSL,Yes,Yes,No,Yes,Yes,No,Month-to-month,No,Mailed check,33.26,680.44,No
customerID-000436,Female,1,No,No,3,Yes,Yes,DSL,Yes,Yes,Yes,No,No,No,One year,No,Mailed check,12.35,415.47,No
customerID-000440,Male,2,No,No,52,Yes,No,DSL,Yes,Yes,Yes,No,No,No,One year,Yes,Mailed check,27.83,205.67,No
customerID-000443,Male,1,No,No,6,Yes,No,DSL,Yes,No,Yes,No,No,No,One year,No,Credit card (automatic),57.04,837.19,No
customerID-000445,Male,0,No,No,11,Yes,Yes,DSL,Yes,No,No,No,No,No,One year,No,Credit card (automatic),21.44,3749.15,No
customerID-000446,Female,0,No,No,21,Yes,No,DSL,Yes,No,Yes,No,No,Yes,Month-to-month,Yes,Credit card (automatic),55.45,359.84,No
customerID-000449,Male,0,No,No,9,Yes,Yes,DSL,Yes,No,No,No,No,Yes,Month-to-month,Yes,Credit card (automatic),71.17,412.03,No
customerID-000450,Female,0,No,No,50,No,No phone service,Fiber optic,No,No,Yes,No,No,No,Month-to-month,Yes,Credit card (automatic),65.06,137.77,No
customerID-000452,Female,1,No,No,13,No,No,DSL,Yes,Yes,No,Yes,No,No,Month-to-month,Yes,Electronic check,72.58,960.9,No
customerID-000455,Female,0,No,No,5,No,No phone service,DSL,Yes,Yes,No,Yes,No,No,One year,Yes,Mailed check,52.14,628.36,No
customerID-000456,Male,1,Yes,No,23,Yes,No,DSL,Yes,No,Yes,No,No,Yes,Month-to-month,Yes,Mailed check,65.22,822.62,No
customerID-000457,Male,0,Yes,No,,Yes,No phone service,DSL,Yes,Yes,Yes,Yes,No,No,One year,No,Mailed check,30.54,596.94,No
customerID-000458,Male,0,No,No,2,Yes,No,DSL,Yes,No,Yes,No,No,Yes,One year,No,Mailed check,33.76,1707.69,No
customerID-000461,Male,0,Yes,No,12,Yes,No,DSL,Yes,Yes,No,No,No,Yes,Month-to-month,Yes,Bank transfer (automatic),43.79,846.2,No
customerID-000463,Male,0,No,No,11,No,No phone service,DSL,No,Yes,Yes,No,Yes,No,One year,Yes,Mailed check,9.68,771.58,No
customerID-000465,Male,1,Yes,No,13,Yes,Yes,Fiber optic,Yes,Yes,Yes,No,No,No,One year,No,Electronic check,42.72,500.78,Yes
customerID-000466,Female,1,No,No,15,Yes,No,Fiber optic,Yes,No,Yes,No,No,No,One year,Yes,Mailed check,,1364.33,No
customerID-000467,Female,0,No,No,10,No,Yes,Fiber optic,No,Yes,No,No,No,No,One year,Yes,Mailed check,31.93,389.76,No
customerID-000468,Male,1,No,No,6,No,No phone service,DSL,Yes,No,No,No,No,No,Month-to-month,Yes,Bank transfer (automatic),56.81,2556.72,No
customerID-000471,Female,0,Yes,No,23,No,No,DSL,No,No,No,No,No,No,Month-to-month,Yes,Mailed check,151.2,1244.31,No
customerID-000472,Female,2,No,No,7,No,No,DSL,No,No,Yes,No,No,No,One year,Yes,Credit card (automatic),28.34,293.66,No
customerID-000474,Male,0,No,No,22,No,No phone service,DSL,No,Yes,No,No,No,No,Month-to-month,No,Credit card (automatic),21.89,2899.19,No
customerID-000477,Male,0,No,No,6,Yes,No,DSL,Yes,Yes,No,No,No,No,Month-to-month,Yes,Bank transfer (automatic),77.97,731.16,No
customerID-000481,Female,0,No,No,7,Yes,No phone service,DSL,Yes,No,No,Yes,No,No,One year,No,Bank transfer (automatic),34.78,224.79,No
customerID-000486,Male,0,No,No,5,No,No phone service,DSL,No,Yes,No,No,No,No,One year,Yes,Credit card (automatic),47.74,789.65,No
customerID-000497,Female,1,No,No,17,No,No,DSL,No,Yes,No,No,Yes,No,One year,Yes,Electronic check,34.25,297.37,No
customerID-000498,Female,0,No,No,18,No,Yes,DSL,No,Yes,No,Yes,No,No,Month-to-month,No,Mailed check,35.43,326.15,No
customerID-000503,Female,0,Yes,No,13,No,No phone service,DSL,Yes,No,No,No,No,No,Month-to-month,Yes,Mailed check,23.31,718.99,No
customerID-000506,Male,0,No,No,,Yes,No phone service,DSL,Yes,No,Yes,Yes,Yes,No,Month-to-month,No,Electronic check,26.31,292.42,No
customerID-000508,Male,0,No,No,52,Yes,No phone service,DSL,Yes,No,No,No,Yes,Yes,One year,Yes,Electronic check,108.81,710.32,No
customerID-000509,Male,1,Yes,No,5,Yes,Yes,Fiber optic,Yes,Yes,No,Yes,No,No,Month-to-month,No,Electronic check,22.64,613.81,No
customerID-000514,Male,0,No,No,4,Yes,No phone service,DSL,No,No,Yes,No,No,Yes,Month-to-month,Yes,Mailed check,72.11,382.68,No
customerID-000516,Female,0,No,No,2,No,No,DSL,No,No,Yes,Yes,Yes,No,Month-to-month,Yes,Electronic check,52.98,382.31,No
customerID-000520,Male,1,No,No,2,No,No,DSL,No,No,Yes,No,No,Yes,One year,Yes,Credit card (automatic),28.2,624.24,No
customerID-000521,Male,0,No,No,34,No,No,DSL,Yes,Yes,Yes,No,Yes,No,Month-to-month,Yes,Credit card (automatic),37.73,420.63,Yes
customerID-000522,Female,0,No,No,10,No,No,DSL,Yes,No,Yes,Yes,No,No,One year,Yes,Credit card (automatic),32.35,673.65,No
customerID-000524,Female,0,No,No,33,Yes,No phone service,DSL,No,No,No,No,No,No,Month-to-month,Yes,Electronic check,68.15,886.7,No
customerID-000526,Female,1,No,No,1,No,No,DSL,Yes,Yes,No,No,No,Yes,One year,Yes,Bank transfer (automatic),38.52,1905.9,No
customerID-000531,Female,0,No,No,9,No,Yes,DSL,No,No,No,No,Yes,No,Month-to-month,No,Electronic check,141.61,503.67,No
customerID-000532,Female,1,No,No,21,No,Yes,Fiber optic,Yes,No,Yes,No,No,No,Month-to-month,Yes,Mailed check,135.94,335.84,No
customerID-000533,Male,3,Yes,No,10,No,No,DSL,Yes,Yes,Yes,No,No,Yes,One year,No,Bank transfer (automatic),44.3,545.23,No
customerID-000535,Male,4,No,No,14,Yes,Yes,DSL,Yes,No,No,No,Yes,No,One year,No,Mailed check,108.55,1039.12,No
customerID-000537,Female,1,No,No,3,No,No phone service,DSL,Yes,No,Yes,No,Yes,No,Month-to-month,Yes,Mailed check,23.72,1656.59,No
customerID-000538,Male,1,No,No,,Yes,No,Fiber optic,Yes,No,Yes,No,Yes,Yes,Month-to-month,No,Credit card (automatic),54.37,94.95,No
customerID-000540,Male,0,Yes,No,39,Yes,No,Fiber optic,Yes,Yes,No,No,No,Yes,Month-to-month,Yes,Mailed check,81.88,1279.39,No
customerID-000541,Male,0,No,No,78,No,No,Fiber optic,No,Yes,Yes,No,No,No,One year,No,Bank transfer (automatic),44.85,704.73,No
customerID-000544,Male,2,No,No,15,Yes,No,DSL,Yes,No,Yes,No,No,No,Month-to-month,No,Electronic check,68.7,1122.33,No
customerID-000545,Male,1,No,No,13,No,No,Fiber optic,No,No,Yes,No,No,Yes,Month-to-month,Yes,Electronic check,38.06,467.77,No
customerID-000547,Male,0,No,No,36,No,No phone service,DSL,No,Yes,Yes,No,No,No,Month-to-month,No,Electronic check,58.55,1188.77,No
customerID-000552,Male,0,No,No,31,No,No phone service,DSL,Yes,No,Yes,No,No,No,Month-to-month,No,Mailed check,86.34,608.72,No
customerID-000554,Female,1,No,No,38,Yes,No phone service,DSL,Yes,Yes,No,Yes,No,No,Month-to-month,Yes,Bank transfer (automatic),49.06,693.69,No
customerID-000555,Male,0,No,No,11,No,No,DSL,Yes,No,Yes,No,Yes,No,One year,No,Credit card (automatic),30.98,730.3,No
customerID-000559,Female,0,No,No,8,No,No phone service,Fiber optic,Yes,Yes,Yes,No,No,No,One year,Yes,Bank transfer (automatic),112.08,296.64,No
customerID-000562,Male,0,No,No,7,Yes,No phone service,DSL,Yes,No,Yes,No,No,No,Month-to-month,No,Credit card (automatic),,415.16,No
customerID-000563,Male,1,Yes,No,7,Yes,No,DSL,Yes,Yes,Yes,No,Yes,No,Month-to-month,No,Bank transfer (automatic),48.78,1781.8,No
customerID-000565,Female,2,No,No,33,Yes,Yes,DSL,No,No,No,No,No,Yes,Month-to-month,No,Mailed check,,1385.68,No
customerID-000566,Male,1,No,No,,Yes,Yes,Fiber optic,No,No,Yes,No,No,No,One year,No,Mailed check,42.72,400.58,No
customerID-000567,Female,1,No,No,10,No,Yes,DSL,No,Yes,No,No,No,No,Month-to-month,Yes,Mailed check,55.83,1183.11,No
customerID-000568,Female,1,No,No,1,Yes,No phone service,DSL,Yes,Yes,No,No,No,Yes,Month-to-month,Yes,Credit card (automatic),79.78,1958.15,No
customerID-000573,Female,0,Yes,No,9,Yes,No,DSL,No,Yes,Yes,No,No,No,Month-to-month,Yes,Mailed check,151.15,272.58,No
customerID-000574,Male,0,Yes,No,4,No,Yes,DSL,Yes,No,No,No,No,No,Month-to-month,Yes,Mailed check,90.69,966.22,Yes
customerID-000578,Male,0,Yes,No,,No,No phone service,DSL,No,Yes,No,No,Yes,Yes,Month-to-month,No,Electronic check,27.39,848.9,No
customerID-000580,Male,0,No,No,72,Yes,No phone service,DSL,No,Yes,No,No,No,No,One year,Yes,Electronic check,42.91,883.38,No
customerID-000581,Female,0,Yes,No,21,No,No,Fiber optic,Yes,No,No,No,Yes,No,One year,No,Credit card (automatic),59.07,1207.65,No
customerID-000582,Female,1,No,No,21,Yes,Yes,Fiber optic,Yes,Yes,Yes,Yes,No,No,Month-to-month,Yes,Mailed check,85.23,2403.17,No
customerID-000584,Female,1,No,No,24,Yes,No phone service,DSL,No,Yes,Yes,No,Yes,No,One year,No,Mailed check,49.2,684.81,No
customerID-000585,Male,0,No,No,49,No,No phone service,DSL,Yes,No,No,Yes,No,Yes,Month-to-month,No,Credit card (automatic),24.76,683.4,No
customerID-000590,Male,1,Yes,No,14,Yes,No,Fiber optic,No,Yes,Yes,No,Yes,No,Month-to-month,No,Mailed check,34.4,588.32,No
customerID-000592,Male,0,No,No,13,No,No,DSL,No,No,Yes,Yes,Yes,No,Month-to-month,Yes,Electronic check,56.25,234.69,No
customerID-000593,Female,1,No,No,,Yes,No,DSL,No,Yes,No,Yes,No,No,One year,Yes,Bank transfer (automatic),,256.26,No
customerID-000595,Female,0,No,No,13,Yes,No phone service,DSL,Yes,No,Yes,Yes,No,No,Month-to-month,Yes,Credit card (automatic),20.51,170.69,No
customerID-000599,Male,1,No,No,,Yes,Yes,DSL,No,Yes,No,Yes,No,No,Month-to-month,Yes,Mailed check,53.58,1539.95,Yes
customerID-000600,Male,1,No,No,5,Yes,Yes,DSL,No,Yes,Yes,Yes,No,No,One year,No,Bank transfer (automatic),37.47,477.42,Yes
customerID-000601,Male,0,No,No,,Yes,No phone service,DSL,Yes,No,No,Yes,Yes,Yes,One year,No,Mailed check,14.83,260.3,No
customerID-000605,Female,0,Yes,No,17,No,No,DSL,Yes,No,Yes,No,No,Yes,One year,No,Mailed check,,361.53,No
customerID-000607,Male,0,Yes,No,11,No,Yes,Fiber optic,No,No,No,Yes,No,No,One year,Yes,Electronic check,49.18,497.52,No
customerID-000610,Male,0,Yes,No,18,Yes,Yes,DSL,Yes,Yes,No,No,No,No,One year,Yes,Credit card (automatic),37.82,605.04,No
customerID-000612,Male,1,No,No,,Yes,No,DSL,Yes,Yes,No,No,No,No,Month-to-month,Yes,Mailed check,,678.91,No
customerID-000618,Male,0,No,No,21,No,Yes,Fiber optic,Yes,No,No,No,Yes,No,Month-to-month,No,Mailed check,16.64,136.29,No
customerID-000623,Male,1,Yes,No,24,No,No phone service,Fiber optic,No,No,No,No,No,No,Month-to-month,Yes,Mailed check,81.73,270.79,No
customerID-000624,Male,0,No,No,6,Yes,No phone service,DSL,No,Yes,Yes,No,No,No,Month-to-month,No,Credit card (automatic),79.24,715.23,No
customerID-000631,Male,2,No,No,7,No,Yes,Fiber optic,Yes,No,Yes,Yes,No,Yes,Month-to-month,Yes,Bank transfer (automatic),44.71,568.47,No
customerID-000635,Female,0,No,No,3,No,No,Fiber optic,Yes,No,Yes,No,Yes,No,One year,Yes,Credit card (automatic),72.28,1353.89,No
customerID-000636,Male,0,No,No,6,No,Yes,Fiber optic,No,No,Yes,No,No,Yes,Month-to-month,Yes,Credit card (automatic),,479.01,No
customerID-000638,Female,0,No,No,7,Yes,No phone service,DSL,Yes,No,No,Yes,No,Yes,Month-to-month,Yes,Credit card (automatic),24.82,457.24,No
customerID-000639,Male,2,No,No,37,No,No,Fiber optic,Yes,No,No,Yes,No,Yes,Month-to-month,Yes,Mailed check,39.15,888.93,No
customerID-000642,Female,1,Yes,No,7,No,No,Fiber optic,Yes,No,Yes,No,Yes,No,Month-to-month,Yes,Mailed check,51.29,1226.98,No
customerID-000643,Female,0,No,No,9,Yes,No phone service,Fiber optic,Yes,No,Yes,No,No,No,One year,Yes,Mailed check,,775.87,No
customerID-000645,Female,1,No,No,60,No,No,DSL,Yes,No,Yes,No,No,No,Month-to-month,Yes,Credit card (automatic),17.96,415.28,No
customerID-000647,Female,0,No,No,4,Yes,No,DSL,Yes,Yes,Yes,No,Yes,No,Month-to-month,Yes,Electronic check,76.83,813.63,No
customerID-000653,Male,1,No,No,18,No,No,DSL,Yes,No,No,Yes,No,No,Month-to-month,No,Bank transfer (automatic),,2732.26,No
customerID-000654,Male,1,No,No,15,Yes,No,DSL,No,Yes,No,No,No,Yes,Month-to-month,Yes,Mailed check,6.14,625.07,No
customerID-000656,Female,0,No,No,16,Yes,No phone service,DSL,Yes,No,Yes,No,No,No,Month-to-month,Yes,Mailed check,,1426.19,No
customerID-000658,Female,0,No,No,22,No,No,DSL,No,Yes,No,No,No,No,One year,No,Mailed check,26.9,455.72,No
customerID-000662,Female,0,No,No,12,No,No phone service,DSL,Yes,Yes,No,No,No,No,Month-to-month,Yes,Mailed check,,572.43,No
customerID-000664,Male,1,No,No,3,Yes,Yes,Fiber optic,Yes,No,Yes,No,No,No,One year,Yes,Electronic check,56.13,348.36,Yes
customerID-000666,Male,0,No,No,16,No,Yes,Fiber optic,Yes,No,No,No,No,No,One year,Yes,Electronic check,35.06,720.89,Yes
customerID-000669,Male,0,No,No,9,Yes,No,DSL,No,No,Yes,Yes,No,Yes,Month-to-month,Yes,Electronic check,116.53,192.77,No
customerID-000671,Male,0,No,No,12,Yes,No,DSL,No,No,No,No,No,No,Month-to-month,No,Bank transfer (automatic),79.42,1139.36,No
customerID-000672,Male,0,No,No,8,No,No,DSL,Yes,Yes,No,Yes,No,No,Month-to-month,Yes,Electronic check,32.47,322.23,No
customerID-000673,Male,1,No,No,5,Yes,No phone service,DSL,Yes,No,No,Yes,Yes,No,Month-to-month,Yes,Credit card (automatic),53.05,727.62,No
customerID-000677,Male,1,No,No,8,No,No,DSL,No,Yes,No,No,No,No,One year,No,Mailed check,98.93,1187.67,No
customerID-000678,Male,0,No,No,14,Yes,No,DSL,Yes,Yes,No,Yes,No,No,Month-to-month,Yes,Bank transfer (automatic),28.67,2145.99,No
customerID-000682,Male,0,No,No,13,Yes,No,DSL,Yes,No,No,No,Yes,No,One year,Yes,Credit card (automatic),,895.68,No
customerID-000683,Female,1,Yes,No,13,Yes,Yes,Fiber optic,Yes,Yes,No,Yes,Yes,No,Month-to-month,Yes,Electronic check,97.09,1319.11,No
customerID-000690,Male,0,Yes,No,3,No,No,DSL,Yes,Yes,Yes,Yes,No,No,Month-to-month,Yes,Credit card (automatic),32.53,998.17,No
customerID-000691,Female,0,No,No,2,Yes,Yes,DSL,Yes,No,Yes,Yes,No,No,One year,Yes,Electronic check,30.19,2375.59,No
customerID-000693,Male,0,No,No,21,Yes,No,DSL,Yes,Yes,Yes,No,Yes,Yes,Month-to-month,Yes,Electronic check,73.01,2580.56,Yes
customerID-000698,Male,0,No,No,1,Yes,No phone service,DSL,No,No,No,No,No,No,One year,Yes,Mailed check,27.92,1856.42,No
customerID-000700,Female,1,No,No,10,Yes,No phone service,DSL,Yes,Yes,Yes,Yes,No,No,Month-to-month,No,Bank transfer (automatic),20.22,451.65,No
customerID-000703,Male,1,Yes,No,2,Yes,No,DSL,Yes,No,No,No,No,No,Month-to-month,Yes,Bank transfer (automatic),36.34,513.11,No
customerID-000717,Male,0,No,No,9,Yes,No,DSL,Yes,No,No,No,No,No,One year,Yes,Credit card (automatic),126.08,610.73,No
customerID-000718,Female,2,No,No,4,Yes,No phone service,Fiber optic,Yes,Yes,No,No,No,No,Month-to-month,No,Mailed check,,640.72,No
customerID-000720,Female,1,Yes,No,9,No,No,Fiber optic,No,Yes,Yes,Yes,Yes,No,Month-to-month,Yes,Bank transfer (automatic),42.47,143.54,No
customerID-000723,Male,0,No,No,61,No,No phone service,DSL,Yes,Yes,Yes,No,No,No,Month-to-month,Yes,Mailed check,130.61,922.58,No
customerID-000726,Male,1,Yes,No,10,No,No phone service,DSL,No,No,No,No,Yes,No,Month-to-month,No,Credit card (automatic),64.26,594.35,Yes
customerID-000731,Male,0,No,No,7,No,No,DSL,No,No,No,No,No,No,Month-to-month,Yes,Bank transfer (automatic),28.26,1275.74,No
customerID-000732,Female,0,No,No,8,No,Yes,DSL,Yes,No,No,No,No,No,One year,Yes,Bank transfer (automatic),48.56,320.22,No
customerID-000735,Female,0,No,No,8,No,No phone service,DSL,No,No,No,No,Yes,Yes,One year,No,Credit card (automatic),29.52,1466.49,No
customerID-000736,Male,0,Yes,No,11,Yes,No phone service,Fiber optic,Yes,No,No,Yes,No,No,One year,No,Bank transfer (automatic),96.77,1448.9,No
customerID-000739,Male,0,No,No,9,Yes,No,DSL,No,Yes,Yes,No,No,No,One year,Yes,Electronic check,63.42,637.82,Yes
customerID-000740,Male,1,No,No,10,Yes,No,Fiber optic,No,Yes,Yes,No,No,No,Month-to-month,Yes,Bank transfer (automatic),95.84,2236.59,No
customerID-000741,Male,2,Yes,No,7,No,No,Fiber optic,No,No,Yes,Yes,No,No,Month-to-month,Yes,Bank transfer (automatic),50.24,499.34,No
customerID-000743,Male,0,No,No,5,Yes,Yes,DSL,No,No,No,No,No,Yes,Month-to-month,Yes,Mailed check,73.03,542.48,No
customerID-000747,Male,0,Yes,No,60,Yes,No,Fiber optic,No,No,Yes,No,Yes,Yes,One year,Yes,Electronic check,61.0,547.59,Yes
customerID-000748,Female,0,No,No,10,Yes,No,DSL,Yes,Yes,Yes,No,Yes,Yes,One year,No,Mailed check,43.43,841.31,No
customerID-000749,Male,2,No,No,5,Yes,No,DSL,No,Yes,No,No,No,No,Month-to-month,No,Bank transfer (automatic),61.32,151.43,No
customerID-000751,Male,0,No,No,89,No,Yes,DSL,No,Yes,Yes,Yes,No,No,Month-to-month,Yes,Credit card (automatic),34.01,394.99,No
customerID-000752,Male,0,No,No,12,Yes,No,DSL,Yes,Yes,Yes,Yes,No,No,Month-to-month,No,Mailed check,33.43,242.34,No
customerID-000759,Male,1,No,No,36,Yes,No,DSL,No,Yes,Yes,No,No,No,Month-to-month,Yes,Mailed check,58.15,216.11,No
customerID-000760,Male,1,No,No,3,No,Yes,DSL,No,No,No,No,No,No,One year,Yes,Bank transfer (automatic),31.95,3749.15,No
customerID-000767,Female,0,No,No,4,No,Yes,DSL,No,No,No,No,Yes,No,One year,Yes,Credit card (automatic),44.01,1514.1,Yes
customerID-000768,Male,1,No,No,7,No,No,Fiber optic,Yes,Yes,Yes,No,No,No,One year,Yes,Electronic check,87.13,1089.33,No
customerID-000770,Male,1,No,No,8,No,Yes,Fiber optic,No,Yes,Yes,Yes,No,Yes,Month-to-month,Yes,Electronic check,21.58,1047.76,No
customerID-000771,Male,0,No,No,3,No,Yes,Fiber optic,Yes,Yes,Yes,No,Yes,No,Month-to-month,Yes,Mailed check,111.7,1173.58,No
customerID-000773,Male,0,No,No,14,No,No phone service,DSL,Yes,No,No,Yes,Yes,No,One year,Yes,Mailed check,49.55,673.23,No
customerID-000774,Male,0,No,No,3,No,No,DSL,Yes,Yes,Yes,No,Yes,Yes,Month-to-month,Yes,Mailed check,129.93,269.06,No
customerID-000777,Female,1,Yes,No,12,No,Yes,DSL,Yes,No,Yes,No,No,No,One year,Yes,Mailed check,37.36,268.7,No
customerID-000778,Female,0,Yes,No,32,No,No phone service,Fiber optic,No,Yes,Yes,No,Yes,Yes,One year,Yes,Credit card (automatic),40.53,257.42,Yes
customerID-000782,Female,0,No,No,15,No,No phone service,DSL,Yes,No,No,No,No,No,Month-to-month,No,Mailed check,29.47,1945.3,No
customerID-000783,Male,0,No,No,22,Yes,No,DSL,Yes,Yes,Yes,No,Yes,No,Month-to-month,Yes,Bank transfer (automatic),,1659.34,No
customerID-000784,Male,0,Yes,No,28,No,No phone service,DSL,No,No,Yes,Yes,Yes,Yes,Month-to-month,No,Electronic check,,911.32,No
customerID-000785,Male,0,No,No,,No,No phone service,DSL,Yes,No,Yes,No,Yes,No,One year,No,Mailed check,38.73,204.51,No
customerID-000796,Female,0,No,No,8,Yes,No phone service,DSL,Yes,No,Yes,Yes,Yes,No,Month-to-month,Yes,Bank transfer (automatic),110.26,872.68,No
customerID-000804,Male,1,No,No,7,Yes,Yes,DSL,Yes,No,Yes,No,No,No,Month-to-month,No,Bank transfer (automatic),31.61,647.02,No
customerID-000807,Female,1,No,No,13,Yes,No phone service,DSL,No,No,Yes,Yes,Yes,No,One year,No,Bank transfer (automatic),71.94,263.29,No
customerID-000810,Male,0,No,No,9,No,Yes,DSL,No,No,No,No,Yes,No,One year,No,Credit card (automatic),,1559.64,No
customerID-000812,Male,0,No,No,9,No,No phone service,DSL,Yes,No,No,No,Yes,No,One year,Yes,Bank transfer (automatic),128.95,712.94,No
customerID-000819,Male,0,No,No,30,No,Yes,DSL,Yes,No,Yes,Yes,Yes,No,Month-to-month,No,Electronic check,30.81,632.38,No
customerID-000821,Male,3,No,No,12,Yes,No,DSL,Yes,No,No,No,No,Yes,One year,Yes,Credit card (automatic),30.11,1414.15,No
customerID-000831,Female,2,No,No,3,Yes,No,Fiber optic,Yes,No,Yes,Yes,Yes,No,One year,Yes,Electronic check,64.22,891.13,No
customerID-000836,Female,0,No,No,9,Yes,Yes,DSL,Yes,Yes,No,Yes,Yes,No,Month-to-month,No,Bank transfer (automatic),26.41,1038.25,No
customerID-000837,Female,1,No,No,31,No,No,DSL,Yes,No,Yes,No,No,No,Month-to-month,No,Mailed check,,365.74,No
customerID-000838,Female,0,Yes,No,9,No,No,DSL,No,No,Yes,Yes,No,Yes,Month-to-month,No,Mailed check,50.32,126.15,No
customerID-000839,Male,0,No,No,7,Yes,No,DSL,No,Yes,Yes,Yes,Yes,No,Month-to-month,No,Mailed check,81.08,3136.87,No
customerID-000840,Male,0,Yes,No,3,Yes,No,DSL,Yes,Yes,Yes,No,No,No,Month-to-month,No,Electronic check,21.69,582.38,No
customerID-000842,Female,1,No,No,3,Yes,No phone service,DSL,Yes,No,No,Yes,No,No,One year,No,Bank transfer (automatic),71.19,524.21,No
customerID-000844,Male,1,No,No,49,Yes,Yes,Fiber optic,No,Yes,Yes,No,No,No,Month-to-month,Yes,Electronic check,16.36,1242.92,No
customerID-000850,Female,0,No,No,14,No,No phone service,DSL,No,No,No,No,No,No,One year,Yes,Mailed check,,456.31,No
customerID-000852,Female,0,No,No,7,Yes,Yes,DSL,No,Yes,Yes,No,No,No,One year,Yes,Credit card (automatic),39.52,731.7,No
customerID-000853,Female,2,No,No,13,No,Yes,DSL,No,Yes,No,No,No,No,Month-to-month,No,Credit card (automatic),,1042.32,No
customerID-000860,Male,1,No,No,12,No,No,DSL,No,No,No,No,Yes,No,Month-to-month,No,Mailed check,26.22,108.74,No
customerID-000865,Male,0,No,No,55,Yes,Yes,DSL,Yes,No,No,Yes,Yes,No,One year,Yes,Bank transfer (automatic),40.1,2709.8,Yes
customerID-000868,Male,0,No,No,30,No,No,DSL,Yes,No,No,No,No,No,One year,No,Bank transfer (automatic),90.64,3749.15,No
customerID-000874,Female,1,No,No,19,Yes,Yes,DSL,Yes,No,No,No,No,No,One year,No,Credit card (automatic),59.65,202.07,No
customerID-000875,Male,2,No,No,,Yes,No,Fiber optic,No,No,Yes,No,No,No,Month-to-month,No,Mailed check,55.1,964.1,No
customerID-000879,Male,1,No,No,14,No,No,DSL,No,No,No,Yes,No,No,One year,Yes,Mailed check,63.27,1330.65,No
customerID-000884,Male,1,Yes,No,9,No,No phone service,DSL,Yes,No,Yes,No,Yes,No,Month-to-month,Yes,Credit card (automatic),55.32,1074.0,No
customerID-000890,Male,0,No,No,6,No,No phone service,DSL,Yes,No,No,No,No,No,Month-to-month,Yes,Bank transfer (automatic),68.84,499.8,No
customerID-000893,Female,0,Yes,No,63,No,No,DSL,No,Yes,Yes,Yes,No,No,Month-to-month,Yes,Electronic check,40.14,470.5,No
customerID-000896,Female,0,No,No,8,No,Yes,DSL,No,No,No,No,No,Yes,One year,Yes,Credit card (automatic),49.07,249.53,No
customerID-000899,Female,0,No,No,34,Yes,No,DSL,Yes,Yes,No,No,No,No,Month-to-month,No,Mailed check,40.9,1386.33,No
customerID-000900,Female,3,No,No,8,No,No,DSL,No,No,Yes,No,No,No,Month-to-month,Yes,Mailed check,,479.56,No
customerID-000906,Female,0,No,No,4,No,No,Fiber optic,No,No,Yes,No,No,No,Month-to-month,Yes,Mailed check,,180.76,Yes
customerID-000909,Female,0,No,No,,Yes,No,DSL,No,Yes,Yes,No,Yes,Yes,Month-to-month,Yes,Electronic check,29.61,976.42,No
customerID-000918,Female,0,No,No,13,Yes,No,DSL,Yes,No,No,No,No,No,Month-to-month,Yes,Bank transfer (automatic),65.74,607.25,No
customerID-000923,Male,0,No,No,8,Yes,No phone service,Fiber optic,Yes,Yes,Yes,No,No,Yes,One year,Yes,Electronic check,41.08,749.11,No
customerID-000924,Female,0,Yes,No,1,Yes,No,DSL,Yes,No,No,Yes,No,No,Month-to-month,No,Bank transfer (automatic),21.69,1415.5,No
customerID-000926,Male,1,No,No,3,Yes,Yes,DSL,Yes,No,Yes,No,Yes,Yes,One year,No,Credit card (automatic),169.45,838.26,No
customerID-000931,Female,1,Yes,No,12,Yes,No,DSL,No,No,Yes,No,No,Yes,Month-to-month,Yes,Mailed check,34.64,2202.1,No
customerID-000932,Female,0,No,No,44,Yes,No phone service,DSL,Yes,No,Yes,Yes,No,No,One year,Yes,Credit card (automatic),33.4,177.28,No
customerID-000934,Female,1,No,No,15,No,Yes,DSL,Yes,No,No,No,No,Yes,One year,Yes,Credit card (automatic),34.36,542.54,No
customerID-000940,Female,2,No,No,7,No,No phone service,Fiber optic,Yes,No,Yes,No,Yes,No,Month-to-month,No,Bank transfer (automatic),40.28,253.16,No
customerID-000942,Female,1,Yes,No,6,No,No phone service,Fiber optic,Yes,Yes,Yes,No,Yes,No,Month-to-month,Yes,Mailed check,,530.16,No
customerID-000943,Male,0,No,No,14,Yes,No phone service,DSL,No,Yes,Yes,Yes,Yes,Yes,One year,Yes,Electronic check,39.47,2989.88,No
customerID-000950,Male,2,No,No,79,Yes,Yes,DSL,No,No,No,No,No,No,Month-to-month,No,Bank transfer (automatic),43.17,157.52,No
customerID-000955,Male,1,No,No,21,Yes,No,DSL,Yes,Yes,Yes,No,Yes,No,Month-to-month,Yes,Credit card (automatic),47.99,1295.4,No
customerID-000957,Male,0,Yes,No,27,Yes,No,Fiber optic,Yes,Yes,Yes,No,Yes,No,Month-to-month,No,Bank transfer (automatic),66.17,120.94,No
customerID-000962,Female,1,Yes,No,18,No,No,DSL,No,No,No,No,No,No,Month-to-month,Yes,Mailed check,96.1,352.77,No
customerID-000968,Male,0,No,No,7,Yes,No phone service,DSL,Yes,No,Yes,No,No,No,One year,Yes,Electronic check,71.87,365.13,No
customerID-000970,Female,0,Yes,No,5,Yes,No,DSL,Yes,Yes,Yes,No,No,No,Month-to-month,Yes,Bank transfer (automatic),47.13,529.13,No
customerID-000971,Female,0,Yes,No,34,No,Yes,DSL,Yes,No,No,Yes,No,No,One year,No,Electronic check,69.27,2211.12,Yes
customerID-000972,Male,1,Yes,No,9,Yes,Yes,DSL,No,Yes,No,No,No,No,Month-to-month,Yes,Credit card (automatic),68.41,429.87,Yes
customerID-000975,Male,1,No,No,15,No,No,DSL,Yes,Yes,No,No,No,No,Month-to-month,Yes,Mailed check,35.79,704.66,No
customerID-000976,Male,0,Yes,No,4,Yes,Yes,DSL,Yes,No,No,Yes,Yes,Yes,One year,Yes,Mailed check,70.02,335.66,No
customerID-000978,Male,0,No,No,28,Yes,No,Fiber optic,Yes,No,No,No,Yes,No,One year,Yes,Credit card (automatic),46.73,1087.28,No
customerID-000984,Female,2,No,No,3,Yes,No,Fiber optic,Yes,Yes,No,Yes,No,No,Month-to-month,Yes,Bank transfer (automatic),51.84,681.37,No
customerID-000987,Female,0,Yes,No,62,Yes,No phone service,DSL,No,Yes,Yes,Yes,No,Yes,Month-to-month,Yes,Electronic check,55.41,488.78,No
customerID-000990,Female,2,No,No,38,Yes,No,DSL,No,Yes,Yes,No,Yes,No,One year,Yes,Electronic check,111.47,444.82,No
customerID-000993,Female,2,No,No,16,No,No phone service,DSL,Yes,No,Yes,No,No,No,Month-to-month,Yes,Bank transfer (automatic),,2087.03,No
customerID-000998,Male,1,Yes,No,15,No,No,DSL,Yes,No,No,Yes,No,No,Month-to-month,Yes,Mailed check,37.26,210.67,Yes
customerID-001000,Male,1,No,No,3,Yes,Yes,DSL,Yes,Yes,Yes,No,Yes,Yes,Month-to-month,Yes,Credit card (automatic),49.61,477.27,No
customerID-001001,Female,1,No,No,10,No,No,DSL,Yes,No,No,Yes,No,No,One year,No,Electronic check,38.24,239.47,No
customerID-001004,Male,1,No,No,7,Yes,Yes,DSL,Yes,No,Yes,No,No,No,One year,Yes,Electronic check,36.74,2109.73,No
customerID-001005,Male,0,No,No,14,Yes,No,DSL,Yes,No,Yes,No,Yes,No,Month-to-month,Yes,Bank transfer (automatic),46.14,374.34,No
customerID-001007,Female,1,No,No,19,No,Yes,DSL,Yes,Yes,No,No,No,Yes,Month-to-month,No,Mailed check,58.22,162.07,No
customerID-001010,Female,2,No,No,55,Yes,No phone service,DSL,Yes,No,Yes,Yes,Yes,Yes,One year,Yes,Electronic check,64.95,423.82,No
customerID-001015,Female,0,Yes,No,14,Yes,No,DSL,Yes,No,Yes,No,No,No,Month-to-month,No,Electronic check,129.77,356.24,No
customerID-001022,Male,0,No,No,25,Yes,No,DSL,Yes,No,Yes,No,No,No,Month-to-month,Yes,Mailed check,64.39,342.03,Yes
customerID-001036,Female,0,No,No,23,Yes,No,Fiber optic,No,No,Yes,No,Yes,Yes,Month-to-month,No,Mailed check,39.06,584.51,No
customerID-001038,Male,0,No,No,12,Yes,Yes,DSL,No,Yes,No,No,No,Yes,Month-to-month,Yes,Bank transfer (automatic),,840.12,No
customerID-001039,Female,0,No,No,14,Yes,No phone service,Fiber optic,No,Yes,Yes,No,No,No,Month-to-month,Yes,Mailed check,123.92,477.77,No
customerID-001040,Male,0,Yes,No,5,No,No,DSL,Yes,Yes,Yes,No,No,Yes,Month-to-month,Yes,Mailed check,25.4,616.06,No
customerID-001041,Male,0,Yes,No,8,Yes,No,DSL,Yes,Yes,Yes,No,No,No,One year,Yes,Mailed check,34.15,570.21,No
customerID-001048,Female,1,Yes,No,12,No,No,DSL,Yes,No,No,Yes,Yes,No,Month-to-month,Yes,Credit card (automatic),,755.45,No
customerID-001052,Male,0,No,No,47,Yes,No,DSL,Yes,No,Yes,No,No,No,One year,No,Mailed check,30.91,266.73,No
customerID-001054,Female,0,No,No,20,Yes,No phone service,DSL,No,Yes,No,No,Yes,No,Month-to-month,Yes,Electronic check,25.8,66.83,No
customerID-001055,Male,0,No,No,38,Yes,Yes,DSL,Yes,Yes,Yes,No,No,No,Month-to-month,No,Credit card (automatic),32.03,642.45,Yes
customerID-001059,Male,0,No,No,5,Yes,No,DSL,Yes,No,No,No,No,No,Month-to-month,Yes,Mailed check,23.71,828.76,No
customerID-001062,Female,0,No,No,10,No,No phone service,DSL,Yes,No,No,Yes,No,No,One year,Yes,Mailed check,,2346.05,No
customerID-001065,Female,1,No,No,16,No,No,DSL,Yes,No,No,No,Yes,No,One year,Yes,Credit card (automatic),46.52,835.62,No
customerID-001067,Female,1,Yes,No,7,No,No phone service,DSL,Yes,No,No,No,No,Yes,One year,No,Electronic check,,745.0,No
customerID-001074,Male,0,No,No,10,Yes,No phone service,Fiber optic,No,Yes,Yes,No,Yes,No,Month-to-month,No,Mailed check,77.7,526.3,No
customerID-001075,Female,1,No,No,3,Yes,Yes,Fiber optic,Yes,Yes,No,No,No,No,One year,No,Mailed check,97.9,1593.82,No
customerID-001076,Female,0,Yes,No,5,No,No,Fiber optic,Yes,Yes,Yes,No,No,No,One year,No,Bank transfer (automatic),64.19,1561.9,No
customerID-001080,Male,0,Yes,No,20,No,No,Fiber optic,Yes,No,Yes,No,No,No,Month-to-month,Yes,Credit card (automatic),30.19,337.41,Yes
customerID-001083,Male,1,Yes,No,1,Yes,No phone service,Fiber optic,Yes,Yes,Yes,No,Yes,No,One year,No,Bank transfer (automatic),25.7,223.55,No
customerID-001086,Male,0,No,No,6,Yes,No phone service,Fiber optic,No,No,No,Yes,No,Yes,One year,No,Mailed check,48.9,2318.71,No
customerID-001089,Male,1,No,No,39,Yes,No,DSL,No,Yes,No,No,No,No,Month-to-month,No,Mailed check,26.36,997.59,No
customerID-001090,Female,0,No,No,2,Yes,No phone service,DSL,No,Yes,No,No,No,No,Month-to-month,No,Credit card (automatic),30.41,308.61,No
customerID-001093,Female,1,No,No,3,No,No phone service,Fiber optic,Yes,No,Yes,No,No,No,Month-to-month,No,Mailed check,27.23,3749.15,No
customerID-001094,Female,1,Yes,No,5,Yes,No phone service,DSL,Yes,No,No,No,No,No,Month-to-month,No,Mailed check,44.21,402.53,No
customerID-001098,Male,1,No,No,11,Yes,Yes,DSL,No,Yes,Yes,No,No,Yes,Month-to-month,No,Electronic check,65.87,1109.97,Yes
customerID-001103,Male,1,No,No,64,Yes,No,DSL,Yes,Yes,No,Yes,Yes,No,One year,Yes,Credit card (automatic),68.18,678.11,Yes
customerID-001110,Male,0,No,No,29,Yes,No,Fiber optic,Yes,No,No,Yes,Yes,No,Month-to-month,No,Electronic check,72.81,504.72,No
customerID-001114,Female,0,No,No,6,Yes,No,Fiber optic,Yes,No,No,No,No,No,One year,No,Electronic check,19.45,875.41,No
customerID-001117,Female,3,No,No,68,Yes,No,DSL,Yes,Yes,No,Yes,No,Yes,One year,Yes,Credit card (automatic),37.78,937.02,No
customerID-001122,Female,0,No,No,14,No,Yes,DSL,Yes,Yes,Yes,Yes,Yes,No,One year,Yes,Mailed check,56.63,1677.06,No
customerID-001124,Male,0,Yes,No,19,No,No,DSL,No,No,No,No,Yes,No,Month-to-month,No,Electronic check,54.82,1008.32,No
customerID-001129,Male,0,Yes,No,25,Yes,No,DSL,Yes,Yes,Yes,No,No,No,One year,Yes,Electronic check,29.85,1216.48,No
customerID-001132,Female,2,No,No,4,Yes,No phone service,Fiber optic,Yes,No,No,No,Yes,No,Month-to-month,No,Bank transfer (automatic),69.88,1006.82,No
customerID-001133,Female,0,No,No,10,No,No,DSL,No,No,No,Yes,No,No,Month-to-month,No,Bank transfer (automatic),37.04,444.23,No
customerID-001135,Female,0,No,No,7,Yes,No phone service,DSL,No,No,No,No,No,Yes,One year,Yes,Credit card (automatic),29.14,617.1,No
customerID-001136,Female,0,No,No,4,Yes,No,DSL,Yes,No,No,No,Yes,No,Month-to-month,No,Credit card (automatic),,1227.21,No
customerID-001137,Male,0,Yes,No,25,Yes,No phone service,Fiber optic,Yes,Yes,Yes,No,No,No,One year,No,Credit card (automatic),,221.9,Yes
customerID-001138,Male,1,Yes,No,10,No,No,Fiber optic,No,No,Yes,Yes,No,No,One year,No,Mailed check,92.37,2017.07,Yes
customerID-001139,Male,0,No,No,2,No,No,DSL,No,Yes,No,No,Yes,Yes,Month-to-month,Yes,Mailed check,55.6,1192.9,Yes
customerID-001142,Male,1,Yes,No,10,No,No phone service,DSL,No,Yes,No,No,No,No,Month-to-month,Yes,Mailed check,46.53,1545.37,No
customerID-001143,Female,0,No,No,11,No,No,DSL,Yes,No,Yes,No,No,No,Month-to-month,No,Mailed check,,888.71,No
customerID-001148,Male,0,Yes,No,16,Yes,No,DSL,No,Yes,No,No,No,No,One year,Yes,Mailed check,154.46,1858.57,No
customerID-001149,Female,1,Yes,No,5,No,No,DSL,Yes,No,Yes,No,No,No,One year,No,Electronic check,47.55,252.9,No
customerID-001150,Female,0,No,No,8,No,No phone service,Fiber optic,No,Yes,No,No,No,Yes,Month-to-month,No,Mailed check,18.86,312.9,No
customerID-001153,Male,0,No,No,37,Yes,No phone service,Fiber optic,No,Yes,Yes,Yes,No,Yes,Month-to-month,Yes,Credit card (automatic),39.43,1135.87,No
customerID-001154,Male,0,No,No,22,No,No,DSL,No,Yes,No,No,No,No,Month-to-month,Yes,Credit card (automatic),33.65,79.88,No
customerID-001155,Female,0,No,No,4,No,Yes,DSL,Yes,Yes,No,No,No,No,One year,No,Electronic check,50.77,465.59,No
customerID-001158,Female,1,Yes,No,10,No,No,DSL,No,No,No,Yes,No,Yes,Month-to-month,Yes,Mailed check,25.82,703.62,No
customerID-001159,Female,0,No,No,70,Yes,No phone service,Fiber optic,No,No,Yes,Yes,Yes,No,One year,Yes,Mailed check,38.2,200.96,No
customerID-001161,Male,0,No,No,22,Yes,No phone service,DSL,Yes,No,Yes,No,No,Yes,Month-to-month,No,Electronic check,47.91,299.85,No
customerID-001163,Female,0,Yes,No,5,Yes,No phone service,Fiber optic,Yes,Yes,Yes,No,No,Yes,Month-to-month,No,Electronic check,46.15,709.1,No
customerID-001166,Male,1,No,No,13,Yes,No,Fiber optic,No,No,Yes,Yes,No,Yes,Month-to-month,Yes,Mailed check,63.92,3749.15,No
customerID-001167,Male,0,No,No,8,No,No phone service,DSL,No,Yes,No,No,No,No,One year,No,Credit card (automatic),64.88,1145.01,No
customerID-001173,Male,1,No,No,3,Yes,No phone service,DSL,No,Yes,Yes,Yes,Yes,No,Month-to-month,Yes,Mailed check,28.52,767.37,No
customerID-001182,Male,0,No,No,89,Yes,No phone service,DSL,Yes,No,No,No,Yes,No,Month-to-month,Yes,Bank transfer (automatic),24.07,381.73,Yes
customerID-001184,Male,0,No,No,4,Yes,No,DSL,No,Yes,Yes,No,No,No,Month-to-month,No,Mailed check,66.89,486.89,No
customerID-001186,Male,1,No,No,89,Yes,No,DSL,Yes,Yes,No,No,No,No,One year,Yes,Mailed check,81.18,801.55,No
customerID-001187,Male,0,No,No,6,No,No,DSL,No,No,No,No,No,No,Month-to-month,Yes,Mailed check,29.1,386.62,Yes
customerID-001188,Male,0,No,No,11,No,No phone service,DSL,No,Yes,Yes,No,No,No,One year,No,Bank transfer (automatic),25.36,3749.15,No
customerID-001190,Male,0,No,No,5,Yes,No phone service,DSL,No,Yes,Yes,Yes,No,No,Month-to-month,No,Mailed check,36.68,333.41,No
customerID-001192,Male,2,No,No,20,Yes,No,Fiber optic,Yes,No,No,No,No,Yes,Month-to-month,Yes,Mailed check,78.9,3749.15,No
customerID-001207,Female,3,Yes,No,,Yes,No phone service,DSL,Yes,No,Yes,Yes,No,No,Month-to-month,Yes,Mailed check,73.86,548.23,No
customerID-001211,Female,2,No,No,6,No,No phone service,DSL,Yes,Yes,Yes,No,No,No,One year,No,Bank transfer (automatic),36.58,1171.11,No
customerID-001212,Female,0,No,No,35,Yes,No,DSL,Yes,Yes,Yes,No,No,No,One year,No,Mailed check,27.14,908.85,No
customerID-001213,Male,0,No,No,36,No,Yes,DSL,No,Yes,Yes,No,No,Yes,Month-to-month,No,Credit card (automatic),47.03,566.69,Yes
customerID-001214,Male,0,No,No,27,Yes,No phone service,Fiber optic,Yes,Yes,Yes,Yes,No,No,One year,Yes,Mailed check,33.75,716.0,No
customerID-001215,Male,0,Yes,No,21,No,No,DSL,Yes,Yes,Yes,No,No,No,Month-to-month,Yes,Mailed check,28.16,1202.35,Yes
customerID-001216,Male,1,No,No,9,Yes,No phone service,DSL,Yes,No,Yes,No,No,No,One year,Yes,Mailed check,88.56,399.71,No
customerID-001221,Male,1,No,No,3,No,No,DSL,No,No,No,Yes,No,Yes,Month-to-month,Yes,Credit card (automatic),69.51,72.64,No
customerID-001222,Female,2,Yes,No,6,Yes,Yes,DSL,Yes,No,Yes,Yes,No,Yes,Month-to-month,No,Mailed check,,1146.81,No
customerID-001224,Male,1,No,No,8,No,Yes,DSL,No,No,No,Yes,No,Yes,Month-to-month,Yes,Credit card (automatic),19.67,242.31,Yes
customerID-001231,Female,0,No,No,5,No,No,DSL,No,Yes,Yes,No,No,Yes,One year,No,Bank transfer (automatic),,3749.15,No
customerID-001235,Female,1,No,No,11,Yes,Yes,DSL,No,Yes,Yes,No,No,No,One year,No,Electronic check,82.69,196.67,No
customerID-001236,Male,1,No,No,9,Yes,No,DSL,No,Yes,Yes,No,No,No,Month-to-month,Yes,Mailed check,36.73,220.66,No
customerID-001237,Male,0,No,No,14,Yes,No,DSL,No,No,Yes,No,Yes,No,Month-to-month,No,Bank transfer (automatic),48.4,453.36,No
customerID-001242,Male,0,No,No,23,Yes,No phone service,DSL,Yes,No,Yes,No,No,Yes,One year,Yes,Electronic check,66.6,1073.71,No
customerID-001243,Male,0,No,No,11,Yes,Yes,DSL,No,No,Yes,No,Yes,No,Month-to-month,No,Credit card (automatic),19.11,905.0,No
customerID-001244,Male,0,No,No,37,Yes,No phone service,DSL,No,No,Yes,Yes,No,Yes,One year,No,Mailed check,47.44,316.33,No
customerID-001250,Male,0,No,No,19,Yes,No,DSL,No,No,Yes,Yes,No,No,One year,Yes,Mailed check,,768.49,No
customerID-001259,Male,0,No,No,3,Yes,Yes,Fiber optic,No,No,Yes,No,No,No,One year,No,Mailed check,,387.04,No
customerID-001260,Male,0,No,No,4,Yes,No,DSL,No,Yes,Yes,No,Yes,No,One year,Yes,Electronic check,33.88,490.01,No
customerID-001261,Male,0,No,No,10,Yes,No phone service,DSL,Yes,No,Yes,No,No,No,One year,Yes,Electronic check,28.72,398.46,No
customerID-001266,Male,2,No,No,10,No,No,DSL,No,No,No,No,No,No,Month-to-month,No,Mailed check,39.35,498.9,No
customerID-001267,Male,0,No,No,1,Yes,No,Fiber optic,Yes,Yes,No,Yes,No,No,One year,No,Bank transfer (automatic),66.94,693.34,No
customerID-001270,Male,0,No,No,25,Yes,Yes,DSL,No,Yes,No,Yes,Yes,No,Month-to-month,Yes,Credit card (automatic),24.46,520.83,No
customerID-001272,Male,0,Yes,No,16,No,No phone service,DSL,Yes,No,No,Yes,No,Yes,One year,No,Mailed check,,1757.18,No
customerID-001279,Female,1,No,No,27,Yes,No phone service,DSL,Yes,No,No,No,Yes,No,One year,No,Bank transfer (automatic),95.12,1468.73,No
customerID-001287,Female,2,Yes,No,6,Yes,No phone service,DSL,No,No,Yes,No,Yes,No,Month-to-month,No,Bank transfer (automatic),87.1,163.01,No
customerID-001296,Male,2,No,No,21,No,Yes,Fiber optic,Yes,No,Yes,No,No,No,Month-to-month,Yes,Credit card (automatic),95.47,1084.32,Yes
customerID-001298,Female,0,No,No,12,Yes,No phone service,DSL,Yes,Yes,Yes,Yes,Yes,No,Month-to-month,No,Mailed check,39.25,194.29,No
customerID-001303,Male,0,No,No,16,No,No phone service,DSL,No,No,Yes,No,No,No,Month-to-month,Yes,Electronic check,141.71,32.02,No
customerID-001308,Male,1,No,No,10,Yes,No,DSL,Yes,Yes,Yes,No,Yes,No,Month-to-month,Yes,Bank transfer (automatic),66.5,373.31,No
customerID-001311,Female,0,Yes,No,1,Yes,No,DSL,Yes,No,No,No,No,Yes,Month-to-month,No,Electronic check,11.03,485.8,No
customerID-001313,Female,1,No,No,16,Yes,No phone service,DSL,No,No,Yes,No,No,No,One year,Yes,Mailed check,133.98,2401.84,No
customerID-001316,Female,0,No,No,15,Yes,Yes,Fiber optic,No,Yes,Yes,No,No,Yes,One year,Yes,Bank transfer (automatic),83.89,1695.78,No
customerID-001317,Female,0,Yes,No,4,No,No,DSL,Yes,Yes,Yes,No,No,No,One year,Yes,Mailed check,19.21,680.23,Yes
customerID-001320,Female,0,No,No,7,No,No phone service,DSL,Yes,Yes,No,No,No,No,Month-to-month,No,Credit card (automatic),61.28,1018.0,No
customerID-001321,Male,0,Yes,No,26,Yes,Yes,DSL,Yes,Yes,Yes,No,No,No,Month-to-month,Yes,Credit card (automatic),92.09,634.97,No
customerID-001324,Male,1,No,No,,No,No phone service,Fiber optic,Yes,Yes,No,No,No,No,Month-to-month,Yes,Credit card (automatic),29.26,404.53,No
customerID-001326,Male,0,No,No,44,Yes,No,Fiber optic,Yes,Yes,No,No,No,Yes,One year,Yes,Bank transfer (automatic),,571.25,No
customerID-001329,Female,0,No,No,11,No,No,DSL,Yes,Yes,No,No,No,No,One year,No,Mailed check,169.45,1408.67,No
customerID-001334,Female,1,Yes,No,34,Yes,No,Fiber optic,No,No,Yes,No,No,No,Month-to-month,No,Credit card (automatic),119.04,677.15,No
customerID-001336,Female,0,No,No,4,Yes,Yes,DSL,Yes,Yes,Yes,No,Yes,No,Month-to-month,No,Electronic check,61.47,999.23,No
customerID-001339,Female,0,Yes,No,10,Yes,No,Fiber optic,No,Yes,Yes,No,No,No,Month-to-month,Yes,Mailed check,56.66,221.03,No
customerID-001340,Female,0,No,No,39,Yes,No,DSL,Yes,No,Yes,No,No,No,One year,Yes,Credit card (automatic),31.25,756.69,No
customerID-001347,Male,0,No,No,34,No,No,DSL,No,No,Yes,Yes,No,No,Month-to-month,Yes,Mailed check,54.3,1695.65,Yes
customerID-001349,Female,0,Yes,No,4,No,Yes,Fiber optic,No,No,Yes,Yes,No,No,Month-to-month,No,Electronic check,33.79,2844.15,No
customerID-001355,Male,0,No,No,5,No,Yes,DSL,Yes,Yes,Yes,No,No,No,One year,Yes,Electronic check,36.43,2694.16,No
customerID-001358,Male,0,No,No,16,No,No,DSL,Yes,Yes,No,No,No,Yes,One year,No,Electronic check,43.5,485.27,No
customerID-001360,Female,0,No,No,7,Yes,No phone service,DSL,No,Yes,No,No,No,No,Month-to-month,Yes,Bank transfer (automatic),32.88,716.15,No
customerID-001367,Male,0,No,No,11,Yes,No,DSL,Yes,No,Yes,No,No,Yes,Month-to-month,No,Electronic check,,402.24,Yes
customerID-001369,Female,1,No,No,8,Yes,No phone service,DSL,Yes,Yes,Yes,Yes,No,No,Month-to-month,Yes,Mailed check,78.94,1555.76,No
customerID-001373,Female,0,Yes,No,3,Yes,No phone service,DSL,No,Yes,No,No,No,Yes,One year,Yes,Mailed check,,2926.06,No
customerID-001375,Male,1,No,No,3,No,No phone service,DSL,Yes,No,No,Yes,No,No,One year,No,Bank transfer (automatic),38.75,716.39,No
customerID-001378,Female,1,No,No,10,Yes,No phone service,DSL,Yes,Yes,No,No,Yes,Yes,Month-to-month,Yes,Mailed check,100.06,652.31,No
customerID-001380,Male,0,No,No,21,No,No,DSL,No,Yes,Yes,No,No,No,One year,Yes,Credit card (automatic),,304.4,No
customerID-001381,Male,0,No,No,4,Yes,Yes,DSL,Yes,No,Yes,No,Yes,No,One year,No,Bank transfer (automatic),53.81,488.85,Yes
customerID-001391,Male,4,Yes,No,50,No,No phone service,Fiber optic,Yes,Yes,No,Yes,No,No,Month-to-month,No,Electronic check,,870.15,Yes
customerID-001393,Male,1,No,No,56,Yes,Yes,DSL,No,No,No,Yes,No,No,Month-to-month,No,Credit card (automatic),42.16,1421.29,No
customerID-001395,Female,0,No,No,47,Yes,No,DSL,Yes,No,Yes,No,Yes,Yes,One year,Yes,Mailed check,42.26,56.91,No
customerID-001398,Female,1,No,No,14,No,No,Fiber optic,No,No,Yes,No,No,No,One year,Yes,Bank transfer (automatic),45.85,344.29,No
customerID-001401,Female,1,No,No,22,Yes,Yes,DSL,Yes,No,No,No,No,Yes,Month-to-month,No,Mailed check,46.52,371.52,No
customerID-001405,Male,0,No,No,5,Yes,No,DSL,Yes,No,No,No,No,No,Month-to-month,No,Mailed check,100.03,501.79,No
customerID-001408,Female,1,No,No,6,Yes,No,DSL,Yes,No,Yes,No,No,No,One year,No,Electronic check,57.56,419.84,No
customerID-001409,Female,0,No,No,4,Yes,No phone service,Fiber optic,Yes,Yes,Yes,No,No,Yes,One year,No,Bank transfer (automatic),60.13,560.68,No
customerID-001411,Male,0,No,No,21,Yes,No,DSL,Yes,Yes,Yes,No,Yes,No,Month-to-month,No,Mailed check,77.54,331.56,No
customerID-001415,Female,0,No,No,6,No,No phone service,DSL,No,No,No,No,No,No,One year,No,Mailed check,29.58,293.34,No
customerID-001420,Male,0,Yes,No,5,No,No phone service,DSL,Yes,No,Yes,Yes,No,No,One year,No,Mailed check,70.84,533.34,No
customerID-001422,Male,0,Yes,No,7,Yes,No,DSL,No,Yes,Yes,Yes,No,Yes,One year,Yes,Mailed check,107.7,531.08,No
customerID-001428,Male,0,No,No,5,No,Yes,Fiber optic,No,No,Yes,No,No,No,Month-to-month,Yes,Mailed check,77.95,762.52,No
customerID-001434,Male,0,Yes,No,2,No,No phone service,Fiber optic,Yes,No,Yes,No,Yes,Yes,One year,No,Mailed check,69.22,1227.38,No
customerID-001435,Male,0,No,No,6,No,No,Fiber optic,Yes,No,Yes,No,No,No,Month-to-month,No,Mailed check,66.02,215.81,No
customerID-001436,Female,1,No,No,23,No,No phone service,DSL,No,No,No,Yes,No,Yes,One year,No,Bank transfer (automatic),145.61,604.1,No
customerID-001439,Male,0,No,No,,Yes,Yes,DSL,No,No,Yes,No,No,No,Month-to-month,Yes,Electronic check,45.21,1221.72,No
customerID-001440,Female,0,Yes,No,37,Yes,No,DSL,Yes,No,Yes,No,No,No,One year,No,Mailed check,50.43,2195.84,Yes
customerID-001441,Female,0,No,No,28,No,Yes,DSL,Yes,No,Yes,No,Yes,No,Month-to-month,No,Credit card (automatic),61.71,1113.28,Yes
customerID-001443,Female,0,No,No,51,Yes,No,DSL,Yes,No,No,No,No,No,Month-to-month,Yes,Mailed check,51.11,505.12,No
customerID-001446,Female,0,No,No,11,Yes,Yes,DSL,No,No,Yes,No,No,No,One year,No,Mailed check,20.09,1172.52,No
customerID-001450,Male,0,No,No,33,No,No,Fiber optic,Yes,No,No,No,No,No,Month-to-month,Yes,Bank transfer (automatic),34.76,843.96,No
customerID-001451,Male,0,No,No,21,Yes,Yes,DSL,Yes,Yes,Yes,No,No,Yes,One year,No,Bank transfer (automatic),67.79,516.53,No
customerID-001453,Male,1,Yes,No,59,Yes,No,DSL,No,No,Yes,Yes,No,No,One year,Yes,Mailed check,40.18,1304.48,No
customerID-001455,Male,0,No,No,7,Yes,No phone service,DSL,No,Yes,No,Yes,No,Yes,One year,Yes,Mailed check,53.26,732.58,No
customerID-001457,Female,0,Yes,No,6,Yes,No phone service,Fiber optic,No,Yes,No,No,Yes,No,Month-to-month,Yes,Mailed check,110.18,3749.15,No
customerID-001461,Male,0,No,No,20,No,No,DSL,No,Yes,No,No,Yes,Yes,One year,No,Bank transfer (automatic),28.27,505.97,No
customerID-001462,Female,1,No,No,24,Yes,No,DSL,Yes,No,Yes,Yes,No,No,Month-to-month,Yes,Mailed check,29.0,2272.27,No
customerID-001463,Male,1,No,No,8,No,No phone service,DSL,No,Yes,Yes,No,No,No,Month-to-month,Yes,Mailed check,114.27,562.78,No
customerID-001464,Male,0,No,No,6,Yes,Yes,DSL,Yes,Yes,No,Yes,Yes,No,Month-to-month,No,Electronic check,78.53,1385.88,No
customerID-001465,Male,1,No,No,12,No,No,DSL,No,Yes,No,Yes,No,Yes,One year,Yes,Credit card (automatic),,367.87,No
customerID-001473,Female,0,No,No,5,Yes,Yes,DSL,Yes,No,Yes,No,Yes,Yes,Month-to-month,Yes,Mailed check,62.92,348.85,No
customerID-001477,Female,1,No,No,41,No,No,DSL,Yes,No,No,No,No,No,Month-to-month,No,Credit card (automatic),44.84,969.77,No
customerID-001478,Male,1,Yes,No,6,No,No phone service,DSL,Yes,No,No,No,No,No,Month-to-month,No,Mailed check,20.91,443.76,No
customerID-001482,Female,2,Yes,No,9,Yes,No phone service,DSL,No,No,Yes,No,No,Yes,Month-to-month,No,Bank transfer (automatic),43.61,1778.28,No
customerID-001484,Male,2,No,No,52,Yes,No,DSL,Yes,No,Yes,No,Yes,No,Month-to-month,Yes,Bank transfer (automatic),23.66,667.64,Yes
customerID-001487,Male,0,No,No,19,No,No phone service,DSL,Yes,No,Yes,No,No,No,Month-to-month,Yes,Mailed check,41.1,285.62,No
customerID-001490,Male,0,No,No,15,Yes,No,Fiber optic,Yes,Yes,Yes,No,Yes,No,Month-to-month,Yes,Electronic check,30.48,2850.0,No
customerID-001493,Female,0,No,No,6,Yes,No phone service,DSL,Yes,Yes,No,No,No,Yes,One year,Yes,Electronic check,26.81,148.5,No
customerID-001497,Female,1,No,No,5,No,Yes,Fiber optic,Yes,No,Yes,Yes,No,No,One year,Yes,Mailed check,64.34,1036.85,No
customerID-001499,Male,0,No,No,53,Yes,No phone service,DSL,Yes,Yes,Yes,No,No,No,One year,Yes,Credit card (automatic),32.25,689.39,No
customerID-001501,Male,0,No,No,9,Yes,Yes,DSL,No,No,Yes,No,No,No,Month-to-month,No,Mailed check,50.45,1014.26,No
customerID-001502,Female,0,Yes,No,8,No,No,Fiber optic,No,No,Yes,Yes,No,No,Month-to-month,No,Bank transfer (automatic),75.15,957.49,No
customerID-001504,Male,0,No,No,35,Yes,No,Fiber optic,No,No,Yes,No,No,Yes,Month-to-month,Yes,Bank transfer (automatic),35.05,730.29,No
customerID-001505,Female,0,Yes,No,6,Yes,No,Fiber optic,Yes,No,No,No,No,No,One year,No,Mailed check,79.19,2302.71,Yes
customerID-001506,Male,0,Yes,No,14,Yes,Yes,Fiber optic,No,No,Yes,No,Yes,No,One year,Yes,Electronic check,51.2,90.57,Yes
customerID-001507,Male,0,Yes,No,17,Yes,Yes,DSL,Yes,No,Yes,Yes,No,Yes,One year,No,Electronic check,15.14,1289.55,No
customerID-001508,Female,0,No,No,4,No,No,DSL,Yes,Yes,No,No,No,No,Month-to-month,No,Mailed check,,1786.14,No
customerID-001511,Male,0,No,No,13,No,No,DSL,No,No,Yes,No,No,No,Month-to-month,Yes,Credit card (automatic),65.18,502.24,No
customerID-001512,Female,1,No,No,12,Yes,No phone service,DSL,Yes,Yes,No,No,No,No,Month-to-month,No,Mailed check,,1091.74,No
customerID-001513,Female,0,No,No,13,No,No,DSL,Yes,No,No,No,Yes,No,Month-to-month,Yes,Credit card (automatic),30.32,3711.91,Yes
customerID-001514,Male,2,No,No,15,No,No phone service,Fiber optic,No,Yes,Yes,Yes,No,Yes,One year,Yes,Electronic check,20.35,537.45,No
customerID-001518,Male,0,Yes,No,20,No,No,DSL,Yes,No,No,No,No,No,Month-to-month,Yes,Mailed check,14.75,274.94,No
customerID-001520,Male,0,No,No,15,No,No phone service,Fiber optic,Yes,No,No,No,Yes,No,Month-to-month,No,Credit card (automatic),24.2,272.37,No
customerID-001525,Male,2,No,No,55,No,No,DSL,No,Yes,Yes,Yes,No,Yes,Month-to-month,No,Electronic check,19.84,117.76,No
customerID-001526,Female,2,No,No,12,No,Yes,DSL,Yes,Yes,Yes,No,No,No,Month-to-month,No,Credit card (automatic),56.21,889.21,No
customerID-001527,Female,0,No,No,17,No,No phone service,DSL,No,No,No,No,No,No,Month-to-month,Yes,Mailed check,69.2,446.29,No
customerID-001529,Male,0,No,No,21,Yes,No phone service,Fiber optic,No,Yes,No,No,Yes,Yes,One year,Yes,Electronic check,36.87,1230.21,No
customerID-001530,Male,1,No,No,15,Yes,No phone service,Fiber optic,No,Yes,Yes,No,Yes,No,Month-to-month,Yes,Mailed check,61.13,287.22,No
customerID-001531,Female,0,No,No,6,No,No phone service,DSL,Yes,No,No,No,No,No,One year,Yes,Bank transfer (automatic),33.53,3526.05,No
customerID-001532,Male,0,Yes,No,3,Yes,No,Fiber optic,No,Yes,Yes,Yes,No,No,Month-to-month,Yes,Bank transfer (automatic),44.69,3244.67,No
customerID-001533,Male,3,No,No,17,Yes,No phone service,DSL,No,Yes,Yes,Yes,Yes,No,One year,No,Mailed check,,689.05,Yes
customerID-001534,Male,1,No,No,21,Yes,Yes,DSL,Yes,Yes,Yes,Yes,Yes,No,One year,No,Mailed check,41.48,610.57,No
customerID-001539,Female,2,No,No,22,Yes,No,DSL,Yes,Yes,No,No,No,Yes,Month-to-month,No,Electronic check,,490.53,No
customerID-001540,Male,1,Yes,No,89,No,No phone service,DSL,Yes,Yes,No,No,No,No,Month-to-month,Yes,Mailed check,67.88,2034.06,Yes
customerID-001541,Female,0,No,No,55,Yes,No,DSL,Yes,No,No,No,Yes,No,One year,Yes,Bank transfer (automatic),79.01,241.27,No
customerID-001542,Male,0,No,No,6,Yes,No phone service,DSL,Yes,Yes,Yes,Yes,Yes,No,Month-to-month,No,Credit card (automatic),80.63,1193.73,No
customerID-001545,Male,1,No,No,9,Yes,No phone service,Fiber optic,Yes,No,Yes,No,Yes,No,Month-to-month,Yes,Mailed check,34.83,626.77,No
customerID-001547,Female,1,No,No,2,No,No,Fiber optic,Yes,No,No,No,No,No,Month-to-month,No,Mailed check,69.64,1670.34,No
customerID-001550,Female,0,No,No,8,No,No,Fiber optic,Yes,No,No,No,No,Yes,One year,No,Mailed check,44.07,899.86,No
customerID-001556,Female,0,No,No,16,No,No phone service,DSL,Yes,No,Yes,No,Yes,Yes,Month-to-month,No,Mailed check,41.97,459.87,No
customerID-001557,Male,0,No,No,17,No,No phone service,DSL,No,No,No,No,No,Yes,One year,Yes,Credit card (automatic),105.19,324.97,No
customerID-001558,Male,0,No,No,5,No,No,DSL,Yes,No,Yes,No,No,No,One year,Yes,Bank transfer (automatic),95.45,1117.84,No
customerID-001566,Male,1,No,No,12,No,No,DSL,No,No,Yes,No,No,No,Month-to-month,No,Electronic check,95.75,727.1,No
customerID-001569,Male,0,No,No,1,No,No,DSL,Yes,Yes,Yes,No,No,No,One year,No,Mailed check,35.17,291.0,No
customerID-001571,Female,2,No,No,25,No,No phone service,DSL,Yes,Yes,Yes,No,No,No,Month-to-month,Yes,Electronic check,60.7,490.47,No
customerID-001578,Female,1,Yes,No,47,Yes,No,Fiber optic,Yes,No,No,No,No,Yes,One year,Yes,Mailed check,86.34,3749.15,No
customerID-001580,Male,1,No,No,89,Yes,Yes,Fiber optic,No,No,Yes,Yes,Yes,Yes,Month-to-month,Yes,Electronic check,112.09,1405.02,Yes
customerID-001583,Female,1,No,No,5,No,No,DSL,Yes,No,No,No,Yes,No,Month-to-month,Yes,Electronic check,26.31,1654.65,No
customerID-001585,Female,1,No,No,4,No,No,Fiber optic,No,No,No,Yes,No,No,Month-to-month,Yes,Bank transfer (automatic),45.79,536.05,No
customerID-001588,Male,0,No,No,18,Yes,No phone service,DSL,No,No,Yes,Yes,No,No,Month-to-month,No,Mailed check,102.62,74.18,Yes
customerID-001592,Male,0,No,No,8,No,No phone service,DSL,Yes,Yes,Yes,No,No,No,Month-to-month,Yes,Credit card (automatic),57.97,817.34,No
customerID-001594,Female,0,Yes,No,,Yes,No phone service,DSL,Yes,Yes,Yes,No,No,Yes,Month-to-month,No,Mailed check,69.27,1432.1,No
customerID-001595,Female,0,No,No,3,Yes,Yes,DSL,Yes,Yes,Yes,Yes,No,No,One year,No,Mailed check,27.04,182.19,No
customerID-001606,Male,1,No,No,13,Yes,No phone service,Fiber optic,Yes,No,Yes,No,No,Yes,Month-to-month,Yes,Mailed check,45.5,1224.48,No
customerID-001607,Male,0,No,No,24,No,No phone service,DSL,Yes,Yes,No,Yes,No,No,Month-to-month,Yes,Credit card (automatic),,358.91,No
customerID-001608,Male,0,No,No,34,Yes,No phone service,DSL,Yes,Yes,Yes,No,No,No,One year,No,Credit card (automatic),40.07,230.29,No
customerID-001609,Male,0,Yes,No,58,No,No,DSL,Yes,Yes,Yes,No,No,No,Month-to-month,No,Mailed check,47.5,837.4,No
customerID-001612,Male,0,No,No,4,No,No phone service,DSL,Yes,No,Yes,No,No,No,One year,Yes,Credit card (automatic),33.4,1032.48,No
customerID-001614,Female,1,No,No,9,Yes,No phone service,DSL,Yes,No,Yes,No,No,No,One year,Yes,Credit card (automatic),65.34,293.23,No
customerID-001616,Female,0,No,No,17,Yes,No,DSL,Yes,Yes,No,Yes,Yes,No,One year,No,Credit card (automatic),67.63,598.66,No
customerID-001617,Male,0,No,No,,No,No,DSL,Yes,No,Yes,No,Yes,No,Month-to-month,No,Bank transfer (automatic),84.74,1056.23,No
customerID-001618,Male,1,Yes,No,18,Yes,No phone service,DSL,No,Yes,No,Yes,No,Yes,One year,No,Bank transfer (automatic),35.27,611.46,No
customerID-001619,Female,0,Yes,No,26,No,Yes,DSL,No,No,Yes,No,Yes,No,One year,Yes,Mailed check,22.26,958.44,No
customerID-001621,Male,0,Yes,No,5,Yes,No,Fiber optic,Yes,No,Yes,No,No,Yes,Month-to-month,No,Credit card (automatic),19.34,487.59,No
customerID-001623,Male,0,Yes,No,8,Yes,No phone service,DSL,No,No,Yes,No,No,No,One year,Yes,Electronic check,65.79,725.68,No
customerID-001625,Male,1,No,No,5,Yes,No,DSL,No,No,Yes,No,Yes,No,One year,Yes,Credit card (automatic),29.96,1221.42,No
customerID-001627,Male,0,Yes,No,38,Yes,No,DSL,No,No,Yes,No,No,No,Month-to-month,Yes,Mailed check,36.52,92.99,No
customerID-001637,Female,2,No,No,8,No,No phone service,DSL,No,No,No,No,No,No,One year,Yes,Bank transfer (automatic),,1230.17,No
customerID-001638,Male,0,No,No,56,No,Yes,DSL,Yes,No,No,Yes,No,No,One year,No,Credit card (automatic),33.52,1766.54,No
customerID-001640,Female,0,No,No,25,No,Yes,Fiber optic,Yes,No,Yes,No,No,No,One year,No,Mailed check,64.97,237.21,Yes
customerID-001641,Male,0,No,No,16,Yes,No,DSL,No,No,Yes,No,No,No,One year,No,Credit card (automatic),27.52,1491.58,No
customerID-001642,Male,0,Yes,No,9,Yes,No phone service,Fiber optic,No,Yes,No,Yes,Yes,Yes,Month-to-month,No,Bank transfer (automatic),62.2,309.47,No
customerID-001644,Female,1,No,No,6,Yes,No,DSL,Yes,No,Yes,No,No,Yes,Month-to-month,Yes,Credit card (automatic),18.92,3533.45,No
customerID-001649,Male,0,Yes,No,21,No,No,DSL,No,No,Yes,Yes,Yes,No,Month-to-month,No,Mailed check,,272.1,No
customerID-001651,Male,0,No,No,5,Yes,Yes,DSL,No,Yes,Yes,No,Yes,No,Month-to-month,No,Bank transfer (automatic),38.84,279.42,Yes
customerID-001654,Male,0,No,No,7,Yes,Yes,Fiber optic,No,Yes,No,No,No,No,Month-to-month,No,Mailed check,49.35,361.61,No
customerID-001660,Female,2,No,No,14,Yes,No phone service,DSL,No,No,Yes,No,Yes,No,One year,No,Bank transfer (automatic),20.57,457.68,No
customerID-001661,Female,0,No,No,6,No,Yes,DSL,Yes,No,Yes,No,No,No,Month-to-month,Yes,Electronic check,49.14,345.51,No
customerID-001668,Female,0,No,No,28,No,No phone service,DSL,Yes,No,Yes,Yes,No,No,Month-to-month,Yes,Electronic check,,664.8,No
customerID-001676,Female,0,No,No,18,No,No phone service,DSL,No,No,Yes,No,No,No,One year,Yes,Mailed check,35.83,293.26,No
customerID-001677,Male,1,No,No,68,Yes,Yes,DSL,Yes,Yes,No,No,No,Yes,Month-to-month,No,Electronic check,26.59,1242.33,Yes
customerID-001680,Female,1,No,No,17,No,No phone service,DSL,No,No,No,Yes,No,No,Month-to-month,No,Mailed check,84.43,544.9,No
customerID-001681,Male,0,No,No,19,No,No phone service,DSL,No,Yes,No,No,No,Yes,Month-to-month,Yes,Bank transfer (automatic),42.82,436.17,Yes
customerID-001682,Female,1,Yes,No,3,Yes,No phone service,DSL,Yes,Yes,Yes,Yes,Yes,No,Month-to-month,No,Mailed check,13.76,445.65,No
customerID-001684,Male,0,Yes,No,14,No,No phone service,DSL,No,No,No,No,No,No,Month-to-month,No,Bank transfer (automatic),64.8,916.51,No
customerID-001685,Male,1,No,No,4,Yes,No,DSL,Yes,No,Yes,No,Yes,No,Month-to-month,No,Credit card (automatic),97.44,910.12,No
customerID-001689,Female,2,No,No,5,No,Yes,DSL,Yes,Yes,Yes,No,No,Yes,Month-to-month,Yes,Electronic check,89.35,224.13,No
customerID-001691,Female,0,No,No,7,Yes,Yes,DSL,Yes,No,No,Yes,No,Yes,One year,Yes,Credit card (automatic),92.41,301.62,No
customerID-001692,Male,0,No,No,5,Yes,No phone service,DSL,Yes,Yes,Yes,Yes,No,No,One year,Yes,Mailed check,87.43,1082.66,No
customerID-001696,Female,0,Yes,No,24,Yes,No,Fiber optic,No,No,Yes,Yes,Yes,Yes,Month-to-month,No,Electronic check,101.31,728.0,No
customerID-001701,Male,2,Yes,No,16,No,No phone service,DSL,No,Yes,No,Yes,No,No,Month-to-month,Yes,Mailed check,51.72,226.79,No
customerID-001702,Female,0,No,No,11,No,No,Fiber optic,Yes,Yes,No,Yes,No,No,One year,Yes,Bank transfer (automatic),119.99,680.6,No
customerID-001707,Male,1,No,No,38,No,Yes,DSL,No,No,Yes,No,No,No,Month-to-month,Yes,Bank transfer (automatic),61.39,113.4,Yes
customerID-001718,Male,1,No,No,,Yes,No phone service,Fiber optic,Yes,Yes,Yes,Yes,No,No,Month-to-month,Yes,Mailed check,31.3,353.51,No
customerID-001722,Male,0,No,No,36,Yes,No phone service,Fiber optic,Yes,Yes,No,No,No,No,Month-to-month,Yes,Electronic check,48.57,281.94,No
customerID-001724,Male,0,No,No,,Yes,Yes,DSL,Yes,Yes,Yes,No,Yes,No,Month-to-month,Yes,Electronic check,11.84,1575.53,No
customerID-001731,Female,0,No,No,42,Yes,No phone service,DSL,No,Yes,Yes,No,No,No,Month-to-month,Yes,Mailed check,72.36,856.07,No
customerID-001737,Male,0,No,No,3,No,No,DSL,Yes,No,No,No,No,Yes,One year,No,Mailed check,78.38,430.41,No
customerID-001739,Female,1,Yes,No,25,Yes,No phone service,DSL,Yes,Yes,Yes,No,Yes,Yes,One year,Yes,Mailed check,68.95,724.92,No
customerID-001742,Male,0,No,No,58,Yes,No,DSL,Yes,No,Yes,Yes,No,No,One year,Yes,Mailed check,46.68,1091.27,Yes
customerID-001744,Female,2,Yes,No,18,Yes,No,DSL,Yes,No,No,No,No,No,One year,No,Bank transfer (automatic),73.78,1293.64,No
customerID-001745,Male,1,No,No,71,Yes,No phone service,DSL,No,Yes,Yes,No,Yes,No,Month-to-month,Yes,Bank transfer (automatic),51.35,292.88,Yes
customerID-001748,Female,2,Yes,No,14,No,Yes,Fiber optic,Yes,No,No,No,No,No,Month-to-month,Yes,Mailed check,107.38,776.92,No
customerID-001752,Male,0,No,No,29,Yes,No phone service,DSL,Yes,No,No,No,Yes,Yes,One year,Yes,Credit card (automatic),166.3,799.22,No
customerID-001753,Male,1,No,No,61,No,No,Fiber optic,No,Yes,Yes,No,No,No,Month-to-month,No,Mailed check,46.82,240.29,No
customerID-001754,Male,2,No,No,73,No,No phone service,DSL,Yes,Yes,Yes,Yes,No,No,Month-to-month,No,Credit card (automatic),15.12,1526.93,No
customerID-001756,Male,1,Yes,No,16,Yes,No phone service,DSL,Yes,No,No,No,No,No,One year,Yes,Bank transfer (automatic),89.12,758.87,No
customerID-001763,Male,1,Yes,No,7,Yes,No phone service,DSL,No,No,No,Yes,No,Yes,Month-to-month,No,Credit card (automatic),54.26,703.76,No
customerID-001766,Female,1,Yes,No,5,No,No phone service,DSL,Yes,Yes,No,No,No,Yes,Month-to-month,Yes,Bank transfer (automatic),,340.1,No
customerID-001767,Female,0,Yes,No,3,Yes,No,DSL,Yes,Yes,Yes,No,No,No,Month-to-month,Yes,Mailed check,50.0,2603.87,No
customerID-001768,Female,0,No,No,4,Yes,Yes,DSL,Yes,No,Yes,No,No,No,Month-to-month,Yes,Electronic check,64.09,471.72,No
customerID-001769,Male,0,No,No,6,Yes,No phone service,DSL,No,No,Yes,No,No,No,One year,Yes,Mailed check,41.18,195.0,No
customerID-001770,Female,0,Yes,No,15,Yes,No phone service,DSL,No,No,No,No,Yes,No,One year,No,Mailed check,28.25,440.97,No
customerID-001773,Male,0,No,No,23,Yes,No phone service,DSL,No,No,Yes,No,No,No,Month-to-month,Yes,Bank transfer (automatic),46.02,1189.78,Yes
customerID-001777,Male,0,No,No,17,Yes,No phone service,Fiber optic,Yes,Yes,Yes,No,No,Yes,One year,Yes,Credit card (automatic),34.33,1038.18,No
customerID-001781,Female,1,No,No,15,No,No,DSL,No,No,No,Yes,No,No,One year,Yes,Mailed check,46.46,252.83,No
customerID-001787,Male,0,No,No,12,Yes,No,DSL,Yes,No,Yes,Yes,No,Yes,One year,Yes,Bank transfer (automatic),9.44,752.39,No
customerID-001789,Female,0,No,No,20,Yes,No,DSL,No,No,No,No,No,No,Month-to-month,Yes,Mailed check,54.53,167.52,No
customerID-001793,Male,0,No,No,63,Yes,No phone service,DSL,Yes,Yes,No,No,Yes,No,Month-to-month,Yes,Mailed check,,908.56,No
customerID-001794,Female,1,No,No,38,Yes,Yes,DSL,Yes,Yes,Yes,Yes,No,No,Month-to-month,Yes,Electronic check,100.62,1046.83,No
customerID-001795,Male,0,Yes,No,18,Yes,Yes,Fiber optic,Yes,No,Yes,No,No,Yes,One year,No,Credit card (automatic),27.64,936.64,No
customerID-001796,Female,0,Yes,No,6,Yes,Yes,DSL,Yes,No,Yes,No,Yes,No,Month-to-month,No,Mailed check,65.39,340.68,No
customerID-001798,Female,0,No,No,10,Yes,No,DSL,Yes,Yes,No,No,No,Yes,One year,Yes,Electronic check,95.17,696.81,No
customerID-001800,Male,0,Yes,No,11,Yes,No phone service,Fiber optic,No,No,Yes,No,No,No,Month-to-month,No,Mailed check,36.58,1283.05,Yes
customerID-001804,Male,0,No,No,29,No,Yes,DSL,Yes,Yes,No,No,Yes,No,Month-to-month,Yes,Mailed check,33.69,1170.6,No
customerID-001805,Female,0,Yes,No,18,Yes,No phone service,Fiber optic,Yes,Yes,Yes,Yes,No,No,Month-to-month,Yes,Credit card (automatic),51.43,697.03,No
customerID-001812,Male,0,Yes,No,15,Yes,No phone service,Fiber optic,Yes,No,No,No,Yes,No,Month-to-month,Yes,Electronic check,66.56,3749.15,Yes
customerID-001814,Male,0,Yes,No,27,No,No,DSL,No,No,No,Yes,Yes,No,One year,No,Mailed check,58.27,1594.24,No
customerID-001816,Female,1,No,No,,No,Yes,DSL,No,No,Yes,Yes,No,No,Month-to-month,Yes,Mailed check,82.57,505.08,No
customerID-001818,Female,1,No,No,18,Yes,No phone service,DSL,Yes,No,Yes,No,No,No,Month-to-month,No,Bank transfer (automatic),48.93,522.54,No
customerID-001819,Male,0,No,No,5,No,Yes,Fiber optic,Yes,No,Yes,No,No,Yes,Month-to-month,No,Credit card (automatic),125.31,1379.65,No
customerID-001824,Female,0,No,No,23,Yes,Yes,DSL,Yes,No,No,Yes,No,No,Month-to-month,Yes,Mailed check,,1498.56,No
customerID-001826,Male,1,No,No,5,Yes,No,DSL,No,No,Yes,No,No,Yes,One year,Yes,Credit card (automatic),68.15,1203.98,No
customerID-001829,Female,0,No,No,4,No,No phone service,DSL,Yes,No,No,No,No,No,Month-to-month,No,Mailed check,144.87,800.53,No
customerID-001831,Female,0,No,No,,Yes,No phone service,DSL,Yes,No,No,No,No,No,One year,Yes,Bank transfer (automatic),27.36,585.32,No
customerID-001835,Female,0,Yes,No,25,Yes,No,DSL,No,No,Yes,No,No,No,One year,Yes,Bank transfer (automatic),30.37,1888.46,Yes
customerID-001836,Male,3,No,No,9,Yes,No phone service,DSL,No,Yes,Yes,No,Yes,No,One year,Yes,Credit card (automatic),68.34,2255.46,No
customerID-001838,Female,0,Yes,No,8,Yes,No,DSL,No,Yes,Yes,Yes,Yes,No,One year,Yes,Mailed check,43.14,500.52,No
customerID-001840,Female,0,No,No,2,Yes,No phone service,DSL,Yes,No,No,No,No,No,Month-to-month,Yes,Mailed check,95.88,907.09,No
customerID-001847,Female,1,Yes,No,17,No,No phone service,DSL,No,Yes,Yes,No,No,No,One year,Yes,Credit card (automatic),18.35,146.32,No
customerID-001854,Female,0,No,No,11,Yes,No,DSL,Yes,Yes,No,No,No,Yes,Month-to-month,Yes,Mailed check,19.36,337.87,No
customerID-001856,Female,1,No,No,21,Yes,No phone service,DSL,Yes,No,Yes,No,No,No,Month-to-month,Yes,Mailed check,47.73,172.58,No
customerID-001861,Female,0,No,No,10,Yes,Yes,Fiber optic,No,No,No,Yes,Yes,Yes,Month-to-month,Yes,Credit card (automatic),35.63,860.37,No
customerID-001866,Male,0,No,No,9,Yes,Yes,DSL,No,No,Yes,No,No,No,One year,No,Bank transfer (automatic),,1218.88,No
customerID-001868,Female,0,No,No,9,Yes,No phone service,DSL,Yes,Yes,Yes,Yes,No,No,Month-to-month,No,Bank transfer (automatic),101.01,213.82,No
customerID-001869,Female,1,Yes,No,66,Yes,No,DSL,Yes,No,Yes,No,Yes,No,One year,No,Mailed check,31.22,538.02,No
customerID-001871,Female,0,No,No,2,Yes,No phone service,Fiber optic,Yes,No,No,Yes,No,No,One year,Yes,Mailed check,76.43,956.93,No
customerID-001873,Male,1,No,No,2,Yes,No phone service,DSL,Yes,Yes,Yes,No,No,No,Month-to-month,Yes,Credit card (automatic),69.67,229.72,No
customerID-001874,Male,2,No,No,5,No,No,DSL,Yes,No,Yes,Yes,No,No,Month-to-month,No,Mailed check,30.43,446.23,No
customerID-001875,Female,1,No,No,16,No,No,DSL,Yes,No,Yes,No,No,No,One year,No,Bank transfer (automatic),33.21,468.31,No
customerID-001876,Female,0,No,No,8,Yes,No phone service,DSL,Yes,Yes,Yes,Yes,No,Yes,Month-to-month,Yes,Electronic check,77.54,196.48,No
customerID-001878,Male,1,No,No,18,No,No phone service,DSL,No,Yes,Yes,No,No,Yes,Month-to-month,No,Bank transfer (automatic),17.16,643.48,No
customerID-001879,Female,1,Yes,No,7,No,Yes,DSL,No,Yes,Yes,Yes,No,No,Month-to-month,Yes,Electronic check,50.38,419.79,No
customerID-001880,Male,1,No,No,41,No,Yes,DSL,Yes,No,Yes,No,No,No,Month-to-month,No,Bank transfer (automatic),22.92,1913.97,Yes
customerID-001883,Female,0,Yes,No,3,No,Yes,DSL,No,Yes,Yes,Yes,No,No,One year,No,Bank transfer (automatic),42.0,1171.55,No
customerID-001886,Male,0,No,No,39,No,No phone service,DSL,Yes,No,No,No,No,No,Month-to-month,Yes,Bank transfer (automatic),19.24,689.89,No
customerID-001889,Female,0,No,No,14,Yes,Yes,Fiber optic,Yes,Yes,Yes,No,Yes,No,One year,Yes,Mailed check,55.85,736.99,No
customerID-001890,Male,1,No,No,17,Yes,No,Fiber optic,No,No,No,No,No,Yes,One year,No,Electronic check,43.42,319.41,No
customerID-001891,Male,2,No,No,,Yes,No phone service,DSL,No,Yes,No,Yes,No,No,Month-to-month,No,Credit card (automatic),23.21,1301.71,No
customerID-001892,Female,1,Yes,No,,Yes,No,Fiber optic,Yes,No,Yes,No,No,No,Month-to-month,Yes,Credit card (automatic),41.39,136.5,No
customerID-001894,Male,0,Yes,No,1,Yes,No,DSL,No,No,No,No,No,No,Month-to-month,No,Bank transfer (automatic),35.3,281.64,No
customerID-001896,Female,0,No,No,3,Yes,Yes,DSL,No,Yes,Yes,No,No,No,Month-to-month,Yes,Bank transfer (automatic),,722.15,No
customerID-001897,Female,1,No,No,6,Yes,No,DSL,Yes,No,Yes,No,No,No,Month-to-month,Yes,Mailed check,39.65,596.24,No
customerID-001904,Female,1,No,No,14,Yes,No phone service,Fiber optic,Yes,No,No,No,Yes,No,Month-to-month,Yes,Mailed check,,650.92,No
customerID-001913,Female,0,No,No,12,Yes,No phone service,Fiber optic,Yes,Yes,Yes,No,No,No,Month-to-month,No,Mailed check,,3346.29,No
customerID-001916,Male,3,No,No,5,No,No,DSL,Yes,Yes,Yes,Yes,Yes,No,One year,No,Electronic check,84.76,373.26,No
customerID-001919,Female,0,No,No,7,Yes,No,DSL,Yes,Yes,Yes,No,No,No,One year,Yes,Bank transfer (automatic),50.09,858.31,No
customerID-001920,Male,2,No,No,3,No,No phone service,Fiber optic,No,Yes,Yes,No,No,Yes,Month-to-month,No,Bank transfer (automatic),41.39,3749.15,No
customerID-001923,Male,0,No,No,62,Yes,Yes,DSL,Yes,No,Yes,Yes,No,No,Month-to-month,No,Electronic check,41.51,477.52,No
customerID-001924,Female,0,No,No,52,No,No phone service,Fiber optic,Yes,No,Yes,No,Yes,Yes,One year,No,Mailed check,62.47,674.99,No
customerID-001931,Female,0,No,No,13,Yes,No phone service,DSL,Yes,Yes,Yes,No,No,No,One year,Yes,Electronic check,44.58,199.89,No
customerID-001932,Male,1,No,No,73,Yes,No phone service,Fiber optic,Yes,No,Yes,No,No,No,One year,Yes,Credit card (automatic),29.58,590.78,Yes
customerID-001934,Female,1,No,No,15,Yes,Yes,Fiber optic,Yes,Yes,Yes,No,Yes,No,One year,Yes,Mailed check,70.2,402.44,No
customerID-001935,Male,1,No,No,6,No,No,DSL,Yes,No,Yes,No,Yes,No,One year,No,Bank transfer (automatic),84.3,237.46,No
customerID-001942,Male,1,No,No,17,Yes,No,DSL,Yes,No,Yes,No,No,No,Month-to-month,No,Mailed check,77.49,843.53,No
customerID-001944,Male,2,Yes,No,8,No,No,DSL,Yes,Yes,Yes,No,No,No,Month-to-month,Yes,Mailed check,41.48,1582.68,No
customerID-001946,Male,0,No,No,10,No,No phone service,DSL,Yes,Yes,Yes,Yes,No,No,One year,Yes,Credit card (automatic),87.7,289.32,No
customerID-001952,Female,1,No,No,6,No,No phone service,Fiber optic,Yes,No,No,Yes,Yes,Yes,Month-to-month,Yes,Electronic check,121.42,1649.92,No
customerID-001954,Male,0,No,No,6,Yes,No phone service,Fiber optic,Yes,No,No,No,No,No,One year,Yes,Credit card (automatic),41.49,1230.65,No
customerID-001955,Male,0,No,No,4,No,No,DSL,Yes,No,Yes,No,No,No,Month-to-month,No,Bank transfer (automatic),19.33,600.18,No
customerID-001961,Male,0,No,No,6,No,No phone service,DSL,Yes,No,No,Yes,No,Yes,One year,No,Electronic check,40.91,1100.93,No
customerID-001964,Male,1,No,No,8,No,Yes,DSL,No,No,Yes,No,No,No,Month-to-month,No,Electronic check,64.05,648.25,No
customerID-001965,Male,0,Yes,No,15,Yes,No phone service,DSL,Yes,Yes,No,No,No,No,One year,Yes,Bank transfer (automatic),61.35,376.96,No
customerID-001966,Female,1,No,No,28,Yes,No,DSL,Yes,Yes,Yes,No,No,No,One year,No,Mailed check,25.15,436.52,No
customerID-001967,Female,0,Yes,No,13,No,No phone service,DSL,Yes,No,Yes,Yes,No,No,One year,Yes,Credit card (automatic),44.01,1151.64,No
customerID-001972,Female,2,No,No,51,No,No,Fiber optic,Yes,No,Yes,Yes,No,No,Month-to-month,Yes,Credit card (automatic),119.88,3749.15,No
customerID-001977,Male,1,No,No,9,No,Yes,DSL,Yes,No,No,No,No,No,One year,Yes,Electronic check,78.38,3087.51,No
customerID-001985,Male,2,No,No,10,No,No phone service,Fiber optic,Yes,No,Yes,No,Yes,No,Month-to-month,No,Mailed check,151.13,201.99,No
customerID-001987,Male,0,No,No,5,Yes,No,DSL,No,Yes,Yes,Yes,No,No,Month-to-month,Yes,Bank transfer (automatic),20.51,847.62,No
customerID-001989,Male,0,Yes,No,19,No,Yes,Fiber optic,Yes,No,Yes,No,No,No,One year,Yes,Credit card (automatic),58.96,783.04,Yes
customerID-001990,Male,1,Yes,No,31,No,Yes,DSL,Yes,No,No,No,No,No,Month-to-month,Yes,Electronic check,48.97,116.53,Yes
customerID-001992,Female,0,No,No,17,Yes,Yes,DSL,No,Yes,No,No,No,Yes,One year,Yes,Mailed check,30.46,631.48,No
customerID-001994,Male,0,Yes,No,45,Yes,Yes,DSL,Yes,No,No,Yes,No,No,One year,No,Mailed check,115.59,625.92,Yes
customerID-001996,Male,1,No,No,2,Yes,No phone service,DSL,No,No,No,No,No,No,Month-to-month,Yes,Bank transfer (automatic),36.44,1156.42,No
customerID-002000,Female,0,No,No,8,No,No,DSL,Yes,No,No,No,No,No,Month-to-month,No,Bank transfer (automatic),60.26,3272.75,No
customerID-002001,Male,0,No,No,24,No,No,DSL,No,Yes,Yes,No,No,No,Month-to-month,Yes,Electronic check,47.02,278.66,No
customerID-002003,Female,0,Yes,No,3,Yes,No,DSL,Yes,No,Yes,No,No,No,Month-to-month,Yes,Credit card (automatic),99.86,363.3,No
customerID-002004,Male,0,Yes,No,8,No,No,DSL,Yes,No,Yes,Yes,No,No,Month-to-month,No,Mailed check,,764.21,No
customerID-002007,Female,0,No,No,40,No,No phone service,DSL,Yes,No,Yes,No,No,No,One year,Yes,Mailed check,27.0,3749.15,Yes
customerID-002008,Male,2,No,No,14,No,Yes,Fiber optic,No,No,No,No,No,No,Month-to-month,No,Credit card (automatic),,1634.4,No
customerID-002011,Male,1,No,No,59,No,No,DSL,No,No,No,No,No,No,Month-to-month,Yes,Mailed check,58.03,612.01,No
customerID-002016,Female,1,No,No,31,No,No,DSL,No,No,Yes,No,No,No,Month-to-month,No,Mailed check,54.59,457.81,No
customerID-002018,Male,1,No,No,8,Yes,No,DSL,Yes,No,Yes,No,Yes,No,Month-to-month,No,Credit card (automatic),98.52,1279.55,No
customerID-002024,Male,0,No,No,8,No,No phone service,DSL,Yes,No,No,No,No,Yes,Month-to-month,Yes,Bank transfer (automatic),34.21,373.92,No
customerID-002026,Male,0,No,No,15,Yes,No,DSL,No,Yes,Yes,No,No,No,One year,No,Mailed check,90.12,1325.78,No
customerID-002027,Female,0,No,No,5,No,No,DSL,Yes,Yes,Yes,No,No,Yes,Month-to-month,Yes,Credit card (automatic),102.3,226.78,No
customerID-002031,Male,0,Yes,No,17,No,No,DSL,Yes,No,Yes,No,No,Yes,Month-to-month,Yes,Mailed check,105.13,799.28,No
customerID-002033,Male,0,No,No,15,No,No,DSL,Yes,No,Yes,No,No,No,Month-to-month,Yes,Credit card (automatic),23.95,173.3,No
customerID-002037,Male,0,No,No,12,Yes,No,DSL,No,Yes,Yes,No,No,Yes,One year,No,Bank transfer (automatic),38.65,336.0,Yes
customerID-002038,Male,1,No,No,9,Yes,No,DSL,No,Yes,No,No,Yes,No,Month-to-month,Yes,Bank transfer (automatic),48.44,1486.38,No
customerID-002039,Male,0,Yes,No,7,Yes,No phone service,DSL,Yes,No,Yes,Yes,No,No,Month-to-month,Yes,Bank transfer (automatic),45.35,1530.26,No
customerID-002042,Female,0,No,No,45,No,No phone service,DSL,Yes,Yes,Yes,No,No,No,Month-to-month,Yes,Bank transfer (automatic),88.51,894.65,No
customerID-002046,Female,0,No,No,6,No,No,DSL,Yes,No,Yes,No,No,No,Month-to-month,Yes,Bank transfer (automatic),,1899.2,No
customerID-002049,Female,0,No,No,25,Yes,No phone service,Fiber optic,No,Yes,Yes,No,No,Yes,One year,No,Mailed check,34.36,1907.61,No
customerID-002052,Male,0,Yes,No,15,No,Yes,DSL,Yes,No,Yes,No,No,No,Month-to-month,No,Credit card (automatic),59.03,508.01,Yes
customerID-002054,Male,0,No,No,35,Yes,No,DSL,Yes,No,No,No,No,No,Month-to-month,Yes,Credit card (automatic),52.92,250.54,No
customerID-002058,Female,0,Yes,No,71,Yes,No phone service,Fiber optic,Yes,No,No,No,No,No,Month-to-month,Yes,Electronic check,47.83,146.36,Yes
customerID-002062,Female,2,No,No,10,Yes,No phone service,DSL,No,Yes,Yes,No,No,No,Month-to-month,Yes,Bank transfer (automatic),131.27,335.42,No
customerID-002068,Male,2,Yes,No,2,Yes,Yes,DSL,No,Yes,No,Yes,No,No,One year,Yes,Mailed check,58.46,987.41,Yes
customerID-002069,Male,0,Yes,No,11,No,No phone service,DSL,Yes,No,No,No,No,No,Month-to-month,No,Mailed check,27.16,458.46,Yes
customerID-002073,Female,0,No,No,2,No,No,Fiber optic,No,No,No,No,No,No,Month-to-month,Yes,Mailed check,51.45,862.18,No
customerID-002075,Female,1,No,No,5,No,No,DSL,No,No,Yes,No,No,Yes,One year,Yes,Bank transfer (automatic),39.81,646.28,No
customerID-002078,Male,1,No,No,,Yes,No,DSL,Yes,No,Yes,No,No,No,Month-to-month,No,Bank transfer (automatic),165.41,1934.17,No
customerID-002081,Male,0,No,No,7,No,No phone service,DSL,No,No,No,No,Yes,Yes,Month-to-month,Yes,Electronic check,36.02,157.05,No
customerID-002084,Female,2,Yes,No,7,Yes,Yes,DSL,No,No,Yes,Yes,No,No,Month-to-month,Yes,Electronic check,53.92,112.48,No
customerID-002086,Male,0,No,No,15,Yes,No,DSL,No,Yes,Yes,Yes,No,No,One year,Yes,Credit card (automatic),31.39,196.96,No
customerID-002087,Male,1,No,No,,No,No phone service,Fiber optic,Yes,No,Yes,No,No,No,Month-to-month,No,Mailed check,37.63,110.68,No
customerID-002089,Female,0,Yes,No,15,No,No,Fiber optic,Yes,No,No,Yes,No,Yes,Month-to-month,No,Credit card (automatic),,451.58,No
customerID-002090,Male,0,No,No,15,Yes,Yes,DSL,Yes,No,No,No,No,No,One year,Yes,Credit card (automatic),13.01,2226.42,No
customerID-002091,Male,0,No,No,33,Yes,No phone service,DSL,Yes,Yes,No,No,No,No,One year,Yes,Electronic check,47.86,175.3,No
customerID-002094,Female,0,No,No,12,No,No,DSL,Yes,Yes,No,No,No,No,One year,Yes,Bank transfer (automatic),,265.65,No
customerID-002096,Female,0,No,No,11,Yes,No,DSL,No,No,Yes,Yes,No,No,Month-to-month,No,Credit card (automatic),134.36,437.88,No
customerID-002099,Female,1,No,No,3,Yes,No phone service,DSL,Yes,No,Yes,No,No,Yes,Month-to-month,Yes,Credit card (automatic),36.15,559.81,No
customerID-002101,Female,0,No,No,28,Yes,Yes,Fiber optic,Yes,Yes,Yes,No,Yes,No,Month-to-month,No,Credit card (automatic),40.52,397.32,No
customerID-002104,Female,1,No,No,4,Yes,No,DSL,Yes,Yes,Yes,No,No,No,One year,Yes,Electronic check,84.48,2040.64,No
customerID-002109,Male,0,No,No,12,No,No,Fiber optic,Yes,No,Yes,Yes,No,No,Month-to-month,Yes,Bank transfer (automatic),96.39,1148.61,No
customerID-002117,Male,0,No,No,6,Yes,No phone service,DSL,Yes,Yes,Yes,Yes,No,No,One year,Yes,Electronic check,60.46,1261.52,No
customerID-002123,Male,2,No,No,7,No,No,DSL,No,Yes,No,No,Yes,No,Month-to-month,Yes,Mailed check,,968.77,No
customerID-002128,Male,0,No,No,11,Yes,No phone service,DSL,No,No,No,Yes,Yes,No,One year,Yes,Credit card (automatic),35.12,778.97,No
customerID-002130,Female,0,No,No,,Yes,No,DSL,Yes,Yes,Yes,No,No,No,Month-to-month,No,Bank transfer (automatic),58.47,532.73,Yes
customerID-002132,Female,0,No,No,10,Yes,No,DSL,Yes,Yes,Yes,Yes,No,No,Month-to-month,Yes,Mailed check,74.57,776.93,No
customerID-002136,Male,0,No,No,5,Yes,No,DSL,Yes,Yes,Yes,Yes,No,Yes,One year,No,Electronic check,25.79,367.55,No
customerID-002137,Male,0,No,No,12,Yes,No phone service,Fiber optic,No,No,Yes,No,No,No,Month-to-month,Yes,Credit card (automatic),26.84,1035.37,No
customerID-002144,Male,0,No,No,11,No,Yes,Fiber optic,Yes,Yes,Yes,Yes,Yes,No,One year,Yes,Electronic check,30.61,596.3,No
customerID-002159,Male,1,No,No,6,No,Yes,DSL,No,No,No,No,No,No,Month-to-month,No,Mailed check,69.73,594.41,No
customerID-002161,Male,0,No,No,6,No,Yes,DSL,Yes,Yes,No,No,No,No,One year,Yes,Electronic check,57.66,1893.43,No
customerID-002162,Male,0,No,No,8,Yes,Yes,DSL,No,Yes,No,No,No,Yes,One year,Yes,Electronic check,19.18,396.11,No
customerID-002164,Male,1,No,No,10,No,No phone service,DSL,Yes,No,No,Yes,Yes,No,Month-to-month,No,Credit card (automatic),35.43,1331.6,No
customerID-002165,Male,1,No,No,33,Yes,Yes,DSL,Yes,Yes,Yes,Yes,No,Yes,Month-to-month,No,Mailed check,85.2,1552.91,No
customerID-002166,Male,1,No,No,12,No,No,DSL,Yes,No,No,No,No,Yes,Month-to-month,Yes,Mailed check,22.44,1917.89,No
customerID-002167,Male,1,No,No,5,Yes,No,DSL,No,No,No,No,No,No,Month-to-month,No,Mailed check,65.44,609.43,Yes
customerID-002168,Female,1,No,No,27,Yes,No,DSL,Yes,Yes,No,No,No,No,One year,Yes,Bank transfer (automatic),54.85,205.65,No
customerID-002172,Male,1,No,No,26,No,No phone service,Fiber optic,Yes,Yes,No,No,No,No,One year,No,Mailed check,41.46,226.91,No
customerID-002177,Male,0,No,No,21,Yes,No phone service,DSL,No,No,Yes,No,No,No,Month-to-month,No,Bank transfer (automatic),46.79,730.44,No
customerID-002181,Male,0,No,No,10,Yes,Yes,DSL,Yes,No,Yes,No,No,No,Month-to-month,No,Electronic check,56.82,940.73,No
customerID-002185,Male,1,No,No,16,No,No,DSL,No,No,Yes,No,No,No,One year,Yes,Credit card (automatic),,720.08,No
customerID-002186,Male,0,No,No,69,Yes,Yes,DSL,Yes,Yes,Yes,No,No,No,One year,Yes,Electronic check,35.74,430.62,No
customerID-002188,Male,0,No,No,10,Yes,Yes,Fiber optic,Yes,No,Yes,No,No,No,One year,Yes,Mailed check,65.66,491.25,No
customerID-002189,Male,0,No,No,4,No,No,DSL,No,No,Yes,No,No,Yes,Month-to-month,No,Electronic check,85.52,193.54,No
customerID-002192,Female,1,No,No,9,No,No phone service,DSL,Yes,No,Yes,No,No,No,One year,Yes,Electronic check,50.1,172.44,No
customerID-002196,Male,0,No,No,7,Yes,Yes,DSL,Yes,Yes,Yes,Yes,Yes,Yes,One year,Yes,Mailed check,102.86,408.08,No
customerID-002199,Female,0,No,No,16,No,No phone service,Fiber optic,No,No,Yes,No,No,No,One year,No,Electronic check,,2808.4,No
customerID-002202,Male,2,Yes,No,35,No,No phone service,DSL,Yes,No,No,No,Yes,No,Month-to-month,No,Electronic check,26.57,608.08,Yes
customerID-002207,Male,2,Yes,No,5,No,Yes,DSL,Yes,No,No,No,No,No,Month-to-month,No,Credit card (automatic),20.61,1199.33,Yes
customerID-002208,Female,0,No,No,12,No,No phone service,DSL,Yes,Yes,Yes,No,No,No,Month-to-month,Yes,Credit card (automatic),125.6,453.01,No
customerID-002209,Male,0,No,No,2,No,No phone service,DSL,No,No,No,No,Yes,Yes,One year,No,Mailed check,51.32,600.64,No
customerID-002211,Female,0,Yes,No,5,No,No phone service,DSL,Yes,Yes,No,No,Yes,No,Month-to-month,No,Mailed check,133.27,203.4,No
customerID-002214,Male,0,Yes,No,12,Yes,No,DSL,Yes,Yes,Yes,Yes,No,Yes,One year,Yes,Mailed check,,316.38,Yes
customerID-002215,Male,0,Yes,No,67,Yes,No phone service,Fiber optic,No,No,No,No,Yes,No,Month-to-month,No,Credit card (automatic),32.58,960.34,No
customerID-002218,Female,1,No,No,2,Yes,No,DSL,Yes,No,Yes,Yes,Yes,No,One year,Yes,Electronic check,53.94,717.79,No
customerID-002220,Male,1,No,No,2,Yes,No phone service,DSL,No,No,No,No,Yes,Yes,One year,Yes,Mailed check,48.51,338.14,No
customerID-002222,Male,1,Yes,No,10,No,Yes,DSL,No,No,Yes,No,No,No,Month-to-month,No,Mailed check,34.26,232.52,No
customerID-002223,Female,0,No,No,8,Yes,No,DSL,Yes,Yes,No,No,No,No,Month-to-month,No,Electronic check,97.88,2372.48,Yes
customerID-002225,Female,0,Yes,No,61,Yes,No,DSL,No,No,Yes,Yes,No,No,Month-to-month,Yes,Mailed check,43.57,1307.81,No
customerID-002227,Male,1,No,No,89,Yes,Yes,DSL,Yes,Yes,Yes,No,No,Yes,Month-to-month,No,Bank transfer (automatic),41.79,273.15,Yes
customerID-002228,Male,0,No,No,28,No,No,DSL,Yes,Yes,No,No,No,No,One year,Yes,Mailed check,20.0,1018.43,No
customerID-002229,Male,1,No,No,13,Yes,Yes,Fiber optic,Yes,Yes,Yes,Yes,No,No,One year,No,Mailed check,24.42,265.05,No
customerID-002235,Male,0,Yes,No,11,Yes,Yes,DSL,No,No,No,Yes,No,No,Month-to-month,No,Mailed check,64.31,987.02,No
customerID-002236,Male,0,No,No,16,Yes,Yes,DSL,No,Yes,No,Yes,No,Yes,One year,No,Mailed check,41.88,535.06,No
customerID-002237,Male,0,No,No,32,No,Yes,DSL,No,No,Yes,Yes,No,No,Month-to-month,Yes,Credit card (automatic),41.16,539.87,No
customerID-002238,Female,0,No,No,21,Yes,No phone service,DSL,Yes,Yes,Yes,No,Yes,No,One year,No,Mailed check,52.55,1121.41,No
customerID-002239,Male,0,Yes,No,5,Yes,No,DSL,No,No,No,Yes,No,No,One year,No,Mailed check,91.07,355.7,No
customerID-002241,Female,0,Yes,No,3,No,No,DSL,No,Yes,No,Yes,No,Yes,Month-to-month,Yes,Credit card (automatic),98.99,1047.74,No
customerID-002243,Female,1,No,No,3,Yes,No phone service,DSL,Yes,No,Yes,Yes,No,No,One year,Yes,Credit card (automatic),41.82,3173.35,No
customerID-002244,Male,0,Yes,No,7,Yes,Yes,Fiber optic,No,No,No,Yes,No,No,Month-to-month,No,Bank transfer (automatic),90.38,1665.76,Yes
customerID-002247,Male,0,No,No,18,No,No,DSL,No,No,No,No,No,Yes,One year,Yes,Electronic check,40.02,415.03,No
customerID-002248,Male,0,No,No,16,Yes,Yes,DSL,Yes,No,No,No,No,Yes,One year,Yes,Electronic check,52.15,311.14,No
customerID-002251,Female,1,No,No,10,Yes,Yes,DSL,No,No,Yes,No,Yes,No,Month-to-month,Yes,Credit card (automatic),116.97,2575.51,No
customerID-002252,Female,1,Yes,No,3,Yes,No phone service,DSL,Yes,No,Yes,No,No,No,Month-to-month,Yes,Electronic check,67.22,1543.34,Yes
customerID-002253,Female,0,Yes,No,10,No,No,DSL,Yes,Yes,Yes,No,No,No,One year,Yes,Bank transfer (automatic),45.18,535.26,No
customerID-002254,Female,0,Yes,No,19,Yes,Yes,DSL,No,Yes,No,No,No,No,One year,Yes,Bank transfer (automatic),47.04,1485.95,No
customerID-002255,Female,1,No,No,9,No,No,DSL,No,Yes,Yes,No,No,No,Month-to-month,Yes,Credit card (automatic),23.32,256.59,No
customerID-002257,Female,2,No,No,6,Yes,Yes,DSL,No,No,Yes,No,No,No,One year,No,Electronic check,34.06,2059.5,No
customerID-002258,Male,0,Yes,No,9,Yes,No,Fiber optic,Yes,Yes,No,No,No,Yes,Month-to-month,No,Bank transfer (automatic),41.91,2485.11,No
customerID-002266,Male,1,Yes,No,3,No,No phone service,Fiber optic,Yes,Yes,No,No,No,No,Month-to-month,No,Bank transfer (automatic),58.76,760.36,Yes
customerID-002267,Male,0,No,No,2,Yes,Yes,DSL,Yes,No,No,No,Yes,No,One year,Yes,Electronic check,44.07,1321.56,No
customerID-002270,Female,0,No,No,26,Yes,No,Fiber optic,No,No,Yes,No,No,No,Month-to-month,No,Mailed check,56.2,526.83,No
customerID-002280,Female,1,No,No,23,No,No phone service,Fiber optic,Yes,Yes,Yes,No,No,Yes,Month-to-month,Yes,Bank transfer (automatic),18.57,755.78,No
customerID-002282,Male,0,No,No,16,Yes,No,DSL,Yes,Yes,Yes,No,No,No,One year,Yes,Bank transfer (automatic),,1055.53,No
customerID-002283,Female,0,No,No,2,Yes,Yes,DSL,Yes,No,No,Yes,No,No,Month-to-month,Yes,Bank transfer (automatic),29.29,168.99,No
customerID-002289,Male,1,No,No,17,Yes,No phone service,DSL,Yes,No,Yes,No,No,No,One year,Yes,Electronic check,83.96,416.42,No
customerID-002293,Female,2,No,No,28,No,No phone service,Fiber optic,Yes,No,Yes,No,Yes,No,Month-to-month,Yes,Credit card (automatic),165.8,1584.07,No
customerID-002294,Male,2,No,No,3,Yes,No,DSL,No,Yes,No,No,Yes,No,One year,Yes,Credit card (automatic),38.3,2662.46,No
customerID-002301,Male,0,No,No,26,Yes,No phone service,DSL,Yes,No,No,Yes,No,No,Month-to-month,No,Electronic check,89.11,1383.06,No
customerID-002307,Female,0,No,No,15,No,No,DSL,Yes,Yes,Yes,No,No,No,One year,No,Mailed check,22.11,1364.97,No
customerID-002308,Male,0,Yes,No,7,No,Yes,DSL,No,Yes,Yes,No,No,Yes,Month-to-month,Yes,Bank transfer (automatic),77.59,450.29,No
customerID-002309,Male,0,No,No,2,Yes,No,DSL,No,No,Yes,No,No,No,One year,No,Credit card (automatic),55.83,1519.1,No
customerID-002310,Male,0,No,No,5,No,No,DSL,Yes,Yes,No,Yes,No,No,Month-to-month,Yes,Mailed check,24.15,1498.67,No
customerID-002314,Male,0,No,No,,No,No phone service,DSL,No,No,Yes,No,No,No,Month-to-month,Yes,Electronic check,49.88,512.22,No
customerID-002316,Male,2,Yes,No,5,Yes,No,DSL,No,No,No,No,No,Yes,One year,Yes,Bank transfer (automatic),,455.69,No
customerID-002319,Male,0,Yes,No,12,Yes,No,DSL,Yes,No,Yes,No,No,Yes,Month-to-month,Yes,Credit card (automatic),92.78,692.05,Yes
customerID-002320,Male,0,No,No,14,Yes,No phone service,DSL,Yes,No,Yes,Yes,Yes,Yes,Month-to-month,Yes,Mailed check,48.45,452.07,Yes
customerID-002326,Female,2,No,No,15,Yes,No phone service,DSL,No,No,Yes,No,No,Yes,Month-to-month,Yes,Mailed check,40.07,268.41,No
customerID-002327,Female,0,No,No,2,No,No phone service,DSL,No,No,No,No,No,No,Month-to-month,Yes,Credit card (automatic),31.95,3749.15,No
customerID-002328,Female,0,No,No,22,No,No,DSL,Yes,No,Yes,Yes,Yes,No,Month-to-month,Yes,Electronic check,73.39,787.32,No
customerID-002329,Male,1,No,No,7,Yes,No,DSL,Yes,Yes,No,No,No,No,Month-to-month,No,Mailed check,32.92,500.73,No
customerID-002336,Male,1,No,No,2,Yes,No phone service,DSL,No,No,Yes,No,No,No,Month-to-month,No,Mailed check,35.42,172.66,No
customerID-002339,Male,0,No,No,10,No,Yes,DSL,Yes,Yes,No,No,No,No,One year,Yes,Credit card (automatic),63.33,506.91,No
customerID-002340,Male,0,No,No,3,No,Yes,DSL,Yes,Yes,No,Yes,Yes,Yes,Month-to-month,Yes,Mailed check,48.82,246.87,No
customerID-002341,Female,1,Yes,No,2,No,Yes,DSL,Yes,Yes,No,Yes,No,No,One year,No,Mailed check,151.14,318.49,No
customerID-002342,Male,1,No,No,5,No,No,DSL,No,Yes,No,No,No,Yes,Month-to-month,No,Mailed check,49.8,897.44,No
customerID-002355,Female,0,Yes,No,,No,Yes,Fiber optic,Yes,No,Yes,No,Yes,No,One year,Yes,Credit card (automatic),,648.09,Yes
customerID-002357,Male,2,No,No,4,Yes,No,DSL,No,No,No,No,No,Yes,Month-to-month,Yes,Credit card (automatic),,872.65,No
customerID-002358,Male,0,Yes,No,11,Yes,No phone service,DSL,No,No,Yes,No,No,No,Month-to-month,Yes,Mailed check,44.31,357.59,No
customerID-002365,Female,0,No,No,5,Yes,Yes,DSL,Yes,Yes,Yes,No,No,No,One year,No,Bank transfer (automatic),50.08,649.12,No
customerID-002375,Male,1,No,No,12,Yes,Yes,Fiber optic,Yes,Yes,Yes,No,Yes,No,Month-to-month,No,Mailed check,30.14,2115.01,No
customerID-002377,Female,1,Yes,No,23,No,No,DSL,No,No,Yes,No,No,No,One year,Yes,Credit card (automatic),72.28,1237.14,No
customerID-002378,Female,0,No,No,89,No,No,Fiber optic,Yes,Yes,Yes,No,No,No,One year,Yes,Mailed check,38.3,1688.19,No
customerID-002386,Male,0,No,No,34,Yes,No,Fiber optic,No,Yes,No,Yes,Yes,No,Month-to-month,Yes,Mailed check,45.04,187.58,No
customerID-002390,Male,2,No,No,2,Yes,No phone service,DSL,No,No,No,Yes,No,No,Month-to-month,Yes,Electronic check,17.31,1475.01,No
customerID-002391,Female,1,No,No,10,No,Yes,DSL,Yes,Yes,Yes,No,No,No,Month-to-month,Yes,Electronic check,43.91,564.44,No
customerID-002394,Male,1,No,No,16,Yes,Yes,DSL,Yes,Yes,No,No,Yes,Yes,One year,Yes,Bank transfer (automatic),,3006.04,No
customerID-002396,Male,1,Yes,No,32,No,No,Fiber optic,No,Yes,No,Yes,No,No,Month-to-month,Yes,Bank transfer (automatic),24.22,1190.21,Yes
customerID-002397,Male,0,No,No,3,No,No phone service,Fiber optic,No,Yes,Yes,No,Yes,No,Month-to-month,No,Electronic check,30.42,321.18,No
customerID-002399,Male,0,No,No,86,No,No phone service,DSL,Yes,No,No,No,No,No,Month-to-month,Yes,Mailed check,38.49,302.02,Yes
customerID-002404,Male,0,No,No,5,Yes,No phone service,DSL,Yes,No,Yes,Yes,Yes,No,One year,No,Mailed check,27.73,588.93,Yes
customerID-002405,Female,0,No,No,10,No,No phone service,Fiber optic,Yes,No,Yes,No,No,Yes,One year,Yes,Credit card (automatic),49.23,456.66,No
customerID-002406,Female,0,No,No,10,Yes,No,Fiber optic,Yes,Yes,Yes,Yes,Yes,Yes,One year,No,Mailed check,55.0,2846.57,No
customerID-002417,Female,1,No,No,36,Yes,No phone service,DSL,Yes,No,Yes,No,Yes,No,Month-to-month,Yes,Mailed check,75.62,638.57,No
customerID-002418,Female,0,No,No,7,Yes,No,Fiber optic,No,Yes,Yes,Yes,No,No,Month-to-month,Yes,Bank transfer (automatic),30.2,591.88,No
customerID-002420,Male,0,No,No,8,Yes,No,Fiber optic,Yes,Yes,Yes,Yes,Yes,No,Month-to-month,Yes,Electronic check,57.46,342.01,No
customerID-002425,Male,0,Yes,No,34,No,No,DSL,No,No,No,No,No,No,One year,Yes,Bank transfer (automatic),,426.86,No
customerID-002434,Female,0,No,No,13,No,Yes,DSL,Yes,No,No,No,No,No,Month-to-month,Yes,Mailed check,23.48,666.97,No
customerID-002435,Female,1,Yes,No,23,No,No phone service,DSL,No,Yes,No,No,No,No,Month-to-month,Yes,Bank transfer (automatic),27.66,1100.96,No
customerID-002456,Female,1,Yes,No,13,Yes,Yes,Fiber optic,Yes,No,Yes,Yes,No,No,Month-to-month,Yes,Electronic check,33.56,310.72,No
customerID-002459,Female,3,No,No,,Yes,No,Fiber optic,No,Yes,Yes,No,No,No,Month-to-month,Yes,Electronic check,66.54,147.02,No
customerID-002460,Male,0,No,No,21,No,No,DSL,No,No,Yes,No,No,Yes,Month-to-month,Yes,Mailed check,129.11,101.92,No
customerID-002462,Female,2,No,No,5,Yes,No phone service,Fiber optic,No,Yes,No,Yes,No,No,One year,No,Mailed check,,272.24,No
customerID-002463,Male,0,Yes,No,11,No,Yes,DSL,Yes,Yes,Yes,No,No,No,One year,Yes,Credit card (automatic),111.66,1070.38,Yes
customerID-002466,Female,0,Yes,No,3,No,No,Fiber optic,No,No,Yes,No,Yes,Yes,Month-to-month,No,Credit card (automatic),50.28,532.12,Yes
customerID-002467,Male,0,Yes,No,4,Yes,No,DSL,No,No,No,No,No,Yes,One year,Yes,Mailed check,30.43,79.05,Yes
customerID-002472,Female,1,No,No,31,Yes,No,DSL,No,No,No,No,Yes,No,Month-to-month,Yes,Electronic check,33.12,380.23,No
customerID-002474,Female,0,No,No,4,No,Yes,DSL,Yes,No,Yes,Yes,No,Yes,Month-to-month,Yes,Mailed check,57.97,507.99,No
customerID-002477,Female,1,No,No,,No,Yes,Fiber optic,Yes,No,No,No,Yes,No,One year,Yes,Mailed check,53.65,665.34,No
customerID-002478,Female,1,No,No,3,Yes,Yes,Fiber optic,No,Yes,Yes,No,No,Yes,Month-to-month,No,Credit card (automatic),58.38,3542.73,No
customerID-002481,Female,1,No,No,10,Yes,No phone service,DSL,Yes,Yes,Yes,Yes,No,No,One year,No,Mailed check,54.3,363.78,No
customerID-002487,Female,0,No,No,14,Yes,No phone service,Fiber optic,No,Yes,No,No,Yes,No,One year,Yes,Mailed check,37.85,924.66,No
customerID-002488,Female,2,No,No,28,No,No phone service,Fiber optic,No,Yes,Yes,No,No,No,Month-to-month,Yes,Mailed check,21.56,383.58,No
customerID-002491,Female,0,No,No,13,Yes,No,Fiber optic,Yes,Yes,No,No,Yes,Yes,One year,No,Electronic check,40.35,540.1,No
customerID-002494,Female,2,No,No,8,No,No,DSL,No,No,Yes,No,Yes,Yes,Month-to-month,No,Credit card (automatic),14.64,95.13,No
customerID-002495,Female,0,No,No,24,Yes,No phone service,DSL,Yes,Yes,No,No,No,No,One year,Yes,Credit card (automatic),52.69,959.23,No
customerID-002497,Male,0,No,No,26,Yes,No,DSL,Yes,No,Yes,Yes,No,No,Month-to-month,Yes,Mailed check,79.49,241.45,No
customerID-002499,Female,0,No,No,11,No,Yes,DSL,Yes,Yes,Yes,Yes,No,No,One year,No,Electronic check,169.45,470.82,No
customerID-002509,Female,0,Yes,No,38,Yes,No,Fiber optic,Yes,No,Yes,No,No,Yes,Month-to-month,No,Credit card (automatic),43.39,211.74,No
customerID-002511,Male,0,No,No,26,No,No,DSL,No,No,Yes,No,No,No,Month-to-month,Yes,Credit card (automatic),29.82,744.73,No
customerID-002512,Female,0,No,No,9,Yes,Yes,Fiber optic,No,No,Yes,No,No,No,Month-to-month,Yes,Electronic check,40.3,1271.2,Yes
customerID-002514,Male,0,No,No,31,No,No phone service,DSL,No,Yes,Yes,No,No,No,Month-to-month,No,Bank transfer (automatic),,390.75,No
customerID-002515,Female,0,No,No,11,No,No,DSL,No,Yes,No,No,No,Yes,One year,No,Electronic check,30.23,1148.09,No
customerID-002518,Female,0,No,No,37,Yes,No,DSL,No,Yes,Yes,Yes,Yes,No,Month-to-month,No,Mailed check,,1752.88,Yes
customerID-002525,Male,0,No,No,2,No,No phone service,DSL,Yes,No,Yes,Yes,Yes,No,Month-to-month,Yes,Credit card (automatic),58.87,553.62,No
customerID-002529,Male,1,No,No,17,No,No,DSL,Yes,Yes,No,No,No,No,One year,Yes,Credit card (automatic),34.51,499.23,No
customerID-002535,Female,0,Yes,No,6,No,No,DSL,Yes,No,No,No,No,No,One year,No,Credit card (automatic),41.54,834.52,Yes
customerID-002537,Male,0,No,No,11,Yes,No phone service,DSL,Yes,Yes,Yes,Yes,No,No,One year,Yes,Electronic check,107.83,389.33,No
customerID-002539,Female,0,No,No,6,Yes,Yes,DSL,Yes,Yes,No,Yes,No,No,One year,Yes,Bank transfer (automatic),37.51,2085.6,No
customerID-002546,Male,0,No,No,17,No,Yes,DSL,Yes,No,Yes,No,No,No,Month-to-month,No,Electronic check,27.65,469.81,Yes
customerID-002551,Female,0,Yes,No,6,Yes,No phone service,DSL,No,Yes,Yes,Yes,No,Yes,Month-to-month,Yes,Credit card (automatic),90.76,320.24,No
customerID-002554,Male,0,No,No,9,Yes,Yes,Fiber optic,Yes,Yes,Yes,Yes,No,No,Month-to-month,Yes,Electronic check,38.67,522.43,No
customerID-002556,Male,0,No,No,4,No,Yes,DSL,No,No,No,No,No,Yes,Month-to-month,No,Mailed check,70.68,599.5,No
customerID-002557,Female,1,Yes,No,,No,Yes,DSL,No,No,No,No,No,Yes,Month-to-month,No,Credit card (automatic),27.49,540.05,No
customerID-002560,Male,1,No,No,18,Yes,No,DSL,No,No,Yes,No,Yes,No,Month-to-month,No,Mailed check,32.49,814.46,No
customerID-002569,Male,1,Yes,No,,Yes,No,Fiber optic,Yes,No,No,No,Yes,No,Month-to-month,No,Electronic check,138.01,3004.45,No
customerID-002572,Male,0,No,No,8,No,No,DSL,No,No,Yes,Yes,Yes,No,Month-to-month,Yes,Electronic check,49.78,189.44,No
customerID-002573,Male,2,No,No,56,Yes,No,DSL,No,No,No,No,No,No,One year,No,Mailed check,65.83,1482.97,No
customerID-002576,Female,1,No,No,37,Yes,No,DSL,Yes,Yes,Yes,Yes,Yes,No,Month-to-month,No,Mailed check,88.87,289.86,No
customerID-002578,Male,1,No,No,22,No,Yes,Fiber optic,Yes,No,No,No,Yes,No,Month-to-month,Yes,Credit card (automatic),109.27,1137.72,No
customerID-002581,Female,1,No,No,69,Yes,Yes,DSL,Yes,Yes,Yes,Yes,No,Yes,One year,No,Bank transfer (automatic),85.5,3749.15,No
customerID-002586,Male,2,No,No,58,Yes,No,DSL,Yes,Yes,No,No,No,No,Month-to-month,No,Bank transfer (automatic),,108.1,No
customerID-002587,Male,0,Yes,No,9,Yes,Yes,Fiber optic,Yes,No,No,No,No,No,Month-to-month,Yes,Electronic check,49.2,911.44,No
customerID-002588,Male,0,No,No,21,Yes,No phone service,Fiber optic,No,Yes,No,No,No,No,One year,Yes,Bank transfer (automatic),29.69,493.07,No
customerID-002592,Female,1,No,No,34,Yes,Yes,DSL,Yes,No,No,No,No,Yes,One year,Yes,Electronic check,,1286.07,No
customerID-002596,Male,1,No,No,52,Yes,Yes,DSL,Yes,Yes,Yes,No,No,No,One year,Yes,Mailed check,44.01,2412.6,Yes
customerID-002605,Male,1,Yes,No,19,No,No phone service,DSL,Yes,Yes,Yes,No,Yes,No,Month-to-month,Yes,Mailed check,45.1,721.38,No
customerID-002609,Female,0,No,No,3,Yes,No,DSL,No,Yes,Yes,No,No,No,One year,Yes,Mailed check,55.32,745.43,No
customerID-002618,Male,0,No,No,42,No,No,DSL,No,No,No,No,No,No,Month-to-month,No,Electronic check,36.99,2053.81,Yes
customerID-002622,Male,1,No,No,,No,No,DSL,No,No,Yes,No,No,No,One year,Yes,Electronic check,37.22,1076.76,Yes
customerID-002624,Male,0,No,No,8,Yes,No,Fiber optic,Yes,No,No,No,No,No,Month-to-month,No,Credit card (automatic),,857.61,No
customerID-002627,Male,0,No,No,5,Yes,Yes,DSL,No,No,Yes,No,No,Yes,Month-to-month,Yes,Bank transfer (automatic),24.71,481.01,No
customerID-002635,Female,0,No,No,10,No,No,Fiber optic,Yes,Yes,No,No,Yes,No,Month-to-month,Yes,Mailed check,65.77,279.87,No
customerID-002636,Female,1,No,No,5,Yes,Yes,DSL,Yes,No,Yes,Yes,No,No,Month-to-month,Yes,Bank transfer (automatic),,604.92,No
customerID-002639,Male,0,No,No,20,Yes,No,Fiber optic,No,Yes,Yes,No,No,No,One year,Yes,Mailed check,37.31,2031.57,No
customerID-002640,Female,0,No,No,5,No,No,Fiber optic,No,No,Yes,No,Yes,No,One year,No,Bank transfer (automatic),35.82,294.28,No
customerID-002641,Male,0,No,No,5,Yes,No,DSL,No,Yes,No,Yes,No,No,One year,Yes,Mailed check,111.16,486.8,No
customerID-002642,Male,1,No,No,9,No,No phone service,Fiber optic,Yes,Yes,Yes,Yes,Yes,No,Month-to-month,Yes,Bank transfer (automatic),29.23,869.71,No
customerID-002643,Male,1,No,No,13,Yes,Yes,DSL,Yes,Yes,No,No,No,No,Month-to-month,No,Electronic check,169.45,877.04,No
customerID-002645,Male,0,No,No,22,No,Yes,DSL,No,Yes,Yes,Yes,Yes,No,Month-to-month,Yes,Mailed check,69.89,1137.68,No
customerID-002648,Male,2,No,No,4,Yes,No,Fiber optic,Yes,No,No,No,No,No,One year,No,Bank transfer (automatic),72.68,581.99,No
customerID-002651,Female,0,No,No,5,Yes,Yes,Fiber optic,Yes,No,Yes,No,No,No,One year,Yes,Mailed check,108.33,552.33,No
customerID-002653,Male,1,No,No,4,No,Yes,DSL,No,No,No,No,Yes,No,Month-to-month,Yes,Mailed check,37.81,1001.15,No
customerID-002654,Female,2,No,No,9,No,No,DSL,Yes,No,Yes,No,No,Yes,Month-to-month,No,Credit card (automatic),65.6,2360.81,No
customerID-002655,Male,0,No,No,2,No,No phone service,DSL,No,No,Yes,No,Yes,Yes,Month-to-month,No,Credit card (automatic),40.78,163.63,No
customerID-002656,Male,1,Yes,No,3,Yes,No phone service,DSL,No,No,Yes,Yes,No,No,One year,No,Mailed check,34.18,332.12,No
customerID-002659,Male,2,No,No,20,Yes,Yes,DSL,Yes,Yes,Yes,No,No,No,One year,Yes,Bank transfer (automatic),52.76,810.91,Yes
customerID-002663,Male,1,Yes,No,12,Yes,No,DSL,Yes,Yes,Yes,Yes,No,No,Month-to-month,No,Electronic check,35.1,1408.04,No
customerID-002665,Male,0,Yes,No,20,No,No,DSL,No,Yes,Yes,Yes,No,Yes,One year,Yes,Electronic check,107.22,1183.36,No
customerID-002670,Female,0,No,No,13,No,No phone service,DSL,Yes,No,No,No,No,No,Month-to-month,Yes,Bank transfer (automatic),106.68,220.71,No
customerID-002677,Male,1,Yes,No,6,Yes,No phone service,DSL,Yes,No,Yes,No,No,No,Month-to-month,Yes,Credit card (automatic),23.94,690.2,No
customerID-002679,Male,2,No,No,8,No,No phone service,DSL,Yes,Yes,Yes,No,No,No,One year,Yes,Mailed check,84.13,826.01,Yes
customerID-002680,Male,1,No,No,9,Yes,No phone service,Fiber optic,No,Yes,Yes,Yes,No,Yes,One year,No,Bank transfer (automatic),24.04,444.54,No
customerID-002683,Male,0,No,No,9,No,No,DSL,No,Yes,Yes,No,No,Yes,One year,No,Electronic check,60.56,433.33,No
customerID-002699,Male,2,No,No,4,Yes,No,Fiber optic,Yes,Yes,Yes,No,No,No,One year,Yes,Mailed check,20.16,1858.67,No
customerID-002700,Female,0,Yes,No,10,Yes,Yes,Fiber optic,No,No,Yes,No,Yes,No,Month-to-month,No,Bank transfer (automatic),33.27,159.85,No
customerID-002701,Male,1,No,No,24,Yes,No phone service,DSL,No,No,No,No,No,No,Month-to-month,Yes,Credit card (automatic),72.63,116.1,No
customerID-002703,Male,0,No,No,16,Yes,No,Fiber optic,Yes,Yes,Yes,No,No,Yes,One year,Yes,Electronic check,51.63,260.82,No
customerID-002704,Male,0,Yes,No,2,No,No,DSL,No,No,No,No,Yes,No,Month-to-month,No,Electronic check,41.71,936.41,No
customerID-002706,Male,1,No,No,24,No,Yes,DSL,Yes,No,Yes,No,No,No,One year,Yes,Bank transfer (automatic),84.68,572.78,No
customerID-002708,Male,0,No,No,19,Yes,No,DSL,No,No,Yes,No,Yes,No,Month-to-month,Yes,Mailed check,16.47,515.3,No
customerID-002716,Female,0,Yes,No,89,Yes,Yes,Fiber optic,Yes,Yes,Yes,No,No,Yes,Month-to-month,Yes,Credit card (automatic),,233.01,No
customerID-002721,Female,1,No,No,52,Yes,No phone service,DSL,No,No,Yes,Yes,No,No,One year,Yes,Mailed check,80.9,890.65,No
customerID-002723,Male,0,No,No,2,Yes,No phone service,DSL,No,No,Yes,No,No,No,Month-to-month,Yes,Electronic check,75.13,86.41,No
customerID-002724,Female,0,No,No,13,No,No phone service,DSL,No,No,Yes,No,No,No,Month-to-month,Yes,Credit card (automatic),83.86,251.86,No
customerID-002725,Male,0,Yes,No,5,No,No phone service,DSL,Yes,No,Yes,No,No,No,Month-to-month,Yes,Mailed check,16.82,2988.69,No
customerID-002734,Female,0,Yes,No,43,No,No phone service,Fiber optic,No,No,No,No,No,No,Month-to-month,Yes,Mailed check,169.45,335.86,No
customerID-002735,Male,0,No,No,5,Yes,No,DSL,Yes,Yes,Yes,Yes,No,No,Month-to-month,Yes,Mailed check,96.95,1662.46,No
customerID-002738,Female,0,Yes,No,6,No,No,DSL,Yes,No,Yes,No,No,No,Month-to-month,Yes,Mailed check,111.53,343.08,Yes
customerID-002739,Male,1,No,No,3,No,No phone service,DSL,No,Yes,Yes,No,No,No,Month-to-month,No,Mailed check,88.21,2580.88,No
customerID-002748,Male,2,No,No,5,Yes,No phone service,DSL,Yes,No,Yes,No,Yes,Yes,One year,No,Bank transfer (automatic),,533.34,Yes
customerID-002749,Female,1,No,No,6,Yes,No phone service,DSL,No,No,No,No,Yes,No,Month-to-month,No,Mailed check,53.51,849.16,No
customerID-002752,Male,0,No,No,30,No,No phone service,DSL,No,No,No,No,Yes,Yes,Month-to-month,No,Electronic check,107.58,676.93,No
customerID-002753,Male,1,No,No,47,No,No,DSL,No,Yes,Yes,No,Yes,Yes,Month-to-month,No,Credit card (automatic),26.69,971.55,Yes
customerID-002756,Male,0,No,No,65,Yes,No phone service,DSL,Yes,Yes,Yes,No,No,Yes,One year,No,Credit card (automatic),169.45,420.15,No
customerID-002764,Male,0,Yes,No,6,Yes,No phone service,Fiber optic,Yes,No,No,No,Yes,No,One year,No,Mailed check,36.81,524.87,Yes
customerID-002766,Male,1,No,No,21,Yes,No,DSL,Yes,No,No,Yes,No,No,Month-to-month,Yes,Electronic check,64.0,773.82,No
customerID-002769,Male,0,No,No,10,No,No phone service,DSL,Yes,Yes,No,No,No,No,Month-to-month,Yes,Mailed check,48.55,899.39,No
customerID-002770,Female,1,No,No,6,No,No,Fiber optic,Yes,Yes,Yes,No,No,No,Month-to-month,No,Mailed check,120.14,1270.16,No
customerID-002771,Male,0,No,No,,No,No phone service,DSL,Yes,No,Yes,No,No,No,Month-to-month,No,Mailed check,169.45,692.61,Yes
customerID-002772,Male,0,No,No,33,Yes,No phone service,DSL,No,No,No,Yes,Yes,Yes,Month-to-month,Yes,Bank transfer (automatic),24.51,597.65,No
customerID-002778,Female,0,No,No,16,No,No,DSL,No,Yes,Yes,No,No,No,Month-to-month,Yes,Bank transfer (automatic),32.8,156.94,No
customerID-002781,Female,1,No,No,13,No,Yes,Fiber optic,No,Yes,Yes,Yes,No,No,Month-to-month,No,Mailed check,30.8,1594.55,No
customerID-002782,Female,1,Yes,No,2,Yes,Yes,DSL,Yes,No,Yes,No,No,Yes,Month-to-month,Yes,Credit card (automatic),58.29,1005.87,No
customerID-002784,Male,1,No,No,19,Yes,No,DSL,Yes,Yes,No,No,Yes,No,Month-to-month,No,Credit card (automatic),33.53,1431.83,Yes
customerID-002786,Male,0,No,No,4,Yes,No phone service,DSL,Yes,No,Yes,No,No,No,Month-to-month,No,Credit card (automatic),20.94,227.54,No
customerID-002791,Male,1,No,No,10,No,No,Fiber optic,No,No,Yes,Yes,Yes,No,Month-to-month,No,Credit card (automatic),33.38,529.39,No
customerID-002797,Female,2,No,No,48,No,No,DSL,Yes,No,Yes,No,No,Yes,Month-to-month,Yes,Electronic check,62.98,200.74,No
customerID-002798,Male,0,No,No,19,No,No,DSL,No,Yes,Yes,Yes,Yes,No,One year,Yes,Bank transfer (automatic),46.67,773.85,No
customerID-002800,Female,0,No,No,16,No,No phone service,DSL,Yes,Yes,Yes,No,No,Yes,One year,Yes,Credit card (automatic),,230.95,No
customerID-002807,Male,1,Yes,No,19,Yes,Yes,DSL,No,Yes,Yes,No,No,No,One year,No,Mailed check,20.01,405.19,Yes
customerID-002808,Female,0,No,No,11,No,No,DSL,No,No,Yes,No,No,No,Month-to-month,Yes,Bank transfer (automatic),58.86,1014.27,No
customerID-002810,Male,0,No,No,5,No,No phone service,Fiber optic,Yes,No,Yes,No,No,No,One year,Yes,Electronic check,41.63,1349.64,No
customerID-002812,Male,0,No,No,14,Yes,No phone service,Fiber optic,Yes,Yes,No,No,No,No,Month-to-month,No,Bank transfer (automatic),60.03,249.19,No
customerID-002814,Female,0,No,No,12,Yes,Yes,DSL,No,No,No,No,No,No,Month-to-month,Yes,Mailed check,,571.34,No
customerID-002816,Female,1,No,No,36,No,No phone service,DSL,Yes,Yes,Yes,No,No,No,Month-to-month,Yes,Mailed check,22.14,407.15,No
customerID-002817,Male,2,No,No,,Yes,No phone service,DSL,Yes,No,Yes,No,Yes,No,One year,Yes,Bank transfer (automatic),41.22,2004.3,No
customerID-002819,Female,0,No,No,9,Yes,No phone service,DSL,No,No,No,No,No,Yes,Month-to-month,Yes,Mailed check,69.88,2283.15,No
customerID-002821,Female,0,Yes,No,10,Yes,No phone service,Fiber optic,Yes,Yes,Yes,No,Yes,No,One year,Yes,Mailed check,42.37,815.04,Yes
customerID-002825,Male,0,No,No,4,Yes,No,DSL,No,Yes,No,No,No,No,One year,Yes,Mailed check,48.98,277.84,No
customerID-002827,Male,0,No,No,31,Yes,Yes,DSL,Yes,No,Yes,Yes,Yes,No,One year,Yes,Electronic check,44.33,1887.42,Yes
customerID-002828,Male,0,No,No,7,No,No phone service,DSL,No,No,No,No,No,No,One year,No,Credit card (automatic),81.32,1240.55,No
customerID-002835,Female,2,No,No,35,Yes,No,DSL,Yes,No,No,Yes,Yes,No,Month-to-month,Yes,Bank transfer (automatic),35.08,303.98,No
customerID-002841,Female,0,Yes,No,12,Yes,No,DSL,Yes,Yes,Yes,Yes,Yes,Yes,Month-to-month,No,Electronic check,52.75,231.38,No
customerID-002842,Male,0,No,No,10,Yes,No,DSL,No,No,Yes,No,No,Yes,Month-to-month,Yes,Mailed check,,458.53,No
customerID-002845,Male,1,No,No,29,No,No phone service,DSL,Yes,No,No,No,No,No,One year,No,Mailed check,104.88,396.21,Yes
customerID-002850,Female,2,Yes,No,9,Yes,Yes,DSL,Yes,Yes,Yes,Yes,Yes,No,Month-to-month,Yes,Mailed check,92.52,3553.82,No
customerID-002851,Male,1,Yes,No,19,Yes,No phone service,DSL,Yes,No,Yes,Yes,No,Yes,Month-to-month,No,Bank transfer (automatic),84.67,584.16,No
customerID-002855,Male,1,Yes,No,17,Yes,No phone service,Fiber optic,Yes,No,No,Yes,No,No,One year,No,Mailed check,49.45,1416.54,No
customerID-002856,Male,1,No,No,69,No,No phone service,DSL,Yes,No,No,No,No,Yes,One year,No,Electronic check,106.86,992.84,No
customerID-002857,Male,0,Yes,No,89,No,No phone service,Fiber optic,No,No,Yes,Yes,No,Yes,One year,Yes,Mailed check,49.09,227.02,No
customerID-002858,Male,1,No,No,12,No,No phone service,Fiber optic,No,No,Yes,No,No,No,One year,No,Credit card (automatic),43.23,2442.5,Yes
customerID-002859,Male,0,No,No,13,Yes,No,DSL,Yes,Yes,No,Yes,No,No,One year,Yes,Electronic check,99.68,1121.49,No
customerID-002865,Female,0,No,No,7,No,No,DSL,Yes,No,No,No,No,Yes,One year,Yes,Electronic check,72.43,713.58,Yes
customerID-002866,Male,0,No,No,7,Yes,No phone service,DSL,Yes,Yes,No,No,No,No,Month-to-month,Yes,Mailed check,95.97,745.06,No
customerID-002867,Female,1,No,No,6,Yes,No phone service,Fiber optic,Yes,No,Yes,No,No,No,Month-to-month,No,Mailed check,47.85,1449.19,No
customerID-002874,Male,1,No,No,,Yes,No,Fiber optic,No,Yes,No,No,No,No,One year,No,Mailed check,63.1,678.3,No
customerID-002876,Male,0,No,No,17,Yes,No,Fiber optic,Yes,Yes,Yes,No,No,Yes,Month-to-month,Yes,Electronic check,18.03,663.55,No
customerID-002881,Female,0,Yes,No,5,No,No phone service,DSL,Yes,No,Yes,No,No,Yes,Month-to-month,No,Electronic check,50.06,428.81,No
customerID-002884,Male,1,No,No,,Yes,No phone service,DSL,No,Yes,Yes,No,No,No,One year,Yes,Mailed check,39.86,552.27,No
customerID-002885,Male,2,No,No,15,Yes,No phone service,DSL,Yes,Yes,Yes,No,Yes,Yes,One year,Yes,Mailed check,15.25,235.37,No
customerID-002886,Male,0,No,No,6,Yes,No,DSL,No,Yes,Yes,No,No,No,One year,Yes,Credit card (automatic),26.49,1081.52,No
customerID-002893,Male,0,No,No,20,Yes,Yes,DSL,No,No,No,No,Yes,No,Month-to-month,Yes,Credit card (automatic),30.31,1405.83,No
customerID-002894,Male,1,No,No,10,No,No,DSL,No,Yes,No,No,No,No,One year,Yes,Electronic check,110.33,457.05,No
customerID-002895,Male,1,Yes,No,10,No,Yes,DSL,No,Yes,Yes,No,No,No,One year,No,Credit card (automatic),35.75,758.6,No
customerID-002901,Female,1,No,No,14,Yes,No,DSL,No,Yes,Yes,Yes,No,No,Month-to-month,No,Electronic check,,179.26,No
customerID-002903,Female,0,Yes,No,23,No,No,DSL,Yes,Yes,No,No,No,No,One year,Yes,Mailed check,,2041.52,No
customerID-002904,Male,0,Yes,No,17,No,No,Fiber optic,Yes,No,Yes,Yes,No,No,One year,Yes,Credit card (automatic),,2503.43,Yes
customerID-002908,Female,0,No,No,4,Yes,No,DSL,No,No,No,Yes,No,No,One year,Yes,Mailed check,73.09,781.44,No
customerID-002909,Female,0,No,No,14,Yes,No phone service,DSL,Yes,Yes,Yes,Yes,No,No,One year,No,Mailed check,87.24,411.42,No
customerID-002910,Female,1,Yes,No,5,Yes,No phone service,DSL,No,Yes,No,Yes,No,No,One year,No,Mailed check,37.58,251.97,No
customerID-002914,Male,1,No,No,5,Yes,No phone service,Fiber optic,No,No,Yes,No,Yes,No,Month-to-month,No,Credit card (automatic),169.45,1377.66,No
customerID-002915,Male,1,No,No,2,Yes,No phone service,Fiber optic,Yes,Yes,No,No,Yes,No,One year,No,Credit card (automatic),46.95,168.54,No
customerID-002918,Male,1,No,No,20,Yes,No,Fiber optic,Yes,Yes,No,No,No,No,One year,Yes,Mailed check,36.16,533.99,No
customerID-002921,Male,0,No,No,1,Yes,No phone service,DSL,Yes,Yes,Yes,No,Yes,No,One year,Yes,Mailed check,45.08,1117.89,No
customerID-002923,Female,0,No,No,11,Yes,No phone service,Fiber optic,Yes,Yes,Yes,No,Yes,No,Month-to-month,No,Mailed check,,549.74,No
customerID-002928,Female,2,No,No,10,Yes,No phone service,DSL,Yes,No,No,No,Yes,No,Month-to-month,Yes,Bank transfer (automatic),60.22,306.59,No
customerID-002929,Female,3,Yes,No,2,Yes,No phone service,DSL,No,No,Yes,No,No,No,Month-to-month,Yes,Mailed check,134.42,862.69,No
customerID-002931,Male,0,No,No,3,Yes,No phone service,DSL,Yes,No,No,No,No,No,One year,Yes,Electronic check,,3277.21,No
customerID-002938,Male,0,No,No,5,No,No,DSL,Yes,No,No,No,Yes,No,Month-to-month,Yes,Bank transfer (automatic),52.64,88.77,No
customerID-002939,Female,0,No,No,32,Yes,No,Fiber optic,Yes,No,Yes,No,No,Yes,One year,Yes,Electronic check,133.19,503.86,No
customerID-002940,Male,0,Yes,No,50,Yes,Yes,DSL,Yes,No,Yes,No,Yes,Yes,Month-to-month,Yes,Electronic check,62.63,653.77,Yes
customerID-002941,Female,0,No,No,10,No,No phone service,DSL,Yes,No,Yes,Yes,No,Yes,One year,Yes,Electronic check,11.38,1712.76,No
customerID-002946,Male,0,No,No,10,Yes,No,DSL,No,No,No,No,No,No,One year,Yes,Credit card (automatic),28.71,2190.6,No
customerID-002947,Male,0,No,No,28,No,No,DSL,Yes,No,Yes,No,No,No,Month-to-month,Yes,Mailed check,41.32,487.95,No
customerID-002954,Male,2,Yes,No,4,No,No phone service,DSL,Yes,Yes,Yes,No,No,No,Month-to-month,Yes,Mailed check,16.0,1221.07,No
customerID-002961,Male,0,No,No,12,Yes,No,DSL,No,No,Yes,No,Yes,No,Month-to-month,Yes,Bank transfer (automatic),64.57,1209.95,No
customerID-002969,Female,0,No,No,13,No,No phone service,DSL,Yes,No,Yes,No,No,No,Month-to-month,Yes,Credit card (automatic),35.62,2315.56,Yes
customerID-002973,Female,1,No,No,5,Yes,No phone service,Fiber optic,Yes,No,Yes,No,No,No,One year,Yes,Electronic check,,1156.87,No
customerID-002974,Male,0,Yes,No,7,Yes,No phone service,DSL,Yes,Yes,No,No,No,No,Month-to-month,No,Credit card (automatic),169.45,3749.15,No
customerID-002980,Female,1,No,No,4,Yes,No phone service,DSL,No,Yes,Yes,No,No,Yes,One year,Yes,Bank transfer (automatic),38.94,595.1,No
customerID-002987,Female,2,No,No,9,No,No phone service,DSL,Yes,No,No,No,Yes,No,Month-to-month,No,Credit card (automatic),,1035.98,No
customerID-002988,Male,0,Yes,No,43,No,No phone service,DSL,Yes,Yes,No,No,No,No,Month-to-month,Yes,Electronic check,47.84,682.05,No
customerID-002990,Male,3,No,No,,No,No,Fiber optic,No,Yes,Yes,No,No,Yes,One year,No,Bank transfer (automatic),68.08,2269.43,No
customerID-002992,Male,0,No,No,13,No,No,DSL,No,No,Yes,No,No,Yes,Month-to-month,No,Electronic check,84.48,1860.62,No
customerID-002993,Female,0,No,No,17,No,Yes,DSL,Yes,Yes,No,No,No,Yes,Month-to-month,Yes,Credit card (automatic),33.63,673.72,No
customerID-002994,Female,1,No,No,18,Yes,Yes,Fiber optic,No,Yes,Yes,No,No,Yes,One year,No,Electronic check,42.18,2140.37,No
customerID-002997,Female,0,No,No,28,Yes,No phone service,DSL,Yes,No,No,No,No,No,One year,Yes,Credit card (automatic),41.66,1382.46,No
customerID-002999,Male,0,No,No,13,Yes,No,DSL,No,No,No,No,No,Yes,Month-to-month,No,Electronic check,69.81,176.78,No
customerID-003000,Male,0,Yes,No,18,Yes,No phone service,DSL,Yes,No,No,No,Yes,Yes,Month-to-month,Yes,Mailed check,26.9,1210.33,No
customerID-003002,Male,0,No,No,58,No,No,Fiber optic,Yes,No,No,No,No,No,Month-to-month,No,Mailed check,26.79,789.19,No
customerID-003005,Female,0,No,No,5,No,No,DSL,No,No,No,No,No,Yes,Month-to-month,No,Mailed check,28.1,3749.15,No
customerID-003010,Male,0,Yes,No,7,No,No phone service,Fiber optic,Yes,Yes,Yes,Yes,No,Yes,Month-to-month,Yes,Mailed check,58.22,1237.51,No
customerID-003011,Female,0,No,No,5,No,Yes,DSL,Yes,Yes,Yes,Yes,No,No,Month-to-month,Yes,Mailed check,169.45,384.33,No
customerID-003012,Female,0,No,No,9,Yes,Yes,Fiber optic,No,No,Yes,No,No,No,One year,No,Credit card (automatic),25.82,307.34,No
customerID-003015,Female,0,No,No,30,Yes,Yes,DSL,Yes,No,Yes,No,No,No,Month-to-month,Yes,Mailed check,140.12,666.46,No
customerID-003017,Male,1,Yes,No,5,Yes,No phone service,Fiber optic,Yes,Yes,Yes,No,No,Yes,Month-to-month,Yes,Electronic check,42.26,241.99,No
customerID-003019,Female,2,No,No,51,No,No,DSL,Yes,Yes,Yes,No,Yes,No,One year,Yes,Electronic check,22.53,621.58,No
customerID-003021,Female,1,No,No,1,No,No,DSL,Yes,No,Yes,No,No,No,One year,Yes,Mailed check,36.01,1217.31,No
customerID-003029,Male,1,No,No,0,Yes,No,Fiber optic,Yes,No,No,No,Yes,No,One year,No,Mailed check,83.52,3749.15,No
customerID-003030,Female,0,Yes,No,10,Yes,No,DSL,Yes,No,No,No,No,Yes,Month-to-month,No,Mailed check,53.65,71.6,No
customerID-003034,Female,0,No,No,9,Yes,No phone service,DSL,Yes,Yes,Yes,No,Yes,No,One year,Yes,Credit card (automatic),38.09,586.8,No
customerID-003035,Female,0,No,No,7,No,No,DSL,Yes,Yes,No,No,Yes,Yes,Month-to-month,No,Electronic check,,108.47,No
customerID-003036,Male,0,No,No,27,Yes,No phone service,DSL,No,Yes,No,No,Yes,No,Month-to-month,Yes,Credit card (automatic),73.03,239.45,No
customerID-003037,Male,0,No,No,2,Yes,Yes,DSL,Yes,No,Yes,No,No,No,Month-to-month,No,Mailed check,13.82,537.27,No
customerID-003041,Female,0,No,No,14,Yes,No phone service,DSL,Yes,No,Yes,Yes,No,No,Month-to-month,Yes,Mailed check,27.45,991.19,No
customerID-003044,Male,0,Yes,No,12,No,Yes,DSL,No,Yes,Yes,Yes,No,No,Month-to-month,Yes,Mailed check,34.19,421.38,Yes
customerID-003049,Male,3,Yes,No,4,Yes,No phone service,Fiber optic,Yes,No,Yes,No,No,Yes,One year,Yes,Bank transfer (automatic),28.53,922.3,No
customerID-003059,Female,0,Yes,No,21,Yes,No,DSL,No,Yes,No,No,No,No,Month-to-month,No,Mailed check,63.9,1675.23,No
customerID-003060,Male,1,No,No,19,No,No,DSL,Yes,No,No,No,No,No,One year,Yes,Electronic check,29.88,1148.75,Yes
customerID-003061,Female,0,No,No,8,No,Yes,DSL,Yes,No,No,No,No,Yes,One year,Yes,Credit card (automatic),23.22,938.53,No
customerID-003062,Male,0,No,No,6,Yes,Yes,Fiber optic,No,No,No,No,No,No,Month-to-month,No,Credit card (automatic),47.58,2813.38,No
customerID-003065,Female,0,No,No,2,No,No phone service,DSL,No,Yes,Yes,No,Yes,No,One year,Yes,Mailed check,57.73,1535.17,No
customerID-003066,Female,1,No,No,4,Yes,No,DSL,Yes,No,Yes,No,No,Yes,One year,Yes,Bank transfer (automatic),53.95,207.9,No
customerID-003067,Male,0,No,No,8,No,Yes,DSL,No,No,No,No,No,No,Month-to-month,Yes,Electronic check,102.38,189.6,No
customerID-003072,Female,0,Yes,No,8,Yes,No phone service,DSL,No,Yes,No,No,No,No,Month-to-month,No,Credit card (automatic),35.19,410.33,No
customerID-003075,Male,0,No,No,7,No,No,Fiber optic,No,No,Yes,No,No,Yes,Month-to-month,No,Credit card (automatic),20.98,177.78,No
customerID-003078,Male,0,No,No,7,No,No phone service,DSL,No,No,No,No,Yes,No,Month-to-month,No,Mailed check,61.82,1113.72,Yes
customerID-003086,Male,2,Yes,No,33,Yes,Yes,Fiber optic,Yes,Yes,Yes,No,No,No,One year,Yes,Bank transfer (automatic),47.67,598.39,No
customerID-003087,Female,1,No,No,30,No,Yes,Fiber optic,Yes,Yes,No,Yes,No,No,One year,Yes,Electronic check,133.99,1631.49,No
customerID-003088,Female,0,No,No,6,No,No phone service,DSL,Yes,Yes,No,No,No,No,Month-to-month,No,Credit card (automatic),,1502.64,No
customerID-003095,Female,0,No,No,9,Yes,No phone service,DSL,No,Yes,Yes,No,No,Yes,Month-to-month,Yes,Credit card (automatic),66.64,3749.15,No
customerID-003097,Male,0,No,No,25,No,No,DSL,Yes,Yes,No,Yes,Yes,No,Month-to-month,No,Electronic check,75.59,1955.11,No
customerID-003101,Male,0,No,No,63,Yes,No phone service,DSL,Yes,No,No,No,No,No,One year,Yes,Credit card (automatic),167.81,2694.24,No
customerID-003104,Female,1,No,No,8,No,No phone service,DSL,No,Yes,Yes,No,No,No,Month-to-month,Yes,Mailed check,41.42,998.01,No
customerID-003107,Male,1,No,No,12,No,No phone service,DSL,Yes,No,Yes,Yes,Yes,No,Month-to-month,Yes,Credit card (automatic),42.48,2202.23,No
customerID-003111,Female,1,No,No,12,No,No phone service,DSL,Yes,Yes,Yes,No,Yes,No,Month-to-month,Yes,Bank transfer (automatic),61.01,403.81,No
customerID-003112,Male,1,No,No,3,Yes,No phone service,DSL,No,No,Yes,No,No,No,One year,Yes,Mailed check,74.41,1305.34,No
customerID-003113,Female,0,No,No,10,No,Yes,DSL,Yes,No,Yes,No,Yes,No,Month-to-month,No,Mailed check,44.38,316.29,No
customerID-003114,Female,0,Yes,No,23,Yes,No,Fiber optic,No,Yes,No,No,Yes,Yes,Month-to-month,No,Electronic check,51.89,326.99,No
customerID-003121,Male,2,Yes,No,20,Yes,No phone service,DSL,No,No,Yes,No,No,No,One year,Yes,Electronic check,45.76,1455.9,No
customerID-003123,Male,2,No,No,5,Yes,No phone service,DSL,Yes,No,Yes,Yes,No,No,One year,No,Credit card (automatic),27.01,360.81,No
customerID-003130,Female,0,No,No,10,Yes,No phone service,DSL,Yes,No,No,No,No,No,One year,Yes,Mailed check,67.57,770.98,No
customerID-003133,Male,0,Yes,No,89,Yes,Yes,DSL,No,Yes,Yes,No,No,No,Month-to-month,Yes,Mailed check,17.98,337.87,Yes
customerID-003134,Male,0,No,No,,No,Yes,DSL,Yes,No,Yes,No,No,No,One year,No,Mailed check,82.94,841.13,Yes
customerID-003136,Female,0,No,No,5,No,No phone service,DSL,No,Yes,No,Yes,No,No,Month-to-month,Yes,Bank transfer (automatic),44.87,738.01,No
customerID-003140,Male,0,No,No,26,Yes,No,DSL,No,Yes,No,Yes,No,No,One year,Yes,Credit card (automatic),80.08,1372.3,No
customerID-003143,Male,0,No,No,12,No,No phone service,Fiber optic,Yes,No,Yes,No,No,No,One year,Yes,Mailed check,94.94,137.15,Yes
customerID-003145,Female,0,No,No,14,Yes,No phone service,DSL,Yes,Yes,Yes,Yes,No,No,Month-to-month,No,Mailed check,,165.52,No
customerID-003147,Female,0,No,No,2,No,No,DSL,No,No,No,No,No,No,Month-to-month,Yes,Mailed check,148.93,412.29,No
customerID-003148,Female,0,No,No,12,Yes,No,DSL,No,No,Yes,No,Yes,Yes,One year,Yes,Mailed check,28.2,306.39,No
customerID-003149,Female,0,No,No,22,Yes,Yes,DSL,No,No,No,Yes,No,Yes,One year,No,Electronic check,69.08,64.65,No
customerID-003150,Female,0,Yes,No,41,Yes,No,DSL,No,No,Yes,Yes,No,No,One year,No,Mailed check,24.29,130.21,No
customerID-003152,Male,1,No,No,2,Yes,No,Fiber optic,Yes,No,Yes,Yes,No,No,Month-to-month,Yes,Bank transfer (automatic),25.8,466.52,No
customerID-003158,Male,0,No,No,22,No,No phone service,DSL,No,Yes,Yes,No,No,No,One year,No,Electronic check,39.15,120.16,No
customerID-003160,Male,1,No,No,10,Yes,No phone service,DSL,No,No,No,No,No,No,One year,No,Mailed check,18.46,242.96,No
customerID-003161,Male,0,Yes,No,5,No,No phone service,DSL,Yes,No,Yes,No,No,Yes,Month-to-month,No,Electronic check,46.16,1267.48,No
customerID-003162,Male,1,Yes,No,7,Yes,No,DSL,Yes,Yes,Yes,No,No,No,Month-to-month,No,Mailed check,47.76,602.27,Yes
customerID-003164,Female,1,No,No,20,Yes,No,DSL,No,Yes,No,No,Yes,No,One year,Yes,Bank transfer (automatic),30.04,414.81,No
customerID-003167,Male,0,No,No,15,No,No phone service,DSL,Yes,Yes,Yes,No,No,No,Month-to-month,No,Mailed check,36.69,116.03,No
customerID-003173,Female,1,No,No,4,No,No,Fiber optic,No,Yes,No,No,No,Yes,Month-to-month,Yes,Mailed check,22.58,316.25,No
customerID-003179,Male,1,Yes,No,2,Yes,No phone service,DSL,Yes,No,Yes,Yes,No,No,One year,Yes,Bank transfer (automatic),25.5,1672.66,No
customerID-003188,Male,2,No,No,11,Yes,Yes,DSL,Yes,Yes,No,Yes,No,No,One year,No,Electronic check,58.39,121.79,Yes
customerID-003191,Male,0,Yes,No,9,No,No phone service,Fiber optic,Yes,No,Yes,Yes,No,No,Month-to-month,Yes,Credit card (automatic),169.45,837.38,No
customerID-003196,Female,1,No,No,11,Yes,No phone service,DSL,Yes,Yes,Yes,Yes,No,No,One year,Yes,Mailed check,63.26,455.25,No
customerID-003198,Male,1,No,No,6,Yes,No phone service,DSL,No,Yes,Yes,Yes,Yes,No,Month-to-month,Yes,Bank transfer (automatic),21.56,2851.52,No
customerID-003200,Male,0,No,No,21,No,Yes,DSL,No,Yes,Yes,Yes,Yes,No,Month-to-month,Yes,Electronic check,25.09,1852.23,No
customerID-003205,Female,1,No,No,29,Yes,Yes,DSL,No,No,No,No,No,No,Month-to-month,No,Mailed check,51.9,1247.71,No
customerID-003210,Male,0,No,No,25,No,No,DSL,Yes,No,Yes,Yes,Yes,No,Month-to-month,Yes,Electronic check,,374.29,No
customerID-003211,Male,1,Yes,No,8,Yes,No,Fiber optic,Yes,No,Yes,No,No,No,Month-to-month,Yes,Credit card (automatic),143.86,147.28,No
customerID-003217,Male,0,No,No,6,Yes,Yes,DSL,Yes,No,Yes,No,Yes,Yes,Month-to-month,Yes,Bank transfer (automatic),68.09,830.94,No
customerID-003223,Female,0,Yes,No,8,Yes,No phone service,DSL,Yes,No,Yes,Yes,Yes,Yes,Month-to-month,Yes,Electronic check,42.01,2075.41,No
customerID-003228,Male,0,No,No,40,No,No,DSL,No,No,No,No,Yes,Yes,One year,No,Credit card (automatic),11.0,679.35,No
customerID-003233,Female,1,No,No,5,No,No phone service,DSL,No,No,No,No,No,No,Month-to-month,Yes,Credit card (automatic),76.98,319.11,No
customerID-003235,Female,0,No,No,64,No,No phone service,DSL,No,Yes,Yes,No,No,No,Month-to-month,Yes,Electronic check,82.76,914.37,No
customerID-003237,Female,1,No,No,11,Yes,No,DSL,Yes,Yes,Yes,No,No,Yes,Month-to-month,Yes,Credit card (automatic),80.62,577.15,No
customerID-003239,Male,0,Yes,No,12,No,Yes,Fiber optic,Yes,No,No,Yes,No,No,Month-to-month,No,Credit card (automatic),75.5,975.69,No
customerID-003240,Male,0,No,No,2,Yes,No,DSL,Yes,No,No,Yes,No,No,Month-to-month,No,Mailed check,43.15,376.39,No
customerID-003243,Female,0,No,No,,Yes,No phone service,DSL,Yes,No,No,No,No,Yes,One year,Yes,Mailed check,46.76,310.44,No
customerID-003247,Male,2,No,No,33,No,Yes,DSL,No,No,Yes,No,Yes,No,One year,Yes,Credit card (automatic),25.51,2183.56,No
customerID-003258,Male,1,Yes,No,0,No,No,Fiber optic,Yes,No,No,Yes,No,Yes,Month-to-month,Yes,Bank transfer (automatic),54.91,496.62,Yes
customerID-003263,Female,0,Yes,No,4,No,No,DSL,No,No,No,No,No,No,One year,No,Bank transfer (automatic),68.97,694.64,Yes
customerID-003264,Female,0,No,No,24,Yes,No,DSL,No,No,Yes,No,No,No,Month-to-month,No,Electronic check,32.25,1300.95,Yes
customerID-003265,Male,0,No,No,5,No,Yes,DSL,Yes,No,Yes,No,Yes,No,Month-to-month,No,Electronic check,35.44,362.94,No
customerID-003267,Male,1,No,No,2,Yes,No phone service,DSL,No,Yes,Yes,No,No,No,One year,No,Bank transfer (automatic),53.57,2711.91,No
customerID-003270,Male,1,No,No,8,Yes,No,Fiber optic,Yes,Yes,Yes,No,Yes,No,Month-to-month,Yes,Credit card (automatic),31.92,1841.12,No
customerID-003273,Male,0,No,No,9,No,No phone service,DSL,No,No,No,Yes,No,Yes,Month-to-month,Yes,Mailed check,76.55,1694.36,No
customerID-003275,Male,1,Yes,No,18,No,Yes,DSL,Yes,No,Yes,No,Yes,No,One year,No,Electronic check,98.17,938.8,No
customerID-003280,Male,0,No,No,3,Yes,No,DSL,No,No,Yes,Yes,Yes,No,One year,Yes,Bank transfer (automatic),,626.9,No
customerID-003284,Female,0,Yes,No,7,Yes,No phone service,DSL,Yes,Yes,No,No,No,No,Month-to-month,No,Mailed check,52.09,736.94,Yes
customerID-003288,Female,0,No,No,5,No,No phone service,DSL,Yes,No,No,No,No,No,Month-to-month,Yes,Mailed check,,585.69,Yes
customerID-003289,Male,0,No,No,32,Yes,Yes,DSL,No,No,No,No,Yes,No,One year,Yes,Mailed check,50.17,187.55,No
customerID-003291,Male,0,Yes,No,24,Yes,No,DSL,Yes,No,No,No,No,Yes,One year,Yes,Credit card (automatic),69.52,450.05,Yes
customerID-003292,Female,0,No,No,19,No,No phone service,Fiber optic,Yes,Yes,Yes,No,No,No,One year,Yes,Bank transfer (automatic),49.58,587.45,No
customerID-003294,Male,0,No,No,8,Yes,Yes,DSL,No,No,Yes,No,No,No,Month-to-month,No,Credit card (automatic),31.05,160.98,No
customerID-003295,Female,0,No,No,8,Yes,No,DSL,No,No,No,No,No,No,One year,No,Mailed check,44.85,185.3,No
customerID-003298,Male,0,No,No,7,No,No,DSL,No,Yes,Yes,No,Yes,No,Month-to-month,Yes,Credit card (automatic),45.09,3749.15,No
customerID-003305,Male,1,No,No,4,No,No,Fiber optic,No,No,Yes,No,No,No,Month-to-month,No,Mailed check,,3262.07,No
customerID-003307,Female,0,Yes,No,5,Yes,No phone service,Fiber optic,No,Yes,Yes,No,No,Yes,One year,Yes,Mailed check,23.8,625.57,No
customerID-003308,Female,0,No,No,16,No,No phone service,DSL,Yes,No,Yes,No,No,No,Month-to-month,Yes,Credit card (automatic),104.41,1280.62,No
customerID-003309,Male,0,No,No,5,Yes,No,DSL,Yes,No,Yes,Yes,Yes,No,Month-to-month,No,Credit card (automatic),13.08,2082.77,No
customerID-003310,Female,0,No,No,16,Yes,No,DSL,Yes,Yes,Yes,No,No,No,One year,Yes,Bank transfer (automatic),38.9,490.69,No
customerID-003313,Female,0,No,No,32,No,No phone service,DSL,No,No,Yes,Yes,No,Yes,Month-to-month,Yes,Mailed check,68.1,1738.49,No
customerID-003314,Male,0,No,No,9,No,No,Fiber optic,Yes,No,Yes,Yes,Yes,No,Month-to-month,Yes,Mailed check,41.0,749.68,No
customerID-003316,Male,0,Yes,No,11,Yes,No,Fiber optic,Yes,No,No,No,Yes,No,One year,No,Mailed check,32.34,308.82,No
customerID-003321,Male,1,No,No,5,Yes,Yes,DSL,Yes,No,No,No,No,No,One year,No,Credit card (automatic),43.52,1047.22,No
customerID-003322,Male,1,No,No,8,Yes,No,DSL,No,No,No,Yes,No,No,Month-to-month,Yes,Electronic check,,1645.32,No
customerID-003323,Male,0,No,No,4,No,No,DSL,No,No,Yes,Yes,Yes,Yes,Month-to-month,Yes,Electronic check,38.99,768.5,No
customerID-003326,Female,0,Yes,No,23,No,No,Fiber optic,No,Yes,Yes,Yes,No,No,One year,No,Bank transfer (automatic),,299.26,No
customerID-003330,Female,1,No,No,35,No,No phone service,DSL,Yes,No,No,No,No,Yes,Month-to-month,Yes,Bank transfer (automatic),15.39,343.47,No
customerID-003332,Male,1,No,No,,Yes,No phone service,DSL,Yes,No,No,No,Yes,No,Month-to-month,No,Mailed check,60.08,1778.0,No
customerID-003334,Female,1,No,No,5,No,No phone service,DSL,Yes,Yes,No,No,Yes,No,Month-to-month,Yes,Credit card (automatic),33.83,1242.63,No
customerID-003335,Male,0,No,No,10,Yes,Yes,Fiber optic,Yes,Yes,Yes,No,No,No,Month-to-month,Yes,Credit card (automatic),48.08,470.22,No
customerID-003338,Female,0,No,No,27,No,Yes,DSL,No,Yes,Yes,Yes,No,Yes,Month-to-month,Yes,Bank transfer (automatic),52.12,351.26,Yes
customerID-003339,Male,0,Yes,No,6,No,Yes,DSL,Yes,No,No,No,No,Yes,One year,Yes,Electronic check,49.16,410.65,Yes
customerID-003340,Male,0,No,No,42,Yes,No phone service,DSL,Yes,Yes,Yes,Yes,No,Yes,One year,Yes,Mailed check,46.84,576.43,No
customerID-003349,Male,3,No,No,5,Yes,No,DSL,Yes,No,Yes,No,No,No,One year,No,Mailed check,41.37,847.81,No
customerID-003350,Female,0,No,No,5,Yes,No,DSL,No,No,Yes,No,No,Yes,Month-to-month,Yes,Credit card (automatic),35.02,3749.15,No
customerID-003351,Male,1,No,No,18,No,No phone service,DSL,No,Yes,Yes,No,Yes,No,Month-to-month,Yes,Electronic check,,241.17,No
customerID-003353,Male,0,No,No,36,No,Yes,DSL,Yes,No,Yes,No,No,No,Month-to-month,No,Mailed check,43.07,1171.62,No
customerID-003354,Female,1,No,No,5,Yes,No,Fiber optic,No,No,Yes,No,Yes,No,Month-to-month,Yes,Credit card (automatic),32.63,412.67,No
customerID-003355,Female,0,No,No,23,Yes,Yes,Fiber optic,Yes,No,Yes,No,Yes,No,One year,Yes,Credit card (automatic),109.43,583.86,No
customerID-003358,Female,0,No,No,39,No,Yes,DSL,Yes,No,Yes,No,No,No,One year,No,Credit card (automatic),33.92,184.96,Yes
customerID-003370,Male,0,No,No,4,No,No,DSL,No,No,Yes,No,No,No,Month-to-month,No,Mailed check,46.44,733.86,No
customerID-003371,Female,0,Yes,No,13,No,No,DSL,Yes,Yes,Yes,No,Yes,No,One year,No,Credit card (automatic),20.02,446.35,No
customerID-003372,Male,0,Yes,No,1,Yes,No phone service,Fiber optic,Yes,Yes,No,No,Yes,No,One year,No,Mailed check,140.81,964.0,No
customerID-003375,Male,0,Yes,No,,Yes,Yes,DSL,Yes,No,Yes,No,No,No,One year,No,Electronic check,84.41,546.69,Yes
customerID-003376,Male,1,No,No,9,No,No phone service,DSL,Yes,Yes,Yes,No,Yes,No,One year,No,Bank transfer (automatic),67.86,69.88,No
customerID-003378,Female,0,No,No,25,Yes,Yes,DSL,Yes,No,No,No,No,Yes,One year,No,Mailed check,85.67,2206.27,No
customerID-003381,Female,0,No,No,14,Yes,No phone service,DSL,No,Yes,No,No,No,No,One year,No,Credit card (automatic),24.39,965.45,No
customerID-003382,Female,0,Yes,No,6,No,No phone service,DSL,No,No,No,No,Yes,Yes,Month-to-month,No,Mailed check,23.8,871.16,Yes
customerID-003387,Male,0,No,No,9,Yes,No phone service,DSL,Yes,No,No,No,No,Yes,Month-to-month,Yes,Electronic check,29.0,1500.77,No
customerID-003388,Male,1,No,No,,Yes,No,DSL,Yes,No,Yes,No,Yes,No,Month-to-month,Yes,Electronic check,31.13,578.17,No
customerID-003391,Female,1,No,No,4,No,No phone service,DSL,No,Yes,No,No,No,No,Month-to-month,Yes,Bank transfer (automatic),68.64,188.37,No
customerID-003392,Male,0,Yes,No,5,Yes,No,Fiber optic,Yes,Yes,Yes,No,No,No,One year,No,Electronic check,,1858.8,No
customerID-003394,Male,1,No,No,26,Yes,Yes,DSL,No,Yes,No,Yes,Yes,No,One year,Yes,Mailed check,44.57,1195.13,No
customerID-003395,Female,2,No,No,14,Yes,No,DSL,Yes,Yes,No,No,No,No,One year,Yes,Mailed check,15.11,134.76,No
customerID-003396,Female,0,No,No,41,Yes,No phone service,Fiber optic,Yes,No,Yes,No,No,No,One year,No,Credit card (automatic),,729.76,No
customerID-003397,Female,0,No,No,15,No,No,DSL,No,No,Yes,No,No,Yes,Month-to-month,No,Bank transfer (automatic),160.06,652.41,No
customerID-003398,Female,0,No,No,7,Yes,Yes,DSL,No,Yes,Yes,No,No,Yes,Month-to-month,Yes,Electronic check,63.77,475.27,No
customerID-003399,Male,0,Yes,No,2,Yes,No,DSL,No,Yes,No,No,No,Yes,Month-to-month,No,Credit card (automatic),67.58,3749.15,No
customerID-003402,Male,0,No,No,15,No,No,DSL,Yes,No,No,No,No,No,Month-to-month,Yes,Mailed check,30.34,1978.2,No
customerID-003405,Female,1,No,No,8,No,Yes,DSL,No,Yes,Yes,No,Yes,Yes,One year,Yes,Mailed check,41.79,3749.15,No
customerID-003406,Male,1,No,No,4,Yes,Yes,DSL,Yes,Yes,Yes,No,No,Yes,One year,Yes,Mailed check,14.43,229.05,No
customerID-003408,Male,1,No,No,6,Yes,No phone service,DSL,No,Yes,Yes,Yes,No,Yes,One year,Yes,Bank transfer (automatic),89.96,241.06,No
customerID-003410,Male,0,No,No,24,Yes,No phone service,DSL,No,No,No,No,No,Yes,One year,No,Mailed check,15.11,905.83,No
customerID-003416,Female,1,No,No,1,Yes,No phone service,Fiber optic,Yes,Yes,No,Yes,No,No,One year,No,Credit card (automatic),24.76,1107.97,No
customerID-003422,Male,0,No,No,7,Yes,No phone service,DSL,No,Yes,Yes,No,No,No,Month-to-month,Yes,Credit card (automatic),29.24,727.61,Yes
customerID-003434,Male,0,No,No,9,Yes,No phone service,DSL,No,Yes,Yes,No,No,Yes,Month-to-month,No,Mailed check,38.51,621.67,No
customerID-003436,Female,0,Yes,No,43,No,No,Fiber optic,Yes,No,No,No,No,No,Month-to-month,Yes,Electronic check,12.6,2060.32,No
customerID-003438,Male,2,No,No,2,Yes,No phone service,Fiber optic,Yes,No,Yes,No,No,Yes,Month-to-month,No,Electronic check,32.08,1145.27,No
customerID-003443,Male,0,No,No,18,Yes,No,Fiber optic,Yes,Yes,No,Yes,No,No,One year,Yes,Mailed check,85.98,1166.69,Yes
customerID-003444,Male,0,No,No,7,Yes,No,DSL,Yes,No,No,No,No,No,Month-to-month,Yes,Mailed check,18.28,463.99,No
customerID-003445,Male,0,No,No,12,Yes,No,DSL,No,Yes,Yes,No,No,No,Month-to-month,No,Mailed check,40.71,678.48,Yes
customerID-003450,Female,0,Yes,No,25,Yes,No,Fiber optic,Yes,No,Yes,No,No,No,Month-to-month,Yes,Bank transfer (automatic),32.5,551.19,No
customerID-003452,Female,1,Yes,No,20,No,Yes,DSL,Yes,No,Yes,No,No,No,One year,Yes,Credit card (automatic),,857.0,No
customerID-003456,Female,0,Yes,No,11,Yes,No phone service,DSL,No,No,Yes,No,No,No,Month-to-month,Yes,Bank transfer (automatic),,850.78,No
customerID-003458,Male,1,No,No,17,No,No,DSL,Yes,No,Yes,Yes,Yes,Yes,Month-to-month,Yes,Electronic check,36.38,166.36,No
customerID-003462,Male,1,No,No,48,Yes,Yes,DSL,Yes,Yes,Yes,No,No,No,One year,No,Credit card (automatic),49.73,794.47,No
customerID-003464,Male,0,No,No,14,Yes,No phone service,Fiber optic,Yes,No,No,No,No,No,One year,Yes,Credit card (automatic),31.52,1375.58,No
customerID-003471,Male,1,No,No,19,No,No phone service,DSL,Yes,No,Yes,No,No,No,Month-to-month,Yes,Electronic check,85.24,2047.17,No
customerID-003473,Male,0,Yes,No,51,Yes,No,DSL,No,No,Yes,No,No,No,One year,Yes,Credit card (automatic),18.29,633.07,No
customerID-003479,Male,0,No,No,12,No,No phone service,Fiber optic,Yes,Yes,Yes,Yes,No,Yes,Month-to-month,Yes,Mailed check,66.07,967.94,No
customerID-003482,Male,1,No,No,6,No,No phone service,DSL,No,Yes,Yes,No,Yes,No,Month-to-month,Yes,Mailed check,29.4,228.78,Yes
customerID-003487,Female,1,No,No,89,Yes,No,DSL,No,Yes,No,No,No,No,Month-to-month,No,Mailed check,22.01,646.86,No
customerID-003491,Male,0,Yes,No,12,Yes,No phone service,DSL,Yes,Yes,No,No,Yes,No,Month-to-month,No,Mailed check,113.57,142.96,No
customerID-003496,Male,1,No,No,11,No,No,DSL,Yes,No,No,No,Yes,No,Month-to-month,No,Mailed check,,884.66,No
customerID-003498,Female,0,No,No,3,Yes,No,DSL,Yes,Yes,Yes,Yes,Yes,No,Month-to-month,Yes,Electronic check,51.85,546.39,No
customerID-003501,Female,0,No,No,,No,No,Fiber optic,Yes,Yes,No,Yes,Yes,No,Month-to-month,No,Bank transfer (automatic),38.14,1531.53,No
customerID-003505,Female,0,No,No,17,No,No phone service,Fiber optic,Yes,Yes,Yes,No,No,Yes,One year,No,Bank transfer (automatic),53.58,343.34,No
customerID-003506,Female,0,No,No,3,Yes,No phone service,DSL,Yes,Yes,Yes,Yes,No,No,One year,Yes,Electronic check,38.53,959.56,No
customerID-003511,Male,1,No,No,4,No,No phone service,Fiber optic,No,No,Yes,No,No,Yes,Month-to-month,No,Mailed check,67.29,348.15,No
customerID-003514,Male,0,No,No,4,No,No phone service,Fiber optic,Yes,Yes,Yes,No,No,Yes,Month-to-month,Yes,Mailed check,23.53,819.52,No
customerID-003521,Male,1,No,No,17,Yes,No,Fiber optic,Yes,Yes,Yes,No,No,Yes,Month-to-month,No,Electronic check,75.84,171.7,No
customerID-003525,Male,0,No,No,57,No,No phone service,DSL,No,Yes,Yes,No,No,Yes,Month-to-month,No,Bank transfer (automatic),23.58,388.34,No
customerID-003530,Male,0,No,No,24,Yes,No phone service,DSL,Yes,Yes,Yes,No,No,No,Month-to-month,Yes,Credit card (automatic),32.97,184.71,No
customerID-003533,Male,1,No,No,31,Yes,No phone service,DSL,Yes,Yes,Yes,No,No,No,Month-to-month,No,Mailed check,75.15,603.05,No
customerID-003536,Female,1,No,No,9,Yes,No phone service,Fiber optic,Yes,Yes,No,No,No,No,Month-to-month,Yes,Credit card (automatic),30.35,419.95,No
customerID-003537,Male,0,No,No,57,Yes,Yes,DSL,No,No,No,No,Yes,No,One year,No,Electronic check,99.02,644.89,No
customerID-003538,Male,0,No,No,15,Yes,No phone service,DSL,Yes,Yes,No,No,No,No,Month-to-month,No,Electronic check,53.02,316.11,No
customerID-003539,Male,0,No,No,,Yes,No,DSL,No,Yes,Yes,Yes,No,No,Month-to-month,No,Mailed check,169.45,862.91,No
customerID-003542,Male,3,No,No,21,Yes,Yes,DSL,Yes,Yes,Yes,No,No,No,One year,No,Bank transfer (automatic),39.32,189.18,No
customerID-003544,Male,3,No,No,4,Yes,No,Fiber optic,Yes,No,No,No,No,Yes,Month-to-month,Yes,Bank transfer (automatic),86.38,640.72,No
customerID-003549,Female,1,No,No,13,No,No phone service,DSL,No,No,Yes,No,No,No,Month-to-month,Yes,Bank transfer (automatic),85.43,332.79,No
customerID-003550,Female,1,Yes,No,61,Yes,No phone service,DSL,Yes,Yes,Yes,No,No,No,Month-to-month,No,Mailed check,31.28,911.79,No
customerID-003551,Female,2,No,No,10,No,No phone service,DSL,No,No,No,No,Yes,No,One year,Yes,Mailed check,,940.03,No
customerID-003553,Female,0,Yes,No,12,No,Yes,Fiber optic,Yes,Yes,No,Yes,No,No,One year,Yes,Electronic check,23.97,337.57,No
customerID-003554,Male,0,No,No,30,Yes,No,Fiber optic,Yes,Yes,No,No,Yes,No,One year,Yes,Mailed check,23.65,1799.36,No
customerID-003557,Male,3,Yes,No,13,No,Yes,Fiber optic,Yes,No,Yes,No,No,No,One year,Yes,Mailed check,57.21,576.84,No
customerID-003559,Male,0,No,No,26,Yes,No phone service,DSL,Yes,No,No,No,No,No,Month-to-month,Yes,Electronic check,64.17,1510.36,Yes
customerID-003565,Male,0,Yes,No,9,No,No,Fiber optic,No,No,No,No,Yes,No,One year,No,Mailed check,158.52,807.25,No
customerID-003566,Male,1,No,No,21,No,No,Fiber optic,Yes,No,No,No,Yes,No,One year,Yes,Electronic check,37.46,273.55,No
customerID-003567,Male,1,No,No,48,No,No phone service,DSL,No,No,No,No,Yes,No,One year,No,Mailed check,116.13,1354.69,No
customerID-003568,Female,0,Yes,No,2,No,No phone service,Fiber optic,Yes,Yes,No,Yes,No,No,Month-to-month,Yes,Mailed check,25.64,846.21,Yes
customerID-003569,Female,1,No,No,7,Yes,Yes,DSL,No,No,Yes,No,No,No,Month-to-month,Yes,Credit card (automatic),46.88,504.85,No
customerID-003570,Male,0,Yes,No,5,No,No phone service,DSL,Yes,Yes,Yes,No,No,No,One year,No,Electronic check,68.56,633.58,No
customerID-003571,Female,0,No,No,25,Yes,No phone service,DSL,No,Yes,Yes,No,Yes,No,Month-to-month,Yes,Mailed check,38.29,519.15,No
customerID-003573,Female,0,No,No,3,Yes,No phone service,DSL,Yes,Yes,Yes,No,No,No,Month-to-month,Yes,Bank transfer (automatic),61.18,843.48,No
customerID-003575,Male,4,Yes,No,41,Yes,No,DSL,Yes,No,Yes,Yes,No,No,One year,No,Bank transfer (automatic),38.07,436.24,Yes
customerID-003577,Male,0,No,No,7,Yes,No phone service,DSL,No,No,No,Yes,No,No,One year,Yes,Mailed check,31.99,714.89,No
customerID-003583,Female,0,No,No,32,No,No,DSL,Yes,No,Yes,No,No,No,Month-to-month,No,Mailed check,47.38,82.03,No
customerID-003584,Male,1,No,No,38,Yes,Yes,DSL,Yes,No,Yes,No,No,No,One year,Yes,Mailed check,135.91,780.81,No
customerID-003587,Female,0,No,No,9,Yes,No,DSL,Yes,Yes,No,No,Yes,Yes,One year,Yes,Credit card (automatic),56.2,659.17,No
customerID-003588,Male,1,No,No,,No,Yes,DSL,No,Yes,No,Yes,Yes,Yes,Month-to-month,No,Mailed check,44.49,282.35,No
customerID-003589,Male,0,No,No,24,Yes,Yes,Fiber optic,No,Yes,Yes,No,No,Yes,Month-to-month,Yes,Credit card (automatic),73.0,903.4,No
customerID-003591,Male,2,No,No,5,Yes,Yes,DSL,Yes,No,Yes,No,No,No,One year,Yes,Mailed check,24.79,1067.49,No
customerID-003596,Female,1,No,No,4,No,No,DSL,No,No,Yes,No,Yes,Yes,One year,Yes,Electronic check,37.38,1119.37,No
customerID-003597,Male,1,No,No,6,Yes,No phone service,DSL,No,No,Yes,No,Yes,No,Month-to-month,Yes,Bank transfer (automatic),39.13,384.89,No
customerID-003602,Male,1,No,No,3,No,No phone service,DSL,Yes,No,Yes,Yes,Yes,No,One year,No,Bank transfer (automatic),,3749.15,No
customerID-003606,Male,1,No,No,36,No,No phone service,Fiber optic,Yes,Yes,No,Yes,Yes,No,Month-to-month,Yes,Mailed check,73.49,2497.79,Yes
customerID-003607,Male,0,No,No,15,Yes,No phone service,Fiber optic,Yes,No,Yes,No,No,No,Month-to-month,Yes,Mailed check,38.59,657.33,No
customerID-003611,Male,2,No,No,13,Yes,Yes,DSL,No,Yes,No,No,No,No,Month-to-month,Yes,Mailed check,48.02,731.78,No
customerID-003613,Female,1,No,No,,No,No,DSL,Yes,No,Yes,Yes,No,Yes,Month-to-month,Yes,Mailed check,169.45,511.96,No
customerID-003618,Female,0,No,No,36,Yes,No,DSL,Yes,No,No,No,No,No,One year,Yes,Mailed check,35.83,877.33,No
customerID-003619,Female,0,Yes,No,28,No,No phone service,DSL,Yes,No,Yes,No,No,Yes,Month-to-month,No,Bank transfer (automatic),111.32,336.78,Yes
customerID-003621,Female,0,No,No,12,Yes,Yes,DSL,Yes,No,No,No,Yes,No,Month-to-month,Yes,Credit card (automatic),21.48,928.85,No
customerID-003622,Male,1,No,No,,Yes,No,DSL,No,Yes,Yes,No,No,No,Month-to-month,No,Bank transfer (automatic),41.19,1311.83,No
customerID-003625,Male,0,No,No,9,No,No,DSL,Yes,No,Yes,No,No,Yes,One year,Yes,Mailed check,45.06,985.34,No
customerID-003626,Female,0,No,No,14,Yes,Yes,Fiber optic,Yes,No,Yes,No,No,No,One year,No,Electronic check,27.97,1791.74,No
customerID-003629,Male,0,Yes,No,21,No,No,DSL,No,Yes,No,No,No,No,Month-to-month,No,Mailed check,,589.04,No
customerID-003633,Male,0,No,No,26,No,No,DSL,Yes,Yes,No,No,No,No,One year,Yes,Mailed check,38.22,477.23,No
customerID-003643,Female,0,No,No,5,Yes,No phone service,DSL,No,No,No,No,Yes,No,Month-to-month,Yes,Electronic check,,1274.95,No
customerID-003652,Male,2,No,No,,No,No,DSL,Yes,No,No,No,No,Yes,Month-to-month,Yes,Bank transfer (automatic),23.39,701.78,Yes
customerID-003658,Female,1,No,No,3,No,No phone service,DSL,Yes,Yes,No,No,No,Yes,One year,No,Credit card (automatic),68.2,185.52,No
customerID-003659,Male,2,Yes,No,39,Yes,Yes,DSL,Yes,No,Yes,No,No,No,Month-to-month,No,Electronic check,85.08,1239.94,No
customerID-003661,Male,0,No,No,22,No,Yes,DSL,No,Yes,No,No,No,No,Month-to-month,Yes,Mailed check,,832.37,No
customerID-003675,Male,0,No,No,6,No,Yes,DSL,Yes,Yes,Yes,No,No,No,One year,Yes,Credit card (automatic),47.18,381.11,No
customerID-003680,Male,1,No,No,10,Yes,Yes,DSL,No,No,No,No,No,No,Month-to-month,No,Mailed check,106.09,432.18,No
customerID-003682,Male,1,No,No,23,No,No phone service,DSL,No,Yes,No,No,No,No,One year,No,Credit card (automatic),65.11,714.58,No
customerID-003683,Female,0,No,No,17,Yes,No phone service,Fiber optic,Yes,No,No,No,No,No,Month-to-month,No,Credit card (automatic),86.64,2221.7,No
customerID-003686,Male,0,No,No,56,No,No,Fiber optic,Yes,Yes,Yes,No,No,No,One year,No,Mailed check,,1369.92,No
customerID-003687,Male,0,No,No,10,Yes,No,DSL,No,Yes,Yes,Yes,No,No,Month-to-month,Yes,Mailed check,87.41,433.67,No
customerID-003689,Female,0,No,No,2,No,No phone service,DSL,Yes,Yes,Yes,No,Yes,No,Month-to-month,Yes,Mailed check,23.9,337.54,No
customerID-003691,Female,1,No,No,11,No,No,DSL,No,No,Yes,No,No,No,One year,Yes,Credit card (automatic),65.76,1276.96,No
customerID-003696,Female,0,No,No,5,No,Yes,Fiber optic,No,Yes,No,No,No,Yes,One year,No,Electronic check,25.43,507.49,Yes
customerID-003699,Male,2,No,No,9,No,No,DSL,Yes,Yes,Yes,No,Yes,No,Month-to-month,No,Bank transfer (automatic),73.52,474.53,No
customerID-003701,Male,1,No,No,8,No,No,DSL,Yes,Yes,Yes,No,Yes,No,One year,Yes,Credit card (automatic),29.59,920.61,Yes
customerID-003704,Male,0,No,No,5,Yes,No phone service,DSL,Yes,Yes,Yes,No,No,No,Month-to-month,Yes,Credit card (automatic),42.23,500.4,No
customerID-003706,Female,0,Yes,No,29,Yes,Yes,DSL,No,No,No,Yes,No,No,Month-to-month,Yes,Electronic check,33.37,660.28,No
customerID-003707,Female,0,No,No,15,Yes,No phone service,DSL,Yes,No,Yes,No,No,No,One year,Yes,Mailed check,11.65,69.34,No
customerID-003715,Male,2,No,No,5,No,No,DSL,No,Yes,Yes,No,No,Yes,One year,Yes,Mailed check,,390.06,No
customerID-003716,Male,0,No,No,9,Yes,No phone service,DSL,No,No,Yes,No,No,Yes,One year,No,Mailed check,87.29,1522.16,No
customerID-003717,Female,0,No,No,19,No,No phone service,DSL,No,Yes,No,No,No,No,One year,No,Mailed check,60.59,1696.49,No
customerID-003718,Male,0,No,No,14,Yes,No phone service,DSL,Yes,No,Yes,No,No,Yes,Month-to-month,Yes,Electronic check,47.54,738.56,No
customerID-003720,Female,0,Yes,No,20,No,No,DSL,No,No,Yes,Yes,No,No,Month-to-month,No,Credit card (automatic),,508.05,No
customerID-003723,Female,1,Yes,No,11,Yes,No,Fiber optic,No,No,Yes,No,Yes,No,Month-to-month,No,Mailed check,,1102.14,No
customerID-003733,Male,0,Yes,No,15,Yes,No,Fiber optic,No,Yes,Yes,Yes,Yes,No,One year,No,Mailed check,59.94,2285.85,No
customerID-003734,Male,0,No,No,5,Yes,No,DSL,Yes,Yes,Yes,No,No,No,One year,No,Credit card (automatic),70.96,299.53,Yes
customerID-003736,Female,1,No,No,11,Yes,Yes,DSL,Yes,No,Yes,Yes,No,No,Month-to-month,No,Electronic check,35.66,919.65,No
customerID-003739,Male,0,No,No,39,Yes,No phone service,Fiber optic,No,Yes,No,No,No,No,Month-to-month,No,Mailed check,16.57,1056.65,No
customerID-003742,Female,0,No,No,89,Yes,No phone service,DSL,Yes,No,Yes,No,No,No,One year,Yes,Mailed check,87.41,3749.15,No
customerID-003748,Female,0,No,No,15,Yes,No,Fiber optic,No,Yes,Yes,No,No,No,Month-to-month,Yes,Mailed check,99.66,1737.95,No
customerID-003752,Male,0,No,No,5,Yes,No,DSL,No,Yes,Yes,Yes,No,Yes,One year,Yes,Mailed check,52.23,740.28,No
customerID-003758,Female,0,No,No,16,No,No phone service,DSL,No,No,No,Yes,Yes,No,Month-to-month,No,Credit card (automatic),43.08,560.67,No
customerID-003761,Female,0,Yes,No,10,Yes,No,DSL,Yes,No,Yes,No,No,No,One year,No,Bank transfer (automatic),62.2,403.39,Yes
customerID-003764,Female,1,No,No,25,Yes,No,Fiber optic,Yes,Yes,No,No,Yes,No,Month-to-month,No,Electronic check,38.19,710.27,No
customerID-003767,Female,0,No,No,7,Yes,No,Fiber optic,Yes,Yes,No,Yes,No,Yes,One year,No,Mailed check,,273.74,No
customerID-003768,Male,0,Yes,No,7,Yes,No phone service,DSL,No,Yes,Yes,No,No,Yes,One year,Yes,Electronic check,34.6,2807.75,No
customerID-003769,Female,0,No,No,30,No,No,DSL,No,No,Yes,Yes,Yes,No,One year,Yes,Mailed check,44.82,1202.65,No
customerID-003772,Male,0,No,No,7,Yes,No phone service,DSL,No,No,No,No,No,No,One year,Yes,Credit card (automatic),25.87,976.35,No
customerID-003776,Female,1,No,No,58,Yes,No,DSL,Yes,No,No,No,Yes,Yes,One year,No,Mailed check,44.55,1222.39,No
customerID-003777,Male,0,No,No,49,No,Yes,DSL,No,No,Yes,No,No,No,One year,Yes,Electronic check,,1120.6,No
customerID-003778,Male,1,No,No,4,No,Yes,DSL,Yes,Yes,Yes,No,No,No,One year,Yes,Bank transfer (automatic),30.16,1102.35,No
customerID-003780,Female,0,Yes,No,6,Yes,Yes,DSL,Yes,No,Yes,No,No,Yes,Month-to-month,No,Electronic check,,392.22,No
customerID-003781,Male,1,No,No,2,Yes,No phone service,Fiber optic,No,No,No,No,No,No,One year,No,Mailed check,89.5,837.51,No
customerID-003782,Male,0,No,No,29,Yes,No,DSL,Yes,Yes,Yes,No,Yes,No,Month-to-month,Yes,Mailed check,33.89,526.67,No
customerID-003787,Female,0,No,No,5,Yes,No phone service,DSL,Yes,No,Yes,No,No,No,One year,No,Credit card (automatic),34.36,373.94,No
customerID-003792,Male,0,Yes,No,34,Yes,No,DSL,Yes,No,Yes,Yes,No,No,Month-to-month,Yes,Credit card (automatic),106.61,614.75,Yes
customerID-003795,Male,0,No,No,48,Yes,No phone service,DSL,Yes,No,No,No,No,No,Month-to-month,No,Bank transfer (automatic),38.64,46.41,No
customerID-003799,Male,0,No,No,1,No,No,DSL,No,No,No,No,No,No,Month-to-month,No,Electronic check,26.25,491.45,No
customerID-003800,Female,2,No,No,18,Yes,No phone service,DSL,Yes,No,Yes,No,No,Yes,Month-to-month,No,Credit card (automatic),83.71,1501.23,No
customerID-003801,Female,0,Yes,No,5,Yes,No,DSL,Yes,No,No,No,Yes,No,One year,Yes,Electronic check,71.24,141.67,No
customerID-003805,Female,0,No,No,,Yes,No,DSL,No,Yes,Yes,No,No,No,One year,Yes,Mailed check,,350.7,No
customerID-003806,Female,0,Yes,No,8,No,No phone service,DSL,Yes,No,Yes,No,No,No,Month-to-month,No,Electronic check,14.04,865.99,No
customerID-003811,Male,1,No,No,15,Yes,No,DSL,Yes,Yes,Yes,No,No,No,One year,Yes,Mailed check,,645.64,No
customerID-003814,Male,0,No,No,10,Yes,Yes,DSL,No,Yes,No,No,No,No,One year,No,Mailed check,30.09,1104.9,No
customerID-003816,Male,0,No,No,4,Yes,No,Fiber optic,Yes,Yes,No,Yes,No,No,Month-to-month,Yes,Mailed check,29.25,841.86,No
customerID-003821,Female,1,No,No,15,No,Yes,DSL,Yes,Yes,Yes,No,No,No,Month-to-month,No,Credit card (automatic),21.03,673.95,No
customerID-003825,Female,1,No,No,13,No,No phone service,DSL,Yes,No,No,No,No,No,Month-to-month,Yes,Mailed check,13.96,1297.69,No
customerID-003826,Male,1,No,No,19,No,No,DSL,No,Yes,Yes,No,No,No,Month-to-month,No,Credit card (automatic),22.17,347.51,No
customerID-003827,Female,0,No,No,18,No,No,DSL,Yes,No,No,Yes,No,No,One year,Yes,Mailed check,21.23,558.45,No
customerID-003828,Male,0,Yes,No,3,No,No phone service,DSL,Yes,Yes,Yes,No,No,No,Month-to-month,Yes,Electronic check,44.79,346.77,Yes
customerID-003833,Male,0,Yes,No,11,Yes,No phone service,DSL,Yes,Yes,Yes,No,Yes,No,One year,Yes,Mailed check,125.46,941.05,Yes
customerID-003835,Male,0,No,No,8,Yes,Yes,DSL,No,No,No,Yes,Yes,No,One year,Yes,Mailed check,117.58,1027.43,No
customerID-003838,Male,0,No,No,13,No,No phone service,DSL,No,No,No,No,No,Yes,One year,Yes,Electronic check,100.76,367.21,No
customerID-003839,Male,1,Yes,No,13,No,Yes,DSL,No,Yes,No,No,Yes,No,One year,No,Credit card (automatic),33.11,269.6,No
customerID-003840,Female,1,Yes,No,,Yes,No phone service,Fiber optic,Yes,Yes,Yes,No,No,Yes,Month-to-month,No,Credit card (automatic),51.57,887.17,No
customerID-003846,Male,0,No,No,9,Yes,No phone service,DSL,No,Yes,Yes,Yes,No,No,Month-to-month,No,Credit card (automatic),80.72,281.65,No
customerID-003849,Male,2,No,No,4,Yes,No,DSL,No,No,Yes,No,No,No,Month-to-month,Yes,Mailed check,50.42,1393.26,No
customerID-003850,Male,1,No,No,15,No,No phone service,DSL,No,No,Yes,Yes,No,No,Month-to-month,Yes,Mailed check,58.88,1179.45,No
customerID-003852,Female,0,No,No,5,Yes,No phone service,DSL,No,No,No,No,No,No,Month-to-month,Yes,Electronic check,47.42,287.82,No
customerID-003853,Female,1,No,No,11,No,No phone service,Fiber optic,Yes,Yes,Yes,No,No,No,One year,No,Electronic check,50.76,725.69,No
customerID-003857,Female,0,No,No,13,Yes,No phone service,DSL,Yes,No,No,No,Yes,No,One year,No,Mailed check,11.81,1791.78,No
customerID-003858,Male,2,No,No,,No,No,DSL,Yes,No,Yes,No,No,No,One year,No,Mailed check,40.53,246.11,Yes
customerID-003860,Male,0,Yes,No,9,Yes,No,Fiber optic,Yes,No,Yes,No,No,No,Month-to-month,No,Credit card (automatic),26.79,90.12,No
customerID-003862,Male,0,Yes,No,33,No,No,DSL,No,Yes,Yes,No,No,No,Month-to-month,No,Credit card (automatic),29.15,704.76,No
customerID-003863,Male,1,No,No,17,Yes,Yes,DSL,No,No,Yes,No,No,No,One year,No,Mailed check,34.93,526.21,No
customerID-003864,Male,1,No,No,7,No,No,Fiber optic,No,No,No,Yes,No,No,One year,No,Electronic check,45.2,1627.63,No
customerID-003867,Female,2,No,No,17,No,No phone service,DSL,No,No,No,Yes,No,No,Month-to-month,No,Credit card (automatic),26.83,309.56,No
customerID-003870,Female,0,Yes,No,19,Yes,No,DSL,Yes,Yes,Yes,Yes,No,Yes,Month-to-month,Yes,Electronic check,25.81,673.72,No
customerID-003871,Male,0,Yes,No,5,Yes,Yes,DSL,Yes,No,No,No,No,Yes,One year,No,Credit card (automatic),24.94,512.22,No
customerID-003872,Male,0,Yes,No,51,No,No phone service,Fiber optic,No,No,No,Yes,Yes,Yes,Month-to-month,Yes,Mailed check,27.53,270.81,No
customerID-003876,Male,1,No,No,89,Yes,Yes,DSL,Yes,No,Yes,No,No,No,Month-to-month,No,Mailed check,77.67,482.96,No
customerID-003886,Male,0,No,No,18,No,No phone service,Fiber optic,No,No,No,No,Yes,No,Month-to-month,Yes,Mailed check,47.68,308.13,No
customerID-003889,Male,1,Yes,No,12,Yes,No phone service,DSL,No,Yes,No,Yes,No,No,One year,Yes,Mailed check,22.83,335.57,No
customerID-003892,Male,1,Yes,No,16,Yes,No,DSL,No,Yes,Yes,No,No,No,Month-to-month,Yes,Mailed check,27.54,229.67,No
customerID-003894,Female,0,No,No,39,No,No phone service,Fiber optic,Yes,No,Yes,No,Yes,No,One year,Yes,Electronic check,168.83,464.34,No
customerID-003896,Male,1,Yes,No,13,Yes,No phone service,DSL,Yes,Yes,No,No,No,No,One year,Yes,Mailed check,57.56,2117.92,No
customerID-003897,Female,0,Yes,No,19,Yes,No,DSL,No,No,Yes,Yes,No,Yes,One year,No,Credit card (automatic),136.46,388.71,No
customerID-003898,Male,0,No,No,4,Yes,No,DSL,Yes,Yes,Yes,Yes,No,No,One year,No,Electronic check,36.76,191.95,Yes
customerID-003899,Male,1,No,No,6,Yes,No,Fiber optic,Yes,No,No,No,No,No,Month-to-month,No,Credit card (automatic),53.62,284.11,No
customerID-003901,Male,0,Yes,No,5,No,No phone service,DSL,Yes,No,Yes,Yes,No,No,One year,Yes,Credit card (automatic),,1302.37,No
customerID-003904,Female,1,No,No,29,Yes,No phone service,DSL,Yes,Yes,No,Yes,No,Yes,One year,No,Credit card (automatic),53.47,327.51,No
customerID-003907,Female,1,No,No,19,Yes,Yes,Fiber optic,No,No,No,Yes,No,No,One year,Yes,Credit card (automatic),47.25,609.0,No
customerID-003910,Male,0,Yes,No,5,No,No phone service,DSL,Yes,No,Yes,No,No,No,Month-to-month,Yes,Bank transfer (automatic),45.69,2103.96,No
customerID-003911,Female,0,No,No,10,Yes,No,Fiber optic,Yes,No,Yes,No,No,Yes,One year,Yes,Credit card (automatic),70.1,477.98,No
customerID-003914,Female,1,No,No,15,Yes,Yes,DSL,No,Yes,Yes,Yes,No,No,Month-to-month,No,Credit card (automatic),25.5,1215.15,No
customerID-003915,Male,0,No,No,16,Yes,No,DSL,Yes,No,No,No,No,No,Month-to-month,No,Electronic check,93.34,1450.63,No
customerID-003919,Male,1,No,No,18,No,No phone service,DSL,No,No,No,No,No,No,Month-to-month,Yes,Mailed check,26.65,1489.02,No
customerID-003920,Female,0,Yes,No,4,No,No phone service,DSL,No,Yes,Yes,Yes,No,No,One year,Yes,Mailed check,20.72,552.6,No
customerID-003922,Female,0,No,No,59,Yes,Yes,DSL,No,No,No,No,Yes,No,Month-to-month,Yes,Mailed check,33.0,569.87,No
customerID-003923,Male,0,Yes,No,8,No,No,DSL,No,Yes,No,No,Yes,No,One year,Yes,Bank transfer (automatic),145.88,621.79,No
customerID-003926,Male,0,No,No,5,No,Yes,Fiber optic,No,No,Yes,No,Yes,Yes,One year,No,Credit card (automatic),47.97,887.56,No
customerID-003927,Male,0,No,No,12,Yes,Yes,DSL,No,Yes,Yes,No,No,No,One year,Yes,Credit card (automatic),53.85,516.44,No
customerID-003928,Male,0,No,No,7,No,Yes,DSL,No,No,Yes,No,No,No,Month-to-month,No,Mailed check,108.39,371.97,No
customerID-003931,Male,2,No,No,16,No,No phone service,DSL,No,No,Yes,No,No,No,Month-to-month,Yes,Mailed check,56.36,550.64,No
customerID-003932,Male,1,No,No,1,Yes,No phone service,DSL,Yes,No,Yes,No,Yes,No,One year,Yes,Mailed check,137.55,2708.15,No
customerID-003937,Female,1,No,No,16,Yes,No phone service,DSL,Yes,Yes,Yes,No,Yes,Yes,Month-to-month,No,Mailed check,108.41,1069.73,No
customerID-003938,Male,0,Yes,No,17,Yes,No phone service,DSL,Yes,No,Yes,No,No,No,Month-to-month,No,Mailed check,27.32,458.82,No
customerID-003948,Female,1,No,No,28,Yes,No phone service,DSL,Yes,No,Yes,No,No,No,Month-to-month,No,Bank transfer (automatic),,261.46,No
customerID-003950,Female,0,No,No,2,No,Yes,Fiber optic,Yes,No,Yes,No,No,No,Month-to-month,No,Electronic check,70.54,931.23,No
customerID-003962,Female,0,No,No,13,Yes,Yes,Fiber optic,Yes,No,No,No,No,Yes,One year,Yes,Electronic check,,1490.82,No
customerID-003966,Female,0,Yes,No,10,Yes,No phone service,Fiber optic,Yes,Yes,Yes,No,No,Yes,Month-to-month,No,Mailed check,31.6,1778.01,No
customerID-003969,Male,1,No,No,10,No,No,DSL,Yes,Yes,No,Yes,No,No,Month-to-month,Yes,Mailed check,38.76,828.85,No
customerID-003970,Male,0,No,No,60,Yes,No phone service,DSL,No,No,No,Yes,No,Yes,Month-to-month,Yes,Credit card (automatic),,425.16,No
customerID-003974,Female,0,No,No,2,Yes,No,DSL,No,No,Yes,No,Yes,No,One year,Yes,Mailed check,32.23,634.91,No
customerID-003975,Male,0,No,No,22,Yes,No phone service,Fiber optic,No,Yes,No,No,No,No,One year,Yes,Electronic check,36.11,557.28,No
customerID-003979,Male,1,No,No,22,Yes,Yes,DSL,Yes,No,No,No,No,No,Month-to-month,Yes,Bank transfer (automatic),169.45,791.79,No
customerID-003987,Male,1,No,No,2,Yes,Yes,DSL,No,No,Yes,Yes,No,No,Month-to-month,No,Credit card (automatic),39.43,569.98,Yes
customerID-003988,Male,2,No,No,21,No,No phone service,DSL,Yes,No,No,No,No,Yes,Month-to-month,Yes,Bank transfer (automatic),,343.1,No
customerID-003992,Male,0,No,No,5,No,Yes,DSL,Yes,Yes,Yes,No,Yes,No,One year,Yes,Credit card (automatic),32.28,2367.32,Yes
customerID-004000,Male,0,Yes,No,22,Yes,No,DSL,Yes,No,No,No,No,Yes,Month-to-month,Yes,Electronic check,81.42,293.78,No
customerID-004004,Male,0,Yes,No,13,No,Yes,DSL,No,Yes,Yes,Yes,Yes,No,One year,No,Credit card (automatic),143.28,335.18,No
customerID-004007,Male,0,No,No,8,Yes,No,DSL,No,No,Yes,Yes,Yes,No,Month-to-month,No,Mailed check,110.86,1702.78,No
customerID-004011,Male,0,No,No,8,Yes,No phone service,Fiber optic,Yes,Yes,Yes,No,No,No,Month-to-month,Yes,Electronic check,63.14,1385.7,No
customerID-004014,Male,1,No,No,10,No,No,DSL,No,Yes,Yes,Yes,Yes,No,One year,Yes,Credit card (automatic),53.6,598.63,No
customerID-004017,Male,0,Yes,No,17,Yes,Yes,Fiber optic,Yes,No,Yes,No,No,No,Month-to-month,Yes,Bank transfer (automatic),53.75,427.03,No
customerID-004018,Male,1,Yes,No,3,No,No,Fiber optic,No,No,Yes,No,No,No,One year,Yes,Mailed check,61.95,1027.25,No
customerID-004023,Female,2,No,No,4,Yes,No,DSL,No,No,No,Yes,No,No,Month-to-month,Yes,Bank transfer (automatic),99.31,78.15,No
customerID-004025,Female,0,No,No,22,Yes,No phone service,DSL,Yes,No,Yes,No,No,No,One year,Yes,Mailed check,21.21,749.19,No
customerID-004026,Male,0,No,No,11,No,No phone service,DSL,Yes,Yes,No,No,Yes,Yes,One year,Yes,Credit card (automatic),,2941.46,No
customerID-004028,Female,1,No,No,13,No,Yes,DSL,Yes,Yes,No,Yes,No,Yes,One year,Yes,Electronic check,,1008.13,No
customerID-004032,Female,0,No,No,42,Yes,No,DSL,Yes,No,No,No,No,No,One year,No,Mailed check,17.36,348.42,No
customerID-004034,Male,0,No,No,15,No,Yes,DSL,Yes,No,No,No,No,No,Month-to-month,Yes,Mailed check,82.25,561.23,No
customerID-004037,Male,0,No,No,21,Yes,No,Fiber optic,No,Yes,No,No,No,No,One year,No,Credit card (automatic),56.01,2152.84,No
customerID-004038,Male,0,No,No,23,No,No phone service,DSL,Yes,No,No,No,No,No,One year,No,Electronic check,86.71,270.5,No
customerID-004039,Male,0,No,No,5,No,Yes,DSL,Yes,No,Yes,No,Yes,No,Month-to-month,Yes,Electronic check,169.45,177.75,No
customerID-004040,Female,1,No,No,16,Yes,No phone service,DSL,No,Yes,Yes,No,Yes,No,One year,No,Credit card (automatic),34.69,1633.93,No
customerID-004042,Male,0,No,No,,Yes,No,DSL,No,No,Yes,No,Yes,No,Month-to-month,Yes,Credit card (automatic),65.26,311.8,No
customerID-004044,Female,1,No,No,10,No,Yes,DSL,No,Yes,No,No,No,No,One year,No,Bank transfer (automatic),24.89,573.93,No
customerID-004046,Female,0,Yes,No,14,Yes,No,Fiber optic,No,No,Yes,No,No,No,One year,Yes,Electronic check,,909.76,No
customerID-004059,Male,2,No,No,88,Yes,No,DSL,No,No,Yes,Yes,Yes,No,Month-to-month,Yes,Mailed check,32.77,1294.91,Yes
customerID-004063,Male,1,No,No,37,No,No phone service,DSL,No,No,Yes,No,No,No,Month-to-month,Yes,Bank transfer (automatic),,1118.41,Yes
customerID-004066,Male,0,No,No,17,Yes,No phone service,Fiber optic,No,Yes,Yes,No,No,Yes,Month-to-month,No,Mailed check,80.15,1256.73,No
customerID-004068,Female,1,No,No,89,No,Yes,DSL,Yes,Yes,Yes,Yes,No,No,Month-to-month,Yes,Electronic check,37.89,225.31,No
customerID-004072,Female,0,Yes,No,7,No,No,Fiber optic,No,Yes,No,No,Yes,No,Month-to-month,Yes,Credit card (automatic),49.56,269.29,No
customerID-004077,Male,0,No,No,41,Yes,No,DSL,Yes,No,No,Yes,No,Yes,One year,Yes,Electronic check,91.56,1036.47,No
customerID-004080,Male,1,Yes,No,,No,No,DSL,Yes,No,Yes,No,No,No,Month-to-month,No,Electronic check,55.71,802.88,No
customerID-004082,Male,0,No,No,15,No,No,DSL,Yes,No,Yes,No,Yes,No,One year,No,Bank transfer (automatic),50.98,1563.03,No
customerID-004083,Male,2,No,No,9,Yes,No,DSL,Yes,No,No,No,Yes,Yes,Month-to-month,Yes,Bank transfer (automatic),40.25,1214.39,No
customerID-004085,Female,0,No,No,42,No,No,DSL,Yes,Yes,Yes,No,No,No,Month-to-month,No,Credit card (automatic),43.05,199.91,No
customerID-004086,Male,2,No,No,22,Yes,No,DSL,Yes,No,No,No,No,No,Month-to-month,Yes,Bank transfer (automatic),42.54,3749.15,Yes
customerID-004089,Female,1,Yes,No,3,Yes,No phone service,DSL,Yes,Yes,No,No,No,Yes,Month-to-month,No,Credit card (automatic),68.5,440.69,No
customerID-004092,Male,0,Yes,No,9,Yes,No phone service,DSL,Yes,No,Yes,No,Yes,No,One year,No,Mailed check,67.04,2918.96,Yes
customerID-004097,Female,2,No,No,1,No,No phone service,DSL,No,Yes,Yes,Yes,No,Yes,Month-to-month,No,Mailed check,,477.85,No
customerID-004098,Female,0,No,No,2,Yes,No,DSL,No,No,No,No,No,No,Month-to-month,No,Credit card (automatic),,2331.5,No
customerID-004101,Female,2,No,No,4,Yes,Yes,DSL,Yes,Yes,No,No,No,Yes,Month-to-month,Yes,Electronic check,84.57,135.56,No
customerID-004102,Male,0,No,No,8,Yes,No,DSL,Yes,Yes,Yes,Yes,Yes,No,One year,Yes,Credit card (automatic),44.44,753.5,No
customerID-004111,Male,0,No,No,22,Yes,No,DSL,Yes,Yes,Yes,Yes,No,No,One year,No,Mailed check,43.51,632.27,No
customerID-004112,Male,0,Yes,No,20,Yes,Yes,DSL,Yes,Yes,Yes,No,No,Yes,One year,Yes,Bank transfer (automatic),65.41,891.15,No
customerID-004114,Female,0,No,No,14,Yes,No phone service,DSL,No,Yes,No,Yes,Yes,No,Month-to-month,Yes,Mailed check,99.21,1016.97,No
customerID-004115,Male,1,No,No,14,Yes,No,DSL,Yes,No,Yes,No,Yes,Yes,Month-to-month,No,Electronic check,21.31,1515.09,No
customerID-004123,Male,2,Yes,No,9,Yes,No,DSL,Yes,Yes,Yes,Yes,No,Yes,One year,Yes,Bank transfer (automatic),38.88,469.48,No
customerID-004126,Male,1,No,No,4,No,Yes,DSL,Yes,Yes,Yes,No,No,No,Month-to-month,Yes,Mailed check,169.45,1357.84,No
customerID-004131,Male,0,Yes,No,3,No,Yes,Fiber optic,No,No,Yes,No,Yes,No,One year,Yes,Mailed check,120.3,266.75,No
customerID-004141,Male,0,No,No,2,Yes,No,DSL,No,Yes,Yes,Yes,No,No,Month-to-month,Yes,Credit card (automatic),65.08,1128.85,No
customerID-004145,Male,0,No,No,17,No,No phone service,DSL,Yes,No,Yes,No,No,Yes,Month-to-month,No,Mailed check,18.57,244.76,No
customerID-004148,Male,1,No,No,13,No,No phone service,Fiber optic,Yes,Yes,No,Yes,No,Yes,One year,Yes,Mailed check,43.98,775.27,No
customerID-004149,Female,1,No,No,3,Yes,No,DSL,No,No,No,No,No,No,One year,Yes,Credit card (automatic),54.32,323.38,No
customerID-004150,Female,4,No,No,7,No,No,Fiber optic,Yes,No,No,Yes,No,Yes,One year,Yes,Mailed check,43.73,173.79,No
customerID-004156,Female,0,No,No,10,Yes,Yes,Fiber optic,No,No,No,No,No,Yes,One year,Yes,Mailed check,67.68,354.3,No
customerID-004163,Male,0,No,No,25,No,No phone service,DSL,No,No,Yes,No,No,No,Month-to-month,No,Mailed check,26.68,1999.6,No
customerID-004164,Female,0,No,No,18,No,Yes,DSL,Yes,No,No,No,No,No,One year,Yes,Mailed check,40.88,366.73,No
customerID-004168,Male,0,No,No,7,Yes,No phone service,Fiber optic,Yes,Yes,No,No,No,No,One year,Yes,Electronic check,13.38,820.64,No
customerID-004169,Male,1,No,No,70,No,No,DSL,No,Yes,Yes,No,No,No,Month-to-month,Yes,Credit card (automatic),151.99,946.48,No
customerID-004173,Female,1,No,No,11,Yes,No,DSL,No,No,No,No,No,No,One year,Yes,Credit card (automatic),28.54,542.96,No
customerID-004178,Male,3,No,No,8,Yes,No phone service,Fiber optic,No,No,No,Yes,Yes,No,One year,No,Mailed check,57.8,697.31,No
customerID-004181,Female,1,No,No,2,Yes,No,DSL,Yes,Yes,Yes,No,Yes,No,One year,Yes,Mailed check,29.23,341.34,No
customerID-004182,Male,2,No,No,15,Yes,No,DSL,Yes,Yes,No,No,Yes,No,One year,No,Mailed check,24.24,253.72,No
customerID-004183,Male,0,Yes,No,25,No,No,DSL,No,Yes,No,No,Yes,No,Month-to-month,No,Mailed check,76.15,333.4,No
customerID-004186,Female,0,No,No,24,Yes,No,DSL,No,Yes,Yes,Yes,No,No,One year,No,Mailed check,27.96,144.96,No
customerID-004187,Male,0,No,No,23,No,No,DSL,Yes,No,Yes,Yes,Yes,No,Month-to-month,No,Credit card (automatic),64.39,247.41,Yes
customerID-004193,Male,0,No,No,2,Yes,No,DSL,No,No,Yes,No,No,No,Month-to-month,No,Bank transfer (automatic),32.75,3749.15,No
customerID-004195,Male,2,Yes,No,6,Yes,No,Fiber optic,Yes,No,No,No,No,No,One year,Yes,Bank transfer (automatic),103.99,268.37,No
customerID-004199,Female,1,No,No,3,Yes,No,DSL,Yes,No,No,No,No,No,Month-to-month,Yes,Credit card (automatic),41.61,896.96,No
customerID-004200,Male,0,No,No,11,Yes,No,Fiber optic,Yes,No,Yes,No,No,No,Month-to-month,No,Credit card (automatic),115.23,416.82,No
customerID-004204,Male,0,No,No,5,Yes,Yes,DSL,No,No,Yes,No,No,No,Month-to-month,Yes,Credit card (automatic),57.43,469.93,Yes
customerID-004209,Male,1,No,No,6,Yes,No phone service,DSL,No,No,Yes,No,No,Yes,One year,Yes,Credit card (automatic),105.51,577.25,No
customerID-004210,Male,1,No,No,22,No,No,Fiber optic,No,Yes,Yes,No,No,No,One year,Yes,Bank transfer (automatic),43.74,920.98,No
customerID-004214,Male,0,No,No,11,Yes,Yes,Fiber optic,Yes,No,Yes,No,No,No,One year,Yes,Credit card (automatic),67.48,395.77,No
customerID-004215,Male,0,No,No,2,Yes,Yes,DSL,Yes,No,No,No,No,No,One year,No,Credit card (automatic),34.41,205.04,Yes
customerID-004219,Male,0,No,No,6,Yes,No phone service,DSL,Yes,No,Yes,No,No,No,One year,Yes,Electronic check,36.39,531.88,No
customerID-004222,Male,1,No,No,52,Yes,Yes,DSL,Yes,Yes,Yes,No,No,No,Month-to-month,Yes,Bank transfer (automatic),72.33,1041.88,No
customerID-004223,Male,0,No,No,19,No,No phone service,Fiber optic,Yes,No,No,No,No,No,One year,Yes,Credit card (automatic),30.24,1236.3,No
customerID-004231,Female,0,No,No,10,Yes,No,Fiber optic,No,No,Yes,Yes,No,No,One year,Yes,Electronic check,69.65,431.73,No
customerID-004236,Female,1,No,No,23,No,No,DSL,Yes,No,No,No,No,No,Month-to-month,No,Electronic check,52.22,2447.75,No
customerID-004242,Male,0,No,No,67,No,No phone service,DSL,No,No,No,No,Yes,No,Month-to-month,Yes,Electronic check,53.3,1142.88,No
customerID-004246,Male,1,Yes,No,9,No,Yes,DSL,No,Yes,No,No,Yes,No,Month-to-month,Yes,Electronic check,99.0,252.36,No
customerID-004248,Male,0,No,No,65,Yes,No,DSL,No,No,No,No,Yes,No,Month-to-month,No,Bank transfer (automatic),35.67,270.46,Yes
customerID-004249,Male,1,No,No,29,Yes,No,DSL,No,No,Yes,No,No,No,Month-to-month,Yes,Credit card (automatic),33.75,82.77,Yes
customerID-004258,Female,0,No,No,89,Yes,No,DSL,No,No,No,Yes,No,Yes,One year,No,Credit card (automatic),29.91,1702.08,No
customerID-004261,Male,0,No,No,10,No,No,DSL,No,No,Yes,No,No,No,One year,Yes,Mailed check,63.15,2279.86,Yes
customerID-004264,Female,0,No,No,18,Yes,Yes,DSL,No,No,Yes,No,No,No,Month-to-month,Yes,Bank transfer (automatic),20.76,2188.52,No
customerID-004265,Female,1,No,No,3,No,Yes,DSL,Yes,Yes,Yes,No,No,Yes,One year,Yes,Mailed check,91.91,1098.97,No
customerID-004266,Female,0,No,No,6,Yes,No phone service,DSL,Yes,No,Yes,No,Yes,No,One year,Yes,Credit card (automatic),37.13,502.51,Yes
customerID-004268,Male,0,No,No,47,Yes,No,DSL,No,No,Yes,No,No,Yes,One year,No,Electronic check,52.36,431.12,No
customerID-004269,Male,0,No,No,4,Yes,No phone service,DSL,Yes,No,No,No,No,No,One year,No,Bank transfer (automatic),23.43,402.62,No
customerID-004275,Male,0,No,No,9,No,No phone service,Fiber optic,Yes,Yes,Yes,No,No,Yes,One year,No,Electronic check,36.91,794.24,No
customerID-004278,Female,0,No,No,3,Yes,No,Fiber optic,No,Yes,Yes,No,No,No,Month-to-month,Yes,Credit card (automatic),25.33,493.55,No
customerID-004285,Female,0,No,No,5,Yes,No,DSL,No,No,No,Yes,No,No,One year,Yes,Mailed check,29.1,400.05,No
customerID-004288,Male,0,No,No,20,No,No,Fiber optic,No,No,No,No,No,No,Month-to-month,No,Bank transfer (automatic),45.58,351.92,No
customerID-004290,Male,0,Yes,No,17,Yes,No,DSL,Yes,No,No,No,No,No,Month-to-month,No,Mailed check,37.02,1300.97,No
customerID-004294,Male,1,Yes,No,4,No,No,DSL,Yes,Yes,No,Yes,No,Yes,Month-to-month,Yes,Credit card (automatic),42.99,1039.0,Yes
customerID-004304,Male,0,No,No,10,No,Yes,DSL,Yes,Yes,Yes,No,No,No,One year,Yes,Electronic check,,2102.31,No
customerID-004305,Male,1,No,No,5,No,No phone service,DSL,Yes,Yes,No,No,No,No,Month-to-month,Yes,Bank transfer (automatic),58.17,722.62,No
customerID-004307,Female,0,Yes,No,,Yes,Yes,DSL,No,No,Yes,Yes,No,No,One year,No,Mailed check,73.35,526.15,No
customerID-004310,Female,0,No,No,47,No,No,DSL,Yes,No,No,Yes,No,No,Month-to-month,No,Electronic check,132.62,717.15,No
customerID-004314,Male,0,No,No,9,No,No,DSL,No,Yes,No,No,No,No,Month-to-month,Yes,Electronic check,36.15,1481.48,No
customerID-004318,Female,0,No,No,50,Yes,Yes,Fiber optic,Yes,No,Yes,No,Yes,No,Month-to-month,No,Electronic check,35.02,839.1,No
customerID-004321,Male,0,No,No,4,No,No,DSL,Yes,No,No,No,No,Yes,One year,Yes,Bank transfer (automatic),72.54,815.67,No
customerID-004327,Female,0,No,No,4,Yes,No phone service,DSL,No,No,Yes,Yes,No,No,One year,No,Mailed check,25.22,287.4,No
customerID-004331,Male,1,Yes,No,6,Yes,No phone service,Fiber optic,No,Yes,Yes,Yes,No,No,One year,No,Credit card (automatic),69.46,390.91,No
customerID-004333,Female,0,No,No,3,No,No,Fiber optic,Yes,No,Yes,No,No,No,Month-to-month,No,Electronic check,15.69,1347.98,Yes
customerID-004334,Male,2,Yes,No,42,No,No,DSL,No,Yes,Yes,No,Yes,No,Month-to-month,No,Mailed check,42.93,724.23,Yes
customerID-004341,Female,0,No,No,38,Yes,No,DSL,Yes,No,Yes,No,No,No,One year,No,Electronic check,51.82,1153.14,No
customerID-004342,Male,1,No,No,7,No,Yes,DSL,Yes,No,Yes,No,No,No,Month-to-month,Yes,Electronic check,25.26,512.49,No
customerID-004345,Female,0,No,No,10,Yes,Yes,Fiber optic,Yes,No,No,No,No,No,One year,No,Mailed check,56.4,1379.08,No
customerID-004348,Male,0,No,No,49,Yes,No,Fiber optic,Yes,No,Yes,No,No,No,Month-to-month,Yes,Credit card (automatic),104.94,1941.21,No
customerID-004350,Female,0,No,No,40,Yes,No phone service,Fiber optic,Yes,No,Yes,No,No,No,Month-to-month,Yes,Bank transfer (automatic),49.69,492.42,Yes
customerID-004352,Male,0,No,No,15,Yes,Yes,Fiber optic,No,No,Yes,No,Yes,No,One year,Yes,Electronic check,,838.82,No
customerID-004354,Female,0,No,No,30,Yes,No,DSL,Yes,Yes,No,No,No,No,Month-to-month,Yes,Mailed check,30.77,332.42,No
customerID-004357,Male,1,No,No,13,No,No phone service,DSL,No,Yes,No,No,No,Yes,One year,Yes,Mailed check,61.13,591.5,Yes
customerID-004359,Female,0,No,No,21,No,No,DSL,Yes,Yes,Yes,No,No,No,Month-to-month,Yes,Credit card (automatic),22.51,314.09,No
customerID-004360,Female,0,Yes,No,17,Yes,No phone service,DSL,Yes,Yes,No,No,No,No,Month-to-month,No,Electronic check,30.95,676.35,No
customerID-004364,Female,0,No,No,10,Yes,No phone service,Fiber optic,No,Yes,Yes,Yes,No,No,Month-to-month,Yes,Mailed check,66.2,740.98,No
customerID-004371,Female,1,No,No,2,No,No,DSL,Yes,No,No,No,No,No,Month-to-month,Yes,Mailed check,46.25,1390.8,No
customerID-004374,Female,0,No,No,9,Yes,Yes,DSL,Yes,No,No,Yes,Yes,No,One year,Yes,Mailed check,26.34,2215.29,No
customerID-004378,Male,0,No,No,27,Yes,No phone service,Fiber optic,No,No,Yes,No,No,Yes,One year,No,Mailed check,13.68,455.12,No
customerID-004379,Female,1,No,No,6,No,Yes,DSL,Yes,Yes,Yes,No,No,No,Month-to-month,Yes,Credit card (automatic),19.63,2166.38,No
customerID-004380,Male,0,No,No,14,No,No,DSL,No,No,No,No,No,No,Month-to-month,No,Credit card (automatic),58.39,1771.21,No
customerID-004384,Male,1,No,No,5,Yes,No phone service,DSL,No,Yes,Yes,Yes,No,No,Month-to-month,No,Bank transfer (automatic),19.51,1860.42,No
customerID-004385,Female,0,No,No,11,Yes,No,DSL,No,No,Yes,Yes,No,Yes,One year,No,Electronic check,34.5,1191.48,No
customerID-004389,Male,1,No,No,13,Yes,No,Fiber optic,No,Yes,No,No,No,No,One year,No,Mailed check,55.86,1114.93,No
customerID-004390,Male,0,No,No,7,Yes,No,DSL,No,No,No,Yes,Yes,No,One year,No,Credit card (automatic),69.32,629.26,No
customerID-004392,Male,1,No,No,4,Yes,Yes,DSL,No,No,No,Yes,No,No,Month-to-month,No,Credit card (automatic),39.01,592.35,No
customerID-004394,Female,1,No,No,3,Yes,No phone service,DSL,Yes,No,Yes,No,No,Yes,Month-to-month,Yes,Mailed check,33.39,625.13,No
customerID-004396,Female,0,No,No,3,Yes,No phone service,Fiber optic,No,Yes,Yes,No,No,Yes,One year,Yes,Mailed check,18.9,901.2,No
customerID-004400,Male,0,Yes,No,,Yes,No,DSL,Yes,No,Yes,No,No,No,Month-to-month,Yes,Mailed check,15.71,3749.15,No
customerID-004401,Male,0,Yes,No,37,No,No,Fiber optic,Yes,Yes,No,No,No,No,Month-to-month,Yes,Credit card (automatic),94.98,695.58,Yes
customerID-004402,Male,1,No,No,19,Yes,No phone service,DSL,No,Yes,Yes,Yes,No,No,Month-to-month,Yes,Bank transfer (automatic),99.52,503.99,No
customerID-004410,Male,0,Yes,No,11,Yes,Yes,DSL,Yes,No,Yes,No,No,Yes,Month-to-month,No,Bank transfer (automatic),29.5,1437.71,No
customerID-004423,Female,1,Yes,No,13,Yes,No,Fiber optic,Yes,Yes,No,No,No,No,Month-to-month,Yes,Mailed check,82.27,594.92,No
customerID-004424,Male,0,Yes,No,3,No,No,DSL,Yes,Yes,Yes,No,Yes,No,Month-to-month,No,Mailed check,19.59,534.24,No
customerID-004426,Male,1,No,No,21,No,Yes,DSL,Yes,Yes,Yes,No,Yes,No,Month-to-month,Yes,Credit card (automatic),42.33,420.26,No
customerID-004428,Male,0,No,No,32,No,No,DSL,Yes,No,Yes,Yes,Yes,Yes,Month-to-month,No,Electronic check,35.99,477.11,No
customerID-004429,Male,0,Yes,No,22,No,No phone service,DSL,Yes,No,Yes,No,No,No,One year,Yes,Electronic check,39.19,248.15,No
customerID-004432,Male,0,Yes,No,19,No,No,DSL,Yes,No,Yes,No,Yes,No,Month-to-month,No,Mailed check,38.11,3302.49,Yes
customerID-004437,Male,0,No,No,7,Yes,No phone service,DSL,No,No,No,No,No,Yes,One year,Yes,Credit card (automatic),105.11,546.78,No
customerID-004441,Male,1,No,No,16,Yes,No,DSL,Yes,No,No,No,Yes,No,Month-to-month,Yes,Credit card (automatic),80.9,596.87,No
customerID-004444,Male,0,Yes,No,6,No,No phone service,DSL,No,No,No,No,No,No,One year,No,Credit card (automatic),76.68,426.74,No
customerID-004446,Male,0,No,No,19,Yes,No,DSL,No,Yes,No,No,Yes,Yes,One year,Yes,Electronic check,169.45,1438.63,Yes
customerID-004451,Female,1,Yes,No,5,No,Yes,DSL,Yes,Yes,Yes,Yes,No,No,One year,Yes,Bank transfer (automatic),10.69,361.59,No
customerID-004453,Male,1,No,No,14,Yes,Yes,DSL,Yes,No,No,No,Yes,No,Month-to-month,Yes,Electronic check,25.37,1794.08,No
customerID-004457,Female,2,Yes,No,24,Yes,No,Fiber optic,No,No,Yes,No,No,Yes,One year,No,Bank transfer (automatic),74.63,191.51,No
customerID-004459,Female,0,No,No,31,Yes,No,DSL,Yes,Yes,Yes,Yes,No,No,Month-to-month,Yes,Bank transfer (automatic),52.17,554.27,No
customerID-004460,Male,1,No,No,,Yes,Yes,DSL,Yes,No,No,No,No,No,Month-to-month,Yes,Mailed check,,1052.71,No
customerID-004461,Male,1,No,No,29,Yes,No phone service,DSL,No,Yes,Yes,Yes,Yes,No,One year,Yes,Mailed check,43.25,1382.27,No
customerID-004465,Female,2,Yes,No,4,Yes,No,DSL,Yes,No,No,No,Yes,No,One year,No,Credit card (automatic),120.17,165.26,No
customerID-004467,Male,1,No,No,18,Yes,No,DSL,Yes,Yes,Yes,No,No,Yes,One year,No,Credit card (automatic),31.87,233.01,No
customerID-004475,Male,1,No,No,20,Yes,No,DSL,Yes,Yes,Yes,Yes,No,No,One year,Yes,Electronic check,108.74,2030.19,No
customerID-004476,Male,0,No,No,18,No,No phone service,DSL,Yes,Yes,Yes,Yes,No,No,Month-to-month,Yes,Mailed check,23.64,416.95,No
customerID-004477,Male,0,No,No,2,Yes,No phone service,DSL,Yes,Yes,Yes,No,Yes,Yes,Month-to-month,No,Bank transfer (automatic),14.58,1026.65,Yes
customerID-004481,Female,0,No,No,8,Yes,Yes,Fiber optic,No,Yes,Yes,Yes,No,Yes,Month-to-month,No,Bank transfer (automatic),42.85,622.54,No
customerID-004482,Male,0,Yes,No,45,No,No,DSL,Yes,Yes,No,No,No,Yes,Month-to-month,Yes,Mailed check,33.53,1406.46,No
customerID-004483,Female,0,No,No,22,Yes,Yes,Fiber optic,Yes,No,No,No,Yes,Yes,Month-to-month,Yes,Mailed check,58.36,2921.08,No
customerID-004486,Male,2,No,No,9,No,No phone service,DSL,Yes,No,Yes,Yes,No,Yes,Month-to-month,Yes,Bank transfer (automatic),33.12,531.52,Yes
customerID-004487,Male,0,Yes,No,8,No,Yes,DSL,Yes,No,No,Yes,No,Yes,One year,Yes,Electronic check,45.88,1271.02,No
customerID-004488,Female,1,Yes,No,8,Yes,No,Fiber optic,No,Yes,Yes,No,No,No,Month-to-month,Yes,Mailed check,61.33,683.05,No
customerID-004489,Female,1,Yes,No,5,No,Yes,DSL,Yes,Yes,Yes,No,No,No,One year,No,Mailed check,27.38,706.03,No
customerID-004490,Female,1,No,No,11,Yes,No phone service,DSL,Yes,No,No,No,No,No,One year,Yes,Mailed check,40.77,932.28,No
customerID-004494,Male,0,Yes,No,29,Yes,No phone service,DSL,Yes,Yes,Yes,No,No,No,One year,No,Credit card (automatic),57.33,564.82,No
customerID-004497,Male,0,Yes,No,15,Yes,No,DSL,No,Yes,Yes,No,Yes,Yes,Month-to-month,Yes,Credit card (automatic),44.81,1172.23,No
customerID-004498,Male,0,No,No,12,No,No phone service,DSL,Yes,No,Yes,No,No,Yes,Month-to-month,Yes,Bank transfer (automatic),38.21,1535.26,No
customerID-004501,Male,1,No,No,3,Yes,No,DSL,No,No,Yes,No,No,No,Month-to-month,No,Mailed check,77.51,299.83,No
customerID-004504,Male,2,No,No,11,No,No phone service,DSL,Yes,Yes,No,Yes,No,Yes,Month-to-month,No,Mailed check,61.68,1632.55,No
customerID-004513,Male,0,No,No,6,No,No phone service,DSL,Yes,Yes,No,No,No,No,Month-to-month,Yes,Mailed check,71.62,953.48,No
customerID-004514,Female,0,No,No,2,No,No phone service,DSL,No,No,Yes,No,Yes,No,Month-to-month,No,Mailed check,18.4,396.0,No
customerID-004517,Male,1,No,No,7,Yes,Yes,DSL,Yes,Yes,No,No,No,No,Month-to-month,No,Electronic check,,1587.62,No
customerID-004518,Male,1,Yes,No,9,Yes,No,DSL,Yes,Yes,No,No,No,Yes,Month-to-month,No,Electronic check,86.05,425.94,No
customerID-004523,Male,0,No,No,25,Yes,No,DSL,No,No,Yes,No,Yes,Yes,One year,No,Electronic check,33.47,276.01,Yes
customerID-004525,Female,1,No,No,3,Yes,No phone service,DSL,Yes,Yes,No,No,Yes,No,One year,Yes,Electronic check,37.05,436.22,No
customerID-004526,Female,0,Yes,No,18,Yes,No phone service,DSL,Yes,No,Yes,No,No,No,One year,Yes,Mailed check,44.74,602.87,No
customerID-004531,Female,1,No,No,4,No,Yes,Fiber optic,Yes,Yes,Yes,No,No,No,One year,Yes,Mailed check,42.76,296.13,No
customerID-004532,Male,1,No,No,6,Yes,Yes,DSL,Yes,No,Yes,No,Yes,No,Month-to-month,No,Mailed check,36.82,533.12,No
customerID-004537,Female,2,No,No,10,No,No,Fiber optic,No,No,Yes,Yes,No,No,Month-to-month,Yes,Bank transfer (automatic),45.99,704.39,No
customerID-004541,Male,1,Yes,No,3,No,No,DSL,No,No,No,Yes,Yes,Yes,One year,No,Bank transfer (automatic),106.74,635.04,Yes
customerID-004544,Female,1,No,No,48,Yes,No,DSL,Yes,Yes,Yes,Yes,Yes,No,One year,No,Mailed check,31.08,1154.52,No
customerID-004545,Female,0,No,No,18,Yes,No phone service,DSL,No,No,No,Yes,No,Yes,Month-to-month,Yes,Credit card (automatic),53.62,304.24,No
customerID-004547,Male,0,Yes,No,11,No,Yes,DSL,Yes,No,Yes,No,Yes,No,Month-to-month,No,Electronic check,36.76,1160.54,No
customerID-004549,Female,0,No,No,4,Yes,No phone service,Fiber optic,No,No,No,No,Yes,No,One year,No,Credit card (automatic),26.45,671.47,No
customerID-004553,Female,0,No,No,20,No,No phone service,Fiber optic,No,No,No,No,No,No,Month-to-month,Yes,Electronic check,33.49,177.87,No
customerID-004557,Female,0,No,No,7,No,No,Fiber optic,Yes,No,No,Yes,No,No,Month-to-month,No,Credit card (automatic),51.99,617.38,No
customerID-004558,Male,1,No,No,4,No,No,DSL,No,No,Yes,No,No,No,Month-to-month,Yes,Mailed check,,3749.15,No
customerID-004560,Female,0,No,No,,Yes,No,DSL,Yes,No,Yes,No,No,No,One year,Yes,Bank transfer (automatic),79.69,673.77,No
customerID-004561,Female,0,No,No,24,No,No,DSL,Yes,No,Yes,Yes,Yes,No,Month-to-month,Yes,Electronic check,67.71,339.47,No
customerID-004563,Male,0,Yes,No,24,Yes,No,DSL,No,No,Yes,Yes,No,Yes,Month-to-month,Yes,Electronic check,61.15,1486.99,No
customerID-004567,Male,1,No,No,3,Yes,No phone service,DSL,No,No,Yes,No,No,No,Month-to-month,Yes,Mailed check,48.98,482.98,No
customerID-004569,Male,0,No,No,11,Yes,No phone service,DSL,Yes,Yes,No,No,No,No,One year,Yes,Electronic check,27.59,240.51,No
customerID-004571,Male,2,No,No,8,No,No,DSL,Yes,Yes,No,No,Yes,No,Month-to-month,No,Electronic check,28.79,1066.89,No
customerID-004573,Male,0,No,No,28,No,No phone service,Fiber optic,Yes,No,Yes,No,No,No,Month-to-month,No,Bank transfer (automatic),73.68,453.85,No
customerID-004575,Male,2,No,No,13,No,Yes,DSL,Yes,No,No,No,No,No,One year,Yes,Mailed check,66.32,2600.69,Yes
customerID-004576,Female,0,No,No,6,Yes,No phone service,DSL,Yes,No,No,No,No,No,One year,Yes,Electronic check,38.53,194.8,No
customerID-004579,Female,0,Yes,No,4,No,No phone service,DSL,Yes,Yes,Yes,No,No,No,Month-to-month,Yes,Electronic check,15.66,273.66,Yes
customerID-004593,Female,0,No,No,5,No,No phone service,DSL,Yes,No,Yes,No,No,Yes,Month-to-month,No,Credit card (automatic),169.45,623.08,No
customerID-004594,Male,0,No,No,27,Yes,No,DSL,Yes,No,Yes,No,Yes,No,One year,No,Mailed check,38.42,174.55,No
customerID-004595,Female,0,No,No,1,Yes,Yes,Fiber optic,Yes,No,Yes,Yes,Yes,No,Month-to-month,Yes,Bank transfer (automatic),81.7,714.04,No
customerID-004597,Male,0,No,No,13,Yes,No,Fiber optic,No,No,Yes,No,No,No,One year,Yes,Credit card (automatic),116.1,384.57,No
customerID-004599,Female,0,No,No,6,Yes,No phone service,DSL,Yes,Yes,Yes,No,Yes,No,Month-to-month,No,Electronic check,49.84,2318.04,No
customerID-004604,Female,2,No,No,10,No,No phone service,Fiber optic,Yes,No,Yes,Yes,No,No,One year,Yes,Electronic check,101.01,353.72,No
customerID-004605,Female,0,No,No,1,Yes,Yes,DSL,No,No,No,No,No,No,Month-to-month,Yes,Mailed check,37.9,2349.84,No
customerID-004606,Female,1,No,No,6,Yes,No,DSL,No,No,Yes,No,Yes,No,Month-to-month,No,Mailed check,96.01,337.37,No
customerID-004607,Male,0,No,No,24,Yes,No,DSL,Yes,No,Yes,No,No,Yes,One year,Yes,Credit card (automatic),22.25,2002.91,No
customerID-004610,Female,1,No,No,,Yes,No,DSL,No,Yes,No,No,No,No,Month-to-month,No,Bank transfer (automatic),94.02,886.67,No
customerID-004612,Male,0,No,No,23,Yes,Yes,DSL,Yes,No,No,Yes,Yes,No,One year,No,Credit card (automatic),68.27,2157.0,No
customerID-004613,Female,1,No,No,11,Yes,No,DSL,No,Yes,Yes,No,No,Yes,One year,Yes,Electronic check,35.18,578.91,No
customerID-004614,Male,0,Yes,No,7,Yes,No phone service,DSL,No,No,No,Yes,No,No,Month-to-month,Yes,Electronic check,43.45,2067.28,No
customerID-004617,Male,0,No,No,13,Yes,Yes,DSL,No,No,Yes,No,No,No,One year,Yes,Electronic check,39.53,1673.18,No
customerID-004621,Male,1,No,No,24,Yes,No phone service,Fiber optic,No,No,Yes,No,No,No,Month-to-month,Yes,Electronic check,40.41,613.44,No
customerID-004625,Female,0,Yes,No,12,Yes,No phone service,Fiber optic,Yes,Yes,Yes,No,No,Yes,One year,No,Electronic check,49.25,250.24,No
customerID-004628,Female,0,No,No,3,Yes,No,Fiber optic,Yes,Yes,Yes,No,No,No,Month-to-month,No,Mailed check,30.12,396.72,No
customerID-004637,Male,1,No,No,9,Yes,Yes,Fiber optic,Yes,No,Yes,No,Yes,No,Month-to-month,Yes,Electronic check,92.29,239.03,No
customerID-004638,Female,1,Yes,No,4,No,Yes,DSL,Yes,Yes,No,No,No,No,One year,No,Electronic check,66.08,992.01,No
customerID-004639,Male,1,No,No,26,Yes,No,Fiber optic,Yes,No,No,Yes,No,Yes,One year,No,Bank transfer (automatic),64.99,3272.05,No
customerID-004640,Female,0,Yes,No,7,No,No,Fiber optic,Yes,Yes,Yes,Yes,Yes,Yes,One year,No,Mailed check,25.93,507.72,No
customerID-004643,Female,0,Yes,No,6,Yes,No,DSL,Yes,No,No,No,No,No,One year,Yes,Electronic check,47.77,1380.48,Yes
customerID-004644,Male,0,Yes,No,4,Yes,Yes,DSL,No,No,No,No,Yes,No,One year,No,Credit card (automatic),34.54,2032.57,Yes
customerID-004647,Male,0,No,No,8,Yes,No,DSL,Yes,Yes,No,Yes,No,No,Month-to-month,Yes,Bank transfer (automatic),30.62,917.39,No
customerID-004653,Male,0,No,No,21,Yes,No phone service,DSL,No,Yes,Yes,No,Yes,No,Month-to-month,Yes,Credit card (automatic),31.4,280.75,No
customerID-004660,Male,0,Yes,No,2,No,No,Fiber optic,Yes,No,Yes,No,No,Yes,Month-to-month,No,Credit card (automatic),35.58,1592.73,No
customerID-004662,Female,0,Yes,No,6,Yes,No phone service,DSL,Yes,Yes,Yes,No,Yes,No,Month-to-month,Yes,Bank transfer (automatic),55.88,400.49,No
customerID-004665,Female,0,No,No,15,Yes,No phone service,DSL,Yes,Yes,Yes,No,No,No,Month-to-month,Yes,Mailed check,41.96,959.94,No
customerID-004669,Male,1,No,No,9,No,No phone service,DSL,No,Yes,No,Yes,Yes,No,Month-to-month,Yes,Mailed check,45.34,623.61,No
customerID-004670,Male,1,No,No,25,No,No phone service,DSL,No,No,Yes,No,No,No,One year,Yes,Mailed check,169.45,598.61,Yes
customerID-004673,Male,1,No,No,11,Yes,No,DSL,No,Yes,Yes,No,No,Yes,Month-to-month,No,Bank transfer (automatic),60.28,225.91,No
customerID-004680,Male,1,Yes,No,9,No,Yes,DSL,No,No,No,No,Yes,No,One year,Yes,Credit card (automatic),26.36,675.01,Yes
customerID-004682,Male,0,No,No,6,Yes,Yes,DSL,No,No,No,No,No,Yes,One year,Yes,Electronic check,50.0,524.48,No
customerID-004683,Male,0,No,No,18,No,No,DSL,Yes,No,Yes,No,No,Yes,Month-to-month,Yes,Credit card (automatic),,675.96,No
customerID-004685,Female,0,No,No,6,No,No phone service,DSL,No,No,Yes,No,No,No,One year,No,Bank transfer (automatic),37.51,365.9,No
customerID-004689,Female,1,Yes,No,5,No,No,Fiber optic,No,No,No,No,No,No,Month-to-month,No,Credit card (automatic),18.44,1028.95,No
customerID-004697,Male,0,No,No,8,Yes,No phone service,DSL,Yes,No,No,Yes,No,No,Month-to-month,No,Bank transfer (automatic),62.41,1064.33,No
customerID-004699,Male,0,No,No,0,Yes,Yes,Fiber optic,No,No,No,No,No,No,Month-to-month,No,Credit card (automatic),87.28,672.65,No
customerID-004704,Female,2,No,No,6,Yes,No,DSL,Yes,Yes,Yes,No,No,No,One year,Yes,Electronic check,51.1,691.36,No
customerID-004705,Female,1,No,No,11,Yes,No phone service,DSL,No,No,No,Yes,No,No,One year,Yes,Credit card (automatic),75.12,614.29,No
customerID-004706,Female,0,No,No,4,Yes,Yes,DSL,No,No,Yes,Yes,No,No,Month-to-month,Yes,Electronic check,48.73,187.51,No
customerID-004715,Male,0,No,No,89,No,No,Fiber optic,Yes,Yes,Yes,No,No,No,One year,No,Mailed check,,245.78,Yes
customerID-004718,Female,0,No,No,20,Yes,No,DSL,Yes,No,No,No,No,No,Month-to-month,Yes,Mailed check,64.88,926.79,No
customerID-004720,Male,0,Yes,No,17,No,No phone service,DSL,Yes,No,Yes,No,No,No,Month-to-month,Yes,Credit card (automatic),90.31,627.02,Yes
customerID-004730,Male,0,No,No,20,Yes,No,Fiber optic,Yes,No,Yes,Yes,Yes,No,One year,Yes,Bank transfer (automatic),90.17,647.54,No
customerID-004732,Male,0,No,No,5,No,No phone service,Fiber optic,Yes,Yes,Yes,No,No,Yes,Month-to-month,No,Mailed check,57.23,1411.89,No
customerID-004734,Female,1,No,No,5,Yes,No,DSL,Yes,No,Yes,No,Yes,Yes,One year,No,Mailed check,119.14,2276.39,No
customerID-004737,Male,0,No,No,35,Yes,No,DSL,Yes,No,Yes,No,No,Yes,One year,Yes,Credit card (automatic),87.42,283.18,No
customerID-004739,Male,0,No,No,14,Yes,No phone service,Fiber optic,No,No,Yes,No,No,No,One year,No,Credit card (automatic),53.8,928.02,No
customerID-004740,Male,1,No,No,7,Yes,No,Fiber optic,Yes,No,Yes,Yes,No,No,Month-to-month,Yes,Bank transfer (automatic),83.14,1656.22,No
customerID-004742,Female,0,No,No,38,Yes,No phone service,Fiber optic,No,Yes,Yes,No,No,No,Month-to-month,No,Bank transfer (automatic),15.56,979.75,No
customerID-004743,Male,0,No,No,13,Yes,No,DSL,Yes,No,Yes,No,Yes,No,Month-to-month,No,Mailed check,12.82,2974.52,No
customerID-004745,Male,1,Yes,No,7,No,No phone service,DSL,Yes,No,No,No,No,No,One year,Yes,Mailed check,32.9,2315.01,No
customerID-004746,Male,3,No,No,7,Yes,No,Fiber optic,Yes,Yes,No,Yes,No,No,Month-to-month,Yes,Bank transfer (automatic),85.51,1010.41,No
customerID-004747,Male,0,No,No,22,Yes,No phone service,Fiber optic,No,No,Yes,No,No,Yes,Month-to-month,No,Credit card (automatic),42.63,1549.28,No
customerID-004748,Female,1,No,No,3,No,No phone service,DSL,No,No,Yes,Yes,No,No,Month-to-month,Yes,Mailed check,64.53,2107.01,No
customerID-004752,Female,0,No,No,16,Yes,No,DSL,No,No,No,No,No,Yes,Month-to-month,Yes,Bank transfer (automatic),76.71,1261.3,No
customerID-004753,Female,1,No,No,27,No,No phone service,Fiber optic,Yes,No,Yes,No,No,No,Month-to-month,No,Bank transfer (automatic),88.67,1343.21,No
customerID-004755,Female,1,No,No,,No,No,DSL,Yes,No,Yes,No,No,No,Month-to-month,Yes,Electronic check,24.63,636.74,No
customerID-004756,Male,0,No,No,14,Yes,Yes,DSL,Yes,No,Yes,No,No,Yes,Month-to-month,Yes,Electronic check,34.03,623.71,No
customerID-004764,Female,0,No,No,5,No,No,DSL,Yes,No,Yes,No,Yes,No,One year,No,Credit card (automatic),169.45,775.28,No
customerID-004767,Female,2,No,No,20,No,No phone service,DSL,No,No,No,No,No,No,One year,Yes,Mailed check,51.24,140.85,No
customerID-004769,Female,1,No,No,13,Yes,No,DSL,Yes,Yes,No,No,Yes,No,One year,Yes,Electronic check,96.38,590.08,No
customerID-004774,Male,0,Yes,No,,No,No,Fiber optic,Yes,No,No,No,No,Yes,One year,Yes,Bank transfer (automatic),108.39,666.0,No
customerID-004777,Female,0,No,No,48,Yes,No,DSL,Yes,No,No,No,Yes,No,Month-to-month,Yes,Mailed check,34.27,310.24,No
customerID-004783,Male,1,No,No,15,Yes,No,Fiber optic,Yes,No,Yes,No,No,Yes,Month-to-month,Yes,Mailed check,66.52,355.35,No
customerID-004786,Male,0,No,No,12,No,No,DSL,Yes,No,Yes,Yes,No,No,Month-to-month,Yes,Mailed check,96.15,397.72,No
customerID-004793,Female,0,No,No,13,Yes,No phone service,Fiber optic,No,No,No,No,No,No,Month-to-month,No,Bank transfer (automatic),31.81,193.1,No
customerID-004797,Female,0,No,No,38,Yes,No phone service,DSL,No,No,Yes,No,No,Yes,Month-to-month,Yes,Mailed check,62.02,360.03,No
customerID-004799,Female,0,No,No,,No,No phone service,Fiber optic,Yes,Yes,Yes,No,Yes,No,Month-to-month,No,Electronic check,105.43,852.47,No
customerID-004801,Female,0,No,No,7,No,No phone service,DSL,Yes,No,Yes,No,No,No,One year,No,Credit card (automatic),13.88,823.3,No
customerID-004805,Female,0,No,No,9,Yes,Yes,DSL,Yes,No,Yes,No,No,Yes,One year,Yes,Mailed check,54.32,1064.71,No
customerID-004806,Male,1,Yes,No,19,No,No,DSL,No,Yes,No,No,No,No,One year,No,Bank transfer (automatic),73.44,2302.58,No
customerID-004810,Female,0,No,No,22,Yes,No,DSL,Yes,Yes,Yes,No,Yes,No,Month-to-month,No,Electronic check,,3749.15,No
customerID-004812,Female,0,No,No,23,Yes,No,DSL,Yes,No,Yes,No,No,No,Month-to-month,Yes,Mailed check,42.84,2528.89,No
customerID-004815,Female,0,No,No,5,No,No,DSL,Yes,No,No,No,No,No,Month-to-month,Yes,Credit card (automatic),49.99,694.8,No
customerID-004816,Male,1,No,No,17,Yes,No phone service,DSL,No,No,No,No,No,Yes,One year,No,Mailed check,47.42,993.61,No
customerID-004817,Male,0,No,No,15,Yes,No phone service,DSL,Yes,No,No,No,Yes,No,Month-to-month,No,Mailed check,57.09,1001.13,No
customerID-004819,Male,1,Yes,No,59,No,No phone service,Fiber optic,Yes,No,No,Yes,No,No,Month-to-month,Yes,Mailed check,46.23,334.82,No
customerID-004823,Male,0,No,No,10,Yes,No phone service,DSL,Yes,Yes,Yes,No,No,No,One year,No,Electronic check,50.43,473.7,No
customerID-004824,Male,1,No,No,32,Yes,No phone service,DSL,No,Yes,Yes,No,No,Yes,Month-to-month,Yes,Electronic check,47.27,241.74,No
customerID-004825,Male,1,No,No,35,No,Yes,Fiber optic,Yes,No,No,No,No,Yes,Month-to-month,Yes,Credit card (automatic),26.77,864.08,No
customerID-004826,Male,2,No,No,10,Yes,No,DSL,Yes,No,Yes,Yes,Yes,No,Month-to-month,Yes,Credit card (automatic),61.52,273.51,No
customerID-004828,Female,1,No,No,2,Yes,No,Fiber optic,No,No,Yes,No,No,No,One year,No,Electronic check,48.6,1399.18,No
customerID-004831,Male,1,No,No,19,Yes,Yes,DSL,No,No,Yes,No,Yes,No,Month-to-month,Yes,Bank transfer (automatic),37.59,407.75,No
customerID-004834,Male,0,No,No,21,No,No,Fiber optic,No,No,No,Yes,No,No,Month-to-month,Yes,Mailed check,108.54,2408.47,Yes
customerID-004837,Female,1,No,No,47,No,No,DSL,Yes,Yes,Yes,No,No,Yes,Month-to-month,Yes,Bank transfer (automatic),86.5,366.99,No
customerID-004840,Female,0,No,No,11,No,Yes,DSL,No,No,Yes,No,No,No,Month-to-month,Yes,Credit card (automatic),31.84,1155.67,No
customerID-004841,Female,1,No,No,,Yes,No phone service,DSL,Yes,Yes,No,No,Yes,No,Month-to-month,Yes,Bank transfer (automatic),,1405.58,No
customerID-004844,Female,1,No,No,9,No,No phone service,DSL,Yes,No,Yes,No,No,Yes,Month-to-month,Yes,Credit card (automatic),86.52,863.31,No
customerID-004846,Male,1,No,No,7,Yes,No,Fiber optic,Yes,Yes,No,No,No,No,Month-to-month,Yes,Electronic check,40.28,1129.6,No
customerID-004851,Female,0,No,No,4,Yes,No phone service,DSL,No,No,Yes,Yes,No,Yes,Month-to-month,No,Mailed check,38.73,751.44,No
customerID-004853,Female,0,No,No,56,Yes,No,DSL,No,No,No,No,No,Yes,Month-to-month,Yes,Electronic check,51.73,714.25,No
customerID-004854,Female,0,No,No,12,Yes,No,DSL,No,Yes,Yes,No,No,Yes,Month-to-month,Yes,Credit card (automatic),43.03,630.89,No
customerID-004857,Male,2,No,No,5,Yes,No,DSL,No,No,Yes,No,No,No,One year,No,Mailed check,64.64,774.93,No
customerID-004861,Male,0,Yes,No,10,No,No phone service,Fiber optic,No,No,No,No,Yes,Yes,One year,Yes,Mailed check,15.08,427.97,No
customerID-004868,Female,1,No,No,89,No,Yes,DSL,Yes,Yes,Yes,No,No,Yes,Month-to-month,No,Mailed check,81.34,1103.82,No
customerID-004869,Male,0,No,No,4,No,Yes,Fiber optic,No,No,Yes,No,No,Yes,Month-to-month,No,Mailed check,41.02,1736.18,No
customerID-004870,Male,1,Yes,No,8,Yes,No,Fiber optic,No,Yes,Yes,No,No,No,Month-to-month,No,Credit card (automatic),,257.95,No
customerID-004871,Male,0,No,No,9,No,No phone service,DSL,Yes,No,Yes,No,No,No,Month-to-month,No,Electronic check,34.81,1435.39,No
customerID-004872,Male,0,Yes,No,4,Yes,No phone service,Fiber optic,Yes,Yes,Yes,No,Yes,No,One year,Yes,Electronic check,,654.48,No
customerID-004874,Female,1,No,No,41,No,No phone service,DSL,Yes,No,No,No,Yes,No,One year,No,Bank transfer (automatic),26.43,124.24,No
customerID-004878,Female,1,No,No,7,No,No phone service,DSL,Yes,No,No,No,No,Yes,Month-to-month,Yes,Mailed check,15.91,2769.91,No
customerID-004881,Female,0,Yes,No,5,Yes,Yes,DSL,No,No,No,No,No,No,One year,Yes,Mailed check,130.35,572.83,No
customerID-004885,Female,1,Yes,No,6,Yes,Yes,DSL,Yes,Yes,No,No,Yes,No,Month-to-month,No,Electronic check,42.07,775.86,No
customerID-004890,Female,0,No,No,2,Yes,No,Fiber optic,No,Yes,Yes,No,Yes,No,One year,No,Electronic check,66.98,398.27,No
customerID-004900,Male,1,No,No,4,Yes,No phone service,Fiber optic,Yes,Yes,Yes,No,No,No,One year,Yes,Mailed check,45.89,263.59,No
customerID-004902,Female,2,Yes,No,12,No,No,Fiber optic,No,Yes,Yes,No,No,No,One year,Yes,Credit card (automatic),42.8,680.66,No
customerID-004906,Female,1,No,No,51,Yes,Yes,Fiber optic,Yes,Yes,No,No,No,Yes,Month-to-month,Yes,Mailed check,59.59,2047.23,No
customerID-004908,Male,0,No,No,10,No,No phone service,Fiber optic,Yes,Yes,Yes,No,Yes,Yes,Month-to-month,Yes,Mailed check,36.69,359.38,No
customerID-004912,Female,0,No,No,4,No,No phone service,DSL,Yes,No,Yes,No,No,No,Month-to-month,Yes,Mailed check,25.03,403.56,No
customerID-004914,Male,1,No,No,4,No,Yes,Fiber optic,Yes,No,Yes,Yes,No,No,Month-to-month,Yes,Mailed check,43.7,303.29,No
customerID-004916,Female,0,No,No,18,No,No phone service,DSL,Yes,Yes,Yes,Yes,No,No,One year,Yes,Mailed check,47.82,974.22,No
customerID-004918,Female,0,No,No,22,Yes,Yes,DSL,No,Yes,Yes,No,No,No,One year,Yes,Credit card (automatic),84.77,1020.92,No
customerID-004919,Female,0,No,No,34,Yes,Yes,Fiber optic,No,Yes,Yes,No,No,No,Month-to-month,Yes,Mailed check,48.57,101.43,No
customerID-004920,Female,0,No,No,3,Yes,No phone service,DSL,No,No,Yes,Yes,Yes,No,Month-to-month,No,Mailed check,60.03,154.52,No
customerID-004922,Female,2,No,No,12,Yes,No phone service,DSL,No,Yes,No,No,No,No,One year,No,Mailed check,74.65,226.95,No
customerID-004927,Female,0,No,No,9,No,No,DSL,No,No,Yes,No,No,No,Month-to-month,Yes,Mailed check,56.57,509.41,No
customerID-004935,Male,0,Yes,No,15,Yes,No phone service,DSL,Yes,Yes,Yes,Yes,No,No,Month-to-month,Yes,Mailed check,38.89,704.19,Yes
customerID-004940,Male,0,No,No,16,Yes,Yes,DSL,Yes,Yes,Yes,Yes,No,No,One year,No,Bank transfer (automatic),28.57,896.0,No
customerID-004941,Female,0,Yes,No,14,No,Yes,Fiber optic,Yes,Yes,Yes,No,No,No,Month-to-month,No,Mailed check,169.45,347.95,No
customerID-004943,Female,1,No,No,29,No,No phone service,DSL,Yes,No,Yes,Yes,No,Yes,One year,No,Mailed check,51.05,115.58,No
customerID-004944,Male,0,Yes,No,11,Yes,No,DSL,No,Yes,No,Yes,No,Yes,Month-to-month,Yes,Bank transfer (automatic),21.76,1440.64,No
customerID-004946,Female,0,No,No,30,Yes,No,DSL,Yes,Yes,Yes,No,No,Yes,One year,No,Mailed check,72.63,1418.36,No
customerID-004947,Female,0,No,No,38,Yes,Yes,DSL,Yes,Yes,No,No,No,No,One year,No,Mailed check,127.25,527.7,No
customerID-004956,Male,0,No,No,,No,No phone service,DSL,Yes,No,Yes,Yes,No,No,Month-to-month,Yes,Bank transfer (automatic),46.17,990.95,No
customerID-004957,Male,1,Yes,No,16,No,No phone service,DSL,Yes,No,No,Yes,No,No,One year,No,Mailed check,21.89,79.68,No
customerID-004962,Female,0,Yes,No,,No,Yes,DSL,Yes,No,No,No,No,No,Month-to-month,Yes,Credit card (automatic),12.57,663.47,No
customerID-004963,Female,0,No,No,4,Yes,No phone service,DSL,No,No,No,Yes,Yes,No,One year,No,Mailed check,89.77,319.26,No
customerID-004965,Male,0,No,No,11,Yes,No phone service,DSL,Yes,Yes,Yes,No,No,No,Month-to-month,No,Mailed check,32.92,865.61,No
customerID-004966,Male,0,No,No,14,Yes,No,DSL,No,No,Yes,No,Yes,No,Month-to-month,No,Mailed check,111.21,223.77,No
customerID-004968,Male,0,No,No,19,No,Yes,DSL,No,No,No,No,No,No,One year,Yes,Electronic check,98.44,1096.55,No
customerID-004969,Male,1,No,No,18,Yes,No,DSL,No,No,No,Yes,No,No,One year,No,Credit card (automatic),,242.6,No
customerID-004971,Male,0,No,No,4,No,No,DSL,Yes,Yes,No,No,Yes,No,One year,Yes,Bank transfer (automatic),36.46,253.44,Yes
customerID-004989,Female,2,No,No,5,Yes,No,Fiber optic,Yes,Yes,No,No,No,No,Month-to-month,Yes,Credit card (automatic),,288.74,No
customerID-004996,Female,1,No,No,7,Yes,No phone service,Fiber optic,Yes,Yes,Yes,No,No,No,Month-to-month,No,Credit card (automatic),74.99,646.99,No
customerID-005000,Female,0,No,No,4,Yes,No phone service,Fiber optic,Yes,No,No,Yes,No,No,One year,No,Mailed check,123.48,1059.54,No
customerID-005002,Male,1,No,No,18,Yes,No,DSL,Yes,No,Yes,No,Yes,Yes,Month-to-month,No,Bank transfer (automatic),47.25,266.43,No
customerID-005013,Male,0,No,No,6,Yes,No,DSL,No,No,Yes,No,No,Yes,Month-to-month,No,Credit card (automatic),17.85,234.57,No
customerID-005016,Female,1,No,No,11,No,No,DSL,Yes,Yes,No,No,No,Yes,Month-to-month,Yes,Electronic check,24.77,378.21,No
customerID-005017,Male,0,No,No,12,Yes,No,DSL,No,No,No,Yes,No,No,Month-to-month,No,Credit card (automatic),27.75,548.23,No
customerID-005021,Male,0,No,No,62,Yes,No phone service,DSL,Yes,No,Yes,Yes,Yes,No,Month-to-month,No,Mailed check,65.82,1144.42,No
customerID-005024,Female,1,Yes,No,5,No,No,DSL,No,No,Yes,No,No,No,One year,No,Bank transfer (automatic),16.38,3749.15,No
customerID-005027,Female,0,Yes,No,19,No,No,Fiber optic,Yes,No,No,Yes,No,Yes,Month-to-month,Yes,Mailed check,,763.94,No
customerID-005028,Male,0,No,No,4,No,No,Fiber optic,Yes,Yes,No,No,No,No,One year,Yes,Bank transfer (automatic),132.79,2327.79,No
customerID-005029,Male,1,No,No,2,Yes,No phone service,DSL,No,No,No,No,Yes,Yes,One year,Yes,Mailed check,70.5,1145.06,No
customerID-005030,Female,1,Yes,No,6,No,No,DSL,Yes,No,Yes,No,No,Yes,Month-to-month,No,Mailed check,24.5,111.48,No
customerID-005032,Male,1,No,No,35,Yes,No,DSL,No,No,Yes,No,No,No,One year,Yes,Electronic check,19.33,522.89,Yes
customerID-005038,Male,0,No,No,42,No,No phone service,DSL,No,No,No,No,No,No,Month-to-month,No,Bank transfer (automatic),35.98,3749.15,No
customerID-005045,Male,1,No,No,30,No,Yes,DSL,Yes,No,Yes,No,No,No,Month-to-month,No,Bank transfer (automatic),74.54,122.98,Yes
customerID-005049,Female,1,No,No,17,Yes,No phone service,DSL,Yes,Yes,No,No,Yes,No,Month-to-month,Yes,Bank transfer (automatic),68.48,143.29,No
customerID-005055,Female,0,Yes,No,2,Yes,No phone service,Fiber optic,No,Yes,No,No,No,No,One year,Yes,Bank transfer (automatic),23.63,213.19,No
customerID-005056,Female,1,No,No,12,No,No phone service,DSL,No,Yes,Yes,No,No,No,One year,Yes,Credit card (automatic),62.68,1497.63,No
customerID-005060,Male,0,No,No,5,No,Yes,DSL,Yes,No,No,No,No,No,Month-to-month,No,Bank transfer (automatic),51.94,514.48,No
customerID-005061,Male,0,No,No,26,Yes,No phone service,DSL,Yes,Yes,No,No,No,No,Month-to-month,No,Electronic check,54.39,404.21,Yes
customerID-005069,Female,0,Yes,No,6,No,No,DSL,Yes,Yes,No,No,No,No,One year,Yes,Mailed check,58.34,837.96,No
customerID-005071,Male,0,No,No,15,No,No phone service,Fiber optic,Yes,No,Yes,Yes,No,No,One year,No,Bank transfer (automatic),55.85,293.53,No
customerID-005080,Male,0,No,No,81,Yes,No,Fiber optic,No,No,Yes,No,No,No,Month-to-month,Yes,Electronic check,,856.18,No
customerID-005083,Male,1,Yes,No,3,No,No,Fiber optic,No,Yes,No,Yes,No,No,One year,Yes,Mailed check,63.44,528.39,No
customerID-005087,Female,0,Yes,No,9,Yes,No phone service,DSL,Yes,Yes,No,No,No,No,One year,Yes,Credit card (automatic),23.38,219.09,No
customerID-005088,Male,0,No,No,,No,Yes,DSL,Yes,Yes,No,No,No,No,Month-to-month,Yes,Electronic check,,790.24,No
customerID-005090,Male,1,Yes,No,32,Yes,No phone service,Fiber optic,Yes,No,Yes,No,No,No,Month-to-month,Yes,Mailed check,169.45,1146.86,No
customerID-005092,Male,0,No,No,31,No,No,DSL,Yes,Yes,No,No,Yes,No,Month-to-month,No,Electronic check,,622.94,No
customerID-005093,Male,1,No,No,2,No,No phone service,Fiber optic,No,No,Yes,No,Yes,No,Month-to-month,Yes,Electronic check,,1468.8,No
customerID-005096,Female,0,No,No,4,No,Yes,DSL,No,Yes,Yes,No,Yes,Yes,Month-to-month,No,Credit card (automatic),,425.38,No
customerID-005104,Male,0,Yes,No,3,Yes,Yes,DSL,No,Yes,No,Yes,No,No,One year,No,Electronic check,72.92,910.65,Yes
customerID-005111,Male,0,Yes,No,40,Yes,No phone service,DSL,Yes,No,Yes,No,No,No,Month-to-month,Yes,Mailed check,37.26,362.51,No
customerID-005114,Female,0,No,No,6,No,Yes,DSL,No,Yes,Yes,Yes,No,Yes,Month-to-month,Yes,Bank transfer (automatic),33.56,364.94,No
customerID-005115,Male,1,No,No,32,No,No phone service,DSL,Yes,No,Yes,No,No,No,One year,Yes,Mailed check,53.04,299.74,No
customerID-005117,Male,1,No,No,4,Yes,No,Fiber optic,No,No,No,No,No,Yes,One year,Yes,Bank transfer (automatic),66.07,3438.79,No
customerID-005118,Female,1,Yes,No,9,No,No phone service,DSL,Yes,Yes,Yes,Yes,No,No,Month-to-month,Yes,Credit card (automatic),101.02,791.33,No
customerID-005121,Male,0,Yes,No,2,Yes,No phone service,DSL,Yes,No,No,No,No,Yes,Month-to-month,Yes,Bank transfer (automatic),69.66,235.45,No
customerID-005124,Male,1,No,No,9,Yes,No phone service,DSL,No,Yes,Yes,No,No,Yes,Month-to-month,Yes,Electronic check,40.08,376.84,No
customerID-005132,Male,0,Yes,No,5,Yes,No phone service,DSL,No,No,Yes,No,Yes,No,One year,Yes,Electronic check,76.41,156.07,No
customerID-005138,Female,0,No,No,31,Yes,No phone service,DSL,Yes,Yes,Yes,No,No,No,One year,Yes,Electronic check,137.17,754.07,No
customerID-005139,Male,1,No,No,15,Yes,No,DSL,Yes,No,No,No,No,No,Month-to-month,Yes,Credit card (automatic),56.36,874.82,No
customerID-005141,Male,1,Yes,No,3,Yes,No,DSL,Yes,No,Yes,No,Yes,No,Month-to-month,Yes,Mailed check,58.94,550.5,No
customerID-005143,Male,1,No,No,34,No,No,Fiber optic,Yes,No,No,No,Yes,No,One year,No,Mailed check,44.94,1819.56,Yes
customerID-005144,Female,0,No,No,9,Yes,No phone service,DSL,No,Yes,No,Yes,Yes,No,One year,Yes,Electronic check,20.5,349.8,No
customerID-005153,Female,0,No,No,9,Yes,No,DSL,Yes,No,Yes,No,No,Yes,One year,No,Mailed check,33.56,210.32,No
customerID-005164,Male,0,No,No,9,Yes,No phone service,DSL,Yes,No,Yes,Yes,No,Yes,Month-to-month,Yes,Bank transfer (automatic),96.43,1562.37,No
customerID-005169,Female,0,No,No,89,Yes,Yes,Fiber optic,Yes,Yes,Yes,No,No,No,One year,No,Mailed check,57.55,1933.89,No
customerID-005175,Male,0,Yes,No,5,No,Yes,DSL,No,Yes,No,Yes,No,Yes,One year,No,Electronic check,,2271.45,No
customerID-005177,Male,0,Yes,No,8,No,No,DSL,Yes,Yes,No,No,No,No,One year,Yes,Mailed check,,622.56,No
customerID-005186,Male,0,No,No,4,Yes,No phone service,DSL,No,No,Yes,No,No,No,Month-to-month,Yes,Electronic check,26.96,193.26,No
customerID-005187,Female,1,Yes,No,2,Yes,No,DSL,Yes,Yes,No,No,No,Yes,One year,No,Mailed check,128.04,1602.12,No
customerID-005189,Male,1,No,No,5,No,No phone service,DSL,Yes,No,Yes,No,No,Yes,One year,No,Credit card (automatic),21.35,1634.37,No
customerID-005190,Male,0,No,No,2,No,No phone service,DSL,No,No,Yes,No,No,No,Month-to-month,No,Mailed check,44.52,440.07,No
customerID-005191,Female,1,No,No,28,Yes,No phone service,DSL,Yes,Yes,Yes,Yes,Yes,No,Month-to-month,No,Credit card (automatic),57.45,121.44,No
customerID-005192,Male,0,No,No,65,Yes,No phone service,Fiber optic,Yes,No,Yes,No,No,Yes,Month-to-month,No,Electronic check,53.35,309.66,No
customerID-005194,Female,0,Yes,No,7,Yes,No,DSL,Yes,No,Yes,No,No,No,One year,No,Credit card (automatic),33.74,829.15,No
customerID-005201,Male,0,No,No,11,Yes,No phone service,DSL,Yes,No,Yes,No,No,No,Month-to-month,Yes,Bank transfer (automatic),32.6,594.63,No
customerID-005202,Male,2,No,No,8,Yes,No phone service,DSL,Yes,Yes,Yes,No,No,No,One year,Yes,Mailed check,59.15,1212.55,No
customerID-005204,Female,1,No,No,10,Yes,No phone service,Fiber optic,No,Yes,Yes,Yes,Yes,No,Month-to-month,Yes,Bank transfer (automatic),,967.87,No
customerID-005207,Female,0,Yes,No,16,Yes,No phone service,Fiber optic,No,No,Yes,Yes,No,No,Month-to-month,Yes,Bank transfer (automatic),101.39,876.7,No
customerID-005208,Male,1,No,No,89,No,No phone service,DSL,No,No,Yes,Yes,Yes,No,One year,No,Electronic check,61.64,2022.16,No
customerID-005209,Male,0,No,No,,No,No phone service,DSL,Yes,Yes,Yes,No,No,No,Month-to-month,No,Electronic check,20.9,413.71,No
customerID-005213,Male,0,Yes,No,2,Yes,No,Fiber optic,No,Yes,Yes,Yes,No,No,Month-to-month,Yes,Electronic check,32.8,2788.45,No
customerID-005214,Male,3,No,No,16,Yes,No,DSL,Yes,No,Yes,Yes,No,No,One year,No,Mailed check,22.17,1934.38,No
customerID-005218,Male,0,No,No,23,No,No,DSL,Yes,No,Yes,No,No,No,Month-to-month,Yes,Electronic check,32.72,1795.25,No
customerID-005222,Male,5,No,No,12,Yes,No,DSL,No,Yes,Yes,No,Yes,No,Month-to-month,Yes,Electronic check,84.98,883.89,No
customerID-005231,Female,0,No,No,15,Yes,No phone service,Fiber optic,Yes,No,Yes,No,No,No,One year,No,Electronic check,29.81,1479.97,Yes
customerID-005234,Female,1,Yes,No,23,Yes,No,DSL,No,Yes,Yes,No,No,No,Month-to-month,Yes,Credit card (automatic),57.65,337.13,No
customerID-005235,Male,0,No,No,14,No,No,DSL,Yes,No,Yes,No,No,No,Month-to-month,No,Bank transfer (automatic),53.24,3749.15,No
customerID-005236,Male,0,No,No,25,No,Yes,DSL,No,No,No,No,No,Yes,Month-to-month,No,Mailed check,60.69,2062.04,No
customerID-005237,Male,1,No,No,4,Yes,No phone service,DSL,Yes,No,Yes,No,No,No,Month-to-month,Yes,Mailed check,,330.3,No
customerID-005238,Female,0,No,No,9,Yes,No,DSL,No,No,Yes,No,No,No,One year,Yes,Electronic check,44.72,828.47,No
customerID-005254,Male,0,No,No,3,Yes,No,DSL,No,Yes,Yes,No,No,No,Month-to-month,Yes,Electronic check,39.37,142.36,No
customerID-005260,Female,0,No,No,20,No,No,DSL,No,No,Yes,No,Yes,No,One year,No,Electronic check,,519.34,No
customerID-005261,Female,0,No,No,41,Yes,No,DSL,Yes,Yes,No,No,No,No,Month-to-month,Yes,Electronic check,38.56,1229.93,No
customerID-005262,Female,0,Yes,No,1,No,No phone service,DSL,No,Yes,Yes,No,No,No,Month-to-month,No,Credit card (automatic),36.63,366.53,No
customerID-005263,Male,0,No,No,7,No,No,DSL,No,Yes,No,Yes,No,No,Month-to-month,No,Mailed check,28.8,2588.06,No
customerID-005264,Male,0,No,No,23,No,Yes,DSL,No,No,No,No,No,No,One year,Yes,Electronic check,38.42,481.75,Yes
customerID-005265,Male,1,No,No,3,Yes,Yes,DSL,Yes,Yes,Yes,No,Yes,No,Month-to-month,No,Bank transfer (automatic),37.54,2355.96,No
customerID-005266,Male,2,No,No,31,Yes,No,DSL,No,Yes,Yes,Yes,No,No,Month-to-month,Yes,Mailed check,33.32,1486.18,No
customerID-005268,Male,1,No,No,9,Yes,No phone service,DSL,No,Yes,Yes,Yes,Yes,Yes,Month-to-month,Yes,Credit card (automatic),26.44,1912.64,Yes
customerID-005269,Male,0,Yes,No,26,Yes,No phone service,DSL,Yes,Yes,Yes,No,No,Yes,Month-to-month,Yes,Bank transfer (automatic),16.99,367.58,Yes
customerID-005270,Male,0,Yes,No,12,No,No phone service,DSL,No,No,Yes,Yes,No,Yes,One year,No,Mailed check,24.25,945.53,No
customerID-005271,Male,0,No,No,23,Yes,No,DSL,No,No,Yes,No,No,No,Month-to-month,No,Mailed check,87.03,1012.59,No
customerID-005275,Male,1,No,No,8,Yes,No,DSL,Yes,No,No,No,No,No,One year,No,Bank transfer (automatic),20.63,712.9,No
customerID-005281,Male,0,No,No,4,Yes,Yes,Fiber optic,Yes,Yes,Yes,No,No,Yes,One year,Yes,Mailed check,45.7,2966.11,No
customerID-005282,Female,2,No,No,4,No,No,DSL,No,No,Yes,No,No,No,One year,No,Mailed check,46.56,549.93,No
customerID-005283,Female,0,Yes,No,4,Yes,No phone service,Fiber optic,Yes,No,Yes,No,No,No,Month-to-month,No,Credit card (automatic),33.96,572.23,No
customerID-005287,Female,0,Yes,No,2,Yes,Yes,Fiber optic,No,No,Yes,No,No,No,Month-to-month,Yes,Electronic check,47.7,1693.59,No
customerID-005288,Female,1,Yes,No,7,Yes,Yes,Fiber optic,Yes,No,No,No,No,No,One year,No,Credit card (automatic),50.58,424.31,No
customerID-005293,Male,0,No,No,3,Yes,No phone service,Fiber optic,Yes,No,Yes,No,No,No,One year,Yes,Mailed check,134.33,232.24,No
customerID-005295,Male,0,No,No,2,Yes,No phone service,DSL,Yes,Yes,Yes,No,No,No,One year,No,Mailed check,78.38,204.17,No
customerID-005303,Male,0,No,No,5,No,No,DSL,No,No,No,No,Yes,No,One year,Yes,Electronic check,69.56,429.02,No
customerID-005304,Female,0,No,No,8,Yes,No,DSL,Yes,Yes,Yes,No,No,Yes,One year,Yes,Electronic check,36.45,1138.35,No
customerID-005305,Male,0,No,No,89,Yes,No phone service,DSL,Yes,Yes,Yes,No,Yes,No,Month-to-month,Yes,Mailed check,26.7,651.02,No
customerID-005307,Male,0,No,No,25,Yes,No phone service,DSL,Yes,Yes,Yes,Yes,No,No,One year,Yes,Bank transfer (automatic),40.12,215.08,No
customerID-005310,Male,1,Yes,No,25,No,No phone service,Fiber optic,No,Yes,Yes,No,No,No,Month-to-month,Yes,Mailed check,48.59,280.67,Yes
customerID-005311,Male,1,No,No,19,Yes,No,DSL,No,No,Yes,No,No,No,One year,Yes,Bank transfer (automatic),27.68,161.71,No
customerID-005312,Female,0,No,No,10,Yes,No phone service,DSL,No,Yes,Yes,No,Yes,No,One year,No,Electronic check,28.41,409.44,No
customerID-005316,Female,0,No,No,19,Yes,No phone service,DSL,No,No,Yes,No,No,No,Month-to-month,No,Mailed check,50.0,498.34,No
customerID-005328,Female,0,No,No,5,Yes,No,Fiber optic,Yes,No,Yes,No,Yes,No,Month-to-month,No,Electronic check,45.6,2397.41,No
customerID-005331,Female,3,No,No,9,No,No phone service,Fiber optic,No,No,No,No,No,No,Month-to-month,No,Bank transfer (automatic),41.72,689.88,No
customerID-005333,Male,0,Yes,No,19,Yes,No phone service,DSL,Yes,Yes,Yes,No,No,No,Month-to-month,No,Credit card (automatic),161.22,530.54,No
customerID-005339,Female,1,No,No,6,Yes,No,DSL,No,No,Yes,Yes,No,Yes,One year,No,Credit card (automatic),35.67,1143.12,No
customerID-005341,Female,1,No,No,3,No,No phone service,DSL,No,Yes,No,No,No,No,Month-to-month,No,Credit card (automatic),72.65,853.62,No
customerID-005346,Female,0,No,No,8,Yes,No,DSL,Yes,Yes,Yes,No,No,No,One year,No,Mailed check,76.97,348.61,No
customerID-005347,Male,1,No,No,5,Yes,No,DSL,Yes,No,Yes,No,Yes,No,Month-to-month,No,Credit card (automatic),32.38,1107.26,No
customerID-005348,Male,3,No,No,10,Yes,No phone service,DSL,Yes,No,No,No,No,No,One year,Yes,Mailed check,62.35,2863.66,No
customerID-005350,Female,1,No,No,19,Yes,No phone service,Fiber optic,No,Yes,No,No,No,No,Month-to-month,No,Bank transfer (automatic),29.0,473.2,No
customerID-005352,Female,0,Yes,No,11,Yes,No phone service,Fiber optic,No,Yes,Yes,No,No,No,Month-to-month,Yes,Mailed check,25.68,2040.88,No
customerID-005353,Female,0,No,No,15,Yes,No phone service,Fiber optic,Yes,No,No,No,No,No,Month-to-month,No,Bank transfer (automatic),96.36,2069.55,No
customerID-005355,Male,1,No,No,8,Yes,No,DSL,Yes,No,Yes,No,Yes,No,Month-to-month,No,Credit card (automatic),59.82,1745.26,No
customerID-005356,Female,1,Yes,No,31,Yes,No,DSL,Yes,No,No,No,Yes,No,Month-to-month,No,Bank transfer (automatic),25.54,561.1,No
customerID-005357,Male,0,No,No,15,No,No,DSL,Yes,Yes,Yes,No,Yes,No,One year,No,Bank transfer (automatic),17.77,554.71,No
customerID-005361,Male,0,No,No,8,No,No,DSL,No,Yes,Yes,No,No,No,One year,Yes,Mailed check,65.9,1801.69,No
customerID-005362,Male,0,No,No,5,No,No,Fiber optic,Yes,No,Yes,No,No,No,One year,Yes,Electronic check,68.74,145.25,No
customerID-005368,Male,0,Yes,No,19,No,No phone service,DSL,No,Yes,Yes,Yes,Yes,No,Month-to-month,No,Mailed check,68.37,551.36,No
customerID-005370,Female,1,No,No,19,Yes,No phone service,DSL,No,No,Yes,No,No,Yes,Month-to-month,Yes,Electronic check,47.56,477.66,No
customerID-005374,Male,0,No,No,38,Yes,No,DSL,Yes,No,Yes,No,No,No,One year,No,Electronic check,45.94,1013.93,No
customerID-005381,Female,0,Yes,No,17,No,No,DSL,Yes,No,No,No,Yes,No,One year,Yes,Bank transfer (automatic),128.35,411.21,No
customerID-005389,Male,1,No,No,4,No,No phone service,Fiber optic,Yes,Yes,Yes,No,No,No,Month-to-month,No,Mailed check,52.31,745.11,No
customerID-005390,Female,0,No,No,2,Yes,No,DSL,Yes,Yes,No,Yes,No,No,One year,No,Bank transfer (automatic),36.86,3749.15,No
customerID-005392,Female,1,No,No,8,No,No,Fiber optic,Yes,Yes,Yes,No,No,No,Month-to-month,Yes,Mailed check,35.61,3749.15,No
customerID-005393,Male,0,No,No,7,Yes,No,Fiber optic,Yes,No,No,No,No,Yes,Month-to-month,No,Mailed check,16.98,905.31,No
customerID-005396,Female,0,No,No,16,Yes,No,DSL,Yes,No,No,No,Yes,No,Month-to-month,Yes,Mailed check,34.33,1025.51,No
customerID-005397,Male,0,No,No,5,No,No phone service,Fiber optic,Yes,No,No,No,No,No,Month-to-month,No,Mailed check,,1379.79,No
customerID-005407,Female,0,Yes,No,5,Yes,No phone service,Fiber optic,No,Yes,Yes,Yes,Yes,Yes,Month-to-month,No,Electronic check,,388.23,No
customerID-005411,Male,0,No,No,14,No,No,DSL,No,No,Yes,No,No,No,One year,Yes,Mailed check,74.39,599.3,No
customerID-005412,Male,0,Yes,No,27,Yes,No,DSL,Yes,Yes,No,No,No,No,Month-to-month,Yes,Bank transfer (automatic),88.04,1171.32,No
customerID-005413,Female,0,No,No,31,Yes,No phone service,DSL,Yes,No,Yes,No,No,No,Month-to-month,Yes,Electronic check,127.4,1312.58,No
customerID-005414,Male,0,No,No,54,Yes,No phone service,DSL,Yes,No,Yes,Yes,No,Yes,Month-to-month,Yes,Mailed check,25.01,574.24,Yes
customerID-005417,Female,1,Yes,No,7,Yes,No,DSL,Yes,Yes,No,No,No,No,Month-to-month,No,Electronic check,64.73,999.85,No
customerID-005419,Male,0,No,No,7,No,No,DSL,No,No,Yes,No,No,Yes,Month-to-month,No,Bank transfer (automatic),64.29,1202.59,No
customerID-005421,Female,0,Yes,No,9,No,No,DSL,Yes,No,Yes,No,No,No,Month-to-month,No,Bank transfer (automatic),32.21,305.75,No
customerID-005422,Female,1,No,No,29,No,Yes,DSL,Yes,No,No,Yes,No,No,One year,Yes,Mailed check,110.39,778.33,No
customerID-005424,Male,0,Yes,No,26,No,No,DSL,Yes,No,Yes,Yes,No,No,Month-to-month,No,Mailed check,38.43,262.69,No
customerID-005425,Male,0,No,No,18,No,No phone service,DSL,Yes,No,Yes,No,No,No,Month-to-month,No,Credit card (automatic),72.66,1531.93,No
customerID-005427,Male,1,No,No,16,No,No,DSL,Yes,No,No,No,No,Yes,Month-to-month,Yes,Mailed check,26.82,1059.88,Yes
customerID-005428,Female,0,Yes,No,22,Yes,No phone service,Fiber optic,Yes,Yes,Yes,No,No,Yes,One year,Yes,Bank transfer (automatic),,471.43,No
customerID-005431,Female,0,No,No,16,Yes,No,DSL,Yes,No,No,No,No,Yes,One year,No,Bank transfer (automatic),34.55,778.25,No
customerID-005435,Female,0,Yes,No,8,Yes,No phone service,DSL,Yes,Yes,No,Yes,No,No,Month-to-month,Yes,Mailed check,95.99,507.94,No
customerID-005436,Male,1,No,No,10,No,No phone service,DSL,No,Yes,No,No,No,No,Month-to-month,Yes,Electronic check,,255.69,No
customerID-005439,Female,3,No,No,22,Yes,No phone service,DSL,Yes,No,No,No,No,Yes,One year,No,Electronic check,15.65,229.8,No
customerID-005441,Male,0,No,No,11,Yes,Yes,DSL,Yes,No,Yes,No,No,No,Month-to-month,No,Bank transfer (automatic),49.2,904.25,No
customerID-005444,Male,0,No,No,5,Yes,No,DSL,No,No,Yes,No,No,Yes,One year,Yes,Mailed check,35.64,183.68,No
customerID-005446,Male,0,No,No,8,Yes,No phone service,DSL,No,No,No,Yes,Yes,Yes,Month-to-month,No,Mailed check,37.79,1147.73,No
customerID-005450,Male,3,No,No,7,Yes,No phone service,DSL,Yes,No,Yes,Yes,No,No,Month-to-month,No,Bank transfer (automatic),46.78,333.96,No
customerID-005451,Male,0,No,No,27,Yes,No,DSL,Yes,Yes,Yes,No,Yes,No,Month-to-month,No,Electronic check,59.68,2250.72,No
customerID-005452,Male,0,No,No,8,No,No,DSL,No,No,Yes,No,No,No,One year,Yes,Credit card (automatic),49.73,2728.8,Yes
customerID-005457,Female,1,No,No,3,Yes,No,DSL,Yes,Yes,No,No,No,Yes,One year,Yes,Mailed check,30.37,250.08,No
customerID-005458,Male,1,No,No,,Yes,No phone service,Fiber optic,No,Yes,Yes,Yes,No,No,One year,Yes,Mailed check,41.52,281.52,No
customerID-005461,Female,1,Yes,No,7,Yes,No,DSL,Yes,No,No,Yes,No,No,One year,Yes,Mailed check,83.93,1161.23,No
customerID-005471,Female,1,No,No,26,No,No phone service,DSL,Yes,No,Yes,No,No,No,Month-to-month,No,Electronic check,76.86,1002.2,No
customerID-005473,Female,0,Yes,No,18,No,No,DSL,Yes,No,Yes,Yes,No,No,Month-to-month,Yes,Mailed check,26.97,346.16,No
customerID-005474,Female,0,No,No,55,Yes,No phone service,DSL,No,No,Yes,No,No,No,One year,No,Electronic check,121.24,2352.42,No
customerID-005476,Male,0,No,No,14,Yes,No,DSL,Yes,Yes,No,Yes,No,No,Month-to-month,Yes,Electronic check,36.06,776.35,No
customerID-005478,Male,0,No,No,35,No,Yes,DSL,Yes,Yes,No,No,No,No,Month-to-month,No,Mailed check,20.98,897.83,No
customerID-005479,Male,1,No,No,1,Yes,No phone service,Fiber optic,No,Yes,Yes,No,No,No,One year,Yes,Credit card (automatic),41.57,711.12,No
customerID-005482,Female,1,No,No,21,No,Yes,DSL,No,No,Yes,No,No,Yes,One year,Yes,Electronic check,58.04,320.6,No
customerID-005484,Male,0,No,No,12,No,No,Fiber optic,Yes,Yes,No,Yes,No,No,One year,Yes,Electronic check,32.7,809.82,No
customerID-005486,Female,0,Yes,No,26,Yes,No phone service,DSL,No,Yes,No,No,No,No,One year,Yes,Mailed check,95.34,984.07,No
customerID-005487,Male,1,No,No,6,No,No phone service,Fiber optic,No,Yes,Yes,No,Yes,Yes,Month-to-month,No,Electronic check,,568.99,No
customerID-005488,Male,2,No,No,18,Yes,No,DSL,No,No,No,No,Yes,No,One year,No,Mailed check,45.3,764.66,No
customerID-005498,Male,0,No,No,11,No,Yes,Fiber optic,Yes,No,Yes,No,No,No,One year,Yes,Credit card (automatic),55.11,1121.02,No
customerID-005499,Female,0,No,No,13,No,Yes,DSL,Yes,No,No,Yes,No,No,One year,No,Mailed check,52.83,421.29,No
customerID-005501,Male,0,No,No,29,No,No phone service,Fiber optic,No,No,Yes,No,No,No,One year,No,Electronic check,133.08,1140.99,No
customerID-005502,Female,1,No,No,43,Yes,Yes,DSL,Yes,Yes,No,No,No,Yes,Month-to-month,Yes,Electronic check,47.65,2400.51,No
customerID-005505,Male,0,No,No,10,Yes,No phone service,Fiber optic,Yes,No,No,No,No,No,Month-to-month,No,Bank transfer (automatic),169.45,1255.55,No
customerID-005511,Male,1,No,No,29,No,No,DSL,No,Yes,No,No,Yes,No,Month-to-month,Yes,Mailed check,25.97,165.97,Yes
customerID-005526,Female,0,Yes,No,5,Yes,No phone service,DSL,No,Yes,Yes,No,No,No,One year,Yes,Electronic check,40.91,1905.54,No
customerID-005527,Female,1,No,No,54,Yes,Yes,Fiber optic,Yes,Yes,Yes,No,No,Yes,Month-to-month,No,Electronic check,30.39,2279.87,Yes
customerID-005529,Female,2,Yes,No,1,Yes,Yes,DSL,No,No,No,Yes,No,Yes,One year,Yes,Mailed check,46.26,761.53,No
customerID-005534,Male,1,No,No,9,No,No phone service,DSL,Yes,No,No,No,No,No,One year,No,Mailed check,31.26,1374.36,No
customerID-005543,Female,0,No,No,52,No,No phone service,DSL,Yes,No,Yes,No,Yes,No,One year,Yes,Mailed check,55.23,1323.55,No
customerID-005544,Male,1,No,No,12,No,No phone service,DSL,Yes,No,No,No,No,No,Month-to-month,Yes,Bank transfer (automatic),,3507.23,No
customerID-005549,Male,1,Yes,No,34,Yes,Yes,DSL,No,Yes,Yes,No,Yes,No,Month-to-month,No,Credit card (automatic),33.97,1303.44,Yes
customerID-005553,Female,0,No,No,9,No,No,DSL,Yes,No,No,No,Yes,No,Month-to-month,No,Mailed check,72.45,2153.96,No
customerID-005554,Female,3,No,No,7,No,No,DSL,No,No,Yes,No,No,Yes,One year,Yes,Credit card (automatic),45.32,219.73,No
customerID-005559,Female,0,No,No,9,Yes,No,Fiber optic,Yes,Yes,No,No,No,No,Month-to-month,Yes,Mailed check,78.47,3749.15,No
customerID-005560,Female,0,No,No,16,No,Yes,DSL,Yes,No,Yes,No,Yes,No,One year,Yes,Mailed check,9.32,318.06,No
customerID-005562,Male,1,No,No,23,Yes,Yes,DSL,No,Yes,No,Yes,No,Yes,Month-to-month,Yes,Bank transfer (automatic),13.97,1320.02,No
customerID-005566,Male,0,Yes,No,10,Yes,No,DSL,Yes,No,No,No,No,No,Month-to-month,Yes,Credit card (automatic),111.09,2316.09,Yes
customerID-005569,Female,0,No,No,9,Yes,No,Fiber optic,No,No,No,Yes,No,No,One year,No,Bank transfer (automatic),91.01,718.79,No
customerID-005571,Female,0,Yes,No,5,No,No,DSL,Yes,No,No,No,No,No,Month-to-month,No,Electronic check,32.01,1099.22,Yes
customerID-005577,Female,0,No,No,,Yes,No,DSL,Yes,No,Yes,No,No,Yes,Month-to-month,No,Mailed check,,1064.83,No
customerID-005583,Female,1,No,No,89,Yes,No,DSL,Yes,No,Yes,No,No,No,Month-to-month,No,Electronic check,115.1,1813.15,No
customerID-005587,Male,0,No,No,24,Yes,Yes,DSL,No,No,Yes,No,No,Yes,One year,Yes,Credit card (automatic),,584.4,No
customerID-005590,Male,0,Yes,No,5,No,No phone service,DSL,Yes,No,Yes,No,No,No,One year,Yes,Electronic check,75.42,791.51,No
customerID-005591,Female,0,No,No,46,Yes,No phone service,Fiber optic,No,No,Yes,Yes,Yes,No,Month-to-month,Yes,Credit card (automatic),74.87,87.27,No
customerID-005595,Male,2,No,No,11,No,Yes,DSL,Yes,No,No,No,No,No,One year,No,Electronic check,50.73,2785.27,No
customerID-005597,Male,1,Yes,No,14,Yes,No phone service,DSL,Yes,No,Yes,No,No,No,One year,No,Mailed check,21.43,1904.77,No
customerID-005601,Male,1,No,No,11,Yes,No phone service,Fiber optic,Yes,No,No,Yes,No,No,Month-to-month,No,Mailed check,39.29,3749.15,No
customerID-005606,Male,1,No,No,22,No,Yes,DSL,Yes,No,Yes,Yes,No,No,Month-to-month,Yes,Electronic check,33.26,171.53,No
customerID-005608,Female,0,No,No,3,Yes,No phone service,DSL,Yes,No,No,No,No,No,Month-to-month,Yes,Mailed check,38.46,145.53,No
customerID-005609,Male,0,Yes,No,4,Yes,No phone service,DSL,Yes,Yes,No,No,Yes,Yes,One year,Yes,Electronic check,167.17,119.64,No
customerID-005611,Male,0,Yes,No,13,Yes,No,DSL,Yes,No,Yes,No,No,No,Month-to-month,No,Bank transfer (automatic),61.04,376.33,No
customerID-005617,Male,0,No,No,40,No,No phone service,DSL,Yes,No,Yes,No,No,No,Month-to-month,No,Electronic check,81.63,222.11,No
customerID-005620,Male,1,No,No,31,No,No,Fiber optic,Yes,No,Yes,No,No,Yes,One year,No,Electronic check,26.49,37.32,Yes
customerID-005625,Male,1,No,No,18,No,No,Fiber optic,No,No,Yes,No,No,No,One year,Yes,Bank transfer (automatic),47.24,3749.15,No
customerID-005627,Male,2,No,No,14,Yes,Yes,DSL,No,No,Yes,No,No,Yes,One year,No,Credit card (automatic),58.81,1412.49,No
customerID-005629,Male,0,No,No,19,Yes,Yes,DSL,Yes,No,Yes,No,Yes,No,Month-to-month,No,Mailed check,54.9,1081.2,No
customerID-005631,Male,0,No,No,13,No,No,Fiber optic,Yes,Yes,No,No,Yes,No,Month-to-month,Yes,Credit card (automatic),39.6,1571.34,No
customerID-005632,Male,1,No,No,11,Yes,No phone service,Fiber optic,No,No,No,No,No,No,Month-to-month,No,Credit card (automatic),161.76,216.08,No
customerID-005643,Female,1,No,No,12,Yes,No phone service,DSL,No,No,No,No,No,No,One year,Yes,Bank transfer (automatic),93.37,1025.11,No
customerID-005645,Female,0,No,No,19,Yes,Yes,Fiber optic,Yes,Yes,Yes,No,No,Yes,Month-to-month,Yes,Credit card (automatic),30.78,1660.84,No
customerID-005648,Female,0,No,No,30,Yes,No phone service,DSL,Yes,No,No,No,Yes,No,One year,Yes,Mailed check,,874.49,No
customerID-005653,Male,2,Yes,No,17,No,No,DSL,Yes,Yes,No,No,No,No,One year,Yes,Electronic check,39.25,2600.4,Yes
customerID-005655,Male,0,Yes,No,14,Yes,No,Fiber optic,Yes,No,No,No,No,No,Month-to-month,Yes,Mailed check,126.41,433.01,No
customerID-005664,Male,1,Yes,No,13,Yes,No phone service,Fiber optic,Yes,No,Yes,No,No,No,One year,Yes,Mailed check,20.73,542.29,No
customerID-005665,Male,1,No,No,8,Yes,No,Fiber optic,No,No,No,No,No,Yes,Month-to-month,Yes,Credit card (automatic),95.54,340.43,No
customerID-005666,Male,1,No,No,8,No,No,Fiber optic,Yes,Yes,Yes,No,No,Yes,Month-to-month,Yes,Credit card (automatic),17.51,2200.48,No
customerID-005667,Male,1,No,No,9,No,No,DSL,Yes,Yes,No,No,No,No,Month-to-month,Yes,Mailed check,19.7,110.93,No
customerID-005670,Male,0,No,No,13,Yes,No phone service,DSL,Yes,Yes,Yes,Yes,No,No,One year,Yes,Electronic check,,1934.95,No
customerID-005672,Male,2,No,No,5,No,No,Fiber optic,Yes,No,Yes,No,Yes,Yes,Month-to-month,No,Bank transfer (automatic),42.67,694.18,No
customerID-005677,Female,1,No,No,8,No,Yes,DSL,Yes,Yes,No,No,No,No,Month-to-month,No,Mailed check,20.37,432.92,No
customerID-005680,Female,1,Yes,No,22,Yes,No,DSL,Yes,Yes,Yes,No,Yes,Yes,One year,Yes,Mailed check,,446.19,No
customerID-005682,Male,0,No,No,21,Yes,No,Fiber optic,Yes,No,Yes,No,Yes,No,One year,No,Bank transfer (automatic),83.21,620.73,No
customerID-005688,Male,0,Yes,No,17,Yes,No,DSL,No,No,Yes,No,No,No,Month-to-month,Yes,Bank transfer (automatic),115.8,581.26,No
customerID-005690,Male,1,Yes,No,41,No,No,Fiber optic,No,Yes,Yes,No,Yes,Yes,Month-to-month,Yes,Credit card (automatic),50.68,1958.92,No
customerID-005692,Male,0,No,No,17,Yes,No phone service,DSL,Yes,No,No,Yes,Yes,No,Month-to-month,Yes,Electronic check,39.5,473.66,No
customerID-005696,Male,0,Yes,No,21,Yes,Yes,DSL,No,No,Yes,Yes,No,No,Month-to-month,No,Electronic check,36.57,1110.04,No
customerID-005698,Male,1,No,No,9,No,Yes,Fiber optic,No,No,No,Yes,No,No,Month-to-month,Yes,Bank transfer (automatic),92.12,1081.72,No
customerID-005699,Male,0,No,No,5,No,No,DSL,No,Yes,Yes,No,No,No,Month-to-month,No,Electronic check,28.61,970.43,No
customerID-005701,Male,1,No,No,18,Yes,Yes,DSL,No,No,Yes,Yes,No,No,Month-to-month,No,Credit card (automatic),87.92,250.34,No
customerID-005703,Female,0,Yes,No,4,Yes,No phone service,DSL,Yes,No,Yes,No,No,No,One year,Yes,Mailed check,,1087.43,No
customerID-005704,Female,0,No,No,7,No,No phone service,DSL,No,No,Yes,No,No,No,Month-to-month,Yes,Credit card (automatic),29.68,1151.48,No
customerID-005705,Male,0,No,No,54,Yes,No,Fiber optic,Yes,Yes,No,Yes,Yes,No,Month-to-month,Yes,Mailed check,38.9,395.92,No
customerID-005709,Female,1,No,No,24,Yes,Yes,DSL,Yes,No,Yes,No,Yes,No,Month-to-month,No,Bank transfer (automatic),22.32,3749.15,No
customerID-005712,Male,1,Yes,No,89,No,No phone service,DSL,No,No,No,Yes,Yes,No,Month-to-month,No,Mailed check,47.88,961.38,Yes
customerID-005722,Male,0,Yes,No,14,Yes,No phone service,DSL,No,No,No,Yes,No,No,Month-to-month,Yes,Electronic check,59.04,1500.3,No
customerID-005723,Male,2,No,No,5,Yes,No phone service,DSL,Yes,No,Yes,No,No,No,Month-to-month,No,Mailed check,15.1,935.49,No
customerID-005725,Male,1,No,No,2,No,No phone service,DSL,Yes,No,No,Yes,No,No,Month-to-month,No,Mailed check,89.47,1132.58,No
customerID-005727,Female,0,No,No,78,Yes,No phone service,DSL,No,Yes,No,No,No,Yes,Month-to-month,Yes,Mailed check,73.13,1480.46,No
customerID-005732,Male,1,No,No,7,Yes,No,Fiber optic,Yes,No,Yes,Yes,Yes,No,One year,No,Bank transfer (automatic),21.75,298.2,No
customerID-005733,Female,0,No,No,3,Yes,Yes,DSL,No,Yes,No,Yes,Yes,No,Month-to-month,Yes,Electronic check,19.28,930.3,No
customerID-005737,Female,0,No,No,35,No,No,DSL,No,No,Yes,No,No,Yes,Month-to-month,No,Mailed check,58.71,240.67,No
customerID-005738,Female,1,No,No,8,Yes,No phone service,DSL,Yes,No,Yes,Yes,No,No,Month-to-month,Yes,Bank transfer (automatic),114.21,1419.83,No
customerID-005739,Male,0,No,No,20,Yes,No,DSL,No,Yes,Yes,No,No,Yes,One year,Yes,Bank transfer (automatic),65.14,983.06,No
customerID-005742,Female,0,No,No,16,No,No,Fiber optic,No,No,Yes,No,No,Yes,One year,No,Electronic check,21.14,2225.1,No
customerID-005743,Female,0,No,No,49,Yes,No phone service,DSL,Yes,Yes,Yes,No,No,No,Month-to-month,No,Mailed check,68.49,3749.15,Yes
customerID-005751,Male,0,Yes,No,15,No,No phone service,DSL,Yes,Yes,Yes,No,Yes,No,One year,Yes,Mailed check,51.95,1520.6,Yes
customerID-005754,Female,0,Yes,No,12,Yes,No,DSL,Yes,Yes,No,No,Yes,No,Month-to-month,Yes,Mailed check,51.2,525.95,No
customerID-005756,Female,0,Yes,No,24,No,No,DSL,Yes,Yes,No,No,No,No,One year,Yes,Bank transfer (automatic),164.89,2718.89,No
customerID-005761,Male,1,No,No,34,Yes,No phone service,DSL,Yes,No,No,No,No,No,Month-to-month,Yes,Bank transfer (automatic),67.87,1171.85,No
customerID-005767,Female,2,No,No,25,Yes,Yes,DSL,Yes,No,Yes,No,No,No,One year,Yes,Bank transfer (automatic),35.41,336.2,No
customerID-005772,Female,1,No,No,3,No,No phone service,Fiber optic,No,Yes,Yes,Yes,Yes,No,Month-to-month,No,Bank transfer (automatic),64.41,626.97,No
customerID-005775,Male,1,No,No,2,No,No phone service,DSL,No,Yes,No,No,No,No,Month-to-month,Yes,Bank transfer (automatic),33.73,1182.43,No
customerID-005787,Male,1,No,No,8,No,No phone service,DSL,No,No,Yes,Yes,Yes,Yes,One year,Yes,Credit card (automatic),81.89,1221.56,No
customerID-005789,Female,0,No,No,37,Yes,No phone service,DSL,Yes,Yes,Yes,No,Yes,No,Month-to-month,Yes,Credit card (automatic),,502.13,No
customerID-005794,Male,0,No,No,15,No,Yes,Fiber optic,Yes,Yes,Yes,No,Yes,No,One year,Yes,Credit card (automatic),26.57,1039.41,No
customerID-005795,Male,0,No,No,24,No,No phone service,DSL,No,Yes,No,No,No,No,Month-to-month,Yes,Mailed check,75.55,339.69,Yes
customerID-005798,Male,1,No,No,32,Yes,No phone service,DSL,Yes,No,No,No,No,No,One year,No,Credit card (automatic),,446.29,No
customerID-005800,Male,1,Yes,No,9,Yes,No,DSL,Yes,No,Yes,Yes,No,Yes,Month-to-month,No,Mailed check,24.25,3197.8,No
customerID-005801,Female,0,No,No,11,Yes,No phone service,Fiber optic,Yes,No,No,No,No,No,One year,Yes,Credit card (automatic),148.06,418.69,No
customerID-005806,Female,1,No,No,13,No,No phone service,DSL,No,No,Yes,Yes,No,No,One year,Yes,Bank transfer (automatic),54.47,1231.84,No
customerID-005807,Female,1,No,No,6,Yes,No,DSL,Yes,Yes,No,No,Yes,No,One year,No,Mailed check,79.33,213.69,No
customerID-005808,Female,0,Yes,No,2,Yes,No phone service,DSL,Yes,No,Yes,No,Yes,No,One year,No,Mailed check,60.95,1415.15,No
customerID-005809,Female,0,No,No,82,No,Yes,Fiber optic,No,Yes,No,No,No,No,One year,Yes,Electronic check,34.34,702.69,Yes
customerID-005810,Male,1,No,No,33,Yes,Yes,DSL,Yes,No,No,No,No,No,Month-to-month,Yes,Bank transfer (automatic),169.45,3735.38,Yes
customerID-005812,Female,0,No,No,11,Yes,Yes,DSL,No,Yes,Yes,No,No,No,One year,No,Credit card (automatic),28.42,436.55,No
customerID-005818,Male,1,No,No,31,No,Yes,DSL,No,No,Yes,Yes,No,No,One year,Yes,Credit card (automatic),,397.9,No
customerID-005826,Male,1,No,No,12,Yes,No phone service,DSL,No,Yes,Yes,No,No,Yes,One year,No,Mailed check,62.78,756.32,No
customerID-005830,Female,0,No,No,3,Yes,Yes,Fiber optic,Yes,Yes,Yes,Yes,No,Yes,Month-to-month,No,Mailed check,103.81,1140.04,No
customerID-005832,Female,0,No,No,89,Yes,No phone service,DSL,Yes,No,No,No,Yes,No,One year,Yes,Electronic check,86.49,267.95,No
customerID-005837,Female,0,Yes,No,20,Yes,No phone service,DSL,Yes,No,Yes,No,No,No,One year,No,Mailed check,73.44,928.89,No
customerID-005839,Male,1,No,No,13,Yes,No phone service,DSL,Yes,Yes,No,No,No,Yes,Month-to-month,Yes,Mailed check,117.93,1119.61,Yes
customerID-005840,Male,0,No,No,3,No,No,Fiber optic,No,Yes,Yes,No,No,Yes,Month-to-month,Yes,Mailed check,95.14,2720.74,No
customerID-005843,Male,1,Yes,No,4,No,No phone service,Fiber optic,No,No,Yes,Yes,No,No,Month-to-month,No,Electronic check,52.47,468.02,No
customerID-005846,Female,1,No,No,2,No,No phone service,DSL,No,No,No,No,No,Yes,Month-to-month,Yes,Credit card (automatic),70.33,353.54,No
customerID-005848,Female,0,No,No,69,No,Yes,DSL,Yes,No,No,No,No,No,One year,No,Mailed check,67.31,259.81,Yes
customerID-005849,Male,2,No,No,7,Yes,No phone service,DSL,No,No,Yes,No,Yes,Yes,Month-to-month,Yes,Mailed check,93.81,1352.03,No
customerID-005852,Male,0,Yes,No,41,Yes,Yes,DSL,Yes,No,No,No,Yes,Yes,Month-to-month,No,Bank transfer (automatic),43.22,2943.22,No
customerID-005853,Male,2,Yes,No,36,No,No phone service,DSL,Yes,No,No,No,Yes,No,Month-to-month,Yes,Mailed check,55.19,415.75,No
customerID-005857,Male,0,No,No,3,Yes,Yes,Fiber optic,No,Yes,Yes,No,Yes,No,Month-to-month,Yes,Credit card (automatic),63.02,1737.64,No
customerID-005865,Male,0,No,No,5,No,Yes,DSL,Yes,Yes,Yes,Yes,No,Yes,One year,Yes,Electronic check,19.3,315.89,No
customerID-005866,Male,1,Yes,No,2,No,Yes,Fiber optic,Yes,No,Yes,No,Yes,No,Month-to-month,Yes,Mailed check,45.88,934.49,No
customerID-005871,Female,1,No,No,1,Yes,No phone service,DSL,No,Yes,No,No,Yes,No,Month-to-month,No,Mailed check,73.73,556.14,No
customerID-005874,Female,1,No,No,30,No,Yes,Fiber optic,Yes,No,Yes,No,No,Yes,Month-to-month,Yes,Bank transfer (automatic),61.3,612.94,No
customerID-005876,Male,2,No,No,3,Yes,No,Fiber optic,No,Yes,Yes,Yes,Yes,No,One year,No,Mailed check,42.6,393.06,No
customerID-005879,Male,0,Yes,No,16,Yes,No,Fiber optic,Yes,Yes,No,Yes,No,Yes,Month-to-month,Yes,Mailed check,57.79,577.54,No
customerID-005881,Male,0,No,No,14,No,No,DSL,No,Yes,No,No,No,No,Month-to-month,Yes,Mailed check,63.33,1500.65,No
customerID-005883,Female,0,No,No,20,Yes,No,DSL,No,No,Yes,No,No,No,Month-to-month,No,Bank transfer (automatic),32.65,365.16,No
customerID-005886,Female,0,Yes,No,4,Yes,No,DSL,Yes,No,No,No,No,Yes,Month-to-month,Yes,Mailed check,101.1,868.02,No
customerID-005887,Female,2,No,No,10,No,Yes,DSL,Yes,No,Yes,No,No,Yes,One year,Yes,Mailed check,38.02,931.02,No
customerID-005888,Female,0,Yes,No,29,No,Yes,DSL,Yes,No,Yes,Yes,Yes,No,Month-to-month,No,Mailed check,35.23,543.07,Yes
customerID-005893,Female,2,No,No,11,No,Yes,DSL,No,Yes,Yes,Yes,No,No,One year,Yes,Mailed check,78.37,1756.17,No
customerID-005895,Female,1,No,No,7,Yes,No phone service,DSL,No,No,No,No,No,Yes,Month-to-month,No,Credit card (automatic),41.98,657.16,No
customerID-005897,Female,0,No,No,24,No,Yes,DSL,No,Yes,Yes,Yes,No,No,One year,Yes,Mailed check,30.23,432.11,No
customerID-005899,Male,0,Yes,No,8,Yes,Yes,Fiber optic,Yes,Yes,No,No,No,No,One year,Yes,Electronic check,25.59,1436.2,No
customerID-005902,Female,0,No,No,14,No,No phone service,DSL,Yes,No,Yes,No,No,No,Month-to-month,Yes,Credit card (automatic),36.93,788.73,No
customerID-005905,Male,0,Yes,No,7,Yes,Yes,DSL,Yes,No,Yes,No,Yes,No,Month-to-month,Yes,Electronic check,60.45,238.22,No
customerID-005913,Male,0,No,No,9,Yes,No,Fiber optic,Yes,No,Yes,No,No,No,One year,No,Bank transfer (automatic),64.85,442.56,No
customerID-005914,Male,3,No,No,7,Yes,Yes,DSL,Yes,Yes,No,No,Yes,No,Month-to-month,Yes,Credit card (automatic),19.04,1426.15,No
customerID-005916,Male,0,No,No,,No,Yes,Fiber optic,Yes,No,Yes,No,No,No,Month-to-month,No,Mailed check,38.33,2532.78,No
customerID-005917,Female,0,No,No,4,Yes,No phone service,Fiber optic,Yes,No,Yes,Yes,No,No,Month-to-month,Yes,Electronic check,42.19,310.83,No
customerID-005918,Female,0,Yes,No,17,No,No,DSL,Yes,Yes,No,Yes,No,No,Month-to-month,No,Electronic check,55.63,1325.21,No
customerID-005920,Male,1,No,No,8,Yes,No,DSL,No,No,Yes,No,Yes,No,One year,No,Mailed check,117.42,119.71,No
customerID-005922,Female,1,No,No,18,Yes,No,DSL,No,Yes,No,No,No,No,One year,Yes,Mailed check,43.77,580.74,No
customerID-005933,Female,1,Yes,No,5,Yes,No phone service,Fiber optic,Yes,No,Yes,No,No,No,One year,Yes,Mailed check,,82.71,No
customerID-005935,Female,0,No,No,1,Yes,No,DSL,Yes,Yes,No,No,No,No,Month-to-month,No,Electronic check,39.99,155.37,No
customerID-005939,Male,1,No,No,4,No,Yes,DSL,Yes,Yes,Yes,No,Yes,No,One year,No,Mailed check,98.29,1173.92,No
customerID-005943,Male,0,No,No,23,Yes,Yes,DSL,Yes,No,Yes,No,No,Yes,One year,Yes,Mailed check,,285.57,No
customerID-005948,Female,0,Yes,No,24,Yes,Yes,DSL,Yes,No,Yes,No,No,No,One year,Yes,Mailed check,67.22,1721.86,Yes
customerID-005949,Male,0,No,No,26,No,Yes,DSL,Yes,Yes,No,Yes,Yes,Yes,One year,Yes,Mailed check,105.38,939.13,Yes
customerID-005958,Male,0,Yes,No,20,Yes,Yes,DSL,No,Yes,No,Yes,Yes,Yes,One year,No,Electronic check,32.51,622.45,Yes
customerID-005961,Female,0,No,No,7,Yes,No,DSL,Yes,No,Yes,No,No,No,Month-to-month,No,Mailed check,26.75,161.84,No
customerID-005962,Male,1,No,No,8,Yes,No phone service,DSL,Yes,No,No,No,No,No,One year,No,Credit card (automatic),117.67,964.75,No
customerID-005965,Female,1,No,No,2,Yes,No phone service,DSL,No,No,No,No,No,No,Month-to-month,Yes,Mailed check,28.93,2246.33,No
customerID-005966,Female,1,No,No,37,No,No,Fiber optic,Yes,No,No,No,No,No,One year,Yes,Bank transfer (automatic),21.46,2180.62,No
customerID-005968,Male,0,Yes,No,89,Yes,No phone service,DSL,Yes,Yes,No,Yes,No,Yes,Month-to-month,Yes,Mailed check,55.17,3749.15,No
customerID-005970,Male,2,Yes,No,6,No,No,DSL,No,Yes,Yes,No,No,Yes,One year,Yes,Mailed check,115.24,680.86,No
customerID-005972,Male,0,No,No,56,No,No,Fiber optic,Yes,Yes,Yes,No,Yes,No,Month-to-month,No,Mailed check,16.44,1060.39,No
customerID-005977,Male,0,No,No,51,No,No phone service,DSL,Yes,No,Yes,Yes,No,Yes,One year,No,Mailed check,,337.34,No
customerID-005978,Male,0,No,No,30,No,Yes,DSL,No,No,Yes,No,No,Yes,One year,Yes,Bank transfer (automatic),41.79,2486.1,No
customerID-005983,Male,0,No,No,20,No,No phone service,DSL,Yes,No,Yes,No,Yes,Yes,Month-to-month,Yes,Mailed check,20.8,358.54,No
customerID-005984,Female,0,No,No,7,Yes,No,DSL,No,Yes,Yes,Yes,No,Yes,Month-to-month,No,Bank transfer (automatic),39.95,1378.86,No
customerID-005987,Female,0,No,No,89,Yes,No,Fiber optic,No,Yes,Yes,Yes,No,No,Month-to-month,Yes,Credit card (automatic),131.78,478.78,No
customerID-005991,Male,2,No,No,84,No,No phone service,DSL,Yes,No,Yes,No,No,No,Month-to-month,No,Credit card (automatic),155.56,155.44,Yes
customerID-005992,Male,0,No,No,27,No,No phone service,DSL,Yes,No,No,No,No,No,Month-to-month,Yes,Electronic check,27.0,1659.1,No
customerID-005995,Male,4,Yes,No,21,No,Yes,DSL,Yes,No,No,No,No,No,Month-to-month,Yes,Electronic check,80.69,839.82,No
customerID-005998,Female,0,No,No,11,No,Yes,DSL,No,Yes,Yes,No,No,No,Month-to-month,No,Bank transfer (automatic),37.21,344.7,No
customerID-005999,Male,0,No,No,55,No,Yes,DSL,Yes,No,No,Yes,No,No,Month-to-month,Yes,Bank transfer (automatic),37.42,165.1,Yes
customerID-006003,Female,3,No,No,29,Yes,No,DSL,No,No,Yes,No,No,No,One year,No,Mailed check,19.06,1624.62,No
customerID-006005,Male,0,No,No,7,Yes,No phone service,DSL,No,No,No,No,No,No,One year,Yes,Bank transfer (automatic),71.77,2704.29,No
customerID-006006,Male,0,Yes,No,15,No,No phone service,DSL,Yes,Yes,Yes,Yes,No,Yes,Month-to-month,No,Credit card (automatic),60.08,780.23,No
customerID-006008,Female,0,No,No,39,No,No phone service,DSL,Yes,No,Yes,No,No,No,One year,Yes,Mailed check,46.11,3169.76,Yes
customerID-006013,Female,0,No,No,13,No,No phone service,DSL,Yes,Yes,No,No,Yes,Yes,One year,Yes,Credit card (automatic),169.45,702.61,No
customerID-006018,Male,0,No,No,12,No,No phone service,DSL,No,Yes,No,Yes,No,No,One year,No,Mailed check,29.89,594.01,No
customerID-006019,Female,0,No,No,27,Yes,No phone service,DSL,Yes,No,No,No,No,No,One year,No,Bank transfer (automatic),43.22,948.51,No
customerID-006029,Male,1,No,No,4,No,No phone service,DSL,No,Yes,Yes,No,No,No,One year,Yes,Mailed check,44.63,1143.5,No
customerID-006031,Male,0,No,No,21,No,Yes,DSL,No,Yes,No,No,No,No,Month-to-month,No,Bank transfer (automatic),44.61,1345.27,No
customerID-006034,Female,1,Yes,No,4,Yes,No phone service,Fiber optic,No,Yes,Yes,No,No,No,One year,No,Bank transfer (automatic),27.78,654.92,No
customerID-006035,Male,0,No,No,13,Yes,No phone service,DSL,Yes,No,No,Yes,No,No,One year,Yes,Mailed check,31.94,599.44,No
customerID-006039,Male,1,Yes,No,7,Yes,No,Fiber optic,No,Yes,Yes,No,No,No,Month-to-month,No,Mailed check,52.31,2311.75,No
customerID-006040,Male,0,No,No,13,Yes,No,DSL,No,No,Yes,Yes,Yes,No,Month-to-month,No,Mailed check,27.63,374.38,No
customerID-006042,Male,1,No,No,4,No,Yes,Fiber optic,Yes,Yes,No,No,No,Yes,One year,No,Bank transfer (automatic),20.08,305.99,No
customerID-006043,Female,0,No,No,16,No,Yes,DSL,Yes,Yes,No,Yes,Yes,No,Month-to-month,Yes,Bank transfer (automatic),93.07,592.86,Yes
customerID-006045,Male,0,No,No,2,No,No phone service,DSL,Yes,No,Yes,Yes,No,No,Month-to-month,No,Credit card (automatic),56.98,612.59,No
customerID-006048,Male,0,No,No,12,No,Yes,Fiber optic,No,No,Yes,Yes,Yes,No,One year,No,Mailed check,52.1,1422.54,No
customerID-006051,Male,0,No,No,60,Yes,No phone service,DSL,Yes,No,No,No,No,No,One year,Yes,Credit card (automatic),18.26,530.5,No
customerID-006052,Male,1,No,No,17,No,No,Fiber optic,No,No,Yes,No,No,No,Month-to-month,No,Electronic check,81.63,1058.07,No
customerID-006054,Male,0,No,No,7,No,No phone service,DSL,No,No,Yes,No,No,No,Month-to-month,No,Mailed check,37.52,2946.14,Yes
customerID-006055,Female,0,No,No,4,Yes,No phone service,Fiber optic,Yes,Yes,Yes,No,No,No,One year,Yes,Mailed check,,1980.21,No
customerID-006057,Male,0,No,No,2,Yes,No,Fiber optic,Yes,Yes,Yes,No,No,No,One year,No,Electronic check,54.06,180.52,No
customerID-006060,Female,0,No,No,11,No,Yes,DSL,Yes,No,Yes,No,No,No,Month-to-month,No,Bank transfer (automatic),145.07,1664.07,No
customerID-006061,Male,0,No,No,6,No,No,DSL,Yes,Yes,Yes,No,No,No,One year,No,Mailed check,42.21,679.33,No
customerID-006062,Female,0,No,No,12,No,No,DSL,Yes,No,Yes,Yes,Yes,No,One year,Yes,Bank transfer (automatic),28.5,231.0,No
customerID-006066,Male,4,No,No,4,Yes,No,DSL,Yes,No,No,No,Yes,Yes,Month-to-month,Yes,Electronic check,52.69,541.27,No
customerID-006067,Male,0,Yes,No,38,Yes,Yes,DSL,No,No,No,No,No,No,Month-to-month,Yes,Credit card (automatic),8.13,500.02,No
customerID-006069,Male,1,No,No,10,Yes,Yes,Fiber optic,No,No,No,No,No,No,Month-to-month,Yes,Mailed check,62.85,513.22,No
customerID-006071,Female,0,No,No,6,Yes,No,Fiber optic,Yes,Yes,No,No,Yes,Yes,Month-to-month,No,Credit card (automatic),89.62,327.92,No
customerID-006075,Male,0,No,No,80,No,No phone service,DSL,Yes,Yes,Yes,No,No,No,One year,Yes,Bank transfer (automatic),43.98,959.93,Yes
customerID-006090,Female,1,Yes,No,35,Yes,No,DSL,No,No,Yes,No,No,Yes,Month-to-month,No,Bank transfer (automatic),56.95,421.37,No
customerID-006094,Male,1,Yes,No,37,No,Yes,DSL,Yes,No,Yes,No,Yes,Yes,Month-to-month,No,Mailed check,24.06,540.91,Yes
customerID-006098,Female,0,No,No,5,No,No,DSL,Yes,No,Yes,Yes,Yes,No,Month-to-month,Yes,Mailed check,33.65,1338.24,No
customerID-006099,Male,0,No,No,10,Yes,No phone service,DSL,No,Yes,Yes,No,No,Yes,One year,No,Electronic check,28.02,802.7,No
customerID-006101,Male,0,No,No,16,Yes,Yes,DSL,Yes,No,No,No,No,No,One year,Yes,Credit card (automatic),,362.07,No
customerID-006102,Male,0,Yes,No,,Yes,No phone service,DSL,No,No,No,No,No,No,Month-to-month,No,Electronic check,51.68,1011.64,No
customerID-006103,Male,0,No,No,23,Yes,No,Fiber optic,No,Yes,No,Yes,No,No,Month-to-month,No,Mailed check,56.57,787.04,No
customerID-006111,Male,1,No,No,13,No,No phone service,DSL,Yes,No,Yes,No,No,No,One year,Yes,Electronic check,56.57,401.03,No
customerID-006113,Male,0,No,No,4,Yes,No,Fiber optic,Yes,No,Yes,No,No,No,Month-to-month,No,Mailed check,130.98,1332.17,No
customerID-006116,Male,0,No,No,5,Yes,Yes,DSL,Yes,No,Yes,No,No,Yes,Month-to-month,Yes,Credit card (automatic),11.83,1207.85,No
customerID-006122,Female,0,Yes,No,16,Yes,No,Fiber optic,Yes,No,Yes,No,No,No,One year,No,Mailed check,38.92,988.56,No
customerID-006125,Male,0,No,No,4,Yes,No,Fiber optic,Yes,Yes,No,No,No,No,Month-to-month,No,Mailed check,60.97,640.38,No
customerID-006128,Male,1,No,No,45,Yes,No,Fiber optic,Yes,Yes,No,No,Yes,No,Month-to-month,No,Electronic check,68.71,474.16,No
customerID-006129,Female,1,No,No,14,Yes,No phone service,DSL,Yes,Yes,Yes,No,No,Yes,Month-to-month,No,Mailed check,,1539.15,No
customerID-006136,Male,1,No,No,17,Yes,No,DSL,Yes,Yes,No,No,Yes,No,Month-to-month,Yes,Mailed check,75.34,931.68,Yes
customerID-006137,Male,0,No,No,2,No,Yes,DSL,Yes,No,Yes,Yes,No,No,Month-to-month,No,Bank transfer (automatic),30.18,479.41,No
customerID-006139,Female,0,No,No,7,Yes,No phone service,DSL,Yes,Yes,Yes,No,Yes,Yes,Month-to-month,No,Electronic check,36.51,782.57,No
customerID-006141,Male,0,No,No,9,Yes,No,Fiber optic,No,No,Yes,No,No,No,Month-to-month,Yes,Mailed check,39.38,388.16,No
customerID-006142,Male,0,No,No,18,Yes,Yes,DSL,Yes,No,Yes,No,Yes,Yes,One year,Yes,Electronic check,57.52,337.07,No
customerID-006147,Male,0,No,No,23,No,No phone service,DSL,Yes,Yes,Yes,No,No,No,Month-to-month,Yes,Mailed check,65.39,662.58,Yes
customerID-006148,Male,0,No,No,23,Yes,Yes,Fiber optic,No,Yes,Yes,Yes,Yes,Yes,Month-to-month,Yes,Credit card (automatic),64.08,2428.46,No
customerID-006149,Male,0,No,No,5,Yes,Yes,DSL,Yes,Yes,No,Yes,No,Yes,Month-to-month,No,Credit card (automatic),32.55,190.31,No
customerID-006156,Male,0,No,No,22,Yes,No,Fiber optic,Yes,No,Yes,No,Yes,No,One year,Yes,Electronic check,30.03,555.32,No
customerID-006158,Female,1,No,No,41,Yes,No,DSL,Yes,No,No,No,Yes,No,Month-to-month,Yes,Bank transfer (automatic),105.24,453.5,No
customerID-006160,Male,0,No,No,17,No,No phone service,DSL,No,Yes,Yes,Yes,No,No,Month-to-month,Yes,Bank transfer (automatic),28.67,711.34,No
customerID-006168,Male,0,Yes,No,81,No,Yes,DSL,Yes,No,No,No,No,No,Month-to-month,Yes,Credit card (automatic),35.32,194.15,Yes
customerID-006173,Male,0,Yes,No,4,Yes,No phone service,DSL,No,Yes,Yes,No,Yes,No,Month-to-month,No,Mailed check,44.34,309.16,No
customerID-006174,Male,0,Yes,No,9,Yes,No phone service,DSL,No,No,Yes,No,Yes,Yes,Month-to-month,No,Mailed check,169.45,1985.23,No
customerID-006178,Male,0,No,No,17,Yes,No,Fiber optic,No,No,No,Yes,No,No,Month-to-month,Yes,Credit card (automatic),35.36,856.44,No
customerID-006179,Male,0,Yes,No,17,No,No phone service,Fiber optic,Yes,Yes,Yes,No,No,Yes,One year,Yes,Credit card (automatic),53.27,842.3,Yes
customerID-006182,Male,0,No,No,4,Yes,No phone service,DSL,Yes,No,Yes,No,No,No,Month-to-month,Yes,Credit card (automatic),,3522.13,No
customerID-006185,Male,1,Yes,No,22,No,No phone service,DSL,Yes,No,Yes,Yes,No,No,One year,No,Electronic check,43.4,462.5,No
customerID-006186,Male,1,Yes,No,25,No,No,Fiber optic,Yes,Yes,Yes,No,No,No,Month-to-month,No,Mailed check,35.51,724.52,No
customerID-006191,Male,0,No,No,15,Yes,No phone service,DSL,No,Yes,No,No,No,Yes,One year,No,Mailed check,,2445.57,No
customerID-006192,Female,0,No,No,4,Yes,Yes,Fiber optic,Yes,Yes,No,No,No,No,Month-to-month,Yes,Mailed check,40.25,410.23,No
customerID-006194,Male,0,Yes,No,7,Yes,No phone service,DSL,No,Yes,Yes,No,Yes,No,Month-to-month,Yes,Electronic check,17.87,373.07,No
customerID-006195,Male,0,No,No,7,Yes,No,Fiber optic,No,Yes,Yes,No,No,No,Month-to-month,Yes,Mailed check,21.6,1010.0,No
customerID-006198,Male,1,No,No,5,No,No phone service,DSL,Yes,Yes,Yes,No,No,No,One year,Yes,Mailed check,15.35,3749.15,Yes
customerID-006200,Female,0,No,No,26,Yes,Yes,DSL,Yes,Yes,No,No,No,No,Month-to-month,Yes,Bank transfer (automatic),32.33,510.03,No
customerID-006201,Male,0,Yes,No,,Yes,No,DSL,Yes,Yes,Yes,No,No,No,Month-to-month,Yes,Mailed check,85.54,235.46,Yes
customerID-006207,Female,0,Yes,No,9,Yes,No phone service,DSL,Yes,No,No,Yes,Yes,No,One year,Yes,Bank transfer (automatic),78.81,758.06,No
customerID-006208,Male,1,No,No,23,Yes,Yes,DSL,Yes,No,Yes,No,No,Yes,Month-to-month,Yes,Mailed check,67.53,517.87,No
customerID-006209,Male,1,Yes,No,21,Yes,No,DSL,Yes,Yes,Yes,No,No,No,One year,No,Mailed check,38.5,987.82,No
customerID-006214,Female,0,Yes,No,13,No,No phone service,DSL,No,Yes,Yes,No,No,No,One year,No,Mailed check,52.66,1822.15,No
customerID-006215,Male,1,No,No,10,No,No phone service,DSL,Yes,No,Yes,No,No,Yes,Month-to-month,Yes,Electronic check,82.25,599.54,No
customerID-006216,Male,1,No,No,18,Yes,No phone service,DSL,Yes,No,No,No,Yes,No,Month-to-month,Yes,Credit card (automatic),24.18,681.09,No
customerID-006220,Male,0,No,No,38,No,Yes,Fiber optic,No,Yes,No,No,No,No,Month-to-month,Yes,Electronic check,98.03,506.65,No
customerID-006224,Male,1,Yes,No,5,Yes,No,DSL,Yes,No,Yes,No,No,Yes,Month-to-month,Yes,Credit card (automatic),45.29,1795.31,Yes
customerID-006229,Male,0,No,No,4,No,No,DSL,Yes,No,Yes,No,Yes,No,Month-to-month,Yes,Electronic check,25.87,1493.75,No
customerID-006231,Female,0,No,No,14,No,Yes,DSL,Yes,No,Yes,No,Yes,No,One year,No,Bank transfer (automatic),,3375.79,No
customerID-006233,Female,3,No,No,10,Yes,No,DSL,No,No,Yes,No,No,Yes,Month-to-month,No,Bank transfer (automatic),38.33,455.38,No
customerID-006234,Female,1,No,No,7,Yes,No phone service,Fiber optic,Yes,No,Yes,Yes,No,No,One year,Yes,Credit card (automatic),,265.35,No
customerID-006240,Male,2,No,No,13,Yes,No,Fiber optic,Yes,Yes,No,Yes,No,No,Month-to-month,Yes,Bank transfer (automatic),29.36,1446.42,No
customerID-006242,Male,0,No,No,6,Yes,Yes,DSL,Yes,No,Yes,No,Yes,No,Month-to-month,No,Credit card (automatic),120.81,774.45,Yes
customerID-006249,Female,0,No,No,16,Yes,No phone service,DSL,No,No,Yes,No,Yes,No,Month-to-month,No,Credit card (automatic),25.25,461.42,No
customerID-006250,Male,0,Yes,No,8,No,No phone service,DSL,Yes,No,Yes,Yes,No,Yes,One year,No,Mailed check,67.03,555.0,No
customerID-006257,Female,1,Yes,No,11,No,Yes,DSL,Yes,No,Yes,No,No,No,Month-to-month,No,Credit card (automatic),65.96,336.67,No
customerID-006258,Female,1,No,No,7,Yes,Yes,DSL,No,No,Yes,No,Yes,Yes,Month-to-month,Yes,Bank transfer (automatic),71.43,2274.31,No
customerID-006259,Male,0,No,No,12,No,No,DSL,No,No,No,No,No,No,One year,No,Mailed check,83.21,1172.55,No
customerID-006260,Male,1,No,No,58,Yes,No phone service,DSL,Yes,Yes,No,No,No,No,One year,Yes,Mailed check,85.73,1828.43,No
customerID-006262,Female,1,No,No,8,Yes,Yes,DSL,Yes,No,Yes,Yes,No,No,Month-to-month,Yes,Electronic check,47.72,688.14,No
customerID-006264,Male,1,No,No,2,No,No phone service,Fiber optic,Yes,Yes,Yes,Yes,No,No,Month-to-month,No,Mailed check,85.28,269.13,No
customerID-006269,Male,1,No,No,9,No,No phone service,DSL,Yes,Yes,Yes,No,No,Yes,Month-to-month,Yes,Electronic check,72.94,826.67,No
customerID-006270,Male,1,Yes,No,2,Yes,No phone service,DSL,Yes,Yes,No,No,No,Yes,Month-to-month,Yes,Credit card (automatic),46.19,739.29,Yes
customerID-006276,Male,0,No,No,13,Yes,No,Fiber optic,No,No,No,Yes,No,Yes,One year,Yes,Bank transfer (automatic),44.9,322.4,No
customerID-006277,Male,0,Yes,No,5,Yes,No phone service,DSL,Yes,Yes,Yes,No,No,No,Month-to-month,No,Mailed check,69.61,338.09,Yes
customerID-006278,Male,0,No,No,11,No,No,DSL,Yes,Yes,No,Yes,No,No,One year,Yes,Electronic check,,321.29,No
customerID-006281,Male,0,Yes,No,16,No,No phone service,Fiber optic,Yes,No,No,No,No,No,Month-to-month,Yes,Credit card (automatic),29.16,371.13,Yes
customerID-006283,Female,1,No,No,29,Yes,No phone service,DSL,No,No,Yes,No,Yes,No,Month-to-month,Yes,Credit card (automatic),33.69,2910.73,No
customerID-006287,Male,0,Yes,No,21,No,No phone service,Fiber optic,Yes,Yes,Yes,No,No,Yes,One year,Yes,Bank transfer (automatic),,138.14,Yes
customerID-006288,Female,1,No,No,14,No,No,Fiber optic,Yes,Yes,No,No,Yes,No,One year,No,Electronic check,33.8,1815.7,No
customerID-006297,Male,0,No,No,28,No,No,Fiber optic,No,Yes,Yes,Yes,No,No,Month-to-month,No,Bank transfer (automatic),35.58,432.96,Yes
customerID-006298,Male,1,No,No,28,Yes,No phone service,DSL,Yes,Yes,No,No,Yes,No,One year,No,Bank transfer (automatic),33.31,502.19,No
customerID-006300,Male,0,Yes,No,18,Yes,No,DSL,No,No,Yes,No,No,No,Month-to-month,No,Mailed check,30.26,326.26,No
customerID-006301,Female,0,Yes,No,7,Yes,No,DSL,No,Yes,Yes,No,Yes,Yes,One year,No,Electronic check,25.97,2132.77,Yes
customerID-006302,Female,0,No,No,2,No,No phone service,DSL,No,Yes,No,No,No,No,One year,No,Credit card (automatic),109.22,928.03,No
customerID-006304,Female,0,Yes,No,12,No,No,DSL,Yes,No,Yes,No,No,No,Month-to-month,Yes,Bank transfer (automatic),58.78,628.61,No
customerID-006310,Male,3,Yes,No,6,Yes,No,Fiber optic,Yes,Yes,No,Yes,No,No,One year,Yes,Electronic check,30.03,160.74,Yes
customerID-006311,Female,0,No,No,11,Yes,No phone service,DSL,Yes,Yes,Yes,Yes,Yes,No,Month-to-month,Yes,Bank transfer (automatic),33.21,82.8,No
customerID-006314,Male,0,No,No,29,Yes,No phone service,DSL,Yes,No,Yes,No,No,No,Month-to-month,Yes,Credit card (automatic),42.89,128.03,No
customerID-006315,Female,1,No,No,15,Yes,No phone service,DSL,Yes,No,Yes,No,No,Yes,Month-to-month,Yes,Credit card (automatic),63.39,807.43,No
customerID-006316,Male,0,No,No,6,Yes,No,DSL,Yes,Yes,No,Yes,No,Yes,Month-to-month,No,Credit card (automatic),136.87,1103.17,No
customerID-006317,Female,2,No,No,8,Yes,No,DSL,No,No,Yes,No,No,No,Month-to-month,Yes,Mailed check,,1145.75,No
customerID-006320,Female,1,No,No,8,Yes,Yes,Fiber optic,Yes,Yes,Yes,No,Yes,No,Month-to-month,Yes,Credit card (automatic),169.45,96.1,No
customerID-006322,Male,2,Yes,No,36,No,No,DSL,Yes,No,No,No,No,No,Month-to-month,No,Mailed check,43.12,1163.61,No
customerID-006323,Female,1,No,No,11,Yes,No phone service,DSL,No,No,Yes,No,Yes,No,Month-to-month,Yes,Electronic check,13.16,1990.42,No
customerID-006326,Female,0,No,No,5,Yes,Yes,DSL,Yes,No,No,No,No,Yes,Month-to-month,No,Bank transfer (automatic),58.3,1023.12,No
customerID-006327,Female,1,Yes,No,4,Yes,No,DSL,No,No,Yes,No,No,No,Month-to-month,No,Credit card (automatic),49.83,476.56,No
customerID-006331,Male,0,Yes,No,4,Yes,No,DSL,No,Yes,Yes,No,No,No,Month-to-month,Yes,Bank transfer (automatic),62.2,511.54,No
customerID-006333,Male,0,No,No,9,Yes,No,DSL,No,Yes,No,Yes,Yes,No,Month-to-month,Yes,Bank transfer (automatic),22.62,116.36,No
customerID-006334,Female,1,No,No,16,No,No,Fiber optic,No,Yes,No,Yes,No,No,Month-to-month,No,Bank transfer (automatic),,3749.15,No
customerID-006338,Male,0,No,No,2,No,No,DSL,Yes,Yes,Yes,No,No,No,Month-to-month,Yes,Credit card (automatic),35.88,2330.28,Yes
customerID-006339,Male,0,No,No,46,Yes,No phone service,Fiber optic,Yes,Yes,No,No,Yes,No,Month-to-month,Yes,Mailed check,,287.31,Yes
customerID-006344,Male,0,No,No,1,No,No phone service,DSL,No,No,No,No,No,No,Month-to-month,Yes,Credit card (automatic),34.02,1236.02,No
customerID-006349,Female,0,No,No,,Yes,No,DSL,Yes,Yes,Yes,No,No,Yes,Month-to-month,No,Electronic check,,915.77,No
customerID-006351,Male,0,No,No,18,Yes,No phone service,DSL,Yes,Yes,No,No,Yes,No,Month-to-month,Yes,Electronic check,80.59,1176.33,No
customerID-006352,Female,0,No,No,10,No,No phone service,Fiber optic,No,No,Yes,Yes,No,No,One year,Yes,Mailed check,34.84,169.26,No
customerID-006356,Female,0,No,No,7,No,No,DSL,No,No,Yes,Yes,No,Yes,One year,No,Mailed check,59.67,521.24,No
customerID-006358,Male,1,No,No,13,Yes,No,DSL,Yes,No,No,No,No,No,Month-to-month,No,Mailed check,54.84,172.28,No
customerID-006362,Female,0,No,No,19,Yes,No phone service,DSL,No,Yes,Yes,No,No,No,One year,No,Bank transfer (automatic),30.4,244.02,No
customerID-006368,Female,3,No,No,3,Yes,Yes,DSL,No,No,Yes,No,No,No,One year,No,Credit card (automatic),,1659.86,No
customerID-006370,Male,0,No,No,,Yes,No phone service,DSL,No,Yes,Yes,No,Yes,No,Month-to-month,No,Mailed check,70.53,2931.76,No
customerID-006371,Female,1,No,No,33,No,No,DSL,Yes,Yes,No,Yes,No,No,One year,Yes,Credit card (automatic),18.6,984.43,No
customerID-006373,Female,2,Yes,No,27,Yes,Yes,DSL,No,Yes,No,No,No,Yes,One year,Yes,Mailed check,61.22,2983.44,No
customerID-006374,Male,1,No,No,6,Yes,No phone service,DSL,Yes,No,Yes,No,No,No,Month-to-month,Yes,Mailed check,22.57,918.96,No
customerID-006377,Male,1,No,No,55,Yes,Yes,DSL,Yes,No,Yes,No,No,No,One year,No,Electronic check,,283.42,No
customerID-006386,Female,0,No,No,27,No,No,DSL,No,Yes,No,No,No,No,Month-to-month,Yes,Electronic check,49.49,1037.52,No
customerID-006395,Male,3,No,No,7,Yes,Yes,DSL,Yes,Yes,Yes,Yes,No,No,One year,Yes,Mailed check,72.8,1404.52,No
customerID-006398,Female,2,No,No,7,Yes,No,DSL,No,No,No,No,Yes,No,One year,No,Electronic check,,579.24,No
customerID-006401,Female,0,No,No,10,Yes,Yes,DSL,Yes,No,No,No,No,No,One year,No,Mailed check,47.83,334.74,No
customerID-006402,Female,1,Yes,No,12,No,No,Fiber optic,Yes,Yes,No,Yes,No,No,One year,Yes,Credit card (automatic),22.53,993.09,No
customerID-006403,Female,0,No,No,,No,No,DSL,Yes,Yes,No,No,No,No,One year,No,Bank transfer (automatic),59.44,2273.48,No
customerID-006411,Male,0,Yes,No,,No,No phone service,DSL,Yes,No,Yes,No,No,No,One year,No,Electronic check,91.85,1101.61,Yes
customerID-006414,Female,0,No,No,26,No,No,Fiber optic,No,No,Yes,No,No,No,Month-to-month,Yes,Credit card (automatic),66.64,1209.29,No
customerID-006415,Male,0,No,No,5,Yes,No phone service,Fiber optic,Yes,No,No,No,No,No,One year,Yes,Credit card (automatic),72.38,378.11,No
customerID-006418,Female,1,No,No,5,Yes,No,DSL,No,No,Yes,No,No,Yes,Month-to-month,No,Credit card (automatic),19.3,678.31,No
customerID-006422,Male,1,No,No,40,Yes,No,DSL,No,No,No,Yes,No,No,One year,Yes,Credit card (automatic),54.86,1737.96,No
customerID-006424,Male,1,Yes,No,35,No,No,Fiber optic,No,No,Yes,No,No,No,One year,No,Electronic check,32.26,284.84,Yes
customerID-006425,Female,1,No,No,2,Yes,Yes,DSL,No,Yes,Yes,Yes,No,No,One year,Yes,Mailed check,81.86,580.03,No
customerID-006426,Female,1,No,No,18,Yes,Yes,Fiber optic,No,Yes,Yes,Yes,No,No,One year,No,Credit card (automatic),,571.55,No
customerID-006427,Male,0,No,No,34,Yes,Yes,Fiber optic,No,No,Yes,Yes,No,No,Month-to-month,Yes,Electronic check,52.92,190.04,No
customerID-006428,Male,1,No,No,4,No,No phone service,Fiber optic,No,Yes,No,No,Yes,Yes,One year,No,Credit card (automatic),19.65,177.97,No
customerID-006429,Male,0,No,No,6,Yes,No phone service,DSL,Yes,No,No,No,Yes,No,One year,No,Bank transfer (automatic),114.93,593.88,No
customerID-006440,Male,2,No,No,,No,No,DSL,Yes,Yes,Yes,Yes,No,Yes,Month-to-month,No,Bank transfer (automatic),60.13,313.44,No
customerID-006443,Male,1,Yes,No,6,Yes,No,DSL,Yes,No,Yes,No,No,No,Month-to-month,No,Bank transfer (automatic),38.73,433.81,Yes
customerID-006447,Female,0,No,No,20,Yes,Yes,DSL,No,No,No,No,No,No,Month-to-month,No,Mailed check,29.84,1315.96,No
customerID-006452,Male,0,No,No,22,No,No,DSL,Yes,No,No,No,No,No,One year,Yes,Credit card (automatic),20.05,1097.35,Yes
customerID-006453,Female,0,Yes,No,5,Yes,No,DSL,Yes,No,Yes,Yes,No,No,Month-to-month,No,Credit card (automatic),,169.86,No
customerID-006454,Male,0,No,No,12,Yes,No phone service,DSL,Yes,No,No,Yes,No,No,Month-to-month,No,Mailed check,169.45,511.05,No
customerID-006455,Female,0,No,No,47,No,No,DSL,Yes,No,No,No,No,No,One year,Yes,Credit card (automatic),18.15,323.88,No
customerID-006463,Male,0,No,No,3,No,No,Fiber optic,Yes,Yes,Yes,Yes,No,No,One year,Yes,Bank transfer (automatic),45.0,232.96,No
customerID-006464,Female,1,No,No,58,Yes,No phone service,Fiber optic,Yes,No,No,No,Yes,No,One year,No,Electronic check,111.25,2090.34,No
customerID-006465,Male,1,No,No,6,No,Yes,DSL,No,No,Yes,Yes,No,No,One year,Yes,Electronic check,17.31,739.4,No
customerID-006466,Male,2,Yes,No,89,No,No,DSL,Yes,Yes,Yes,No,No,No,Month-to-month,Yes,Mailed check,58.25,424.2,Yes
customerID-006467,Male,0,No,No,61,No,No phone service,DSL,No,Yes,Yes,No,Yes,No,One year,No,Mailed check,44.6,320.99,No
customerID-006471,Male,2,No,No,5,No,No phone service,DSL,Yes,No,Yes,No,No,No,Month-to-month,No,Mailed check,103.29,2452.81,No
customerID-006473,Male,0,No,No,1,No,No,DSL,Yes,No,Yes,No,No,No,Month-to-month,No,Bank transfer (automatic),46.36,336.77,No
customerID-006475,Male,0,Yes,No,22,Yes,No phone service,DSL,Yes,Yes,Yes,Yes,No,No,Month-to-month,No,Electronic check,101.36,518.24,No
customerID-006476,Female,0,No,No,5,No,No,DSL,Yes,Yes,Yes,No,No,No,One year,Yes,Mailed check,127.09,193.14,No
customerID-006483,Male,1,No,No,47,No,Yes,Fiber optic,No,Yes,No,No,Yes,No,One year,Yes,Electronic check,33.22,383.0,No
customerID-006489,Male,0,Yes,No,42,Yes,No phone service,Fiber optic,No,Yes,No,No,No,No,One year,No,Credit card (automatic),44.56,926.61,No
customerID-006493,Female,0,No,No,47,Yes,No,DSL,Yes,Yes,Yes,Yes,Yes,No,Month-to-month,No,Bank transfer (automatic),37.59,723.13,No
customerID-006497,Male,0,Yes,No,12,Yes,Yes,Fiber optic,Yes,Yes,No,No,Yes,Yes,One year,No,Bank transfer (automatic),51.36,318.77,No
customerID-006499,Female,0,Yes,No,49,Yes,No phone service,DSL,Yes,Yes,No,No,Yes,Yes,Month-to-month,Yes,Electronic check,60.36,2581.89,No
customerID-006504,Male,1,No,No,10,Yes,No,DSL,Yes,No,Yes,No,No,No,One year,No,Bank transfer (automatic),,1525.49,No
customerID-006507,Male,0,Yes,No,22,No,No,Fiber optic,No,No,No,No,No,No,One year,Yes,Electronic check,82.81,1085.07,No
customerID-006512,Male,0,Yes,No,3,Yes,No,DSL,Yes,No,Yes,Yes,No,No,Month-to-month,No,Mailed check,60.76,437.93,No
customerID-006516,Male,0,No,No,25,No,No,DSL,Yes,Yes,Yes,No,No,No,One year,No,Mailed check,62.75,179.09,No
customerID-006520,Male,0,No,No,23,No,No phone service,DSL,No,Yes,Yes,No,No,No,Month-to-month,No,Credit card (automatic),23.31,648.14,Yes
customerID-006523,Female,0,No,No,44,No,No,Fiber optic,Yes,Yes,No,Yes,No,No,Month-to-month,Yes,Credit card (automatic),60.05,1471.5,No
customerID-006527,Male,0,No,No,11,No,No phone service,Fiber optic,No,No,No,No,No,No,Month-to-month,Yes,Bank transfer (automatic),48.5,1189.18,No
customerID-006528,Male,0,No,No,33,No,No,DSL,Yes,No,No,No,No,No,Month-to-month,Yes,Mailed check,26.02,687.33,Yes
customerID-006530,Male,1,No,No,26,Yes,No,DSL,Yes,No,Yes,No,No,No,Month-to-month,Yes,Electronic check,63.09,455.44,No
customerID-006532,Female,1,Yes,No,37,No,No,Fiber optic,No,No,No,No,Yes,No,Month-to-month,No,Bank transfer (automatic),128.46,662.12,No
customerID-006533,Male,0,Yes,No,43,Yes,Yes,Fiber optic,Yes,Yes,Yes,No,No,No,Month-to-month,Yes,Mailed check,46.87,215.09,No
customerID-006535,Female,0,No,No,4,Yes,No phone service,DSL,Yes,No,Yes,No,No,No,One year,Yes,Mailed check,17.16,367.41,No
customerID-006536,Male,1,No,No,44,No,No,DSL,No,Yes,No,No,Yes,No,One year,No,Electronic check,47.64,25.58,No
customerID-006539,Female,0,Yes,No,5,No,No,DSL,No,Yes,No,No,No,No,Month-to-month,Yes,Electronic check,76.2,837.28,No
customerID-006541,Female,0,No,No,28,No,No phone service,Fiber optic,Yes,Yes,Yes,No,Yes,No,Month-to-month,No,Mailed check,19.57,797.65,No
customerID-006544,Male,0,No,No,6,No,Yes,DSL,No,No,Yes,Yes,No,No,Month-to-month,No,Electronic check,35.01,526.77,No
customerID-006548,Male,0,No,No,11,No,Yes,DSL,Yes,No,No,No,Yes,No,Month-to-month,No,Mailed check,23.22,2641.32,No
customerID-006550,Male,2,Yes,No,20,Yes,No,DSL,No,No,Yes,Yes,No,Yes,One year,Yes,Bank transfer (automatic),63.45,706.55,Yes
customerID-006552,Female,1,No,No,3,Yes,No phone service,DSL,Yes,No,No,No,No,No,Month-to-month,Yes,Credit card (automatic),23.82,587.35,No
customerID-006553,Male,1,No,No,10,No,No,DSL,No,Yes,No,No,No,No,One year,No,Mailed check,48.51,1371.76,Yes
customerID-006554,Male,0,No,No,0,Yes,No phone service,Fiber optic,Yes,No,No,Yes,Yes,No,Month-to-month,Yes,Mailed check,71.26,1028.2,No
customerID-006555,Male,1,Yes,No,25,Yes,Yes,DSL,No,No,Yes,No,No,Yes,Month-to-month,Yes,Bank transfer (automatic),25.37,2368.91,No
customerID-006556,Female,0,No,No,12,Yes,No phone service,DSL,No,No,Yes,Yes,No,Yes,Month-to-month,Yes,Bank transfer (automatic),14.79,901.62,No
customerID-006557,Female,1,No,No,16,No,No,DSL,Yes,Yes,Yes,No,No,Yes,One year,No,Mailed check,30.14,519.61,No
customerID-006559,Female,0,No,No,4,Yes,No,Fiber optic,Yes,No,No,No,No,Yes,Month-to-month,No,Electronic check,80.94,778.48,No
customerID-006568,Male,0,No,No,21,Yes,No phone service,DSL,Yes,No,No,No,No,No,One year,No,Credit card (automatic),47.58,718.25,No
customerID-006571,Male,0,No,No,23,No,No phone service,DSL,Yes,Yes,No,No,Yes,No,One year,No,Bank transfer (automatic),168.01,573.16,No
customerID-006574,Male,0,No,No,10,No,No phone service,DSL,Yes,No,No,No,Yes,No,One year,No,Mailed check,32.03,678.78,No
customerID-006579,Female,0,No,No,4,Yes,Yes,Fiber optic,Yes,No,No,No,No,No,Month-to-month,Yes,Electronic check,29.94,1759.35,No
customerID-006583,Male,1,No,No,7,Yes,No phone service,DSL,No,Yes,Yes,No,No,Yes,One year,Yes,Bank transfer (automatic),65.38,1034.76,No
customerID-006586,Male,0,Yes,No,19,Yes,No phone service,DSL,Yes,No,No,Yes,No,No,One year,Yes,Bank transfer (automatic),25.15,1004.32,Yes
customerID-006592,Male,2,Yes,No,24,No,No phone service,DSL,Yes,No,Yes,Yes,No,Yes,One year,Yes,Credit card (automatic),28.73,736.18,No
customerID-006595,Female,0,Yes,No,5,No,No,DSL,Yes,Yes,No,No,No,No,Month-to-month,Yes,Electronic check,169.45,260.39,No
customerID-006603,Male,0,No,No,3,No,Yes,DSL,Yes,Yes,No,No,No,No,Month-to-month,Yes,Electronic check,52.12,2666.63,No
customerID-006609,Female,0,No,No,12,Yes,Yes,DSL,Yes,Yes,Yes,No,No,No,One year,No,Credit card (automatic),46.81,222.0,Yes
customerID-006610,Female,0,Yes,No,10,Yes,No,Fiber optic,No,No,No,No,Yes,No,Month-to-month,No,Electronic check,40.62,208.36,No
customerID-006616,Male,0,No,No,4,Yes,No,Fiber optic,Yes,No,No,No,Yes,No,Month-to-month,No,Mailed check,49.5,2249.57,No
customerID-006617,Male,0,No,No,7,No,No phone service,Fiber optic,No,No,Yes,Yes,No,No,Month-to-month,Yes,Electronic check,94.13,562.85,No
customerID-006621,Female,1,No,No,32,No,No,DSL,No,No,Yes,Yes,No,No,Month-to-month,Yes,Mailed check,31.54,414.44,No
customerID-006622,Male,0,No,No,40,Yes,Yes,DSL,Yes,Yes,Yes,Yes,No,No,One year,No,Mailed check,105.61,277.05,No
customerID-006624,Male,2,No,No,11,Yes,No phone service,Fiber optic,No,Yes,No,Yes,No,No,One year,Yes,Credit card (automatic),47.28,795.99,No
customerID-006626,Female,0,Yes,No,10,No,No,DSL,Yes,Yes,Yes,No,No,Yes,Month-to-month,Yes,Electronic check,16.47,774.3,No
customerID-006627,Male,0,Yes,No,4,No,No,DSL,No,No,No,Yes,No,No,Month-to-month,Yes,Credit card (automatic),42.93,1046.13,No
customerID-006631,Female,0,Yes,No,1,No,No phone service,Fiber optic,Yes,No,Yes,Yes,No,Yes,One year,Yes,Credit card (automatic),48.62,549.3,No
customerID-006634,Male,1,No,No,,Yes,No phone service,DSL,Yes,No,Yes,No,No,Yes,Month-to-month,No,Credit card (automatic),51.85,1196.5,No
customerID-006635,Female,0,Yes,No,3,Yes,No,Fiber optic,No,No,No,Yes,No,No,One year,No,Electronic check,,2059.37,No
customerID-006636,Male,0,Yes,No,6,No,No,DSL,Yes,No,Yes,No,No,Yes,One year,No,Electronic check,25.53,574.57,No
customerID-006640,Male,2,Yes,No,10,Yes,No,DSL,No,Yes,No,Yes,No,Yes,One year,No,Credit card (automatic),46.83,430.35,No
customerID-006645,Male,0,No,No,4,Yes,Yes,DSL,Yes,Yes,Yes,No,No,No,One year,Yes,Electronic check,,681.5,No
customerID-006647,Male,0,No,No,6,No,No phone service,Fiber optic,Yes,No,No,Yes,Yes,No,One year,Yes,Mailed check,39.55,416.5,No
customerID-006655,Male,0,Yes,No,11,No,No phone service,DSL,Yes,Yes,Yes,No,Yes,No,Month-to-month,Yes,Bank transfer (automatic),37.52,658.2,No
customerID-006658,Male,0,Yes,No,13,No,No,DSL,Yes,No,No,Yes,No,No,Month-to-month,Yes,Mailed check,36.86,130.62,No
customerID-006662,Female,0,No,No,25,Yes,No phone service,DSL,No,No,Yes,No,No,No,Month-to-month,Yes,Electronic check,40.86,1557.99,No
customerID-006664,Male,0,No,No,2,No,No,DSL,Yes,No,No,Yes,Yes,No,Month-to-month,Yes,Bank transfer (automatic),89.69,991.96,No
customerID-006667,Female,1,No,No,44,No,No,Fiber optic,No,Yes,No,No,No,No,One year,No,Mailed check,24.1,3465.22,No
customerID-006671,Female,2,Yes,No,5,Yes,No,DSL,Yes,No,Yes,No,No,No,Month-to-month,No,Mailed check,28.72,219.58,No
customerID-006673,Male,0,Yes,No,4,Yes,No,DSL,Yes,No,Yes,Yes,No,No,Month-to-month,No,Mailed check,21.82,331.02,No
customerID-006676,Male,0,Yes,No,23,Yes,Yes,DSL,Yes,No,No,Yes,No,No,One year,No,Mailed check,32.06,554.18,No
customerID-006680,Male,0,Yes,No,4,No,No,DSL,Yes,No,No,No,No,No,Month-to-month,Yes,Electronic check,57.07,1245.89,Yes
customerID-006683,Male,0,Yes,No,9,No,Yes,DSL,Yes,No,No,No,Yes,Yes,One year,Yes,Mailed check,40.41,3749.15,No
customerID-006684,Female,0,No,No,11,Yes,No phone service,DSL,Yes,No,Yes,Yes,No,No,Month-to-month,Yes,Mailed check,27.69,1645.02,No
customerID-006686,Male,1,No,No,5,Yes,No,DSL,No,Yes,Yes,No,No,Yes,Month-to-month,No,Mailed check,,471.14,No
customerID-006689,Male,0,No,No,,No,Yes,DSL,No,No,No,No,No,No,Month-to-month,Yes,Bank transfer (automatic),28.22,2326.19,No
customerID-006690,Male,0,No,No,14,Yes,No phone service,DSL,Yes,No,Yes,No,No,Yes,One year,Yes,Credit card (automatic),70.89,555.91,No
customerID-006694,Female,0,Yes,No,8,Yes,No,Fiber optic,No,Yes,Yes,No,No,No,One year,No,Electronic check,70.71,738.08,No
customerID-006695,Male,0,No,No,9,Yes,No,DSL,No,Yes,Yes,No,Yes,No,Month-to-month,Yes,Credit card (automatic),27.47,1389.4,No
customerID-006700,Male,0,No,No,9,No,No,DSL,No,No,Yes,No,No,No,Month-to-month,Yes,Credit card (automatic),56.68,946.83,No
customerID-006703,Male,1,No,No,14,No,No,DSL,No,No,No,Yes,No,Yes,Month-to-month,No,Bank transfer (automatic),44.0,756.02,No
customerID-006704,Male,0,No,No,,No,No,DSL,Yes,No,Yes,No,No,No,One year,Yes,Bank transfer (automatic),59.05,2272.27,No
customerID-006706,Male,0,Yes,No,5,Yes,Yes,DSL,Yes,No,No,No,No,No,Month-to-month,Yes,Credit card (automatic),33.37,395.34,No
customerID-006708,Female,2,No,No,21,Yes,No phone service,DSL,No,Yes,Yes,No,Yes,Yes,Month-to-month,Yes,Credit card (automatic),42.11,282.94,No
customerID-006712,Male,0,No,No,19,No,No,DSL,Yes,Yes,No,No,No,No,Month-to-month,Yes,Mailed check,65.1,888.07,No
customerID-006713,Female,0,Yes,No,3,No,Yes,DSL,No,Yes,Yes,Yes,No,No,Month-to-month,Yes,Mailed check,23.48,317.26,Yes
customerID-006714,Male,0,Yes,No,16,Yes,No phone service,DSL,No,No,Yes,No,No,No,Month-to-month,No,Mailed check,96.47,557.22,No
customerID-006715,Male,1,No,No,37,No,No,DSL,Yes,Yes,No,Yes,No,Yes,One year,Yes,Mailed check,15.59,954.85,No
customerID-006721,Female,0,Yes,No,14,Yes,No,Fiber optic,Yes,Yes,No,No,No,No,Month-to-month,No,Credit card (automatic),19.0,403.77,No
customerID-006725,Male,0,No,No,2,Yes,Yes,DSL,No,No,Yes,No,No,No,Month-to-month,Yes,Bank transfer (automatic),19.57,400.92,No
customerID-006726,Female,0,Yes,No,7,No,No,Fiber optic,Yes,No,No,No,Yes,No,One year,No,Mailed check,135.12,1328.52,No
customerID-006732,Female,1,No,No,14,Yes,No,DSL,No,Yes,Yes,No,Yes,No,Month-to-month,Yes,Mailed check,23.71,3749.15,No
customerID-006739,Female,2,No,No,4,Yes,No,DSL,No,Yes,No,No,Yes,No,Month-to-month,No,Electronic check,25.57,1127.53,No
customerID-006740,Female,0,No,No,4,Yes,No phone service,DSL,Yes,No,No,No,No,No,One year,Yes,Bank transfer (automatic),44.43,107.76,No
customerID-006742,Female,1,No,No,31,No,No phone service,Fiber optic,Yes,Yes,Yes,No,Yes,No,Month-to-month,Yes,Mailed check,23.06,854.37,No
customerID-006743,Male,1,No,No,15,No,No,DSL,No,Yes,Yes,No,No,No,Month-to-month,Yes,Mailed check,34.75,1085.7,No
customerID-006744,Male,0,No,No,26,No,No,DSL,Yes,No,Yes,Yes,No,No,One year,Yes,Bank transfer (automatic),72.14,1668.07,No
customerID-006748,Female,0,No,No,21,Yes,Yes,DSL,Yes,Yes,No,Yes,Yes,No,Month-to-month,Yes,Bank transfer (automatic),,2035.08,No
customerID-006749,Male,0,Yes,No,17,Yes,No,DSL,No,No,No,No,No,No,Month-to-month,Yes,Mailed check,35.76,1802.06,No
customerID-006751,Male,2,No,No,5,Yes,Yes,DSL,Yes,No,Yes,Yes,Yes,No,Month-to-month,Yes,Bank transfer (automatic),107.5,309.63,No
customerID-006753,Male,0,No,No,17,No,No,DSL,No,No,Yes,No,No,Yes,One year,No,Mailed check,41.59,306.04,No
customerID-006755,Male,0,Yes,No,,No,No,DSL,Yes,No,No,No,No,No,One year,No,Electronic check,52.67,212.32,No
customerID-006758,Male,1,No,No,11,No,Yes,DSL,Yes,No,Yes,No,No,No,One year,No,Mailed check,49.99,3132.13,No
customerID-006768,Male,0,Yes,No,77,Yes,Yes,DSL,No,Yes,Yes,No,Yes,No,One year,No,Mailed check,20.81,1224.76,Yes
customerID-006773,Male,2,No,No,14,Yes,No phone service,DSL,Yes,Yes,Yes,No,No,No,Month-to-month,No,Electronic check,78.25,625.96,No
customerID-006774,Male,0,No,No,5,Yes,No,DSL,No,Yes,Yes,Yes,No,No,One year,Yes,Electronic check,55.09,723.85,No
customerID-006776,Female,0,No,No,9,Yes,Yes,DSL,No,No,Yes,Yes,Yes,No,One year,Yes,Mailed check,32.59,307.71,No
customerID-006780,Female,0,No,No,0,No,Yes,DSL,Yes,Yes,No,No,No,No,Month-to-month,Yes,Credit card (automatic),65.16,1744.2,Yes
customerID-006781,Male,2,No,No,11,No,No phone service,Fiber optic,Yes,Yes,Yes,Yes,Yes,No,Month-to-month,No,Bank transfer (automatic),38.27,1196.87,No
customerID-006785,Female,1,Yes,No,18,Yes,No,DSL,Yes,No,No,No,Yes,No,Month-to-month,Yes,Mailed check,51.38,654.12,No
customerID-006787,Female,1,No,No,11,Yes,No,DSL,No,No,No,No,No,No,Month-to-month,No,Mailed check,51.01,1426.97,No
customerID-006791,Female,0,Yes,No,15,Yes,No phone service,DSL,Yes,No,Yes,No,No,No,Month-to-month,No,Mailed check,33.95,1070.92,No
customerID-006793,Female,1,No,No,9,No,Yes,Fiber optic,No,No,No,No,Yes,No,Month-to-month,No,Mailed check,68.55,2763.66,No
customerID-006794,Male,0,No,No,,No,No,Fiber optic,Yes,No,Yes,No,No,No,One year,Yes,Bank transfer (automatic),46.48,285.82,No
customerID-006797,Male,0,No,No,14,Yes,No phone service,DSL,No,No,No,Yes,No,No,One year,Yes,Bank transfer (automatic),24.56,376.86,No
customerID-006799,Male,0,Yes,No,5,Yes,No,Fiber optic,Yes,No,Yes,No,Yes,No,One year,No,Electronic check,97.38,542.33,No
customerID-006802,Female,1,No,No,22,Yes,No,DSL,No,Yes,No,No,Yes,Yes,Month-to-month,Yes,Mailed check,81.35,251.06,No
customerID-006806,Male,0,No,No,,No,No phone service,DSL,Yes,No,No,No,No,No,Month-to-month,Yes,Credit card (automatic),42.53,1076.78,No
customerID-006817,Male,1,No,No,14,No,No,DSL,No,No,No,No,No,No,One year,Yes,Credit card (automatic),39.96,562.8,No
customerID-006818,Female,0,No,No,31,Yes,Yes,Fiber optic,Yes,Yes,No,Yes,No,No,One year,Yes,Mailed check,32.92,488.27,No
customerID-006819,Male,1,No,No,10,No,No phone service,DSL,Yes,No,Yes,No,No,No,One year,Yes,Mailed check,134.69,281.22,No
customerID-006820,Female,2,No,No,,Yes,No,Fiber optic,Yes,No,No,No,No,No,One year,No,Bank transfer (automatic),52.99,506.53,No
customerID-006827,Female,1,No,No,7,No,Yes,Fiber optic,Yes,Yes,Yes,Yes,No,No,Month-to-month,No,Credit card (automatic),36.67,1501.8,No
customerID-006828,Male,0,No,No,5,No,No,Fiber optic,Yes,Yes,Yes,No,No,No,Month-to-month,No,Electronic check,11.53,597.26,No
customerID-006829,Male,0,Yes,No,8,Yes,No,DSL,Yes,No,No,No,No,No,One year,Yes,Electronic check,65.69,1311.4,No
customerID-006834,Male,0,No,No,22,No,No phone service,DSL,Yes,No,No,No,No,Yes,Month-to-month,No,Electronic check,,747.34,No
customerID-006843,Male,1,No,No,4,No,No,DSL,Yes,Yes,Yes,Yes,No,Yes,Month-to-month,Yes,Mailed check,,153.97,No
customerID-006847,Male,0,No,No,8,Yes,No phone service,Fiber optic,No,Yes,Yes,Yes,No,No,One year,Yes,Credit card (automatic),114.38,344.66,No
customerID-006849,Male,0,No,No,3,No,No,DSL,Yes,Yes,Yes,No,Yes,No,One year,Yes,Electronic check,22.27,702.22,No
customerID-006851,Female,0,Yes,No,45,No,Yes,DSL,Yes,No,No,No,No,No,One year,Yes,Mailed check,,2871.55,Yes
customerID-006852,Female,0,No,No,24,No,No phone service,DSL,Yes,No,Yes,Yes,No,No,Month-to-month,Yes,Mailed check,85.63,697.3,No
customerID-006859,Female,0,No,No,28,Yes,Yes,DSL,No,No,No,Yes,Yes,No,Month-to-month,No,Bank transfer (automatic),47.86,778.98,No
customerID-006862,Female,0,Yes,No,7,No,Yes,DSL,Yes,No,Yes,Yes,Yes,Yes,Month-to-month,Yes,Electronic check,51.26,2712.62,No
customerID-006864,Male,0,No,No,9,Yes,No,DSL,Yes,No,No,No,No,No,Month-to-month,No,Mailed check,73.55,477.41,No
customerID-006866,Female,0,No,No,4,No,No,DSL,No,No,Yes,No,No,No,Month-to-month,Yes,Mailed check,47.02,268.32,No
customerID-006872,Male,1,No,No,17,Yes,No,DSL,No,Yes,No,No,No,No,One year,Yes,Mailed check,20.95,517.5,Yes
customerID-006881,Female,0,No,No,64,No,No,DSL,No,No,No,No,No,No,Month-to-month,No,Credit card (automatic),67.4,329.95,Yes
customerID-006882,Male,1,No,No,7,No,No,DSL,No,No,No,No,No,No,Month-to-month,No,Electronic check,50.47,578.74,No
customerID-006883,Male,0,No,No,13,Yes,No,Fiber optic,No,No,No,Yes,Yes,No,One year,Yes,Bank transfer (automatic),38.36,785.35,No
customerID-006886,Male,0,No,No,12,No,Yes,DSL,No,No,No,No,No,No,One year,Yes,Credit card (automatic),,295.84,No
customerID-006887,Female,0,No,No,41,Yes,No,Fiber optic,No,Yes,Yes,Yes,Yes,No,Month-to-month,Yes,Electronic check,76.74,613.61,No
customerID-006888,Female,1,No,No,24,Yes,Yes,DSL,Yes,Yes,Yes,No,No,No,One year,Yes,Electronic check,67.94,1001.03,No
customerID-006891,Female,0,No,No,9,Yes,No,Fiber optic,No,No,Yes,No,No,No,Month-to-month,Yes,Electronic check,37.82,486.45,No
customerID-006893,Male,1,No,No,4,Yes,No phone service,Fiber optic,Yes,Yes,No,No,Yes,No,One year,Yes,Electronic check,30.59,271.99,No
customerID-006896,Male,0,No,No,5,Yes,No,DSL,No,Yes,No,No,No,No,Month-to-month,Yes,Credit card (automatic),60.91,126.95,No
customerID-006898,Male,1,Yes,No,38,Yes,No phone service,Fiber optic,Yes,No,No,No,No,No,One year,No,Electronic check,53.62,439.18,No
customerID-006900,Female,1,Yes,No,24,No,Yes,DSL,Yes,No,No,No,Yes,No,Month-to-month,Yes,Credit card (automatic),31.25,271.05,No
customerID-006902,Male,2,No,No,6,Yes,Yes,DSL,No,No,Yes,No,No,No,One year,Yes,Mailed check,44.81,325.1,No
customerID-006904,Female,0,No,No,8,Yes,No,Fiber optic,Yes,No,Yes,Yes,No,Yes,One year,Yes,Mailed check,64.21,499.07,No
customerID-006909,Male,1,No,No,23,Yes,No,DSL,Yes,No,Yes,No,No,No,Month-to-month,Yes,Electronic check,81.39,917.97,No
customerID-006911,Male,0,No,No,21,Yes,No phone service,DSL,No,No,Yes,Yes,No,No,One year,Yes,Mailed check,31.2,816.96,No
customerID-006916,Male,0,No,No,4,Yes,Yes,DSL,Yes,No,Yes,Yes,No,No,Month-to-month,Yes,Bank transfer (automatic),32.51,465.95,No
customerID-006917,Female,0,No,No,8,No,No phone service,DSL,No,No,No,No,No,No,Month-to-month,Yes,Electronic check,101.43,1037.94,No
customerID-006918,Male,1,Yes,No,24,Yes,No phone service,Fiber optic,Yes,No,No,No,No,No,One year,No,Bank transfer (automatic),29.12,1455.09,No
customerID-006921,Male,1,Yes,No,14,No,No,DSL,Yes,Yes,Yes,Yes,No,Yes,Month-to-month,No,Bank transfer (automatic),145.83,1138.11,Yes
customerID-006922,Male,0,No,No,21,No,Yes,DSL,Yes,Yes,Yes,No,No,No,One year,No,Credit card (automatic),83.0,1589.52,Yes
customerID-006927,Female,1,No,No,10,Yes,No,DSL,Yes,No,Yes,No,No,No,Month-to-month,No,Mailed check,37.34,789.44,No
customerID-006929,Male,0,Yes,No,11,No,Yes,DSL,No,Yes,No,No,No,No,Month-to-month,Yes,Credit card (automatic),28.25,338.71,Yes
customerID-006930,Male,0,Yes,No,30,No,No phone service,DSL,Yes,No,Yes,No,No,Yes,Month-to-month,No,Credit card (automatic),15.36,1212.3,Yes
customerID-006932,Female,2,No,No,12,Yes,Yes,Fiber optic,No,No,Yes,No,No,Yes,Month-to-month,No,Bank transfer (automatic),35.91,3749.15,No
customerID-006943,Female,0,Yes,No,12,Yes,No phone service,DSL,No,No,Yes,No,No,No,One year,Yes,Credit card (automatic),47.76,1288.67,No
customerID-006947,Male,1,No,No,14,Yes,Yes,Fiber optic,No,No,No,No,Yes,No,One year,Yes,Mailed check,89.82,664.41,No
customerID-006952,Female,0,No,No,6,No,No phone service,Fiber optic,No,No,No,No,No,No,Month-to-month,Yes,Mailed check,,281.22,No
customerID-006953,Male,1,No,No,6,Yes,No,DSL,Yes,No,Yes,Yes,No,No,One year,Yes,Mailed check,72.5,1685.9,No
customerID-006955,Male,1,No,No,8,No,No,DSL,Yes,No,No,No,Yes,No,Month-to-month,No,Mailed check,,1048.31,No
customerID-006956,Female,0,No,No,64,Yes,No phone service,DSL,No,No,Yes,No,Yes,No,Month-to-month,Yes,Credit card (automatic),141.15,1625.53,No
customerID-006959,Male,0,No,No,6,No,No phone service,DSL,Yes,No,Yes,No,No,Yes,Month-to-month,Yes,Credit card (automatic),33.94,239.99,No
customerID-006964,Female,0,Yes,No,16,Yes,No phone service,DSL,No,Yes,Yes,Yes,Yes,Yes,One year,Yes,Mailed check,63.93,462.57,No
customerID-006965,Male,0,Yes,No,7,Yes,No phone service,Fiber optic,Yes,No,Yes,Yes,Yes,No,Month-to-month,No,Electronic check,14.92,506.01,No
customerID-006966,Female,0,No,No,34,Yes,Yes,DSL,Yes,No,No,No,No,No,Month-to-month,Yes,Mailed check,28.05,245.88,No
customerID-006967,Male,0,No,No,10,No,No phone service,DSL,No,No,No,No,Yes,No,Month-to-month,Yes,Mailed check,24.73,70.23,No
customerID-006969,Female,0,No,No,9,Yes,Yes,DSL,No,No,No,No,Yes,No,One year,No,Mailed check,64.91,567.4,No
customerID-006972,Female,0,No,No,6,Yes,No phone service,Fiber optic,Yes,No,Yes,No,No,No,Month-to-month,Yes,Bank transfer (automatic),56.08,810.63,No
customerID-006973,Female,0,No,No,6,Yes,No,DSL,Yes,No,Yes,Yes,No,No,One year,Yes,Bank transfer (automatic),125.89,1342.47,No
customerID-006977,Male,0,No,No,4,Yes,No phone service,DSL,No,No,Yes,No,Yes,No,Month-to-month,Yes,Mailed check,80.28,458.5,No
customerID-006982,Male,0,No,No,9,Yes,No phone service,DSL,Yes,Yes,No,No,No,No,One year,Yes,Mailed check,,623.01,Yes
customerID-006983,Female,0,No,No,20,Yes,No phone service,DSL,No,No,Yes,Yes,No,No,Month-to-month,Yes,Mailed check,20.64,931.32,No
customerID-006984,Female,0,Yes,No,19,Yes,Yes,Fiber optic,No,No,Yes,No,No,No,Month-to-month,Yes,Bank transfer (automatic),40.4,227.32,No
customerID-006985,Female,1,Yes,No,7,Yes,Yes,Fiber optic,No,Yes,Yes,No,No,Yes,Month-to-month,Yes,Bank transfer (automatic),169.45,1805.77,No
customerID-006998,Female,0,No,No,8,Yes,No phone service,DSL,Yes,No,No,No,No,No,One year,Yes,Mailed check,44.83,488.91,No
customerID-006999,Male,0,No,No,6,Yes,No phone service,Fiber optic,Yes,No,Yes,No,No,No,Month-to-month,Yes,Credit card (automatic),36.63,956.28,No
customerID-007000,Male,0,Yes,No,4,Yes,Yes,Fiber optic,No,Yes,No,Yes,No,Yes,Month-to-month,Yes,Electronic check,56.76,132.68,No
customerID-007018,Female,0,No,No,17,No,No phone service,DSL,No,Yes,Yes,No,Yes,No,One year,Yes,Mailed check,40.57,1348.46,No
customerID-007025,Male,0,No,No,3,Yes,No phone service,Fiber optic,Yes,Yes,No,No,Yes,Yes,One year,No,Mailed check,19.81,291.04,No
customerID-007030,Male,0,Yes,No,21,No,No,DSL,No,No,No,Yes,No,No,One year,Yes,Electronic check,35.83,567.44,No
customerID-007031,Male,0,Yes,No,18,Yes,No phone service,DSL,No,Yes,No,No,No,No,Month-to-month,No,Mailed check,54.49,715.62,No
customerID-007038,Male,0,No,No,14,Yes,Yes,Fiber optic,Yes,Yes,Yes,Yes,No,Yes,Month-to-month,Yes,Electronic check,93.15,221.2,No
customerID-007040,Female,0,No,No,78,No,Yes,DSL,No,Yes,Yes,Yes,No,Yes,One year,No,Credit card (automatic),32.16,320.27,Yes
customerID-007041,Male,1,No,No,34,Yes,No,DSL,Yes,Yes,Yes,No,No,Yes,Month-to-month,Yes,Credit card (automatic),36.52,1137.85,No
customerID-007042,Male,0,No,No,50,No,No phone service,DSL,No,No,No,No,No,No,Month-to-month,No,Bank transfer (automatic),34.14,486.27,No
customerID-007043,Female,0,Yes,No,46,Yes,No phone service,DSL,Yes,No,Yes,No,No,Yes,Month-to-month,Yes,Credit card (automatic),35.9,930.92,No
customerID-007046,Male,0,No,No,14,Yes,No phone service,Fiber optic,No,No,No,No,No,No,One year,No,Electronic check,52.0,366.28,No
customerID-007047,Male,0,No,No,20,Yes,No phone service,DSL,No,No,Yes,No,No,No,One year,No,Mailed check,43.81,1913.64,No
customerID-007048,Male,0,Yes,No,13,Yes,No phone service,DSL,Yes,Yes,No,No,Yes,No,Month-to-month,Yes,Bank transfer (automatic),40.58,1858.15,No
customerID-007049,Male,1,No,No,,No,No,DSL,Yes,Yes,Yes,Yes,Yes,No,Month-to-month,Yes,Credit card (automatic),,503.65,No
customerID-007054,Female,0,Yes,No,4,Yes,No phone service,Fiber optic,Yes,No,No,No,No,No,Month-to-month,Yes,Bank transfer (automatic),30.39,898.93,No
customerID-007056,Female,0,No,No,11,Yes,No phone service,Fiber optic,No,Yes,Yes,No,No,No,One year,No,Credit card (automatic),,445.48,No
customerID-007058,Female,2,No,No,8,Yes,Yes,Fiber optic,No,Yes,No,No,No,No,Month-to-month,No,Credit card (automatic),85.43,297.33,No
customerID-007061,Male,0,No,No,17,No,No,DSL,Yes,Yes,Yes,No,No,No,One year,No,Credit card (automatic),22.26,2059.72,No
customerID-007063,Male,1,No,No,8,No,Yes,DSL,Yes,No,No,Yes,No,Yes,Month-to-month,No,Bank transfer (automatic),77.5,196.67,No
customerID-007077,Male,0,No,No,10,Yes,No,DSL,No,No,Yes,No,No,No,One year,Yes,Mailed check,85.56,2745.55,No
customerID-007080,Male,0,No,No,2,No,No phone service,DSL,Yes,No,Yes,Yes,Yes,No,Month-to-month,Yes,Mailed check,46.05,1913.85,No
customerID-007082,Female,0,No,No,59,No,No phone service,DSL,No,No,Yes,No,Yes,No,Month-to-month,No,Electronic check,,1825.65,No
customerID-007088,Male,1,Yes,No,19,No,No phone service,Fiber optic,Yes,Yes,No,Yes,Yes,Yes,Month-to-month,No,Mailed check,,3453.68,No
customerID-007090,Male,0,Yes,No,13,No,No,DSL,Yes,Yes,Yes,No,No,No,Month-to-month,No,Bank transfer (automatic),55.37,538.29,No
customerID-007092,Female,1,No,No,12,Yes,Yes,DSL,No,No,Yes,No,Yes,No,Month-to-month,No,Mailed check,11.49,980.56,No
customerID-007093,Male,0,Yes,No,3,Yes,No phone service,DSL,Yes,Yes,Yes,No,No,No,Month-to-month,No,Credit card (automatic),70.88,2332.53,No
customerID-007101,Male,0,No,No,10,Yes,No,DSL,Yes,No,Yes,Yes,Yes,No,Month-to-month,Yes,Bank transfer (automatic),96.35,3043.34,No
customerID-007103,Male,2,Yes,No,61,Yes,No,DSL,Yes,No,Yes,No,Yes,Yes,One year,No,Bank transfer (automatic),43.96,456.76,No
customerID-007107,Female,0,No,No,3,Yes,No,DSL,No,Yes,Yes,No,No,No,One year,Yes,Bank transfer (automatic),39.71,1945.6,No
customerID-007110,Male,1,Yes,No,14,No,No phone service,DSL,No,Yes,No,No,No,No,Month-to-month,Yes,Mailed check,75.66,761.51,No
customerID-007111,Male,0,No,No,6,Yes,No,Fiber optic,No,Yes,Yes,No,No,No,Month-to-month,Yes,Electronic check,83.28,2012.92,No
customerID-007113,Male,1,No,No,6,Yes,No,Fiber optic,Yes,Yes,Yes,No,Yes,No,One year,Yes,Credit card (automatic),23.53,1837.17,Yes
customerID-007114,Male,0,Yes,No,2,No,No,Fiber optic,Yes,Yes,Yes,No,Yes,No,One year,Yes,Mailed check,55.18,765.98,Yes
customerID-007120,Female,0,No,No,24,No,No,Fiber optic,Yes,No,Yes,No,No,Yes,Month-to-month,Yes,Mailed check,44.76,1396.96,No
customerID-007124,Female,1,No,No,20,No,No,DSL,No,No,Yes,No,No,No,One year,Yes,Mailed check,,710.62,No
customerID-007133,Male,0,No,No,48,Yes,Yes,Fiber optic,No,No,No,No,Yes,No,One year,Yes,Electronic check,128.97,574.99,No
customerID-007134,Female,0,Yes,No,5,Yes,No,DSL,No,Yes,No,No,No,No,One year,No,Electronic check,30.83,1318.55,No
customerID-007136,Female,2,No,No,18,Yes,No phone service,DSL,No,Yes,Yes,No,Yes,Yes,Month-to-month,No,Mailed check,51.95,377.64,No
customerID-007140,Male,1,No,No,45,Yes,No phone service,DSL,Yes,No,Yes,Yes,Yes,Yes,One year,Yes,Mailed check,43.13,412.14,No
customerID-007141,Female,0,No,No,14,No,No phone service,DSL,Yes,No,Yes,No,Yes,Yes,Month-to-month,Yes,Mailed check,61.77,490.4,No
customerID-007142,Male,2,No,No,20,Yes,No phone service,DSL,Yes,No,Yes,Yes,No,No,Month-to-month,No,Electronic check,43.96,1335.23,No
customerID-007146,Female,0,No,No,64,No,No phone service,Fiber optic,No,No,No,No,No,No,Month-to-month,Yes,Electronic check,31.42,436.01,No
customerID-007147,Female,1,Yes,No,7,Yes,Yes,DSL,No,Yes,Yes,Yes,Yes,No,One year,Yes,Electronic check,31.17,359.9,No
customerID-007150,Female,1,Yes,No,19,Yes,Yes,DSL,No,No,No,Yes,No,No,One year,No,Credit card (automatic),95.0,213.18,No
customerID-007157,Female,0,No,No,89,Yes,No phone service,DSL,Yes,Yes,Yes,No,No,No,Month-to-month,Yes,Electronic check,27.18,382.36,No
customerID-007162,Male,1,Yes,No,5,Yes,Yes,DSL,No,No,Yes,Yes,No,No,Month-to-month,No,Mailed check,51.98,665.82,Yes
customerID-007167,Male,0,No,No,18,No,Yes,DSL,Yes,No,Yes,Yes,No,Yes,Month-to-month,Yes,Bank transfer (automatic),39.18,1670.59,No
customerID-007168,Male,0,No,No,42,Yes,No phone service,Fiber optic,Yes,Yes,Yes,No,No,Yes,One year,No,Bank transfer (automatic),37.92,615.7,Yes
customerID-007169,Female,1,No,No,10,Yes,No phone service,Fiber optic,No,No,Yes,No,Yes,No,One year,Yes,Credit card (automatic),65.69,2201.63,No
customerID-007172,Male,0,No,No,3,Yes,Yes,Fiber optic,No,No,Yes,Yes,No,No,One year,No,Mailed check,16.46,1973.52,No
customerID-007179,Male,1,Yes,No,6,No,No,Fiber optic,Yes,No,Yes,No,No,No,Month-to-month,Yes,Mailed check,,1110.35,No
customerID-007182,Female,0,No,No,5,No,Yes,DSL,Yes,Yes,No,Yes,No,No,Month-to-month,Yes,Credit card (automatic),121.13,339.75,No
customerID-007183,Male,1,No,No,3,Yes,No phone service,DSL,No,No,Yes,No,No,No,One year,Yes,Electronic check,40.41,102.86,No
customerID-007184,Female,0,No,No,6,No,No,DSL,Yes,Yes,No,No,No,No,One year,No,Electronic check,46.96,106.62,Yes
customerID-007187,Female,0,Yes,No,8,No,Yes,DSL,Yes,No,Yes,No,No,Yes,Month-to-month,No,Bank transfer (automatic),24.62,597.59,No
customerID-007188,Male,0,No,No,23,Yes,No,DSL,No,No,No,Yes,No,No,Month-to-month,No,Bank transfer (automatic),23.64,461.35,No
customerID-007190,Female,0,No,No,11,Yes,No,DSL,Yes,No,Yes,No,No,Yes,One year,Yes,Mailed check,47.68,539.95,No
customerID-007195,Male,0,No,No,28,No,No phone service,Fiber optic,No,No,Yes,No,Yes,No,One year,No,Bank transfer (automatic),22.79,1726.41,No
customerID-007198,Male,0,No,No,72,Yes,No,DSL,Yes,No,No,No,No,No,Month-to-month,Yes,Electronic check,58.7,2775.87,No
customerID-007201,Female,1,No,No,24,Yes,No phone service,DSL,No,Yes,No,Yes,Yes,No,One year,Yes,Mailed check,52.17,742.42,No
customerID-007202,Male,0,Yes,No,8,Yes,No,DSL,No,No,No,No,No,No,One year,No,Mailed check,24.0,2796.23,No
customerID-007207,Female,0,No,No,7,Yes,No phone service,DSL,Yes,Yes,No,No,Yes,Yes,Month-to-month,Yes,Bank transfer (automatic),18.92,95.17,No
customerID-007209,Female,1,No,No,14,Yes,Yes,Fiber optic,Yes,Yes,Yes,Yes,No,No,One year,No,Bank transfer (automatic),26.15,331.69,No
customerID-007210,Female,0,Yes,No,7,No,Yes,DSL,No,No,No,No,Yes,Yes,Month-to-month,Yes,Credit card (automatic),37.05,312.53,Yes
customerID-007212,Male,0,No,No,15,No,No,DSL,Yes,No,No,No,No,No,Month-to-month,No,Bank transfer (automatic),37.3,487.1,No
customerID-007216,Male,1,No,No,5,Yes,No,Fiber optic,Yes,Yes,Yes,No,Yes,No,One year,Yes,Bank transfer (automatic),21.85,223.79,No
customerID-007221,Female,0,No,No,89,Yes,No,DSL,Yes,Yes,Yes,Yes,No,No,One year,Yes,Electronic check,39.26,1907.54,No
customerID-007227,Female,0,No,No,23,No,No phone service,DSL,No,No,No,Yes,No,No,One year,Yes,Credit card (automatic),59.77,446.49,No
customerID-007228,Female,1,No,No,10,Yes,No phone service,DSL,No,No,Yes,No,Yes,No,One year,Yes,Credit card (automatic),82.12,658.06,No
customerID-007229,Female,0,No,No,21,Yes,Yes,Fiber optic,No,Yes,Yes,No,No,No,One year,Yes,Mailed check,146.91,594.71,No
customerID-007231,Male,1,No,No,29,No,No phone service,DSL,No,Yes,No,Yes,Yes,Yes,One year,Yes,Electronic check,95.16,388.98,No
customerID-007234,Male,1,No,No,23,Yes,No phone service,DSL,Yes,No,Yes,No,No,Yes,Month-to-month,No,Mailed check,27.25,1359.9,No
customerID-007236,Female,0,No,No,16,No,Yes,DSL,Yes,Yes,No,No,No,Yes,Month-to-month,Yes,Electronic check,38.06,953.86,No
customerID-007237,Male,0,Yes,No,35,Yes,No,DSL,No,Yes,Yes,No,No,No,One year,Yes,Electronic check,86.37,449.79,No
customerID-007240,Male,0,Yes,No,16,No,No phone service,DSL,No,Yes,No,No,No,No,One year,Yes,Credit card (automatic),66.65,3090.23,No
customerID-007242,Male,0,No,No,20,Yes,No phone service,DSL,Yes,Yes,No,No,Yes,No,One year,Yes,Bank transfer (automatic),61.64,175.36,No
customerID-007245,Female,0,No,No,5,Yes,No phone service,Fiber optic,No,Yes,Yes,No,No,No,Month-to-month,No,Mailed check,40.16,1926.55,No
customerID-007247,Female,1,No,No,18,Yes,Yes,DSL,Yes,Yes,Yes,No,Yes,No,Month-to-month,No,Credit card (automatic),33.08,911.63,No
customerID-007249,Female,0,No,No,21,Yes,No phone service,DSL,Yes,Yes,No,Yes,No,No,Month-to-month,No,Mailed check,,346.05,No
customerID-007265,Male,2,No,No,77,No,Yes,Fiber optic,No,Yes,No,Yes,Yes,No,One year,No,Mailed check,39.4,135.21,No
customerID-007267,Female,1,Yes,No,40,No,Yes,Fiber optic,Yes,No,No,Yes,No,Yes,One year,No,Bank transfer (automatic),63.14,430.17,No
customerID-007269,Female,0,No,No,35,No,No,DSL,No,No,No,Yes,No,No,Month-to-month,Yes,Credit card (automatic),66.56,1307.16,No
customerID-007271,Female,2,No,No,7,No,Yes,DSL,Yes,No,No,Yes,No,No,One year,No,Electronic check,40.77,1769.77,No
customerID-007278,Female,0,Yes,No,18,Yes,No,DSL,Yes,No,Yes,No,No,No,One year,No,Bank transfer (automatic),22.43,342.52,No
customerID-007280,Male,1,No,No,17,Yes,Yes,Fiber optic,Yes,Yes,Yes,No,No,No,Month-to-month,Yes,Mailed check,34.82,272.02,No
customerID-007281,Male,0,No,No,11,Yes,No,Fiber optic,Yes,No,No,No,No,No,One year,No,Bank transfer (automatic),42.89,267.17,No
customerID-007284,Female,0,No,No,7,No,No,DSL,Yes,No,Yes,No,No,No,Month-to-month,Yes,Mailed check,50.48,489.65,No
customerID-007293,Male,1,No,No,25,Yes,Yes,DSL,No,Yes,No,No,No,No,One year,Yes,Electronic check,63.69,796.14,No
customerID-007294,Male,1,No,No,8,Yes,No,DSL,Yes,No,Yes,Yes,No,No,One year,Yes,Electronic check,84.55,2305.26,No
customerID-007295,Male,0,No,No,32,Yes,Yes,DSL,Yes,No,No,No,Yes,No,Month-to-month,Yes,Bank transfer (automatic),88.15,243.21,No
customerID-007296,Female,3,Yes,No,10,No,No,DSL,Yes,No,Yes,No,No,Yes,Month-to-month,Yes,Electronic check,26.94,701.41,No
customerID-007300,Female,0,No,No,21,Yes,No phone service,DSL,No,Yes,Yes,No,Yes,No,Month-to-month,Yes,Bank transfer (automatic),58.16,327.72,No
customerID-007301,Female,1,No,No,18,Yes,No phone service,DSL,Yes,No,Yes,No,No,No,Month-to-month,Yes,Electronic check,42.97,261.04,No
customerID-007302,Female,0,No,No,46,No,No phone service,DSL,No,No,No,No,No,No,One year,Yes,Mailed check,63.6,1168.02,No
customerID-007304,Male,0,No,No,5,Yes,No,Fiber optic,Yes,No,No,No,Yes,No,One year,No,Mailed check,55.83,1012.74,No
customerID-007306,Female,2,No,No,27,Yes,No phone service,DSL,No,No,Yes,No,No,Yes,Month-to-month,No,Electronic check,132.52,2415.37,No
customerID-007307,Female,1,Yes,No,10,Yes,No,DSL,No,Yes,No,Yes,Yes,Yes,Month-to-month,Yes,Mailed check,36.09,305.75,No
customerID-007311,Male,0,No,No,1,No,No,DSL,Yes,Yes,No,No,Yes,No,Month-to-month,No,Electronic check,29.44,371.8,Yes
customerID-007312,Male,0,Yes,No,31,No,Yes,DSL,Yes,Yes,Yes,No,Yes,No,Month-to-month,No,Bank transfer (automatic),54.96,437.83,No
customerID-007321,Male,0,No,No,12,Yes,Yes,DSL,No,Yes,Yes,Yes,Yes,No,One year,Yes,Electronic check,55.14,1572.34,No
customerID-007326,Male,1,No,No,24,Yes,No phone service,DSL,Yes,Yes,Yes,No,Yes,No,Month-to-month,Yes,Electronic check,30.43,1171.35,No
customerID-007328,Female,0,No,No,29,Yes,No phone service,DSL,Yes,No,Yes,No,Yes,No,Month-to-month,Yes,Mailed check,,1368.76,No
customerID-007337,Male,0,No,No,,No,No phone service,DSL,No,No,No,No,No,No,Month-to-month,No,Mailed check,32.61,365.33,No
customerID-007338,Male,0,No,No,23,No,No phone service,Fiber optic,Yes,Yes,Yes,No,No,No,One year,Yes,Mailed check,79.65,752.71,No
customerID-007342,Male,0,No,No,15,Yes,No,DSL,No,Yes,Yes,Yes,No,Yes,One year,Yes,Electronic check,88.15,327.39,Yes
customerID-007347,Male,0,No,No,18,Yes,No,Fiber optic,Yes,No,No,No,No,Yes,One year,No,Mailed check,88.07,301.19,No
customerID-007348,Female,1,No,No,54,Yes,Yes,DSL,Yes,Yes,No,No,No,No,One year,No,Credit card (automatic),15.4,665.1,No
customerID-007358,Male,0,No,No,10,No,No phone service,DSL,Yes,No,Yes,No,Yes,No,Month-to-month,No,Electronic check,18.34,340.85,No
customerID-007359,Female,0,No,No,29,Yes,No,DSL,No,Yes,Yes,No,No,No,Month-to-month,Yes,Credit card (automatic),,230.86,No
customerID-007360,Female,0,No,No,34,No,No,DSL,Yes,No,No,No,No,No,One year,Yes,Credit card (automatic),28.87,3335.56,No
customerID-007361,Female,1,No,No,11,Yes,No,DSL,No,Yes,Yes,No,No,Yes,One year,Yes,Bank transfer (automatic),35.31,327.22,No
customerID-007363,Male,0,No,No,31,Yes,No phone service,DSL,No,Yes,Yes,No,No,No,One year,No,Mailed check,52.94,778.29,No
customerID-007371,Male,0,No,No,,Yes,No,DSL,Yes,Yes,Yes,No,No,No,Month-to-month,No,Electronic check,98.27,2279.22,No
customerID-007379,Female,1,No,No,30,Yes,No phone service,DSL,Yes,No,Yes,Yes,No,No,Month-to-month,Yes,Mailed check,73.34,2193.96,No
customerID-007384,Male,0,No,No,3,No,Yes,Fiber optic,No,No,Yes,No,No,No,Month-to-month,Yes,Bank transfer (automatic),26.6,479.16,No
customerID-007386,Female,0,No,No,15,No,No,DSL,No,No,No,No,No,Yes,Month-to-month,No,Bank transfer (automatic),21.28,756.4,No
customerID-007387,Female,0,Yes,No,39,Yes,Yes,Fiber optic,No,No,Yes,Yes,No,No,Month-to-month,Yes,Mailed check,42.7,407.37,No
customerID-007400,Male,0,No,No,2,No,No,DSL,Yes,No,Yes,No,No,No,One year,No,Credit card (automatic),28.78,721.69,No
customerID-007405,Male,2,No,No,2,Yes,No,DSL,No,Yes,No,No,No,No,Month-to-month,Yes,Mailed check,87.09,3749.15,No
customerID-007408,Female,0,Yes,No,11,Yes,No phone service,DSL,Yes,No,Yes,No,Yes,Yes,Month-to-month,No,Credit card (automatic),79.14,1604.98,No
customerID-007409,Male,1,Yes,No,66,Yes,No phone service,DSL,Yes,No,No,Yes,No,No,Month-to-month,No,Bank transfer (automatic),,328.25,No
customerID-007411,Female,0,No,No,7,Yes,No,DSL,Yes,No,Yes,No,No,No,Month-to-month,No,Mailed check,37.77,515.72,No
customerID-007413,Male,0,No,No,10,Yes,No phone service,Fiber optic,No,Yes,Yes,No,No,Yes,Month-to-month,Yes,Mailed check,23.55,540.63,No
customerID-007415,Female,1,No,No,49,No,No,DSL,Yes,Yes,Yes,Yes,Yes,No,One year,Yes,Mailed check,,856.1,No
customerID-007417,Female,0,Yes,No,20,No,No phone service,DSL,Yes,No,Yes,No,No,No,One year,No,Mailed check,20.3,101.86,Yes
customerID-007419,Male,0,No,No,29,No,No phone service,DSL,No,No,Yes,No,Yes,No,One year,Yes,Mailed check,29.77,526.79,No
customerID-007423,Male,0,No,No,,Yes,No phone service,DSL,Yes,Yes,Yes,Yes,Yes,No,One year,Yes,Electronic check,,2020.87,No
customerID-007425,Male,0,No,No,37,Yes,No,DSL,Yes,No,Yes,Yes,No,No,Month-to-month,No,Credit card (automatic),15.28,1523.83,No
customerID-007429,Male,0,Yes,No,,No,No phone service,DSL,Yes,Yes,Yes,No,Yes,No,One year,Yes,Mailed check,37.13,106.97,No
customerID-007433,Male,1,Yes,No,6,No,Yes,DSL,Yes,No,Yes,No,No,No,One year,Yes,Bank transfer (automatic),48.33,1042.23,Yes
customerID-007436,Female,0,No,No,18,No,Yes,Fiber optic,Yes,No,No,Yes,No,No,One year,No,Bank transfer (automatic),,389.85,No
customerID-007440,Female,1,No,No,2,Yes,Yes,DSL,Yes,No,Yes,No,Yes,Yes,Month-to-month,No,Mailed check,155.5,1046.38,No
customerID-007442,Male,5,No,No,17,No,No phone service,DSL,Yes,No,No,Yes,Yes,No,Month-to-month,Yes,Credit card (automatic),,826.24,Yes
customerID-007443,Male,1,No,No,6,Yes,Yes,DSL,Yes,No,No,No,No,Yes,Month-to-month,Yes,Mailed check,98.51,676.21,No
customerID-007445,Male,1,No,No,24,Yes,No phone service,Fiber optic,Yes,Yes,Yes,No,No,Yes,Month-to-month,No,Bank transfer (automatic),30.49,883.05,No
customerID-007446,Male,1,Yes,No,3,Yes,No phone service,DSL,No,No,Yes,Yes,No,Yes,Month-to-month,Yes,Mailed check,,617.44,No
customerID-007447,Male,1,No,No,11,No,Yes,DSL,No,No,Yes,No,No,Yes,Month-to-month,No,Mailed check,22.1,240.66,Yes
customerID-007449,Male,1,Yes,No,13,Yes,No,DSL,Yes,No,Yes,No,No,No,One year,Yes,Credit card (automatic),65.16,1011.52,No
customerID-007450,Male,1,Yes,No,7,Yes,Yes,Fiber optic,No,Yes,No,No,Yes,No,Month-to-month,Yes,Credit card (automatic),31.18,356.97,Yes
customerID-007454,Female,0,No,No,19,Yes,Yes,DSL,Yes,No,No,No,No,No,One year,Yes,Electronic check,38.84,1065.81,No
customerID-007455,Female,2,Yes,No,12,Yes,No,DSL,Yes,Yes,No,No,No,Yes,Month-to-month,Yes,Bank transfer (automatic),26.2,749.48,No
customerID-007469,Male,0,No,No,12,No,No,DSL,Yes,Yes,No,Yes,No,Yes,One year,No,Credit card (automatic),106.02,370.46,Yes
customerID-007470,Male,0,No,No,2,No,Yes,DSL,Yes,No,Yes,No,Yes,No,Month-to-month,Yes,Mailed check,113.26,414.32,No
customerID-007472,Male,2,No,No,30,Yes,No phone service,DSL,Yes,No,Yes,Yes,No,No,Month-to-month,Yes,Mailed check,38.67,849.39,No
customerID-007482,Female,1,No,No,4,Yes,No phone service,DSL,Yes,Yes,Yes,No,No,Yes,Month-to-month,Yes,Mailed check,169.45,527.3,No
customerID-007483,Male,0,No,No,10,Yes,Yes,DSL,Yes,Yes,Yes,No,No,No,Month-to-month,Yes,Electronic check,18.99,1243.05,No
customerID-007490,Male,0,No,No,,No,No,DSL,Yes,Yes,Yes,No,No,No,One year,No,Electronic check,36.4,462.96,No
customerID-007494,Female,0,No,No,19,Yes,No,DSL,Yes,No,No,Yes,No,No,One year,Yes,Mailed check,39.19,3749.15,No
customerID-007495,Male,0,Yes,No,8,No,No phone service,DSL,Yes,No,Yes,No,Yes,No,One year,Yes,Mailed check,143.08,378.9,Yes
customerID-007498,Female,1,No,No,13,No,No phone service,DSL,Yes,No,No,No,No,No,Month-to-month,No,Mailed check,23.51,1383.35,No
customerID-007501,Male,1,Yes,No,8,No,No,Fiber optic,No,No,No,No,Yes,No,One year,No,Electronic check,124.31,738.4,No
customerID-007504,Female,1,No,No,15,Yes,No phone service,DSL,Yes,No,No,No,No,No,Month-to-month,Yes,Mailed check,,938.36,No
customerID-007505,Female,1,No,No,3,No,No phone service,DSL,Yes,No,Yes,No,Yes,Yes,One year,Yes,Credit card (automatic),62.91,282.46,No
customerID-007516,Female,2,No,No,1,No,No phone service,DSL,Yes,No,Yes,No,No,Yes,One year,No,Bank transfer (automatic),18.56,1660.72,No
customerID-007519,Female,0,No,No,15,Yes,No phone service,Fiber optic,No,No,Yes,No,No,Yes,Month-to-month,Yes,Credit card (automatic),11.04,422.73,No
customerID-007523,Male,0,No,No,24,No,No phone service,DSL,Yes,No,Yes,No,No,No,One year,Yes,Mailed check,97.6,334.65,No
customerID-007524,Female,0,No,No,16,Yes,No phone service,DSL,Yes,No,Yes,No,No,No,Month-to-month,No,Bank transfer (automatic),73.88,511.2,No
customerID-007529,Male,0,Yes,No,24,Yes,No phone service,DSL,No,Yes,Yes,No,Yes,No,Month-to-month,Yes,Bank transfer (automatic),49.11,382.26,No
customerID-007532,Male,0,No,No,6,No,No,DSL,Yes,No,No,No,Yes,No,One year,No,Credit card (automatic),,457.83,No
customerID-007533,Male,1,No,No,20,No,No phone service,DSL,No,No,Yes,No,No,Yes,Month-to-month,Yes,Mailed check,20.8,872.62,Yes
customerID-007536,Male,0,Yes,No,10,No,Yes,DSL,No,No,Yes,No,No,No,One year,Yes,Mailed check,38.28,420.84,Yes
customerID-007537,Female,0,No,No,15,Yes,No phone service,DSL,Yes,Yes,No,No,No,No,One year,No,Mailed check,169.45,557.38,No
customerID-007538,Male,1,No,No,20,No,No,DSL,No,Yes,Yes,No,No,No,Month-to-month,No,Mailed check,71.38,422.91,No
customerID-007540,Male,0,No,No,17,No,No,Fiber optic,No,Yes,No,Yes,No,Yes,Month-to-month,Yes,Electronic check,12.07,360.21,No
customerID-007546,Male,2,No,No,34,Yes,No phone service,DSL,No,No,No,No,No,No,Month-to-month,No,Bank transfer (automatic),35.89,1891.9,No
customerID-007548,Male,1,Yes,No,5,No,No phone service,DSL,Yes,Yes,Yes,No,No,Yes,Month-to-month,Yes,Credit card (automatic),111.39,864.82,No
customerID-007553,Female,0,No,No,31,No,No,DSL,Yes,No,No,No,No,No,Month-to-month,Yes,Bank transfer (automatic),123.8,544.14,Yes
customerID-007555,Male,0,Yes,No,5,No,Yes,Fiber optic,Yes,Yes,No,No,No,No,Month-to-month,Yes,Electronic check,34.08,2046.73,No
customerID-007557,Female,0,No,No,26,Yes,No,DSL,Yes,No,No,No,No,Yes,Month-to-month,Yes,Mailed check,58.22,1433.99,No
customerID-007565,Female,0,No,No,34,Yes,No,Fiber optic,No,No,Yes,No,Yes,Yes,Month-to-month,No,Mailed check,41.14,2139.92,Yes
customerID-007568,Male,2,No,No,26,No,Yes,DSL,No,Yes,Yes,No,No,No,One year,Yes,Mailed check,108.37,931.76,Yes
customerID-007570,Female,0,No,No,23,Yes,No,Fiber optic,No,Yes,No,No,No,Yes,Month-to-month,No,Mailed check,89.84,908.58,No
customerID-007572,Female,0,No,No,6,No,No phone service,DSL,Yes,Yes,Yes,No,No,Yes,One year,Yes,Electronic check,47.05,2256.86,No
customerID-007573,Male,0,No,No,2,Yes,No,DSL,Yes,Yes,No,No,No,No,Month-to-month,Yes,Mailed check,,474.52,No
customerID-007575,Male,0,Yes,No,4,No,No phone service,DSL,No,No,Yes,Yes,Yes,No,Month-to-month,Yes,Mailed check,25.99,1308.62,No
customerID-007586,Male,0,Yes,No,1,Yes,Yes,Fiber optic,Yes,No,No,Yes,Yes,No,Month-to-month,Yes,Mailed check,,750.59,No
customerID-007587,Male,0,Yes,No,26,Yes,No phone service,DSL,Yes,Yes,Yes,No,No,No,One year,Yes,Bank transfer (automatic),58.95,1013.3,No
customerID-007592,Female,1,Yes,No,18,No,No,DSL,Yes,Yes,No,No,No,No,Month-to-month,No,Electronic check,76.08,634.01,No
customerID-007594,Female,0,No,No,7,Yes,No phone service,Fiber optic,No,No,No,No,Yes,No,Month-to-month,Yes,Mailed check,23.63,842.45,No
customerID-007596,Male,1,No,No,3,Yes,No,DSL,No,No,No,No,No,No,One year,No,Mailed check,61.02,3749.15,No
customerID-007599,Male,2,No,No,,Yes,No,Fiber optic,Yes,Yes,Yes,No,No,No,One year,No,Credit card (automatic),33.03,503.3,No
customerID-007602,Male,0,No,No,7,Yes,No,DSL,No,Yes,Yes,No,No,No,One year,Yes,Bank transfer (automatic),119.17,443.95,No
customerID-007605,Female,1,No,No,4,Yes,Yes,DSL,Yes,Yes,No,No,No,No,One year,Yes,Bank transfer (automatic),30.96,1624.03,No
customerID-007606,Female,0,Yes,No,18,Yes,No phone service,DSL,No,Yes,No,Yes,No,No,One year,Yes,Electronic check,125.33,193.02,No
customerID-007610,Male,0,No,No,18,No,Yes,Fiber optic,Yes,No,Yes,No,No,No,Month-to-month,No,Bank transfer (automatic),66.8,2715.19,No
customerID-007613,Male,0,No,No,20,Yes,No phone service,DSL,Yes,Yes,No,No,No,No,Month-to-month,No,Electronic check,19.92,327.47,No
customerID-007614,Male,1,No,No,14,No,Yes,DSL,No,No,No,No,Yes,No,Month-to-month,Yes,Mailed check,52.75,708.38,No
customerID-007615,Male,0,No,No,3,Yes,No,Fiber optic,No,No,No,No,Yes,No,One year,Yes,Electronic check,21.26,136.86,No
customerID-007620,Female,0,No,No,22,No,No,DSL,Yes,No,Yes,No,No,Yes,One year,No,Electronic check,64.49,539.27,No
customerID-007621,Female,1,No,No,35,Yes,No,DSL,Yes,Yes,Yes,No,No,No,Month-to-month,Yes,Mailed check,85.49,2856.38,No
customerID-007623,Female,0,No,No,23,Yes,Yes,DSL,Yes,No,No,Yes,No,Yes,Month-to-month,No,Bank transfer (automatic),169.45,1371.17,No
customerID-007624,Male,0,Yes,No,19,Yes,No,Fiber optic,Yes,No,Yes,No,No,Yes,One year,Yes,Mailed check,20.73,384.61,Yes
customerID-007627,Male,0,No,No,8,Yes,No,DSL,Yes,No,Yes,Yes,Yes,No,Month-to-month,Yes,Credit card (automatic),96.64,867.91,No
customerID-007628,Female,0,Yes,No,21,Yes,Yes,DSL,Yes,No,No,Yes,No,Yes,One year,Yes,Bank transfer (automatic),45.97,1407.78,No
customerID-007631,Male,0,No,No,9,No,Yes,DSL,Yes,No,Yes,No,No,No,One year,Yes,Bank transfer (automatic),,388.14,No
customerID-007635,Female,0,No,No,19,Yes,No,DSL,Yes,Yes,Yes,No,No,No,Month-to-month,Yes,Mailed check,32.03,1067.01,No
customerID-007637,Female,0,No,No,10,No,No,DSL,No,No,Yes,No,No,No,Month-to-month,Yes,Mailed check,46.94,482.66,No
customerID-007639,Male,2,No,No,7,Yes,No,DSL,Yes,Yes,Yes,Yes,No,No,One year,Yes,Mailed check,36.3,921.76,No
customerID-007640,Male,0,Yes,No,8,No,No,DSL,Yes,No,Yes,No,No,No,Month-to-month,Yes,Credit card (automatic),55.34,458.23,No
customerID-007645,Female,0,Yes,No,5,Yes,No,DSL,No,No,Yes,No,No,No,Month-to-month,No,Electronic check,14.01,406.46,No
customerID-007646,Female,0,No,No,8,No,Yes,DSL,No,Yes,No,No,Yes,No,One year,Yes,Electronic check,136.87,991.34,No
customerID-007650,Male,0,No,No,35,Yes,No phone service,DSL,No,Yes,No,Yes,Yes,No,One year,Yes,Mailed check,38.82,881.41,No
customerID-007651,Male,1,No,No,60,Yes,No,DSL,No,No,Yes,No,Yes,No,One year,Yes,Mailed check,147.38,1543.3,No
customerID-007654,Female,0,No,No,74,No,Yes,Fiber optic,Yes,No,Yes,No,Yes,No,Month-to-month,Yes,Electronic check,60.72,212.44,Yes
customerID-007658,Male,1,No,No,16,Yes,No phone service,DSL,Yes,Yes,No,Yes,Yes,Yes,One year,Yes,Mailed check,50.64,1640.52,No
customerID-007659,Female,0,No,No,9,No,Yes,Fiber optic,Yes,No,Yes,No,No,Yes,One year,No,Credit card (automatic),20.28,1270.73,No
customerID-007667,Female,1,No,No,,No,Yes,DSL,Yes,No,Yes,Yes,No,No,Month-to-month,No,Mailed check,56.58,287.26,No
customerID-007672,Female,1,No,No,2,Yes,No phone service,DSL,Yes,No,Yes,No,No,No,Month-to-month,No,Bank transfer (automatic),88.45,276.33,No
customerID-007675,Female,0,Yes,No,8,Yes,Yes,Fiber optic,No,No,No,Yes,No,Yes,One year,Yes,Bank transfer (automatic),62.75,632.1,No
customerID-007678,Male,0,Yes,No,7,Yes,No,DSL,Yes,Yes,No,No,No,No,Month-to-month,No,Mailed check,20.95,687.42,No
customerID-007685,Female,1,Yes,No,,Yes,Yes,DSL,Yes,No,No,No,No,No,One year,Yes,Electronic check,52.39,675.67,No
customerID-007687,Male,0,No,No,,No,Yes,DSL,Yes,No,Yes,No,No,Yes,Month-to-month,No,Bank transfer (automatic),53.92,997.19,Yes
customerID-007690,Male,0,Yes,No,5,Yes,No phone service,DSL,No,Yes,Yes,No,No,Yes,Month-to-month,Yes,Mailed check,48.99,721.61,No
customerID-007693,Female,0,Yes,No,50,No,No phone service,Fiber optic,No,No,Yes,Yes,No,Yes,Month-to-month,Yes,Bank transfer (automatic),69.47,373.6,No
customerID-007694,Male,0,Yes,No,30,Yes,No,Fiber optic,Yes,No,No,No,No,No,Month-to-month,Yes,Mailed check,86.41,2284.27,No
customerID-007695,Female,0,No,No,4,Yes,No phone service,Fiber optic,Yes,Yes,No,No,Yes,No,One year,Yes,Mailed check,,649.72,No
customerID-007700,Male,2,No,No,18,Yes,No phone service,DSL,Yes,Yes,Yes,No,No,No,Month-to-month,Yes,Credit card (automatic),,782.39,No
customerID-007701,Male,1,No,No,21,Yes,No,Fiber optic,Yes,Yes,No,Yes,No,No,One year,Yes,Credit card (automatic),28.7,772.22,No
customerID-007704,Male,0,No,No,16,Yes,No,Fiber optic,Yes,Yes,Yes,No,Yes,No,One year,No,Bank transfer (automatic),66.02,1033.0,No
customerID-007705,Male,2,No,No,9,No,No,DSL,No,No,No,No,Yes,No,Month-to-month,Yes,Bank transfer (automatic),29.75,1582.36,No
customerID-007714,Male,0,No,No,21,No,No phone service,DSL,No,Yes,Yes,No,No,Yes,One year,No,Electronic check,48.18,187.05,No
customerID-007716,Female,1,Yes,No,12,Yes,Yes,DSL,Yes,Yes,No,No,No,No,One year,Yes,Bank transfer (automatic),62.75,626.28,No
customerID-007721,Male,0,Yes,No,2,Yes,No phone service,DSL,Yes,Yes,Yes,Yes,No,No,Month-to-month,No,Electronic check,97.93,595.62,No
customerID-007725,Male,0,Yes,No,42,Yes,No phone service,DSL,Yes,Yes,Yes,No,No,Yes,Month-to-month,Yes,Mailed check,56.4,168.37,Yes
customerID-007727,Male,1,No,No,9,No,Yes,DSL,Yes,No,Yes,No,No,No,One year,Yes,Mailed check,83.96,3749.15,Yes
customerID-007731,Male,1,Yes,No,11,No,No,DSL,No,Yes,Yes,No,No,Yes,Month-to-month,No,Electronic check,67.62,373.12,Yes
customerID-007733,Male,3,Yes,No,36,No,No,Fiber optic,No,No,Yes,Yes,No,No,Month-to-month,Yes,Credit card (automatic),36.05,1259.41,No
customerID-007736,Female,0,Yes,No,89,No,No,DSL,No,Yes,Yes,No,Yes,No,Month-to-month,Yes,Mailed check,30.44,125.14,Yes
customerID-007739,Male,0,No,No,11,No,No phone service,Fiber optic,Yes,No,No,No,No,No,Month-to-month,No,Electronic check,38.49,597.4,No
customerID-007740,Male,0,Yes,No,1,Yes,No phone service,Fiber optic,Yes,No,Yes,Yes,No,No,Month-to-month,Yes,Mailed check,36.32,292.42,No
customerID-007744,Male,0,No,No,77,Yes,Yes,DSL,No,Yes,No,Yes,No,No,One year,No,Bank transfer (automatic),53.97,166.54,No
customerID-007748,Female,0,No,No,5,Yes,No phone service,DSL,No,No,Yes,Yes,No,No,Month-to-month,No,Bank transfer (automatic),67.51,1274.79,No
customerID-007754,Female,1,Yes,No,10,Yes,No phone service,DSL,Yes,Yes,Yes,No,No,Yes,Month-to-month,No,Mailed check,45.58,367.09,No
customerID-007761,Female,0,No,No,,No,No,DSL,Yes,No,No,No,No,No,Month-to-month,No,Electronic check,43.62,821.67,No
customerID-007762,Male,2,No,No,23,Yes,No,DSL,No,No,Yes,No,No,No,One year,No,Mailed check,52.19,645.68,Yes
customerID-007764,Female,0,No,No,5,Yes,No,DSL,Yes,No,Yes,No,Yes,No,Month-to-month,No,Mailed check,98.48,1516.52,No
customerID-007765,Male,0,No,No,5,No,Yes,Fiber optic,Yes,No,Yes,No,No,Yes,One year,No,Credit card (automatic),86.94,123.01,No
customerID-007766,Male,1,No,No,3,Yes,No phone service,Fiber optic,No,No,No,No,No,No,One year,No,Bank transfer (automatic),26.0,327.28,No
customerID-007768,Female,0,No,No,26,No,No,DSL,Yes,Yes,Yes,Yes,Yes,No,Month-to-month,Yes,Mailed check,35.29,622.32,Yes
customerID-007774,Female,0,No,No,67,No,Yes,DSL,Yes,No,Yes,No,No,No,Month-to-month,Yes,Mailed check,46.1,461.56,Yes
customerID-007779,Male,1,Yes,No,6,No,No phone service,DSL,No,No,Yes,Yes,No,No,One year,No,Electronic check,80.79,301.05,No
customerID-007780,Female,0,Yes,No,4,Yes,No,DSL,Yes,Yes,Yes,No,No,No,One year,No,Mailed check,27.6,1255.84,No
customerID-007781,Male,0,No,No,10,Yes,No,DSL,Yes,Yes,Yes,No,No,No,One year,Yes,Electronic check,41.63,2479.25,No
customerID-007782,Male,1,No,No,23,Yes,Yes,DSL,Yes,No,No,Yes,Yes,No,Month-to-month,Yes,Bank transfer (automatic),61.71,549.1,No
customerID-007791,Female,1,No,No,21,Yes,Yes,Fiber optic,Yes,Yes,No,No,No,No,Month-to-month,No,Credit card (automatic),66.03,1784.59,No
customerID-007794,Female,0,No,No,7,Yes,No,Fiber optic,No,Yes,Yes,Yes,Yes,Yes,One year,Yes,Credit card (automatic),65.39,2779.65,Yes
customerID-007796,Male,1,No,No,50,Yes,No,DSL,Yes,Yes,No,No,No,No,One year,Yes,Credit card (automatic),82.53,2014.71,Yes
customerID-007801,Female,0,No,No,4,Yes,Yes,Fiber optic,No,No,Yes,Yes,No,No,Month-to-month,No,Electronic check,34.94,290.85,No
customerID-007802,Female,0,Yes,No,1,No,No phone service,DSL,Yes,Yes,Yes,No,No,No,Month-to-month,No,Mailed check,82.61,1515.23,No
customerID-007803,Male,2,Yes,No,22,No,No,Fiber optic,Yes,No,No,Yes,No,No,Month-to-month,No,Credit card (automatic),43.8,2505.45,No
customerID-007808,Male,0,Yes,No,6,No,Yes,DSL,No,No,No,No,No,Yes,Month-to-month,No,Credit card (automatic),169.45,162.18,No
customerID-007810,Male,1,No,No,4,No,No phone service,DSL,Yes,No,Yes,No,No,No,One year,Yes,Credit card (automatic),84.53,1440.52,No
customerID-007812,Female,0,No,No,13,Yes,No,DSL,No,No,No,No,No,No,One year,No,Mailed check,57.03,547.37,No
customerID-007814,Male,0,No,No,9,Yes,No phone service,DSL,Yes,No,No,No,Yes,No,Month-to-month,No,Credit card (automatic),38.53,550.93,Yes
customerID-007816,Male,0,No,No,50,No,No,DSL,No,No,Yes,No,No,No,One year,No,Electronic check,76.49,571.4,No
customerID-007818,Male,1,No,No,5,Yes,No phone service,DSL,Yes,No,No,Yes,No,No,One year,No,Electronic check,26.29,1251.46,No
customerID-007819,Male,0,No,No,5,No,Yes,DSL,No,No,Yes,Yes,No,No,One year,No,Electronic check,,532.68,No
customerID-007825,Female,1,Yes,No,7,No,No phone service,DSL,Yes,Yes,Yes,No,No,No,Month-to-month,Yes,Credit card (automatic),48.99,806.41,No
customerID-007831,Female,0,No,No,4,Yes,No,DSL,Yes,Yes,Yes,No,No,No,Month-to-month,No,Bank transfer (automatic),34.08,1166.9,No
customerID-007832,Female,1,Yes,No,16,Yes,No phone service,DSL,Yes,No,No,No,Yes,No,One year,No,Mailed check,42.23,3309.08,No
customerID-007835,Male,0,No,No,2,No,No phone service,DSL,No,No,No,No,No,No,One year,No,Bank transfer (automatic),28.82,613.18,No
customerID-007842,Female,0,No,No,6,Yes,Yes,DSL,No,Yes,Yes,No,No,Yes,Month-to-month,No,Credit card (automatic),33.84,1442.71,No
customerID-007847,Male,0,No,No,1,Yes,No phone service,DSL,No,Yes,Yes,No,Yes,No,Month-to-month,No,Electronic check,60.13,1588.5,No
customerID-007851,Male,2,Yes,No,14,Yes,No,DSL,No,Yes,Yes,No,Yes,No,Month-to-month,Yes,Mailed check,94.43,1329.8,No
customerID-007853,Male,1,Yes,No,10,No,No phone service,Fiber optic,Yes,Yes,Yes,No,Yes,Yes,Month-to-month,Yes,Bank transfer (automatic),83.99,1606.89,No
customerID-007857,Male,0,No,No,23,Yes,No,DSL,Yes,Yes,Yes,No,No,No,Month-to-month,Yes,Mailed check,55.2,443.28,No
customerID-007860,Male,0,Yes,No,4,Yes,No,DSL,No,Yes,Yes,Yes,No,No,One year,No,Credit card (automatic),,503.35,No
customerID-007861,Female,0,Yes,No,23,Yes,No phone service,Fiber optic,No,No,No,No,No,No,One year,Yes,Credit card (automatic),169.45,470.94,No
customerID-007862,Male,1,No,No,23,No,No,DSL,Yes,No,Yes,Yes,No,No,Month-to-month,No,Mailed check,18.43,797.6,No
customerID-007865,Male,0,No,No,8,No,No,DSL,Yes,No,Yes,No,No,No,One year,Yes,Credit card (automatic),27.53,309.84,Yes
customerID-007869,Female,0,No,No,5,Yes,No,Fiber optic,No,Yes,Yes,No,No,No,Month-to-month,Yes,Mailed check,87.83,949.02,Yes
customerID-007872,Male,4,No,No,7,Yes,Yes,DSL,No,Yes,No,No,Yes,No,Month-to-month,No,Electronic check,16.14,332.81,No
customerID-007877,Female,1,No,No,7,No,No phone service,Fiber optic,Yes,Yes,No,No,Yes,No,Month-to-month,Yes,Credit card (automatic),33.37,3156.36,No
customerID-007878,Female,0,No,No,4,Yes,No,DSL,No,Yes,Yes,No,No,No,One year,No,Mailed check,60.69,544.64,No
customerID-007881,Male,0,No,No,36,Yes,No phone service,DSL,Yes,No,No,No,No,No,Month-to-month,Yes,Mailed check,100.26,1438.15,No
customerID-007882,Female,0,No,No,4,Yes,Yes,DSL,Yes,No,Yes,No,No,No,One year,Yes,Mailed check,,177.17,No
customerID-007883,Male,0,No,No,17,Yes,No phone service,DSL,Yes,Yes,No,Yes,No,Yes,Month-to-month,No,Electronic check,26.29,96.48,No
customerID-007884,Male,0,No,No,12,No,No phone service,DSL,Yes,Yes,Yes,No,No,No,Month-to-month,No,Electronic check,152.79,304.88,No
customerID-007888,Male,1,Yes,No,10,Yes,No,DSL,Yes,Yes,No,No,No,Yes,One year,Yes,Electronic check,23.8,877.08,Yes
customerID-007889,Male,1,Yes,No,5,No,Yes,DSL,Yes,Yes,No,No,No,No,Month-to-month,No,Electronic check,43.56,178.15,No
customerID-007892,Male,1,No,No,,No,No phone service,DSL,No,Yes,Yes,Yes,Yes,No,One year,Yes,Credit card (automatic),28.42,130.09,No
customerID-007895,Female,1,No,No,9,No,No,DSL,Yes,Yes,No,No,No,Yes,Month-to-month,Yes,Credit card (automatic),,145.18,No
customerID-007897,Male,0,No,No,19,No,No,DSL,No,Yes,No,No,Yes,No,Month-to-month,No,Electronic check,43.08,3534.31,No
customerID-007903,Male,1,No,No,1,No,Yes,DSL,Yes,No,No,No,Yes,No,Month-to-month,No,Bank transfer (automatic),23.0,825.57,No
customerID-007904,Female,0,No,No,13,No,No phone service,DSL,Yes,No,Yes,No,No,No,Month-to-month,No,Mailed check,22.61,620.08,No
customerID-007905,Male,1,No,No,12,Yes,No,DSL,No,No,No,No,Yes,No,One year,Yes,Mailed check,,2370.39,No
customerID-007906,Female,0,No,No,22,Yes,No phone service,DSL,Yes,No,Yes,No,No,Yes,One year,Yes,Mailed check,21.94,1472.18,Yes
customerID-007910,Female,3,No,No,15,Yes,No,Fiber optic,Yes,Yes,No,No,No,No,Month-to-month,No,Credit card (automatic),35.86,1264.82,No
customerID-007913,Male,0,Yes,No,6,Yes,No,DSL,Yes,Yes,Yes,No,Yes,No,Month-to-month,No,Electronic check,77.64,756.53,No
customerID-007921,Female,0,No,No,5,No,Yes,DSL,No,Yes,Yes,No,No,No,Month-to-month,Yes,Electronic check,,334.04,No
customerID-007927,Male,0,No,No,2,No,No,Fiber optic,Yes,Yes,Yes,No,No,Yes,One year,Yes,Credit card (automatic),55.7,2565.72,No
customerID-007936,Male,0,No,No,44,No,Yes,DSL,Yes,No,Yes,No,No,No,One year,No,Electronic check,20.08,125.76,No
customerID-007939,Male,0,No,No,7,Yes,No phone service,DSL,No,No,No,Yes,No,No,One year,No,Bank transfer (automatic),67.99,1408.19,No
customerID-007945,Male,0,No,No,9,No,No phone service,DSL,No,No,Yes,Yes,No,No,One year,Yes,Credit card (automatic),78.21,1189.46,No
customerID-007946,Male,1,Yes,No,5,No,Yes,DSL,Yes,Yes,Yes,No,Yes,No,Month-to-month,No,Credit card (automatic),12.15,1724.16,No
customerID-007947,Female,0,No,No,42,No,Yes,DSL,Yes,No,Yes,Yes,No,No,One year,Yes,Bank transfer (automatic),,787.64,No
customerID-007951,Male,1,No,No,2,No,No,DSL,Yes,No,No,Yes,Yes,No,Month-to-month,Yes,Mailed check,88.34,1455.94,No
customerID-007952,Female,0,Yes,No,9,Yes,No,Fiber optic,Yes,Yes,Yes,No,No,No,One year,Yes,Credit card (automatic),31.94,965.32,No
customerID-007953,Male,0,Yes,No,16,No,No,DSL,Yes,No,Yes,No,No,No,One year,Yes,Mailed check,63.88,488.15,No
customerID-007954,Female,1,Yes,No,28,Yes,No,Fiber optic,No,Yes,Yes,No,No,No,One year,No,Bank transfer (automatic),61.25,696.87,No
customerID-007960,Male,1,No,No,16,Yes,Yes,Fiber optic,No,Yes,No,No,Yes,No,Month-to-month,Yes,Credit card (automatic),100.79,3749.15,No
customerID-007963,Female,0,No,No,3,Yes,No phone service,Fiber optic,Yes,No,Yes,No,No,No,Month-to-month,Yes,Credit card (automatic),43.05,1422.63,No
customerID-007964,Female,1,No,No,11,No,Yes,DSL,Yes,Yes,Yes,No,Yes,No,Month-to-month,Yes,Mailed check,58.18,886.31,No
customerID-007982,Female,0,No,No,2,No,Yes,DSL,No,No,No,Yes,No,Yes,One year,No,Mailed check,80.17,370.5,No
customerID-007985,Female,0,No,No,6,Yes,Yes,Fiber optic,Yes,No,No,No,No,No,Month-to-month,No,Bank transfer (automatic),78.64,1540.21,No
customerID-007987,Male,1,No,No,32,No,No,DSL,Yes,No,No,Yes,Yes,No,Month-to-month,Yes,Bank transfer (automatic),67.74,111.84,No
customerID-007989,Female,0,No,No,7,Yes,No phone service,DSL,No,No,No,No,No,No,Month-to-month,Yes,Electronic check,95.25,717.55,No
customerID-007992,Female,1,No,No,46,No,No,DSL,Yes,Yes,Yes,No,No,No,One year,Yes,Credit card (automatic),58.04,294.02,No
customerID-007994,Male,0,No,No,27,Yes,No,DSL,Yes,Yes,Yes,Yes,No,No,Month-to-month,No,Credit card (automatic),67.51,352.0,No
customerID-007996,Female,1,Yes,No,6,Yes,No,DSL,Yes,No,No,No,No,Yes,One year,Yes,Mailed check,17.02,2630.76,No
customerID-007998,Female,1,No,No,17,Yes,Yes,Fiber optic,Yes,No,No,No,Yes,Yes,Month-to-month,Yes,Electronic check,53.03,3382.47,No
customerID-007999,Male,0,No,No,6,No,No,DSL,Yes,Yes,Yes,No,No,Yes,Month-to-month,No,Electronic check,126.11,1692.34,Yes
customerID-008003,Female,0,No,No,4,No,No phone service,DSL,Yes,No,Yes,No,No,No,One year,Yes,Bank transfer (automatic),,1103.73,No
customerID-008012,Male,1,No,No,11,Yes,No phone service,DSL,Yes,Yes,Yes,No,No,Yes,Month-to-month,Yes,Mailed check,81.26,519.25,No
customerID-008017,Female,0,No,No,10,Yes,No,DSL,No,No,Yes,No,No,No,Month-to-month,No,Credit card (automatic),39.65,1122.91,No
customerID-008024,Female,1,Yes,No,4,Yes,No phone service,Fiber optic,No,No,Yes,No,No,No,Month-to-month,Yes,Bank transfer (automatic),58.28,556.24,No
customerID-008026,Female,0,No,No,26,Yes,No,Fiber optic,No,No,No,Yes,No,No,Month-to-month,No,Mailed check,157.82,2368.94,No
customerID-008038,Female,0,No,No,34,Yes,Yes,DSL,No,No,No,No,No,No,Month-to-month,Yes,Electronic check,75.88,174.43,No
customerID-008039,Male,0,Yes,No,19,No,No,DSL,Yes,No,No,No,No,No,One year,No,Bank transfer (automatic),50.91,860.95,Yes
customerID-008040,Female,0,Yes,No,5,Yes,No,DSL,Yes,No,No,No,No,No,One year,No,Electronic check,22.42,172.3,No
customerID-008042,Male,0,No,No,,Yes,No,DSL,No,No,No,No,No,No,Month-to-month,Yes,Electronic check,41.68,509.97,No
customerID-008046,Male,0,Yes,No,10,Yes,No phone service,DSL,Yes,Yes,No,Yes,Yes,Yes,One year,No,Electronic check,32.56,326.36,Yes
customerID-008047,Female,0,Yes,No,24,No,No,DSL,Yes,Yes,No,No,Yes,No,One year,Yes,Mailed check,27.65,1229.59,Yes
customerID-008052,Female,3,Yes,No,8,Yes,No phone service,DSL,No,Yes,No,No,No,No,One year,No,Mailed check,135.92,209.64,No
customerID-008056,Male,1,No,No,41,Yes,No,DSL,No,Yes,Yes,Yes,No,No,One year,Yes,Electronic check,50.76,1097.22,Yes
customerID-008057,Male,0,No,No,17,No,Yes,DSL,Yes,No,Yes,No,No,No,One year,Yes,Bank transfer (automatic),22.11,46.46,Yes
customerID-008058,Male,0,Yes,No,,Yes,No phone service,DSL,No,Yes,Yes,No,No,No,Month-to-month,Yes,Mailed check,43.95,302.1,No
customerID-008061,Male,1,No,No,49,No,No,DSL,No,No,Yes,Yes,No,No,Month-to-month,No,Mailed check,,1747.6,No
customerID-008064,Male,0,Yes,No,52,Yes,No phone service,DSL,Yes,No,Yes,No,No,No,Month-to-month,No,Credit card (automatic),87.72,2735.87,No
customerID-008065,Male,1,No,No,6,Yes,No,DSL,Yes,No,Yes,No,No,No,One year,No,Mailed check,49.46,1861.64,No
customerID-008066,Male,1,No,No,25,No,Yes,DSL,Yes,No,Yes,No,Yes,No,One year,Yes,Mailed check,28.55,3749.15,No
customerID-008067,Male,0,No,No,27,Yes,No,DSL,Yes,No,Yes,No,Yes,Yes,One year,Yes,Electronic check,20.35,601.08,No
customerID-008068,Male,0,No,No,13,No,No phone service,Fiber optic,Yes,No,No,No,No,No,One year,Yes,Mailed check,25.86,526.26,No
customerID-008073,Male,1,No,No,,No,No phone service,DSL,No,No,Yes,No,Yes,No,One year,No,Credit card (automatic),65.15,2498.3,No
customerID-008075,Female,0,No,No,38,No,No,Fiber optic,No,Yes,Yes,No,Yes,No,Month-to-month,Yes,Bank transfer (automatic),,247.84,No
customerID-008079,Male,0,No,No,3,No,Yes,DSL,No,Yes,Yes,No,No,Yes,Month-to-month,Yes,Electronic check,49.09,387.33,Yes
customerID-008086,Male,0,No,No,12,Yes,No,Fiber optic,Yes,No,No,No,No,Yes,Month-to-month,No,Electronic check,,967.8,No
customerID-008087,Female,0,No,No,40,No,No,DSL,No,No,No,No,No,No,Month-to-month,No,Credit card (automatic),18.36,130.9,No
customerID-008088,Female,0,Yes,No,3,No,No phone service,Fiber optic,Yes,No,Yes,No,No,No,Month-to-month,Yes,Credit card (automatic),64.08,912.38,No
customerID-008098,Male,0,No,No,22,No,No phone service,DSL,Yes,No,Yes,No,No,No,One year,Yes,Mailed check,87.1,644.21,No
customerID-008099,Female,1,No,No,20,Yes,No,DSL,No,No,No,No,No,No,One year,Yes,Electronic check,59.01,837.52,No
customerID-008101,Female,0,No,No,17,Yes,No phone service,DSL,No,Yes,Yes,No,No,Yes,Month-to-month,Yes,Credit card (automatic),25.09,453.91,No
customerID-008104,Male,0,No,No,3,Yes,No,DSL,No,No,No,Yes,No,No,One year,Yes,Electronic check,21.18,208.93,No
customerID-008108,Female,0,No,No,14,Yes,No,DSL,Yes,Yes,Yes,No,No,No,Month-to-month,Yes,Mailed check,65.54,744.54,No
customerID-008109,Female,0,No,No,5,Yes,No,Fiber optic,Yes,Yes,Yes,Yes,No,No,Month-to-month,Yes,Bank transfer (automatic),30.14,62.77,No
customerID-008116,Male,0,No,No,19,Yes,No,DSL,Yes,No,No,No,No,No,One year,No,Mailed check,56.52,317.22,No
customerID-008118,Male,0,No,No,7,Yes,No,DSL,No,Yes,Yes,No,No,No,One year,No,Electronic check,27.9,870.7,No
customerID-008120,Male,1,No,No,66,No,No phone service,DSL,Yes,Yes,No,No,No,Yes,Month-to-month,Yes,Electronic check,49.96,596.09,No
customerID-008121,Male,0,No,No,47,No,No,DSL,No,Yes,No,No,No,Yes,Month-to-month,Yes,Electronic check,21.9,1401.67,Yes
customerID-008131,Male,2,Yes,No,44,Yes,No phone service,DSL,Yes,No,No,Yes,No,Yes,Month-to-month,Yes,Mailed check,76.97,1445.53,No
customerID-008133,Female,0,Yes,No,9,No,Yes,Fiber optic,No,Yes,No,Yes,No,No,Month-to-month,No,Mailed check,62.61,575.56,No
customerID-008134,Female,0,Yes,No,6,Yes,No phone service,DSL,Yes,No,Yes,No,No,No,One year,No,Mailed check,42.27,1161.0,No
customerID-008135,Female,0,No,No,8,No,No,Fiber optic,No,No,Yes,No,Yes,Yes,One year,Yes,Electronic check,34.0,337.64,No
customerID-008137,Male,3,No,No,2,No,No phone service,DSL,No,No,No,No,No,Yes,Month-to-month,Yes,Credit card (automatic),144.42,873.22,No
customerID-008143,Male,1,No,No,27,Yes,No phone service,DSL,Yes,Yes,No,No,No,No,Month-to-month,Yes,Mailed check,38.21,391.64,No
customerID-008148,Male,0,No,No,70,Yes,No,DSL,No,No,No,No,No,No,Month-to-month,Yes,Electronic check,56.0,771.27,Yes
customerID-008149,Male,1,No,No,10,No,No phone service,DSL,No,No,Yes,Yes,Yes,No,Month-to-month,No,Credit card (automatic),91.9,454.23,No
customerID-008152,Male,0,No,No,72,Yes,Yes,DSL,No,Yes,Yes,Yes,No,Yes,Month-to-month,No,Mailed check,58.36,651.33,Yes
customerID-008153,Female,1,No,No,14,No,No,DSL,Yes,No,Yes,No,Yes,No,One year,No,Bank transfer (automatic),25.62,332.53,No
customerID-008154,Male,1,No,No,13,Yes,No phone service,DSL,Yes,Yes,Yes,No,No,Yes,Month-to-month,Yes,Electronic check,18.59,1229.82,Yes
customerID-008158,Female,2,No,No,6,Yes,No phone service,DSL,No,Yes,Yes,No,No,Yes,Month-to-month,Yes,Electronic check,22.35,133.34,No
customerID-008160,Female,0,No,No,6,Yes,No,DSL,No,No,Yes,No,No,No,One year,Yes,Credit card (automatic),57.3,287.03,No
customerID-008169,Female,1,Yes,No,44,No,No,DSL,No,Yes,No,Yes,No,No,Month-to-month,No,Bank transfer (automatic),66.2,640.43,No
customerID-008172,Male,1,Yes,No,5,Yes,No,DSL,Yes,No,Yes,Yes,Yes,No,One year,Yes,Bank transfer (automatic),44.95,585.19,No
customerID-008173,Female,0,No,No,30,Yes,No phone service,DSL,No,No,Yes,Yes,No,Yes,Month-to-month,Yes,Bank transfer (automatic),50.77,3328.55,No
customerID-008174,Male,0,Yes,No,5,Yes,No,Fiber optic,Yes,Yes,Yes,No,No,No,One year,Yes,Bank transfer (automatic),44.39,1072.02,No
customerID-008175,Male,0,No,No,38,Yes,No,DSL,No,No,Yes,No,Yes,Yes,One year,Yes,Credit card (automatic),53.77,1171.35,No
customerID-008177,Male,1,No,No,25,Yes,Yes,Fiber optic,Yes,No,Yes,No,No,No,One year,Yes,Mailed check,30.6,3749.15,No
customerID-008186,Female,0,Yes,No,26,Yes,No,DSL,No,Yes,Yes,No,No,Yes,Month-to-month,Yes,Credit card (automatic),58.4,84.93,No
customerID-008188,Male,0,No,No,14,Yes,No,DSL,No,No,No,No,No,Yes,Month-to-month,Yes,Bank transfer (automatic),62.63,1011.02,No
customerID-008190,Female,1,No,No,12,No,No phone service,Fiber optic,Yes,Yes,Yes,No,No,No,One year,No,Credit card (automatic),48.4,1051.34,No
customerID-008193,Male,0,No,No,29,Yes,No,DSL,Yes,No,Yes,No,No,No,Month-to-month,No,Mailed check,19.47,1155.98,No
customerID-008196,Male,2,Yes,No,19,Yes,Yes,DSL,Yes,No,Yes,No,No,Yes,Month-to-month,Yes,Mailed check,22.92,593.14,No
customerID-008199,Male,0,No,No,5,No,No,DSL,No,Yes,No,No,Yes,Yes,Month-to-month,Yes,Electronic check,57.17,641.16,No
customerID-008204,Male,1,No,No,10,Yes,No phone service,DSL,Yes,No,Yes,Yes,Yes,No,Month-to-month,Yes,Mailed check,23.77,725.63,No
customerID-008206,Female,1,No,No,19,Yes,No,DSL,No,No,Yes,No,No,No,One year,Yes,Credit card (automatic),52.84,385.19,No
customerID-008212,Female,1,Yes,No,9,Yes,No,DSL,No,Yes,Yes,No,Yes,No,One year,No,Mailed check,47.35,1483.11,No
customerID-008213,Male,0,No,No,13,No,No,DSL,Yes,No,Yes,No,No,No,Month-to-month,Yes,Electronic check,,205.9,No
customerID-008215,Male,1,No,No,15,Yes,Yes,DSL,No,No,No,Yes,Yes,No,One year,No,Electronic check,26.81,1308.87,No
customerID-008218,Male,1,No,No,23,Yes,Yes,DSL,No,No,Yes,Yes,Yes,No,Month-to-month,No,Mailed check,63.96,1161.42,No
customerID-008221,Male,0,Yes,No,8,Yes,Yes,DSL,Yes,Yes,Yes,No,Yes,No,Month-to-month,Yes,Mailed check,67.45,411.32,Yes
customerID-008226,Male,1,No,No,2,Yes,No phone service,DSL,No,No,No,No,No,No,Month-to-month,No,Bank transfer (automatic),63.83,924.93,No
customerID-008227,Female,0,No,No,9,No,No,DSL,No,No,Yes,No,Yes,No,Month-to-month,No,Credit card (automatic),19.03,483.65,No
customerID-008228,Female,1,No,No,3,Yes,No phone service,DSL,Yes,Yes,Yes,Yes,No,No,One year,No,Bank transfer (automatic),48.72,264.77,No
customerID-008230,Male,0,No,No,9,Yes,Yes,DSL,Yes,Yes,No,Yes,No,No,One year,Yes,Credit card (automatic),,303.03,No
customerID-008232,Male,0,No,No,7,Yes,No phone service,DSL,Yes,No,No,No,No,No,Month-to-month,Yes,Bank transfer (automatic),24.86,670.07,No
customerID-008233,Male,1,No,No,18,Yes,No,Fiber optic,Yes,No,No,No,No,Yes,Month-to-month,No,Mailed check,60.75,1529.93,No
customerID-008234,Male,0,No,No,30,Yes,Yes,DSL,No,Yes,Yes,No,Yes,Yes,Month-to-month,Yes,Bank transfer (automatic),11.68,536.4,No
customerID-008235,Female,1,No,No,7,No,No,DSL,Yes,No,No,No,Yes,No,Month-to-month,Yes,Credit card (automatic),41.27,216.33,No
customerID-008238,Female,0,No,No,4,Yes,Yes,DSL,No,No,Yes,No,No,No,Month-to-month,Yes,Bank transfer (automatic),54.14,157.78,No
customerID-008241,Male,1,No,No,11,Yes,No,Fiber optic,Yes,Yes,Yes,No,No,No,Month-to-month,No,Credit card (automatic),63.92,1057.7,No
customerID-008246,Male,0,No,No,10,Yes,No phone service,DSL,No,Yes,Yes,Yes,No,No,Month-to-month,Yes,Credit card (automatic),66.95,118.69,No
customerID-008247,Female,0,Yes,No,11,Yes,No phone service,DSL,Yes,Yes,No,Yes,No,No,One year,Yes,Bank transfer (automatic),65.82,491.1,No
customerID-008251,Male,0,No,No,3,No,No,DSL,No,Yes,Yes,Yes,No,No,Month-to-month,Yes,Electronic check,31.06,1396.64,No
customerID-008255,Male,0,No,No,21,Yes,No phone service,DSL,Yes,No,Yes,Yes,Yes,No,Month-to-month,No,Mailed check,56.88,493.19,Yes
customerID-008256,Male,0,Yes,No,24,Yes,No phone service,DSL,Yes,Yes,No,No,Yes,No,Month-to-month,No,Mailed check,36.11,3749.15,No
customerID-008259,Male,2,No,No,6,Yes,No phone service,DSL,No,No,No,Yes,No,No,Month-to-month,Yes,Mailed check,31.19,501.43,No
customerID-008262,Female,1,Yes,No,22,Yes,No,DSL,Yes,Yes,No,No,No,No,One year,Yes,Electronic check,67.13,2039.82,No
customerID-008263,Male,0,No,No,7,No,Yes,DSL,No,Yes,Yes,Yes,Yes,No,Month-to-month,No,Electronic check,19.59,371.69,No
customerID-008268,Male,0,No,No,7,No,No,DSL,No,No,Yes,No,No,No,Month-to-month,Yes,Electronic check,76.7,3146.57,No
customerID-008270,Male,1,No,No,9,Yes,Yes,DSL,No,No,Yes,Yes,No,No,Month-to-month,No,Credit card (automatic),25.96,617.75,No
customerID-008275,Male,0,No,No,24,No,No,Fiber optic,No,Yes,Yes,No,Yes,Yes,One year,No,Bank transfer (automatic),40.01,204.74,Yes
customerID-008276,Female,0,No,No,57,Yes,No,DSL,Yes,No,No,No,No,No,One year,Yes,Credit card (automatic),,437.68,No
customerID-008277,Male,0,No,No,7,No,No phone service,Fiber optic,Yes,Yes,Yes,No,No,Yes,Month-to-month,No,Credit card (automatic),47.1,1731.21,No
customerID-008285,Male,1,Yes,No,36,No,No,Fiber optic,Yes,No,Yes,No,No,No,Month-to-month,Yes,Bank transfer (automatic),21.4,920.44,Yes
customerID-008286,Female,2,No,No,,Yes,Yes,Fiber optic,Yes,No,Yes,Yes,No,No,One year,Yes,Mailed check,29.24,155.77,No
customerID-008289,Male,0,No,No,7,No,No,Fiber optic,No,No,Yes,No,No,No,Month-to-month,No,Electronic check,,618.84,No
customerID-008293,Female,1,No,No,12,Yes,No,DSL,Yes,Yes,Yes,No,No,No,Month-to-month,Yes,Electronic check,32.4,642.29,No
customerID-008297,Male,1,No,No,,No,No phone service,Fiber optic,Yes,Yes,Yes,No,No,No,Month-to-month,No,Mailed check,31.48,474.62,No
customerID-008300,Male,0,Yes,No,89,No,No,DSL,Yes,No,Yes,Yes,No,No,Month-to-month,Yes,Electronic check,22.96,191.19,Yes
customerID-008302,Female,0,No,No,4,Yes,No,DSL,No,No,Yes,No,No,Yes,Month-to-month,Yes,Credit card (automatic),90.22,1236.77,No
customerID-008311,Male,0,No,No,8,No,Yes,DSL,No,No,Yes,No,No,No,Month-to-month,No,Mailed check,49.0,1006.82,No
customerID-008314,Female,1,No,No,47,Yes,No,DSL,Yes,Yes,Yes,No,No,No,Month-to-month,No,Bank transfer (automatic),,880.29,No
customerID-008319,Male,1,Yes,No,14,Yes,No phone service,DSL,No,Yes,No,No,Yes,Yes,Month-to-month,No,Bank transfer (automatic),60.71,464.95,Yes
customerID-008320,Male,0,No,No,3,No,No,DSL,Yes,No,Yes,No,Yes,No,One year,Yes,Bank transfer (automatic),59.55,874.05,No
customerID-008322,Male,0,No,No,27,Yes,No,Fiber optic,Yes,No,Yes,Yes,No,No,One year,No,Electronic check,80.32,275.96,No
customerID-008323,Male,1,Yes,No,7,Yes,Yes,DSL,Yes,No,Yes,No,Yes,No,Month-to-month,No,Mailed check,,1030.79,No
customerID-008325,Female,0,Yes,No,6,No,No,DSL,Yes,Yes,Yes,Yes,No,No,One year,No,Credit card (automatic),103.79,584.09,Yes
customerID-008326,Male,2,No,No,7,No,No,DSL,Yes,Yes,Yes,Yes,No,No,One year,Yes,Mailed check,52.04,1279.03,No
customerID-008328,Male,0,No,No,14,Yes,No phone service,DSL,No,No,No,Yes,Yes,Yes,Month-to-month,Yes,Credit card (automatic),70.19,399.56,No
customerID-008329,Male,0,No,No,,Yes,No,DSL,Yes,Yes,Yes,No,No,Yes,Month-to-month,Yes,Bank transfer (automatic),,260.77,No
customerID-008330,Male,0,Yes,No,20,Yes,Yes,DSL,Yes,No,Yes,No,No,No,Month-to-month,Yes,Credit card (automatic),53.3,310.46,No
customerID-008339,Female,1,Yes,No,14,Yes,No phone service,Fiber optic,Yes,Yes,Yes,No,Yes,No,One year,No,Electronic check,41.3,2586.93,No
customerID-008340,Female,0,No,No,12,No,No phone service,DSL,Yes,No,No,No,No,No,One year,No,Bank transfer (automatic),,780.46,No
customerID-008344,Female,0,No,No,14,No,Yes,DSL,Yes,No,Yes,No,No,Yes,Month-to-month,Yes,Mailed check,74.5,141.49,No
customerID-008346,Female,0,No,No,13,Yes,No,Fiber optic,No,Yes,Yes,No,No,Yes,One year,Yes,Mailed check,20.08,1142.35,Yes
customerID-008352,Female,0,No,No,7,Yes,No phone service,Fiber optic,Yes,No,Yes,No,No,Yes,One year,Yes,Mailed check,56.85,1261.87,No
customerID-008354,Male,1,No,No,13,No,No,Fiber optic,No,No,Yes,No,No,Yes,One year,Yes,Credit card (automatic),48.59,852.73,No
customerID-008356,Female,2,No,No,1,Yes,No phone service,DSL,Yes,Yes,No,No,No,Yes,Month-to-month,No,Credit card (automatic),46.19,1922.35,No
customerID-008358,Male,1,Yes,No,,Yes,No,DSL,Yes,No,Yes,No,No,No,One year,Yes,Mailed check,40.09,2976.12,No
customerID-008360,Male,1,No,No,10,No,No,DSL,Yes,No,No,No,No,No,One year,No,Bank transfer (automatic),124.82,242.59,Yes
customerID-008365,Male,2,Yes,No,63,Yes,No,DSL,Yes,No,No,No,Yes,No,One year,Yes,Mailed check,43.43,1089.46,No
customerID-008374,Female,0,Yes,No,89,No,No,DSL,Yes,Yes,No,Yes,No,No,One year,No,Mailed check,39.62,618.1,Yes
customerID-008378,Male,0,Yes,No,4,No,Yes,DSL,Yes,Yes,No,No,No,No,Month-to-month,Yes,Electronic check,29.11,2356.32,Yes
customerID-008381,Male,1,No,No,35,No,No phone service,DSL,Yes,No,No,Yes,No,No,Month-to-month,Yes,Electronic check,49.19,365.77,No
customerID-008385,Female,2,No,No,15,No,No,DSL,Yes,No,Yes,Yes,No,Yes,Month-to-month,No,Mailed check,20.72,429.29,No
customerID-008391,Male,0,No,No,89,Yes,No phone service,DSL,No,No,No,No,No,No,Month-to-month,Yes,Credit card (automatic),41.8,824.81,Yes
customerID-008392,Male,1,Yes,No,89,No,No,DSL,No,Yes,No,Yes,No,Yes,Month-to-month,Yes,Mailed check,33.63,687.6,Yes
customerID-008393,Male,0,No,No,3,No,Yes,DSL,Yes,Yes,Yes,Yes,No,No,One year,No,Mailed check,90.27,81.69,No
customerID-008395,Male,1,No,No,6,Yes,No phone service,DSL,Yes,No,Yes,No,No,No,Month-to-month,Yes,Mailed check,57.85,438.33,No
customerID-008398,Male,0,No,No,11,Yes,No phone service,Fiber optic,Yes,No,Yes,Yes,No,No,Month-to-month,No,Electronic check,52.54,62.39,No
customerID-008401,Male,1,No,No,3,No,No,Fiber optic,No,Yes,Yes,No,No,No,Month-to-month,No,Electronic check,95.22,399.51,Yes
customerID-008402,Female,0,Yes,No,12,No,No,DSL,Yes,Yes,No,No,No,No,One year,No,Bank transfer (automatic),50.21,694.63,No
customerID-008404,Male,0,No,No,5,Yes,No phone service,DSL,Yes,Yes,Yes,Yes,No,No,One year,Yes,Credit card (automatic),62.31,1207.67,No
customerID-008406,Female,0,No,No,3,No,No phone service,DSL,No,No,No,Yes,No,No,Month-to-month,No,Credit card (automatic),80.7,510.98,Yes
customerID-008408,Male,0,Yes,No,8,Yes,No phone service,DSL,No,No,No,No,Yes,Yes,Month-to-month,Yes,Credit card (automatic),51.96,277.38,No
customerID-008415,Male,1,No,No,7,No,No phone service,DSL,Yes,Yes,Yes,No,Yes,No,One year,Yes,Mailed check,63.8,3567.2,No
customerID-008417,Female,0,No,No,3,Yes,No,DSL,Yes,No,No,Yes,No,No,One year,Yes,Credit card (automatic),147.1,3749.15,No
customerID-008421,Male,2,Yes,No,19,No,Yes,DSL,Yes,No,No,No,No,No,One year,No,Mailed check,47.44,1634.64,Yes
customerID-008422,Female,0,No,No,23,Yes,No,DSL,No,Yes,No,No,Yes,Yes,Month-to-month,Yes,Mailed check,45.62,862.72,No
customerID-008423,Female,0,Yes,No,23,Yes,Yes,DSL,Yes,No,Yes,No,No,No,Month-to-month,No,Credit card (automatic),27.22,255.36,No
customerID-008424,Female,0,Yes,No,11,Yes,Yes,DSL,Yes,Yes,Yes,No,No,No,Month-to-month,Yes,Mailed check,57.74,1676.93,No
customerID-008428,Male,0,No,No,16,Yes,No phone service,DSL,No,Yes,No,Yes,No,No,Month-to-month,Yes,Electronic check,41.26,418.89,No
customerID-008436,Male,1,Yes,No,8,No,No phone service,Fiber optic,Yes,No,Yes,No,No,Yes,Month-to-month,Yes,Mailed check,71.28,656.59,No
customerID-008437,Female,0,No,No,19,No,Yes,Fiber optic,No,Yes,No,No,Yes,No,One year,Yes,Mailed check,29.97,453.59,No
customerID-008439,Male,1,No,No,5,No,No phone service,DSL,Yes,No,Yes,No,No,No,Month-to-month,No,Credit card (automatic),30.43,1341.57,Yes
customerID-008444,Female,0,Yes,No,43,Yes,No phone service,Fiber optic,Yes,No,No,No,No,No,One year,Yes,Bank transfer (automatic),,1436.86,No
customerID-008445,Male,0,No,No,21,No,No,DSL,Yes,No,Yes,No,No,No,One year,Yes,Mailed check,34.1,813.82,No
customerID-008448,Male,2,No,No,2,No,No phone service,DSL,No,Yes,Yes,No,Yes,No,Month-to-month,No,Electronic check,72.56,1269.76,No
customerID-008450,Male,0,No,No,,No,No,DSL,Yes,Yes,Yes,No,Yes,No,Month-to-month,No,Bank transfer (automatic),80.35,737.55,No
customerID-008454,Female,1,Yes,No,15,No,No,DSL,Yes,No,Yes,No,No,No,Month-to-month,Yes,Mailed check,121.31,615.22,No
customerID-008456,Male,0,No,No,11,Yes,No,Fiber optic,Yes,No,Yes,No,No,No,One year,No,Mailed check,,631.36,No
customerID-008460,Female,1,No,No,2,Yes,No,DSL,Yes,No,Yes,No,Yes,No,One year,Yes,Electronic check,31.13,687.65,No
customerID-008461,Male,0,No,No,3,Yes,No,DSL,Yes,Yes,No,Yes,No,No,Month-to-month,Yes,Electronic check,30.0,268.67,No
customerID-008466,Female,0,No,No,1,Yes,No,DSL,Yes,No,Yes,No,No,No,One year,Yes,Bank transfer (automatic),48.55,2073.51,No
customerID-008468,Male,0,No,No,19,No,No phone service,Fiber optic,No,No,No,Yes,Yes,No,Month-to-month,No,Mailed check,,545.46,No
customerID-008470,Male,1,No,No,19,No,No phone service,DSL,No,Yes,No,No,No,No,Month-to-month,Yes,Mailed check,40.35,1641.69,No
customerID-008471,Male,0,No,No,3,No,No,DSL,No,No,Yes,No,No,Yes,Month-to-month,No,Mailed check,60.24,412.84,Yes
customerID-008473,Male,0,No,No,5,No,No,DSL,Yes,Yes,No,Yes,Yes,No,One year,No,Credit card (automatic),25.69,521.28,No
customerID-008477,Female,0,No,No,41,No,Yes,DSL,Yes,No,Yes,No,No,No,One year,Yes,Electronic check,29.25,138.55,Yes
customerID-008478,Male,1,Yes,No,,No,No phone service,DSL,No,No,No,No,Yes,No,One year,No,Mailed check,33.13,332.66,No
customerID-008479,Male,1,No,No,1,Yes,No,DSL,Yes,Yes,Yes,Yes,No,No,Month-to-month,Yes,Bank transfer (automatic),38.64,1825.21,No
customerID-008480,Female,0,No,No,20,Yes,Yes,DSL,Yes,No,Yes,No,No,No,Month-to-month,Yes,Mailed check,32.18,1088.7,No
customerID-008483,Female,0,No,No,15,No,No phone service,DSL,No,No,Yes,Yes,Yes,Yes,Month-to-month,No,Bank transfer (automatic),21.28,633.61,No
customerID-008486,Female,0,No,No,4,No,No,Fiber optic,Yes,Yes,Yes,No,No,No,One year,Yes,Credit card (automatic),81.63,742.47,No
customerID-008491,Male,1,No,No,69,Yes,No,Fiber optic,Yes,Yes,No,Yes,No,No,One year,No,Mailed check,46.37,767.14,No
customerID-008495,Male,0,No,No,10,Yes,No,Fiber optic,No,No,Yes,Yes,Yes,No,Month-to-month,No,Electronic check,65.6,428.75,No
customerID-008509,Male,0,No,No,,No,No,DSL,No,No,No,No,No,No,Month-to-month,No,Credit card (automatic),58.17,3179.39,No
customerID-008510,Male,0,Yes,No,14,No,No,DSL,No,No,Yes,No,No,No,Month-to-month,Yes,Credit card (automatic),13.99,392.38,No
customerID-008517,Male,1,No,No,6,Yes,Yes,DSL,Yes,No,Yes,No,No,No,Month-to-month,Yes,Electronic check,36.0,660.02,No
customerID-008518,Male,0,Yes,No,8,Yes,No,DSL,Yes,No,Yes,No,No,No,Month-to-month,Yes,Bank transfer (automatic),21.07,203.73,No
customerID-008521,Male,0,No,No,20,Yes,No phone service,Fiber optic,Yes,Yes,Yes,No,No,No,One year,Yes,Electronic check,,467.95,No
customerID-008534,Female,3,No,No,12,Yes,No phone service,DSL,Yes,No,Yes,No,No,No,One year,No,Credit card (automatic),103.33,1012.39,No
customerID-008537,Male,0,No,No,19,Yes,Yes,DSL,Yes,Yes,Yes,Yes,Yes,No,Month-to-month,No,Mailed check,112.44,800.73,No
customerID-008538,Female,0,No,No,18,No,No phone service,DSL,No,No,No,Yes,Yes,Yes,One year,No,Mailed check,94.97,246.65,No
customerID-008543,Male,2,No,No,15,Yes,No phone service,Fiber optic,No,Yes,Yes,Yes,Yes,No,One year,Yes,Bank transfer (automatic),41.59,205.54,No
customerID-008546,Female,1,Yes,No,17,No,Yes,DSL,No,No,Yes,Yes,No,No,Month-to-month,No,Mailed check,54.5,2021.21,No
customerID-008550,Male,1,No,No,7,Yes,Yes,Fiber optic,No,No,No,No,No,No,Month-to-month,Yes,Mailed check,54.73,2965.29,No
customerID-008557,Male,0,No,No,21,Yes,No phone service,DSL,No,Yes,No,No,Yes,No,One year,No,Mailed check,61.05,655.08,No
customerID-008561,Male,0,No,No,4,Yes,No phone service,DSL,No,Yes,Yes,No,Yes,Yes,One year,Yes,Bank transfer (automatic),59.27,762.57,No
customerID-008565,Male,1,No,No,34,Yes,No phone service,DSL,No,No,Yes,No,No,No,Month-to-month,Yes,Electronic check,,743.41,No
customerID-008567,Male,1,No,No,,Yes,Yes,DSL,Yes,Yes,Yes,No,No,No,Month-to-month,No,Mailed check,61.22,768.02,No
customerID-008569,Female,0,No,No,4,No,Yes,DSL,No,Yes,Yes,No,No,No,Month-to-month,Yes,Mailed check,117.03,287.99,No
customerID-008573,Female,0,No,No,33,Yes,Yes,DSL,Yes,No,Yes,No,No,No,One year,No,Bank transfer (automatic),45.7,748.17,No
customerID-008576,Male,0,No,No,22,Yes,No,DSL,No,No,Yes,No,No,No,Month-to-month,Yes,Mailed check,,1017.1,No
customerID-008578,Male,1,No,No,21,No,No phone service,DSL,Yes,No,Yes,No,No,Yes,One year,Yes,Electronic check,,1637.64,No
customerID-008580,Female,0,No,No,14,Yes,No,DSL,Yes,No,Yes,No,No,No,Month-to-month,No,Mailed check,40.17,420.5,No
customerID-008581,Male,1,Yes,No,10,Yes,No phone service,DSL,No,Yes,No,No,Yes,No,Month-to-month,Yes,Credit card (automatic),38.72,360.86,No
customerID-008583,Female,0,No,No,21,Yes,No phone service,Fiber optic,Yes,No,No,No,Yes,No,One year,No,Credit card (automatic),30.23,548.07,No
customerID-008585,Male,1,No,No,9,No,No,DSL,Yes,Yes,Yes,No,No,No,Month-to-month,Yes,Mailed check,45.0,468.69,No
customerID-008586,Male,0,No,No,5,Yes,No,DSL,No,Yes,No,Yes,No,No,One year,Yes,Electronic check,16.12,287.64,No
customerID-008592,Female,1,No,No,34,Yes,No,Fiber optic,No,No,No,Yes,No,Yes,One year,Yes,Credit card (automatic),53.97,1049.3,No
customerID-008596,Male,2,Yes,No,38,No,No,DSL,Yes,Yes,No,Yes,No,No,One year,Yes,Credit card (automatic),133.96,399.24,No
customerID-008599,Male,0,No,No,35,Yes,No phone service,DSL,No,Yes,No,No,No,No,Month-to-month,Yes,Mailed check,,993.51,No
customerID-008600,Male,1,Yes,No,8,No,No,DSL,Yes,No,No,No,No,No,One year,Yes,Electronic check,10.79,357.9,No
customerID-008601,Male,0,Yes,No,17,Yes,No,DSL,No,Yes,Yes,No,No,No,One year,No,Bank transfer (automatic),45.98,272.4,Yes
customerID-008602,Male,0,No,No,30,Yes,No phone service,DSL,Yes,Yes,Yes,No,No,No,One year,Yes,Credit card (automatic),65.82,390.06,No
customerID-008605,Female,0,No,No,20,Yes,No,DSL,No,Yes,Yes,No,Yes,Yes,One year,Yes,Mailed check,84.04,762.2,No
customerID-008606,Male,0,No,No,7,Yes,No phone service,DSL,Yes,No,No,No,No,No,Month-to-month,Yes,Mailed check,19.72,923.57,No
customerID-008612,Male,1,Yes,No,7,Yes,No,DSL,Yes,No,No,No,No,No,Month-to-month,Yes,Bank transfer (automatic),,546.23,No
customerID-008615,Male,0,No,No,10,No,No phone service,DSL,Yes,No,No,No,No,Yes,Month-to-month,No,Electronic check,43.47,228.49,No
customerID-008616,Female,1,Yes,No,13,No,No,Fiber optic,Yes,Yes,Yes,No,No,No,Month-to-month,Yes,Credit card (automatic),44.27,359.65,No
customerID-008620,Male,0,Yes,No,6,Yes,No,Fiber optic,Yes,No,No,No,No,No,Month-to-month,Yes,Bank transfer (automatic),32.65,338.26,No
customerID-008622,Male,0,No,No,9,No,No phone service,DSL,Yes,No,No,No,No,Yes,Month-to-month,Yes,Credit card (automatic),,1932.98,No
customerID-008624,Female,0,Yes,No,24,No,No,Fiber optic,Yes,No,No,No,No,No,One year,No,Mailed check,94.45,84.45,Yes
customerID-008625,Male,0,No,No,13,Yes,No phone service,DSL,Yes,No,Yes,No,No,Yes,One year,Yes,Bank transfer (automatic),38.37,643.7,No
customerID-008629,Female,0,No,No,20,Yes,No,DSL,Yes,Yes,Yes,No,No,Yes,Month-to-month,Yes,Mailed check,,572.93,No
customerID-008633,Male,2,No,No,,No,Yes,DSL,Yes,Yes,No,Yes,No,No,One year,Yes,Mailed check,51.83,3749.15,Yes
customerID-008634,Male,0,No,No,13,Yes,No phone service,DSL,Yes,No,No,No,No,No,Month-to-month,Yes,Electronic check,98.82,711.94,No
customerID-008635,Female,0,No,No,6,Yes,No,DSL,No,Yes,No,No,No,No,Month-to-month,Yes,Mailed check,,1300.41,No
customerID-008636,Male,0,No,No,4,Yes,No,DSL,No,Yes,Yes,Yes,No,Yes,Month-to-month,Yes,Credit card (automatic),,533.31,No
customerID-008637,Female,1,No,No,2,No,No,Fiber optic,Yes,Yes,No,No,No,No,One year,No,Mailed check,44.33,410.07,No
customerID-008640,Male,1,No,No,74,Yes,No,DSL,No,No,Yes,Yes,No,No,Month-to-month,Yes,Mailed check,147.03,453.66,No
customerID-008643,Male,0,No,No,6,No,No,Fiber optic,Yes,No,No,No,No,No,Month-to-month,No,Bank transfer (automatic),,813.29,No
customerID-008650,Male,1,No,No,31,Yes,Yes,DSL,Yes,No,Yes,Yes,Yes,No,One year,No,Mailed check,31.71,436.48,No
customerID-008652,Male,0,No,No,6,No,No phone service,DSL,No,No,Yes,No,No,No,One year,Yes,Mailed check,62.94,695.04,No
customerID-008656,Female,0,No,No,18,Yes,Yes,DSL,No,No,No,No,Yes,No,One year,Yes,Bank transfer (automatic),52.7,558.63,No
customerID-008659,Female,0,No,No,23,Yes,No,DSL,Yes,No,No,No,No,No,One year,Yes,Mailed check,46.06,164.41,No
customerID-008660,Male,1,No,No,4,No,Yes,DSL,Yes,No,Yes,Yes,No,No,One year,Yes,Mailed check,37.44,238.46,No
customerID-008661,Female,1,No,No,25,Yes,No phone service,DSL,No,No,Yes,Yes,No,No,Month-to-month,Yes,Mailed check,76.55,3630.0,No
customerID-008663,Female,0,No,No,89,No,No phone service,Fiber optic,Yes,Yes,No,No,Yes,Yes,Month-to-month,Yes,Mailed check,66.58,1297.19,No
customerID-008666,Male,0,No,No,13,Yes,No phone service,DSL,No,Yes,Yes,Yes,Yes,No,Month-to-month,Yes,Mailed check,40.93,1458.32,No
customerID-008669,Male,0,No,No,23,No,No,DSL,Yes,Yes,Yes,No,No,Yes,Month-to-month,Yes,Mailed check,16.42,907.39,No
customerID-008674,Male,1,No,No,4,No,Yes,DSL,Yes,No,No,Yes,No,No,Month-to-month,Yes,Credit card (automatic),68.52,197.65,No
customerID-008677,Male,1,No,No,3,Yes,Yes,DSL,Yes,No,Yes,Yes,Yes,No,Month-to-month,Yes,Credit card (automatic),22.03,1122.81,No
customerID-008678,Male,2,No,No,11,No,No phone service,DSL,Yes,No,Yes,No,No,No,One year,Yes,Mailed check,27.01,1747.77,No
customerID-008679,Male,1,No,No,4,No,Yes,DSL,Yes,No,No,No,No,Yes,One year,No,Electronic check,44.99,537.39,No
customerID-008680,Male,0,No,No,8,Yes,No,DSL,Yes,Yes,No,No,No,Yes,Month-to-month,Yes,Mailed check,58.2,1110.4,No
customerID-008681,Female,0,No,No,12,No,No,DSL,Yes,No,Yes,No,Yes,No,Month-to-month,No,Mailed check,74.24,112.34,No
customerID-008687,Male,0,No,No,12,Yes,No,DSL,No,No,No,No,No,No,Month-to-month,Yes,Bank transfer (automatic),104.24,86.12,No
customerID-008689,Female,0,No,No,64,No,No,DSL,Yes,No,No,No,Yes,No,Month-to-month,Yes,Credit card (automatic),71.75,1868.7,No
customerID-008691,Male,0,No,No,18,Yes,No phone service,DSL,No,No,Yes,No,No,No,One year,No,Mailed check,20.99,207.5,No
customerID-008695,Male,1,No,No,49,Yes,No phone service,Fiber optic,Yes,No,Yes,No,No,No,Month-to-month,No,Mailed check,58.56,2984.8,No
customerID-008696,Female,0,No,No,18,Yes,Yes,Fiber optic,Yes,No,Yes,No,No,No,Month-to-month,Yes,Credit card (automatic),28.22,1634.51,No
customerID-008699,Male,0,No,No,10,No,No phone service,DSL,No,Yes,Yes,Yes,No,Yes,Month-to-month,Yes,Bank transfer (automatic),50.51,3407.19,No
customerID-008703,Male,1,Yes,No,7,Yes,No,DSL,No,No,Yes,No,No,Yes,One year,No,Mailed check,15.51,1448.52,No
customerID-008705,Male,4,Yes,No,13,Yes,No phone service,DSL,Yes,No,Yes,No,No,No,Month-to-month,No,Electronic check,115.81,231.98,No
customerID-008706,Male,1,Yes,No,10,Yes,Yes,Fiber optic,No,No,Yes,Yes,Yes,No,Month-to-month,Yes,Bank transfer (automatic),81.9,1820.23,No
customerID-008715,Female,0,Yes,No,12,No,No,DSL,No,No,Yes,No,No,Yes,Month-to-month,Yes,Credit card (automatic),102.77,136.16,Yes
customerID-008716,Female,2,Yes,No,3,Yes,No phone service,DSL,Yes,Yes,Yes,No,No,Yes,Month-to-month,Yes,Mailed check,23.98,701.67,No
customerID-008719,Female,0,No,No,15,Yes,No phone service,DSL,Yes,No,No,No,No,No,One year,Yes,Credit card (automatic),68.9,3206.26,No
customerID-008724,Female,0,No,No,11,Yes,No phone service,DSL,No,No,No,No,No,No,Month-to-month,No,Credit card (automatic),17.74,739.11,No
customerID-008725,Male,3,No,No,31,Yes,No,DSL,No,No,No,No,No,Yes,Month-to-month,Yes,Mailed check,21.84,252.8,Yes
customerID-008728,Female,0,Yes,No,5,No,No phone service,DSL,No,No,No,No,No,No,Month-to-month,Yes,Electronic check,34.01,278.43,No
customerID-008729,Female,0,Yes,No,7,Yes,No,DSL,Yes,No,Yes,No,No,No,One year,Yes,Electronic check,33.67,277.52,No
customerID-008732,Male,1,Yes,No,9,Yes,No phone service,DSL,Yes,Yes,No,No,No,No,Month-to-month,Yes,Credit card (automatic),39.39,892.61,No
customerID-008741,Female,1,No,No,21,Yes,Yes,DSL,Yes,No,Yes,No,No,Yes,One year,No,Bank transfer (automatic),96.83,341.34,No
customerID-008744,Male,1,No,No,4,No,No phone service,DSL,Yes,No,No,No,No,No,Month-to-month,Yes,Mailed check,78.54,170.86,No
customerID-008746,Male,0,No,No,17,No,No,Fiber optic,No,No,Yes,No,Yes,No,Month-to-month,No,Mailed check,,899.27,No
customerID-008747,Male,1,Yes,No,78,Yes,No phone service,Fiber optic,No,No,No,Yes,Yes,No,Month-to-month,No,Bank transfer (automatic),,522.42,No
customerID-008748,Female,0,No,No,14,No,Yes,DSL,No,Yes,No,No,No,Yes,One year,No,Bank transfer (automatic),52.56,1227.35,Yes
customerID-008753,Female,1,No,No,18,No,No phone service,Fiber optic,Yes,Yes,Yes,Yes,Yes,No,Month-to-month,Yes,Credit card (automatic),48.37,283.04,No
customerID-008755,Male,0,No,No,3,Yes,No phone service,DSL,No,No,Yes,No,No,No,Month-to-month,Yes,Bank transfer (automatic),58.5,1121.94,No
customerID-008757,Male,0,Yes,No,35,Yes,No phone service,DSL,No,No,No,No,No,No,One year,No,Mailed check,62.92,347.92,No
customerID-008759,Male,2,No,No,10,Yes,No phone service,Fiber optic,Yes,No,No,No,Yes,No,Month-to-month,Yes,Mailed check,14.15,315.47,No
customerID-008761,Female,0,No,No,4,No,Yes,DSL,Yes,No,No,Yes,No,No,Month-to-month,Yes,Electronic check,,1559.54,No
customerID-008767,Male,0,No,No,14,No,No phone service,DSL,No,Yes,Yes,Yes,No,No,Month-to-month,Yes,Mailed check,70.46,344.99,No
customerID-008769,Female,0,No,No,70,No,No,DSL,No,Yes,Yes,No,No,Yes,Month-to-month,No,Mailed check,42.69,455.49,Yes
customerID-008772,Female,3,No,No,65,Yes,No phone service,DSL,Yes,No,Yes,Yes,No,No,One year,No,Mailed check,68.54,454.13,No
customerID-008774,Male,0,No,No,8,Yes,No,DSL,Yes,Yes,Yes,No,No,No,One year,Yes,Credit card (automatic),72.25,659.11,No
customerID-008779,Male,0,Yes,No,38,No,No phone service,DSL,No,Yes,Yes,Yes,Yes,Yes,Month-to-month,Yes,Electronic check,37.67,232.01,No
customerID-008780,Male,1,No,No,13,Yes,No,Fiber optic,Yes,No,No,No,Yes,No,One year,No,Electronic check,75.12,3749.15,No
customerID-008783,Male,0,Yes,No,16,Yes,No,DSL,Yes,No,Yes,No,Yes,Yes,Month-to-month,Yes,Electronic check,44.85,698.35,No
customerID-008784,Male,1,No,No,27,Yes,No,DSL,Yes,No,Yes,No,Yes,No,Month-to-month,Yes,Credit card (automatic),36.96,524.47,No
customerID-008785,Female,0,No,No,10,Yes,Yes,DSL,No,Yes,Yes,No,No,No,Month-to-month,No,Mailed check,20.58,942.06,No
customerID-008792,Male,0,No,No,6,No,No phone service,DSL,No,Yes,Yes,No,No,No,One year,No,Mailed check,25.97,473.37,No
customerID-008794,Female,0,No,No,14,No,No phone service,DSL,Yes,Yes,No,No,No,No,One year,No,Mailed check,49.55,523.34,No
customerID-008804,Male,0,Yes,No,3,Yes,No phone service,DSL,Yes,No,Yes,Yes,Yes,Yes,Month-to-month,Yes,Mailed check,22.3,155.84,No
customerID-008805,Male,1,No,No,23,Yes,No,DSL,Yes,No,No,No,No,No,Month-to-month,Yes,Electronic check,77.64,1714.0,No
customerID-008806,Male,0,No,No,17,No,No phone service,DSL,Yes,No,Yes,No,No,No,One year,Yes,Bank transfer (automatic),23.12,101.04,No
customerID-008807,Male,0,Yes,No,8,No,No phone service,DSL,Yes,No,Yes,Yes,No,No,One year,No,Mailed check,27.18,477.27,No
customerID-008812,Female,0,No,No,10,Yes,No,DSL,Yes,No,Yes,Yes,No,No,Month-to-month,Yes,Electronic check,60.08,120.83,No
customerID-008817,Female,2,No,No,23,Yes,No phone service,Fiber optic,Yes,Yes,Yes,No,No,No,One year,Yes,Bank transfer (automatic),64.92,334.03,No
customerID-008818,Female,2,No,No,17,Yes,No phone service,DSL,No,Yes,Yes,No,No,No,Month-to-month,No,Credit card (automatic),19.99,176.71,No
customerID-008826,Female,1,No,No,9,No,Yes,DSL,Yes,Yes,No,No,No,No,One year,Yes,Credit card (automatic),107.12,243.91,No
customerID-008829,Female,0,No,No,22,Yes,No,Fiber optic,Yes,No,Yes,No,Yes,No,One year,No,Mailed check,27.28,1606.38,No
customerID-008832,Female,0,No,No,13,No,No phone service,DSL,Yes,No,No,No,No,No,Month-to-month,Yes,Mailed check,47.85,2096.94,No
customerID-008833,Female,1,Yes,No,43,Yes,No phone service,Fiber optic,Yes,Yes,Yes,No,Yes,No,Month-to-month,Yes,Credit card (automatic),92.23,2227.89,No
customerID-008844,Female,1,Yes,No,9,Yes,No phone service,DSL,No,No,Yes,No,Yes,No,Month-to-month,Yes,Bank transfer (automatic),69.34,1979.89,No
customerID-008851,Male,0,No,No,11,Yes,No,DSL,Yes,No,No,No,No,Yes,One year,Yes,Credit card (automatic),75.39,1624.47,No
customerID-008858,Male,0,No,No,17,Yes,No,DSL,No,Yes,Yes,No,No,No,One year,No,Bank transfer (automatic),169.45,181.71,No
customerID-008859,Male,0,Yes,No,4,Yes,No,DSL,Yes,Yes,Yes,No,No,Yes,One year,Yes,Credit card (automatic),59.19,480.92,No
customerID-008860,Female,1,No,No,26,No,Yes,DSL,No,No,Yes,No,Yes,No,Month-to-month,Yes,Mailed check,60.2,799.09,No
customerID-008862,Male,1,Yes,No,19,No,Yes,DSL,Yes,Yes,No,No,No,No,One year,No,Mailed check,55.9,1906.28,Yes
customerID-008865,Female,0,No,No,5,Yes,No phone service,DSL,No,Yes,Yes,No,Yes,Yes,One year,Yes,Electronic check,113.47,333.68,No
customerID-008868,Female,0,Yes,No,,Yes,No,Fiber optic,No,No,No,No,No,No,One year,No,Credit card (automatic),69.35,1747.64,No
customerID-008876,Male,0,No,No,13,Yes,No phone service,Fiber optic,Yes,No,Yes,No,Yes,No,One year,Yes,Credit card (automatic),12.64,3745.54,No
customerID-008877,Female,1,No,No,32,No,Yes,Fiber optic,Yes,Yes,Yes,No,No,Yes,One year,No,Mailed check,,862.98,No
customerID-008879,Male,0,No,No,19,Yes,No phone service,DSL,Yes,No,Yes,No,No,No,Month-to-month,Yes,Mailed check,48.87,448.59,No
customerID-008884,Male,0,No,No,10,No,No,Fiber optic,Yes,Yes,No,No,Yes,Yes,One year,No,Electronic check,39.2,231.88,No
customerID-008885,Male,0,No,No,5,No,Yes,DSL,Yes,No,Yes,No,No,No,Month-to-month,Yes,Mailed check,52.37,1235.96,No
customerID-008887,Female,0,No,No,12,Yes,No,Fiber optic,Yes,No,Yes,Yes,No,No,One year,No,Bank transfer (automatic),59.21,312.39,Yes
customerID-008888,Male,2,No,No,4,No,No,DSL,No,No,No,No,No,No,Month-to-month,Yes,Mailed check,21.52,661.83,No
customerID-008892,Male,1,No,No,28,No,No,DSL,No,Yes,Yes,No,No,No,Month-to-month,No,Bank transfer (automatic),71.09,318.85,No
customerID-008893,Male,0,No,No,18,Yes,No,DSL,No,Yes,Yes,Yes,No,No,Month-to-month,No,Mailed check,41.44,521.47,No
customerID-008898,Male,0,No,No,19,Yes,No,Fiber optic,No,No,Yes,No,No,No,One year,No,Electronic check,42.84,1803.01,Yes
customerID-008900,Male,0,No,No,11,Yes,Yes,DSL,Yes,Yes,No,No,No,No,Month-to-month,Yes,Bank transfer (automatic),36.36,106.89,No
customerID-008904,Female,0,No,No,15,No,Yes,DSL,No,No,Yes,Yes,No,No,One year,No,Electronic check,,861.79,No
customerID-008908,Male,0,No,No,23,No,Yes,DSL,Yes,Yes,Yes,No,Yes,No,Month-to-month,No,Credit card (automatic),34.37,802.32,Yes
customerID-008909,Male,0,Yes,No,17,No,No phone service,Fiber optic,Yes,No,Yes,Yes,No,No,One year,Yes,Mailed check,,776.18,No
customerID-008910,Male,0,No,No,8,Yes,No phone service,DSL,No,No,Yes,No,No,No,One year,No,Electronic check,122.61,1248.34,Yes
customerID-008914,Male,0,No,No,4,Yes,Yes,DSL,Yes,No,No,No,No,Yes,One year,Yes,Bank transfer (automatic),46.63,3749.15,No
customerID-008915,Male,0,No,No,3,No,No,DSL,No,Yes,Yes,Yes,Yes,Yes,Month-to-month,Yes,Mailed check,30.2,510.86,No
customerID-008917,Male,1,No,No,89,Yes,No,DSL,Yes,No,No,Yes,No,No,One year,Yes,Mailed check,46.02,1601.56,No
customerID-008920,Female,0,No,No,62,Yes,No,DSL,Yes,Yes,Yes,Yes,No,No,Month-to-month,Yes,Mailed check,46.17,1898.78,No
customerID-008924,Male,0,No,No,40,No,No phone service,DSL,No,Yes,Yes,No,No,Yes,One year,Yes,Electronic check,97.0,739.25,No
customerID-008930,Female,0,No,No,18,Yes,No phone service,DSL,Yes,Yes,Yes,No,No,No,One year,Yes,Mailed check,43.73,566.79,No
customerID-008931,Female,2,Yes,No,,Yes,No,Fiber optic,Yes,Yes,Yes,No,No,No,One year,Yes,Mailed check,55.61,166.62,No
customerID-008934,Male,0,No,No,7,No,No phone service,DSL,No,Yes,Yes,No,No,No,One year,No,Mailed check,,1372.03,No
customerID-008937,Male,1,No,No,4,Yes,No,DSL,No,Yes,Yes,No,No,No,Month-to-month,No,Credit card (automatic),73.1,1014.67,No
customerID-008940,Female,0,Yes,No,12,No,No phone service,DSL,No,Yes,Yes,No,Yes,Yes,One year,Yes,Credit card (automatic),52.49,1654.61,No
customerID-008943,Female,3,No,No,2,Yes,No phone service,DSL,Yes,No,Yes,No,No,Yes,Month-to-month,No,Mailed check,,434.02,No
customerID-008944,Female,0,No,No,21,Yes,Yes,DSL,No,Yes,Yes,Yes,Yes,No,Month-to-month,Yes,Credit card (automatic),65.42,209.73,No
customerID-008945,Male,0,No,No,37,Yes,No phone service,DSL,Yes,No,Yes,No,No,Yes,Month-to-month,Yes,Bank transfer (automatic),51.88,466.93,No
customerID-008946,Male,0,No,No,,No,No phone service,DSL,No,No,Yes,No,No,No,Month-to-month,Yes,Bank transfer (automatic),58.68,949.27,No
customerID-008947,Male,2,Yes,No,29,Yes,No,DSL,Yes,No,Yes,Yes,No,No,Month-to-month,Yes,Electronic check,48.85,568.36,No
customerID-008950,Male,2,No,No,19,No,No phone service,Fiber optic,No,No,Yes,No,No,No,One year,Yes,Mailed check,18.51,792.17,No
customerID-008951,Male,1,No,No,21,No,Yes,DSL,No,No,Yes,No,No,No,Month-to-month,No,Mailed check,23.21,967.24,No
customerID-008959,Male,0,No,No,20,Yes,No phone service,DSL,Yes,Yes,Yes,No,Yes,No,One year,Yes,Mailed check,68.43,939.03,No
customerID-008960,Female,3,No,No,58,Yes,No phone service,DSL,Yes,No,Yes,No,No,No,One year,Yes,Mailed check,73.21,120.15,No
customerID-008963,Male,0,No,No,,Yes,No phone service,DSL,Yes,Yes,Yes,No,Yes,No,Month-to-month,No,Electronic check,122.67,361.99,No
customerID-008966,Female,1,No,No,26,No,No,DSL,Yes,Yes,No,No,No,No,Month-to-month,Yes,Mailed check,25.65,2005.52,No
customerID-008967,Female,1,No,No,3,No,No,Fiber optic,No,No,Yes,No,Yes,Yes,Month-to-month,Yes,Mailed check,39.0,785.12,No
customerID-008973,Male,2,No,No,5,No,No phone service,DSL,Yes,No,Yes,Yes,Yes,No,One year,Yes,Bank transfer (automatic),25.94,678.75,No
customerID-008978,Female,0,No,No,14,Yes,No phone service,DSL,No,No,Yes,No,No,Yes,Month-to-month,No,Mailed check,60.96,285.61,No
customerID-008980,Female,1,No,No,2,No,Yes,DSL,No,Yes,No,No,No,Yes,One year,No,Credit card (automatic),81.93,524.32,No
customerID-008983,Male,1,No,No,59,Yes,No,DSL,No,Yes,Yes,No,No,No,Month-to-month,No,Credit card (automatic),128.19,366.67,No
customerID-008990,Male,0,No,No,2,No,No phone service,DSL,Yes,Yes,No,No,No,Yes,One year,No,Mailed check,35.36,946.58,No
customerID-008997,Male,0,No,No,2,No,No,DSL,No,No,Yes,No,No,No,Month-to-month,Yes,Bank transfer (automatic),107.77,273.74,No
customerID-008999,Male,0,No,No,16,Yes,No phone service,DSL,Yes,No,No,Yes,No,Yes,Month-to-month,No,Mailed check,,535.37,No
customerID-009000,Male,0,No,No,4,No,Yes,DSL,No,No,Yes,No,No,No,One year,No,Electronic check,51.01,208.25,No
customerID-009008,Male,0,Yes,No,4,No,No,Fiber optic,Yes,Yes,Yes,Yes,No,No,Month-to-month,Yes,Bank transfer (automatic),35.53,580.75,Yes
customerID-009011,Male,1,No,No,11,Yes,No phone service,DSL,Yes,Yes,Yes,No,No,No,One year,Yes,Electronic check,26.04,427.99,No
customerID-009016,Male,3,Yes,No,12,No,No phone service,DSL,Yes,Yes,Yes,Yes,No,No,One year,Yes,Mailed check,42.47,745.54,Yes
customerID-009017,Female,0,No,No,1,Yes,Yes,Fiber optic,No,No,No,No,No,No,Month-to-month,Yes,Bank transfer (automatic),42.79,637.23,Yes
customerID-009019,Male,0,Yes,No,7,Yes,No,DSL,Yes,No,No,No,Yes,No,Month-to-month,Yes,Mailed check,43.01,1009.68,Yes
customerID-009025,Female,0,No,No,3,Yes,No phone service,DSL,Yes,No,Yes,Yes,No,Yes,Month-to-month,Yes,Electronic check,,234.74,No
customerID-009029,Male,0,No,No,19,No,No,Fiber optic,No,Yes,Yes,No,No,No,One year,No,Bank transfer (automatic),62.49,448.75,No
customerID-009031,Male,0,Yes,No,32,Yes,No phone service,DSL,Yes,Yes,Yes,Yes,Yes,No,Month-to-month,Yes,Electronic check,35.83,164.68,No
customerID-009032,Male,1,Yes,No,12,Yes,No phone service,DSL,No,No,No,Yes,Yes,Yes,One year,Yes,Electronic check,,264.64,No
customerID-009038,Male,1,No,No,25,No,No,Fiber optic,Yes,Yes,Yes,No,No,No,Month-to-month,No,Mailed check,71.72,1359.16,Yes
customerID-009043,Female,0,No,No,6,No,No,DSL,No,No,Yes,No,Yes,Yes,One year,No,Credit card (automatic),94.3,817.95,Yes
customerID-009045,Male,0,No,No,27,Yes,No,Fiber optic,No,Yes,No,Yes,No,No,One year,No,Mailed check,70.76,1117.74,No
customerID-009047,Male,0,No,No,6,No,No phone service,Fiber optic,Yes,No,No,No,Yes,No,Month-to-month,No,Electronic check,91.89,1510.4,No
customerID-009059,Male,0,No,No,7,No,Yes,DSL,No,No,Yes,No,Yes,No,Month-to-month,No,Mailed check,16.39,965.99,No
customerID-009060,Female,0,Yes,No,30,Yes,No phone service,DSL,Yes,Yes,Yes,No,No,No,One year,Yes,Electronic check,35.53,237.99,No
customerID-009062,Male,0,No,No,16,No,No,DSL,Yes,Yes,Yes,No,No,No,Month-to-month,Yes,Credit card (automatic),62.86,564.92,Yes
customerID-009063,Male,0,No,No,10,Yes,No,DSL,No,No,No,No,No,No,One year,Yes,Credit card (automatic),13.44,329.26,No
customerID-009066,Male,0,No,No,12,Yes,No phone service,Fiber optic,Yes,Yes,No,No,Yes,Yes,One year,Yes,Mailed check,27.02,1828.0,No
customerID-009069,Male,0,No,No,89,Yes,Yes,DSL,Yes,No,No,Yes,Yes,No,Month-to-month,Yes,Bank transfer (automatic),29.27,268.94,No
customerID-009072,Female,2,No,No,4,No,No,Fiber optic,Yes,Yes,Yes,No,Yes,No,Month-to-month,Yes,Electronic check,60.23,940.6,No
customerID-009073,Male,1,No,No,31,Yes,No,DSL,No,No,Yes,No,No,No,Month-to-month,Yes,Electronic check,22.92,521.04,No
customerID-009076,Male,2,No,No,4,Yes,No phone service,DSL,Yes,Yes,Yes,No,Yes,No,One year,Yes,Credit card (automatic),30.56,3365.85,Yes
customerID-009081,Male,1,No,No,12,Yes,Yes,DSL,Yes,No,Yes,Yes,No,Yes,One year,No,Electronic check,88.02,1563.89,No
customerID-009085,Female,0,Yes,No,24,No,No,DSL,Yes,Yes,Yes,No,Yes,No,Month-to-month,No,Bank transfer (automatic),86.91,676.22,Yes
customerID-009087,Female,0,No,No,28,Yes,No phone service,DSL,Yes,No,No,No,Yes,No,One year,Yes,Mailed check,24.82,323.12,No
customerID-009089,Female,1,Yes,No,21,Yes,Yes,DSL,Yes,Yes,Yes,No,No,Yes,One year,Yes,Mailed check,,168.7,No
customerID-009090,Female,1,No,No,7,Yes,No phone service,Fiber optic,No,No,Yes,No,No,No,Month-to-month,Yes,Credit card (automatic),37.35,601.33,No
customerID-009092,Male,0,No,No,2,Yes,No phone service,DSL,Yes,No,No,No,No,No,Month-to-month,Yes,Mailed check,14.43,604.85,No
customerID-009096,Female,0,No,No,4,No,No,DSL,No,No,No,No,No,Yes,One year,Yes,Mailed check,126.67,494.51,No
customerID-009098,Female,0,No,No,8,Yes,No,DSL,No,Yes,Yes,No,Yes,No,Month-to-month,No,Electronic check,49.25,986.08,No
customerID-009103,Male,0,Yes,No,5,No,No phone service,Fiber optic,No,Yes,No,No,No,No,One year,Yes,Credit card (automatic),27.8,845.55,No
customerID-009107,Female,1,No,No,7,Yes,No,Fiber optic,Yes,No,No,No,No,No,One year,Yes,Mailed check,117.04,500.31,No
customerID-009110,Male,0,Yes,No,15,Yes,Yes,DSL,Yes,No,No,No,No,No,Month-to-month,No,Bank transfer (automatic),71.77,1012.18,No
customerID-009111,Male,0,No,No,28,No,No phone service,DSL,Yes,No,No,No,No,Yes,One year,No,Mailed check,41.49,987.08,No
customerID-009113,Male,0,Yes,No,8,Yes,No phone service,DSL,No,Yes,Yes,No,No,No,Month-to-month,Yes,Electronic check,101.87,425.51,No
customerID-009115,Female,0,No,No,12,No,No phone service,DSL,Yes,No,Yes,No,No,No,Month-to-month,Yes,Mailed check,40.29,258.1,No
customerID-009121,Male,1,Yes,No,35,Yes,Yes,DSL,Yes,Yes,Yes,No,No,No,Month-to-month,Yes,Bank transfer (automatic),16.72,251.78,Yes
customerID-009123,Female,0,No,No,15,Yes,No,DSL,Yes,Yes,Yes,No,No,No,One year,Yes,Mailed check,31.9,230.33,No
customerID-009125,Female,0,No,No,5,No,No phone service,Fiber optic,Yes,No,Yes,No,No,Yes,Month-to-month,Yes,Bank transfer (automatic),25.44,354.48,No
customerID-009129,Male,0,No,No,11,Yes,No phone service,DSL,Yes,No,Yes,No,Yes,No,One year,No,Mailed check,44.45,2886.52,No
customerID-009132,Female,0,No,No,15,Yes,No phone service,DSL,Yes,Yes,Yes,No,No,No,One year,Yes,Mailed check,63.47,788.04,No
customerID-009134,Female,1,No,No,12,Yes,No,Fiber optic,Yes,No,Yes,No,No,No,Month-to-month,Yes,Credit card (automatic),126.56,2158.21,No
customerID-009143,Male,1,Yes,No,19,Yes,No,Fiber optic,Yes,No,No,No,Yes,No,Month-to-month,Yes,Bank transfer (automatic),53.12,1094.82,Yes
customerID-009149,Female,1,No,No,40,No,No,DSL,Yes,No,No,Yes,No,No,Month-to-month,No,Credit card (automatic),31.25,1164.53,No
customerID-009154,Female,1,No,No,9,No,No,Fiber optic,No,No,Yes,Yes,No,No,Month-to-month,Yes,Bank transfer (automatic),57.7,3749.15,No
customerID-009158,Male,0,No,No,14,No,Yes,DSL,Yes,No,Yes,No,No,No,One year,Yes,Mailed check,43.09,366.47,Yes
customerID-009160,Female,1,Yes,No,16,Yes,No phone service,DSL,Yes,No,Yes,No,Yes,No,Month-to-month,Yes,Electronic check,87.43,1023.8,No
customerID-009165,Female,0,No,No,9,Yes,No,Fiber optic,No,No,No,No,No,No,Month-to-month,Yes,Mailed check,,286.64,No
customerID-009169,Male,0,No,No,12,No,No,DSL,Yes,Yes,Yes,Yes,Yes,No,Month-to-month,Yes,Mailed check,58.95,1823.83,No
customerID-009174,Male,0,No,No,54,Yes,Yes,DSL,Yes,No,Yes,Yes,Yes,Yes,Month-to-month,No,Credit card (automatic),40.13,79.52,No
customerID-009175,Male,0,No,No,9,Yes,No phone service,DSL,Yes,Yes,No,Yes,No,No,Month-to-month,No,Electronic check,,550.27,No
customerID-009176,Female,0,Yes,No,28,Yes,No,DSL,Yes,No,No,Yes,No,Yes,Month-to-month,Yes,Credit card (automatic),,298.91,No
customerID-009186,Male,1,Yes,No,6,Yes,No,DSL,Yes,No,No,Yes,No,No,Month-to-month,No,Mailed check,,320.89,Yes
customerID-009187,Female,2,No,No,21,Yes,No,DSL,No,No,No,No,No,No,Month-to-month,No,Mailed check,,1135.68,No
customerID-009188,Male,0,No,No,23,No,Yes,Fiber optic,Yes,No,No,No,No,No,Month-to-month,No,Electronic check,37.79,1536.38,No
customerID-009189,Male,1,No,No,15,No,Yes,DSL,No,Yes,Yes,No,Yes,No,One year,Yes,Credit card (automatic),21.84,170.19,No
customerID-009192,Female,1,No,No,3,Yes,Yes,DSL,Yes,No,No,Yes,No,No,One year,No,Electronic check,169.45,647.02,No
customerID-009194,Female,1,No,No,5,No,No phone service,DSL,Yes,No,No,Yes,No,No,One year,No,Electronic check,45.46,243.03,No
customerID-009196,Male,1,Yes,No,10,No,No phone service,DSL,No,No,Yes,No,No,No,Month-to-month,Yes,Credit card (automatic),41.72,90.72,No
customerID-009198,Male,0,No,No,30,No,No phone service,DSL,No,Yes,No,Yes,No,Yes,Month-to-month,No,Credit card (automatic),72.36,361.7,No
customerID-009199,Male,0,No,No,1,Yes,Yes,DSL,Yes,No,Yes,Yes,No,Yes,Month-to-month,No,Electronic check,25.67,1467.22,No
customerID-009201,Female,1,No,No,3,Yes,No,DSL,Yes,Yes,No,No,No,No,One year,No,Mailed check,25.03,1136.02,No
customerID-009203,Female,0,No,No,33,Yes,No phone service,DSL,Yes,Yes,Yes,No,No,Yes,Month-to-month,No,Credit card (automatic),34.94,946.64,No
customerID-009204,Female,1,No,No,10,Yes,No phone service,DSL,Yes,Yes,No,No,No,Yes,Month-to-month,Yes,Credit card (automatic),27.2,3124.73,No
customerID-009208,Female,0,Yes,No,9,No,No phone service,DSL,Yes,No,Yes,No,No,No,One year,Yes,Electronic check,31.11,1018.17,No
customerID-009211,Female,0,Yes,No,14,Yes,No phone service,DSL,Yes,Yes,No,No,No,No,Month-to-month,No,Credit card (automatic),64.99,173.34,No
customerID-009218,Male,0,No,No,4,No,Yes,Fiber optic,No,Yes,Yes,Yes,No,Yes,Month-to-month,Yes,Bank transfer (automatic),,1952.22,No
customerID-009219,Male,1,No,No,4,Yes,No,DSL,Yes,Yes,Yes,No,No,Yes,One year,Yes,Mailed check,39.56,1563.7,No
customerID-009226,Female,0,No,No,18,No,No phone service,Fiber optic,Yes,No,No,No,No,No,Month-to-month,No,Credit card (automatic),16.44,463.27,No
customerID-009235,Male,0,No,No,22,No,No,DSL,Yes,Yes,Yes,No,No,No,Month-to-month,No,Mailed check,72.57,306.84,No
customerID-009237,Female,0,Yes,No,12,Yes,No,DSL,Yes,No,Yes,Yes,No,Yes,Month-to-month,Yes,Mailed check,32.94,658.79,No
customerID-009238,Male,0,No,No,25,Yes,No phone service,DSL,No,Yes,No,No,Yes,No,Month-to-month,Yes,Electronic check,100.41,440.14,No
customerID-009239,Male,1,No,No,22,Yes,No,Fiber optic,Yes,No,Yes,No,Yes,Yes,Month-to-month,Yes,Mailed check,62.68,655.94,No
customerID-009249,Male,0,No,No,57,Yes,No,DSL,No,Yes,No,No,No,No,One year,Yes,Electronic check,40.31,244.87,Yes
customerID-009256,Male,0,No,No,7,No,No phone service,DSL,Yes,Yes,No,No,No,No,Month-to-month,Yes,Electronic check,74.01,139.2,No
customerID-009257,Female,1,No,No,12,No,No,DSL,No,No,No,No,Yes,Yes,Month-to-month,Yes,Mailed check,37.09,2606.17,No
customerID-009264,Male,1,No,No,8,Yes,No phone service,DSL,Yes,Yes,No,Yes,No,Yes,Month-to-month,Yes,Credit card (automatic),23.11,361.34,No
customerID-009265,Male,0,Yes,No,20,No,No,DSL,No,No,No,No,No,Yes,One year,Yes,Mailed check,56.74,228.01,No
customerID-009267,Male,2,No,No,13,Yes,No,DSL,Yes,No,Yes,Yes,No,Yes,One year,Yes,Electronic check,60.78,706.89,No
customerID-009268,Male,0,No,No,3,Yes,No,Fiber optic,No,Yes,Yes,Yes,No,No,Month-to-month,No,Mailed check,113.26,295.3,No
customerID-009271,Male,0,No,No,13,No,No phone service,DSL,Yes,Yes,No,No,No,Yes,One year,Yes,Bank transfer (automatic),79.49,1011.26,No
customerID-009273,Male,1,Yes,No,12,Yes,No,Fiber optic,Yes,No,Yes,No,Yes,No,Month-to-month,Yes,Credit card (automatic),61.58,195.43,No
customerID-009275,Male,1,No,No,10,No,Yes,DSL,Yes,Yes,No,No,No,No,One year,No,Electronic check,46.91,776.06,No
customerID-009278,Female,0,No,No,9,No,No phone service,DSL,No,No,No,No,Yes,No,Month-to-month,Yes,Bank transfer (automatic),43.87,2347.48,No
customerID-009279,Male,0,No,No,4,Yes,No,Fiber optic,Yes,No,Yes,Yes,No,No,Month-to-month,Yes,Credit card (automatic),103.26,763.0,No
customerID-009280,Male,0,No,No,14,No,No,DSL,Yes,No,No,No,No,No,One year,Yes,Mailed check,51.12,354.96,No
customerID-009283,Male,1,No,No,5,Yes,Yes,DSL,Yes,Yes,Yes,Yes,No,No,One year,Yes,Credit card (automatic),103.77,570.0,No
customerID-009289,Male,0,No,No,3,Yes,No,DSL,No,Yes,No,No,Yes,No,One year,Yes,Mailed check,43.32,400.31,No
customerID-009290,Male,2,No,No,6,No,No,Fiber optic,Yes,No,No,Yes,No,Yes,Month-to-month,Yes,Mailed check,103.37,919.43,Yes
customerID-009294,Female,0,No,No,3,No,Yes,DSL,No,No,No,No,No,Yes,One year,Yes,Mailed check,37.6,516.09,No
customerID-009296,Female,0,No,No,17,Yes,No,Fiber optic,Yes,No,Yes,No,No,No,Month-to-month,No,Mailed check,47.22,155.77,No
customerID-009298,Female,1,No,No,6,Yes,Yes,DSL,Yes,Yes,Yes,No,No,No,One year,Yes,Bank transfer (automatic),72.85,1591.51,No
customerID-009300,Female,0,Yes,No,35,Yes,No phone service,DSL,Yes,Yes,Yes,Yes,No,Yes,Month-to-month,No,Bank transfer (automatic),72.38,413.11,No
customerID-009302,Male,0,No,No,47,Yes,Yes,DSL,Yes,Yes,Yes,No,No,No,Month-to-month,No,Credit card (automatic),40.72,959.92,No
customerID-009303,Male,2,No,No,10,Yes,No phone service,DSL,No,No,No,No,Yes,No,Month-to-month,Yes,Bank transfer (automatic),137.32,907.14,No
customerID-009312,Female,0,No,No,22,Yes,No phone service,Fiber optic,Yes,Yes,Yes,No,No,No,Month-to-month,No,Bank transfer (automatic),27.71,3707.49,No
customerID-009315,Male,2,No,No,18,No,No,Fiber optic,No,No,Yes,No,No,Yes,Month-to-month,Yes,Mailed check,16.98,162.14,Yes
customerID-009316,Male,0,No,No,20,Yes,No phone service,DSL,No,Yes,Yes,Yes,Yes,No,One year,Yes,Electronic check,71.92,476.29,No
customerID-009317,Female,1,No,No,16,Yes,No,Fiber optic,No,Yes,Yes,Yes,No,No,Month-to-month,Yes,Credit card (automatic),51.25,512.47,No
customerID-009330,Male,1,No,No,10,Yes,No,DSL,No,No,No,No,No,Yes,One year,Yes,Electronic check,79.61,1704.84,No
customerID-009331,Male,1,No,No,6,No,No,Fiber optic,No,Yes,Yes,No,Yes,No,Month-to-month,No,Electronic check,25.45,188.11,No
customerID-009335,Male,0,No,No,39,Yes,No,DSL,Yes,No,Yes,No,Yes,No,Month-to-month,Yes,Mailed check,,174.73,No
customerID-009336,Male,0,No,No,14,No,No phone service,DSL,Yes,No,Yes,No,No,No,One year,Yes,Mailed check,99.09,1292.57,Yes
customerID-009341,Male,0,No,No,6,Yes,No phone service,DSL,Yes,Yes,No,No,Yes,No,Month-to-month,Yes,Mailed check,24.92,955.23,No
customerID-009343,Male,0,No,No,14,No,No,DSL,Yes,Yes,Yes,No,Yes,No,Month-to-month,No,Credit card (automatic),44.84,1886.41,No
customerID-009344,Male,2,No,No,89,Yes,No phone service,DSL,Yes,Yes,No,No,No,No,One year,Yes,Electronic check,34.01,1092.74,Yes
customerID-009347,Female,0,Yes,No,47,Yes,No,Fiber optic,Yes,Yes,Yes,No,Yes,Yes,Month-to-month,Yes,Mailed check,28.04,713.81,No
customerID-009348,Male,1,Yes,No,18,Yes,Yes,DSL,No,No,Yes,No,No,Yes,Month-to-month,No,Electronic check,137.13,1384.7,No
customerID-009350,Male,1,Yes,No,6,No,Yes,DSL,Yes,Yes,Yes,No,No,No,One year,No,Mailed check,52.84,289.34,No
customerID-009353,Female,0,Yes,No,43,Yes,No,DSL,Yes,Yes,No,No,No,No,One year,No,Bank transfer (automatic),48.0,1527.28,Yes
customerID-009359,Male,0,Yes,No,2,No,No phone service,DSL,No,No,Yes,No,No,Yes,Month-to-month,Yes,Electronic check,65.96,813.58,No
customerID-009365,Male,0,Yes,No,28,No,No phone service,DSL,Yes,Yes,No,No,No,No,One year,Yes,Electronic check,42.6,704.34,No
customerID-009370,Female,1,Yes,No,15,No,No,DSL,Yes,No,Yes,No,No,No,One year,Yes,Electronic check,39.6,228.02,Yes
customerID-009372,Male,0,No,No,1,Yes,Yes,DSL,Yes,Yes,No,Yes,Yes,No,Month-to-month,Yes,Mailed check,101.7,483.38,No
customerID-009373,Female,1,No,No,2,No,No,Fiber optic,Yes,No,Yes,No,No,No,One year,Yes,Credit card (automatic),41.75,1535.26,No
customerID-009374,Female,0,No,No,3,Yes,No phone service,Fiber optic,Yes,Yes,Yes,No,No,No,One year,Yes,Mailed check,18.67,1028.04,No
customerID-009379,Female,0,No,No,1,No,No,DSL,Yes,No,No,No,No,Yes,Month-to-month,No,Credit card (automatic),30.95,3749.15,No
customerID-009382,Female,0,Yes,No,12,No,No,DSL,No,Yes,Yes,No,No,No,Month-to-month,Yes,Credit card (automatic),79.88,208.23,No
customerID-009384,Female,0,No,No,9,No,No phone service,DSL,Yes,No,Yes,Yes,Yes,No,Month-to-month,Yes,Mailed check,116.69,1793.43,No
customerID-009387,Male,1,No,No,5,Yes,No phone service,DSL,No,No,Yes,No,No,No,One year,Yes,Electronic check,47.59,639.5,No
customerID-009391,Female,0,No,No,47,Yes,No,DSL,No,No,Yes,Yes,No,No,Month-to-month,Yes,Bank transfer (automatic),68.03,429.87,No
customerID-009395,Male,0,Yes,No,26,Yes,No,Fiber optic,Yes,No,Yes,No,Yes,No,Month-to-month,Yes,Credit card (automatic),101.57,137.99,No
customerID-009397,Female,2,No,No,29,No,No phone service,Fiber optic,Yes,No,Yes,No,Yes,No,Month-to-month,Yes,Bank transfer (automatic),94.47,302.31,No
customerID-009398,Female,0,Yes,No,11,No,No,DSL,Yes,No,No,Yes,Yes,No,One year,Yes,Electronic check,80.13,804.91,No
customerID-009400,Female,1,Yes,No,16,Yes,No,Fiber optic,No,No,No,No,No,Yes,Month-to-month,Yes,Credit card (automatic),33.76,389.98,No
customerID-009401,Female,0,No,No,26,No,No,DSL,No,No,Yes,No,No,No,One year,No,Mailed check,22.84,660.59,Yes
customerID-009405,Male,0,Yes,No,5,Yes,No,DSL,No,Yes,No,No,No,No,One year,Yes,Electronic check,11.21,97.41,No
customerID-009408,Male,1,No,No,18,No,No phone service,DSL,Yes,No,Yes,No,No,No,One year,Yes,Mailed check,32.97,1001.34,No
customerID-009409,Male,0,No,No,4,Yes,No,DSL,Yes,No,No,No,Yes,No,Month-to-month,Yes,Credit card (automatic),97.4,3749.15,No
customerID-009410,Female,0,No,No,4,Yes,No phone service,DSL,No,No,Yes,No,No,Yes,Month-to-month,No,Mailed check,,967.73,No
customerID-009411,Female,1,No,No,15,No,No phone service,Fiber optic,Yes,Yes,Yes,No,No,No,One year,Yes,Electronic check,49.52,823.04,No
customerID-009412,Male,0,No,No,13,Yes,No,DSL,Yes,No,Yes,No,Yes,No,Month-to-month,Yes,Mailed check,149.94,1281.12,No
customerID-009413,Female,0,No,No,7,Yes,Yes,DSL,Yes,No,No,Yes,No,Yes,Month-to-month,Yes,Electronic check,76.69,1115.21,No
customerID-009415,Female,1,No,No,8,No,No,DSL,Yes,Yes,No,No,No,Yes,One year,No,Mailed check,38.78,286.88,No
customerID-009416,Female,2,No,No,7,Yes,No,DSL,Yes,Yes,No,No,No,No,Month-to-month,No,Credit card (automatic),57.64,1261.5,No
customerID-009419,Female,0,Yes,No,17,No,No phone service,DSL,Yes,No,Yes,Yes,No,No,Month-to-month,Yes,Bank transfer (automatic),50.59,610.09,Yes
customerID-009421,Male,0,Yes,No,89,No,No,DSL,No,Yes,Yes,No,Yes,No,Month-to-month,No,Bank transfer (automatic),54.37,1889.98,Yes
customerID-009422,Female,0,No,No,2,Yes,No,Fiber optic,Yes,No,Yes,No,No,No,One year,Yes,Bank transfer (automatic),,815.26,No
customerID-009423,Female,1,No,No,5,No,No phone service,Fiber optic,Yes,Yes,No,No,No,No,Month-to-month,No,Credit card (automatic),118.12,1249.77,No
customerID-009426,Male,1,No,No,22,Yes,No,DSL,No,Yes,Yes,Yes,No,No,One year,Yes,Mailed check,,694.54,No
customerID-009430,Male,1,No,No,4,Yes,No,Fiber optic,Yes,Yes,No,No,No,No,Month-to-month,No,Credit card (automatic),169.45,529.23,No
customerID-009434,Female,0,No,No,24,Yes,No phone service,DSL,No,Yes,No,No,No,Yes,Month-to-month,No,Bank transfer (automatic),40.02,233.65,No
customerID-009435,Female,2,Yes,No,29,No,No,Fiber optic,No,No,Yes,No,No,Yes,Month-to-month,Yes,Electronic check,47.14,68.28,No
customerID-009437,Male,0,No,No,35,No,No,Fiber optic,Yes,No,Yes,No,No,Yes,One year,No,Electronic check,41.25,228.58,Yes
customerID-009440,Male,0,No,No,16,Yes,Yes,DSL,Yes,No,No,No,No,No,One year,Yes,Bank transfer (automatic),44.4,632.49,No
customerID-009442,Female,1,Yes,No,1,Yes,Yes,DSL,Yes,No,Yes,No,No,No,Month-to-month,Yes,Bank transfer (automatic),40.61,722.61,No
customerID-009445,Female,0,Yes,No,46,No,No,DSL,Yes,No,No,No,No,Yes,Month-to-month,Yes,Bank transfer (automatic),82.07,371.49,No
customerID-009446,Female,0,No,No,5,No,No phone service,Fiber optic,Yes,No,Yes,No,No,Yes,Month-to-month,Yes,Electronic check,31.81,724.65,No
customerID-009451,Female,0,No,No,23,No,No,DSL,Yes,Yes,Yes,Yes,No,Yes,Month-to-month,Yes,Mailed check,48.71,362.84,Yes
customerID-009452,Male,0,No,No,75,Yes,No,Fiber optic,Yes,No,Yes,No,No,No,One year,Yes,Mailed check,,863.29,No
customerID-009453,Female,1,No,No,15,No,No,Fiber optic,Yes,No,No,No,No,Yes,One year,Yes,Mailed check,61.25,1080.19,No
customerID-009455,Female,1,Yes,No,10,Yes,No phone service,Fiber optic,Yes,Yes,Yes,Yes,No,No,Month-to-month,No,Mailed check,169.45,329.62,No
customerID-009456,Female,0,No,No,5,Yes,Yes,DSL,No,Yes,Yes,No,Yes,Yes,One year,Yes,Mailed check,52.2,834.22,No
customerID-009460,Female,1,No,No,6,Yes,Yes,DSL,No,No,Yes,Yes,No,No,Month-to-month,Yes,Mailed check,,467.51,No
customerID-009462,Male,0,No,No,10,Yes,No phone service,Fiber optic,Yes,Yes,No,No,No,No,Month-to-month,No,Credit card (automatic),34.03,626.09,No
customerID-009470,Male,0,No,No,,Yes,No,DSL,Yes,Yes,No,No,No,No,One year,No,Mailed check,49.99,604.54,No
customerID-009474,Male,0,Yes,No,5,No,Yes,DSL,Yes,Yes,No,No,No,Yes,Month-to-month,Yes,Electronic check,169.45,1420.38,No
customerID-009475,Female,0,Yes,No,35,Yes,No,DSL,Yes,Yes,Yes,No,No,No,Month-to-month,Yes,Electronic check,,177.35,Yes
customerID-009476,Male,0,Yes,No,11,No,No,DSL,No,No,Yes,No,No,No,Month-to-month,No,Bank transfer (automatic),26.71,912.55,Yes
customerID-009477,Male,1,Yes,No,3,Yes,No phone service,DSL,No,No,No,No,No,Yes,One year,Yes,Credit card (automatic),,718.76,No
customerID-009485,Male,0,No,No,,Yes,No phone service,Fiber optic,Yes,Yes,No,No,No,Yes,Month-to-month,Yes,Bank transfer (automatic),64.76,552.24,No
customerID-009491,Male,1,No,No,2,No,No phone service,DSL,Yes,Yes,Yes,No,Yes,No,One year,No,Mailed check,14.97,813.0,No
customerID-009492,Female,0,No,No,15,Yes,No,Fiber optic,Yes,Yes,Yes,No,No,No,One year,No,Bank transfer (automatic),61.91,1519.54,No
customerID-009494,Male,1,Yes,No,89,Yes,No phone service,DSL,No,Yes,No,No,No,No,Month-to-month,Yes,Bank transfer (automatic),84.31,3657.48,No
customerID-009497,Male,1,No,No,19,No,Yes,DSL,Yes,No,No,No,Yes,Yes,One year,Yes,Electronic check,82.83,266.1,Yes
customerID-009498,Male,0,Yes,No,29,No,No,DSL,Yes,No,Yes,No,No,Yes,One year,Yes,Credit card (automatic),112.19,718.55,No
customerID-009501,Male,0,Yes,No,21,Yes,Yes,DSL,Yes,Yes,No,No,No,No,One year,Yes,Electronic check,30.54,775.75,No
customerID-009502,Male,0,Yes,No,14,No,No phone service,Fiber optic,No,No,No,No,No,No,Month-to-month,No,Bank transfer (automatic),34.02,539.48,No
customerID-009505,Male,0,No,No,12,No,No,DSL,No,Yes,Yes,No,No,Yes,Month-to-month,No,Mailed check,31.09,948.33,No
customerID-009510,Female,0,No,No,9,No,No phone service,DSL,Yes,Yes,No,No,Yes,No,One year,No,Bank transfer (automatic),107.41,1509.36,No
customerID-009512,Female,0,No,No,24,Yes,No phone service,DSL,No,Yes,Yes,No,No,No,Month-to-month,No,Mailed check,169.45,1676.03,Yes
customerID-009513,Male,0,No,No,67,Yes,No phone service,Fiber optic,Yes,No,Yes,No,No,No,One year,No,Mailed check,48.93,563.37,No
customerID-009519,Female,1,No,No,44,Yes,No,DSL,Yes,No,No,No,Yes,Yes,Month-to-month,Yes,Credit card (automatic),93.4,363.44,No
customerID-009520,Male,0,No,No,22,Yes,No,Fiber optic,No,No,No,Yes,No,No,Month-to-month,Yes,Bank transfer (automatic),39.75,396.62,No
customerID-009528,Male,0,No,No,34,No,No,DSL,Yes,Yes,No,No,No,No,Month-to-month,Yes,Mailed check,24.24,594.04,No
customerID-009536,Female,0,Yes,No,,No,No,Fiber optic,No,Yes,Yes,No,No,No,One year,Yes,Electronic check,,204.37,No
customerID-009537,Male,0,Yes,No,10,Yes,No,DSL,Yes,Yes,Yes,No,No,No,Month-to-month,Yes,Bank transfer (automatic),51.34,784.41,No
customerID-009541,Male,0,No,No,6,Yes,Yes,Fiber optic,No,No,Yes,No,No,Yes,Month-to-month,No,Bank transfer (automatic),62.88,508.81,No
customerID-009542,Male,1,No,No,5,Yes,No phone service,DSL,Yes,No,No,No,No,Yes,One year,No,Electronic check,67.07,669.02,No
customerID-009543,Male,1,No,No,5,No,No,DSL,No,No,Yes,No,Yes,No,Month-to-month,Yes,Bank transfer (automatic),59.45,1117.64,No
customerID-009544,Female,0,No,No,2,No,Yes,DSL,Yes,No,Yes,No,No,No,Month-to-month,Yes,Credit card (automatic),59.11,1830.92,Yes
customerID-009545,Male,0,Yes,No,6,Yes,No phone service,Fiber optic,Yes,No,Yes,Yes,No,No,One year,No,Bank transfer (automatic),42.52,331.27,No
customerID-009546,Male,2,No,No,6,Yes,Yes,DSL,Yes,Yes,Yes,No,No,No,One year,No,Mailed check,32.27,1272.66,No
customerID-009547,Female,1,No,No,13,Yes,Yes,DSL,Yes,Yes,Yes,No,Yes,No,Month-to-month,Yes,Electronic check,14.37,671.54,No
customerID-009549,Male,0,No,No,7,Yes,No phone service,DSL,Yes,Yes,Yes,Yes,No,Yes,Month-to-month,Yes,Mailed check,44.54,87.59,No
customerID-009552,Female,1,No,No,5,Yes,No phone service,DSL,Yes,No,Yes,No,No,Yes,Month-to-month,Yes,Mailed check,50.04,694.05,No
customerID-009553,Male,2,No,No,2,No,No phone service,DSL,Yes,No,No,No,No,No,Month-to-month,Yes,Mailed check,28.8,1881.06,No
customerID-009557,Male,0,No,No,3,Yes,Yes,DSL,No,No,Yes,No,No,No,One year,Yes,Credit card (automatic),53.64,720.02,No
customerID-009560,Female,0,No,No,19,No,No,DSL,Yes,Yes,Yes,Yes,No,No,Month-to-month,No,Credit card (automatic),38.67,3515.53,No
customerID-009566,Female,1,Yes,No,7,Yes,No phone service,DSL,No,No,Yes,No,No,No,Month-to-month,Yes,Electronic check,97.74,474.22,No
customerID-009573,Female,1,No,No,17,No,Yes,DSL,No,No,Yes,No,Yes,No,One year,Yes,Bank transfer (automatic),103.48,538.52,No
customerID-009577,Male,1,No,No,28,No,Yes,DSL,Yes,No,Yes,Yes,No,No,One year,Yes,Bank transfer (automatic),30.75,211.84,Yes
customerID-009580,Female,0,No,No,6,Yes,No,DSL,Yes,Yes,Yes,No,Yes,No,Month-to-month,No,Bank transfer (automatic),21.99,561.0,No
customerID-009581,Female,1,No,No,25,Yes,No,DSL,Yes,Yes,No,No,No,Yes,Month-to-month,Yes,Electronic check,36.94,510.39,No
customerID-009585,Male,0,Yes,No,31,No,No phone service,DSL,No,No,Yes,Yes,No,Yes,One year,No,Mailed check,48.35,752.4,Yes
customerID-009586,Female,1,No,No,20,Yes,No,Fiber optic,Yes,Yes,No,Yes,No,Yes,One year,Yes,Bank transfer (automatic),38.52,812.49,No
customerID-009595,Male,0,Yes,No,7,Yes,Yes,DSL,Yes,Yes,Yes,Yes,Yes,No,Month-to-month,No,Credit card (automatic),,751.91,No
customerID-009597,Male,0,Yes,No,20,Yes,No phone service,DSL,Yes,No,Yes,No,No,No,Month-to-month,Yes,Mailed check,42.22,509.81,No
customerID-009598,Male,0,No,No,4,No,Yes,DSL,Yes,Yes,Yes,Yes,Yes,No,Month-to-month,No,Mailed check,55.18,918.35,No
customerID-009602,Male,1,No,No,18,No,Yes,DSL,Yes,No,Yes,No,No,No,Month-to-month,Yes,Credit card (automatic),39.71,3749.15,No
customerID-009603,Male,1,No,No,,Yes,No phone service,DSL,No,Yes,No,No,Yes,No,Month-to-month,Yes,Credit card (automatic),26.35,349.43,No
customerID-009606,Female,2,No,No,10,No,No phone service,DSL,No,Yes,No,No,Yes,No,Month-to-month,Yes,Electronic check,30.88,686.49,No
customerID-009607,Female,0,No,No,11,No,Yes,DSL,Yes,Yes,Yes,Yes,No,No,One year,Yes,Electronic check,,749.58,No
customerID-009611,Female,0,No,No,17,Yes,Yes,DSL,Yes,Yes,Yes,No,No,Yes,One year,Yes,Mailed check,39.79,295.82,No
customerID-009612,Male,0,No,No,3,No,No,Fiber optic,No,No,Yes,No,No,No,One year,Yes,Credit card (automatic),39.03,391.53,No
customerID-009618,Male,0,No,No,3,No,No phone service,DSL,Yes,No,Yes,Yes,No,No,Month-to-month,Yes,Bank transfer (automatic),21.76,506.46,No
customerID-009619,Male,1,Yes,No,8,No,No,Fiber optic,Yes,Yes,Yes,No,No,No,Month-to-month,No,Bank transfer (automatic),27.22,3749.15,Yes
customerID-009621,Female,0,No,No,10,Yes,No phone service,Fiber optic,No,No,Yes,No,No,Yes,One year,Yes,Bank transfer (automatic),83.52,630.56,No
customerID-009623,Female,1,Yes,No,13,Yes,No phone service,DSL,Yes,Yes,Yes,No,No,No,Month-to-month,Yes,Electronic check,42.12,605.06,No
customerID-009629,Male,0,No,No,10,No,No,DSL,Yes,No,No,No,No,No,Month-to-month,Yes,Electronic check,30.78,911.87,No
customerID-009630,Female,2,No,No,8,No,Yes,DSL,Yes,Yes,No,No,No,No,Month-to-month,Yes,Bank transfer (automatic),43.39,1786.28,No
customerID-009631,Male,0,No,No,,Yes,No phone service,DSL,No,No,No,No,No,No,Month-to-month,Yes,Bank transfer (automatic),44.85,415.46,Yes
customerID-009636,Male,1,No,No,77,Yes,No,DSL,No,No,Yes,Yes,Yes,No,Month-to-month,Yes,Mailed check,23.62,520.02,Yes
customerID-009639,Female,1,Yes,No,12,Yes,No,Fiber optic,No,No,Yes,No,No,No,One year,Yes,Credit card (automatic),61.34,445.2,No
customerID-009645,Female,2,No,No,18,No,No phone service,DSL,No,Yes,No,No,No,No,Month-to-month,No,Bank transfer (automatic),39.57,1276.58,No
customerID-009646,Male,1,No,No,9,No,Yes,Fiber optic,Yes,Yes,No,No,No,No,One year,Yes,Mailed check,21.03,1068.05,No
customerID-009647,Male,1,No,No,22,No,No phone service,DSL,No,Yes,No,No,No,No,One year,Yes,Mailed check,19.59,497.27,No
customerID-009652,Female,1,No,No,12,Yes,No phone service,DSL,Yes,No,Yes,No,Yes,No,Month-to-month,Yes,Bank transfer (automatic),110.13,1663.32,No
customerID-009656,Male,0,No,No,39,Yes,No phone service,Fiber optic,Yes,Yes,Yes,No,No,No,One year,Yes,Mailed check,25.31,1349.65,No
customerID-009657,Female,1,Yes,No,89,No,No,DSL,Yes,No,Yes,Yes,No,Yes,Month-to-month,Yes,Mailed check,54.45,252.42,No
customerID-009666,Female,1,Yes,No,18,No,No,Fiber optic,Yes,Yes,Yes,No,Yes,Yes,One year,No,Bank transfer (automatic),44.43,295.34,No
customerID-009671,Female,1,No,No,3,No,No,Fiber optic,Yes,Yes,Yes,No,No,No,One year,Yes,Electronic check,80.14,1200.36,No
customerID-009672,Male,0,No,No,13,No,No,DSL,No,No,No,No,No,Yes,One year,Yes,Bank transfer (automatic),76.21,733.99,No
customerID-009676,Female,0,No,No,2,No,No,DSL,Yes,Yes,Yes,Yes,No,No,Month-to-month,Yes,Electronic check,75.26,2521.08,No
customerID-009679,Male,0,No,No,3,No,No phone service,DSL,No,No,Yes,Yes,No,No,Month-to-month,Yes,Electronic check,69.47,217.66,No
customerID-009686,Female,0,No,No,10,Yes,Yes,DSL,Yes,Yes,Yes,Yes,No,Yes,One year,Yes,Credit card (automatic),43.18,1165.7,Yes
customerID-009691,Female,1,Yes,No,44,Yes,Yes,DSL,Yes,No,Yes,No,No,No,One year,No,Electronic check,7.1,892.89,No
customerID-009692,Female,0,No,No,79,Yes,No phone service,DSL,Yes,No,Yes,No,Yes,No,Month-to-month,No,Electronic check,121.84,571.59,No
customerID-009693,Female,0,No,No,6,No,No,DSL,Yes,Yes,Yes,No,No,No,Month-to-month,No,Mailed check,18.3,653.87,No
customerID-009694,Male,1,No,No,4,No,No,DSL,No,No,Yes,No,No,No,Month-to-month,No,Mailed check,55.39,389.02,No
customerID-009696,Male,1,No,No,21,No,No phone service,Fiber optic,Yes,No,Yes,No,Yes,Yes,One year,No,Credit card (automatic),,334.38,Yes
customerID-009698,Female,1,No,No,13,No,Yes,DSL,Yes,No,Yes,Yes,No,No,One year,Yes,Credit card (automatic),145.32,432.57,No
customerID-009701,Male,0,No,No,15,No,No phone service,DSL,Yes,No,No,Yes,No,No,One year,No,Credit card (automatic),58.97,1204.47,No
customerID-009706,Male,0,Yes,No,5,No,Yes,DSL,No,Yes,Yes,Yes,Yes,No,Month-to-month,Yes,Credit card (automatic),77.83,2195.8,No
customerID-009707,Female,1,No,No,18,Yes,No,DSL,Yes,No,Yes,Yes,No,No,One year,Yes,Credit card (automatic),29.92,340.05,No
customerID-009710,Male,0,No,No,,No,No phone service,DSL,No,Yes,No,No,No,No,One year,No,Bank transfer (automatic),16.8,149.79,Yes
customerID-009714,Female,0,Yes,No,26,Yes,No,DSL,No,Yes,Yes,No,No,No,Month-to-month,Yes,Electronic check,53.85,835.75,Yes
customerID-009717,Male,2,No,No,9,No,No phone service,Fiber optic,No,No,No,No,Yes,Yes,One year,Yes,Mailed check,71.21,897.51,No
customerID-009718,Female,0,No,No,23,Yes,Yes,DSL,No,No,Yes,No,No,No,One year,Yes,Electronic check,120.6,552.28,No
customerID-009719,Female,2,Yes,No,21,Yes,No phone service,DSL,No,Yes,Yes,No,No,No,One year,Yes,Electronic check,25.89,395.71,No
customerID-009725,Male,0,No,No,,No,No,DSL,Yes,Yes,Yes,No,Yes,No,Month-to-month,Yes,Bank transfer (automatic),79.14,277.47,No
customerID-009730,Male,0,No,No,3,Yes,No phone service,Fiber optic,Yes,Yes,Yes,Yes,Yes,No,Month-to-month,Yes,Credit card (automatic),94.8,2065.93,No
customerID-009731,Male,0,No,No,75,Yes,No phone service,DSL,Yes,No,Yes,No,No,No,One year,Yes,Bank transfer (automatic),106.95,254.72,No
customerID-009734,Female,0,No,No,26,Yes,No,DSL,No,No,No,No,No,No,Month-to-month,Yes,Credit card (automatic),35.81,231.85,No
customerID-009736,Female,1,Yes,No,16,No,No phone service,DSL,Yes,Yes,Yes,No,No,No,One year,Yes,Mailed check,55.03,622.44,No
customerID-009738,Male,1,Yes,No,6,Yes,Yes,DSL,Yes,No,Yes,No,No,No,One year,Yes,Electronic check,19.7,303.48,Yes
customerID-009750,Male,1,No,No,3,No,Yes,Fiber optic,Yes,No,No,No,Yes,No,Month-to-month,No,Electronic check,36.24,543.85,No
customerID-009751,Male,1,No,No,7,Yes,No phone service,DSL,Yes,Yes,Yes,No,No,No,Month-to-month,Yes,Mailed check,34.14,730.92,No
customerID-009759,Male,1,No,No,10,Yes,No phone service,Fiber optic,Yes,No,No,No,No,Yes,Month-to-month,No,Mailed check,28.25,514.76,No
customerID-009760,Female,0,No,No,5,No,No phone service,Fiber optic,Yes,Yes,Yes,No,No,No,Month-to-month,Yes,Mailed check,76.48,1108.72,No
customerID-009762,Female,0,No,No,10,No,No,DSL,No,Yes,No,Yes,Yes,No,Month-to-month,No,Credit card (automatic),90.12,219.18,No
customerID-009763,Male,0,No,No,2,Yes,No,DSL,No,No,No,Yes,No,No,Month-to-month,Yes,Electronic check,63.91,466.9,No
customerID-009765,Male,0,No,No,28,Yes,No phone service,DSL,No,Yes,No,No,Yes,No,Month-to-month,Yes,Bank transfer (automatic),37.65,1771.96,No
customerID-009768,Male,1,No,No,8,Yes,Yes,DSL,Yes,Yes,Yes,Yes,No,Yes,One year,No,Credit card (automatic),27.44,690.78,No
customerID-009772,Male,0,Yes,No,8,No,No,DSL,No,Yes,Yes,No,No,Yes,Month-to-month,Yes,Mailed check,81.14,668.51,Yes
customerID-009779,Male,0,No,No,5,No,Yes,DSL,Yes,No,No,No,No,No,Month-to-month,No,Credit card (automatic),46.35,816.39,No
customerID-009780,Male,0,No,No,12,No,No,Fiber optic,No,No,Yes,No,Yes,Yes,One year,Yes,Bank transfer (automatic),169.45,1058.94,No
customerID-009781,Male,0,No,No,5,Yes,No phone service,Fiber optic,No,Yes,Yes,No,No,No,One year,Yes,Electronic check,62.85,243.91,No
customerID-009782,Female,0,No,No,22,Yes,No,DSL,Yes,Yes,No,No,No,No,Month-to-month,No,Mailed check,61.48,3749.15,No
customerID-009791,Female,3,No,No,9,Yes,Yes,Fiber optic,Yes,Yes,Yes,No,Yes,No,Month-to-month,Yes,Credit card (automatic),35.23,199.99,No
customerID-009797,Female,1,No,No,45,Yes,No phone service,Fiber optic,Yes,No,Yes,Yes,No,No,Month-to-month,Yes,Electronic check,12.03,3380.84,No
customerID-009799,Male,0,No,No,6,Yes,No,DSL,Yes,No,No,No,No,No,Month-to-month,No,Credit card (automatic),35.13,729.29,No
customerID-009800,Male,0,No,No,,Yes,No,DSL,Yes,No,No,Yes,Yes,No,One year,Yes,Mailed check,69.18,791.47,No
customerID-009802,Male,0,No,No,18,Yes,No phone service,DSL,No,Yes,Yes,No,No,No,One year,No,Electronic check,79.42,1071.3,No
customerID-009815,Female,0,No,No,13,Yes,No phone service,DSL,Yes,No,Yes,No,No,No,One year,Yes,Bank transfer (automatic),52.63,222.86,No
customerID-009822,Male,1,No,No,66,No,No phone service,Fiber optic,Yes,Yes,No,No,Yes,No,One year,Yes,Electronic check,42.12,963.94,Yes
customerID-009823,Male,0,Yes,No,10,Yes,No phone service,DSL,Yes,No,Yes,Yes,Yes,Yes,One year,Yes,Mailed check,169.45,541.39,No
customerID-009825,Female,1,No,No,8,No,No phone service,DSL,No,Yes,No,No,No,No,Month-to-month,No,Electronic check,48.35,3749.15,No
customerID-009827,Male,2,Yes,No,16,Yes,Yes,DSL,Yes,No,Yes,No,No,No,Month-to-month,No,Mailed check,20.35,639.63,No
customerID-009829,Male,0,No,No,5,No,No phone service,DSL,Yes,No,Yes,Yes,Yes,No,One year,Yes,Electronic check,28.24,1167.32,No
customerID-009835,Male,0,Yes,No,23,No,No,DSL,Yes,No,Yes,No,Yes,Yes,Month-to-month,Yes,Credit card (automatic),153.79,230.72,Yes
customerID-009837,Male,1,No,No,8,No,No,DSL,No,Yes,Yes,Yes,No,No,Month-to-month,Yes,Bank transfer (automatic),37.37,485.61,No
customerID-009838,Male,0,No,No,14,No,No phone service,DSL,No,Yes,Yes,No,No,No,One year,Yes,Electronic check,46.89,250.3,No
customerID-009844,Male,1,No,No,21,Yes,No phone service,Fiber optic,Yes,Yes,No,Yes,No,No,Month-to-month,Yes,Electronic check,72.86,303.29,No
customerID-009845,Male,0,No,No,11,No,No,DSL,Yes,Yes,No,No,Yes,No,Month-to-month,Yes,Mailed check,94.36,132.14,No
customerID-009846,Male,0,Yes,No,27,No,No phone service,DSL,Yes,No,Yes,No,Yes,No,One year,Yes,Mailed check,93.08,150.42,Yes
customerID-009847,Female,0,Yes,No,41,Yes,No phone service,DSL,No,No,Yes,No,No,No,Month-to-month,No,Bank transfer (automatic),41.32,468.83,No
customerID-009850,Female,0,No,No,22,No,Yes,DSL,No,Yes,Yes,No,No,No,Month-to-month,No,Mailed check,55.2,1447.7,No
customerID-009852,Male,0,No,No,5,Yes,No,DSL,Yes,No,Yes,No,Yes,No,Month-to-month,No,Mailed check,,1096.6,No
customerID-009855,Female,0,No,No,8,Yes,No,DSL,No,No,No,Yes,No,No,One year,Yes,Mailed check,86.54,154.89,No
customerID-009858,Male,1,Yes,No,8,No,No phone service,DSL,No,Yes,No,No,No,Yes,Month-to-month,Yes,Bank transfer (automatic),102.79,488.93,No
customerID-009864,Male,1,Yes,No,27,Yes,No,DSL,Yes,No,Yes,No,No,Yes,One year,Yes,Bank transfer (automatic),76.72,1156.9,No
customerID-009868,Male,0,No,No,7,Yes,No,Fiber optic,Yes,No,Yes,No,No,No,Month-to-month,No,Bank transfer (automatic),,729.39,No
customerID-009869,Male,2,No,No,3,No,No,DSL,Yes,No,Yes,Yes,Yes,No,Month-to-month,No,Mailed check,73.51,743.23,No
customerID-009870,Female,0,No,No,40,Yes,No phone service,DSL,Yes,Yes,No,No,No,Yes,Month-to-month,No,Mailed check,78.39,232.57,No
customerID-009873,Male,1,No,No,6,Yes,No phone service,DSL,Yes,No,Yes,No,Yes,No,Month-to-month,Yes,Credit card (automatic),86.35,171.25,No
customerID-009881,Male,0,No,No,5,Yes,No phone service,Fiber optic,No,Yes,Yes,No,No,No,One year,Yes,Bank transfer (automatic),48.44,507.65,No
customerID-009886,Female,1,No,No,8,Yes,No phone service,Fiber optic,Yes,Yes,Yes,No,Yes,No,Month-to-month,No,Mailed check,89.89,217.39,No
customerID-009891,Male,0,No,No,4,No,Yes,DSL,No,No,No,Yes,No,Yes,One year,No,Mailed check,15.38,308.62,No
customerID-009896,Male,0,No,No,16,No,No phone service,Fiber optic,No,No,No,No,No,Yes,One year,Yes,Mailed check,23.87,1988.9,No
customerID-009901,Male,1,No,No,15,Yes,No,Fiber optic,Yes,No,Yes,Yes,No,No,Month-to-month,Yes,Electronic check,110.82,51.6,No
customerID-009903,Male,0,No,No,48,Yes,No,DSL,No,No,Yes,No,No,No,One year,No,Electronic check,27.82,1745.37,No
customerID-009906,Female,2,No,No,19,Yes,No phone service,DSL,Yes,No,No,No,No,No,Month-to-month,Yes,Bank transfer (automatic),44.66,323.63,No
customerID-009908,Male,0,No,No,3,No,No,DSL,No,No,Yes,Yes,No,Yes,Month-to-month,Yes,Mailed check,72.91,2526.2,No
customerID-009910,Female,0,No,No,,No,No,Fiber optic,Yes,Yes,No,No,No,No,Month-to-month,Yes,Bank transfer (automatic),127.38,1263.82,No
customerID-009915,Female,0,Yes,No,56,No,No phone service,DSL,No,No,No,No,Yes,No,One year,No,Electronic check,,160.44,No
customerID-009916,Male,1,Yes,No,6,No,No phone service,DSL,No,Yes,No,Yes,No,No,Month-to-month,Yes,Credit card (automatic),17.25,270.6,No
customerID-009920,Male,0,Yes,No,49,Yes,No,DSL,No,Yes,Yes,No,No,No,One year,No,Credit card (automatic),92.62,2727.18,No
customerID-009925,Female,0,No,No,3,Yes,No phone service,DSL,Yes,Yes,No,No,No,Yes,One year,Yes,Mailed check,31.98,1328.14,No
customerID-009926,Male,1,No,No,10,No,No,DSL,No,No,No,No,No,No,Month-to-month,Yes,Electronic check,18.32,2005.17,No
customerID-009932,Female,0,No,No,22,Yes,No,DSL,Yes,No,No,Yes,No,No,Month-to-month,Yes,Electronic check,62.11,3233.98,No
customerID-009934,Male,0,No,No,7,Yes,No phone service,DSL,Yes,No,Yes,No,Yes,Yes,Month-to-month,Yes,Mailed check,45.21,495.61,No
customerID-009936,Male,1,No,No,10,No,No phone service,Fiber optic,Yes,Yes,No,No,No,No,One year,No,Bank transfer (automatic),35.58,506.01,No
customerID-009937,Female,0,Yes,No,67,No,No,DSL,No,No,Yes,No,No,No,One year,No,Electronic check,95.03,2944.61,Yes
customerID-009939,Female,1,No,No,28,No,No phone service,Fiber optic,Yes,Yes,No,No,No,No,Month-to-month,Yes,Electronic check,66.47,1474.28,No
customerID-009940,Male,0,No,No,3,Yes,No,DSL,No,No,Yes,No,Yes,No,Month-to-month,Yes,Mailed check,50.29,2527.27,No
customerID-009942,Male,0,No,No,25,No,Yes,DSL,Yes,No,No,No,Yes,Yes,One year,No,Electronic check,169.45,549.83,No
customerID-009943,Female,0,No,No,,Yes,No,DSL,Yes,Yes,Yes,No,Yes,No,One year,Yes,Bank transfer (automatic),144.2,531.6,No
customerID-009944,Male,0,Yes,No,21,No,No,Fiber optic,Yes,No,No,No,No,No,Month-to-month,Yes,Mailed check,24.22,938.74,No
customerID-009948,Female,1,No,No,4,Yes,Yes,Fiber optic,Yes,No,No,No,Yes,No,One year,No,Mailed check,,905.08,No
customerID-009953,Female,0,No,No,7,Yes,No phone service,Fiber optic,No,Yes,No,No,No,No,One year,No,Mailed check,,167.18,No
customerID-009957,Male,0,No,No,8,No,Yes,Fiber optic,Yes,Yes,No,No,Yes,No,One year,Yes,Credit card (automatic),38.49,383.1,No
customerID-009966,Male,1,No,No,15,Yes,No phone service,Fiber optic,Yes,No,No,No,No,No,Month-to-month,Yes,Bank transfer (automatic),129.7,499.74,No
customerID-009967,Male,0,No,No,40,Yes,Yes,DSL,Yes,No,No,No,Yes,No,Month-to-month,Yes,Mailed check,26.39,299.34,No
customerID-009968,Male,0,Yes,No,10,Yes,No,DSL,No,Yes,Yes,No,No,Yes,One year,Yes,Bank transfer (automatic),26.97,1095.12,No
customerID-009970,Female,0,Yes,No,,Yes,No phone service,DSL,Yes,Yes,Yes,No,No,No,Month-to-month,Yes,Mailed check,59.95,836.86,No
customerID-009974,Male,1,No,No,16,Yes,No,DSL,Yes,No,Yes,Yes,No,No,One year,No,Bank transfer (automatic),42.62,253.9,No
customerID-009976,Female,0,No,No,12,No,Yes,DSL,No,No,Yes,Yes,No,No,One year,Yes,Electronic check,52.65,985.18,No
customerID-009979,Male,0,Yes,No,18,No,Yes,DSL,No,No,Yes,Yes,No,No,One year,Yes,Mailed check,62.09,810.29,No
customerID-009980,Female,1,Yes,No,2,Yes,Yes,DSL,Yes,No,No,No,No,No,One year,Yes,Bank transfer (automatic),34.44,244.55,No
customerID-009984,Female,0,No,No,29,Yes,No,DSL,Yes,No,No,No,No,No,Month-to-month,Yes,Mailed check,64.33,1603.21,No
customerID-009985,Male,0,No,No,12,No,Yes,Fiber optic,Yes,Yes,Yes,No,No,No,One year,Yes,Bank transfer (automatic),64.15,361.61,No
customerID-009987,Male,0,No,No,15,No,No phone service,DSL,Yes,No,No,No,No,Yes,Month-to-month,Yes,Mailed check,49.23,699.58,No
customerID-009989,Female,1,No,No,3,No,No,Fiber optic,Yes,No,No,No,No,No,Month-to-month,No,Bank transfer (automatic),86.84,236.24,No
customerID-009993,Male,0,No,No,5,Yes,No phone service,DSL,Yes,No,Yes,Yes,No,No,One year,No,Mailed check,52.07,297.68,No
customerID-009994,Male,0,No,No,8,Yes,No,DSL,Yes,Yes,Yes,Yes,Yes,No,Month-to-month,Yes,Credit card (automatic),78.54,850.86,No
customerID-009996,Male,1,No,No,8,No,No,DSL,Yes,Yes,Yes,No,No,Yes,Month-to-month,Yes,Mailed check,25.71,577.73,No
customerID-009997,Male,1,No,No,17,Yes,No,Fiber optic,No,Yes,No,Yes,Yes,No,Month-to-month,Yes,Bank transfer (automatic),,788.97,No
customerID-010003,Male,1,No,No,3,Yes,No phone service,DSL,No,No,No,No,No,No,Month-to-month,No,Bank transfer (automatic),42.06,176.61,No
customerID-010004,Female,1,No,No,2,Yes,No phone service,Fiber optic,Yes,Yes,No,Yes,No,No,Month-to-month,Yes,Credit card (automatic),58.69,1076.39,No
customerID-010006,Male,1,No,No,23,Yes,No,DSL,Yes,No,No,Yes,No,No,One year,Yes,Bank transfer (automatic),94.35,550.88,No
customerID-010009,Male,2,No,No,29,Yes,Yes,DSL,No,Yes,No,Yes,No,No,Month-to-month,No,Mailed check,45.4,1125.71,No
customerID-010014,Male,0,No,No,2,Yes,No phone service,DSL,Yes,Yes,Yes,No,No,Yes,Month-to-month,Yes,Credit card (automatic),15.81,3749.15,No
customerID-010022,Female,1,No,No,27,Yes,No phone service,Fiber optic,Yes,No,Yes,No,Yes,No,Month-to-month,Yes,Credit card (automatic),70.9,332.17,No
customerID-010023,Female,2,No,No,5,No,No phone service,Fiber optic,No,No,Yes,No,No,No,Month-to-month,Yes,Mailed check,,765.22,No
customerID-010028,Male,0,No,No,89,No,No phone service,Fiber optic,No,Yes,Yes,Yes,No,No,Month-to-month,Yes,Mailed check,24.9,307.69,No
customerID-010029,Female,2,No,No,10,No,No phone service,Fiber optic,Yes,No,Yes,No,No,Yes,Month-to-month,No,Bank transfer (automatic),70.81,276.48,No
customerID-010032,Female,0,No,No,,Yes,No phone service,Fiber optic,Yes,No,No,No,No,No,Month-to-month,No,Bank transfer (automatic),78.91,372.89,No
customerID-010037,Female,2,Yes,No,11,No,No,DSL,Yes,No,Yes,Yes,No,No,One year,Yes,Electronic check,50.96,754.14,No
customerID-010040,Female,3,Yes,No,7,No,No phone service,DSL,Yes,Yes,Yes,Yes,No,No,Month-to-month,Yes,Credit card (automatic),44.57,3587.88,No
customerID-010041,Female,0,No,No,24,No,No,DSL,Yes,No,Yes,No,No,No,One year,Yes,Bank transfer (automatic),27.74,159.19,No
customerID-010043,Male,0,No,No,36,Yes,Yes,DSL,Yes,No,No,No,No,No,Month-to-month,No,Bank transfer (automatic),41.04,429.33,No
customerID-010044,Male,0,No,No,9,No,Yes,Fiber optic,No,No,Yes,No,Yes,No,One year,Yes,Mailed check,89.04,623.93,No
customerID-010047,Female,2,Yes,No,14,Yes,No,DSL,Yes,No,Yes,Yes,No,Yes,Month-to-month,No,Mailed check,26.81,152.46,No
customerID-010049,Male,0,No,No,5,Yes,No phone service,Fiber optic,No,Yes,No,Yes,No,No,Month-to-month,No,Electronic check,,1496.18,No
customerID-010051,Female,0,No,No,13,Yes,Yes,Fiber optic,No,No,Yes,No,No,No,Month-to-month,Yes,Credit card (automatic),23.27,671.87,No
customerID-010057,Female,0,No,No,4,Yes,Yes,DSL,No,No,No,Yes,No,No,One year,Yes,Bank transfer (automatic),67.37,748.2,No
customerID-010058,Male,3,Yes,No,26,No,No,DSL,Yes,No,Yes,Yes,No,No,Month-to-month,Yes,Electronic check,35.05,1640.9,No
customerID-010059,Male,0,Yes,No,14,No,No,DSL,Yes,No,Yes,No,No,Yes,Month-to-month,Yes,Mailed check,37.68,218.52,Yes
customerID-010061,Male,0,No,No,39,No,Yes,DSL,Yes,No,Yes,No,No,No,One year,Yes,Bank transfer (automatic),39.22,1364.85,No
customerID-010066,Male,1,No,No,13,Yes,No phone service,DSL,No,Yes,Yes,No,No,No,Month-to-month,Yes,Mailed check,36.49,945.43,No
customerID-010069,Female,0,No,No,6,Yes,No,DSL,Yes,No,Yes,No,No,No,Month-to-month,Yes,Mailed check,76.77,2078.62,No
customerID-010070,Male,1,Yes,No,15,No,Yes,Fiber optic,No,Yes,No,No,No,No,One year,No,Electronic check,86.76,548.75,No
customerID-010071,Female,1,Yes,No,23,No,No,DSL,Yes,Yes,Yes,No,Yes,No,One year,No,Bank transfer (automatic),89.76,197.12,No
customerID-010072,Male,0,Yes,No,16,Yes,No phone service,DSL,Yes,No,Yes,No,No,No,One year,No,Credit card (automatic),27.75,761.75,Yes
customerID-010073,Female,0,No,No,3,No,Yes,Fiber optic,Yes,Yes,Yes,Yes,No,No,Month-to-month,Yes,Credit card (automatic),32.38,574.67,Yes
customerID-010074,Male,0,No,No,20,No,Yes,DSL,No,No,Yes,Yes,No,No,Month-to-month,Yes,Mailed check,32.5,707.92,No
customerID-010075,Female,0,No,No,3,No,No,DSL,No,No,Yes,No,Yes,No,Month-to-month,Yes,Mailed check,39.65,803.48,No
customerID-010076,Male,0,No,No,,Yes,Yes,DSL,Yes,No,No,No,No,No,Month-to-month,No,Electronic check,33.32,982.48,Yes
customerID-010077,Male,0,No,No,10,No,No phone service,DSL,Yes,No,Yes,No,No,No,One year,No,Credit card (automatic),37.02,161.92,No
customerID-010079,Male,0,No,No,12,Yes,No phone service,DSL,Yes,No,No,No,No,No,Month-to-month,Yes,Mailed check,13.55,871.26,Yes
customerID-010080,Male,0,Yes,No,10,No,No,DSL,Yes,Yes,Yes,No,No,No,Month-to-month,Yes,Electronic check,39.06,263.54,Yes
customerID-010082,Male,0,No,No,14,No,No phone service,DSL,Yes,No,Yes,No,No,No,One year,No,Credit card (automatic),63.73,2440.69,No
customerID-010084,Male,0,No,No,1,Yes,No,DSL,Yes,No,No,No,No,No,Month-to-month,No,Mailed check,,3556.79,No
customerID-010088,Male,0,Yes,No,5,No,No,DSL,Yes,Yes,Yes,No,Yes,No,One year,Yes,Electronic check,26.13,883.04,No
customerID-010090,Female,0,No,No,,Yes,No phone service,Fiber optic,No,No,Yes,No,Yes,No,Month-to-month,Yes,Bank transfer (automatic),88.73,1077.16,No
customerID-010092,Female,0,Yes,No,6,No,No phone service,DSL,Yes,Yes,Yes,Yes,No,No,One year,Yes,Electronic check,59.98,603.92,No
customerID-010094,Female,0,No,No,8,No,No,DSL,No,Yes,Yes,No,No,No,One year,No,Credit card (automatic),73.5,1015.49,No
customerID-010095,Female,0,No,No,3,No,Yes,DSL,No,Yes,Yes,Yes,Yes,Yes,Month-to-month,Yes,Bank transfer (automatic),73.29,542.45,No
customerID-010100,Male,0,No,No,12,No,No phone service,DSL,No,Yes,Yes,No,Yes,No,One year,Yes,Credit card (automatic),79.53,1840.04,No
customerID-010102,Male,0,Yes,No,71,No,No,DSL,No,No,Yes,Yes,No,No,One year,No,Electronic check,55.92,344.96,Yes
customerID-010103,Male,0,Yes,No,,Yes,No,DSL,Yes,No,Yes,No,No,No,One year,Yes,Bank transfer (automatic),55.86,919.17,No
customerID-010104,Female,0,No,No,26,No,No,DSL,Yes,No,Yes,Yes,No,No,Month-to-month,No,Mailed check,29.68,1457.64,No
customerID-010105,Female,1,No,No,3,No,No,DSL,Yes,No,Yes,No,No,No,One year,Yes,Mailed check,94.86,693.93,No
customerID-010110,Female,1,No,No,11,Yes,No,DSL,Yes,No,Yes,No,Yes,No,Month-to-month,No,Electronic check,,3036.48,No
customerID-010111,Male,0,Yes,No,2,Yes,No phone service,DSL,Yes,No,Yes,No,No,No,One year,Yes,Mailed check,22.91,387.33,No
customerID-010112,Male,0,No,No,21,Yes,No,DSL,Yes,No,Yes,Yes,No,No,Month-to-month,Yes,Credit card (automatic),93.94,392.65,No
customerID-010115,Male,0,No,No,20,No,No,DSL,Yes,No,No,Yes,No,Yes,Month-to-month,Yes,Credit card (automatic),98.35,859.63,No
customerID-010116,Male,0,No,No,23,Yes,No phone service,DSL,Yes,No,Yes,Yes,No,Yes,Month-to-month,Yes,Mailed check,,190.99,No
customerID-010118,Female,1,No,No,34,Yes,No,DSL,Yes,No,Yes,No,No,No,Month-to-month,No,Bank transfer (automatic),83.85,734.96,No
customerID-010121,Male,0,No,No,18,No,Yes,DSL,Yes,No,Yes,No,No,No,Month-to-month,Yes,Credit card (automatic),29.11,648.64,No
customerID-010122,Male,1,No,No,48,No,No,Fiber optic,Yes,Yes,Yes,No,No,No,One year,Yes,Mailed check,49.06,654.04,No
customerID-010126,Male,3,Yes,No,18,Yes,No,Fiber optic,No,No,Yes,No,No,No,One year,No,Credit card (automatic),43.0,854.22,No
customerID-010127,Male,0,No,No,16,Yes,No phone service,DSL,Yes,No,No,Yes,No,No,One year,No,Mailed check,28.94,282.88,No
customerID-010128,Male,0,No,No,25,No,No,DSL,Yes,No,Yes,No,No,No,Month-to-month,Yes,Bank transfer (automatic),63.18,255.75,No
customerID-010130,Male,0,Yes,No,6,Yes,No,DSL,Yes,Yes,No,No,No,No,Month-to-month,No,Mailed check,37.57,339.24,No
customerID-010133,Male,1,No,No,4,No,No,DSL,No,No,Yes,No,No,Yes,Month-to-month,No,Credit card (automatic),60.1,511.0,No
customerID-010134,Male,1,No,No,42,No,No,DSL,No,No,Yes,No,No,Yes,One year,No,Mailed check,,1148.83,No
customerID-010139,Male,2,Yes,No,39,No,No phone service,DSL,Yes,No,Yes,No,No,Yes,Month-to-month,No,Credit card (automatic),54.43,866.19,No
customerID-010142,Female,1,No,No,3,No,No,DSL,Yes,No,Yes,No,No,No,Month-to-month,Yes,Mailed check,,475.98,No
customerID-010143,Female,1,No,No,11,Yes,No phone service,Fiber optic,No,Yes,Yes,Yes,No,No,Month-to-month,Yes,Bank transfer (automatic),169.45,449.17,No
customerID-010146,Male,0,Yes,No,13,Yes,No,Fiber optic,Yes,Yes,Yes,Yes,No,No,One year,No,Credit card (automatic),44.33,358.76,No
customerID-010148,Male,1,No,No,16,Yes,No phone service,DSL,No,Yes,No,Yes,Yes,No,Month-to-month,Yes,Credit card (automatic),60.12,631.68,No
customerID-010149,Male,1,No,No,16,Yes,No phone service,Fiber optic,No,No,No,No,Yes,No,One year,Yes,Electronic check,21.12,2365.71,No
customerID-010151,Female,1,No,No,17,Yes,No phone service,DSL,No,No,Yes,No,No,No,Month-to-month,No,Mailed check,,310.75,No
customerID-010152,Male,1,No,No,10,No,No,DSL,No,Yes,No,Yes,No,No,One year,Yes,Mailed check,49.25,411.24,No
customerID-010154,Male,0,No,No,75,No,No,DSL,No,No,No,No,No,Yes,Month-to-month,No,Bank transfer (automatic),30.39,2180.49,No
customerID-010162,Female,1,No,No,4,Yes,No phone service,DSL,Yes,Yes,No,No,No,Yes,Month-to-month,Yes,Electronic check,30.38,592.02,No
customerID-010169,Female,0,Yes,No,3,Yes,No phone service,DSL,No,No,Yes,No,No,No,One year,No,Mailed check,46.94,471.51,Yes
customerID-010170,Male,0,No,No,54,Yes,No,DSL,Yes,No,Yes,No,No,No,Month-to-month,Yes,Electronic check,32.47,118.67,No
customerID-010173,Male,0,Yes,No,6,Yes,No phone service,DSL,No,No,Yes,No,No,Yes,Month-to-month,Yes,Mailed check,46.46,415.67,No
customerID-010174,Female,1,Yes,No,3,Yes,No phone service,DSL,No,No,No,No,No,No,One year,No,Bank transfer (automatic),103.94,214.21,No
customerID-010176,Female,0,No,No,84,Yes,No,DSL,No,Yes,Yes,No,Yes,No,Month-to-month,No,Electronic check,15.7,815.62,No
customerID-010177,Male,0,No,No,8,Yes,No,Fiber optic,No,No,No,No,No,Yes,One year,Yes,Mailed check,21.99,326.85,No
customerID-010183,Male,0,Yes,No,27,Yes,No,DSL,No,Yes,Yes,No,Yes,No,One year,Yes,Electronic check,27.23,827.24,No
customerID-010184,Male,1,No,No,,Yes,No phone service,DSL,Yes,No,Yes,Yes,No,Yes,Month-to-month,Yes,Electronic check,,270.27,No
customerID-010186,Female,1,No,No,11,Yes,No phone service,Fiber optic,Yes,Yes,Yes,No,No,Yes,Month-to-month,Yes,Credit card (automatic),56.52,509.18,No
customerID-010188,Male,0,Yes,No,11,No,No phone service,Fiber optic,No,No,Yes,No,No,No,Month-to-month,Yes,Credit card (automatic),89.59,378.36,No
customerID-010192,Female,0,Yes,No,23,Yes,Yes,DSL,No,No,No,Yes,No,No,One year,Yes,Electronic check,23.49,1076.51,Yes
customerID-010193,Male,0,No,No,6,No,Yes,DSL,Yes,No,No,Yes,Yes,No,Month-to-month,No,Bank transfer (automatic),45.45,176.34,No
customerID-010196,Male,1,No,No,6,Yes,Yes,Fiber optic,No,No,No,No,No,No,Month-to-month,Yes,Mailed check,25.66,231.84,No
customerID-010202,Male,1,No,No,24,Yes,Yes,Fiber optic,No,No,Yes,No,No,Yes,One year,Yes,Mailed check,10.99,2075.91,No
customerID-010203,Male,0,No,No,27,Yes,Yes,Fiber optic,No,No,Yes,Yes,No,No,One year,No,Electronic check,22.09,749.46,Yes
customerID-010205,Female,1,No,No,11,No,No phone service,DSL,Yes,No,Yes,No,Yes,No,Month-to-month,Yes,Bank transfer (automatic),86.25,585.4,No
customerID-010206,Male,0,No,No,,Yes,Yes,DSL,No,No,No,Yes,No,No,Month-to-month,Yes,Mailed check,98.07,2164.48,No
customerID-010209,Male,0,No,No,1,Yes,No phone service,DSL,Yes,No,No,Yes,Yes,No,One year,Yes,Bank transfer (automatic),62.75,877.48,No
customerID-010210,Female,2,No,No,23,Yes,No phone service,DSL,Yes,Yes,Yes,No,No,No,One year,No,Electronic check,69.74,2133.72,No
customerID-010212,Female,1,No,No,3,No,No,DSL,Yes,Yes,Yes,Yes,No,No,Month-to-month,Yes,Mailed check,65.84,189.53,No
customerID-010213,Male,1,No,No,42,No,No,DSL,Yes,Yes,No,No,Yes,Yes,Month-to-month,Yes,Mailed check,,2957.63,No
customerID-010214,Male,2,No,No,3,No,No phone service,DSL,Yes,No,Yes,No,No,No,One year,No,Mailed check,20.39,1187.36,No
customerID-010216,Female,0,No,No,18,Yes,No,Fiber optic,No,No,Yes,No,No,No,One year,Yes,Credit card (automatic),62.14,1164.24,No
customerID-010219,Male,0,No,No,2,No,No phone service,Fiber optic,Yes,No,No,No,Yes,Yes,One year,Yes,Credit card (automatic),80.67,1558.4,No
customerID-010226,Female,1,No,No,5,Yes,Yes,Fiber optic,Yes,No,No,No,No,Yes,One year,No,Credit card (automatic),145.12,483.92,No
customerID-010232,Male,0,No,No,6,Yes,No phone service,DSL,Yes,Yes,Yes,Yes,No,Yes,Month-to-month,No,Mailed check,66.26,1498.89,No
customerID-010233,Female,0,No,No,2,No,No,Fiber optic,No,No,Yes,Yes,Yes,Yes,Month-to-month,Yes,Credit card (automatic),25.66,696.34,No
customerID-010238,Male,2,No,No,8,Yes,Yes,DSL,Yes,Yes,Yes,No,Yes,No,One year,No,Credit card (automatic),25.54,3749.15,No
customerID-010240,Female,1,No,No,32,Yes,No phone service,Fiber optic,No,Yes,Yes,No,No,No,One year,No,Mailed check,41.49,930.07,No
customerID-010241,Male,0,Yes,No,6,Yes,No,DSL,No,No,Yes,No,Yes,No,Month-to-month,Yes,Credit card (automatic),22.73,986.14,No
customerID-010242,Male,1,No,No,4,No,No phone service,Fiber optic,Yes,No,Yes,No,Yes,No,One year,No,Electronic check,41.55,934.93,No
customerID-010251,Female,0,Yes,No,10,Yes,No phone service,Fiber optic,Yes,Yes,Yes,No,No,No,Month-to-month,No,Bank transfer (automatic),59.81,251.11,No
customerID-010254,Male,0,Yes,No,4,No,No,DSL,No,Yes,Yes,No,Yes,No,Month-to-month,Yes,Credit card (automatic),23.61,524.75,No
customerID-010255,Male,2,No,No,13,No,Yes,DSL,Yes,No,No,No,No,No,Month-to-month,No,Mailed check,68.26,175.7,No
customerID-010256,Female,0,Yes,No,4,No,No phone service,DSL,No,No,Yes,No,Yes,Yes,Month-to-month,Yes,Bank transfer (automatic),,1920.94,No
customerID-010257,Male,0,No,No,13,Yes,No,DSL,Yes,No,Yes,No,No,No,Month-to-month,Yes,Electronic check,43.98,108.19,No
customerID-010258,Male,1,Yes,No,3,No,Yes,DSL,Yes,No,Yes,No,No,No,One year,Yes,Credit card (automatic),41.74,482.68,Yes
customerID-010262,Male,0,No,No,33,Yes,No phone service,DSL,Yes,No,No,No,No,No,One year,No,Bank transfer (automatic),28.83,1334.72,No
customerID-010264,Male,0,No,No,18,Yes,No phone service,DSL,Yes,No,Yes,No,No,Yes,Month-to-month,Yes,Bank transfer (automatic),72.64,1830.83,No
customerID-010265,Female,0,No,No,11,Yes,No,Fiber optic,Yes,No,Yes,No,No,No,One year,No,Mailed check,56.81,361.78,No
customerID-010270,Female,1,No,No,12,No,Yes,DSL,Yes,No,No,No,No,No,Month-to-month,Yes,Mailed check,58.85,678.82,No
customerID-010272,Male,2,No,No,7,No,No phone service,DSL,Yes,Yes,No,Yes,No,Yes,Month-to-month,No,Electronic check,70.46,335.37,No
customerID-010275,Male,0,No,No,17,Yes,Yes,DSL,No,Yes,No,No,No,No,Month-to-month,Yes,Mailed check,89.82,446.18,No
customerID-010277,Female,0,No,No,8,Yes,No,DSL,Yes,No,No,No,Yes,Yes,Month-to-month,Yes,Bank transfer (automatic),43.44,1087.9,No
customerID-010284,Male,1,No,No,11,No,No phone service,DSL,Yes,Yes,Yes,No,No,No,Month-to-month,No,Mailed check,,798.12,Yes
customerID-010288,Male,0,No,No,13,Yes,No,DSL,Yes,No,No,No,No,No,One year,No,Mailed check,80.22,250.08,No
customerID-010290,Female,0,No,No,18,Yes,No,DSL,Yes,Yes,No,Yes,No,No,Month-to-month,Yes,Mailed check,75.75,882.76,No
customerID-010291,Female,2,No,No,8,Yes,No phone service,DSL,No,No,Yes,No,Yes,Yes,Month-to-month,Yes,Credit card (automatic),21.04,250.99,No
customerID-010293,Male,0,No,No,22,Yes,No,DSL,Yes,Yes,No,No,No,No,Month-to-month,Yes,Electronic check,79.83,2177.12,No
customerID-010294,Male,0,Yes,No,,Yes,Yes,DSL,No,No,No,No,No,Yes,One year,Yes,Electronic check,33.04,904.73,No
customerID-010295,Male,1,Yes,No,7,Yes,No phone service,DSL,Yes,No,Yes,No,No,No,One year,Yes,Credit card (automatic),46.86,523.56,Yes
customerID-010298,Male,1,No,No,11,No,No,DSL,Yes,Yes,Yes,Yes,No,No,Month-to-month,No,Credit card (automatic),15.44,722.9,No
customerID-010311,Male,0,No,No,4,Yes,No,Fiber optic,Yes,No,Yes,No,No,No,Month-to-month,No,Credit card (automatic),60.85,1422.37,No
customerID-010314,Male,1,No,No,63,Yes,No phone service,DSL,No,No,No,No,No,Yes,Month-to-month,Yes,Bank transfer (automatic),42.1,298.49,No
customerID-010317,Female,1,Yes,No,43,Yes,Yes,Fiber optic,Yes,Yes,No,No,No,No,Month-to-month,Yes,Electronic check,32.99,995.07,No
customerID-010324,Male,0,No,No,9,Yes,Yes,DSL,Yes,Yes,No,No,No,No,Month-to-month,Yes,Bank transfer (automatic),25.64,1325.29,No
customerID-010328,Male,0,Yes,No,8,No,Yes,DSL,No,No,No,No,No,No,One year,Yes,Mailed check,,3613.16,No
customerID-010329,Female,0,No,No,10,No,No,DSL,Yes,Yes,No,Yes,No,No,Month-to-month,No,Electronic check,21.72,322.81,No
customerID-010330,Male,0,No,No,22,Yes,No phone service,Fiber optic,No,No,No,No,No,No,Month-to-month,Yes,Bank transfer (automatic),63.09,495.95,No
customerID-010331,Male,0,No,No,2,No,No phone service,DSL,Yes,No,Yes,No,Yes,No,Month-to-month,No,Bank transfer (automatic),,726.17,No
customerID-010334,Female,0,No,No,10,No,No,DSL,Yes,No,Yes,No,No,No,One year,Yes,Mailed check,126.11,1962.34,No
customerID-010336,Male,2,No,No,26,No,No phone service,DSL,Yes,No,Yes,No,No,No,Month-to-month,Yes,Mailed check,18.4,291.48,No
customerID-010339,Male,1,No,No,8,Yes,No phone service,DSL,Yes,No,Yes,No,No,Yes,Month-to-month,No,Credit card (automatic),,608.29,No
customerID-010342,Male,0,No,No,7,No,No phone service,DSL,No,No,Yes,No,Yes,No,Month-to-month,No,Mailed check,49.77,1084.88,No
customerID-010345,Male,1,No,No,6,Yes,No,DSL,Yes,Yes,Yes,No,No,No,Month-to-month,No,Bank transfer (automatic),46.56,397.62,No
customerID-010348,Male,0,No,No,1,No,No phone service,DSL,No,No,Yes,No,No,No,Month-to-month,Yes,Credit card (automatic),79.19,634.72,No
customerID-010352,Male,1,No,No,,No,No,DSL,No,No,No,No,No,No,Month-to-month,No,Bank transfer (automatic),41.33,924.38,No
customerID-010353,Male,0,Yes,No,,No,No,Fiber optic,Yes,No,Yes,No,No,No,Month-to-month,Yes,Mailed check,26.18,941.69,No
customerID-010364,Female,1,No,No,20,Yes,Yes,Fiber optic,No,No,Yes,No,Yes,Yes,Month-to-month,No,Electronic check,,929.56,No
customerID-010367,Male,0,No,No,6,Yes,No phone service,DSL,No,No,No,Yes,No,No,One year,No,Credit card (automatic),40.7,506.3,No
customerID-010369,Male,0,No,No,23,Yes,No,DSL,Yes,Yes,No,No,No,No,One year,Yes,Credit card (automatic),74.18,1157.67,No
customerID-010372,Male,1,No,No,35,Yes,No phone service,DSL,Yes,No,Yes,No,Yes,No,One year,Yes,Bank transfer (automatic),,334.91,No
customerID-010373,Male,1,No,No,17,No,No phone service,DSL,No,No,Yes,No,Yes,No,One year,No,Mailed check,14.61,1252.98,Yes
customerID-010376,Female,1,No,No,21,No,Yes,DSL,No,No,Yes,Yes,No,No,Month-to-month,Yes,Credit card (automatic),114.01,780.45,No
customerID-010377,Male,0,No,No,8,Yes,No phone service,DSL,Yes,No,No,No,No,No,Month-to-month,Yes,Bank transfer (automatic),45.28,479.28,No
customerID-010378,Female,0,Yes,No,7,Yes,No,DSL,No,Yes,Yes,No,Yes,Yes,Month-to-month,No,Credit card (automatic),79.06,2013.12,No
customerID-010381,Female,1,Yes,No,8,Yes,No,DSL,Yes,Yes,Yes,No,No,No,Month-to-month,Yes,Bank transfer (automatic),13.69,258.46,No
customerID-010386,Male,0,Yes,No,53,No,No,DSL,No,No,Yes,No,No,No,One year,No,Mailed check,42.05,109.11,Yes
customerID-010388,Male,1,Yes,No,3,Yes,No phone service,DSL,Yes,Yes,No,No,No,Yes,One year,Yes,Electronic check,20.94,1243.11,Yes
customerID-010389,Female,0,Yes,No,11,Yes,No phone service,Fiber optic,Yes,Yes,No,No,No,Yes,One year,Yes,Mailed check,69.48,420.75,No
customerID-010395,Female,1,No,No,8,No,Yes,DSL,No,Yes,Yes,No,Yes,No,Month-to-month,No,Mailed check,93.81,705.05,No
customerID-010397,Male,0,Yes,No,12,No,No,Fiber optic,Yes,No,Yes,Yes,No,No,One year,Yes,Mailed check,88.0,282.55,No
customerID-010398,Male,0,No,No,6,No,No,DSL,No,No,No,Yes,No,No,Month-to-month,Yes,Electronic check,22.84,464.49,No
customerID-010400,Male,0,No,No,20,Yes,No,Fiber optic,No,Yes,Yes,Yes,Yes,No,One year,Yes,Electronic check,26.25,547.49,No
customerID-010406,Female,0,No,No,14,Yes,No,DSL,Yes,Yes,Yes,No,Yes,No,Month-to-month,No,Bank transfer (automatic),29.66,524.19,No
customerID-010411,Male,0,Yes,No,1,Yes,No,Fiber optic,Yes,Yes,Yes,No,No,Yes,Month-to-month,No,Mailed check,41.18,338.08,No
customerID-010418,Male,0,No,No,8,Yes,No phone service,Fiber optic,Yes,No,No,No,No,No,One year,No,Mailed check,46.17,526.67,No
customerID-010425,Male,0,No,No,19,Yes,Yes,Fiber optic,Yes,No,No,No,No,No,Month-to-month,Yes,Mailed check,61.49,1614.51,No
customerID-010430,Female,0,No,No,39,Yes,No phone service,DSL,No,Yes,No,No,No,Yes,One year,Yes,Electronic check,47.73,509.51,Yes
customerID-010433,Male,0,Yes,No,9,Yes,Yes,DSL,Yes,Yes,No,No,No,No,One year,Yes,Electronic check,29.47,854.23,No
customerID-010436,Male,1,No,No,31,Yes,No phone service,Fiber optic,No,Yes,Yes,No,No,Yes,Month-to-month,No,Mailed check,30.12,389.81,No
customerID-010437,Female,1,Yes,No,7,Yes,No,DSL,Yes,Yes,Yes,No,Yes,Yes,Month-to-month,Yes,Mailed check,32.51,330.61,No
customerID-010439,Female,1,No,No,71,Yes,Yes,Fiber optic,Yes,Yes,No,No,No,No,One year,Yes,Credit card (automatic),34.81,475.11,No
customerID-010440,Male,1,Yes,No,11,Yes,No phone service,DSL,No,Yes,No,No,No,No,One year,Yes,Electronic check,,1842.07,No
customerID-010443,Male,1,No,No,3,No,No,DSL,Yes,No,Yes,No,No,No,One year,Yes,Electronic check,48.49,336.61,No
customerID-010444,Female,1,Yes,No,29,Yes,No phone service,DSL,Yes,No,Yes,No,No,No,Month-to-month,Yes,Bank transfer (automatic),67.01,492.79,No
customerID-010455,Female,0,No,No,15,Yes,Yes,Fiber optic,No,No,No,No,Yes,Yes,One year,No,Mailed check,70.22,971.3,No
customerID-010458,Male,0,No,No,3,No,No,Fiber optic,Yes,No,Yes,No,Yes,No,One year,Yes,Electronic check,36.73,438.46,No
customerID-010462,Male,2,No,No,7,Yes,Yes,Fiber optic,Yes,No,No,No,Yes,No,Month-to-month,Yes,Mailed check,82.93,913.48,No
customerID-010464,Male,0,Yes,No,6,Yes,Yes,DSL,Yes,Yes,Yes,No,No,No,One year,Yes,Bank transfer (automatic),36.9,596.8,No
customerID-010469,Male,0,No,No,6,Yes,Yes,DSL,No,No,Yes,Yes,No,No,One year,No,Mailed check,30.67,533.29,No
customerID-010476,Male,0,Yes,No,13,No,No phone service,DSL,Yes,Yes,No,No,No,No,Month-to-month,Yes,Electronic check,36.0,78.33,No
customerID-010481,Male,0,Yes,No,15,No,No,DSL,Yes,No,Yes,No,No,No,Month-to-month,No,Electronic check,52.93,1805.95,No
customerID-010485,Male,0,No,No,22,Yes,No phone service,DSL,No,Yes,Yes,No,No,No,One year,No,Credit card (automatic),,926.28,No
customerID-010486,Male,1,Yes,No,8,Yes,No phone service,DSL,No,No,No,No,No,No,Month-to-month,Yes,Electronic check,,242.89,No
customerID-010487,Male,0,No,No,43,No,Yes,DSL,No,No,No,Yes,No,No,Month-to-month,Yes,Credit card (automatic),16.72,951.22,No
customerID-010490,Male,0,Yes,No,5,No,Yes,DSL,Yes,No,Yes,No,Yes,No,Month-to-month,No,Credit card (automatic),,234.44,Yes
customerID-010492,Male,0,No,No,,No,Yes,DSL,Yes,No,No,No,Yes,No,One year,Yes,Electronic check,43.98,468.26,No
customerID-010493,Male,2,No,No,5,Yes,Yes,DSL,Yes,Yes,Yes,Yes,No,No,Month-to-month,No,Mailed check,50.95,718.33,Yes
customerID-010495,Female,1,Yes,No,14,No,No,DSL,Yes,No,Yes,No,No,No,Month-to-month,Yes,Bank transfer (automatic),50.96,1054.41,No
customerID-010501,Male,1,No,No,4,Yes,No phone service,DSL,Yes,No,Yes,No,No,No,One year,No,Electronic check,38.39,2007.88,No
customerID-010504,Female,0,No,No,5,Yes,No phone service,DSL,No,Yes,Yes,No,No,Yes,One year,No,Bank transfer (automatic),35.48,1026.89,No
customerID-010505,Male,0,No,No,14,No,Yes,DSL,No,Yes,Yes,No,Yes,No,Month-to-month,No,Credit card (automatic),56.32,326.88,No
customerID-010510,Male,0,No,No,47,Yes,No phone service,DSL,No,Yes,Yes,No,No,No,Month-to-month,Yes,Mailed check,105.72,277.86,No
customerID-010512,Female,1,No,No,4,No,No phone service,DSL,Yes,Yes,Yes,No,No,No,Month-to-month,Yes,Mailed check,,326.14,No
customerID-010517,Female,1,No,No,7,Yes,No phone service,DSL,Yes,No,No,No,No,No,Month-to-month,No,Credit card (automatic),101.21,1742.42,No
customerID-010523,Female,2,No,No,3,Yes,Yes,DSL,No,No,No,No,No,No,Month-to-month,No,Mailed check,49.89,1428.37,No
customerID-010525,Female,1,No,No,10,Yes,No phone service,DSL,No,No,No,No,No,No,One year,Yes,Mailed check,42.05,1134.9,No
customerID-010528,Male,0,Yes,No,8,Yes,No,DSL,No,No,No,No,Yes,No,One year,Yes,Credit card (automatic),46.3,642.53,No
customerID-010529,Male,0,No,No,28,No,No,DSL,No,No,No,Yes,No,No,One year,Yes,Mailed check,122.38,261.65,No
customerID-010533,Male,2,No,No,1,Yes,No phone service,Fiber optic,Yes,Yes,Yes,No,Yes,No,One year,Yes,Electronic check,45.39,343.96,No
customerID-010535,Female,1,No,No,10,Yes,No phone service,DSL,Yes,Yes,Yes,No,No,No,Month-to-month,No,Credit card (automatic),74.75,1105.92,No
customerID-010539,Female,1,No,No,3,Yes,No,Fiber optic,Yes,No,Yes,No,No,Yes,One year,No,Mailed check,47.52,1160.67,No
customerID-010542,Female,2,Yes,No,9,Yes,No phone service,Fiber optic,Yes,No,Yes,No,No,Yes,Month-to-month,No,Bank transfer (automatic),78.23,749.63,No
customerID-010547,Male,1,Yes,No,,No,No phone service,DSL,Yes,No,Yes,No,No,Yes,One year,Yes,Bank transfer (automatic),42.45,755.53,Yes
customerID-010548,Female,0,No,No,21,Yes,No,DSL,No,Yes,No,No,No,No,One year,No,Mailed check,34.04,530.65,No
customerID-010552,Male,0,No,No,21,No,No,DSL,Yes,Yes,Yes,No,No,No,One year,Yes,Mailed check,83.23,320.42,No
customerID-010560,Female,1,No,No,24,Yes,No phone service,DSL,Yes,No,No,No,No,Yes,One year,Yes,Mailed check,115.68,1615.77,No
customerID-010563,Male,1,Yes,No,3,No,No phone service,DSL,Yes,No,No,No,No,No,Month-to-month,Yes,Electronic check,38.39,1123.78,No
customerID-010568,Female,2,Yes,No,17,No,No phone service,DSL,Yes,Yes,Yes,No,Yes,Yes,Month-to-month,Yes,Mailed check,44.78,294.02,No
customerID-010569,Male,1,No,No,4,Yes,Yes,DSL,No,Yes,No,Yes,No,No,One year,Yes,Bank transfer (automatic),38.56,2357.95,No
customerID-010574,Male,0,No,No,10,Yes,No phone service,DSL,No,No,Yes,No,Yes,No,One year,Yes,Mailed check,23.6,207.64,No
customerID-010579,Female,2,No,No,18,Yes,Yes,DSL,Yes,No,Yes,Yes,No,Yes,One year,Yes,Mailed check,55.26,559.7,No
customerID-010583,Female,1,Yes,No,11,No,Yes,DSL,Yes,Yes,Yes,No,No,No,Month-to-month,No,Bank transfer (automatic),50.27,568.21,No
customerID-010584,Female,0,Yes,No,35,Yes,Yes,DSL,Yes,No,Yes,No,No,No,One year,Yes,Mailed check,33.0,738.64,Yes
customerID-010586,Male,2,No,No,,No,No phone service,DSL,Yes,Yes,No,Yes,No,No,Month-to-month,Yes,Credit card (automatic),68.14,302.4,No
customerID-010589,Male,0,No,No,38,Yes,No,Fiber optic,Yes,Yes,No,Yes,Yes,No,Month-to-month,No,Electronic check,57.39,2010.02,No
customerID-010590,Male,2,Yes,No,69,Yes,No phone service,DSL,Yes,No,Yes,No,No,No,Month-to-month,No,Bank transfer (automatic),47.24,276.98,No
customerID-010593,Male,1,No,No,10,No,Yes,DSL,Yes,No,No,Yes,No,No,One year,Yes,Mailed check,37.38,481.75,Yes
customerID-010594,Female,0,Yes,No,8,Yes,No phone service,DSL,Yes,No,No,No,Yes,No,Month-to-month,Yes,Credit card (automatic),47.85,479.66,No
customerID-010595,Female,1,Yes,No,38,Yes,No,DSL,Yes,Yes,Yes,No,No,No,One year,Yes,Electronic check,69.33,400.84,No
customerID-010598,Male,2,No,No,2,Yes,No,DSL,Yes,No,Yes,No,No,No,Month-to-month,Yes,Mailed check,51.64,259.28,No
customerID-010599,Male,0,No,No,56,Yes,No phone service,DSL,Yes,No,No,No,Yes,No,One year,No,Mailed check,44.67,1602.59,Yes
customerID-010600,Female,0,No,No,9,No,No phone service,DSL,No,Yes,Yes,No,No,No,One year,No,Mailed check,50.04,1068.81,No
customerID-010606,Male,0,No,No,12,No,No phone service,Fiber optic,Yes,No,No,No,No,No,One year,Yes,Mailed check,78.18,412.87,No
customerID-010607,Male,2,No,No,2,No,No phone service,DSL,No,No,Yes,No,No,No,One year,No,Bank transfer (automatic),139.0,762.65,Yes
customerID-010608,Female,0,No,No,12,No,Yes,Fiber optic,Yes,No,Yes,No,No,No,One year,Yes,Mailed check,,440.17,No
customerID-010614,Female,0,No,No,8,Yes,No,DSL,No,Yes,No,No,Yes,No,Month-to-month,No,Bank transfer (automatic),60.08,495.75,No
customerID-010620,Male,0,No,No,4,Yes,No,DSL,No,Yes,Yes,Yes,No,No,Month-to-month,Yes,Bank transfer (automatic),36.26,342.13,No
customerID-010621,Male,0,Yes,No,33,Yes,No,Fiber optic,Yes,No,No,No,No,No,Month-to-month,Yes,Bank transfer (automatic),84.06,753.87,No
customerID-010623,Male,0,No,No,23,Yes,No phone service,DSL,No,Yes,Yes,No,No,Yes,One year,Yes,Mailed check,58.23,3442.09,Yes
customerID-010625,Male,0,No,No,,No,No phone service,DSL,No,Yes,No,No,No,No,One year,Yes,Mailed check,22.9,239.03,No
customerID-010626,Male,1,Yes,No,61,Yes,No phone service,DSL,No,No,Yes,Yes,Yes,No,One year,No,Bank transfer (automatic),61.82,3138.88,No
customerID-010628,Male,0,No,No,11,No,No phone service,DSL,Yes,Yes,Yes,Yes,No,No,One year,Yes,Bank transfer (automatic),169.45,753.98,No
customerID-010638,Male,1,No,No,2,Yes,No,DSL,Yes,Yes,Yes,Yes,No,No,One year,No,Credit card (automatic),113.95,884.3,No
customerID-010641,Male,0,Yes,No,50,No,No,DSL,No,Yes,No,No,No,No,Month-to-month,No,Bank transfer (automatic),30.56,666.72,Yes
customerID-010643,Male,0,Yes,No,13,No,Yes,DSL,No,No,No,Yes,No,No,Month-to-month,No,Credit card (automatic),,461.73,Yes
customerID-010645,Male,1,Yes,No,14,Yes,No phone service,Fiber optic,No,No,Yes,No,Yes,Yes,One year,No,Mailed check,27.48,674.51,No
customerID-010647,Male,0,No,No,9,No,No,DSL,No,Yes,Yes,No,No,Yes,Month-to-month,Yes,Bank transfer (automatic),38.98,423.64,No
customerID-010655,Female,0,Yes,No,17,Yes,No phone service,DSL,No,Yes,Yes,Yes,No,No,Month-to-month,No,Mailed check,46.87,449.29,No
customerID-010656,Female,1,Yes,No,8,Yes,No phone service,DSL,Yes,Yes,Yes,No,No,No,One year,Yes,Bank transfer (automatic),44.61,2343.28,No
customerID-010665,Male,1,No,No,23,Yes,No phone service,Fiber optic,No,Yes,No,No,Yes,Yes,Month-to-month,Yes,Mailed check,83.24,1120.76,No
customerID-010668,Female,0,No,No,26,Yes,Yes,DSL,Yes,Yes,No,No,No,Yes,Month-to-month,No,Mailed check,34.87,1221.22,No
customerID-010669,Male,0,No,No,12,Yes,No,Fiber optic,Yes,Yes,Yes,No,No,No,Month-to-month,Yes,Mailed check,48.46,650.64,No
customerID-010674,Male,0,No,No,4,Yes,No,Fiber optic,Yes,Yes,Yes,No,No,Yes,One year,No,Credit card (automatic),59.35,341.39,No
customerID-010675,Male,0,No,No,12,Yes,No phone service,DSL,No,Yes,No,No,No,No,Month-to-month,No,Mailed check,86.09,398.01,No
customerID-010676,Male,0,No,No,14,No,No,DSL,No,Yes,No,No,No,Yes,Month-to-month,No,Bank transfer (automatic),19.62,1112.68,No
customerID-010679,Female,0,Yes,No,,Yes,Yes,Fiber optic,No,Yes,Yes,Yes,No,No,Month-to-month,No,Mailed check,49.81,2481.87,No
customerID-010685,Female,1,No,No,31,Yes,No,DSL,Yes,No,Yes,No,No,No,Month-to-month,Yes,Credit card (automatic),39.27,1331.89,No
customerID-010689,Male,0,No,No,12,No,No phone service,DSL,Yes,No,Yes,Yes,No,Yes,One year,No,Mailed check,88.37,457.63,No
customerID-010691,Male,0,No,No,,Yes,Yes,DSL,Yes,Yes,No,No,Yes,Yes,One year,No,Bank transfer (automatic),32.23,578.7,No
customerID-010695,Female,1,No,No,8,Yes,No phone service,DSL,Yes,Yes,Yes,No,No,No,One year,Yes,Bank transfer (automatic),27.03,165.43,No
customerID-010699,Female,1,No,No,17,No,No phone service,DSL,No,No,No,No,No,No,Month-to-month,No,Credit card (automatic),44.42,291.79,No
customerID-010703,Male,1,No,No,10,Yes,Yes,DSL,No,Yes,Yes,No,No,No,Month-to-month,No,Credit card (automatic),115.5,709.1,No
customerID-010704,Female,0,No,No,8,No,Yes,DSL,Yes,No,Yes,No,No,No,One year,No,Mailed check,57.6,519.45,No
customerID-010706,Male,0,No,No,7,No,No,DSL,Yes,No,Yes,No,No,Yes,Month-to-month,Yes,Credit card (automatic),129.46,330.3,No
customerID-010707,Male,1,No,No,13,No,No phone service,Fiber optic,Yes,No,No,No,No,Yes,Month-to-month,Yes,Mailed check,44.75,1031.18,Yes
customerID-010708,Female,1,No,No,20,No,No,DSL,Yes,Yes,Yes,No,Yes,No,One year,No,Credit card (automatic),80.24,325.96,No
customerID-010710,Female,1,No,No,11,Yes,No phone service,DSL,No,No,No,No,Yes,Yes,Month-to-month,No,Bank transfer (automatic),27.38,600.4,No
customerID-010711,Female,1,No,No,6,Yes,No phone service,DSL,Yes,Yes,Yes,Yes,No,No,One year,No,Credit card (automatic),65.35,184.16,No
customerID-010713,Female,0,No,No,3,No,No,DSL,Yes,Yes,Yes,Yes,No,No,One year,No,Electronic check,55.58,1738.81,No
customerID-010714,Male,0,No,No,23,Yes,No,Fiber optic,Yes,No,Yes,No,No,Yes,Month-to-month,No,Electronic check,34.15,439.76,No
customerID-010715,Male,0,Yes,No,58,Yes,No,DSL,No,Yes,Yes,No,No,No,One year,Yes,Electronic check,67.97,1215.6,Yes
customerID-010716,Female,0,No,No,16,Yes,No,Fiber optic,Yes,No,Yes,Yes,No,No,Month-to-month,No,Mailed check,26.78,443.15,No
customerID-010720,Male,0,Yes,No,2,No,No,DSL,Yes,Yes,No,Yes,No,No,Month-to-month,Yes,Bank transfer (automatic),33.51,888.13,No
customerID-010723,Male,1,No,No,,Yes,No,DSL,Yes,Yes,No,No,No,No,One year,No,Credit card (automatic),95.74,595.73,No
customerID-010757,Female,0,No,No,18,Yes,No phone service,Fiber optic,Yes,No,No,Yes,No,No,One year,Yes,Mailed check,54.7,146.23,No
customerID-010763,Female,0,No,No,9,Yes,No,Fiber optic,Yes,Yes,Yes,No,Yes,No,Month-to-month,Yes,Electronic check,19.52,2531.35,No
customerID-010765,Male,0,Yes,No,9,Yes,Yes,DSL,Yes,No,No,No,No,No,One year,Yes,Mailed check,41.83,924.55,No
customerID-010769,Male,0,No,No,23,No,Yes,DSL,Yes,Yes,Yes,No,No,No,Month-to-month,Yes,Mailed check,62.57,1268.27,No
customerID-010774,Female,1,Yes,No,25,No,Yes,DSL,Yes,Yes,Yes,No,Yes,No,Month-to-month,Yes,Mailed check,56.18,1476.2,No
customerID-010779,Female,0,Yes,No,14,Yes,Yes,Fiber optic,Yes,No,Yes,No,No,No,Month-to-month,No,Bank transfer (automatic),125.87,886.1,No
customerID-010780,Male,0,No,No,12,Yes,No,DSL,Yes,No,Yes,Yes,No,No,Month-to-month,No,Bank transfer (automatic),34.4,692.3,No
customerID-010781,Female,0,Yes,No,6,Yes,No,DSL,Yes,No,No,No,Yes,No,One year,Yes,Credit card (automatic),21.88,587.65,No
customerID-010784,Male,0,No,No,11,No,No,DSL,No,No,No,No,No,No,Month-to-month,No,Mailed check,65.02,924.72,No
customerID-010788,Male,0,No,No,4,No,No,DSL,Yes,No,No,No,Yes,No,Month-to-month,No,Bank transfer (automatic),30.15,2057.1,No
customerID-010792,Female,1,No,No,40,No,No phone service,DSL,No,No,No,No,No,No,Month-to-month,Yes,Electronic check,78.99,798.86,No
customerID-010793,Male,0,Yes,No,9,Yes,Yes,DSL,No,No,Yes,Yes,No,No,Month-to-month,Yes,Mailed check,49.42,313.35,No
customerID-010794,Male,1,No,No,3,No,No,DSL,Yes,No,Yes,No,No,No,One year,No,Credit card (automatic),,713.06,No
customerID-010800,Male,0,No,No,5,Yes,No phone service,Fiber optic,Yes,Yes,No,No,No,Yes,Month-to-month,Yes,Credit card (automatic),51.24,370.68,No
customerID-010802,Female,0,No,No,27,Yes,No phone service,DSL,Yes,No,Yes,No,No,Yes,One year,Yes,Mailed check,51.94,207.21,No
customerID-010805,Female,1,Yes,No,7,No,No,Fiber optic,Yes,Yes,Yes,No,No,No,Month-to-month,Yes,Bank transfer (automatic),45.06,230.6,No
customerID-010810,Female,2,No,No,63,Yes,No,DSL,Yes,No,Yes,No,No,No,Month-to-month,No,Electronic check,89.28,1588.59,No
customerID-010812,Male,0,No,No,21,Yes,No phone service,DSL,Yes,No,Yes,No,No,No,Month-to-month,Yes,Bank transfer (automatic),28.04,124.6,No
customerID-010813,Female,0,Yes,No,25,Yes,No,Fiber optic,Yes,Yes,No,No,No,Yes,Month-to-month,No,Electronic check,76.58,588.39,No
customerID-010815,Male,1,No,No,7,Yes,Yes,Fiber optic,No,Yes,Yes,No,Yes,Yes,Month-to-month,Yes,Electronic check,60.38,3749.15,No
customerID-010816,Female,0,No,No,2,Yes,Yes,DSL,Yes,No,Yes,No,No,Yes,Month-to-month,No,Mailed check,21.18,364.52,No
customerID-010819,Female,1,No,No,14,No,No,Fiber optic,No,No,No,Yes,No,No,One year,No,Bank transfer (automatic),42.43,729.05,No
customerID-010820,Male,0,No,No,4,Yes,No,Fiber optic,Yes,No,No,No,Yes,No,One year,Yes,Bank transfer (automatic),63.49,447.35,No
customerID-010822,Male,0,No,No,10,No,No phone service,Fiber optic,No,No,No,No,No,Yes,One year,Yes,Mailed check,28.72,227.46,No
customerID-010824,Female,0,No,No,16,Yes,Yes,DSL,No,No,Yes,No,No,No,One year,No,Mailed check,69.26,869.85,No
customerID-010829,Male,0,No,No,49,Yes,Yes,DSL,No,No,Yes,No,Yes,No,Month-to-month,No,Mailed check,100.14,2171.97,No
customerID-010830,Male,0,No,No,,Yes,No,DSL,Yes,No,Yes,No,Yes,No,Month-to-month,Yes,Bank transfer (automatic),60.44,668.59,No
customerID-010831,Male,1,Yes,No,34,Yes,No,DSL,No,Yes,No,Yes,No,Yes,One year,Yes,Mailed check,,958.42,No
customerID-010835,Male,0,No,No,66,No,Yes,DSL,Yes,No,No,Yes,No,No,One year,Yes,Mailed check,96.78,212.36,No
customerID-010836,Female,0,Yes,No,11,No,No,Fiber optic,No,No,Yes,Yes,No,No,Month-to-month,Yes,Credit card (automatic),,534.95,No
customerID-010837,Male,1,No,No,11,Yes,No,DSL,No,No,Yes,No,Yes,Yes,One year,No,Mailed check,125.93,345.41,No
customerID-010839,Male,0,Yes,No,9,No,No,DSL,Yes,No,Yes,Yes,No,No,Month-to-month,Yes,Credit card (automatic),88.18,553.46,No
customerID-010841,Female,0,No,No,4,Yes,No,DSL,No,Yes,No,No,No,No,Month-to-month,No,Mailed check,169.45,521.65,No
customerID-010844,Female,0,No,No,10,No,No,DSL,Yes,No,Yes,No,No,No,One year,No,Mailed check,27.39,248.55,No
customerID-010845,Female,0,No,No,40,Yes,Yes,DSL,No,Yes,Yes,No,No,Yes,Month-to-month,No,Bank transfer (automatic),81.25,490.25,No
customerID-010847,Male,2,No,No,4,Yes,No,DSL,Yes,No,Yes,Yes,No,Yes,Month-to-month,Yes,Mailed check,43.68,150.03,No
customerID-010851,Male,0,No,No,5,No,No,DSL,No,Yes,Yes,No,Yes,Yes,One year,No,Electronic check,13.57,981.71,No
customerID-010852,Male,0,No,No,14,No,No phone service,Fiber optic,Yes,Yes,No,Yes,Yes,No,Month-to-month,Yes,Electronic check,,1472.92,No
customerID-010855,Male,0,Yes,No,18,Yes,Yes,DSL,Yes,Yes,No,No,No,No,Month-to-month,No,Credit card (automatic),45.63,3749.15,No
customerID-010857,Female,0,No,No,8,Yes,No phone service,DSL,Yes,No,Yes,No,No,No,One year,No,Electronic check,54.15,407.61,No
customerID-010864,Male,0,Yes,No,16,Yes,No,DSL,Yes,No,Yes,No,No,Yes,One year,Yes,Credit card (automatic),40.6,899.85,Yes
customerID-010868,Male,0,No,No,,No,No,DSL,No,No,Yes,No,No,Yes,Month-to-month,Yes,Mailed check,52.51,452.94,No
customerID-010869,Male,0,No,No,7,No,No phone service,Fiber optic,Yes,Yes,Yes,Yes,No,No,Month-to-month,Yes,Mailed check,66.21,2251.0,No
customerID-010870,Male,0,No,No,4,No,No phone service,DSL,Yes,No,Yes,No,No,No,One year,Yes,Electronic check,48.5,1142.31,No
customerID-010873,Female,0,No,No,24,No,Yes,DSL,Yes,No,No,No,No,No,One year,Yes,Mailed check,47.79,727.75,No
customerID-010874,Male,1,No,No,6,Yes,No,Fiber optic,Yes,Yes,Yes,No,No,No,Month-to-month,No,Credit card (automatic),89.46,1026.37,Yes
customerID-010877,Male,0,Yes,No,,Yes,No,DSL,No,Yes,No,Yes,Yes,No,Month-to-month,Yes,Credit card (automatic),44.48,1367.41,No
customerID-010879,Female,1,No,No,59,Yes,No phone service,DSL,No,No,No,No,No,Yes,One year,No,Bank transfer (automatic),28.53,149.99,No
customerID-010880,Male,1,No,No,6,No,No phone service,DSL,Yes,No,Yes,Yes,No,No,One year,Yes,Electronic check,63.98,242.56,No
customerID-010884,Male,0,No,No,22,No,No phone service,DSL,No,Yes,No,No,No,No,One year,Yes,Bank transfer (automatic),44.81,501.25,No
customerID-010888,Male,0,No,No,22,Yes,No phone service,Fiber optic,No,Yes,Yes,Yes,No,No,Month-to-month,No,Credit card (automatic),34.64,883.15,Yes
customerID-010889,Female,3,No,No,3,No,No phone service,DSL,No,No,Yes,No,No,No,Month-to-month,Yes,Bank transfer (automatic),85.3,483.97,No
customerID-010890,Female,0,No,No,2,No,No,Fiber optic,No,No,Yes,No,No,No,Month-to-month,No,Mailed check,24.11,702.58,No
customerID-010892,Male,0,No,No,38,No,No,DSL,Yes,No,Yes,No,No,No,Month-to-month,Yes,Credit card (automatic),19.35,188.07,Yes
customerID-010894,Male,0,No,No,65,Yes,No,DSL,No,Yes,Yes,No,No,No,Month-to-month,No,Electronic check,84.61,592.75,No
customerID-010900,Male,0,No,No,16,No,No phone service,DSL,Yes,No,Yes,No,No,No,One year,No,Electronic check,32.89,259.35,No
customerID-010909,Female,0,No,No,2,Yes,Yes,DSL,Yes,No,Yes,No,No,No,One year,Yes,Mailed check,38.99,578.13,No
customerID-010910,Male,0,No,No,12,Yes,No phone service,DSL,No,Yes,No,No,No,No,One year,Yes,Bank transfer (automatic),28.76,2855.43,No
customerID-010911,Male,1,Yes,No,21,Yes,No,Fiber optic,Yes,No,Yes,No,Yes,Yes,Month-to-month,Yes,Mailed check,46.57,2936.05,Yes
customerID-010914,Male,2,No,No,14,No,Yes,DSL,Yes,Yes,No,No,Yes,Yes,Month-to-month,No,Mailed check,75.58,309.57,No
customerID-010915,Male,2,Yes,No,13,Yes,Yes,Fiber optic,No,Yes,No,No,No,No,Month-to-month,No,Mailed check,65.1,930.58,No
customerID-010919,Male,0,No,No,40,Yes,No,DSL,No,No,No,No,No,No,Month-to-month,No,Mailed check,45.31,775.01,No
customerID-010932,Female,0,Yes,No,13,No,No,Fiber optic,Yes,No,No,Yes,No,Yes,One year,Yes,Mailed check,,301.49,No
customerID-010933,Male,0,No,No,33,No,Yes,DSL,No,No,Yes,No,No,Yes,One year,No,Mailed check,102.8,120.96,No
customerID-010934,Female,0,Yes,No,11,Yes,No,Fiber optic,Yes,Yes,No,Yes,No,No,Month-to-month,Yes,Credit card (automatic),33.13,411.55,No
customerID-010935,Male,0,No,No,34,Yes,No phone service,DSL,Yes,Yes,No,No,No,No,Month-to-month,Yes,Bank transfer (automatic),169.45,480.76,No
customerID-010940,Male,0,Yes,No,4,Yes,No phone service,DSL,Yes,No,Yes,No,No,Yes,One year,No,Mailed check,49.2,294.14,No
customerID-010942,Male,1,No,No,22,Yes,Yes,Fiber optic,No,No,Yes,Yes,No,Yes,Month-to-month,Yes,Electronic check,39.14,1212.36,No
customerID-010943,Male,0,No,No,19,Yes,No phone service,Fiber optic,Yes,No,No,Yes,No,No,Month-to-month,Yes,Bank transfer (automatic),,200.67,No
customerID-010944,Male,1,No,No,3,Yes,No,Fiber optic,Yes,Yes,No,No,No,Yes,Month-to-month,Yes,Credit card (automatic),98.04,1321.38,No
customerID-010947,Male,0,Yes,No,13,Yes,No phone service,DSL,Yes,No,Yes,No,No,Yes,One year,No,Bank transfer (automatic),18.59,1001.06,No
customerID-010949,Male,1,No,No,7,Yes,No phone service,Fiber optic,No,No,No,No,No,No,One year,Yes,Mailed check,,252.23,No
customerID-010950,Female,1,No,No,13,No,No,DSL,Yes,Yes,Yes,No,No,No,Month-to-month,No,Electronic check,,733.99,No
customerID-010952,Male,1,No,No,,No,No phone service,Fiber optic,Yes,No,No,No,No,Yes,One year,Yes,Credit card (automatic),50.99,2153.5,No
customerID-010954,Female,0,No,No,5,Yes,No phone service,DSL,No,Yes,Yes,No,No,No,Month-to-month,Yes,Mailed check,,2197.0,No
customerID-010957,Female,2,No,No,33,Yes,Yes,DSL,No,Yes,No,Yes,No,No,One year,No,Credit card (automatic),62.34,168.97,No
customerID-010960,Male,1,No,No,4,No,No phone service,DSL,Yes,Yes,Yes,No,No,Yes,One year,Yes,Mailed check,43.28,174.2,No
customerID-010962,Male,0,Yes,No,,Yes,Yes,DSL,No,No,Yes,No,Yes,Yes,One year,Yes,Mailed check,72.82,260.29,No
customerID-010963,Female,2,Yes,No,16,Yes,Yes,DSL,Yes,Yes,Yes,No,No,No,One year,Yes,Bank transfer (automatic),90.93,843.68,No
customerID-010966,Male,1,No,No,30,No,Yes,DSL,No,No,Yes,Yes,No,No,One year,No,Credit card (automatic),96.53,369.81,No
customerID-010968,Female,1,No,No,10,Yes,No phone service,DSL,No,Yes,Yes,Yes,Yes,No,Month-to-month,No,Credit card (automatic),21.05,3749.15,No
customerID-010979,Male,0,Yes,No,10,No,Yes,DSL,No,No,Yes,Yes,Yes,No,Month-to-month,Yes,Credit card (automatic),25.06,750.39,No
customerID-010982,Female,2,No,No,10,No,No phone service,DSL,Yes,No,Yes,Yes,Yes,No,One year,Yes,Credit card (automatic),78.27,3749.15,No
customerID-010985,Male,1,No,No,12,Yes,Yes,DSL,No,No,Yes,No,No,No,Month-to-month,No,Mailed check,38.85,404.37,No
customerID-010986,Female,0,No,No,38,Yes,No,Fiber optic,No,No,Yes,Yes,No,No,One year,Yes,Electronic check,75.39,160.67,No
customerID-010987,Male,0,No,No,11,Yes,No phone service,DSL,No,Yes,Yes,Yes,No,No,Month-to-month,No,Credit card (automatic),68.65,387.05,No
customerID-010990,Male,0,No,No,4,No,No,Fiber optic,Yes,No,Yes,No,No,No,Month-to-month,Yes,Mailed check,22.13,688.93,No
customerID-010991,Female,0,No,No,61,Yes,No,DSL,Yes,No,Yes,No,No,No,One year,Yes,Electronic check,63.85,745.25,No
customerID-010995,Male,0,Yes,No,37,Yes,No phone service,DSL,Yes,No,Yes,Yes,No,No,One year,Yes,Electronic check,20.85,399.33,No
customerID-011001,Male,0,No,No,20,Yes,No,Fiber optic,Yes,No,No,No,No,No,One year,No,Mailed check,18.81,273.39,No
customerID-011003,Male,0,No,No,9,Yes,No,Fiber optic,Yes,Yes,Yes,No,No,No,Month-to-month,Yes,Mailed check,65.51,928.0,Yes
customerID-011004,Male,0,Yes,No,5,No,Yes,Fiber optic,Yes,No,No,No,No,Yes,Month-to-month,Yes,Credit card (automatic),53.37,1352.2,No
customerID-011012,Male,0,No,No,4,No,No phone service,Fiber optic,No,Yes,Yes,Yes,No,No,One year,Yes,Credit card (automatic),33.47,684.15,No
customerID-011013,Male,1,No,No,19,Yes,No,DSL,Yes,Yes,Yes,Yes,No,No,One year,Yes,Credit card (automatic),25.2,1148.11,No
customerID-011022,Female,1,No,No,33,Yes,No phone service,DSL,No,No,Yes,Yes,No,No,One year,Yes,Mailed check,77.39,1039.34,No
customerID-011023,Male,0,No,No,1,No,No,DSL,Yes,No,Yes,No,No,No,Month-to-month,No,Mailed check,66.08,537.33,No
customerID-011024,Male,0,No,No,16,Yes,No phone service,DSL,No,No,Yes,No,No,No,Month-to-month,No,Credit card (automatic),75.04,243.16,No
customerID-011025,Male,1,No,No,18,No,No,Fiber optic,Yes,No,Yes,No,No,No,One year,No,Bank transfer (automatic),55.25,680.8,No
customerID-011028,Female,0,No,No,11,Yes,No,DSL,No,Yes,Yes,Yes,No,Yes,One year,No,Electronic check,38.05,1308.05,No
customerID-011033,Female,1,No,No,10,Yes,No,DSL,Yes,No,Yes,No,No,No,Month-to-month,Yes,Mailed check,21.34,733.24,No
customerID-011035,Female,0,No,No,2,No,Yes,DSL,Yes,No,No,No,Yes,No,Month-to-month,No,Electronic check,53.62,239.04,Yes
customerID-011037,Male,0,No,No,43,Yes,No phone service,Fiber optic,No,Yes,Yes,Yes,Yes,No,One year,Yes,Mailed check,108.55,488.26,Yes
customerID-011039,Male,0,No,No,8,No,No,DSL,Yes,Yes,Yes,No,No,No,One year,Yes,Mailed check,60.03,793.88,No
customerID-011040,Male,3,No,No,,No,No,DSL,Yes,Yes,No,No,No,Yes,Month-to-month,Yes,Mailed check,,908.6,Yes
customerID-011044,Male,0,No,No,20,Yes,No,Fiber optic,No,No,Yes,No,No,Yes,One year,No,Bank transfer (automatic),54.62,695.73,No
customerID-011048,Female,3,No,No,4,Yes,No,DSL,No,No,No,No,No,No,One year,No,Mailed check,22.52,3749.15,No
customerID-011060,Male,0,No,No,11,Yes,No phone service,DSL,Yes,No,Yes,Yes,Yes,Yes,Month-to-month,No,Credit card (automatic),126.24,217.3,No
customerID-011062,Male,1,No,No,5,No,No phone service,DSL,Yes,Yes,Yes,No,No,Yes,One year,No,Credit card (automatic),83.32,1163.5,No
customerID-011068,Male,1,Yes,No,37,No,No phone service,DSL,No,No,Yes,No,No,Yes,One year,No,Bank transfer (automatic),39.26,1195.57,No
customerID-011073,Male,2,No,No,23,No,No phone service,Fiber optic,No,No,Yes,No,No,Yes,Month-to-month,No,Credit card (automatic),57.34,1048.15,No
customerID-011074,Male,1,No,No,3,Yes,Yes,DSL,Yes,No,No,No,No,No,Month-to-month,Yes,Mailed check,81.07,658.65,No
customerID-011075,Male,1,No,No,11,Yes,Yes,DSL,Yes,Yes,Yes,No,No,No,One year,No,Mailed check,77.6,1148.97,No
customerID-011078,Male,1,No,No,35,Yes,Yes,DSL,Yes,No,Yes,No,Yes,Yes,Month-to-month,Yes,Credit card (automatic),70.2,564.49,No
customerID-011080,Male,1,Yes,No,16,No,No phone service,DSL,No,Yes,Yes,No,No,Yes,Month-to-month,Yes,Mailed check,49.45,1260.71,No
customerID-011081,Male,0,No,No,16,Yes,No,DSL,No,Yes,No,No,Yes,No,One year,No,Mailed check,,239.86,No
customerID-011082,Female,0,No,No,30,No,No phone service,DSL,Yes,No,No,No,No,Yes,Month-to-month,No,Bank transfer (automatic),50.17,1408.39,No
customerID-011083,Male,0,Yes,No,10,No,No,DSL,Yes,Yes,No,No,No,Yes,One year,No,Mailed check,,517.26,No
customerID-011084,Female,1,Yes,No,11,Yes,Yes,DSL,No,Yes,No,Yes,No,No,Month-to-month,Yes,Mailed check,41.4,501.4,No
customerID-011087,Male,0,Yes,No,9,Yes,No,DSL,Yes,No,Yes,No,No,Yes,Month-to-month,No,Bank transfer (automatic),15.12,236.91,No
customerID-011089,Female,0,No,No,35,Yes,Yes,Fiber optic,Yes,No,No,No,No,No,One year,No,Bank transfer (automatic),21.66,630.36,No
customerID-011090,Male,1,No,No,11,No,No,Fiber optic,No,No,Yes,Yes,No,Yes,Month-to-month,No,Mailed check,56.97,813.92,No
customerID-011091,Female,0,No,No,27,No,Yes,DSL,Yes,No,No,Yes,No,No,Month-to-month,Yes,Electronic check,39.71,499.5,No
customerID-011092,Female,0,No,No,6,Yes,No phone service,Fiber optic,Yes,No,No,No,No,No,Month-to-month,No,Mailed check,21.75,293.38,No
customerID-011095,Male,1,No,No,19,No,Yes,DSL,No,Yes,No,No,No,No,Month-to-month,No,Bank transfer (automatic),,3446.35,No
customerID-011096,Male,0,No,No,7,No,No,DSL,Yes,No,Yes,No,No,Yes,One year,No,Mailed check,19.49,1229.07,No
customerID-011097,Male,1,No,No,2,No,Yes,DSL,No,No,No,No,No,Yes,One year,No,Bank transfer (automatic),89.04,2865.92,No
customerID-011106,Female,1,No,No,9,No,No,DSL,No,Yes,Yes,Yes,No,No,Month-to-month,No,Credit card (automatic),60.22,1092.91,No
customerID-011108,Male,0,No,No,12,No,Yes,Fiber optic,Yes,Yes,Yes,No,No,No,One year,Yes,Mailed check,57.79,3749.15,No
customerID-011111,Male,1,No,No,18,Yes,Yes,Fiber optic,No,No,No,No,Yes,No,Month-to-month,No,Electronic check,43.8,1366.9,No
customerID-011114,Female,0,No,No,3,Yes,Yes,DSL,Yes,Yes,No,No,No,No,Month-to-month,No,Bank transfer (automatic),46.74,199.22,No
customerID-011116,Male,0,No,No,69,No,Yes,DSL,No,No,No,No,No,No,Month-to-month,Yes,Bank transfer (automatic),17.47,423.64,Yes
customerID-011117,Male,1,No,No,15,Yes,No phone service,DSL,Yes,No,No,No,No,Yes,Month-to-month,No,Electronic check,32.54,349.77,Yes
customerID-011123,Male,0,Yes,No,5,No,No,DSL,Yes,Yes,Yes,No,No,No,One year,Yes,Bank transfer (automatic),52.35,1629.99,Yes
customerID-011125,Male,0,No,No,5,No,No,DSL,Yes,Yes,No,No,No,No,One year,Yes,Bank transfer (automatic),19.21,964.92,No
customerID-011134,Male,2,Yes,No,7,Yes,Yes,DSL,No,No,No,No,Yes,No,Month-to-month,Yes,Mailed check,80.35,148.4,No
customerID-011136,Male,1,No,No,13,No,No,DSL,No,No,Yes,No,No,Yes,One year,Yes,Bank transfer (automatic),30.23,552.75,No
customerID-011139,Male,1,No,No,19,No,No,Fiber optic,Yes,No,Yes,No,No,No,One year,Yes,Bank transfer (automatic),41.69,648.71,No
customerID-011142,Female,0,No,No,28,Yes,Yes,DSL,No,No,No,Yes,Yes,No,Month-to-month,No,Mailed check,112.52,154.28,No
customerID-011147,Male,0,Yes,No,11,Yes,No,DSL,No,Yes,Yes,Yes,No,No,Month-to-month,No,Bank transfer (automatic),42.14,394.65,No
customerID-011151,Female,0,Yes,No,29,No,No phone service,Fiber optic,Yes,Yes,Yes,No,No,No,One year,No,Credit card (automatic),55.57,2332.39,No
customerID-011153,Male,0,No,No,54,No,No phone service,DSL,No,Yes,Yes,No,Yes,No,One year,Yes,Mailed check,43.56,119.52,Yes
customerID-011157,Female,0,No,No,14,No,No,Fiber optic,No,No,Yes,No,Yes,Yes,One year,Yes,Mailed check,30.17,423.82,No
customerID-011161,Female,0,No,No,29,No,No phone service,DSL,No,Yes,Yes,No,No,No,Month-to-month,Yes,Mailed check,25.75,281.15,No
customerID-011163,Male,1,No,No,5,No,No phone service,DSL,No,Yes,No,No,Yes,No,One year,No,Credit card (automatic),103.97,145.61,No
customerID-011170,Male,0,No,No,2,No,No,DSL,Yes,No,Yes,No,No,No,One year,Yes,Mailed check,28.3,288.83,No
customerID-011172,Male,1,No,No,21,Yes,Yes,Fiber optic,Yes,No,Yes,No,Yes,Yes,Month-to-month,Yes,Mailed check,27.89,815.51,No
customerID-011175,Male,0,No,No,44,Yes,No phone service,Fiber optic,Yes,Yes,No,No,No,No,One year,Yes,Electronic check,,413.99,No
customerID-011176,Male,1,No,No,22,Yes,No,DSL,Yes,Yes,Yes,No,No,Yes,One year,No,Bank transfer (automatic),45.1,1994.04,Yes
customerID-011180,Female,0,Yes,No,4,Yes,No,DSL,No,Yes,No,Yes,No,No,Month-to-month,No,Electronic check,79.28,780.23,No
customerID-011183,Female,1,No,No,4,No,No phone service,DSL,Yes,No,Yes,Yes,No,No,One year,Yes,Electronic check,52.45,602.86,No
customerID-011186,Male,2,No,No,8,No,No,DSL,Yes,No,No,No,Yes,No,Month-to-month,Yes,Credit card (automatic),111.33,1241.76,No
customerID-011187,Female,0,No,No,2,Yes,No phone service,DSL,No,No,Yes,No,No,No,One year,No,Credit card (automatic),,556.9,No
customerID-011188,Male,0,No,No,38,Yes,No,DSL,No,Yes,No,No,No,No,Month-to-month,Yes,Mailed check,32.98,599.16,No
customerID-011193,Male,1,Yes,No,2,Yes,No phone service,Fiber optic,Yes,No,Yes,No,No,Yes,One year,Yes,Bank transfer (automatic),47.29,368.42,Yes
customerID-011194,Male,0,Yes,No,23,Yes,Yes,DSL,No,No,Yes,No,No,Yes,One year,No,Electronic check,101.28,2403.07,Yes
customerID-011197,Male,2,Yes,No,33,No,No phone service,DSL,Yes,Yes,Yes,No,No,No,One year,No,Bank transfer (automatic),25.77,766.07,Yes
customerID-011198,Female,1,No,No,9,Yes,No,DSL,Yes,No,Yes,No,No,No,Month-to-month,Yes,Electronic check,43.0,702.4,No
customerID-011199,Female,0,No,No,2,Yes,No phone service,DSL,Yes,No,No,No,No,No,One year,Yes,Electronic check,42.81,2278.92,No
customerID-011201,Female,1,Yes,No,15,Yes,No,Fiber optic,Yes,Yes,Yes,No,No,No,Month-to-month,Yes,Bank transfer (automatic),28.79,1501.66,No
customerID-011209,Female,0,No,No,9,Yes,No,DSL,Yes,No,Yes,No,No,No,Month-to-month,Yes,Bank transfer (automatic),29.68,600.92,No
customerID-011211,Female,2,No,No,5,Yes,No,Fiber optic,Yes,Yes,Yes,Yes,Yes,No,Month-to-month,Yes,Bank transfer (automatic),20.8,2602.83,No
customerID-011216,Male,0,Yes,No,10,Yes,Yes,DSL,Yes,No,Yes,No,No,No,Month-to-month,No,Mailed check,123.52,688.07,No
customerID-011217,Female,1,Yes,No,7,Yes,No phone service,DSL,Yes,Yes,Yes,No,Yes,Yes,One year,No,Bank transfer (automatic),52.24,1493.88,No
customerID-011219,Male,0,No,No,10,No,No phone service,DSL,Yes,Yes,Yes,Yes,No,Yes,Month-to-month,Yes,Credit card (automatic),69.0,812.43,No
customerID-011222,Female,1,Yes,No,44,No,No,DSL,Yes,Yes,No,No,No,No,One year,No,Mailed check,26.59,716.38,No
customerID-011223,Male,1,No,No,19,Yes,No phone service,DSL,No,No,Yes,No,Yes,No,Month-to-month,Yes,Mailed check,39.97,686.66,No
customerID-011225,Female,1,Yes,No,5,Yes,No,DSL,No,No,Yes,No,No,No,One year,No,Electronic check,44.05,601.93,No
customerID-011226,Female,0,Yes,No,39,No,No,DSL,Yes,Yes,Yes,No,No,Yes,One year,Yes,Electronic check,125.84,556.71,Yes
customerID-011227,Male,0,No,No,6,Yes,No phone service,DSL,No,Yes,Yes,Yes,Yes,No,One year,No,Mailed check,,2260.45,No
customerID-011228,Male,0,No,No,10,Yes,No phone service,DSL,Yes,No,Yes,No,No,No,Month-to-month,Yes,Credit card (automatic),56.24,568.29,No
customerID-011231,Female,0,Yes,No,21,Yes,No,DSL,Yes,No,Yes,No,No,No,Month-to-month,Yes,Credit card (automatic),,775.86,No
customerID-011236,Male,0,No,No,41,Yes,No phone service,DSL,Yes,Yes,Yes,No,Yes,No,Month-to-month,No,Mailed check,49.09,544.83,No
customerID-011245,Female,0,No,No,9,No,No,DSL,No,No,No,No,No,No,Month-to-month,No,Mailed check,83.61,1710.5,No
customerID-011247,Female,1,No,No,4,No,Yes,Fiber optic,Yes,No,Yes,No,No,No,One year,Yes,Mailed check,15.6,1049.98,No
customerID-011250,Male,1,No,No,39,Yes,No phone service,Fiber optic,Yes,No,Yes,Yes,No,Yes,One year,No,Bank transfer (automatic),37.53,1553.75,No
customerID-011253,Male,1,Yes,No,19,No,Yes,DSL,Yes,No,No,No,Yes,No,One year,No,Electronic check,55.59,2109.68,Yes
customerID-011256,Male,0,Yes,No,52,Yes,No phone service,DSL,No,No,No,Yes,No,No,Month-to-month,No,Bank transfer (automatic),38.29,949.49,No
customerID-011259,Female,1,No,No,4,Yes,No phone service,DSL,Yes,Yes,No,No,Yes,Yes,One year,No,Bank transfer (automatic),31.77,3086.97,No
customerID-011260,Male,0,No,No,23,No,No,DSL,No,No,Yes,Yes,Yes,No,Month-to-month,Yes,Electronic check,58.85,413.31,No
customerID-011263,Female,4,No,No,23,Yes,No phone service,DSL,No,No,Yes,No,No,No,One year,Yes,Bank transfer (automatic),49.63,649.32,No
customerID-011266,Female,1,No,No,33,Yes,No,DSL,No,No,Yes,No,Yes,No,One year,Yes,Credit card (automatic),17.24,702.86,No
customerID-011268,Male,0,No,No,2,Yes,No,DSL,No,Yes,Yes,No,Yes,No,Month-to-month,Yes,Mailed check,63.83,560.49,No
customerID-011269,Male,0,No,No,89,No,No phone service,DSL,Yes,No,No,No,Yes,No,Month-to-month,No,Electronic check,35.33,831.24,Yes
customerID-011271,Female,2,No,No,6,No,Yes,Fiber optic,No,Yes,Yes,No,No,No,Month-to-month,Yes,Bank transfer (automatic),42.53,1622.33,No
customerID-011283,Male,1,No,No,,No,No,DSL,No,No,Yes,No,No,No,Month-to-month,Yes,Bank transfer (automatic),42.45,1150.56,No
customerID-011284,Male,0,No,No,6,Yes,No,DSL,No,No,Yes,No,No,No,One year,No,Mailed check,,227.03,No
customerID-011287,Male,1,No,No,4,Yes,No,DSL,Yes,Yes,Yes,No,No,No,Month-to-month,Yes,Bank transfer (automatic),36.72,1879.54,No
customerID-011290,Male,1,No,No,9,No,No,DSL,Yes,No,No,No,No,Yes,Month-to-month,Yes,Mailed check,53.34,941.08,Yes
customerID-011292,Female,0,No,No,5,Yes,No,DSL,Yes,No,No,No,No,No,Month-to-month,Yes,Bank transfer (automatic),51.84,679.4,No
customerID-011297,Female,0,No,No,26,Yes,No phone service,Fiber optic,No,No,No,No,No,No,Month-to-month,Yes,Credit card (automatic),48.64,1651.1,No
customerID-011298,Male,1,No,No,10,Yes,No phone service,DSL,No,No,Yes,Yes,No,No,One year,Yes,Mailed check,87.29,441.09,No
customerID-011300,Female,1,No,No,7,No,No phone service,DSL,Yes,Yes,Yes,No,No,Yes,One year,Yes,Mailed check,54.91,417.61,No
customerID-011303,Male,0,Yes,No,89,Yes,No,Fiber optic,No,Yes,Yes,Yes,No,No,Month-to-month,No,Electronic check,73.46,1193.95,No
customerID-011308,Female,0,No,No,4,Yes,No phone service,DSL,Yes,No,Yes,No,No,No,Month-to-month,No,Electronic check,12.47,3384.99,No
customerID-011312,Male,1,No,No,9,Yes,No phone service,DSL,No,No,Yes,No,Yes,No,One year,Yes,Bank transfer (automatic),51.17,376.88,No
customerID-011314,Male,0,No,No,27,No,No,DSL,No,No,No,Yes,Yes,Yes,One year,No,Bank transfer (automatic),7.2,99.2,No
customerID-011317,Male,0,No,No,16,Yes,Yes,Fiber optic,No,Yes,No,No,No,No,Month-to-month,Yes,Electronic check,55.46,1180.65,No
customerID-011319,Male,0,No,No,,No,No,Fiber optic,No,No,Yes,Yes,No,Yes,Month-to-month,Yes,Mailed check,48.14,576.54,No
customerID-011323,Male,1,No,No,44,No,No,DSL,No,Yes,Yes,No,No,No,One year,No,Mailed check,59.96,939.52,Yes
customerID-011325,Female,0,No,No,8,No,No,Fiber optic,Yes,Yes,Yes,Yes,No,No,One year,Yes,Mailed check,49.39,1311.25,No
customerID-011327,Male,1,No,No,8,Yes,No,DSL,Yes,No,No,No,Yes,No,One year,Yes,Bank transfer (automatic),34.19,598.89,No
customerID-011328,Male,0,Yes,No,19,Yes,No,DSL,No,Yes,Yes,No,No,No,Month-to-month,No,Electronic check,,189.24,No
customerID-011330,Male,0,Yes,No,4,Yes,No,DSL,Yes,Yes,No,No,No,Yes,One year,No,Electronic check,35.29,277.69,No
customerID-011333,Female,0,No,No,22,Yes,No,DSL,Yes,No,Yes,Yes,No,Yes,Month-to-month,No,Bank transfer (automatic),68.01,2671.59,No
customerID-011341,Male,0,Yes,No,4,Yes,Yes,DSL,No,No,No,Yes,Yes,No,One year,No,Bank transfer (automatic),84.44,692.1,No
customerID-011349,Male,0,No,No,15,No,No,Fiber optic,Yes,No,Yes,No,No,Yes,Month-to-month,Yes,Credit card (automatic),32.9,343.79,No
customerID-011350,Male,0,No,No,6,No,No phone service,DSL,Yes,No,No,No,No,Yes,Month-to-month,No,Credit card (automatic),46.06,1538.33,No
customerID-011356,Male,2,No,No,6,No,No phone service,DSL,Yes,Yes,No,Yes,No,No,Month-to-month,Yes,Mailed check,98.49,386.78,No
customerID-011360,Male,1,No,No,10,Yes,No,DSL,Yes,Yes,Yes,Yes,No,No,Month-to-month,Yes,Mailed check,,913.02,No
customerID-011361,Male,0,Yes,No,14,No,Yes,DSL,Yes,Yes,Yes,Yes,Yes,No,Month-to-month,No,Bank transfer (automatic),47.68,349.83,No
customerID-011362,Female,2,No,No,8,Yes,No phone service,DSL,Yes,No,No,No,No,No,Month-to-month,Yes,Mailed check,29.39,895.7,No
customerID-011365,Male,1,No,No,16,Yes,No phone service,DSL,Yes,Yes,No,No,No,No,Month-to-month,Yes,Mailed check,27.99,518.33,No
customerID-011368,Female,0,No,No,17,Yes,No,DSL,No,No,Yes,No,No,Yes,One year,Yes,Bank transfer (automatic),36.46,1747.51,No
customerID-011373,Female,1,Yes,No,2,Yes,No phone service,DSL,Yes,No,Yes,No,Yes,No,Month-to-month,No,Credit card (automatic),160.14,587.42,No
customerID-011375,Female,0,Yes,No,11,No,Yes,DSL,Yes,Yes,No,No,No,No,Month-to-month,Yes,Bank transfer (automatic),33.49,319.67,Yes
customerID-011379,Male,1,No,No,4,Yes,Yes,DSL,Yes,Yes,Yes,No,Yes,Yes,Month-to-month,Yes,Mailed check,39.55,1091.3,No
customerID-011387,Female,0,No,No,11,Yes,Yes,DSL,Yes,No,Yes,No,Yes,No,One year,Yes,Bank transfer (automatic),70.66,726.38,No
customerID-011388,Female,0,No,No,35,No,No phone service,Fiber optic,No,No,Yes,No,No,No,Month-to-month,Yes,Mailed check,29.9,348.91,No
customerID-011389,Male,1,No,No,6,No,No,DSL,Yes,No,Yes,No,No,Yes,One year,No,Mailed check,38.79,2662.6,No
customerID-011391,Female,1,Yes,No,7,Yes,No,DSL,No,No,Yes,No,No,Yes,Month-to-month,Yes,Bank transfer (automatic),,388.06,No
customerID-011392,Male,0,No,No,25,No,Yes,Fiber optic,Yes,No,Yes,No,No,Yes,Month-to-month,No,Mailed check,33.47,654.51,Yes
customerID-011396,Male,0,No,No,13,Yes,No phone service,Fiber optic,Yes,No,Yes,No,No,No,Month-to-month,Yes,Bank transfer (automatic),29.25,927.21,Yes
customerID-011397,Male,0,No,No,8,No,Yes,DSL,Yes,Yes,Yes,No,No,No,One year,Yes,Mailed check,113.87,212.23,Yes
customerID-011398,Male,0,No,No,82,Yes,No,DSL,Yes,No,Yes,No,No,No,Month-to-month,Yes,Mailed check,91.9,327.82,No
customerID-011400,Male,0,Yes,No,29,No,No phone service,DSL,No,No,No,No,Yes,No,Month-to-month,Yes,Mailed check,20.87,432.04,No
customerID-011404,Female,0,No,No,18,No,No,DSL,Yes,Yes,No,No,No,Yes,One year,No,Mailed check,33.82,2041.33,No
customerID-011405,Male,0,No,No,3,Yes,No,DSL,No,No,No,No,No,Yes,Month-to-month,No,Electronic check,35.61,674.55,No
customerID-011406,Female,1,Yes,No,30,No,No phone service,Fiber optic,Yes,No,Yes,Yes,No,No,Month-to-month,Yes,Electronic check,52.03,257.3,No
customerID-011407,Female,0,No,No,78,No,No phone service,DSL,Yes,Yes,No,No,Yes,No,Month-to-month,No,Electronic check,82.2,388.59,Yes
customerID-011410,Male,0,No,No,4,Yes,No phone service,DSL,Yes,No,Yes,No,No,No,One year,Yes,Mailed check,23.59,1793.01,No
customerID-011411,Female,3,No,No,4,Yes,Yes,DSL,No,No,Yes,Yes,No,No,One year,No,Bank transfer (automatic),50.24,217.44,No
customerID-011416,Male,1,No,No,21,Yes,No phone service,Fiber optic,Yes,No,No,No,Yes,No,One year,Yes,Mailed check,111.58,696.5,No
customerID-011419,Female,0,No,No,3,Yes,No phone service,DSL,Yes,Yes,Yes,Yes,Yes,No,Month-to-month,No,Mailed check,57.24,1030.57,No
customerID-011420,Male,0,No,No,2,Yes,Yes,DSL,No,No,No,No,Yes,No,Month-to-month,No,Mailed check,39.18,369.14,No
customerID-011425,Male,1,No,No,7,Yes,No,Fiber optic,Yes,No,Yes,No,Yes,No,One year,Yes,Electronic check,34.59,3192.33,No
customerID-011427,Female,0,Yes,No,8,Yes,No phone service,Fiber optic,Yes,No,Yes,Yes,No,No,Month-to-month,Yes,Credit card (automatic),72.51,2816.63,No
customerID-011429,Male,0,No,No,62,Yes,No,DSL,No,No,No,Yes,No,No,Month-to-month,No,Mailed check,28.7,1852.26,No
customerID-011432,Female,0,Yes,No,9,No,No phone service,Fiber optic,No,Yes,No,No,No,No,Month-to-month,Yes,Credit card (automatic),65.59,316.68,No
customerID-011433,Female,0,Yes,No,10,Yes,No phone service,DSL,No,No,Yes,No,No,No,One year,No,Mailed check,25.91,1435.98,No
customerID-011436,Male,1,No,No,4,Yes,No phone service,DSL,No,No,Yes,Yes,No,No,One year,No,Credit card (automatic),25.26,416.07,No
customerID-011437,Male,2,Yes,No,8,No,No,DSL,Yes,Yes,No,No,No,No,One year,No,Mailed check,23.23,269.79,No
customerID-011438,Male,0,No,No,38,Yes,No phone service,DSL,Yes,No,Yes,No,No,No,One year,No,Mailed check,58.08,324.45,No
customerID-011439,Female,1,No,No,11,No,Yes,DSL,Yes,No,No,No,No,No,Month-to-month,Yes,Credit card (automatic),70.27,220.5,No
customerID-011443,Male,0,No,No,14,No,No phone service,Fiber optic,Yes,No,Yes,Yes,No,Yes,Month-to-month,No,Mailed check,31.57,2369.26,No
customerID-011446,Male,1,No,No,2,No,No,Fiber optic,No,No,Yes,No,No,No,Month-to-month,Yes,Credit card (automatic),85.57,680.0,No
customerID-011451,Male,0,Yes,No,10,No,No,Fiber optic,Yes,Yes,No,No,No,No,One year,No,Mailed check,34.43,316.02,Yes
customerID-011457,Male,1,No,No,10,Yes,No,DSL,Yes,No,Yes,No,No,No,Month-to-month,No,Electronic check,66.82,286.85,No
customerID-011458,Female,0,No,No,10,Yes,No phone service,DSL,No,Yes,No,No,Yes,Yes,One year,Yes,Mailed check,38.64,632.99,Yes
customerID-011459,Male,1,No,No,4,No,Yes,Fiber optic,Yes,Yes,No,Yes,Yes,Yes,Month-to-month,Yes,Credit card (automatic),169.45,163.01,No
customerID-011460,Female,0,No,No,6,Yes,No,DSL,No,No,No,No,Yes,No,One year,Yes,Mailed check,23.57,251.28,No
customerID-011463,Male,2,No,No,5,No,Yes,DSL,Yes,No,Yes,No,No,No,Month-to-month,Yes,Bank transfer (automatic),15.98,164.48,No
customerID-011464,Female,3,No,No,9,No,No phone service,Fiber optic,Yes,No,No,No,No,No,Month-to-month,No,Credit card (automatic),20.92,2184.12,No
customerID-011470,Female,0,No,No,17,Yes,No phone service,DSL,No,No,Yes,Yes,Yes,Yes,Month-to-month,Yes,Electronic check,109.56,698.22,No
customerID-011473,Male,0,No,No,19,No,Yes,DSL,Yes,No,Yes,No,No,No,One year,Yes,Credit card (automatic),71.39,130.16,Yes
customerID-011475,Female,0,No,No,5,Yes,No phone service,DSL,Yes,No,Yes,No,No,No,One year,Yes,Electronic check,31.93,142.22,No
customerID-011485,Female,0,No,No,4,Yes,No phone service,Fiber optic,Yes,No,Yes,Yes,No,No,Month-to-month,No,Electronic check,37.15,468.24,No
customerID-011487,Female,1,No,No,71,No,No,DSL,Yes,Yes,Yes,No,No,No,Month-to-month,No,Credit card (automatic),33.38,633.5,No
customerID-011495,Female,0,No,No,15,No,No,Fiber optic,Yes,No,Yes,No,No,No,One year,Yes,Credit card (automatic),36.11,576.05,Yes
customerID-011496,Female,1,No,No,3,No,Yes,DSL,Yes,Yes,No,No,No,No,Month-to-month,Yes,Credit card (automatic),53.52,861.9,No
customerID-011497,Male,0,No,No,8,No,No,DSL,Yes,Yes,Yes,No,No,No,Month-to-month,No,Mailed check,62.97,634.9,No
customerID-011499,Male,0,No,No,21,No,No phone service,DSL,Yes,No,No,No,No,No,Month-to-month,Yes,Electronic check,22.87,341.76,No
customerID-011500,Female,1,Yes,No,8,No,No,DSL,Yes,No,No,No,No,Yes,Month-to-month,No,Credit card (automatic),45.31,372.44,No
customerID-011502,Male,1,No,No,89,Yes,No phone service,Fiber optic,Yes,Yes,Yes,No,No,No,One year,No,Mailed check,48.71,131.22,No
customerID-011508,Female,0,No,No,4,Yes,No,DSL,Yes,No,No,Yes,No,Yes,One year,No,Mailed check,15.83,2611.1,No
customerID-011511,Female,0,No,No,28,No,No phone service,DSL,Yes,No,Yes,Yes,No,No,Month-to-month,Yes,Credit card (automatic),114.86,53.32,No
customerID-011521,Female,1,No,No,8,Yes,No phone service,DSL,Yes,No,Yes,No,Yes,No,One year,Yes,Mailed check,,1335.53,No
customerID-011523,Female,1,No,No,4,No,Yes,DSL,Yes,No,No,No,Yes,No,Month-to-month,No,Mailed check,105.36,1449.03,No
customerID-011528,Female,1,No,No,14,Yes,No,DSL,Yes,Yes,Yes,No,No,Yes,One year,Yes,Mailed check,28.8,432.48,No
customerID-011535,Female,1,No,No,13,Yes,No phone service,DSL,Yes,No,No,No,No,No,One year,Yes,Mailed check,99.1,129.58,No
customerID-011538,Male,0,No,No,5,No,No,DSL,Yes,No,Yes,Yes,No,No,Month-to-month,Yes,Credit card (automatic),,978.56,No
customerID-011542,Male,0,No,No,31,Yes,No,DSL,No,Yes,Yes,Yes,No,No,One year,No,Bank transfer (automatic),29.68,1135.22,No
customerID-011543,Female,0,Yes,No,17,Yes,No,DSL,No,Yes,Yes,No,No,No,One year,Yes,Mailed check,20.68,802.09,No
customerID-011544,Female,0,Yes,No,2,Yes,No phone service,DSL,No,Yes,No,Yes,Yes,No,Month-to-month,Yes,Mailed check,50.33,821.17,No
customerID-011545,Male,0,Yes,No,,No,No phone service,DSL,Yes,No,Yes,Yes,No,No,Month-to-month,Yes,Mailed check,42.38,912.11,Yes
customerID-011550,Male,2,No,No,13,Yes,No phone service,Fiber optic,Yes,No,Yes,No,Yes,No,One year,No,Credit card (automatic),38.47,541.94,No
customerID-011554,Male,0,No,No,8,Yes,No phone service,DSL,Yes,No,Yes,No,No,Yes,One year,Yes,Mailed check,34.24,1335.49,No
customerID-011556,Male,0,No,No,13,No,No,DSL,No,No,No,No,No,No,Month-to-month,No,Credit card (automatic),146.31,1016.76,No
customerID-011557,Male,0,No,No,2,Yes,Yes,DSL,No,Yes,Yes,No,Yes,No,Month-to-month,Yes,Credit card (automatic),39.99,1587.54,No
customerID-011560,Male,1,No,No,10,No,No phone service,DSL,Yes,Yes,No,Yes,No,No,One year,Yes,Mailed check,47.82,526.95,No
customerID-011561,Male,0,No,No,11,Yes,No phone service,DSL,Yes,No,No,No,No,Yes,Month-to-month,Yes,Mailed check,31.18,511.47,No
customerID-011563,Male,1,No,No,4,Yes,Yes,Fiber optic,Yes,Yes,Yes,Yes,No,Yes,One year,No,Electronic check,38.09,88.77,No
customerID-011572,Female,0,No,No,49,Yes,No,DSL,Yes,No,Yes,Yes,Yes,No,Month-to-month,No,Mailed check,148.32,469.32,No
customerID-011579,Male,0,No,No,13,Yes,Yes,DSL,Yes,No,No,Yes,No,Yes,Month-to-month,Yes,Electronic check,11.98,1578.61,No
customerID-011580,Male,0,No,No,3,Yes,No phone service,DSL,Yes,Yes,No,No,No,Yes,Month-to-month,No,Electronic check,61.58,559.12,No
customerID-011583,Male,0,No,No,18,Yes,No,DSL,No,No,No,No,Yes,No,Month-to-month,Yes,Bank transfer (automatic),65.81,324.55,No
customerID-011585,Male,1,No,No,5,Yes,Yes,DSL,Yes,No,No,No,Yes,No,One year,No,Bank transfer (automatic),74.04,1085.87,No
customerID-011587,Male,0,Yes,No,9,No,No,DSL,Yes,No,Yes,No,No,No,One year,Yes,Electronic check,68.07,1337.23,No
customerID-011588,Female,0,Yes,No,8,Yes,Yes,Fiber optic,No,Yes,Yes,No,No,No,One year,Yes,Mailed check,,921.26,No
customerID-011589,Male,0,Yes,No,16,No,Yes,Fiber optic,Yes,No,No,No,Yes,No,Month-to-month,Yes,Electronic check,78.82,549.16,No
customerID-011596,Female,1,No,No,16,Yes,No,DSL,No,No,Yes,No,No,No,One year,No,Credit card (automatic),36.9,769.15,No
customerID-011600,Male,0,No,No,16,No,No phone service,DSL,Yes,Yes,Yes,No,No,No,Month-to-month,Yes,Electronic check,114.33,979.48,No
customerID-011603,Female,0,No,No,16,Yes,No phone service,DSL,No,Yes,No,No,No,No,Month-to-month,Yes,Credit card (automatic),40.33,1638.27,No
customerID-011609,Male,1,Yes,No,89,Yes,Yes,DSL,No,No,Yes,Yes,No,Yes,Month-to-month,No,Electronic check,22.42,447.18,No
customerID-011610,Female,0,Yes,No,4,Yes,No,DSL,No,Yes,Yes,No,No,Yes,One year,Yes,Bank transfer (automatic),63.68,937.07,Yes
customerID-011621,Male,1,No,No,48,Yes,No,Fiber optic,Yes,Yes,Yes,Yes,No,No,One year,Yes,Credit card (automatic),87.86,171.88,No
customerID-011622,Female,0,No,No,3,Yes,No,DSL,No,No,No,No,No,No,One year,No,Mailed check,67.98,380.94,No
customerID-011625,Female,1,No,No,3,No,No,DSL,No,Yes,Yes,No,Yes,No,One year,No,Mailed check,43.82,279.81,No
customerID-011627,Female,1,No,No,29,No,Yes,Fiber optic,No,Yes,Yes,No,No,No,Month-to-month,No,Mailed check,48.46,426.02,No
customerID-011632,Male,1,Yes,No,38,Yes,No,DSL,Yes,Yes,Yes,Yes,No,No,One year,Yes,Mailed check,,1266.74,No
customerID-011636,Female,1,No,No,3,Yes,No,DSL,No,Yes,No,No,No,No,Month-to-month,Yes,Bank transfer (automatic),43.75,526.48,No
customerID-011637,Female,1,Yes,No,89,No,No phone service,Fiber optic,No,No,Yes,No,Yes,No,Month-to-month,No,Mailed check,169.45,348.21,No
customerID-011649,Male,0,No,No,83,Yes,Yes,DSL,No,No,Yes,No,No,No,One year,Yes,Electronic check,,3404.29,No
customerID-011651,Male,0,Yes,No,15,No,Yes,DSL,No,No,No,No,Yes,No,Month-to-month,No,Mailed check,79.23,758.64,No
customerID-011654,Female,0,No,No,13,Yes,Yes,DSL,Yes,No,Yes,No,No,No,Month-to-month,Yes,Electronic check,31.36,1628.81,No
customerID-011655,Male,0,Yes,No,21,No,No,DSL,Yes,No,No,Yes,Yes,Yes,One year,Yes,Electronic check,46.8,1260.99,Yes
customerID-011656,Female,0,Yes,No,7,Yes,No phone service,DSL,Yes,No,Yes,No,Yes,No,Month-to-month,Yes,Mailed check,82.04,320.84,No
customerID-011657,Female,0,Yes,No,9,Yes,No phone service,DSL,No,Yes,Yes,No,No,No,Month-to-month,No,Mailed check,21.89,886.15,No
customerID-011658,Female,1,No,No,52,Yes,Yes,DSL,Yes,No,No,No,Yes,No,Month-to-month,Yes,Electronic check,72.85,796.77,No
customerID-011662,Male,0,Yes,No,45,No,No phone service,Fiber optic,Yes,No,Yes,No,No,No,Month-to-month,Yes,Credit card (automatic),33.26,314.71,No
customerID-011664,Female,1,Yes,No,19,No,No,DSL,Yes,Yes,No,No,Yes,No,Month-to-month,Yes,Bank transfer (automatic),59.24,712.65,No
customerID-011665,Male,1,No,No,42,No,Yes,Fiber optic,Yes,No,Yes,No,No,No,Month-to-month,Yes,Mailed check,37.81,1446.67,Yes
customerID-011666,Female,0,Yes,No,40,Yes,No,DSL,Yes,No,Yes,No,Yes,No,Month-to-month,No,Bank transfer (automatic),28.49,3749.15,No
customerID-011667,Female,0,No,No,7,No,No,DSL,Yes,Yes,Yes,Yes,No,Yes,One year,No,Mailed check,31.08,651.83,No
customerID-011669,Female,1,No,No,2,Yes,No,DSL,No,Yes,No,No,Yes,No,One year,Yes,Credit card (automatic),53.36,286.69,No
customerID-011673,Female,0,No,No,10,Yes,No,DSL,No,No,No,Yes,Yes,Yes,One year,Yes,Bank transfer (automatic),85.81,2388.78,No
customerID-011674,Male,1,No,No,13,No,No phone service,DSL,No,Yes,No,Yes,No,Yes,Month-to-month,Yes,Bank transfer (automatic),28.17,517.35,No
customerID-011676,Male,1,No,No,11,No,No,DSL,No,No,No,Yes,No,No,One year,No,Credit card (automatic),,474.6,Yes
customerID-011677,Male,0,No,No,28,No,No,DSL,Yes,Yes,Yes,No,No,No,One year,No,Mailed check,64.77,1322.24,No
customerID-011678,Male,0,No,No,10,Yes,No,DSL,Yes,No,Yes,Yes,No,No,Month-to-month,Yes,Mailed check,85.55,920.35,No
customerID-011679,Female,2,No,No,2,Yes,Yes,DSL,No,Yes,No,No,No,No,One year,No,Mailed check,27.36,692.77,No
customerID-011680,Male,0,No,No,6,No,Yes,DSL,Yes,No,No,Yes,No,Yes,One year,Yes,Electronic check,120.04,3708.26,No
customerID-011683,Male,0,No,No,39,Yes,No phone service,DSL,No,Yes,No,No,No,No,One year,No,Credit card (automatic),127.2,459.03,No
customerID-011686,Female,0,No,No,23,Yes,No,DSL,Yes,Yes,No,Yes,No,No,Month-to-month,No,Mailed check,68.58,3306.66,Yes
customerID-011687,Male,0,Yes,No,15,Yes,No phone service,DSL,Yes,No,No,Yes,No,Yes,Month-to-month,Yes,Bank transfer (automatic),36.02,415.55,No
customerID-011688,Male,0,No,No,28,Yes,No,DSL,No,No,Yes,No,No,Yes,Month-to-month,Yes,Bank transfer (automatic),62.7,1603.87,Yes
customerID-011691,Female,1,No,No,10,No,No phone service,Fiber optic,Yes,No,Yes,No,No,No,Month-to-month,Yes,Bank transfer (automatic),37.95,1778.88,No
customerID-011696,Male,0,No,No,19,Yes,Yes,DSL,Yes,Yes,Yes,Yes,Yes,No,Month-to-month,Yes,Bank transfer (automatic),56.46,184.03,Yes
customerID-011699,Male,0,No,No,10,Yes,No,DSL,No,No,Yes,No,No,No,Month-to-month,Yes,Mailed check,68.85,260.07,No
customerID-011700,Male,1,Yes,No,19,Yes,Yes,DSL,Yes,No,Yes,No,No,No,Month-to-month,Yes,Credit card (automatic),64.15,594.29,Yes
customerID-011711,Male,0,No,No,14,No,No,DSL,No,No,Yes,No,No,No,Month-to-month,Yes,Credit card (automatic),63.27,198.48,No
customerID-011713,Male,0,No,No,6,Yes,No,DSL,Yes,No,Yes,Yes,No,No,Month-to-month,Yes,Electronic check,44.0,2132.44,No
customerID-011715,Female,1,No,No,3,Yes,No,DSL,Yes,Yes,Yes,No,Yes,Yes,Month-to-month,Yes,Mailed check,53.54,3749.15,No
customerID-011716,Male,0,No,No,2,No,No,DSL,No,No,Yes,No,No,Yes,Month-to-month,No,Credit card (automatic),97.11,374.05,No
customerID-011719,Male,0,Yes,No,89,Yes,No phone service,Fiber optic,No,No,Yes,Yes,No,No,Month-to-month,Yes,Electronic check,20.56,240.15,Yes
customerID-011721,Male,0,No,No,15,No,No phone service,Fiber optic,No,Yes,Yes,Yes,No,Yes,One year,Yes,Electronic check,44.41,130.89,No
customerID-011723,Female,0,No,No,31,No,No phone service,DSL,Yes,Yes,Yes,No,Yes,No,One year,Yes,Mailed check,74.74,1496.47,No
customerID-011726,Male,1,No,No,9,Yes,No,DSL,No,Yes,Yes,No,No,No,Month-to-month,No,Electronic check,34.1,796.14,No
customerID-011727,Female,0,No,No,32,No,Yes,DSL,Yes,Yes,No,No,No,No,One year,No,Credit card (automatic),36.5,1358.03,Yes
customerID-011730,Male,3,No,No,17,No,No phone service,DSL,Yes,Yes,Yes,No,No,No,One year,Yes,Electronic check,30.48,378.85,No
customerID-011732,Male,0,No,No,5,No,No phone service,DSL,No,No,No,No,No,No,One year,Yes,Electronic check,110.65,811.97,No
customerID-011738,Female,0,No,No,13,No,No,DSL,Yes,No,Yes,No,No,No,One year,No,Mailed check,38.61,3740.22,No
customerID-011746,Male,1,No,No,10,Yes,No,DSL,No,Yes,Yes,No,Yes,No,One year,No,Mailed check,32.98,139.2,No
customerID-011747,Female,0,No,No,82,Yes,No,Fiber optic,No,No,No,No,Yes,No,One year,No,Credit card (automatic),,662.45,No
customerID-011765,Male,0,Yes,No,11,Yes,No,DSL,Yes,No,No,Yes,No,No,Month-to-month,Yes,Bank transfer (automatic),52.03,438.37,No
customerID-011766,Male,0,Yes,No,62,No,No,Fiber optic,Yes,No,No,No,No,Yes,Month-to-month,Yes,Bank transfer (automatic),45.08,1366.0,Yes
customerID-011770,Female,0,No,No,24,Yes,No phone service,DSL,No,Yes,No,Yes,No,No,Month-to-month,Yes,Electronic check,22.41,910.06,No
customerID-011772,Female,0,No,No,21,Yes,No phone service,DSL,No,Yes,No,Yes,No,No,Month-to-month,Yes,Bank transfer (automatic),16.17,400.45,No
customerID-011775,Male,0,No,No,8,No,No phone service,Fiber optic,No,No,Yes,No,Yes,No,Month-to-month,No,Electronic check,,601.39,No
customerID-011777,Female,0,No,No,2,No,No phone service,DSL,Yes,Yes,Yes,Yes,No,No,Month-to-month,No,Electronic check,55.58,2464.56,Yes
customerID-011779,Female,0,No,No,10,Yes,No,DSL,No,No,Yes,Yes,No,No,One year,Yes,Mailed check,61.03,202.42,No
customerID-011782,Male,1,Yes,No,3,No,Yes,DSL,No,No,Yes,No,Yes,No,Month-to-month,No,Mailed check,36.82,432.94,No
customerID-011788,Female,1,No,No,8,Yes,No,DSL,No,Yes,Yes,Yes,No,Yes,One year,Yes,Electronic check,42.5,359.87,No
customerID-011789,Female,0,No,No,9,No,Yes,DSL,No,No,Yes,Yes,Yes,No,Month-to-month,Yes,Credit card (automatic),37.54,1095.96,No
customerID-011798,Male,0,No,No,5,Yes,No phone service,DSL,Yes,No,Yes,No,Yes,No,Month-to-month,Yes,Credit card (automatic),108.57,2422.47,No
customerID-011799,Male,0,No,No,3,No,Yes,DSL,Yes,Yes,No,Yes,No,No,Month-to-month,No,Credit card (automatic),26.72,398.5,Yes
customerID-011801,Female,0,No,No,3,Yes,No phone service,DSL,Yes,No,Yes,No,No,No,Month-to-month,Yes,Bank transfer (automatic),103.4,305.38,No
customerID-011802,Male,2,Yes,No,10,Yes,No phone service,Fiber optic,Yes,No,Yes,No,No,No,One year,No,Credit card (automatic),40.66,1463.8,No
customerID-011808,Male,0,No,No,23,No,No phone service,DSL,Yes,No,Yes,No,Yes,No,Month-to-month,Yes,Mailed check,79.73,1062.33,No
customerID-011811,Female,1,No,No,5,No,Yes,DSL,No,No,Yes,No,No,No,One year,Yes,Bank transfer (automatic),34.02,317.6,No
customerID-011812,Male,0,No,No,60,Yes,No phone service,DSL,No,Yes,Yes,No,No,No,Month-to-month,No,Mailed check,76.64,1330.4,No
customerID-011813,Male,1,Yes,No,23,No,No phone service,DSL,Yes,No,No,No,No,Yes,One year,No,Credit card (automatic),128.1,1942.74,No
customerID-011817,Male,1,Yes,No,56,Yes,Yes,DSL,Yes,No,No,No,No,Yes,One year,Yes,Electronic check,,995.44,Yes
customerID-011819,Male,1,No,No,4,Yes,No,DSL,No,Yes,Yes,No,Yes,Yes,One year,No,Electronic check,,379.4,No
customerID-011820,Female,0,No,No,9,No,No,DSL,No,Yes,Yes,No,No,Yes,Month-to-month,Yes,Electronic check,42.22,369.03,No
customerID-011821,Male,0,No,No,8,Yes,Yes,DSL,Yes,Yes,Yes,No,Yes,Yes,One year,No,Credit card (automatic),99.16,1420.76,No
customerID-011828,Male,1,No,No,39,Yes,No,DSL,Yes,No,No,No,No,No,One year,No,Credit card (automatic),53.41,798.36,No
customerID-011829,Male,1,No,No,5,No,No,DSL,Yes,No,Yes,No,Yes,No,One year,No,Mailed check,26.65,1013.86,No
customerID-011835,Male,1,No,No,12,No,No phone service,DSL,No,Yes,No,No,No,No,Month-to-month,Yes,Bank transfer (automatic),,765.95,No
customerID-011841,Female,0,No,No,14,No,No phone service,Fiber optic,Yes,No,No,No,No,No,Month-to-month,No,Bank transfer (automatic),,871.74,No
customerID-011842,Female,0,Yes,No,15,Yes,No phone service,Fiber optic,Yes,No,Yes,No,Yes,Yes,Month-to-month,No,Mailed check,39.93,657.12,No
customerID-011843,Male,0,No,No,11,No,No,DSL,Yes,Yes,No,No,No,Yes,One year,No,Mailed check,20.83,486.19,No
customerID-011848,Male,0,No,No,3,Yes,No phone service,Fiber optic,Yes,No,Yes,No,Yes,No,Month-to-month,Yes,Bank transfer (automatic),60.0,352.18,No
customerID-011852,Male,0,No,No,7,Yes,Yes,Fiber optic,No,Yes,No,No,No,Yes,One year,No,Mailed check,,178.43,No
customerID-011853,Male,0,Yes,No,9,Yes,No,Fiber optic,Yes,No,No,No,No,No,Month-to-month,Yes,Electronic check,,790.67,No
customerID-011855,Male,1,No,No,23,Yes,No,Fiber optic,No,No,Yes,Yes,No,Yes,Month-to-month,Yes,Mailed check,121.17,458.24,No
customerID-011861,Male,0,No,No,10,No,No phone service,DSL,Yes,No,No,Yes,Yes,No,Month-to-month,Yes,Electronic check,13.24,954.02,No
customerID-011862,Male,0,No,No,14,Yes,Yes,DSL,No,Yes,Yes,No,No,Yes,Month-to-month,Yes,Mailed check,16.93,172.26,No
customerID-011863,Male,0,Yes,No,1,No,No,DSL,Yes,No,No,No,Yes,No,Month-to-month,Yes,Mailed check,57.43,871.93,No
customerID-011867,Male,1,No,No,21,No,Yes,DSL,Yes,Yes,No,Yes,No,No,One year,No,Bank transfer (automatic),44.39,737.16,Yes
customerID-011868,Female,0,No,No,11,Yes,No phone service,Fiber optic,No,No,Yes,No,No,No,Month-to-month,Yes,Electronic check,26.79,177.4,No
customerID-011870,Male,0,No,No,9,Yes,Yes,DSL,Yes,Yes,No,Yes,Yes,No,Month-to-month,No,Credit card (automatic),84.88,1501.05,No
customerID-011871,Female,0,No,No,7,Yes,No phone service,DSL,Yes,Yes,No,Yes,Yes,No,Month-to-month,No,Electronic check,75.58,758.69,No
customerID-011873,Male,0,Yes,No,7,No,Yes,DSL,Yes,Yes,Yes,Yes,No,No,Month-to-month,Yes,Mailed check,105.07,420.23,No
customerID-011875,Female,2,No,No,8,Yes,No,Fiber optic,Yes,No,Yes,Yes,No,No,One year,No,Bank transfer (automatic),53.27,1102.33,No
customerID-011879,Male,0,No,No,18,Yes,Yes,DSL,Yes,Yes,Yes,No,No,No,Month-to-month,No,Mailed check,14.51,400.65,No
customerID-011887,Male,1,No,No,7,No,No phone service,DSL,No,No,No,No,Yes,Yes,Month-to-month,No,Bank transfer (automatic),42.15,1022.4,Yes
customerID-011888,Female,0,No,No,18,No,No phone service,DSL,No,Yes,Yes,No,No,No,One year,Yes,Mailed check,83.64,1801.16,No
customerID-011890,Female,2,No,No,13,Yes,No phone service,DSL,Yes,No,No,No,No,No,One year,No,Mailed check,36.42,624.0,No
customerID-011891,Male,2,Yes,No,30,No,Yes,DSL,Yes,Yes,No,No,No,Yes,Month-to-month,Yes,Bank transfer (automatic),27.72,455.09,Yes
customerID-011892,Male,0,No,No,9,Yes,No phone service,DSL,No,No,Yes,No,No,Yes,Month-to-month,No,Bank transfer (automatic),53.68,155.69,No
customerID-011893,Female,0,Yes,No,5,No,No phone service,DSL,Yes,No,No,Yes,No,No,One year,No,Bank transfer (automatic),68.43,726.81,No
customerID-011898,Male,1,No,No,7,Yes,No,DSL,Yes,No,Yes,No,No,No,Month-to-month,Yes,Electronic check,41.31,508.8,No
customerID-011900,Male,0,Yes,No,16,Yes,No phone service,DSL,Yes,Yes,No,No,Yes,Yes,One year,Yes,Bank transfer (automatic),35.64,1296.61,No
customerID-011903,Female,0,Yes,No,9,Yes,No phone service,Fiber optic,Yes,No,Yes,No,No,No,Month-to-month,Yes,Electronic check,133.72,97.95,No
customerID-011907,Male,0,No,No,,Yes,No,DSL,No,No,Yes,No,No,No,Month-to-month,No,Mailed check,,1225.05,No
customerID-011909,Female,1,Yes,No,2,Yes,No,Fiber optic,No,No,Yes,No,No,No,One year,Yes,Bank transfer (automatic),43.88,87.95,No
customerID-011921,Male,1,Yes,No,6,No,No phone service,DSL,Yes,Yes,No,Yes,Yes,Yes,Month-to-month,No,Credit card (automatic),21.22,540.33,Yes
customerID-011923,Male,0,No,No,8,No,No,DSL,Yes,Yes,No,Yes,No,No,Month-to-month,Yes,Electronic check,78.88,738.77,No
customerID-011926,Female,1,No,No,1,Yes,No,DSL,Yes,No,Yes,No,No,No,One year,Yes,Mailed check,61.06,858.44,No
customerID-011929,Male,0,No,No,25,Yes,Yes,DSL,No,No,Yes,No,No,No,One year,No,Bank transfer (automatic),26.93,422.04,No
customerID-011932,Male,1,No,No,3,No,No phone service,DSL,Yes,No,Yes,No,Yes,Yes,One year,Yes,Electronic check,67.22,1328.04,No
customerID-011938,Female,0,Yes,No,9,No,No,DSL,No,Yes,Yes,No,No,No,Month-to-month,No,Credit card (automatic),44.25,467.77,Yes
customerID-011947,Male,1,No,No,11,No,Yes,DSL,Yes,No,Yes,Yes,No,No,One year,Yes,Electronic check,29.83,908.27,No
customerID-011949,Male,1,No,No,13,Yes,No,DSL,No,No,No,No,No,Yes,Month-to-month,Yes,Mailed check,67.13,1388.32,No
customerID-011953,Female,1,No,No,3,No,No phone service,DSL,Yes,Yes,Yes,No,No,No,Month-to-month,Yes,Mailed check,127.99,704.97,No
customerID-011954,Male,1,No,No,17,Yes,Yes,DSL,Yes,Yes,No,Yes,No,No,Month-to-month,Yes,Bank transfer (automatic),,179.06,No
customerID-011967,Male,0,Yes,No,11,Yes,No,DSL,Yes,No,Yes,No,No,Yes,One year,Yes,Credit card (automatic),26.01,494.05,No
customerID-011968,Female,0,No,No,6,No,No phone service,DSL,No,No,No,Yes,Yes,No,Month-to-month,No,Credit card (automatic),44.74,520.77,No
customerID-011971,Male,0,No,No,,No,No,DSL,Yes,Yes,No,No,No,Yes,Month-to-month,No,Bank transfer (automatic),11.3,1839.11,No
customerID-011973,Male,0,No,No,3,No,No,Fiber optic,No,Yes,No,No,No,No,One year,No,Electronic check,169.45,276.85,No
customerID-011976,Female,0,No,No,34,No,No,DSL,Yes,No,No,No,Yes,No,One year,Yes,Credit card (automatic),45.86,371.49,No
customerID-011983,Male,0,No,No,9,No,No,Fiber optic,No,No,No,No,No,Yes,One year,Yes,Electronic check,19.5,2432.93,No
customerID-011984,Female,0,No,No,5,No,No phone service,Fiber optic,Yes,No,Yes,Yes,No,No,Month-to-month,Yes,Bank transfer (automatic),28.67,869.2,No
customerID-011988,Male,0,No,No,7,Yes,No,DSL,Yes,Yes,Yes,No,No,No,One year,Yes,Credit card (automatic),145.66,571.64,No
customerID-011993,Male,2,No,No,10,No,No phone service,DSL,Yes,Yes,Yes,No,No,No,One year,Yes,Mailed check,65.33,843.68,No
customerID-011998,Female,0,No,No,3,Yes,Yes,Fiber optic,Yes,No,Yes,No,No,No,Month-to-month,Yes,Mailed check,51.05,557.81,No
