id,Gender,Age,Driving_License,Region_Code,Previously_Insured,Vehicle_Age,Vehicle_Damage,Annual_Premium,Policy_Sales_Channel,Vintage,Response
200,Female,42,1,28.0,0,1-2 Year,Yes,40613.0,124.0,242,0
226,Female,53,1,28.0,1,1-2 Year,No,44313.0,61.0,33,0
326,Female,24,1,33.0,1,< 1 Year,No,32219.0,152.0,45,0
439,Female,24,1,46.0,1,< 1 Year,No,25784.0,152.0,128,0
526,Female,25,1,47.0,0,< 1 Year,Yes,40374.0,152.0,246,0
593,Male,26,1,30.0,1,< 1 Year,No,22102.0,152.0,97,0
649,Male,55,1,28.0,1,1-2 Year,No,67745.0,124.0,93,0
677,Female,35,1,35.0,0,1-2 Year,Yes,37646.0,26.0,198,0
685,Male,36,1,35.0,0,1-2 Year,Yes,25017.0,124.0,203,0
799,Female,23,1,8.0,1,< 1 Year,No,50423.0,152.0,73,0
898,Male,41,1,45.0,0,1-2 Year,Yes,26978.0,25.0,213,0
912,Male,72,1,28.0,0,> 2 Years,Yes,54468.0,122.0,129,1
992,Male,66,1,3.0,1,1-2 Year,No,2630.0,26.0,240,0
1038,Female,28,1,28.0,1,< 1 Year,No,45896.0,152.0,215,0
1185,Female,24,1,15.0,0,< 1 Year,Yes,47809.0,152.0,24,0
1221,Female,22,1,15.0,1,< 1 Year,Yes,42142.0,152.0,182,0
1308,Male,23,1,8.0,0,< 1 Year,Yes,37969.0,152.0,143,0
1473,Female,25,1,37.0,1,< 1 Year,No,31480.0,152.0,171,0
1593,Female,21,1,47.0,1,< 1 Year,No,22822.0,152.0,273,0
1597,Female,23,1,28.0,0,1-2 Year,Yes,46009.0,26.0,132,0
1610,Female,42,1,8.0,0,1-2 Year,Yes,29277.0,26.0,141,1
1619,Male,70,1,46.0,1,1-2 Year,No,41979.0,11.0,257,0
1659,Female,53,1,8.0,0,1-2 Year,Yes,42065.0,26.0,160,0
1705,Male,26,1,28.0,1,< 1 Year,No,55904.0,152.0,67,0
1729,Male,64,1,28.0,0,1-2 Year,Yes,26678.0,26.0,93,0
1854,Female,50,1,28.0,0,1-2 Year,Yes,38175.0,124.0,166,0
1897,Male,63,1,28.0,0,> 2 Years,Yes,34052.0,139.0,59,0
2003,Female,52,1,12.0,0,1-2 Year,Yes,2630.0,154.0,217,1
2036,Male,46,1,47.0,0,1-2 Year,Yes,33137.0,26.0,149,1
2082,Female,47,1,28.0,0,> 2 Years,Yes,32414.0,122.0,156,0
2266,Male,22,1,41.0,0,< 1 Year,Yes,55839.0,152.0,82,0
2378,Male,74,1,8.0,0,1-2 Year,Yes,41438.0,26.0,50,1
2474,Female,59,1,43.0,1,1-2 Year,No,2630.0,23.0,119,0
2665,Male,53,1,28.0,0,1-2 Year,Yes,53638.0,26.0,154,0
2812,Female,75,1,50.0,0,1-2 Year,Yes,47238.0,116.0,285,0
2825,Female,26,1,8.0,0,< 1 Year,Yes,30708.0,152.0,285,0
2861,Female,48,1,28.0,0,1-2 Year,Yes,40885.0,124.0,68,0
3073,Female,23,1,8.0,0,< 1 Year,Yes,64605.0,152.0,225,0
3115,Male,37,1,8.0,0,1-2 Year,Yes,42741.0,124.0,233,1
3156,Female,36,1,11.0,1,1-2 Year,No,30487.0,154.0,255,0
3336,Female,62,1,28.0,0,1-2 Year,Yes,41804.0,122.0,119,0
3371,Female,43,1,28.0,0,1-2 Year,Yes,40526.0,26.0,42,1
3396,Male,45,1,28.0,1,1-2 Year,No,64325.0,124.0,277,0
3412,Male,25,1,5.0,0,< 1 Year,Yes,22010.0,152.0,100,0
3454,Female,23,1,27.0,1,< 1 Year,No,2630.0,152.0,134,0
3543,Male,59,1,45.0,0,1-2 Year,Yes,2630.0,154.0,72,0
3557,Male,69,1,0.0,0,1-2 Year,Yes,2630.0,26.0,33,0
3577,Male,80,1,28.0,0,1-2 Year,Yes,57549.0,157.0,164,0
3587,Male,52,1,2.0,0,1-2 Year,Yes,39250.0,124.0,232,0
3700,Male,34,1,28.0,1,1-2 Year,No,30675.0,152.0,280,0
3730,Female,30,1,41.0,1,< 1 Year,No,36013.0,152.0,260,0
3750,Female,30,1,3.0,1,< 1 Year,No,27336.0,152.0,22,0
3892,Female,21,1,50.0,1,< 1 Year,No,25237.0,152.0,263,0
3993,Female,70,1,28.0,1,1-2 Year,No,46613.0,26.0,213,0
4124,Male,28,1,28.0,1,< 1 Year,No,50044.0,26.0,63,0
4274,Male,67,1,50.0,0,1-2 Year,Yes,33942.0,8.0,124,0
4282,Male,31,1,28.0,0,< 1 Year,Yes,42184.0,163.0,133,0
4477,Male,70,1,28.0,1,1-2 Year,Yes,35873.0,124.0,223,0
4588,Female,39,1,28.0,0,1-2 Year,Yes,33817.0,26.0,232,1
4678,Female,51,1,28.0,0,1-2 Year,Yes,31738.0,26.0,153,0
4794,Female,48,1,37.0,1,1-2 Year,No,2630.0,160.0,108,0
5046,Female,22,1,8.0,0,< 1 Year,Yes,39632.0,152.0,265,0
5122,Female,51,1,28.0,0,1-2 Year,Yes,34312.0,26.0,293,1
5140,Female,32,1,36.0,0,< 1 Year,Yes,43247.0,26.0,225,0
5157,Female,20,1,35.0,1,< 1 Year,No,30492.0,160.0,294,0
5240,Male,48,1,14.0,0,1-2 Year,Yes,37018.0,157.0,74,1
5258,Female,79,1,8.0,0,1-2 Year,No,42656.0,7.0,140,0
5329,Male,55,1,28.0,1,1-2 Year,No,24317.0,26.0,139,0
5397,Female,22,1,47.0,0,< 1 Year,Yes,28013.0,152.0,225,0
5575,Male,33,1,28.0,1,< 1 Year,No,37736.0,152.0,50,0
5714,Female,64,1,18.0,0,1-2 Year,Yes,25709.0,124.0,255,0
5724,Male,39,1,29.0,0,1-2 Year,Yes,2630.0,156.0,128,0
5849,Male,24,1,47.0,0,< 1 Year,Yes,31630.0,152.0,80,0
5948,Female,61,1,28.0,0,1-2 Year,Yes,36920.0,13.0,143,0
5988,Male,61,1,39.0,0,1-2 Year,Yes,2630.0,156.0,72,1
6047,Male,63,1,41.0,1,1-2 Year,No,46949.0,136.0,139,0
6064,Male,28,1,11.0,0,< 1 Year,Yes,2630.0,156.0,126,1
6082,Male,32,1,23.0,0,< 1 Year,Yes,33302.0,124.0,215,0
6355,Male,59,1,39.0,0,1-2 Year,No,2630.0,30.0,248,0
6415,Male,27,1,8.0,1,< 1 Year,No,35391.0,152.0,286,0
6434,Male,27,1,8.0,0,< 1 Year,No,29377.0,152.0,195,0
6503,Male,37,1,28.0,1,1-2 Year,No,45395.0,122.0,43,0
6528,Male,56,1,44.0,0,1-2 Year,Yes,39159.0,154.0,69,1
6612,Male,41,1,8.0,0,1-2 Year,Yes,40147.0,163.0,39,0
6680,Male,42,1,12.0,0,1-2 Year,Yes,2630.0,124.0,165,0
6681,Female,24,1,46.0,1,< 1 Year,No,25888.0,152.0,271,0
6790,Male,76,1,28.0,1,1-2 Year,No,52267.0,30.0,232,0
6875,Female,55,1,28.0,0,> 2 Years,Yes,38657.0,26.0,70,0
7020,Female,41,1,0.0,0,1-2 Year,Yes,2630.0,122.0,109,0
7219,Male,24,1,8.0,1,< 1 Year,No,44448.0,152.0,102,0
7340,Male,27,1,13.0,1,< 1 Year,No,37713.0,152.0,19,0
7511,Female,75,1,28.0,1,1-2 Year,No,37056.0,26.0,263,0
7530,Male,42,1,28.0,1,1-2 Year,No,2630.0,124.0,114,0
7595,Male,32,1,41.0,0,1-2 Year,Yes,36131.0,26.0,121,1
7795,Male,31,1,50.0,0,1-2 Year,Yes,2630.0,156.0,238,1
7810,Female,26,1,28.0,0,1-2 Year,No,2630.0,158.0,149,0
7875,Female,52,1,50.0,1,1-2 Year,No,32545.0,152.0,198,0
8116,Male,60,1,3.0,0,1-2 Year,Yes,24690.0,124.0,237,0
8270,Male,50,1,11.0,0,1-2 Year,Yes,25622.0,26.0,156,0
8329,Male,43,1,28.0,0,1-2 Year,Yes,29456.0,26.0,87,0
8335,Male,30,1,15.0,0,< 1 Year,Yes,30961.0,152.0,36,0
8394,Male,41,1,28.0,0,1-2 Year,Yes,46500.0,44.0,197,0
8436,Male,76,1,9.0,0,1-2 Year,Yes,2630.0,156.0,163,0
8553,Male,24,1,28.0,1,< 1 Year,No,50391.0,152.0,255,0
8644,Female,26,1,41.0,1,< 1 Year,No,40571.0,152.0,224,0
8777,Male,50,1,29.0,1,1-2 Year,No,39259.0,7.0,147,0
8797,Female,21,1,37.0,0,< 1 Year,Yes,2630.0,160.0,10,0
8810,Female,28,1,30.0,1,< 1 Year,No,36744.0,152.0,12,0
8853,Female,25,1,30.0,1,< 1 Year,Yes,25812.0,152.0,175,0
8857,Female,26,1,11.0,1,< 1 Year,No,39254.0,152.0,200,0
8981,Male,55,1,47.0,0,1-2 Year,Yes,35670.0,124.0,60,1
8988,Female,34,1,15.0,0,1-2 Year,Yes,2630.0,163.0,117,0
9080,Male,22,1,30.0,1,< 1 Year,No,18011.0,152.0,95,0
9246,Male,46,1,48.0,0,1-2 Year,Yes,2630.0,124.0,230,0
9361,Female,43,1,28.0,1,1-2 Year,No,68864.0,124.0,261,0
9416,Female,33,1,28.0,0,1-2 Year,No,2630.0,150.0,117,0
9446,Male,45,1,47.0,1,1-2 Year,No,2630.0,26.0,154,0
9537,Female,51,1,17.0,0,> 2 Years,Yes,68649.0,124.0,132,0
9640,Female,21,1,15.0,1,< 1 Year,No,37860.0,160.0,256,0
9739,Male,69,1,28.0,0,1-2 Year,Yes,48440.0,163.0,143,0
9916,Female,23,1,41.0,1,< 1 Year,No,31006.0,152.0,164,0
9995,Female,35,1,28.0,0,1-2 Year,Yes,34853.0,154.0,21,0
10050,Male,25,1,41.0,0,< 1 Year,Yes,35898.0,154.0,297,0
10060,Male,25,1,50.0,1,< 1 Year,No,101048.0,152.0,255,0
10098,Female,71,1,28.0,1,1-2 Year,No,35360.0,26.0,147,0
10144,Female,54,1,28.0,0,1-2 Year,Yes,70729.0,122.0,243,0
10210,Female,25,1,14.0,1,< 1 Year,No,35140.0,152.0,150,0
10322,Male,67,1,28.0,0,1-2 Year,Yes,48482.0,26.0,39,0
10522,Male,76,1,28.0,0,1-2 Year,Yes,49465.0,26.0,100,0
10586,Male,39,1,10.0,1,1-2 Year,No,2630.0,152.0,57,0
10763,Male,28,1,29.0,0,< 1 Year,Yes,23801.0,152.0,19,1
10777,Male,28,1,48.0,0,1-2 Year,Yes,2630.0,163.0,109,0
10788,Male,38,1,29.0,0,1-2 Year,Yes,25901.0,154.0,116,1
10817,Female,43,1,28.0,0,1-2 Year,Yes,33020.0,54.0,160,0
10908,Male,23,1,11.0,1,< 1 Year,No,22836.0,152.0,228,0
10988,Female,46,1,48.0,0,1-2 Year,Yes,2630.0,103.0,88,0
11040,Female,23,1,35.0,1,< 1 Year,No,24767.0,152.0,298,0
11084,Male,23,1,41.0,1,< 1 Year,No,33155.0,152.0,176,0
11153,Female,29,1,28.0,1,< 1 Year,No,44696.0,152.0,98,0
11154,Male,45,1,2.0,0,1-2 Year,Yes,23766.0,124.0,262,0
11189,Female,32,1,10.0,1,< 1 Year,No,18396.0,152.0,82,0
11224,Male,23,1,8.0,1,< 1 Year,No,38755.0,152.0,52,0
11511,Female,77,1,8.0,1,1-2 Year,No,43837.0,7.0,170,0
11585,Female,25,1,8.0,1,< 1 Year,No,34110.0,152.0,51,0
11615,Female,77,1,37.0,1,1-2 Year,No,28050.0,124.0,92,0
11733,Male,24,1,17.0,1,< 1 Year,No,36693.0,152.0,64,0
11840,Male,70,1,11.0,1,1-2 Year,No,28962.0,26.0,100,0
11897,Male,41,1,4.0,1,1-2 Year,Yes,2630.0,156.0,126,0
11904,Female,48,1,28.0,0,1-2 Year,Yes,90526.0,124.0,69,1
11922,Male,25,1,46.0,0,< 1 Year,Yes,24578.0,26.0,213,0
11937,Male,40,1,0.0,0,1-2 Year,No,2630.0,122.0,204,0
12057,Female,23,1,11.0,1,< 1 Year,No,27280.0,152.0,123,0
12233,Male,57,1,28.0,0,1-2 Year,Yes,45154.0,124.0,180,0
12431,Male,44,1,29.0,0,1-2 Year,Yes,56389.0,26.0,247,0
12458,Female,42,1,46.0,0,1-2 Year,Yes,19203.0,154.0,190,1
12488,Female,38,1,9.0,0,1-2 Year,Yes,30627.0,124.0,97,0
12602,Male,41,1,35.0,0,1-2 Year,Yes,35128.0,124.0,147,1
12688,Female,32,1,15.0,1,< 1 Year,No,2630.0,160.0,30,0
12835,Male,38,1,8.0,1,1-2 Year,No,36047.0,26.0,261,0
12937,Male,58,1,28.0,0,1-2 Year,Yes,60376.0,26.0,74,0
13323,Male,44,1,28.0,1,1-2 Year,No,2630.0,125.0,198,0
13343,Male,25,1,11.0,1,< 1 Year,No,34244.0,152.0,74,0
13370,Female,24,1,11.0,1,< 1 Year,No,31875.0,152.0,78,0
13467,Female,36,1,1.0,0,1-2 Year,Yes,2630.0,31.0,188,0
13527,Female,39,1,38.0,0,1-2 Year,Yes,34944.0,26.0,55,0
13582,Male,48,1,7.0,1,1-2 Year,No,2630.0,124.0,46,0
13613,Male,39,1,33.0,0,1-2 Year,Yes,2630.0,156.0,75,0
13924,Female,23,1,37.0,0,< 1 Year,No,2630.0,152.0,226,0
13992,Male,55,1,29.0,0,1-2 Year,Yes,32603.0,26.0,186,0
14009,Female,27,1,11.0,1,< 1 Year,No,18969.0,152.0,231,0
14057,Male,46,1,50.0,0,1-2 Year,Yes,30226.0,124.0,288,0
14135,Female,38,1,52.0,1,1-2 Year,No,2630.0,26.0,98,0
14159,Female,76,1,28.0,0,1-2 Year,Yes,21549.0,124.0,149,0
14271,Female,38,1,28.0,0,> 2 Years,Yes,95258.0,26.0,135,1
14422,Female,38,1,35.0,0,1-2 Year,No,20103.0,10.0,274,0
14508,Male,46,1,28.0,1,1-2 Year,No,37930.0,124.0,24,0
14522,Male,52,1,28.0,0,1-2 Year,Yes,33167.0,25.0,172,0
14565,Female,50,1,41.0,0,1-2 Year,No,2630.0,26.0,76,0
14641,Female,26,1,13.0,1,< 1 Year,No,33341.0,152.0,39,0
14707,Male,65,1,28.0,0,> 2 Years,Yes,36548.0,26.0,168,0
14715,Female,77,1,28.0,0,1-2 Year,Yes,44692.0,26.0,162,0
14855,Male,29,1,7.0,1,< 1 Year,No,48999.0,152.0,278,0
14923,Female,46,1,20.0,1,1-2 Year,No,2630.0,26.0,140,0
15018,Male,50,1,50.0,0,1-2 Year,Yes,55111.0,124.0,97,0
15054,Male,40,1,39.0,1,1-2 Year,No,33642.0,152.0,171,0
15181,Male,44,1,28.0,0,> 2 Years,Yes,37644.0,26.0,34,1
15183,Male,29,1,3.0,1,< 1 Year,No,51679.0,152.0,37,0
15269,Female,61,1,28.0,0,> 2 Years,Yes,27246.0,155.0,122,0
15313,Male,60,1,28.0,0,> 2 Years,Yes,38620.0,26.0,98,0
15518,Male,45,1,28.0,0,> 2 Years,Yes,36561.0,124.0,203,1
15521,Female,60,1,28.0,0,1-2 Year,Yes,37943.0,26.0,100,0
15655,Male,37,1,28.0,0,1-2 Year,Yes,36823.0,23.0,112,0
15696,Male,21,1,15.0,1,< 1 Year,No,2630.0,160.0,110,0
15698,Female,54,1,28.0,0,1-2 Year,Yes,44551.0,124.0,114,0
15825,Female,21,1,46.0,1,< 1 Year,No,23777.0,152.0,53,0
15991,Female,30,1,21.0,1,< 1 Year,No,32138.0,152.0,47,0
16091,Female,39,1,41.0,0,1-2 Year,Yes,30477.0,124.0,262,1
16356,Female,32,1,28.0,0,< 1 Year,Yes,41264.0,29.0,103,0
16362,Male,39,1,28.0,0,1-2 Year,Yes,45179.0,26.0,237,0
16398,Male,24,1,6.0,1,< 1 Year,No,2630.0,160.0,177,0
16439,Male,22,1,37.0,1,< 1 Year,No,41345.0,152.0,209,0
16566,Female,31,1,28.0,0,1-2 Year,Yes,33427.0,156.0,38,1
16645,Male,72,1,28.0,0,> 2 Years,Yes,30601.0,122.0,177,0
16693,Male,43,1,28.0,0,1-2 Year,No,31571.0,124.0,76,0
16750,Male,24,1,36.0,0,< 1 Year,Yes,30753.0,26.0,276,1
16769,Male,41,1,3.0,1,1-2 Year,No,2630.0,124.0,43,0
16856,Male,21,1,32.0,0,< 1 Year,Yes,34862.0,152.0,185,0
16870,Female,27,1,17.0,1,< 1 Year,No,24539.0,152.0,135,0
16964,Female,26,1,37.0,0,< 1 Year,Yes,32915.0,152.0,249,0
17024,Female,21,1,28.0,0,1-2 Year,Yes,45413.0,156.0,152,0
17154,Male,52,1,28.0,0,1-2 Year,Yes,50883.0,26.0,19,0
17163,Male,42,1,28.0,0,1-2 Year,Yes,43327.0,26.0,135,0
17179,Female,28,1,28.0,1,< 1 Year,No,45310.0,152.0,89,0
17233,Female,29,1,17.0,1,< 1 Year,No,41888.0,152.0,199,0
17241,Male,49,1,28.0,0,1-2 Year,Yes,37993.0,122.0,96,0
17250,Male,47,1,48.0,0,1-2 Year,Yes,2630.0,26.0,48,0
17467,Female,49,1,8.0,1,1-2 Year,No,32211.0,4.0,261,0
17523,Female,25,1,26.0,1,< 1 Year,No,41366.0,152.0,226,0
17561,Male,23,1,15.0,0,< 1 Year,Yes,38924.0,152.0,24,0
17648,Female,21,1,3.0,1,< 1 Year,No,27780.0,160.0,263,0
17806,Male,47,1,41.0,0,1-2 Year,Yes,30667.0,124.0,54,0
17826,Female,35,1,8.0,1,1-2 Year,No,34327.0,4.0,109,0
18168,Male,52,1,28.0,0,1-2 Year,Yes,28680.0,124.0,60,0
18180,Female,37,1,8.0,1,1-2 Year,No,30476.0,124.0,207,0
18244,Male,48,1,30.0,0,1-2 Year,Yes,20583.0,140.0,56,1
18245,Female,23,1,46.0,1,< 1 Year,No,22933.0,152.0,265,0
18317,Female,23,1,18.0,1,< 1 Year,No,28494.0,152.0,291,0
18392,Male,22,1,50.0,1,< 1 Year,No,28674.0,152.0,70,0
18411,Male,34,1,21.0,0,1-2 Year,Yes,2630.0,156.0,65,0
18432,Male,25,1,28.0,0,< 1 Year,Yes,57511.0,124.0,23,0
18456,Male,22,1,47.0,1,< 1 Year,No,40063.0,152.0,93,0
18484,Male,34,1,46.0,0,1-2 Year,Yes,25237.0,124.0,20,0
18572,Male,38,1,31.0,1,1-2 Year,No,2630.0,152.0,292,0
18602,Male,63,1,28.0,0,> 2 Years,Yes,36778.0,26.0,141,0
18660,Male,23,1,18.0,1,< 1 Year,No,32025.0,153.0,179,0
18789,Male,25,1,8.0,1,< 1 Year,No,39396.0,152.0,84,0
18954,Female,22,1,15.0,0,< 1 Year,Yes,25959.0,152.0,132,0
18974,Male,53,1,28.0,1,1-2 Year,No,42925.0,26.0,110,0
19028,Male,56,1,49.0,0,1-2 Year,Yes,29112.0,26.0,149,0
19114,Male,56,1,39.0,1,1-2 Year,No,2630.0,124.0,273,0
19127,Male,73,1,7.0,0,> 2 Years,Yes,2630.0,124.0,266,0
19146,Female,22,1,3.0,1,< 1 Year,No,35425.0,160.0,19,0
19176,Male,61,1,28.0,0,1-2 Year,Yes,29207.0,124.0,215,0
19182,Female,22,1,39.0,1,< 1 Year,No,2630.0,152.0,11,0
19250,Female,59,1,34.0,1,1-2 Year,No,41553.0,124.0,154,0
19278,Female,26,1,50.0,1,< 1 Year,No,30131.0,152.0,148,0
19421,Male,37,1,36.0,0,1-2 Year,No,40091.0,152.0,170,1
19452,Female,37,1,30.0,1,1-2 Year,No,23575.0,152.0,81,0
19648,Female,28,1,28.0,1,< 1 Year,No,41707.0,152.0,92,0
19695,Male,30,1,30.0,0,< 1 Year,Yes,2630.0,156.0,115,0
19720,Female,22,1,6.0,0,< 1 Year,Yes,25108.0,152.0,156,0
19837,Male,21,1,16.0,0,< 1 Year,Yes,25440.0,160.0,286,0
19992,Male,69,1,49.0,0,< 1 Year,No,2630.0,1.0,183,0
20027,Male,38,1,39.0,0,1-2 Year,Yes,2630.0,124.0,177,1
20169,Female,24,1,27.0,0,< 1 Year,No,20517.0,160.0,116,0
20194,Male,51,1,48.0,0,1-2 Year,Yes,2630.0,124.0,254,0
20237,Female,32,1,8.0,0,< 1 Year,No,2630.0,1.0,99,0
20330,Male,42,1,46.0,0,1-2 Year,Yes,23940.0,124.0,244,0
20417,Male,61,1,50.0,0,1-2 Year,Yes,50805.0,26.0,82,0
20540,Female,43,1,36.0,0,1-2 Year,Yes,36864.0,124.0,115,0
20600,Male,44,1,47.0,0,1-2 Year,No,25233.0,152.0,234,0
20653,Male,62,1,28.0,0,1-2 Year,Yes,41181.0,26.0,256,0
20740,Female,37,1,28.0,0,1-2 Year,No,28615.0,122.0,210,0
21041,Female,28,1,28.0,1,< 1 Year,No,71692.0,152.0,63,0
21070,Male,24,1,39.0,0,< 1 Year,Yes,2630.0,160.0,268,0
21085,Female,53,1,28.0,0,1-2 Year,Yes,44590.0,26.0,40,0
21101,Male,36,1,11.0,1,1-2 Year,No,28894.0,124.0,164,0
21245,Female,29,1,28.0,1,< 1 Year,No,42305.0,152.0,123,0
21445,Female,36,1,28.0,0,1-2 Year,Yes,37144.0,26.0,190,1
21533,Male,40,1,47.0,0,> 2 Years,Yes,2630.0,156.0,89,0
21540,Female,24,1,39.0,0,< 1 Year,No,29879.0,151.0,53,0
21648,Male,46,1,31.0,0,1-2 Year,Yes,2630.0,124.0,229,0
21933,Female,43,1,45.0,1,1-2 Year,No,17968.0,152.0,75,0
21944,Male,44,1,3.0,0,1-2 Year,No,27684.0,124.0,101,0
22198,Male,46,1,31.0,1,1-2 Year,No,2630.0,26.0,42,0
22214,Male,60,1,28.0,0,1-2 Year,Yes,33212.0,163.0,250,0
22338,Male,22,1,28.0,1,< 1 Year,No,35659.0,152.0,11,0
22396,Male,71,1,28.0,1,1-2 Year,No,59817.0,26.0,145,0
22499,Male,37,1,46.0,0,1-2 Year,Yes,30479.0,124.0,32,0
22610,Female,34,1,41.0,1,1-2 Year,Yes,44085.0,12.0,252,0
22628,Female,29,1,50.0,1,< 1 Year,No,28105.0,152.0,59,0
22643,Female,52,1,51.0,0,1-2 Year,Yes,36698.0,109.0,154,0
22730,Male,28,1,28.0,1,< 1 Year,No,42186.0,152.0,130,0
22815,Female,29,1,28.0,0,< 1 Year,Yes,2630.0,160.0,251,0
22922,Male,29,1,32.0,0,< 1 Year,Yes,2630.0,152.0,200,0
22941,Female,32,1,30.0,0,1-2 Year,Yes,2630.0,156.0,192,0
22986,Female,22,1,46.0,1,< 1 Year,No,27479.0,152.0,276,0
23053,Female,53,1,28.0,0,1-2 Year,Yes,59782.0,26.0,234,0
23063,Male,24,1,28.0,0,< 1 Year,Yes,44857.0,152.0,181,0
23088,Male,23,1,36.0,1,< 1 Year,No,29309.0,152.0,119,0
23094,Male,52,1,31.0,0,1-2 Year,Yes,2630.0,148.0,35,0
23107,Male,22,1,28.0,1,< 1 Year,No,38192.0,152.0,107,0
23123,Male,47,1,28.0,0,> 2 Years,Yes,29015.0,124.0,285,0
23150,Male,48,1,33.0,0,1-2 Year,Yes,32038.0,124.0,36,0
23152,Female,23,1,18.0,1,< 1 Year,No,29053.0,152.0,70,0
23188,Male,27,1,40.0,0,< 1 Year,Yes,27977.0,152.0,81,0
23421,Male,73,1,28.0,1,1-2 Year,No,58331.0,26.0,166,0
23428,Male,45,1,28.0,0,1-2 Year,Yes,45446.0,26.0,200,0
23524,Female,41,1,19.0,0,1-2 Year,No,28445.0,124.0,160,0
23576,Female,28,1,8.0,1,< 1 Year,No,33175.0,152.0,75,0
23661,Male,21,1,27.0,1,< 1 Year,Yes,2630.0,152.0,248,0
23845,Female,32,1,28.0,0,< 1 Year,Yes,26850.0,124.0,160,0
23897,Male,26,1,28.0,1,< 1 Year,No,49277.0,152.0,233,0
24019,Female,36,1,15.0,1,1-2 Year,No,27114.0,152.0,163,0
24130,Female,76,1,28.0,0,1-2 Year,Yes,30614.0,124.0,116,0
24344,Female,24,1,36.0,0,< 1 Year,Yes,30268.0,152.0,159,0
24457,Female,55,1,28.0,0,1-2 Year,Yes,40643.0,26.0,26,1
24614,Male,31,1,50.0,0,< 1 Year,No,30070.0,152.0,135,0
24676,Female,22,1,46.0,1,< 1 Year,No,21004.0,152.0,297,0
24976,Male,42,1,8.0,0,1-2 Year,Yes,58859.0,124.0,36,1
25063,Female,20,1,8.0,1,< 1 Year,No,36934.0,160.0,47,0
25199,Male,22,1,6.0,1,< 1 Year,No,27922.0,152.0,103,0
25214,Male,55,1,28.0,0,1-2 Year,Yes,43832.0,122.0,168,1
25260,Male,25,1,29.0,1,< 1 Year,No,23931.0,152.0,253,0
25290,Male,55,1,28.0,0,1-2 Year,Yes,55106.0,163.0,55,0
25344,Female,30,1,23.0,0,< 1 Year,Yes,22863.0,152.0,204,1
25393,Female,71,1,28.0,1,1-2 Year,No,42708.0,13.0,53,0
25428,Female,23,1,35.0,1,< 1 Year,No,25803.0,152.0,293,0
25718,Female,47,1,28.0,0,1-2 Year,Yes,62057.0,124.0,279,0
25761,Male,27,1,44.0,0,< 1 Year,Yes,2630.0,156.0,61,0
25782,Female,26,1,8.0,1,< 1 Year,No,28221.0,152.0,109,0
25988,Male,67,1,7.0,0,1-2 Year,Yes,49546.0,26.0,212,0
26220,Female,34,1,8.0,1,1-2 Year,No,27917.0,124.0,250,0
26222,Female,66,1,40.0,0,1-2 Year,No,2630.0,157.0,264,0
26267,Male,24,1,11.0,1,< 1 Year,No,18521.0,152.0,131,0
26429,Male,22,1,33.0,1,< 1 Year,No,2630.0,152.0,196,0
26524,Female,45,1,28.0,0,1-2 Year,Yes,32520.0,26.0,249,0
26728,Male,67,1,33.0,0,1-2 Year,Yes,36537.0,124.0,41,0
26808,Female,23,1,3.0,1,< 1 Year,No,22653.0,152.0,46,0
26823,Female,22,1,27.0,0,< 1 Year,Yes,30689.0,152.0,248,0
26941,Male,65,1,28.0,1,1-2 Year,No,31382.0,26.0,69,0
27332,Male,46,1,28.0,0,1-2 Year,Yes,38285.0,124.0,149,0
27369,Male,39,1,28.0,1,1-2 Year,No,35620.0,26.0,189,0
27444,Female,24,1,18.0,1,< 1 Year,No,31895.0,152.0,200,0
27476,Female,44,1,28.0,1,1-2 Year,No,38176.0,26.0,88,0
27513,Female,43,1,28.0,0,1-2 Year,Yes,37681.0,26.0,102,0
27523,Female,27,1,28.0,1,< 1 Year,No,29743.0,152.0,88,0
27749,Male,30,1,46.0,1,< 1 Year,No,26727.0,154.0,113,0
27753,Male,23,1,28.0,0,< 1 Year,Yes,41749.0,124.0,190,1
27808,Female,28,1,30.0,1,< 1 Year,No,33149.0,152.0,126,0
27826,Male,57,1,37.0,0,1-2 Year,Yes,28581.0,128.0,241,0
27831,Female,37,1,46.0,0,1-2 Year,Yes,2630.0,157.0,123,0
27837,Female,28,1,30.0,1,< 1 Year,No,34289.0,152.0,13,0
27892,Male,23,1,15.0,1,< 1 Year,No,68003.0,152.0,89,0
27922,Female,30,1,28.0,1,< 1 Year,No,58123.0,152.0,285,0
27938,Male,24,1,6.0,1,< 1 Year,No,31518.0,152.0,194,0
27958,Male,32,1,29.0,0,< 1 Year,Yes,2630.0,157.0,171,1
27962,Female,73,1,28.0,1,1-2 Year,Yes,45124.0,122.0,267,0
28089,Female,46,1,28.0,0,1-2 Year,Yes,28611.0,124.0,281,1
28114,Male,25,1,45.0,1,< 1 Year,No,24093.0,152.0,181,0
28141,Male,51,1,14.0,0,1-2 Year,Yes,32200.0,124.0,211,1
28374,Male,43,1,7.0,0,1-2 Year,Yes,43165.0,124.0,232,0
28400,Male,23,1,33.0,1,1-2 Year,No,40759.0,124.0,118,0
28699,Male,35,1,15.0,1,1-2 Year,No,2630.0,152.0,292,0
28772,Female,28,1,47.0,1,< 1 Year,No,56512.0,152.0,160,0
28836,Female,21,1,35.0,1,< 1 Year,No,25775.0,152.0,172,0
28854,Female,45,1,18.0,0,1-2 Year,Yes,52955.0,124.0,80,0
28937,Female,64,1,28.0,0,1-2 Year,Yes,26220.0,124.0,175,0
28938,Male,23,1,8.0,1,< 1 Year,No,30406.0,152.0,103,0
29032,Male,70,1,28.0,0,1-2 Year,Yes,41171.0,124.0,158,0
29101,Female,23,1,41.0,1,< 1 Year,No,30632.0,152.0,48,0
29267,Male,62,1,41.0,0,1-2 Year,Yes,30458.0,26.0,45,1
29565,Male,36,1,50.0,0,1-2 Year,Yes,2630.0,156.0,259,0
29617,Female,30,1,3.0,0,1-2 Year,Yes,32589.0,154.0,238,1
29634,Male,28,1,11.0,1,< 1 Year,Yes,2630.0,160.0,286,0
29737,Male,71,1,3.0,1,1-2 Year,No,24499.0,124.0,52,0
29771,Female,25,1,11.0,1,< 1 Year,No,28641.0,152.0,283,0
29946,Female,57,1,28.0,1,1-2 Year,No,27292.0,26.0,113,0
30025,Female,37,1,46.0,1,1-2 Year,No,21569.0,124.0,187,0
30104,Female,52,1,28.0,1,1-2 Year,No,41389.0,26.0,46,0
30177,Male,72,1,28.0,0,> 2 Years,Yes,44103.0,26.0,18,0
30223,Male,22,1,46.0,1,< 1 Year,No,34565.0,152.0,130,0
30271,Female,20,1,10.0,0,< 1 Year,Yes,2630.0,160.0,166,1
30354,Male,37,1,28.0,1,1-2 Year,No,35941.0,124.0,248,0
30677,Female,24,1,30.0,1,< 1 Year,Yes,27561.0,152.0,260,0
30689,Female,43,1,28.0,0,1-2 Year,No,49689.0,124.0,201,0
31001,Male,26,1,15.0,1,< 1 Year,No,26777.0,152.0,292,0
31032,Male,25,1,25.0,1,< 1 Year,No,25932.0,152.0,33,0
31056,Male,63,1,3.0,0,1-2 Year,Yes,37023.0,124.0,122,1
31091,Female,29,1,29.0,0,< 1 Year,Yes,2630.0,135.0,140,0
31221,Male,45,1,28.0,0,> 2 Years,Yes,37074.0,124.0,66,1
31540,Male,43,1,28.0,0,1-2 Year,Yes,28857.0,4.0,269,1
31590,Female,44,1,8.0,0,1-2 Year,Yes,2630.0,26.0,112,0
31715,Female,22,1,36.0,1,< 1 Year,No,36576.0,160.0,182,0
31726,Female,22,1,2.0,0,< 1 Year,Yes,20666.0,152.0,196,0
31761,Female,32,1,15.0,1,< 1 Year,No,45164.0,152.0,142,0
31839,Male,25,1,11.0,1,< 1 Year,No,30872.0,152.0,290,0
31847,Male,24,1,45.0,1,< 1 Year,No,31309.0,152.0,162,0
32127,Male,73,1,8.0,0,> 2 Years,Yes,43878.0,7.0,136,0
32463,Male,61,1,8.0,1,1-2 Year,No,36604.0,26.0,246,0
32489,Male,46,1,28.0,0,1-2 Year,Yes,56806.0,124.0,281,0
32513,Male,31,1,41.0,1,< 1 Year,No,32062.0,152.0,254,0
32548,Male,21,1,6.0,1,< 1 Year,No,43913.0,152.0,280,0
32605,Male,25,1,37.0,1,< 1 Year,No,29448.0,152.0,248,0
32691,Male,27,1,41.0,1,< 1 Year,No,23597.0,152.0,271,0
32708,Male,75,1,28.0,1,1-2 Year,Yes,57583.0,26.0,195,0
32760,Male,46,1,46.0,0,1-2 Year,Yes,38398.0,26.0,204,1
32863,Female,24,1,43.0,1,< 1 Year,Yes,22124.0,152.0,73,0
32982,Male,59,1,16.0,0,1-2 Year,Yes,34378.0,26.0,154,0
33106,Female,52,1,26.0,1,1-2 Year,No,35666.0,120.0,70,0
33404,Male,59,1,28.0,0,> 2 Years,Yes,48568.0,26.0,114,1
33559,Male,74,1,20.0,1,1-2 Year,No,2630.0,124.0,36,0
33606,Male,73,1,50.0,1,1-2 Year,No,26175.0,26.0,73,0
33755,Male,21,1,15.0,1,< 1 Year,No,31896.0,160.0,144,0
34024,Male,74,1,6.0,0,> 2 Years,Yes,2630.0,154.0,175,0
34333,Male,60,1,11.0,0,1-2 Year,Yes,2630.0,157.0,203,0
34395,Female,30,1,3.0,0,< 1 Year,Yes,24370.0,157.0,210,1
34445,Female,55,1,11.0,0,1-2 Year,Yes,2630.0,26.0,184,0
34608,Male,43,1,28.0,1,1-2 Year,No,29270.0,26.0,159,0
34632,Male,40,1,3.0,0,1-2 Year,Yes,18766.0,30.0,147,1
34774,Male,45,1,28.0,1,1-2 Year,No,63944.0,124.0,28,0
34775,Female,23,1,11.0,1,< 1 Year,No,25134.0,160.0,169,0
34779,Female,26,1,29.0,1,< 1 Year,No,20051.0,152.0,89,0
34860,Male,46,1,25.0,0,1-2 Year,Yes,2630.0,7.0,125,0
35130,Male,43,1,43.0,1,1-2 Year,No,28819.0,26.0,160,0
35132,Male,45,1,33.0,1,1-2 Year,No,44231.0,26.0,162,0
35139,Female,49,1,14.0,1,1-2 Year,No,39175.0,26.0,71,0
35177,Female,24,1,12.0,1,< 1 Year,No,27325.0,152.0,203,0
35230,Male,29,1,8.0,1,< 1 Year,No,44207.0,152.0,54,0
35298,Male,24,1,6.0,1,< 1 Year,No,27735.0,152.0,11,0
35319,Female,24,1,37.0,1,< 1 Year,No,26191.0,152.0,200,0
35356,Female,24,1,41.0,1,< 1 Year,No,25058.0,152.0,170,0
35443,Male,50,1,48.0,0,1-2 Year,Yes,2630.0,26.0,236,0
35549,Female,24,1,23.0,1,< 1 Year,No,26384.0,152.0,103,0
35786,Female,56,1,28.0,1,1-2 Year,No,35182.0,61.0,210,0
35888,Male,57,1,0.0,0,1-2 Year,No,2630.0,11.0,208,0
35941,Male,22,1,35.0,1,< 1 Year,No,24117.0,152.0,37,0
36169,Female,32,1,6.0,0,1-2 Year,Yes,2630.0,156.0,91,0
36199,Male,41,1,28.0,0,1-2 Year,Yes,33520.0,124.0,158,1
36246,Male,47,1,28.0,0,1-2 Year,Yes,29564.0,124.0,102,0
36375,Female,45,1,48.0,1,1-2 Year,No,2630.0,26.0,202,0
36434,Male,46,1,28.0,0,1-2 Year,Yes,55619.0,124.0,174,0
36441,Male,43,1,28.0,0,1-2 Year,Yes,40309.0,124.0,72,0
36453,Male,27,1,28.0,0,< 1 Year,Yes,2630.0,156.0,224,0
36645,Female,21,1,26.0,0,< 1 Year,Yes,27735.0,160.0,106,0
37235,Male,60,1,28.0,0,1-2 Year,Yes,51890.0,124.0,183,0
37239,Female,62,1,28.0,0,> 2 Years,Yes,2630.0,26.0,126,1
37501,Male,37,1,35.0,0,1-2 Year,Yes,31838.0,124.0,76,0
37531,Male,53,1,28.0,0,1-2 Year,Yes,27319.0,124.0,207,0
37792,Male,63,1,28.0,1,1-2 Year,No,21605.0,125.0,250,0
37863,Female,41,1,28.0,0,1-2 Year,Yes,53432.0,26.0,190,0
37878,Female,51,1,0.0,0,1-2 Year,No,2630.0,125.0,198,0
37882,Female,23,1,8.0,1,< 1 Year,No,37800.0,152.0,218,0
38024,Female,20,1,28.0,1,< 1 Year,No,40186.0,160.0,170,0
38311,Female,22,1,36.0,1,< 1 Year,No,28619.0,152.0,64,0
38531,Male,42,1,46.0,0,1-2 Year,Yes,26159.0,124.0,103,0
38553,Female,22,1,50.0,1,< 1 Year,No,33600.0,152.0,199,0
38718,Male,77,1,0.0,0,1-2 Year,Yes,2630.0,26.0,280,0
38820,Male,56,1,8.0,0,1-2 Year,Yes,34685.0,124.0,110,0
38844,Female,27,1,37.0,0,< 1 Year,No,2630.0,152.0,234,0
39005,Female,61,1,28.0,0,1-2 Year,Yes,31331.0,26.0,59,0
39241,Male,29,1,50.0,1,< 1 Year,No,45431.0,26.0,172,0
39249,Male,31,1,46.0,0,< 1 Year,Yes,27051.0,152.0,239,0
39274,Male,38,1,30.0,1,1-2 Year,No,24828.0,152.0,246,0
39286,Male,65,1,8.0,0,> 2 Years,Yes,50482.0,26.0,49,1
39299,Male,45,1,8.0,0,1-2 Year,Yes,61631.0,26.0,107,0
39345,Male,45,1,28.0,0,1-2 Year,Yes,56681.0,122.0,64,1
39384,Female,45,1,12.0,0,1-2 Year,Yes,27097.0,26.0,55,1
39392,Male,34,1,35.0,0,1-2 Year,No,30981.0,155.0,54,1
39439,Male,46,1,28.0,0,1-2 Year,Yes,56873.0,26.0,213,0
39497,Female,40,1,28.0,1,1-2 Year,No,39466.0,24.0,212,0
39504,Male,44,1,18.0,0,1-2 Year,Yes,2630.0,152.0,121,0
39583,Female,69,1,28.0,1,1-2 Year,No,28946.0,26.0,214,0
39599,Female,24,1,21.0,1,< 1 Year,No,26588.0,152.0,173,0
39659,Female,49,1,28.0,0,1-2 Year,Yes,41529.0,26.0,99,0
39701,Male,34,1,11.0,0,1-2 Year,Yes,30469.0,157.0,144,0
39733,Female,27,1,28.0,0,< 1 Year,Yes,52460.0,152.0,152,0
39943,Female,50,1,28.0,0,1-2 Year,Yes,2630.0,26.0,285,0
40012,Male,47,1,19.0,0,1-2 Year,Yes,35688.0,26.0,234,1
40032,Male,22,1,37.0,0,< 1 Year,No,51008.0,152.0,13,0
40083,Male,33,1,28.0,0,1-2 Year,No,2630.0,156.0,238,0
40098,Female,23,1,46.0,1,< 1 Year,No,30418.0,152.0,47,0
40223,Male,23,1,51.0,1,< 1 Year,No,44206.0,26.0,180,0
40281,Female,28,1,3.0,1,< 1 Year,No,42053.0,152.0,177,0
40297,Male,28,1,28.0,1,< 1 Year,No,29236.0,152.0,13,0
40336,Male,36,1,49.0,0,1-2 Year,Yes,15543.0,152.0,53,1
40393,Female,25,1,8.0,1,< 1 Year,Yes,2630.0,152.0,170,0
40556,Female,75,1,28.0,0,1-2 Year,Yes,27099.0,26.0,11,0
40568,Female,70,1,28.0,0,1-2 Year,Yes,37466.0,158.0,237,0
40596,Male,31,1,28.0,0,< 1 Year,Yes,33280.0,152.0,204,0
40911,Male,49,1,11.0,0,1-2 Year,No,26163.0,124.0,95,0
41174,Male,42,1,50.0,0,> 2 Years,Yes,39172.0,25.0,12,0
41194,Male,60,1,46.0,1,1-2 Year,No,29858.0,21.0,290,0
41199,Male,62,1,28.0,1,1-2 Year,No,29228.0,124.0,46,0
41248,Male,51,1,8.0,0,1-2 Year,Yes,27751.0,124.0,284,1
41351,Female,63,1,28.0,1,1-2 Year,No,48229.0,124.0,46,0
41380,Male,26,1,28.0,1,< 1 Year,No,42783.0,152.0,199,0
41433,Female,26,1,48.0,0,< 1 Year,Yes,2630.0,26.0,263,0
41476,Female,24,1,23.0,1,< 1 Year,No,29959.0,152.0,133,0
41477,Female,24,1,30.0,1,< 1 Year,No,22526.0,152.0,205,0
41504,Female,41,1,46.0,0,1-2 Year,Yes,26955.0,11.0,40,0
41681,Male,48,1,23.0,1,1-2 Year,No,28764.0,124.0,36,0
41788,Female,44,1,28.0,0,1-2 Year,No,32803.0,124.0,76,0
41799,Female,25,1,28.0,0,< 1 Year,Yes,28818.0,26.0,191,1
41872,Male,27,1,28.0,1,< 1 Year,No,43701.0,152.0,188,0
41885,Female,23,1,11.0,0,< 1 Year,Yes,25713.0,152.0,56,0
41901,Male,63,1,39.0,1,1-2 Year,No,35605.0,26.0,181,0
41966,Male,45,1,28.0,0,> 2 Years,Yes,59090.0,25.0,266,0
41984,Male,46,1,28.0,0,1-2 Year,Yes,33206.0,124.0,12,1
42012,Female,24,1,20.0,0,< 1 Year,No,2630.0,152.0,161,0
42022,Female,23,1,12.0,1,< 1 Year,No,33340.0,152.0,188,0
42102,Female,57,1,28.0,1,1-2 Year,No,34025.0,26.0,217,0
42214,Female,26,1,28.0,1,< 1 Year,No,41306.0,152.0,21,0
42262,Female,29,1,8.0,1,< 1 Year,No,30888.0,152.0,151,0
42267,Female,46,1,32.0,1,1-2 Year,No,27774.0,124.0,124,0
42300,Female,65,1,28.0,1,1-2 Year,No,42386.0,125.0,126,0
42519,Female,60,1,38.0,0,> 2 Years,Yes,35635.0,124.0,14,0
42563,Male,47,1,28.0,0,1-2 Year,Yes,28008.0,124.0,123,0
42587,Male,46,1,28.0,1,1-2 Year,Yes,70011.0,26.0,253,0
42825,Female,55,1,28.0,0,1-2 Year,Yes,69852.0,124.0,205,0
42870,Female,22,1,26.0,0,< 1 Year,Yes,31804.0,152.0,286,0
42924,Male,47,1,8.0,0,1-2 Year,Yes,38918.0,124.0,269,0
42941,Male,24,1,13.0,0,< 1 Year,Yes,37611.0,152.0,144,0
42955,Male,26,1,28.0,1,< 1 Year,No,30812.0,152.0,253,0
42967,Male,29,1,14.0,1,< 1 Year,No,33068.0,152.0,156,0
43288,Female,33,1,15.0,0,< 1 Year,No,32333.0,160.0,130,0
43308,Female,27,1,21.0,1,< 1 Year,No,31166.0,152.0,162,0
43334,Female,36,1,6.0,1,1-2 Year,No,21710.0,152.0,249,0
43505,Male,47,1,26.0,0,1-2 Year,Yes,26410.0,124.0,150,1
43640,Female,56,1,8.0,1,1-2 Year,No,2630.0,124.0,70,0
43804,Male,55,1,33.0,0,1-2 Year,Yes,36879.0,124.0,181,0
43935,Male,28,1,3.0,1,< 1 Year,No,29842.0,160.0,175,0
44003,Male,23,1,9.0,0,< 1 Year,No,24871.0,152.0,196,0
44053,Male,69,1,28.0,1,1-2 Year,No,33990.0,13.0,91,0
44164,Female,26,1,3.0,1,< 1 Year,No,31119.0,152.0,15,0
44175,Male,68,1,28.0,0,> 2 Years,Yes,29063.0,124.0,250,0
44233,Female,49,1,46.0,0,1-2 Year,Yes,34245.0,11.0,204,0
44354,Female,23,1,6.0,1,< 1 Year,No,21555.0,152.0,146,0
44734,Male,58,1,45.0,0,1-2 Year,Yes,19261.0,124.0,53,1
44760,Female,22,1,3.0,1,< 1 Year,No,17724.0,152.0,213,0
44829,Male,26,1,28.0,1,< 1 Year,No,50387.0,152.0,268,0
44899,Female,54,1,28.0,0,1-2 Year,Yes,32647.0,124.0,256,0
44903,Male,30,1,5.0,0,< 1 Year,Yes,31113.0,152.0,144,0
44905,Male,48,1,10.0,1,1-2 Year,No,2630.0,160.0,28,0
45008,Male,24,1,29.0,0,< 1 Year,Yes,32257.0,152.0,11,0
45069,Male,50,1,28.0,0,1-2 Year,Yes,60461.0,124.0,287,0
45074,Male,72,1,46.0,1,1-2 Year,No,40363.0,11.0,253,0
45164,Male,45,1,32.0,0,1-2 Year,Yes,24406.0,14.0,212,0
45183,Male,68,1,28.0,1,1-2 Year,No,72168.0,26.0,246,0
45233,Female,25,1,34.0,0,< 1 Year,No,34973.0,152.0,37,0
45352,Male,43,1,29.0,0,1-2 Year,Yes,31780.0,26.0,238,1
45382,Male,61,1,28.0,0,1-2 Year,Yes,35074.0,26.0,33,1
45435,Female,21,1,46.0,1,< 1 Year,No,24803.0,160.0,30,0
45752,Female,69,1,26.0,0,1-2 Year,Yes,30729.0,124.0,12,0
45842,Female,66,1,11.0,0,1-2 Year,Yes,25682.0,124.0,293,0
45956,Female,24,1,14.0,1,< 1 Year,No,21763.0,152.0,125,0
45970,Female,40,1,28.0,0,1-2 Year,Yes,35746.0,124.0,127,1
46091,Female,36,1,33.0,0,1-2 Year,Yes,33995.0,163.0,103,0
46180,Female,22,1,4.0,1,< 1 Year,No,28450.0,152.0,291,0
46225,Female,37,1,29.0,0,1-2 Year,Yes,2630.0,124.0,56,0
46420,Male,29,1,41.0,1,< 1 Year,No,41450.0,152.0,63,0
46472,Male,23,1,15.0,1,< 1 Year,No,30684.0,152.0,75,0
46487,Male,24,1,28.0,0,< 1 Year,Yes,68352.0,152.0,147,0
46531,Male,21,1,36.0,0,< 1 Year,Yes,43326.0,152.0,92,0
46551,Male,43,1,28.0,0,1-2 Year,Yes,48568.0,26.0,159,1
46589,Male,43,1,5.0,0,1-2 Year,Yes,2630.0,26.0,144,0
46591,Female,47,1,28.0,0,1-2 Year,Yes,37329.0,26.0,206,0
46608,Female,70,1,28.0,1,1-2 Year,No,28841.0,124.0,152,0
46615,Male,24,1,11.0,1,< 1 Year,No,29442.0,152.0,293,0
46664,Male,48,1,28.0,0,1-2 Year,Yes,21597.0,26.0,290,0
46678,Female,34,1,28.0,0,1-2 Year,Yes,47344.0,26.0,83,1
46679,Male,28,1,21.0,1,< 1 Year,No,21829.0,152.0,237,0
46712,Male,46,1,35.0,1,1-2 Year,No,36902.0,124.0,66,0
46793,Male,25,1,38.0,1,< 1 Year,No,2630.0,152.0,135,0
46794,Female,68,1,24.0,0,> 2 Years,Yes,25835.0,26.0,184,0
46811,Male,42,1,28.0,1,1-2 Year,No,29526.0,25.0,288,0
46879,Female,70,1,11.0,0,1-2 Year,Yes,2630.0,26.0,112,0
46899,Female,41,1,28.0,1,1-2 Year,Yes,51607.0,26.0,203,0
46925,Female,31,1,34.0,1,< 1 Year,No,2630.0,160.0,197,0
46967,Female,58,1,28.0,0,1-2 Year,Yes,42661.0,26.0,53,1
47005,Male,32,1,16.0,1,< 1 Year,No,22566.0,152.0,288,0
47006,Male,56,0,4.0,0,1-2 Year,Yes,22917.0,152.0,97,0
47061,Male,54,1,8.0,0,1-2 Year,Yes,37171.0,124.0,16,0
47074,Male,55,1,28.0,0,1-2 Year,Yes,25048.0,122.0,121,1
47171,Female,22,1,15.0,1,< 1 Year,No,34017.0,152.0,88,0
47236,Male,48,1,28.0,0,1-2 Year,Yes,27519.0,124.0,70,1
47246,Female,42,1,28.0,0,1-2 Year,Yes,2630.0,26.0,278,0
47277,Female,54,1,8.0,0,1-2 Year,Yes,2630.0,124.0,178,0
47278,Male,34,1,41.0,0,1-2 Year,Yes,20974.0,152.0,193,1
47400,Female,27,1,28.0,0,< 1 Year,Yes,2630.0,152.0,287,0
47438,Female,24,1,41.0,1,< 1 Year,No,39647.0,152.0,27,0
47448,Female,34,1,15.0,0,< 1 Year,No,2630.0,1.0,220,0
47494,Female,26,1,22.0,0,< 1 Year,Yes,2630.0,152.0,89,0
47545,Male,33,1,21.0,0,< 1 Year,Yes,34213.0,152.0,88,0
47568,Male,43,1,35.0,0,1-2 Year,Yes,34117.0,152.0,171,1
47597,Female,21,1,28.0,0,< 1 Year,No,2630.0,160.0,23,0
47611,Male,26,1,46.0,1,< 1 Year,No,2630.0,152.0,37,0
47643,Female,26,1,46.0,1,< 1 Year,No,34733.0,152.0,230,0
47704,Male,40,1,28.0,0,1-2 Year,Yes,62108.0,26.0,233,0
47733,Female,79,1,15.0,1,1-2 Year,No,40817.0,152.0,232,0
47805,Female,23,1,37.0,1,< 1 Year,No,30077.0,152.0,185,0
47916,Male,58,1,29.0,1,1-2 Year,No,55633.0,26.0,69,0
47971,Male,24,1,27.0,1,< 1 Year,No,30486.0,152.0,43,0
48092,Female,22,1,15.0,0,< 1 Year,Yes,37382.0,152.0,89,0
48135,Male,23,1,8.0,1,< 1 Year,No,2630.0,152.0,258,0
48350,Female,23,1,41.0,1,< 1 Year,No,22323.0,152.0,42,0
48370,Male,22,1,15.0,0,< 1 Year,No,28851.0,152.0,212,0
48448,Male,32,1,21.0,1,< 1 Year,No,2630.0,152.0,259,0
48461,Male,23,1,6.0,1,< 1 Year,No,19767.0,152.0,173,0
48668,Male,43,1,43.0,1,1-2 Year,No,2630.0,160.0,131,0
48742,Male,33,1,38.0,1,< 1 Year,Yes,2630.0,157.0,214,0
48788,Male,24,1,17.0,1,< 1 Year,No,26879.0,152.0,265,0
48885,Female,35,1,28.0,0,1-2 Year,No,33930.0,26.0,281,0
48949,Female,25,1,18.0,1,< 1 Year,No,27794.0,152.0,244,0
49019,Male,53,1,20.0,1,1-2 Year,No,2630.0,26.0,89,0
49067,Male,30,1,8.0,1,1-2 Year,No,2630.0,156.0,251,0
49107,Male,25,1,5.0,0,< 1 Year,Yes,27355.0,152.0,153,0
49243,Male,25,1,28.0,1,< 1 Year,No,48740.0,152.0,254,0
49344,Male,46,1,38.0,0,1-2 Year,Yes,38785.0,26.0,143,0
49355,Male,43,1,28.0,0,1-2 Year,Yes,46721.0,26.0,201,0
49382,Male,44,1,28.0,0,1-2 Year,Yes,67390.0,125.0,73,1
49386,Male,21,1,35.0,0,< 1 Year,Yes,26636.0,152.0,205,1
49536,Female,73,1,28.0,1,1-2 Year,No,37565.0,124.0,260,0
49595,Female,48,1,28.0,0,1-2 Year,Yes,31536.0,26.0,115,1
49712,Male,24,1,15.0,0,< 1 Year,Yes,24514.0,152.0,289,1
49713,Female,34,1,30.0,1,1-2 Year,No,33431.0,152.0,153,0
49868,Female,33,1,28.0,0,< 1 Year,Yes,35113.0,26.0,248,1
49903,Male,25,1,50.0,1,< 1 Year,No,38785.0,124.0,22,0
49955,Male,36,1,3.0,1,1-2 Year,No,2630.0,157.0,54,0
50029,Female,20,1,8.0,1,< 1 Year,No,48134.0,160.0,278,0
50269,Male,63,1,28.0,1,1-2 Year,No,53588.0,13.0,178,0
50279,Female,47,1,28.0,0,1-2 Year,Yes,37367.0,124.0,113,1
50317,Male,21,1,5.0,0,< 1 Year,Yes,50027.0,152.0,45,1
50522,Male,66,1,33.0,1,1-2 Year,No,31623.0,26.0,265,0
50721,Female,25,1,28.0,0,< 1 Year,Yes,32540.0,152.0,139,0
50772,Female,75,1,28.0,0,> 2 Years,Yes,33671.0,124.0,182,0
50915,Male,57,1,8.0,0,1-2 Year,Yes,41049.0,7.0,61,1
50961,Female,23,1,30.0,1,< 1 Year,No,34747.0,152.0,136,0
50999,Male,68,1,28.0,0,1-2 Year,No,30037.0,122.0,83,0
51000,Male,70,1,8.0,1,1-2 Year,No,52812.0,124.0,31,0
51012,Female,80,1,28.0,0,> 2 Years,Yes,31086.0,124.0,35,0
51096,Female,25,1,12.0,1,< 1 Year,No,24230.0,152.0,246,0
51143,Male,49,1,28.0,1,1-2 Year,No,30259.0,124.0,256,0
51266,Male,35,1,28.0,0,1-2 Year,Yes,24742.0,154.0,266,1
51340,Female,26,1,33.0,1,< 1 Year,No,2630.0,152.0,267,0
51363,Male,43,1,33.0,0,1-2 Year,Yes,33450.0,26.0,285,0
51442,Female,22,1,2.0,1,< 1 Year,No,32020.0,160.0,237,0
51450,Male,20,1,39.0,0,< 1 Year,No,2630.0,160.0,114,0
51537,Female,44,1,28.0,0,1-2 Year,Yes,46191.0,26.0,250,0
51547,Female,61,1,28.0,0,1-2 Year,Yes,45597.0,13.0,37,1
51632,Female,25,1,45.0,1,< 1 Year,No,38874.0,152.0,156,0
51810,Male,51,1,15.0,0,1-2 Year,Yes,34461.0,26.0,128,0
51866,Female,23,1,8.0,1,< 1 Year,No,43690.0,160.0,261,0
51900,Male,61,1,30.0,1,1-2 Year,Yes,46292.0,26.0,77,0
51936,Male,58,1,8.0,0,1-2 Year,Yes,54484.0,26.0,46,1
52208,Male,39,1,28.0,0,1-2 Year,Yes,65754.0,122.0,283,0
52290,Male,35,1,28.0,0,1-2 Year,Yes,39788.0,154.0,46,0
52328,Male,35,1,3.0,0,1-2 Year,Yes,23398.0,124.0,218,0
52441,Female,56,1,28.0,0,1-2 Year,Yes,31538.0,124.0,35,0
52505,Female,25,1,33.0,1,< 1 Year,No,43764.0,152.0,132,0
52572,Female,26,1,41.0,1,< 1 Year,No,29179.0,152.0,101,0
52704,Female,25,1,25.0,0,< 1 Year,Yes,32700.0,152.0,201,0
52726,Male,43,1,28.0,0,1-2 Year,Yes,47905.0,124.0,35,1
52776,Female,27,1,28.0,1,< 1 Year,No,38070.0,124.0,142,0
53013,Male,57,1,21.0,0,1-2 Year,Yes,28229.0,26.0,50,0
53102,Male,40,1,28.0,0,1-2 Year,Yes,53249.0,124.0,167,0
53131,Male,22,1,35.0,0,< 1 Year,Yes,2630.0,26.0,190,0
53175,Male,24,1,11.0,1,< 1 Year,No,2630.0,152.0,237,0
53186,Female,33,1,21.0,1,< 1 Year,No,28290.0,152.0,200,0
53235,Female,42,1,48.0,0,1-2 Year,Yes,2630.0,124.0,50,0
53306,Female,23,1,28.0,0,1-2 Year,Yes,42112.0,26.0,62,0
53325,Male,40,1,33.0,0,1-2 Year,Yes,32374.0,163.0,131,1
53449,Male,63,1,28.0,0,1-2 Year,Yes,2630.0,26.0,295,0
53592,Male,62,1,8.0,1,1-2 Year,No,2630.0,26.0,71,0
53631,Male,71,1,8.0,1,1-2 Year,No,2630.0,26.0,151,0
53723,Male,24,1,45.0,1,< 1 Year,No,19026.0,152.0,109,0
53767,Female,62,1,28.0,1,1-2 Year,No,33559.0,23.0,111,0
53818,Female,37,1,28.0,0,1-2 Year,Yes,2630.0,147.0,26,1
54085,Male,26,1,19.0,1,< 1 Year,No,50316.0,152.0,183,0
54252,Male,57,1,28.0,0,1-2 Year,Yes,2630.0,26.0,259,1
54301,Female,76,1,24.0,1,1-2 Year,No,52452.0,145.0,30,0
54431,Female,48,1,28.0,0,1-2 Year,No,75958.0,26.0,275,0
54497,Male,43,1,2.0,1,1-2 Year,No,28382.0,26.0,166,0
54510,Female,29,1,28.0,1,< 1 Year,No,40303.0,152.0,124,0
54601,Male,50,1,40.0,0,1-2 Year,Yes,18171.0,124.0,143,0
54700,Male,60,1,28.0,1,1-2 Year,No,48512.0,26.0,86,0
54842,Female,55,1,41.0,0,1-2 Year,Yes,31105.0,26.0,10,0
54887,Female,27,1,11.0,1,< 1 Year,No,25445.0,152.0,144,0
54892,Male,66,1,8.0,0,> 2 Years,Yes,45300.0,26.0,42,1
54917,Male,57,1,28.0,0,> 2 Years,Yes,39979.0,35.0,256,0
54946,Male,47,1,4.0,0,> 2 Years,Yes,42095.0,26.0,150,0
54973,Male,42,1,4.0,0,1-2 Year,Yes,24925.0,26.0,152,1
55023,Female,26,1,18.0,1,< 1 Year,No,27619.0,152.0,247,0
55034,Female,80,1,20.0,1,1-2 Year,No,2630.0,26.0,31,0
55094,Female,67,1,28.0,0,1-2 Year,Yes,44271.0,26.0,175,0
55136,Male,43,1,28.0,0,1-2 Year,Yes,63970.0,26.0,244,0
55246,Male,39,1,46.0,1,1-2 Year,No,53018.0,18.0,71,0
55292,Male,21,1,24.0,0,< 1 Year,Yes,28495.0,152.0,260,0
55322,Female,30,1,21.0,1,< 1 Year,No,31823.0,152.0,279,0
55414,Female,22,1,9.0,1,< 1 Year,No,24972.0,160.0,56,0
55425,Female,22,1,30.0,1,< 1 Year,No,37233.0,152.0,179,0
55458,Male,54,1,28.0,0,> 2 Years,Yes,24731.0,124.0,161,0
55546,Male,20,1,8.0,0,< 1 Year,Yes,39846.0,160.0,84,0
55564,Male,55,1,28.0,0,1-2 Year,Yes,47916.0,122.0,209,1
55742,Female,25,1,41.0,1,< 1 Year,No,31105.0,152.0,97,0
55793,Male,44,1,46.0,0,1-2 Year,Yes,2630.0,26.0,260,0
55806,Female,23,1,29.0,1,< 1 Year,No,35438.0,152.0,17,0
55862,Male,61,1,28.0,0,> 2 Years,Yes,53505.0,26.0,118,1
55868,Female,44,1,28.0,0,> 2 Years,Yes,49894.0,26.0,170,1
56027,Male,24,1,8.0,1,< 1 Year,No,44818.0,152.0,178,0
56098,Female,26,1,39.0,1,< 1 Year,No,30891.0,152.0,293,0
56116,Male,42,1,28.0,0,> 2 Years,Yes,41760.0,26.0,115,0
56198,Male,22,1,3.0,1,< 1 Year,No,22159.0,152.0,170,0
56285,Male,50,1,28.0,0,1-2 Year,Yes,27380.0,26.0,91,0
56477,Female,25,1,28.0,1,< 1 Year,No,32868.0,152.0,242,0
56698,Female,24,1,24.0,1,< 1 Year,No,56998.0,152.0,50,0
56703,Female,25,1,10.0,1,< 1 Year,No,2630.0,152.0,125,0
56762,Female,22,1,30.0,1,< 1 Year,No,27682.0,152.0,212,0
56785,Female,21,1,33.0,0,< 1 Year,Yes,32372.0,152.0,218,0
56953,Male,70,1,40.0,0,1-2 Year,Yes,22787.0,26.0,48,0
56965,Female,24,1,46.0,1,< 1 Year,No,22248.0,152.0,56,0
56975,Male,46,1,28.0,0,> 2 Years,Yes,43861.0,124.0,190,1
57107,Male,37,1,8.0,0,1-2 Year,Yes,2630.0,156.0,263,0
57117,Male,38,1,28.0,0,1-2 Year,Yes,53029.0,124.0,129,1
57122,Male,51,1,51.0,0,> 2 Years,Yes,43744.0,124.0,79,1
57306,Male,20,1,8.0,1,< 1 Year,No,33682.0,160.0,143,0
57339,Male,54,1,50.0,1,1-2 Year,No,41311.0,26.0,138,0
57548,Female,21,1,3.0,1,< 1 Year,No,24682.0,160.0,47,0
57557,Male,21,1,29.0,1,< 1 Year,No,2630.0,152.0,39,0
57748,Female,78,1,28.0,1,1-2 Year,No,46527.0,26.0,82,0
57774,Male,36,1,21.0,1,1-2 Year,No,27945.0,152.0,100,0
57917,Female,59,1,3.0,0,1-2 Year,No,22821.0,26.0,88,0
57931,Male,43,1,28.0,0,1-2 Year,Yes,2630.0,26.0,227,1
57957,Male,23,1,39.0,1,< 1 Year,No,39463.0,151.0,179,0
58003,Male,28,1,46.0,1,< 1 Year,No,32050.0,152.0,142,0
58144,Male,51,1,28.0,1,1-2 Year,No,50064.0,124.0,223,0
58290,Female,24,1,32.0,0,< 1 Year,Yes,34532.0,151.0,220,0
58448,Female,29,1,30.0,1,< 1 Year,No,2630.0,152.0,236,0
59137,Male,73,1,28.0,1,1-2 Year,Yes,33236.0,26.0,136,0
59186,Female,21,1,26.0,0,< 1 Year,Yes,44197.0,152.0,159,0
59204,Female,21,1,15.0,0,< 1 Year,Yes,43327.0,160.0,99,0
59254,Male,43,1,10.0,0,1-2 Year,Yes,37039.0,124.0,14,1
59262,Female,26,1,29.0,1,< 1 Year,No,28869.0,152.0,109,0
59304,Male,23,1,36.0,1,< 1 Year,No,2630.0,160.0,192,0
59320,Male,50,1,8.0,0,1-2 Year,Yes,77822.0,26.0,42,0
59397,Male,30,1,21.0,1,< 1 Year,No,27445.0,152.0,203,0
59399,Female,23,1,28.0,1,< 1 Year,No,34648.0,152.0,174,0
59531,Male,20,1,36.0,1,< 1 Year,No,27629.0,160.0,163,0
59540,Male,26,1,4.0,0,< 1 Year,Yes,2630.0,156.0,219,0
59580,Male,65,1,8.0,0,1-2 Year,Yes,2630.0,26.0,276,0
59954,Male,53,1,28.0,0,1-2 Year,Yes,24163.0,26.0,96,0
59992,Female,49,1,28.0,0,1-2 Year,Yes,28183.0,26.0,140,0
60007,Female,69,1,28.0,0,1-2 Year,Yes,56381.0,26.0,52,1
60111,Female,37,1,50.0,0,1-2 Year,Yes,36867.0,8.0,205,1
60119,Male,50,1,23.0,0,> 2 Years,Yes,30545.0,124.0,161,0
60183,Female,34,1,35.0,1,1-2 Year,No,20797.0,152.0,63,0
60269,Male,50,1,28.0,1,1-2 Year,No,52709.0,124.0,31,0
60285,Female,34,1,30.0,1,1-2 Year,No,30292.0,152.0,116,0
60295,Male,44,1,28.0,0,1-2 Year,Yes,42100.0,26.0,254,1
60300,Male,41,1,48.0,0,1-2 Year,Yes,2630.0,26.0,299,0
60308,Female,21,1,46.0,1,< 1 Year,No,26844.0,160.0,172,0
60397,Female,25,1,15.0,1,< 1 Year,No,26394.0,152.0,48,0
60449,Male,23,1,41.0,1,< 1 Year,No,39830.0,152.0,235,0
60603,Male,38,1,50.0,1,1-2 Year,No,31462.0,8.0,126,0
60798,Male,39,1,41.0,1,1-2 Year,Yes,33919.0,122.0,255,0
60805,Female,24,1,45.0,1,< 1 Year,No,2630.0,152.0,283,0
60845,Female,23,1,42.0,1,< 1 Year,No,37973.0,26.0,149,0
60849,Female,45,1,28.0,0,1-2 Year,Yes,61103.0,26.0,275,1
60874,Male,50,1,28.0,1,1-2 Year,No,37194.0,122.0,240,0
60936,Female,43,1,28.0,1,1-2 Year,No,50467.0,152.0,95,0
61067,Male,21,1,35.0,1,< 1 Year,No,38486.0,152.0,197,0
61094,Female,24,1,47.0,1,< 1 Year,No,23054.0,26.0,82,0
61120,Female,40,1,50.0,0,1-2 Year,No,31451.0,8.0,55,0
61174,Male,64,1,29.0,1,1-2 Year,No,31450.0,26.0,44,0
61246,Male,42,1,28.0,0,1-2 Year,Yes,38216.0,26.0,261,0
61339,Male,67,1,11.0,1,1-2 Year,No,29186.0,124.0,100,0
61396,Male,53,1,38.0,1,1-2 Year,No,22477.0,124.0,75,0
61475,Female,21,1,15.0,0,< 1 Year,Yes,30843.0,152.0,299,0
61497,Male,56,1,28.0,0,> 2 Years,Yes,2630.0,157.0,65,0
61539,Female,49,1,8.0,1,1-2 Year,No,31361.0,26.0,225,0
61599,Female,62,1,8.0,0,1-2 Year,Yes,58077.0,26.0,157,0
61787,Male,27,1,28.0,1,< 1 Year,No,88673.0,152.0,34,0
61804,Male,67,1,39.0,0,1-2 Year,No,35182.0,26.0,297,0
61847,Male,24,1,29.0,1,< 1 Year,No,31157.0,152.0,291,0
61961,Female,25,1,18.0,1,< 1 Year,No,29399.0,152.0,72,0
62007,Male,32,1,3.0,0,1-2 Year,Yes,2630.0,124.0,299,1
62157,Female,24,1,6.0,1,< 1 Year,No,32834.0,152.0,69,0
62263,Male,37,1,28.0,1,1-2 Year,No,41004.0,26.0,129,0
62408,Female,21,1,33.0,1,< 1 Year,No,43667.0,152.0,220,0
62418,Male,24,1,29.0,1,< 1 Year,No,37846.0,152.0,214,0
62442,Male,41,1,28.0,0,1-2 Year,Yes,36579.0,26.0,158,0
62611,Female,22,1,10.0,0,< 1 Year,No,27344.0,152.0,236,0
62698,Male,54,1,21.0,1,1-2 Year,No,36819.0,124.0,143,0
62906,Male,25,1,33.0,1,< 1 Year,No,28996.0,152.0,73,0
63001,Male,28,1,15.0,1,< 1 Year,No,27753.0,152.0,274,0
63237,Female,27,1,28.0,1,< 1 Year,Yes,2630.0,156.0,89,0
63306,Female,60,1,28.0,0,1-2 Year,Yes,40162.0,122.0,128,0
63307,Male,35,1,41.0,1,1-2 Year,No,35050.0,124.0,242,0
63345,Female,22,1,41.0,0,< 1 Year,Yes,33652.0,152.0,193,0
63528,Male,58,1,30.0,0,1-2 Year,Yes,29708.0,26.0,32,0
63615,Male,47,1,48.0,0,1-2 Year,No,2630.0,26.0,271,0
63686,Female,43,1,28.0,0,1-2 Year,Yes,73424.0,122.0,20,1
63701,Male,51,1,48.0,1,1-2 Year,No,2630.0,26.0,43,0
63833,Female,22,1,11.0,0,< 1 Year,Yes,29536.0,152.0,74,0
63882,Male,59,1,46.0,1,1-2 Year,No,2630.0,91.0,237,0
63916,Male,21,1,4.0,0,< 1 Year,Yes,2630.0,160.0,108,0
63992,Female,51,1,28.0,0,> 2 Years,Yes,67774.0,26.0,217,0
63996,Female,42,1,41.0,0,1-2 Year,Yes,28832.0,26.0,63,0
64059,Male,22,1,47.0,0,< 1 Year,Yes,30498.0,152.0,58,0
64123,Male,47,1,13.0,0,1-2 Year,Yes,30867.0,26.0,262,0
64138,Male,79,1,28.0,0,1-2 Year,Yes,46713.0,52.0,124,0
64145,Male,56,1,30.0,0,1-2 Year,Yes,26037.0,26.0,181,0
64347,Male,44,1,28.0,0,1-2 Year,Yes,41962.0,124.0,76,0
64458,Female,21,1,36.0,0,< 1 Year,No,36838.0,152.0,87,0
64567,Female,20,1,8.0,1,< 1 Year,No,29809.0,160.0,163,0
64681,Male,21,1,46.0,1,< 1 Year,No,29743.0,160.0,120,0
64793,Male,43,1,28.0,1,1-2 Year,No,37044.0,124.0,60,0
64974,Female,36,1,28.0,0,1-2 Year,Yes,32521.0,124.0,219,1
65142,Female,52,1,41.0,1,1-2 Year,No,36554.0,152.0,233,0
65303,Male,45,1,28.0,0,1-2 Year,No,84268.0,124.0,238,0
65373,Male,37,1,22.0,0,> 2 Years,Yes,30862.0,22.0,201,0
65870,Female,74,1,28.0,1,1-2 Year,No,48551.0,122.0,244,0
65881,Male,28,1,21.0,1,< 1 Year,No,34433.0,152.0,161,0
65953,Female,48,1,7.0,0,1-2 Year,Yes,26621.0,26.0,26,1
65975,Female,21,1,36.0,0,< 1 Year,Yes,2630.0,160.0,10,0
66024,Male,25,1,15.0,0,< 1 Year,Yes,38922.0,152.0,130,1
66032,Female,32,1,3.0,0,< 1 Year,Yes,23761.0,152.0,18,0
66090,Male,22,1,32.0,1,< 1 Year,No,28849.0,152.0,208,0
66099,Female,24,1,13.0,1,< 1 Year,No,27431.0,152.0,188,0
66104,Female,28,1,47.0,1,< 1 Year,No,36388.0,152.0,107,0
66132,Male,39,1,10.0,1,1-2 Year,No,28257.0,152.0,217,0
66159,Female,61,1,28.0,1,1-2 Year,No,41819.0,26.0,169,0
66170,Female,75,1,28.0,1,1-2 Year,No,44886.0,26.0,253,0
66183,Female,23,1,12.0,1,< 1 Year,No,25251.0,152.0,122,0
66416,Male,70,1,8.0,1,1-2 Year,Yes,66369.0,30.0,245,0
66479,Female,22,1,16.0,1,< 1 Year,No,2630.0,160.0,56,0
66564,Male,24,1,45.0,1,< 1 Year,No,29678.0,152.0,135,0
66579,Female,48,1,47.0,1,1-2 Year,No,24641.0,124.0,38,0
66659,Female,23,1,15.0,1,< 1 Year,No,32891.0,152.0,19,0
66798,Male,58,1,3.0,0,1-2 Year,Yes,23027.0,124.0,79,0
66875,Female,24,1,16.0,0,< 1 Year,Yes,24477.0,152.0,76,0
66877,Male,23,1,6.0,0,< 1 Year,Yes,24369.0,152.0,22,0
66997,Male,51,1,41.0,0,1-2 Year,Yes,23616.0,124.0,54,0
67051,Female,21,1,8.0,0,< 1 Year,Yes,38166.0,160.0,115,0
67082,Male,48,1,4.0,0,1-2 Year,No,29286.0,124.0,91,0
67236,Female,24,1,1.0,1,< 1 Year,No,2630.0,160.0,73,0
67428,Male,25,1,33.0,1,< 1 Year,No,38325.0,152.0,78,0
67534,Male,26,1,36.0,1,< 1 Year,No,38184.0,152.0,227,0
67676,Male,20,1,33.0,0,1-2 Year,Yes,2630.0,156.0,77,0
67842,Female,26,1,35.0,1,< 1 Year,No,38760.0,160.0,243,0
67857,Male,49,1,8.0,0,1-2 Year,Yes,46422.0,124.0,244,0
67919,Male,75,1,15.0,0,1-2 Year,Yes,2630.0,156.0,195,0
67934,Male,75,1,33.0,0,> 2 Years,Yes,30151.0,26.0,129,0
68019,Female,28,1,41.0,0,1-2 Year,Yes,2630.0,157.0,243,0
68046,Male,24,1,12.0,0,< 1 Year,Yes,25579.0,163.0,81,0
68137,Female,43,1,30.0,0,1-2 Year,Yes,2630.0,160.0,237,0
68206,Male,45,1,33.0,1,1-2 Year,No,2630.0,122.0,90,0
68252,Female,42,1,28.0,0,1-2 Year,Yes,2630.0,163.0,291,0
68253,Female,26,1,41.0,1,< 1 Year,No,35526.0,152.0,125,0
68266,Female,22,1,21.0,0,< 1 Year,Yes,33030.0,152.0,164,0
68464,Female,39,1,28.0,1,1-2 Year,No,31557.0,26.0,76,0
68524,Female,33,1,28.0,1,< 1 Year,No,59662.0,152.0,277,0
68567,Female,40,1,11.0,0,1-2 Year,Yes,28587.0,124.0,14,1
68632,Male,24,1,28.0,1,< 1 Year,No,24660.0,152.0,83,0
68715,Male,58,1,14.0,0,> 2 Years,Yes,30933.0,154.0,192,0
68952,Male,41,1,28.0,0,> 2 Years,Yes,41173.0,147.0,173,0
68960,Male,27,1,20.0,1,< 1 Year,No,2630.0,152.0,138,0
68990,Male,78,1,28.0,0,> 2 Years,Yes,28839.0,124.0,204,0
69037,Male,43,1,28.0,0,1-2 Year,Yes,26425.0,124.0,27,0
69196,Male,26,1,8.0,1,< 1 Year,No,34029.0,152.0,52,0
69248,Male,47,1,28.0,0,1-2 Year,Yes,44973.0,26.0,96,1
69263,Male,50,1,48.0,0,1-2 Year,Yes,2630.0,104.0,167,0
69286,Male,23,1,32.0,0,< 1 Year,Yes,25812.0,152.0,279,1
69391,Male,62,1,22.0,0,1-2 Year,Yes,31199.0,26.0,257,0
69457,Female,36,1,46.0,0,1-2 Year,Yes,20090.0,124.0,231,0
69477,Female,66,1,28.0,0,1-2 Year,No,22531.0,26.0,214,0
69592,Male,23,1,41.0,1,< 1 Year,No,22606.0,152.0,245,0
69656,Male,41,1,35.0,1,1-2 Year,No,17366.0,31.0,26,0
69765,Male,28,1,8.0,0,< 1 Year,Yes,2630.0,156.0,65,1
69775,Female,43,1,46.0,1,1-2 Year,No,34601.0,152.0,20,0
69797,Male,77,1,37.0,0,1-2 Year,Yes,40337.0,26.0,208,0
69876,Male,21,1,47.0,0,< 1 Year,Yes,32391.0,160.0,180,0
69877,Male,74,1,28.0,0,> 2 Years,Yes,2630.0,156.0,204,0
69878,Male,42,1,28.0,0,1-2 Year,Yes,48482.0,26.0,250,1
70029,Female,46,1,28.0,1,1-2 Year,No,50241.0,61.0,76,0
70141,Male,50,1,31.0,0,1-2 Year,Yes,2630.0,26.0,176,0
70220,Male,50,1,38.0,0,< 1 Year,No,2630.0,1.0,201,1
70348,Male,21,1,50.0,1,< 1 Year,No,36540.0,152.0,121,0
70388,Male,30,1,17.0,0,< 1 Year,Yes,41606.0,152.0,93,0
70451,Male,54,1,6.0,0,1-2 Year,Yes,26028.0,124.0,78,0
70495,Female,25,1,43.0,1,< 1 Year,No,49986.0,152.0,206,0
70526,Male,22,1,18.0,0,< 1 Year,Yes,2630.0,152.0,102,0
70618,Male,25,1,41.0,1,< 1 Year,No,41788.0,152.0,79,0
70660,Female,51,1,30.0,1,1-2 Year,No,22890.0,152.0,49,0
70668,Female,47,1,29.0,0,1-2 Year,Yes,37314.0,124.0,134,1
70725,Female,36,1,28.0,0,1-2 Year,Yes,59117.0,124.0,147,1
70821,Female,68,1,28.0,1,1-2 Year,No,57578.0,26.0,198,0
70964,Male,41,1,28.0,0,1-2 Year,Yes,50752.0,124.0,240,1
71008,Male,40,1,24.0,1,1-2 Year,No,31259.0,124.0,246,0
71038,Female,23,1,39.0,0,< 1 Year,Yes,2630.0,152.0,97,0
71098,Female,55,1,8.0,0,1-2 Year,Yes,43105.0,124.0,264,0
71122,Male,48,1,28.0,0,1-2 Year,Yes,67904.0,26.0,257,0
71177,Male,41,1,28.0,0,1-2 Year,Yes,36999.0,52.0,225,0
71214,Female,28,1,28.0,1,< 1 Year,No,48418.0,121.0,238,0
71246,Female,23,1,50.0,0,< 1 Year,Yes,18163.0,152.0,212,0
71279,Male,20,1,46.0,0,< 1 Year,Yes,54341.0,160.0,295,0
71348,Male,45,1,8.0,1,1-2 Year,No,34333.0,124.0,195,0
71352,Female,23,1,21.0,1,< 1 Year,No,28755.0,152.0,53,0
71454,Male,45,1,14.0,0,1-2 Year,No,33392.0,26.0,121,0
71494,Female,46,1,45.0,1,1-2 Year,No,2630.0,156.0,243,0
71619,Male,54,1,18.0,1,1-2 Year,No,42514.0,124.0,161,0
71729,Female,23,1,29.0,1,< 1 Year,No,27015.0,152.0,23,0
71764,Female,29,1,35.0,1,< 1 Year,No,19421.0,152.0,130,0
71816,Female,38,1,8.0,1,1-2 Year,No,37722.0,152.0,206,0
71852,Male,45,1,8.0,0,1-2 Year,Yes,38118.0,124.0,94,0
71854,Female,49,1,28.0,0,1-2 Year,Yes,51696.0,55.0,290,1
71860,Female,54,1,29.0,0,1-2 Year,No,35173.0,124.0,105,0
71890,Male,34,1,0.0,0,1-2 Year,Yes,2630.0,124.0,133,0
71937,Male,42,1,28.0,1,1-2 Year,No,36350.0,124.0,185,0
71951,Male,33,1,32.0,1,< 1 Year,No,32037.0,152.0,25,0
71988,Female,43,1,50.0,0,1-2 Year,Yes,40809.0,31.0,296,1
72041,Male,22,1,13.0,1,< 1 Year,No,20406.0,152.0,68,0
72058,Female,25,1,37.0,0,< 1 Year,No,36099.0,152.0,19,0
72163,Female,33,1,29.0,1,< 1 Year,No,38504.0,152.0,299,0
72173,Male,24,1,34.0,0,< 1 Year,Yes,27651.0,152.0,216,0
72193,Male,34,1,11.0,0,1-2 Year,Yes,2630.0,156.0,198,0
72218,Female,46,1,10.0,1,1-2 Year,No,26713.0,152.0,145,0
72220,Female,69,1,28.0,1,1-2 Year,No,27780.0,26.0,31,0
72265,Male,22,1,41.0,0,< 1 Year,Yes,32273.0,153.0,15,0
72289,Male,65,1,50.0,1,1-2 Year,No,45958.0,25.0,92,0
72406,Male,69,1,28.0,0,> 2 Years,Yes,51477.0,122.0,239,0
72509,Male,45,1,8.0,0,> 2 Years,Yes,25396.0,124.0,129,1
72526,Female,34,1,45.0,1,1-2 Year,No,37387.0,152.0,259,0
72594,Male,51,1,28.0,0,1-2 Year,Yes,32386.0,26.0,27,0
72642,Male,39,1,12.0,0,1-2 Year,Yes,2630.0,157.0,201,0
72677,Male,22,1,15.0,0,< 1 Year,Yes,31479.0,152.0,139,0
72823,Female,55,1,28.0,0,> 2 Years,Yes,51849.0,125.0,18,0
72869,Male,22,1,8.0,0,< 1 Year,Yes,34656.0,152.0,201,0
72887,Male,22,1,15.0,1,< 1 Year,No,31556.0,160.0,38,0
73016,Female,42,1,28.0,1,1-2 Year,No,29653.0,124.0,18,0
73154,Female,26,1,15.0,0,< 1 Year,Yes,31783.0,152.0,207,0
73168,Male,45,1,28.0,1,1-2 Year,No,2630.0,26.0,238,0
73218,Male,78,1,12.0,1,1-2 Year,No,31486.0,124.0,70,0
73238,Female,24,1,41.0,0,< 1 Year,Yes,2630.0,152.0,289,0
73265,Male,34,1,28.0,1,1-2 Year,No,32770.0,152.0,132,0
73304,Female,22,1,11.0,1,< 1 Year,No,25197.0,152.0,149,0
73339,Female,42,1,41.0,1,1-2 Year,No,44593.0,124.0,138,0
73530,Male,48,1,28.0,1,1-2 Year,No,28476.0,26.0,25,0
73564,Male,28,1,10.0,1,< 1 Year,No,23675.0,152.0,28,0
73581,Male,44,1,46.0,0,1-2 Year,Yes,36170.0,124.0,261,0
73630,Male,44,1,28.0,0,1-2 Year,Yes,33413.0,26.0,110,0
73636,Male,42,1,46.0,1,1-2 Year,No,25883.0,91.0,90,0
73786,Female,40,1,28.0,0,1-2 Year,Yes,55803.0,26.0,194,1
73856,Female,24,1,14.0,1,< 1 Year,No,40546.0,152.0,213,0
74064,Female,32,1,8.0,0,1-2 Year,Yes,2630.0,157.0,123,0
74075,Female,24,1,33.0,1,< 1 Year,No,41086.0,152.0,220,0
74114,Female,50,1,28.0,1,1-2 Year,No,2630.0,26.0,139,0
74127,Female,23,1,3.0,1,< 1 Year,No,22882.0,152.0,98,0
74162,Male,52,1,44.0,1,1-2 Year,No,40710.0,26.0,168,0
74170,Male,52,1,8.0,0,1-2 Year,Yes,24256.0,31.0,272,0
74195,Female,21,1,15.0,0,< 1 Year,Yes,24909.0,152.0,284,0
74207,Male,54,1,12.0,0,1-2 Year,Yes,26290.0,155.0,93,0
74273,Male,58,1,28.0,0,1-2 Year,Yes,46885.0,26.0,172,0
74295,Female,45,1,28.0,0,1-2 Year,Yes,27055.0,124.0,225,1
74334,Female,46,1,48.0,0,1-2 Year,Yes,2630.0,157.0,118,0
74355,Female,21,1,33.0,1,< 1 Year,No,35642.0,152.0,272,0
74589,Female,46,1,29.0,1,1-2 Year,No,30112.0,124.0,227,0
75005,Female,23,1,41.0,1,< 1 Year,No,27265.0,152.0,22,0
75092,Male,35,1,37.0,0,1-2 Year,No,32791.0,152.0,107,0
75183,Male,65,1,18.0,1,1-2 Year,Yes,2630.0,156.0,231,0
75292,Female,29,1,11.0,1,< 1 Year,No,22178.0,160.0,192,0
75301,Male,36,1,28.0,0,1-2 Year,Yes,44285.0,26.0,264,1
75388,Female,23,1,28.0,1,< 1 Year,No,35031.0,152.0,50,0
75456,Male,47,1,8.0,1,1-2 Year,No,30522.0,26.0,235,0
75588,Female,43,1,28.0,1,1-2 Year,No,59941.0,25.0,126,0
75601,Female,24,1,24.0,0,< 1 Year,No,22305.0,152.0,99,0
75877,Female,25,1,47.0,1,< 1 Year,No,31832.0,152.0,240,0
76157,Female,46,1,28.0,1,1-2 Year,No,58379.0,52.0,18,0
76287,Female,23,1,47.0,0,< 1 Year,No,30810.0,152.0,174,0
76290,Female,21,1,37.0,0,< 1 Year,Yes,26798.0,152.0,128,0
76354,Male,78,1,28.0,0,1-2 Year,No,99339.0,26.0,43,0
76375,Male,70,1,48.0,1,1-2 Year,No,2630.0,15.0,88,0
76385,Female,25,1,32.0,1,< 1 Year,No,26972.0,152.0,215,0
76485,Male,26,1,41.0,1,< 1 Year,No,69273.0,152.0,106,0
76526,Female,23,1,30.0,0,< 1 Year,Yes,28532.0,152.0,160,0
76534,Female,29,1,41.0,1,< 1 Year,No,39625.0,160.0,20,0
76686,Male,60,1,8.0,0,1-2 Year,Yes,46016.0,124.0,269,0
76724,Male,46,1,41.0,0,> 2 Years,Yes,36518.0,124.0,55,1
76757,Female,28,1,8.0,1,< 1 Year,No,36305.0,152.0,225,0
76760,Female,25,1,13.0,1,< 1 Year,No,25920.0,152.0,232,0
76828,Male,38,1,8.0,1,1-2 Year,No,52782.0,7.0,207,0
76883,Female,40,1,28.0,0,1-2 Year,Yes,26553.0,124.0,178,0
76922,Female,27,1,15.0,0,1-2 Year,Yes,2630.0,156.0,181,1
76977,Female,61,1,37.0,0,1-2 Year,Yes,2630.0,152.0,223,0
76987,Female,21,1,46.0,1,< 1 Year,No,23307.0,160.0,291,0
77000,Female,21,1,43.0,1,< 1 Year,Yes,2630.0,160.0,247,0
77002,Female,26,1,8.0,1,< 1 Year,No,38042.0,152.0,120,0
77123,Female,64,1,28.0,0,1-2 Year,Yes,50588.0,124.0,77,0
77221,Female,22,1,41.0,0,< 1 Year,Yes,43163.0,152.0,147,0
77302,Female,42,1,28.0,0,1-2 Year,Yes,25193.0,26.0,179,0
77341,Male,41,1,28.0,0,1-2 Year,Yes,58889.0,122.0,175,0
77430,Male,24,1,50.0,1,< 1 Year,No,32988.0,152.0,277,0
77617,Male,40,1,46.0,0,1-2 Year,Yes,30018.0,163.0,95,1
77777,Male,44,1,14.0,0,1-2 Year,Yes,2630.0,26.0,284,0
78080,Male,26,1,46.0,1,< 1 Year,No,34382.0,152.0,122,0
78146,Female,26,1,11.0,1,< 1 Year,No,35002.0,152.0,44,0
78220,Male,49,1,48.0,0,1-2 Year,Yes,2630.0,26.0,222,0
78223,Female,23,1,37.0,0,< 1 Year,Yes,40913.0,152.0,105,0
78475,Female,44,1,28.0,1,1-2 Year,No,32197.0,124.0,161,0
78516,Male,42,1,28.0,0,1-2 Year,Yes,41073.0,26.0,22,1
78519,Male,24,1,28.0,1,< 1 Year,No,21821.0,152.0,298,0
78558,Male,77,1,36.0,0,> 2 Years,Yes,32110.0,26.0,173,1
78562,Female,31,1,28.0,0,< 1 Year,Yes,33793.0,152.0,212,0
78657,Male,40,1,18.0,0,1-2 Year,Yes,30501.0,163.0,49,0
78773,Female,72,1,33.0,1,1-2 Year,No,32303.0,8.0,270,0
78823,Male,61,1,46.0,1,1-2 Year,No,26221.0,124.0,292,0
78830,Female,73,1,28.0,0,1-2 Year,No,48229.0,13.0,181,0
79173,Male,20,1,6.0,0,< 1 Year,Yes,23516.0,160.0,115,0
79212,Male,31,1,21.0,1,< 1 Year,No,18538.0,152.0,50,0
79247,Male,67,1,28.0,0,1-2 Year,Yes,32338.0,13.0,194,0
79254,Male,72,1,28.0,0,1-2 Year,Yes,30737.0,24.0,34,0
79316,Female,22,1,12.0,1,< 1 Year,No,22345.0,152.0,231,0
79524,Male,24,1,32.0,1,< 1 Year,No,19708.0,151.0,90,0
79588,Male,35,1,28.0,0,1-2 Year,Yes,2630.0,160.0,247,0
79597,Male,51,1,50.0,0,1-2 Year,Yes,59432.0,8.0,234,0
79620,Female,27,1,41.0,1,< 1 Year,No,47898.0,152.0,167,0
79710,Male,22,1,47.0,1,< 1 Year,No,34000.0,152.0,299,0
79713,Female,24,1,11.0,1,< 1 Year,No,31580.0,152.0,79,0
79743,Female,24,1,14.0,1,< 1 Year,No,22901.0,152.0,34,0
79815,Male,25,1,10.0,1,< 1 Year,No,27527.0,152.0,297,0
79861,Female,44,1,18.0,1,1-2 Year,No,2630.0,124.0,207,0
79866,Male,59,1,28.0,0,1-2 Year,Yes,27030.0,26.0,211,0
79946,Female,26,1,18.0,0,< 1 Year,Yes,2630.0,160.0,91,1
79959,Female,51,1,8.0,0,1-2 Year,Yes,32431.0,124.0,223,0
80067,Male,22,1,28.0,0,< 1 Year,Yes,63204.0,152.0,122,0
80125,Female,24,1,50.0,0,< 1 Year,Yes,39471.0,151.0,46,0
80325,Male,22,1,15.0,0,< 1 Year,Yes,42563.0,152.0,284,0
80394,Female,25,1,30.0,1,< 1 Year,No,28833.0,152.0,218,0
80396,Male,41,1,28.0,0,1-2 Year,Yes,65299.0,122.0,76,0
80541,Female,45,1,28.0,0,> 2 Years,Yes,36451.0,55.0,106,1
80542,Female,26,1,28.0,0,< 1 Year,Yes,39331.0,26.0,104,0
80812,Female,24,1,47.0,1,< 1 Year,No,29773.0,26.0,91,0
80829,Male,59,1,28.0,0,> 2 Years,Yes,73861.0,26.0,293,1
80891,Male,43,1,46.0,0,1-2 Year,Yes,28034.0,11.0,295,0
80902,Female,43,1,48.0,0,1-2 Year,Yes,2630.0,124.0,32,0
80942,Male,23,1,36.0,1,< 1 Year,No,27841.0,152.0,87,0
81138,Female,52,1,28.0,1,1-2 Year,No,28377.0,124.0,67,0
81151,Female,33,1,7.0,1,< 1 Year,No,2630.0,1.0,263,0
81226,Male,53,1,8.0,0,1-2 Year,Yes,55508.0,25.0,107,0
81336,Male,26,1,50.0,1,< 1 Year,No,36821.0,26.0,212,0
81392,Male,22,1,28.0,1,< 1 Year,No,45479.0,152.0,140,0
81498,Male,35,1,41.0,0,< 1 Year,Yes,47155.0,124.0,53,1
81606,Female,68,1,28.0,0,1-2 Year,Yes,55753.0,26.0,213,1
81649,Male,23,1,33.0,1,< 1 Year,No,2630.0,160.0,78,0
81733,Male,70,1,15.0,0,1-2 Year,Yes,50817.0,26.0,72,0
81745,Female,27,1,25.0,1,< 1 Year,No,34923.0,152.0,132,0
81885,Female,26,1,41.0,1,< 1 Year,No,31007.0,152.0,187,0
81933,Male,69,1,28.0,1,1-2 Year,No,40930.0,26.0,231,0
81999,Male,78,1,28.0,1,1-2 Year,No,46728.0,125.0,256,0
82051,Male,21,1,33.0,1,< 1 Year,No,45507.0,152.0,46,0
82109,Male,28,1,41.0,1,< 1 Year,No,48235.0,152.0,136,0
82127,Female,23,1,35.0,0,< 1 Year,No,27781.0,152.0,146,0
82146,Male,24,1,8.0,1,< 1 Year,No,36014.0,152.0,108,0
82181,Male,33,1,20.0,0,< 1 Year,Yes,2630.0,124.0,30,0
82188,Male,70,1,6.0,1,1-2 Year,No,30550.0,124.0,262,0
82227,Male,40,1,46.0,1,1-2 Year,No,27327.0,124.0,72,0
82291,Male,37,1,31.0,0,1-2 Year,Yes,2630.0,124.0,112,0
82302,Male,28,1,50.0,1,< 1 Year,No,2630.0,152.0,109,0
82407,Male,30,1,8.0,0,1-2 Year,Yes,2630.0,157.0,267,0
82479,Female,54,1,28.0,0,1-2 Year,Yes,2630.0,26.0,75,1
82493,Male,31,1,11.0,1,< 1 Year,No,29414.0,152.0,97,0
82506,Female,24,1,28.0,1,< 1 Year,No,39218.0,152.0,96,0
82617,Male,24,1,28.0,1,< 1 Year,No,31279.0,152.0,43,0
82674,Male,76,1,28.0,0,1-2 Year,Yes,21948.0,122.0,160,0
82754,Male,40,1,11.0,0,1-2 Year,Yes,2630.0,26.0,243,1
82854,Female,34,1,23.0,0,1-2 Year,Yes,21938.0,26.0,129,0
82872,Male,72,1,28.0,0,> 2 Years,Yes,57928.0,42.0,243,0
82996,Male,25,1,28.0,1,< 1 Year,No,36849.0,152.0,245,0
83049,Female,35,1,46.0,0,1-2 Year,Yes,25016.0,124.0,295,0
83111,Male,41,1,41.0,1,1-2 Year,Yes,2630.0,12.0,20,0
83125,Female,38,1,28.0,0,1-2 Year,No,32612.0,124.0,197,0
83171,Male,48,1,28.0,0,1-2 Year,Yes,29680.0,124.0,188,0
83214,Male,40,1,43.0,0,1-2 Year,Yes,40368.0,124.0,168,1
83482,Male,28,1,37.0,0,< 1 Year,Yes,2630.0,152.0,247,0
83524,Female,44,1,33.0,0,1-2 Year,Yes,29215.0,15.0,48,0
83627,Female,53,1,50.0,0,> 2 Years,Yes,44615.0,157.0,234,0
83698,Male,55,1,41.0,0,1-2 Year,No,32037.0,26.0,184,0
83771,Female,21,1,50.0,0,< 1 Year,Yes,37434.0,152.0,277,0
83834,Male,64,1,12.0,0,1-2 Year,Yes,36059.0,26.0,109,0
83860,Female,48,1,3.0,1,1-2 Year,No,2630.0,122.0,225,0
83866,Male,50,1,16.0,1,1-2 Year,Yes,43193.0,124.0,218,0
83909,Male,46,1,36.0,0,1-2 Year,Yes,31097.0,124.0,277,0
83954,Female,22,1,22.0,0,< 1 Year,No,25711.0,152.0,159,0
84063,Female,31,1,37.0,0,< 1 Year,Yes,25866.0,152.0,254,0
84098,Male,46,1,28.0,0,1-2 Year,Yes,28665.0,124.0,35,0
84171,Female,32,1,8.0,1,< 1 Year,No,36793.0,152.0,284,0
84215,Female,22,1,41.0,1,< 1 Year,No,32462.0,152.0,97,0
84267,Male,55,1,46.0,0,< 1 Year,Yes,2630.0,1.0,175,0
84475,Female,23,1,14.0,1,< 1 Year,No,24017.0,152.0,71,0
84514,Male,23,1,23.0,1,< 1 Year,No,31471.0,152.0,193,0
84616,Female,63,1,48.0,0,1-2 Year,Yes,2630.0,26.0,297,1
84695,Male,56,1,33.0,0,1-2 Year,No,38353.0,124.0,199,0
84836,Male,73,1,28.0,1,1-2 Year,No,44360.0,26.0,101,0
85209,Female,53,1,47.0,0,1-2 Year,Yes,32861.0,26.0,295,0
85289,Female,26,1,28.0,1,< 1 Year,No,38148.0,152.0,247,0
85321,Female,44,1,8.0,1,1-2 Year,Yes,63775.0,7.0,159,0
85410,Male,39,1,28.0,1,1-2 Year,No,31961.0,26.0,178,0
85491,Male,25,1,8.0,0,< 1 Year,Yes,36340.0,152.0,41,0
85501,Female,34,1,23.0,1,< 1 Year,No,24249.0,152.0,40,0
85517,Female,25,1,6.0,1,< 1 Year,No,33607.0,152.0,214,0
85846,Female,22,1,8.0,1,< 1 Year,No,42100.0,152.0,116,0
85934,Male,67,1,18.0,0,1-2 Year,Yes,50426.0,131.0,90,0
86011,Female,26,1,41.0,1,< 1 Year,No,127942.0,152.0,188,0
86062,Male,64,1,48.0,0,> 2 Years,Yes,2630.0,26.0,66,0
86160,Male,62,1,41.0,0,1-2 Year,Yes,29379.0,26.0,153,1
86202,Female,44,1,28.0,0,1-2 Year,Yes,47358.0,124.0,162,0
86223,Male,42,1,28.0,0,1-2 Year,Yes,29056.0,25.0,135,1
86310,Female,64,1,28.0,1,1-2 Year,No,30125.0,124.0,88,0
86345,Female,24,1,46.0,1,< 1 Year,No,23250.0,152.0,290,0
86357,Female,26,1,22.0,1,< 1 Year,No,33537.0,152.0,227,0
86361,Female,53,1,46.0,0,> 2 Years,Yes,42255.0,163.0,155,1
86520,Female,21,1,8.0,1,< 1 Year,No,43429.0,160.0,148,0
86552,Male,34,1,28.0,0,1-2 Year,Yes,88411.0,157.0,70,1
86731,Male,30,1,12.0,1,< 1 Year,No,26763.0,152.0,23,0
86888,Female,51,1,3.0,1,1-2 Year,Yes,26304.0,30.0,74,0
87222,Female,37,1,37.0,1,1-2 Year,No,35923.0,152.0,134,0
87228,Female,29,1,28.0,1,< 1 Year,No,40071.0,152.0,100,0
87248,Male,37,1,8.0,1,1-2 Year,No,22047.0,124.0,203,0
87259,Female,25,1,13.0,1,< 1 Year,No,27204.0,152.0,30,0
87280,Male,22,1,41.0,0,< 1 Year,No,31556.0,154.0,42,0
87564,Male,53,1,28.0,0,1-2 Year,Yes,59797.0,124.0,178,0
87585,Male,35,1,20.0,1,1-2 Year,No,2630.0,124.0,85,0
87606,Male,58,1,15.0,0,1-2 Year,Yes,37494.0,124.0,244,0
87616,Male,45,1,28.0,0,1-2 Year,Yes,48031.0,124.0,290,0
87678,Male,27,1,27.0,0,< 1 Year,Yes,28133.0,152.0,232,0
87746,Female,27,1,41.0,1,< 1 Year,No,29309.0,152.0,167,0
87941,Male,30,1,42.0,0,1-2 Year,No,2630.0,124.0,256,0
87944,Male,26,1,5.0,1,< 1 Year,No,26394.0,152.0,139,0
87956,Male,31,1,23.0,0,1-2 Year,Yes,21081.0,124.0,201,1
87998,Female,33,1,29.0,1,< 1 Year,No,28319.0,152.0,217,0
88234,Male,36,1,11.0,1,1-2 Year,No,70106.0,152.0,287,0
88261,Male,37,1,5.0,0,1-2 Year,No,21643.0,124.0,84,0
88262,Male,29,1,16.0,0,< 1 Year,Yes,33464.0,151.0,66,0
88361,Female,23,1,37.0,0,< 1 Year,No,34045.0,152.0,32,0
88456,Male,50,1,28.0,0,1-2 Year,Yes,33408.0,122.0,225,0
88552,Female,25,1,35.0,1,< 1 Year,No,24228.0,152.0,169,0
88676,Female,32,1,36.0,0,< 1 Year,Yes,34043.0,124.0,284,0
88755,Male,41,1,41.0,0,1-2 Year,Yes,46068.0,12.0,119,0
88802,Male,59,1,29.0,0,1-2 Year,Yes,2630.0,124.0,94,0
88804,Male,27,1,3.0,1,< 1 Year,No,38201.0,152.0,199,0
88923,Male,21,1,6.0,1,< 1 Year,Yes,21671.0,160.0,243,0
88945,Female,24,1,8.0,1,< 1 Year,No,2630.0,152.0,248,0
89132,Male,24,1,8.0,1,< 1 Year,No,43616.0,152.0,226,0
89224,Female,48,1,28.0,0,1-2 Year,Yes,48432.0,122.0,47,1
89244,Female,29,1,6.0,1,< 1 Year,No,2630.0,160.0,241,0
89327,Male,22,1,2.0,1,< 1 Year,No,29302.0,152.0,55,0
89332,Male,49,1,46.0,0,1-2 Year,Yes,30928.0,26.0,255,0
89416,Female,49,1,28.0,1,1-2 Year,No,57671.0,120.0,175,0
89421,Male,24,1,3.0,1,< 1 Year,No,25914.0,152.0,135,0
89515,Male,25,1,36.0,1,< 1 Year,No,2630.0,124.0,38,0
89536,Female,41,1,3.0,0,1-2 Year,No,26835.0,152.0,12,0
89707,Female,65,1,28.0,0,1-2 Year,Yes,29502.0,23.0,32,0
89963,Female,37,1,28.0,0,1-2 Year,Yes,43977.0,154.0,110,0
90043,Male,38,1,41.0,0,1-2 Year,Yes,2630.0,156.0,206,0
90109,Female,48,1,25.0,1,1-2 Year,No,2630.0,152.0,281,0
90175,Female,40,1,10.0,0,1-2 Year,Yes,30259.0,124.0,55,0
90249,Female,21,1,5.0,1,< 1 Year,Yes,2630.0,160.0,264,0
90336,Male,73,0,28.0,0,1-2 Year,Yes,58483.0,26.0,273,0
90405,Male,65,1,50.0,0,1-2 Year,Yes,35036.0,124.0,110,0
90424,Female,25,1,13.0,1,< 1 Year,No,28549.0,152.0,136,0
90465,Female,41,1,28.0,0,1-2 Year,Yes,26002.0,60.0,272,0
90524,Male,40,1,48.0,1,1-2 Year,No,2630.0,15.0,185,0
90531,Female,34,1,21.0,1,1-2 Year,No,33021.0,152.0,160,0
90558,Female,20,1,45.0,1,< 1 Year,No,23624.0,160.0,44,0
90697,Male,48,1,6.0,0,1-2 Year,Yes,34520.0,124.0,162,0
90792,Male,58,1,28.0,0,1-2 Year,Yes,37209.0,124.0,39,0
90807,Female,37,1,8.0,1,1-2 Year,No,51788.0,152.0,281,0
90873,Female,49,1,28.0,0,1-2 Year,Yes,29666.0,26.0,118,0
90938,Female,46,1,8.0,0,1-2 Year,Yes,35622.0,124.0,174,0
90977,Female,23,1,30.0,1,< 1 Year,No,43916.0,152.0,180,0
91022,Female,55,1,3.0,0,1-2 Year,Yes,29292.0,154.0,218,0
91157,Male,51,1,28.0,0,> 2 Years,Yes,30119.0,124.0,165,1
91188,Male,29,1,18.0,0,1-2 Year,No,31889.0,131.0,176,0
91205,Male,47,1,28.0,0,> 2 Years,Yes,2630.0,26.0,215,1
91368,Male,22,1,13.0,0,< 1 Year,No,34775.0,152.0,150,0
91411,Female,24,1,6.0,1,< 1 Year,No,24904.0,152.0,109,0
91599,Male,28,1,28.0,0,1-2 Year,Yes,25625.0,157.0,22,0
91788,Female,21,1,6.0,1,< 1 Year,No,35345.0,152.0,185,0
91845,Male,75,1,30.0,1,1-2 Year,No,23823.0,26.0,133,0
91895,Male,64,1,28.0,0,1-2 Year,Yes,58016.0,26.0,139,0
92114,Female,63,1,8.0,1,1-2 Year,No,37822.0,124.0,62,0
92148,Female,46,1,50.0,1,1-2 Year,No,26656.0,124.0,20,0
92157,Female,70,1,28.0,1,1-2 Year,No,34999.0,26.0,124,0
92179,Female,45,1,28.0,0,1-2 Year,Yes,59280.0,26.0,27,1
92197,Female,21,1,33.0,1,< 1 Year,No,25964.0,152.0,115,0
92271,Male,24,1,33.0,1,< 1 Year,No,20328.0,152.0,266,0
92285,Male,65,1,28.0,0,1-2 Year,Yes,42585.0,124.0,187,0
92306,Female,28,1,28.0,0,< 1 Year,Yes,46042.0,152.0,83,0
92635,Female,22,1,39.0,0,< 1 Year,Yes,28223.0,152.0,255,0
92703,Female,44,1,28.0,0,> 2 Years,Yes,43348.0,26.0,237,1
92735,Male,37,1,28.0,1,1-2 Year,Yes,42963.0,26.0,258,0
92882,Female,23,1,28.0,0,1-2 Year,Yes,33983.0,122.0,296,0
92887,Female,32,1,28.0,0,1-2 Year,Yes,40352.0,31.0,158,0
92914,Female,36,1,21.0,0,1-2 Year,No,21802.0,154.0,135,0
92925,Male,21,1,24.0,0,< 1 Year,Yes,2630.0,160.0,280,0
92965,Male,45,1,28.0,1,1-2 Year,No,31034.0,124.0,195,0
92985,Female,35,1,3.0,1,1-2 Year,No,36999.0,152.0,165,0
93135,Male,51,1,7.0,0,1-2 Year,Yes,34552.0,26.0,61,0
93202,Female,66,1,28.0,0,1-2 Year,Yes,50070.0,124.0,95,0
93214,Female,25,1,36.0,1,< 1 Year,No,34834.0,152.0,70,0
93331,Male,33,1,20.0,1,1-2 Year,No,2630.0,124.0,272,0
93417,Female,46,1,28.0,0,1-2 Year,Yes,42782.0,26.0,260,0
93463,Male,21,1,39.0,1,< 1 Year,Yes,2630.0,160.0,225,0
93472,Male,62,1,41.0,0,1-2 Year,Yes,37333.0,124.0,111,0
93473,Male,55,1,15.0,0,> 2 Years,Yes,2630.0,157.0,135,1
93514,Female,25,1,39.0,0,< 1 Year,No,37474.0,151.0,257,0
93515,Female,28,1,41.0,1,< 1 Year,No,33435.0,152.0,103,0
93566,Female,27,1,39.0,0,< 1 Year,Yes,32283.0,26.0,100,0
93586,Male,48,1,28.0,0,1-2 Year,Yes,33966.0,26.0,235,0
93707,Male,24,1,48.0,1,< 1 Year,No,2630.0,152.0,185,0
93783,Male,23,1,32.0,1,< 1 Year,No,29129.0,152.0,111,0
93973,Male,21,1,18.0,0,1-2 Year,Yes,27507.0,154.0,78,0
94161,Male,27,1,6.0,1,< 1 Year,No,23160.0,152.0,87,0
94178,Female,21,1,46.0,1,< 1 Year,No,48371.0,152.0,30,0
94215,Female,56,1,28.0,0,> 2 Years,Yes,76769.0,26.0,14,1
94255,Male,62,1,46.0,1,1-2 Year,Yes,37320.0,26.0,24,0
94364,Male,30,1,28.0,1,< 1 Year,No,35669.0,152.0,63,0
94624,Female,47,1,17.0,1,1-2 Year,No,2630.0,26.0,24,0
94658,Male,23,1,12.0,0,< 1 Year,Yes,2630.0,151.0,19,0
94692,Male,26,1,47.0,0,< 1 Year,Yes,2630.0,156.0,70,0
94711,Female,21,1,28.0,0,< 1 Year,Yes,2630.0,158.0,285,1
94720,Female,34,1,6.0,0,1-2 Year,Yes,39709.0,124.0,116,0
94730,Male,46,1,33.0,0,1-2 Year,Yes,27889.0,124.0,197,0
94764,Female,34,1,28.0,1,1-2 Year,No,39061.0,152.0,163,0
94831,Male,28,1,30.0,1,< 1 Year,No,33107.0,152.0,255,0
94979,Male,46,1,20.0,0,1-2 Year,Yes,2630.0,26.0,279,1
94983,Male,55,1,28.0,1,1-2 Year,No,57603.0,26.0,74,0
95035,Male,31,1,41.0,0,< 1 Year,Yes,30125.0,160.0,74,0
95086,Male,49,1,28.0,0,1-2 Year,Yes,50521.0,26.0,199,1
95193,Female,52,1,28.0,0,1-2 Year,Yes,35337.0,26.0,119,1
95449,Male,45,1,28.0,0,1-2 Year,Yes,48552.0,124.0,202,0
95556,Male,44,1,28.0,0,1-2 Year,Yes,2630.0,124.0,194,0
95584,Female,44,1,11.0,0,1-2 Year,Yes,38311.0,124.0,240,1
95590,Male,52,1,46.0,0,1-2 Year,Yes,27469.0,124.0,38,1
95608,Male,23,1,45.0,1,< 1 Year,No,25547.0,152.0,67,0
95673,Male,36,1,28.0,0,> 2 Years,Yes,63420.0,124.0,193,0
95842,Male,23,1,50.0,0,< 1 Year,Yes,35824.0,152.0,20,0
96096,Female,50,1,28.0,0,1-2 Year,Yes,44973.0,26.0,53,0
96140,Male,65,1,41.0,0,> 2 Years,Yes,39182.0,3.0,280,0
96146,Male,61,1,2.0,1,1-2 Year,No,42619.0,26.0,35,0
96153,Male,30,1,28.0,0,1-2 Year,Yes,66673.0,122.0,270,0
96176,Female,50,1,37.0,0,1-2 Year,Yes,29562.0,4.0,73,0
96181,Male,77,1,8.0,1,1-2 Year,No,42663.0,7.0,70,0
96302,Female,69,1,28.0,0,> 2 Years,Yes,29224.0,122.0,264,0
96353,Male,33,1,0.0,1,1-2 Year,No,2630.0,9.0,31,0
96478,Female,28,1,46.0,0,< 1 Year,Yes,31995.0,152.0,255,0
96534,Male,54,1,29.0,0,1-2 Year,Yes,2630.0,156.0,196,0
96553,Female,44,1,8.0,1,1-2 Year,Yes,48217.0,124.0,71,0
96574,Female,28,1,40.0,1,< 1 Year,No,32432.0,152.0,134,0
96611,Male,24,1,18.0,0,< 1 Year,Yes,33160.0,152.0,113,0
96649,Male,57,1,28.0,0,1-2 Year,Yes,46197.0,124.0,84,0
96754,Female,22,1,36.0,1,< 1 Year,No,33568.0,152.0,82,0
96782,Male,40,1,21.0,1,1-2 Year,No,33411.0,124.0,255,0
97061,Female,40,1,33.0,0,1-2 Year,Yes,36774.0,26.0,253,0
97067,Female,22,1,3.0,1,< 1 Year,No,22801.0,152.0,247,0
97149,Male,43,1,28.0,0,1-2 Year,Yes,37593.0,26.0,290,0
97249,Male,26,1,28.0,1,< 1 Year,No,38792.0,152.0,42,0
97389,Male,20,1,29.0,0,1-2 Year,Yes,2630.0,156.0,69,1
97505,Male,55,1,28.0,0,1-2 Year,Yes,50704.0,124.0,230,0
97514,Male,23,1,28.0,0,< 1 Year,Yes,2630.0,26.0,157,1
97606,Male,22,1,24.0,0,< 1 Year,Yes,22550.0,152.0,133,0
97620,Male,36,1,8.0,0,< 1 Year,No,2630.0,1.0,125,0
98015,Female,22,1,49.0,0,< 1 Year,Yes,33907.0,152.0,214,0
98051,Male,45,1,46.0,0,1-2 Year,Yes,2630.0,124.0,273,0
98146,Male,21,1,28.0,1,< 1 Year,No,55923.0,152.0,167,0
98331,Male,50,1,28.0,0,1-2 Year,Yes,45736.0,26.0,122,0
98339,Female,52,1,8.0,1,1-2 Year,No,34157.0,7.0,96,0
98451,Male,24,1,8.0,1,< 1 Year,No,69282.0,152.0,243,0
98530,Male,37,1,46.0,0,1-2 Year,Yes,33672.0,11.0,107,0
98545,Male,40,1,29.0,1,1-2 Year,No,28934.0,124.0,112,0
98572,Female,24,1,33.0,1,< 1 Year,Yes,2630.0,160.0,48,0
98640,Female,22,1,8.0,1,< 1 Year,No,36237.0,152.0,154,0
98657,Male,33,1,28.0,1,1-2 Year,No,36864.0,124.0,114,0
98902,Female,24,1,8.0,1,< 1 Year,No,33877.0,160.0,191,0
98909,Female,47,1,30.0,0,> 2 Years,Yes,28481.0,26.0,268,0
98983,Female,25,1,41.0,1,< 1 Year,No,34663.0,152.0,298,0
99007,Female,21,1,50.0,1,< 1 Year,No,36269.0,160.0,77,0
99179,Male,60,1,35.0,0,1-2 Year,Yes,29902.0,124.0,107,0
99422,Male,23,1,8.0,1,< 1 Year,No,44344.0,152.0,148,0
99569,Female,55,1,2.0,0,1-2 Year,Yes,50007.0,152.0,123,0
99585,Male,36,1,28.0,1,1-2 Year,No,46383.0,124.0,126,0
99589,Male,42,1,28.0,0,1-2 Year,Yes,34408.0,124.0,225,0
99595,Male,32,1,28.0,0,1-2 Year,No,51617.0,124.0,197,0
99670,Male,43,1,6.0,1,1-2 Year,No,29908.0,26.0,230,0
99916,Female,29,1,20.0,0,1-2 Year,No,2630.0,124.0,278,0
100001,Male,24,1,36.0,0,< 1 Year,Yes,2630.0,160.0,268,0
100084,Male,56,1,8.0,1,1-2 Year,No,30885.0,26.0,282,0
100138,Female,27,1,21.0,0,1-2 Year,Yes,2630.0,26.0,216,0
100654,Female,25,1,36.0,1,< 1 Year,No,31233.0,152.0,142,0
100660,Male,26,1,50.0,0,1-2 Year,Yes,2630.0,156.0,132,0
100665,Female,24,1,46.0,0,< 1 Year,Yes,2630.0,152.0,73,0
100676,Female,38,1,31.0,1,1-2 Year,No,2630.0,124.0,220,0
100774,Male,42,1,45.0,0,< 1 Year,No,2630.0,1.0,211,0
100804,Female,24,1,41.0,1,< 1 Year,No,28832.0,152.0,50,0
100917,Male,46,1,9.0,0,1-2 Year,Yes,26179.0,154.0,200,0
100991,Male,22,1,41.0,0,1-2 Year,Yes,32556.0,163.0,57,0
101081,Female,28,1,2.0,0,< 1 Year,Yes,31828.0,152.0,24,0
101105,Female,21,1,8.0,0,< 1 Year,Yes,49462.0,152.0,247,0
101292,Female,24,1,14.0,1,< 1 Year,No,19960.0,152.0,157,0
101536,Female,42,1,28.0,0,1-2 Year,Yes,37541.0,26.0,198,1
101587,Female,23,1,46.0,1,< 1 Year,No,28662.0,152.0,28,0
101623,Male,44,1,21.0,1,1-2 Year,No,25467.0,26.0,230,0
101651,Male,74,1,28.0,0,1-2 Year,No,30247.0,26.0,46,1
101715,Female,64,1,33.0,0,1-2 Year,Yes,42435.0,124.0,100,0
101797,Male,29,1,3.0,0,1-2 Year,No,37383.0,154.0,63,0
101804,Female,24,1,41.0,1,< 1 Year,No,29768.0,152.0,194,0
101961,Male,30,1,36.0,1,< 1 Year,No,32817.0,152.0,144,0
102069,Female,77,1,28.0,0,1-2 Year,No,2630.0,26.0,76,0
102136,Female,25,1,41.0,1,< 1 Year,No,34635.0,152.0,191,0
102168,Male,25,1,15.0,0,< 1 Year,No,37457.0,152.0,130,0
102418,Male,45,1,8.0,0,1-2 Year,Yes,36290.0,124.0,109,1
102478,Male,66,1,39.0,1,1-2 Year,No,2630.0,26.0,279,0
102496,Female,32,1,50.0,1,< 1 Year,No,26450.0,152.0,84,0
102553,Female,24,1,24.0,0,< 1 Year,Yes,43336.0,152.0,171,0
102569,Male,51,1,29.0,0,1-2 Year,Yes,29036.0,124.0,246,1
102667,Male,49,1,28.0,1,1-2 Year,No,26523.0,26.0,187,0
102699,Male,44,1,41.0,1,1-2 Year,No,32805.0,124.0,170,0
102807,Male,50,1,28.0,0,1-2 Year,Yes,54177.0,26.0,45,0
102920,Female,40,1,31.0,1,1-2 Year,No,2630.0,124.0,174,0
102935,Male,21,1,8.0,1,< 1 Year,No,44951.0,160.0,193,0
103055,Male,41,1,21.0,0,1-2 Year,Yes,25368.0,26.0,86,1
103173,Female,37,1,28.0,1,1-2 Year,Yes,32793.0,124.0,234,0
103176,Male,23,1,10.0,0,< 1 Year,No,23496.0,152.0,187,0
103195,Female,23,1,29.0,0,< 1 Year,Yes,72303.0,152.0,168,0
103375,Male,68,1,30.0,0,1-2 Year,Yes,28108.0,26.0,228,0
103450,Female,59,1,28.0,0,1-2 Year,Yes,2630.0,26.0,129,0
103465,Male,71,1,29.0,0,1-2 Year,Yes,36307.0,26.0,179,0
103469,Male,28,1,33.0,1,< 1 Year,No,45165.0,152.0,235,0
103531,Male,41,1,30.0,1,1-2 Year,No,25542.0,124.0,294,0
103565,Male,35,1,28.0,0,1-2 Year,No,46115.0,26.0,265,0
103610,Male,52,1,28.0,0,1-2 Year,Yes,27268.0,26.0,164,1
103642,Male,43,1,15.0,0,1-2 Year,Yes,2630.0,154.0,193,0
103649,Male,20,1,30.0,1,< 1 Year,No,28337.0,160.0,146,0
103716,Male,22,1,30.0,1,< 1 Year,No,30024.0,152.0,22,0
103878,Female,62,1,28.0,0,> 2 Years,Yes,37128.0,26.0,138,1
103961,Male,22,1,3.0,1,< 1 Year,No,38685.0,152.0,117,0
104005,Female,71,1,28.0,0,> 2 Years,Yes,44809.0,122.0,48,0
104051,Female,48,1,8.0,0,1-2 Year,Yes,45684.0,124.0,57,0
104220,Female,66,1,41.0,1,1-2 Year,No,29573.0,154.0,277,0
104230,Male,48,1,28.0,0,1-2 Year,Yes,53248.0,124.0,59,0
104279,Male,25,1,45.0,0,< 1 Year,Yes,28074.0,152.0,95,0
104471,Male,41,1,26.0,0,1-2 Year,Yes,35408.0,120.0,276,0
104502,Male,23,1,8.0,0,< 1 Year,No,54865.0,160.0,180,0
104510,Male,30,1,45.0,0,1-2 Year,Yes,2630.0,163.0,134,1
104658,Female,21,1,46.0,1,< 1 Year,No,21161.0,152.0,143,0
104750,Female,45,1,11.0,1,1-2 Year,No,21733.0,122.0,17,0
104866,Female,41,1,38.0,1,1-2 Year,No,44993.0,155.0,83,0
105094,Female,42,1,28.0,0,1-2 Year,No,42282.0,124.0,162,0
105116,Male,49,1,28.0,0,1-2 Year,Yes,86719.0,26.0,17,0
105131,Male,45,1,28.0,0,1-2 Year,No,2630.0,156.0,248,0
105280,Male,28,1,8.0,1,< 1 Year,No,2630.0,160.0,179,0
105300,Male,25,1,46.0,1,< 1 Year,No,38366.0,152.0,283,0
105449,Male,52,1,8.0,1,1-2 Year,No,37458.0,152.0,189,0
105487,Female,46,1,28.0,0,1-2 Year,Yes,81127.0,124.0,234,1
105513,Male,22,1,16.0,0,< 1 Year,Yes,28498.0,152.0,152,0
105824,Male,28,1,38.0,1,< 1 Year,No,2630.0,152.0,178,0
105876,Male,24,1,15.0,0,< 1 Year,Yes,27692.0,152.0,291,0
105931,Male,45,1,15.0,0,1-2 Year,No,30531.0,124.0,176,0
105978,Female,74,1,36.0,0,1-2 Year,Yes,34599.0,152.0,233,0
106068,Female,52,1,8.0,0,1-2 Year,Yes,27669.0,124.0,132,0
106086,Male,66,1,37.0,0,> 2 Years,Yes,35623.0,128.0,170,0
106090,Female,54,1,28.0,0,1-2 Year,Yes,39168.0,26.0,126,0
106178,Female,62,1,2.0,0,1-2 Year,Yes,34189.0,124.0,289,0
106191,Male,43,1,28.0,0,> 2 Years,Yes,36013.0,26.0,79,1
106339,Female,21,1,36.0,1,< 1 Year,No,39751.0,160.0,124,0
106394,Female,52,1,28.0,0,1-2 Year,Yes,50245.0,26.0,91,0
106401,Female,28,1,46.0,1,< 1 Year,No,31954.0,152.0,279,0
106457,Male,34,1,36.0,1,1-2 Year,No,2630.0,160.0,55,0
106833,Female,64,1,45.0,1,1-2 Year,No,45928.0,124.0,245,0
106847,Female,21,1,47.0,0,< 1 Year,No,39259.0,160.0,174,0
107083,Male,77,1,28.0,1,1-2 Year,No,36564.0,26.0,75,0
107171,Male,40,1,28.0,1,1-2 Year,No,25941.0,29.0,110,0
107183,Male,22,1,36.0,0,< 1 Year,No,36749.0,152.0,170,0
107268,Female,24,1,6.0,0,< 1 Year,Yes,36117.0,152.0,98,0
107368,Male,26,1,21.0,1,< 1 Year,No,2630.0,152.0,288,0
107372,Female,38,1,33.0,0,1-2 Year,Yes,30747.0,26.0,215,0
107439,Male,55,1,28.0,0,1-2 Year,Yes,32901.0,61.0,15,0
107472,Male,62,1,8.0,1,1-2 Year,No,36454.0,26.0,79,0
107519,Male,55,1,28.0,0,1-2 Year,Yes,47646.0,4.0,196,0
107597,Female,29,1,15.0,0,< 1 Year,Yes,2630.0,152.0,245,0
107625,Male,29,1,28.0,0,< 1 Year,Yes,41641.0,156.0,185,1
107646,Male,34,1,35.0,0,1-2 Year,Yes,2630.0,156.0,287,0
107649,Male,41,1,28.0,1,1-2 Year,No,34444.0,26.0,219,0
107703,Male,81,1,50.0,1,1-2 Year,No,21901.0,26.0,136,0
107811,Female,30,1,50.0,1,< 1 Year,No,35985.0,152.0,183,0
107885,Male,46,1,28.0,0,1-2 Year,Yes,2630.0,25.0,79,0
108037,Female,44,1,28.0,0,1-2 Year,Yes,2630.0,26.0,214,0
108116,Female,56,1,45.0,0,1-2 Year,Yes,32140.0,13.0,120,1
108163,Female,50,1,8.0,0,1-2 Year,Yes,43193.0,26.0,122,1
108265,Female,60,1,46.0,0,1-2 Year,Yes,25721.0,124.0,36,1
108406,Male,23,1,17.0,1,< 1 Year,No,39234.0,152.0,155,0
108483,Female,52,1,28.0,0,1-2 Year,Yes,2630.0,124.0,166,0
108571,Female,39,1,28.0,1,1-2 Year,No,24302.0,124.0,47,0
108580,Female,26,1,46.0,1,< 1 Year,No,36169.0,152.0,13,0
108840,Female,21,1,36.0,0,< 1 Year,Yes,25780.0,160.0,34,0
108922,Male,23,1,18.0,1,< 1 Year,No,31772.0,152.0,267,0
108955,Female,26,1,24.0,0,< 1 Year,Yes,2630.0,152.0,64,0
108961,Female,38,1,18.0,0,1-2 Year,No,28596.0,26.0,23,0
109204,Male,22,1,2.0,1,< 1 Year,No,33907.0,152.0,97,0
109414,Female,54,1,28.0,0,> 2 Years,Yes,2630.0,124.0,173,0
109444,Male,36,1,28.0,0,1-2 Year,Yes,20805.0,124.0,121,0
109480,Male,45,1,28.0,0,1-2 Year,Yes,33516.0,124.0,296,1
109623,Female,56,1,28.0,0,> 2 Years,Yes,79939.0,124.0,215,0
109723,Male,51,1,28.0,0,1-2 Year,Yes,49874.0,124.0,129,1
109902,Male,26,1,29.0,1,< 1 Year,No,36685.0,152.0,103,0
109983,Male,40,1,28.0,1,1-2 Year,No,46065.0,124.0,66,0
109989,Male,52,1,0.0,0,1-2 Year,Yes,2630.0,124.0,268,0
110005,Male,52,1,46.0,0,1-2 Year,Yes,33501.0,26.0,182,1
110059,Female,24,1,28.0,1,< 1 Year,No,26597.0,152.0,213,0
110189,Female,63,1,8.0,0,1-2 Year,Yes,2630.0,7.0,295,0
110250,Male,47,1,28.0,0,1-2 Year,Yes,48767.0,26.0,85,0
110294,Male,31,1,45.0,1,< 1 Year,No,20802.0,152.0,88,0
110314,Female,36,1,28.0,0,1-2 Year,Yes,43442.0,154.0,290,1
110381,Male,26,1,13.0,1,< 1 Year,No,24621.0,152.0,257,0
110421,Female,73,1,28.0,0,> 2 Years,Yes,44038.0,124.0,161,0
110444,Male,22,1,41.0,0,< 1 Year,Yes,33642.0,152.0,282,0
110539,Female,58,1,15.0,0,1-2 Year,Yes,2630.0,14.0,155,0
110556,Male,23,1,15.0,0,< 1 Year,Yes,28379.0,152.0,226,1
110576,Male,37,1,28.0,0,1-2 Year,Yes,34220.0,61.0,130,0
110665,Male,64,1,15.0,1,1-2 Year,No,37503.0,124.0,30,0
110810,Male,54,1,28.0,1,1-2 Year,No,34544.0,14.0,243,0
111072,Male,40,1,41.0,1,1-2 Year,No,22955.0,124.0,82,0
111113,Female,24,1,28.0,0,< 1 Year,Yes,26847.0,124.0,77,0
111165,Male,43,1,39.0,1,1-2 Year,No,2630.0,26.0,251,0
111350,Male,59,1,28.0,1,1-2 Year,No,63336.0,26.0,46,0
111453,Male,67,1,29.0,0,1-2 Year,No,2630.0,156.0,229,0
111486,Male,21,1,8.0,0,< 1 Year,Yes,34990.0,160.0,278,0
111490,Female,26,1,50.0,1,< 1 Year,No,31525.0,152.0,268,0
111494,Female,22,1,50.0,0,< 1 Year,Yes,30891.0,152.0,138,0
111497,Female,44,1,14.0,0,1-2 Year,Yes,26940.0,26.0,181,0
111515,Male,21,1,13.0,0,< 1 Year,Yes,40324.0,152.0,117,1
111559,Male,25,1,28.0,0,< 1 Year,Yes,22365.0,26.0,222,0
111577,Male,33,1,24.0,0,< 1 Year,Yes,2630.0,154.0,147,0
111646,Female,66,1,50.0,1,1-2 Year,No,51162.0,8.0,250,0
111734,Male,42,1,49.0,0,1-2 Year,Yes,32375.0,124.0,143,1
111757,Female,23,1,14.0,1,< 1 Year,No,24236.0,152.0,291,0
111806,Male,49,1,28.0,0,> 2 Years,Yes,2630.0,124.0,155,0
111817,Male,24,1,28.0,1,< 1 Year,No,30762.0,152.0,96,0
111951,Male,24,1,13.0,1,< 1 Year,No,22135.0,152.0,58,0
111964,Female,26,1,11.0,1,< 1 Year,No,21135.0,152.0,127,0
112036,Male,24,1,35.0,0,< 1 Year,Yes,38572.0,124.0,111,0
112065,Male,24,1,46.0,1,< 1 Year,No,32859.0,160.0,125,0
112178,Female,41,1,46.0,0,1-2 Year,Yes,30950.0,124.0,231,1
112190,Female,45,1,28.0,0,1-2 Year,Yes,35745.0,124.0,199,1
112202,Female,25,1,15.0,1,< 1 Year,No,2630.0,151.0,183,0
112273,Male,38,1,28.0,0,1-2 Year,Yes,29642.0,156.0,208,1
112389,Female,23,1,49.0,1,< 1 Year,No,29035.0,26.0,147,0
112483,Male,30,1,7.0,1,1-2 Year,No,49017.0,163.0,189,0
112507,Male,38,1,28.0,0,1-2 Year,Yes,31302.0,25.0,271,0
112518,Male,65,1,45.0,0,1-2 Year,Yes,2630.0,157.0,122,0
112573,Female,22,1,3.0,1,< 1 Year,No,50142.0,152.0,115,0
112583,Male,43,1,47.0,1,1-2 Year,No,35638.0,16.0,56,0
112604,Male,49,1,8.0,0,1-2 Year,Yes,42000.0,26.0,189,0
112624,Female,26,1,30.0,1,< 1 Year,No,48166.0,152.0,263,0
112654,Female,22,1,41.0,1,< 1 Year,No,22283.0,160.0,139,0
112677,Male,48,1,8.0,0,1-2 Year,Yes,41147.0,124.0,150,0
112692,Male,39,1,8.0,0,1-2 Year,Yes,38001.0,124.0,137,0
112757,Female,60,1,12.0,1,1-2 Year,No,35704.0,26.0,33,0
112782,Female,41,1,38.0,1,1-2 Year,No,24311.0,26.0,138,0
112895,Male,30,1,35.0,1,< 1 Year,No,36915.0,152.0,62,0
113104,Male,57,1,8.0,1,1-2 Year,No,47347.0,124.0,110,0
113210,Female,24,1,28.0,0,< 1 Year,Yes,27284.0,151.0,30,0
113287,Male,29,1,46.0,0,< 1 Year,Yes,34637.0,26.0,10,1
113289,Male,26,1,27.0,1,< 1 Year,No,33309.0,152.0,191,0
113296,Male,67,1,28.0,0,1-2 Year,Yes,25884.0,26.0,150,0
113311,Female,52,1,28.0,0,1-2 Year,Yes,26009.0,26.0,178,1
113312,Male,63,1,15.0,0,1-2 Year,Yes,57970.0,152.0,25,0
113341,Male,73,1,28.0,0,1-2 Year,No,43030.0,122.0,58,0
113343,Male,21,1,10.0,0,< 1 Year,Yes,30266.0,160.0,121,1
113402,Male,66,1,28.0,0,1-2 Year,Yes,58143.0,124.0,277,0
113411,Male,57,1,28.0,0,1-2 Year,Yes,30087.0,124.0,144,0
113426,Female,58,1,41.0,1,1-2 Year,No,41362.0,26.0,157,0
113569,Female,25,1,8.0,1,< 1 Year,No,36730.0,152.0,194,0
113577,Male,44,1,8.0,0,1-2 Year,Yes,2630.0,124.0,38,0
113648,Male,45,1,41.0,0,1-2 Year,Yes,23316.0,124.0,286,0
113677,Male,44,1,18.0,0,1-2 Year,Yes,38901.0,124.0,98,0
113722,Male,48,1,28.0,0,> 2 Years,Yes,38033.0,122.0,100,1
113847,Female,21,1,9.0,0,< 1 Year,Yes,40609.0,122.0,39,0
113877,Male,21,1,7.0,1,< 1 Year,No,53223.0,160.0,235,0
113916,Male,49,1,36.0,0,1-2 Year,Yes,37797.0,124.0,293,0
113940,Male,31,1,11.0,1,< 1 Year,No,29587.0,152.0,233,0
114046,Female,22,1,15.0,1,< 1 Year,No,28335.0,152.0,160,0
114139,Male,54,1,8.0,0,1-2 Year,Yes,43649.0,124.0,226,0
114154,Female,52,1,28.0,0,1-2 Year,Yes,21987.0,124.0,153,0
114227,Female,48,1,28.0,0,1-2 Year,Yes,52209.0,124.0,87,0
114230,Male,57,1,8.0,1,1-2 Year,No,2630.0,124.0,98,0
114385,Female,25,1,46.0,1,< 1 Year,No,23556.0,152.0,107,0
114551,Female,28,1,7.0,1,< 1 Year,No,2630.0,152.0,222,0
114577,Female,43,1,46.0,0,1-2 Year,Yes,35922.0,124.0,75,0
114607,Male,48,1,29.0,1,1-2 Year,No,37426.0,135.0,44,0
114621,Female,22,1,36.0,0,< 1 Year,Yes,29498.0,152.0,19,0
114657,Female,45,1,28.0,0,1-2 Year,Yes,40830.0,124.0,209,0
114945,Female,27,1,28.0,0,< 1 Year,Yes,140912.0,24.0,173,0
115001,Female,25,1,14.0,1,< 1 Year,No,2630.0,152.0,85,0
115025,Male,46,1,28.0,0,1-2 Year,Yes,49639.0,26.0,35,0
115139,Female,59,1,25.0,1,1-2 Year,No,25547.0,124.0,36,0
115178,Male,25,1,30.0,1,< 1 Year,No,22379.0,152.0,118,0
115191,Male,74,1,28.0,0,1-2 Year,Yes,38399.0,124.0,37,1
115212,Male,45,1,20.0,0,1-2 Year,Yes,2630.0,124.0,122,0
115231,Male,31,1,9.0,0,< 1 Year,No,30269.0,152.0,256,0
115385,Female,24,1,15.0,0,< 1 Year,No,44023.0,152.0,107,0
115413,Male,46,1,7.0,0,1-2 Year,Yes,33652.0,26.0,278,1
115506,Male,32,1,28.0,0,< 1 Year,Yes,22927.0,152.0,250,0
115521,Male,27,1,27.0,1,< 1 Year,No,27758.0,152.0,70,0
115580,Male,55,1,31.0,0,1-2 Year,Yes,2630.0,124.0,234,0
115617,Male,57,1,28.0,0,1-2 Year,Yes,48522.0,122.0,67,0
115755,Male,29,1,6.0,1,< 1 Year,No,33636.0,152.0,38,0
115765,Male,25,1,47.0,1,< 1 Year,No,22878.0,152.0,260,0
115856,Female,25,1,46.0,1,< 1 Year,No,2630.0,152.0,137,0
116019,Female,42,1,28.0,1,1-2 Year,Yes,33003.0,26.0,267,0
116104,Male,26,1,22.0,1,< 1 Year,Yes,23798.0,152.0,141,0
116107,Male,27,1,36.0,1,< 1 Year,No,47885.0,152.0,178,0
116119,Female,63,1,28.0,0,1-2 Year,Yes,43027.0,26.0,275,0
116206,Male,23,1,35.0,0,< 1 Year,Yes,34049.0,152.0,106,0
116297,Female,26,1,41.0,1,< 1 Year,No,23775.0,152.0,71,0
116386,Female,60,1,8.0,1,1-2 Year,No,30316.0,25.0,33,0
116512,Female,22,1,10.0,1,< 1 Year,No,31786.0,152.0,236,0
116525,Male,31,1,41.0,1,< 1 Year,No,48980.0,152.0,105,0
116755,Female,35,1,28.0,1,1-2 Year,No,30047.0,152.0,235,0
116813,Male,35,1,28.0,0,1-2 Year,Yes,2630.0,26.0,46,1
116861,Male,45,1,45.0,0,1-2 Year,Yes,26658.0,26.0,213,0
116965,Male,62,1,28.0,0,> 2 Years,Yes,34171.0,26.0,264,0
117104,Male,43,1,28.0,0,1-2 Year,No,33646.0,26.0,159,0
117192,Male,26,1,27.0,0,< 1 Year,Yes,30061.0,152.0,53,0
117202,Male,73,0,46.0,1,1-2 Year,No,27625.0,26.0,177,0
117237,Female,23,1,46.0,1,< 1 Year,No,2630.0,160.0,20,0
117289,Female,24,1,41.0,1,< 1 Year,No,37779.0,152.0,274,0
117416,Male,66,1,28.0,0,1-2 Year,Yes,49107.0,122.0,104,1
117466,Female,48,1,28.0,0,1-2 Year,Yes,24196.0,26.0,107,0
117504,Female,79,1,28.0,0,> 2 Years,Yes,2630.0,26.0,89,0
117686,Male,25,1,29.0,1,< 1 Year,No,26898.0,26.0,123,0
117796,Female,30,1,28.0,0,< 1 Year,Yes,40749.0,124.0,258,0
117977,Female,20,1,47.0,1,< 1 Year,Yes,24151.0,160.0,141,0
118013,Female,33,1,28.0,1,< 1 Year,No,48430.0,152.0,59,0
118021,Male,74,1,36.0,0,> 2 Years,Yes,29427.0,26.0,77,1
118082,Male,32,1,28.0,0,< 1 Year,Yes,29123.0,152.0,105,0
118240,Female,24,1,3.0,0,< 1 Year,No,40498.0,152.0,210,0
118328,Male,27,1,8.0,1,< 1 Year,No,34183.0,152.0,40,0
118432,Male,59,1,28.0,0,1-2 Year,Yes,38732.0,139.0,138,0
118468,Male,46,1,41.0,1,1-2 Year,No,42652.0,124.0,18,0
118478,Male,42,1,28.0,1,1-2 Year,No,40626.0,124.0,151,0
118547,Female,47,1,18.0,0,1-2 Year,Yes,35862.0,124.0,251,0
118758,Male,22,1,6.0,0,< 1 Year,Yes,23474.0,152.0,271,0
118875,Male,45,1,28.0,0,1-2 Year,Yes,2630.0,26.0,218,0
118901,Female,23,1,29.0,1,< 1 Year,No,26381.0,152.0,80,0
119125,Male,37,1,10.0,1,1-2 Year,No,2630.0,152.0,41,0
119154,Male,21,1,46.0,1,< 1 Year,No,28466.0,160.0,237,0
119203,Male,26,1,37.0,0,1-2 Year,Yes,27188.0,124.0,10,0
119385,Female,71,1,3.0,1,1-2 Year,No,2630.0,152.0,98,0
119459,Female,43,1,28.0,0,> 2 Years,Yes,49982.0,124.0,163,1
119465,Female,53,1,45.0,1,1-2 Year,No,27789.0,152.0,143,0
119496,Male,32,1,33.0,1,< 1 Year,No,2630.0,152.0,80,0
119706,Male,27,1,25.0,0,< 1 Year,Yes,28170.0,152.0,66,1
119714,Female,24,1,39.0,0,< 1 Year,Yes,39194.0,151.0,11,1
119719,Male,39,1,17.0,0,1-2 Year,No,2630.0,156.0,68,1
119822,Female,22,1,18.0,1,< 1 Year,No,26543.0,152.0,232,0
119850,Male,27,1,39.0,0,1-2 Year,Yes,64432.0,26.0,161,1
119957,Male,47,1,21.0,1,1-2 Year,No,29160.0,124.0,255,0
120099,Female,23,1,8.0,1,< 1 Year,No,47071.0,152.0,207,0
120198,Male,20,1,13.0,1,< 1 Year,No,29801.0,160.0,94,0
120275,Female,28,1,41.0,1,< 1 Year,No,33087.0,152.0,67,0
120304,Male,34,1,41.0,0,1-2 Year,Yes,51440.0,124.0,242,1
120398,Female,54,1,28.0,1,1-2 Year,Yes,40367.0,155.0,237,0
120438,Female,25,1,28.0,1,< 1 Year,No,36166.0,152.0,268,0
120546,Male,53,1,43.0,0,1-2 Year,Yes,2630.0,26.0,277,1
120604,Female,21,1,7.0,0,< 1 Year,Yes,26682.0,160.0,88,1
120774,Male,34,1,28.0,1,1-2 Year,No,34243.0,124.0,286,0
120815,Male,21,1,46.0,1,< 1 Year,No,2630.0,160.0,158,0
121019,Male,67,1,48.0,0,1-2 Year,Yes,2630.0,124.0,287,0
121036,Male,59,1,28.0,0,> 2 Years,Yes,45756.0,122.0,266,0
121064,Female,43,1,28.0,0,1-2 Year,No,2630.0,124.0,52,0
121154,Male,27,1,41.0,1,< 1 Year,No,38723.0,152.0,284,0
121222,Male,38,1,1.0,0,1-2 Year,Yes,2630.0,124.0,213,0
121565,Male,70,1,12.0,1,1-2 Year,No,2630.0,26.0,119,0
121660,Male,29,1,3.0,1,< 1 Year,No,24023.0,152.0,187,0
121673,Male,47,1,28.0,1,1-2 Year,No,59214.0,124.0,264,0
121698,Male,52,1,41.0,0,1-2 Year,Yes,26158.0,163.0,40,0
121759,Female,25,1,29.0,1,< 1 Year,No,30528.0,152.0,241,0
121767,Male,53,1,28.0,1,1-2 Year,No,52112.0,26.0,270,0
121811,Male,21,1,29.0,1,< 1 Year,No,22551.0,160.0,267,0
121855,Female,24,1,28.0,1,< 1 Year,No,30704.0,152.0,150,0
121869,Male,23,1,25.0,1,< 1 Year,No,2630.0,152.0,12,0
121939,Female,26,1,28.0,0,1-2 Year,Yes,37914.0,26.0,265,0
122046,Male,24,1,29.0,1,< 1 Year,No,31581.0,152.0,101,0
122130,Female,39,1,46.0,1,1-2 Year,No,34904.0,124.0,185,0
122133,Male,47,1,46.0,0,1-2 Year,Yes,29777.0,124.0,254,0
122142,Male,48,1,11.0,0,1-2 Year,Yes,25145.0,26.0,289,0
122222,Female,36,1,12.0,0,1-2 Year,Yes,26681.0,26.0,192,0
122224,Female,25,1,29.0,1,< 1 Year,No,22919.0,152.0,46,0
122263,Female,33,1,41.0,1,< 1 Year,No,25842.0,152.0,265,0
122328,Male,48,1,8.0,0,1-2 Year,Yes,39321.0,157.0,288,1
122339,Male,30,1,50.0,1,< 1 Year,No,46381.0,152.0,294,0
122418,Male,43,1,46.0,0,1-2 Year,Yes,34851.0,124.0,131,0
122511,Male,58,1,28.0,0,1-2 Year,No,55891.0,26.0,275,0
122531,Male,25,1,10.0,1,< 1 Year,No,28508.0,152.0,217,0
122630,Male,74,1,24.0,0,1-2 Year,Yes,31037.0,26.0,40,0
122699,Male,59,1,8.0,1,1-2 Year,No,2630.0,30.0,122,0
122839,Male,40,1,30.0,0,1-2 Year,Yes,34707.0,140.0,11,0
122846,Female,36,1,15.0,1,1-2 Year,No,38873.0,152.0,290,0
122923,Female,27,1,41.0,1,< 1 Year,No,40515.0,152.0,246,0
123066,Male,28,1,21.0,0,< 1 Year,No,27592.0,124.0,254,1
123109,Male,31,1,28.0,0,< 1 Year,Yes,51486.0,158.0,113,1
123269,Female,31,1,28.0,0,< 1 Year,Yes,34160.0,124.0,56,1
123326,Male,31,1,28.0,1,< 1 Year,No,27828.0,152.0,299,0
123355,Male,41,1,47.0,0,1-2 Year,Yes,35518.0,124.0,267,0
123552,Male,64,1,1.0,0,1-2 Year,Yes,2630.0,15.0,43,0
123591,Female,46,1,28.0,0,1-2 Year,Yes,2630.0,26.0,173,0
123610,Male,30,1,28.0,0,1-2 Year,Yes,38562.0,154.0,229,1
123724,Male,24,1,28.0,0,< 1 Year,Yes,85525.0,152.0,71,1
123805,Female,28,1,50.0,1,< 1 Year,No,33333.0,152.0,124,0
123837,Female,25,1,45.0,1,< 1 Year,No,26535.0,152.0,267,0
123844,Male,55,1,47.0,0,1-2 Year,Yes,33637.0,124.0,65,0
123966,Male,46,1,37.0,1,1-2 Year,No,2630.0,26.0,139,0
124158,Male,28,1,27.0,1,< 1 Year,No,18696.0,152.0,212,0
124163,Male,49,1,28.0,0,1-2 Year,Yes,30022.0,124.0,147,1
124245,Male,31,1,28.0,0,< 1 Year,Yes,45677.0,122.0,233,0
124422,Male,62,1,28.0,1,1-2 Year,Yes,43070.0,26.0,69,0
124442,Female,28,1,4.0,1,< 1 Year,No,32373.0,152.0,142,0
124489,Male,23,1,50.0,1,< 1 Year,No,32547.0,152.0,203,0
124626,Male,25,1,19.0,0,< 1 Year,Yes,33463.0,152.0,285,1
124755,Female,27,1,19.0,0,< 1 Year,Yes,31574.0,152.0,66,0
124938,Female,23,1,15.0,1,< 1 Year,No,38024.0,152.0,207,0
124954,Male,23,1,41.0,1,< 1 Year,No,44930.0,152.0,204,0
124988,Female,43,1,28.0,1,1-2 Year,No,30023.0,124.0,271,0
125076,Male,49,1,41.0,1,1-2 Year,No,23361.0,124.0,158,0
125367,Female,21,1,46.0,1,< 1 Year,No,38244.0,160.0,289,0
125370,Male,20,1,15.0,0,< 1 Year,Yes,41029.0,160.0,21,0
125397,Female,49,1,41.0,0,1-2 Year,No,47146.0,124.0,25,0
125490,Male,53,1,28.0,0,1-2 Year,Yes,44110.0,26.0,26,1
125533,Female,28,1,15.0,1,< 1 Year,No,41749.0,152.0,248,0
125594,Male,25,1,27.0,1,< 1 Year,No,2630.0,152.0,84,0
125621,Male,53,1,12.0,0,1-2 Year,Yes,2630.0,30.0,249,1
125696,Male,71,1,28.0,0,1-2 Year,Yes,22821.0,124.0,48,1
125934,Female,22,1,6.0,1,< 1 Year,No,29785.0,152.0,121,0
125960,Male,57,1,28.0,1,1-2 Year,No,40922.0,26.0,273,0
126046,Male,35,1,48.0,0,1-2 Year,Yes,2630.0,124.0,151,1
126264,Male,26,1,21.0,1,< 1 Year,No,30483.0,152.0,267,0
126544,Female,39,1,32.0,0,1-2 Year,Yes,28330.0,152.0,122,0
126589,Male,68,1,7.0,0,1-2 Year,Yes,2630.0,124.0,298,0
126800,Female,21,1,33.0,1,< 1 Year,No,66118.0,152.0,212,0
126957,Female,35,1,28.0,1,1-2 Year,No,36783.0,124.0,63,0
127079,Female,63,1,29.0,0,1-2 Year,Yes,43772.0,26.0,129,0
127101,Female,22,1,39.0,1,< 1 Year,No,32024.0,152.0,117,0
127127,Male,45,1,28.0,0,1-2 Year,Yes,53324.0,124.0,205,1
127159,Male,28,1,21.0,1,< 1 Year,No,2630.0,152.0,53,0
127194,Male,27,1,18.0,1,< 1 Year,No,2630.0,152.0,168,0
127252,Female,21,1,37.0,0,< 1 Year,No,36242.0,152.0,197,0
127290,Female,31,1,39.0,1,< 1 Year,No,33525.0,152.0,100,0
127330,Male,52,1,28.0,0,1-2 Year,Yes,28142.0,156.0,48,0
127426,Male,22,1,30.0,1,< 1 Year,No,24559.0,152.0,74,0
127452,Male,24,1,8.0,0,< 1 Year,Yes,30616.0,151.0,168,0
127568,Male,26,1,11.0,1,< 1 Year,Yes,28670.0,152.0,16,0
127673,Male,41,1,36.0,0,1-2 Year,Yes,28502.0,124.0,87,0
127743,Female,55,1,28.0,1,1-2 Year,No,48188.0,26.0,29,0
127758,Female,24,1,32.0,1,< 1 Year,No,33220.0,152.0,84,0
127784,Male,62,1,48.0,0,1-2 Year,No,2630.0,124.0,123,0
127947,Female,26,1,18.0,1,< 1 Year,No,35590.0,152.0,212,0
127971,Female,54,1,28.0,0,1-2 Year,Yes,72043.0,26.0,123,0
127986,Female,55,1,28.0,1,1-2 Year,No,47319.0,124.0,248,0
127997,Male,39,1,47.0,0,1-2 Year,Yes,34292.0,124.0,201,1
128151,Female,25,1,28.0,1,< 1 Year,No,41401.0,152.0,30,0
128194,Male,25,1,14.0,1,< 1 Year,No,2630.0,152.0,234,0
128299,Male,26,1,28.0,0,< 1 Year,Yes,2630.0,156.0,86,0
128424,Female,31,1,22.0,1,< 1 Year,No,37889.0,152.0,114,0
128755,Female,26,1,46.0,1,< 1 Year,No,23216.0,152.0,163,0
128782,Male,32,1,28.0,1,1-2 Year,Yes,51079.0,124.0,93,0
128915,Male,40,1,31.0,1,1-2 Year,No,2630.0,124.0,237,0
129169,Male,49,1,8.0,1,1-2 Year,No,39820.0,124.0,244,0
129172,Female,28,1,4.0,0,< 1 Year,Yes,26143.0,152.0,121,1
129173,Female,55,1,28.0,0,> 2 Years,Yes,36649.0,124.0,262,1
129315,Male,49,1,28.0,0,1-2 Year,Yes,39761.0,124.0,228,0
129317,Female,24,1,25.0,1,< 1 Year,No,35244.0,152.0,54,0
129331,Female,24,1,11.0,1,< 1 Year,No,32186.0,152.0,83,0
129357,Male,23,1,6.0,1,< 1 Year,No,16295.0,152.0,122,0
129374,Male,42,1,9.0,1,1-2 Year,No,35514.0,152.0,190,0
129478,Female,33,1,11.0,1,< 1 Year,No,32802.0,152.0,145,0
129554,Male,45,1,11.0,0,1-2 Year,Yes,34530.0,26.0,194,0
129585,Male,42,1,28.0,0,1-2 Year,Yes,35275.0,124.0,298,0
129616,Female,80,1,48.0,1,1-2 Year,No,2630.0,124.0,143,0
129671,Male,22,1,29.0,1,< 1 Year,No,35694.0,152.0,165,0
129721,Male,34,1,45.0,0,1-2 Year,Yes,35218.0,155.0,138,1
129725,Male,68,1,28.0,0,> 2 Years,Yes,34393.0,124.0,283,0
129754,Female,43,1,28.0,0,1-2 Year,Yes,28881.0,26.0,127,0
129821,Female,29,1,16.0,1,< 1 Year,No,36227.0,152.0,168,0
129897,Male,59,1,8.0,0,1-2 Year,Yes,32547.0,163.0,121,0
130187,Male,26,1,46.0,1,< 1 Year,No,37626.0,152.0,123,0
130257,Female,21,1,21.0,0,< 1 Year,Yes,25560.0,152.0,170,0
130287,Male,43,1,8.0,0,1-2 Year,Yes,37547.0,26.0,140,0
130507,Male,50,1,39.0,0,1-2 Year,Yes,31175.0,26.0,94,1
130558,Male,24,1,14.0,1,< 1 Year,No,25760.0,151.0,229,0
130575,Male,23,1,13.0,0,< 1 Year,Yes,18269.0,152.0,198,0
130620,Female,25,1,29.0,1,< 1 Year,No,34209.0,152.0,245,0
130642,Male,56,1,28.0,0,1-2 Year,Yes,63432.0,26.0,103,0
130719,Male,20,1,16.0,1,< 1 Year,No,25731.0,160.0,166,0
130802,Male,59,1,28.0,1,1-2 Year,No,32172.0,152.0,117,0
130921,Male,26,1,19.0,0,1-2 Year,Yes,34023.0,124.0,197,0
131048,Female,37,1,46.0,0,1-2 Year,Yes,42278.0,154.0,172,0
131203,Female,40,1,28.0,0,1-2 Year,Yes,66931.0,124.0,62,0
131225,Female,58,1,8.0,0,1-2 Year,Yes,2630.0,26.0,102,0
131247,Male,60,1,28.0,1,1-2 Year,Yes,44329.0,124.0,133,0
131365,Male,56,1,28.0,1,1-2 Year,No,2630.0,26.0,228,0
131383,Female,29,1,28.0,1,< 1 Year,No,26759.0,152.0,120,0
131427,Male,75,1,25.0,0,1-2 Year,Yes,2630.0,124.0,134,0
131456,Male,44,1,28.0,1,1-2 Year,No,40972.0,26.0,215,0
131495,Male,38,1,41.0,0,1-2 Year,Yes,35899.0,106.0,151,1
131683,Female,42,1,41.0,1,1-2 Year,No,44133.0,26.0,136,0
131711,Female,52,1,28.0,0,1-2 Year,Yes,30706.0,122.0,136,0
131717,Female,56,1,28.0,0,1-2 Year,Yes,39655.0,154.0,59,0
131865,Male,42,1,28.0,0,1-2 Year,Yes,33858.0,124.0,259,0
131918,Male,20,1,28.0,0,< 1 Year,Yes,25857.0,160.0,170,0
131972,Male,71,1,47.0,1,1-2 Year,No,40164.0,26.0,68,0
132018,Female,28,1,21.0,1,< 1 Year,No,23062.0,152.0,255,0
132073,Male,29,1,35.0,0,1-2 Year,Yes,33678.0,124.0,239,1
132175,Male,46,1,29.0,1,1-2 Year,No,33193.0,124.0,236,0
132336,Male,39,1,3.0,1,1-2 Year,No,25783.0,124.0,43,0
132474,Male,23,1,45.0,1,< 1 Year,No,21248.0,152.0,13,0
132520,Male,26,1,23.0,0,< 1 Year,Yes,30255.0,152.0,185,0
132565,Male,27,1,15.0,1,< 1 Year,No,38527.0,152.0,152,0
132571,Male,40,1,8.0,0,1-2 Year,Yes,40893.0,26.0,220,0
132645,Female,64,1,28.0,0,1-2 Year,No,33703.0,122.0,63,0
132927,Female,23,1,41.0,1,< 1 Year,No,39709.0,152.0,136,0
132994,Female,48,1,28.0,0,1-2 Year,Yes,43013.0,26.0,271,0
133065,Male,62,1,46.0,1,1-2 Year,No,34043.0,11.0,35,0
133070,Male,38,1,46.0,0,1-2 Year,Yes,28664.0,124.0,81,0
133075,Male,29,1,28.0,1,< 1 Year,No,25176.0,152.0,92,0
133097,Male,22,1,28.0,0,< 1 Year,Yes,35515.0,152.0,256,0
133108,Male,65,1,41.0,1,1-2 Year,No,37370.0,29.0,229,0
133167,Male,20,1,39.0,0,1-2 Year,No,27717.0,156.0,119,0
133185,Female,23,1,30.0,1,< 1 Year,No,29499.0,152.0,183,0
133270,Female,41,1,8.0,1,1-2 Year,No,44167.0,124.0,48,0
133277,Female,78,1,28.0,0,1-2 Year,Yes,49741.0,26.0,170,1
133398,Male,42,1,31.0,0,1-2 Year,Yes,2630.0,9.0,275,0
133487,Male,69,1,28.0,1,1-2 Year,No,27541.0,13.0,186,0
133511,Male,21,1,36.0,1,< 1 Year,No,2630.0,152.0,75,0
133546,Female,39,1,41.0,0,1-2 Year,Yes,34169.0,26.0,56,1
133555,Male,48,1,29.0,0,1-2 Year,Yes,2630.0,156.0,265,0
133639,Female,52,1,28.0,0,1-2 Year,Yes,38796.0,13.0,141,0
133643,Male,23,1,13.0,0,< 1 Year,Yes,23893.0,152.0,267,0
133699,Male,25,1,28.0,1,< 1 Year,No,31181.0,152.0,284,0
133832,Female,38,1,41.0,0,1-2 Year,No,39105.0,124.0,169,0
133856,Female,76,1,8.0,1,1-2 Year,No,54655.0,7.0,177,0
133973,Female,24,1,3.0,1,< 1 Year,No,22969.0,152.0,83,0
134060,Female,22,1,41.0,1,< 1 Year,No,49053.0,152.0,174,0
134120,Male,65,1,45.0,1,1-2 Year,Yes,55669.0,26.0,67,0
134206,Male,21,1,25.0,1,< 1 Year,No,25139.0,160.0,36,0
134214,Female,47,1,28.0,0,1-2 Year,Yes,43345.0,52.0,204,0
134461,Female,36,1,28.0,0,1-2 Year,Yes,41000.0,124.0,14,0
134484,Female,22,1,11.0,1,< 1 Year,No,62455.0,152.0,291,0
134488,Male,61,1,27.0,0,1-2 Year,Yes,26710.0,124.0,27,1
134612,Female,72,1,28.0,0,1-2 Year,Yes,44172.0,26.0,299,0
134668,Female,42,1,28.0,0,1-2 Year,No,2630.0,157.0,221,0
134825,Male,36,1,41.0,1,1-2 Year,No,37327.0,152.0,78,0
134882,Male,51,1,28.0,0,> 2 Years,Yes,36953.0,122.0,32,0
134988,Male,24,1,15.0,1,< 1 Year,No,30814.0,160.0,288,0
134989,Female,24,1,30.0,1,< 1 Year,No,33970.0,152.0,219,0
135086,Male,28,1,8.0,1,< 1 Year,No,30893.0,152.0,159,0
135120,Male,62,1,28.0,0,1-2 Year,Yes,59903.0,23.0,292,0
135142,Female,66,1,28.0,1,1-2 Year,No,44996.0,52.0,65,0
135481,Female,28,1,8.0,0,< 1 Year,Yes,2630.0,152.0,291,0
135505,Female,24,1,28.0,1,< 1 Year,No,34302.0,152.0,282,0
135621,Male,71,1,8.0,0,1-2 Year,Yes,38030.0,124.0,43,0
135708,Female,22,1,41.0,1,< 1 Year,No,28238.0,152.0,251,0
135719,Male,40,1,28.0,0,> 2 Years,Yes,45719.0,52.0,288,0
135906,Male,24,1,41.0,1,< 1 Year,No,36759.0,152.0,41,0
136003,Male,24,1,2.0,1,< 1 Year,No,30809.0,152.0,239,0
136093,Female,24,1,50.0,0,< 1 Year,Yes,43691.0,26.0,107,1
136109,Male,61,1,28.0,0,1-2 Year,Yes,29348.0,13.0,131,0
136154,Female,23,1,29.0,0,< 1 Year,Yes,34830.0,152.0,189,0
136284,Female,23,1,26.0,1,< 1 Year,No,38548.0,152.0,112,0
136633,Female,21,1,26.0,0,< 1 Year,Yes,26720.0,160.0,210,0
136659,Male,45,1,28.0,1,1-2 Year,No,40272.0,13.0,81,0
136894,Male,59,1,11.0,1,1-2 Year,No,33391.0,26.0,142,0
136936,Male,22,1,33.0,1,< 1 Year,No,42159.0,152.0,268,0
137016,Male,21,1,26.0,1,< 1 Year,No,29872.0,152.0,81,0
137297,Male,50,1,8.0,1,1-2 Year,No,30555.0,150.0,276,0
137326,Male,23,1,41.0,1,< 1 Year,No,32440.0,152.0,70,0
137492,Male,28,1,28.0,1,< 1 Year,No,54415.0,152.0,295,0
137598,Female,43,1,28.0,0,1-2 Year,Yes,44810.0,124.0,162,1
137602,Female,24,1,22.0,1,< 1 Year,No,29756.0,152.0,64,0
137630,Female,22,1,34.0,0,< 1 Year,Yes,32721.0,152.0,75,0
137703,Male,29,1,3.0,0,< 1 Year,Yes,2630.0,154.0,42,1
137721,Male,24,1,30.0,1,< 1 Year,No,28826.0,152.0,227,0
137758,Female,21,1,8.0,0,< 1 Year,Yes,41192.0,152.0,233,0
137930,Male,42,1,46.0,0,1-2 Year,Yes,2630.0,157.0,112,0
137943,Female,56,1,28.0,0,1-2 Year,Yes,60926.0,122.0,156,0
138022,Female,21,1,35.0,1,< 1 Year,No,25086.0,152.0,91,0
138096,Female,25,1,3.0,0,< 1 Year,Yes,2630.0,152.0,123,1
138177,Male,46,1,20.0,0,1-2 Year,Yes,2630.0,124.0,218,0
138253,Female,56,1,28.0,1,1-2 Year,No,46439.0,26.0,54,0
138334,Female,26,1,28.0,1,< 1 Year,No,42453.0,152.0,262,0
138348,Female,21,1,36.0,1,< 1 Year,No,32545.0,160.0,150,0
138484,Male,62,1,48.0,0,1-2 Year,Yes,2630.0,15.0,70,0
138568,Female,21,1,29.0,1,< 1 Year,No,30958.0,152.0,155,0
138730,Male,48,1,36.0,0,1-2 Year,Yes,36303.0,124.0,244,0
138733,Male,71,1,26.0,0,1-2 Year,Yes,30590.0,120.0,119,0
138870,Male,56,1,28.0,0,1-2 Year,Yes,48956.0,29.0,187,0
138903,Male,25,1,10.0,1,< 1 Year,No,30043.0,152.0,97,0
138907,Male,42,1,28.0,1,1-2 Year,No,72544.0,26.0,143,0
138965,Female,36,1,31.0,0,1-2 Year,Yes,2630.0,26.0,248,0
138967,Female,23,1,30.0,1,< 1 Year,No,29053.0,152.0,155,0
139040,Female,26,1,10.0,1,< 1 Year,No,28800.0,152.0,194,0
139049,Female,59,1,28.0,0,1-2 Year,Yes,34427.0,26.0,125,0
139054,Female,22,1,36.0,0,< 1 Year,Yes,37599.0,152.0,138,0
139183,Male,22,1,46.0,1,< 1 Year,No,35100.0,152.0,243,0
139324,Female,22,1,8.0,1,< 1 Year,No,32132.0,152.0,117,0
139417,Female,38,1,50.0,0,1-2 Year,Yes,35777.0,124.0,269,0
139421,Female,41,1,28.0,0,1-2 Year,Yes,2630.0,156.0,209,1
139519,Male,29,1,46.0,0,< 1 Year,Yes,21682.0,154.0,96,1
139619,Female,67,1,28.0,0,1-2 Year,Yes,31153.0,122.0,56,1
139933,Female,23,1,39.0,0,< 1 Year,Yes,41941.0,152.0,74,0
139975,Female,72,1,28.0,1,1-2 Year,No,50014.0,13.0,96,0
140122,Female,24,1,28.0,0,1-2 Year,Yes,33941.0,124.0,296,1
140227,Female,49,1,41.0,1,1-2 Year,No,32192.0,124.0,200,0
140240,Female,24,1,23.0,1,< 1 Year,No,2630.0,160.0,180,0
140247,Male,54,1,28.0,0,1-2 Year,Yes,38490.0,26.0,221,0
140265,Female,26,1,6.0,1,< 1 Year,No,20970.0,152.0,163,0
140365,Male,22,1,36.0,0,< 1 Year,Yes,2630.0,152.0,172,1
140412,Male,52,1,14.0,1,1-2 Year,No,28823.0,124.0,51,0
140526,Male,49,1,28.0,0,1-2 Year,Yes,2630.0,26.0,183,1
140563,Male,26,1,41.0,1,< 1 Year,No,40196.0,152.0,51,0
140585,Female,22,1,46.0,1,< 1 Year,No,2630.0,152.0,39,0
140625,Female,24,1,41.0,1,< 1 Year,No,24050.0,152.0,112,0
140665,Male,27,1,45.0,0,1-2 Year,Yes,24389.0,124.0,188,0
140893,Male,40,1,39.0,0,1-2 Year,Yes,45501.0,124.0,229,0
140906,Female,53,1,28.0,0,> 2 Years,Yes,35409.0,26.0,54,0
140962,Female,22,1,45.0,1,< 1 Year,No,26322.0,152.0,140,0
141000,Male,37,1,28.0,0,> 2 Years,Yes,32862.0,122.0,111,0
141007,Female,46,1,9.0,1,1-2 Year,No,39187.0,26.0,43,0
141301,Male,41,1,28.0,0,1-2 Year,Yes,35864.0,122.0,110,0
141349,Female,23,1,29.0,1,< 1 Year,No,2630.0,160.0,240,0
141467,Male,59,1,28.0,1,1-2 Year,No,77169.0,125.0,39,0
141535,Female,28,1,28.0,0,< 1 Year,Yes,2630.0,152.0,110,1
141537,Male,54,1,28.0,0,1-2 Year,Yes,33978.0,122.0,220,0
141583,Male,62,1,28.0,0,> 2 Years,Yes,46183.0,124.0,37,0
141636,Female,32,1,8.0,0,< 1 Year,Yes,44178.0,26.0,22,1
141673,Male,21,1,16.0,1,< 1 Year,No,28977.0,160.0,261,0
141771,Female,24,1,2.0,0,< 1 Year,No,2630.0,152.0,21,0
141815,Male,76,1,28.0,1,1-2 Year,No,44896.0,125.0,293,0
141918,Female,40,1,28.0,0,1-2 Year,Yes,47296.0,44.0,104,0
141980,Female,25,1,50.0,1,< 1 Year,No,37546.0,152.0,125,0
142053,Male,27,1,30.0,1,< 1 Year,No,28143.0,160.0,102,0
142241,Male,46,1,28.0,0,1-2 Year,Yes,26245.0,26.0,57,1
142547,Male,44,1,41.0,0,1-2 Year,Yes,36436.0,26.0,49,0
142943,Male,55,1,28.0,0,1-2 Year,Yes,70311.0,124.0,180,1
142995,Female,26,1,3.0,1,< 1 Year,No,24719.0,152.0,201,0
143250,Male,22,1,28.0,1,< 1 Year,No,24307.0,152.0,55,0
143278,Female,20,1,41.0,1,< 1 Year,No,30922.0,160.0,298,0
143279,Female,24,1,13.0,1,< 1 Year,No,29110.0,152.0,203,0
143388,Male,21,1,30.0,1,< 1 Year,No,41193.0,160.0,154,0
143449,Female,59,1,28.0,1,1-2 Year,No,53192.0,26.0,142,0
143498,Female,44,1,30.0,0,1-2 Year,Yes,25741.0,154.0,152,0
143540,Female,25,1,17.0,1,< 1 Year,No,71270.0,152.0,218,0
143577,Female,28,1,14.0,1,< 1 Year,No,24221.0,152.0,71,0
143585,Male,25,1,14.0,1,< 1 Year,No,29716.0,152.0,21,0
143623,Male,51,1,41.0,0,1-2 Year,Yes,21449.0,26.0,83,0
143768,Male,45,1,28.0,0,1-2 Year,Yes,41121.0,26.0,230,1
143859,Female,28,1,19.0,1,< 1 Year,No,53789.0,152.0,201,0
144047,Female,58,1,13.0,0,1-2 Year,Yes,28771.0,26.0,76,0
144071,Female,24,1,37.0,0,< 1 Year,Yes,2630.0,152.0,38,0
144093,Female,21,1,50.0,0,< 1 Year,Yes,27821.0,160.0,73,0
144302,Female,24,1,28.0,1,< 1 Year,No,37814.0,152.0,236,0
144481,Female,46,1,28.0,0,1-2 Year,Yes,2630.0,124.0,106,0
144513,Female,20,1,50.0,0,< 1 Year,No,34565.0,160.0,299,0
144525,Female,26,1,47.0,1,< 1 Year,No,21047.0,26.0,266,0
144610,Female,30,1,46.0,0,< 1 Year,Yes,23936.0,26.0,63,1
144841,Female,23,1,8.0,1,< 1 Year,No,35918.0,152.0,23,0
144843,Female,23,1,30.0,1,< 1 Year,No,32863.0,152.0,293,0
144880,Male,24,1,41.0,1,< 1 Year,No,40042.0,152.0,269,0
144976,Male,27,1,30.0,1,< 1 Year,No,26136.0,152.0,264,0
144997,Male,27,1,46.0,1,< 1 Year,No,2630.0,160.0,180,0
145063,Female,26,1,49.0,1,< 1 Year,Yes,26936.0,152.0,183,0
145306,Male,39,1,30.0,0,1-2 Year,No,2630.0,124.0,269,0
145381,Female,30,1,13.0,0,1-2 Year,Yes,32898.0,124.0,205,0
145871,Male,42,1,8.0,0,1-2 Year,Yes,2630.0,124.0,210,1
145899,Male,24,1,15.0,1,< 1 Year,No,29388.0,152.0,270,0
145916,Male,52,1,46.0,1,1-2 Year,No,2630.0,124.0,101,0
145921,Male,48,1,8.0,0,1-2 Year,Yes,39240.0,124.0,267,0
146046,Female,52,1,44.0,0,1-2 Year,Yes,2630.0,30.0,120,0
146081,Male,21,1,28.0,1,< 1 Year,No,34735.0,152.0,138,0
146106,Female,23,1,46.0,0,< 1 Year,Yes,35897.0,26.0,212,0
146144,Male,22,1,29.0,1,< 1 Year,No,29704.0,152.0,118,0
146479,Female,59,1,32.0,1,1-2 Year,No,37422.0,26.0,233,0
146548,Female,34,1,28.0,0,1-2 Year,Yes,2630.0,156.0,169,0
146638,Male,53,1,28.0,1,1-2 Year,No,43845.0,124.0,154,0
146695,Male,47,1,15.0,0,1-2 Year,Yes,38464.0,26.0,11,0
146898,Male,39,1,20.0,0,1-2 Year,Yes,2630.0,11.0,167,0
147034,Male,20,1,28.0,0,1-2 Year,No,2630.0,156.0,195,1
147115,Female,24,1,40.0,1,< 1 Year,No,28929.0,152.0,259,0
147279,Female,21,1,47.0,1,< 1 Year,No,34267.0,152.0,105,0
147282,Male,23,1,47.0,1,< 1 Year,No,52694.0,152.0,298,0
147332,Male,61,1,8.0,0,> 2 Years,Yes,41135.0,124.0,59,1
147426,Male,50,1,32.0,0,1-2 Year,Yes,28401.0,124.0,23,0
147442,Female,24,1,28.0,0,> 2 Years,Yes,2630.0,157.0,95,0
147484,Male,42,1,8.0,1,1-2 Year,No,40745.0,124.0,135,0
147536,Male,43,1,41.0,0,1-2 Year,Yes,37511.0,124.0,28,0
147552,Female,21,1,11.0,1,< 1 Year,No,21602.0,160.0,187,0
147994,Female,39,1,8.0,0,1-2 Year,Yes,90544.0,26.0,86,1
148141,Male,60,1,9.0,0,1-2 Year,Yes,43476.0,124.0,45,0
148162,Female,29,1,20.0,0,< 1 Year,Yes,2630.0,152.0,233,0
148297,Male,28,1,28.0,0,1-2 Year,Yes,36293.0,124.0,47,0
148310,Female,50,1,50.0,0,1-2 Year,No,2630.0,154.0,191,0
148320,Male,56,1,8.0,0,1-2 Year,No,2630.0,26.0,299,0
148429,Male,28,1,50.0,1,< 1 Year,No,38531.0,152.0,160,0
148460,Male,21,1,46.0,1,< 1 Year,No,26613.0,160.0,46,0
148559,Female,26,1,40.0,0,< 1 Year,No,2630.0,26.0,249,0
148614,Male,35,1,39.0,0,1-2 Year,Yes,2630.0,156.0,223,0
148698,Male,67,1,49.0,1,1-2 Year,No,32129.0,26.0,74,0
148788,Male,45,1,28.0,1,1-2 Year,No,37961.0,26.0,239,0
149225,Male,37,1,41.0,0,1-2 Year,Yes,25939.0,26.0,64,0
149378,Female,30,1,41.0,0,< 1 Year,No,24097.0,152.0,251,0
149476,Female,21,1,30.0,1,< 1 Year,No,27792.0,152.0,133,0
149490,Female,61,1,28.0,0,> 2 Years,Yes,49366.0,3.0,280,0
149627,Female,23,1,21.0,1,< 1 Year,No,26785.0,152.0,27,0
149629,Female,23,1,35.0,1,< 1 Year,No,30513.0,152.0,223,0
149666,Male,27,1,11.0,1,< 1 Year,No,20811.0,152.0,256,0
149753,Female,30,1,37.0,1,< 1 Year,No,24010.0,152.0,283,0
149784,Female,29,1,18.0,1,< 1 Year,No,2630.0,153.0,231,0
149839,Male,47,1,28.0,0,1-2 Year,Yes,2630.0,26.0,63,0
149855,Male,38,1,45.0,1,1-2 Year,No,23177.0,107.0,139,0
150041,Female,26,1,10.0,1,< 1 Year,No,24597.0,152.0,264,0
150128,Male,23,1,35.0,1,< 1 Year,No,38063.0,152.0,187,0
150433,Female,53,1,47.0,0,1-2 Year,Yes,34504.0,152.0,225,0
150609,Male,45,1,28.0,0,> 2 Years,Yes,32566.0,26.0,15,0
150693,Female,25,1,24.0,0,< 1 Year,No,30457.0,152.0,197,0
150821,Female,24,1,15.0,0,< 1 Year,No,30023.0,152.0,105,0
150970,Female,20,1,8.0,1,< 1 Year,Yes,43242.0,160.0,143,0
151013,Male,39,1,28.0,0,1-2 Year,Yes,33698.0,124.0,225,0
151020,Female,46,1,10.0,1,1-2 Year,No,34685.0,152.0,95,0
151223,Female,25,1,30.0,1,< 1 Year,No,27864.0,152.0,211,0
151281,Male,39,1,22.0,0,1-2 Year,Yes,38059.0,124.0,188,0
151354,Male,45,1,28.0,0,> 2 Years,Yes,56434.0,155.0,20,0
151699,Female,40,1,28.0,0,1-2 Year,Yes,36693.0,26.0,32,0
151739,Female,21,1,24.0,0,< 1 Year,No,27502.0,152.0,177,1
151745,Male,68,1,32.0,0,1-2 Year,Yes,38927.0,124.0,124,0
151795,Male,63,1,28.0,0,1-2 Year,Yes,49620.0,26.0,164,0
151882,Female,26,1,28.0,1,< 1 Year,No,40323.0,152.0,53,0
152113,Male,49,1,20.0,0,1-2 Year,No,2630.0,124.0,17,0
152186,Male,31,1,35.0,1,1-2 Year,No,41973.0,124.0,175,0
152188,Male,50,1,2.0,1,1-2 Year,No,25785.0,124.0,119,0
152236,Female,22,1,27.0,1,< 1 Year,No,2630.0,160.0,273,0
152327,Male,26,1,15.0,1,< 1 Year,No,32291.0,152.0,152,0
152367,Female,28,1,8.0,1,< 1 Year,No,39297.0,152.0,181,0
152424,Female,57,1,41.0,0,1-2 Year,Yes,24655.0,156.0,13,0
152446,Male,52,1,15.0,0,1-2 Year,Yes,25186.0,124.0,251,0
152527,Male,40,1,41.0,0,1-2 Year,Yes,55295.0,124.0,189,0
152620,Female,27,1,8.0,0,< 1 Year,Yes,30521.0,152.0,231,0
152669,Male,24,1,8.0,1,< 1 Year,No,61616.0,152.0,298,0
152722,Male,38,1,20.0,0,1-2 Year,Yes,2630.0,124.0,94,0
152735,Female,22,1,13.0,0,< 1 Year,Yes,19729.0,152.0,241,0
152870,Female,33,1,9.0,1,< 1 Year,No,35222.0,152.0,32,0
152901,Male,57,1,28.0,0,1-2 Year,Yes,49771.0,124.0,23,0
152903,Female,52,1,28.0,1,1-2 Year,No,35428.0,124.0,180,0
153029,Female,63,1,28.0,0,1-2 Year,No,91274.0,26.0,96,0
153032,Female,48,1,36.0,0,1-2 Year,Yes,28725.0,156.0,24,1
153094,Female,45,1,41.0,1,1-2 Year,No,22518.0,152.0,44,0
153179,Male,76,1,7.0,1,1-2 Year,No,2630.0,11.0,103,0
153214,Female,30,1,8.0,1,< 1 Year,No,40091.0,152.0,173,0
153355,Female,21,1,7.0,0,< 1 Year,Yes,68090.0,160.0,14,0
153488,Male,22,1,50.0,1,< 1 Year,No,38848.0,152.0,123,0
153501,Female,22,1,28.0,0,< 1 Year,Yes,38864.0,152.0,61,0
153585,Female,29,1,32.0,1,< 1 Year,No,33977.0,152.0,292,0
153629,Female,56,1,37.0,0,> 2 Years,Yes,44363.0,124.0,238,0
153644,Male,55,1,28.0,0,1-2 Year,Yes,2630.0,157.0,31,0
153681,Female,48,1,4.0,0,1-2 Year,Yes,29905.0,7.0,297,0
153809,Female,34,1,46.0,1,1-2 Year,Yes,28219.0,124.0,117,0
153823,Female,42,1,41.0,1,1-2 Year,No,30786.0,124.0,182,0
153827,Female,30,1,6.0,1,< 1 Year,No,24153.0,152.0,11,0
153839,Female,62,1,28.0,0,1-2 Year,Yes,33184.0,124.0,283,1
153955,Female,24,1,11.0,1,< 1 Year,No,20508.0,152.0,45,0
154114,Male,22,1,25.0,1,< 1 Year,No,37333.0,152.0,228,0
154142,Male,43,1,48.0,0,1-2 Year,Yes,2630.0,52.0,50,0
154156,Male,32,1,50.0,0,< 1 Year,Yes,53571.0,124.0,154,0
154287,Male,24,1,41.0,1,< 1 Year,No,22482.0,152.0,145,0
154323,Female,28,1,27.0,1,< 1 Year,No,51925.0,152.0,233,0
154350,Female,25,1,41.0,1,< 1 Year,No,61154.0,152.0,82,0
154461,Male,24,1,41.0,0,< 1 Year,No,28601.0,152.0,182,0
154563,Male,68,1,46.0,0,1-2 Year,Yes,43124.0,124.0,37,0
154688,Male,24,1,15.0,1,< 1 Year,No,21978.0,152.0,196,0
154690,Female,23,1,27.0,0,< 1 Year,No,49718.0,152.0,148,0
154744,Male,54,1,8.0,0,1-2 Year,No,31767.0,26.0,100,0
154945,Female,52,1,33.0,1,1-2 Year,No,2630.0,132.0,156,0
154999,Male,24,1,30.0,1,< 1 Year,No,29113.0,152.0,194,0
155126,Male,43,1,50.0,0,1-2 Year,Yes,38386.0,124.0,194,0
155136,Male,29,1,10.0,0,< 1 Year,Yes,37508.0,152.0,143,0
155236,Female,40,1,28.0,1,1-2 Year,No,32126.0,26.0,169,0
155290,Male,40,1,33.0,0,1-2 Year,Yes,2630.0,157.0,227,1
155345,Female,24,1,47.0,0,< 1 Year,Yes,26201.0,152.0,180,0
155458,Female,46,1,28.0,0,> 2 Years,Yes,53192.0,26.0,296,1
155530,Male,36,1,10.0,1,1-2 Year,No,41239.0,124.0,138,0
155644,Female,34,1,28.0,0,1-2 Year,Yes,23657.0,124.0,151,0
155847,Female,27,1,46.0,1,< 1 Year,No,24254.0,152.0,222,0
155891,Male,48,1,50.0,1,1-2 Year,No,47472.0,122.0,87,0
156320,Female,24,1,36.0,0,< 1 Year,Yes,54346.0,152.0,262,0
156326,Male,73,1,12.0,0,1-2 Year,Yes,20177.0,157.0,230,0
156356,Male,23,1,28.0,1,< 1 Year,No,30057.0,152.0,24,0
156403,Female,57,1,7.0,0,1-2 Year,Yes,22938.0,124.0,269,0
156431,Female,27,1,28.0,1,< 1 Year,No,28515.0,152.0,227,0
156526,Female,23,1,46.0,1,< 1 Year,No,27997.0,152.0,108,0
156871,Male,54,1,28.0,1,1-2 Year,No,33644.0,124.0,279,0
157000,Male,28,1,3.0,1,< 1 Year,No,21798.0,152.0,255,0
157174,Male,59,1,28.0,0,1-2 Year,Yes,89657.0,122.0,34,0
157415,Male,25,1,3.0,1,< 1 Year,No,2630.0,160.0,45,0
157486,Male,44,1,41.0,0,1-2 Year,Yes,2630.0,124.0,137,0
157611,Male,46,1,28.0,1,1-2 Year,No,33707.0,124.0,130,0
157638,Male,26,1,50.0,0,< 1 Year,Yes,52597.0,124.0,70,0
157668,Male,21,1,4.0,1,< 1 Year,No,23779.0,152.0,283,0
157725,Female,27,1,28.0,1,< 1 Year,No,29824.0,152.0,148,0
157863,Female,36,1,41.0,0,1-2 Year,Yes,27748.0,152.0,299,0
157940,Male,31,1,46.0,0,< 1 Year,Yes,2630.0,152.0,289,1
157959,Male,25,1,8.0,1,< 1 Year,No,2630.0,152.0,194,0
158024,Female,46,1,41.0,1,1-2 Year,No,31683.0,124.0,156,0
158104,Male,46,1,46.0,1,1-2 Year,Yes,26980.0,11.0,75,0
158112,Male,26,1,39.0,0,1-2 Year,Yes,2630.0,156.0,271,1
158184,Male,62,1,28.0,1,1-2 Year,No,42602.0,26.0,256,0
158198,Male,49,1,15.0,0,1-2 Year,No,38338.0,26.0,235,0
158254,Male,23,1,46.0,1,< 1 Year,No,27115.0,152.0,71,0
158346,Male,43,1,39.0,1,1-2 Year,No,26877.0,124.0,31,0
158444,Male,33,1,46.0,0,1-2 Year,Yes,2630.0,156.0,267,1
158572,Male,45,1,28.0,1,1-2 Year,No,35176.0,124.0,277,0
158713,Female,23,1,41.0,0,< 1 Year,Yes,51164.0,152.0,73,1
158742,Female,22,1,36.0,1,< 1 Year,No,30179.0,152.0,265,0
158777,Female,21,1,8.0,1,< 1 Year,No,37633.0,160.0,89,0
158862,Male,21,1,46.0,1,< 1 Year,No,35102.0,152.0,252,0
158876,Female,23,1,28.0,1,< 1 Year,No,37208.0,152.0,43,0
158920,Female,63,1,28.0,1,1-2 Year,No,26704.0,26.0,111,0
159013,Male,34,1,29.0,1,1-2 Year,No,30871.0,152.0,15,0
159077,Female,22,1,11.0,0,< 1 Year,Yes,34984.0,152.0,190,0
159081,Male,61,1,28.0,1,1-2 Year,No,60982.0,52.0,182,0
159156,Male,77,1,41.0,0,1-2 Year,Yes,2630.0,12.0,161,0
159276,Male,29,1,28.0,1,< 1 Year,No,42448.0,152.0,231,0
159392,Female,43,1,46.0,1,1-2 Year,No,23824.0,122.0,28,0
159406,Female,31,1,50.0,1,< 1 Year,No,43794.0,152.0,195,0
159602,Female,68,1,50.0,1,1-2 Year,No,29675.0,30.0,207,0
159632,Male,42,1,28.0,0,> 2 Years,Yes,2630.0,124.0,80,1
159767,Male,50,1,28.0,0,1-2 Year,Yes,34839.0,124.0,76,0
159819,Male,61,1,30.0,0,1-2 Year,Yes,37834.0,26.0,35,0
159863,Male,50,1,28.0,0,1-2 Year,No,45177.0,26.0,143,0
159890,Male,61,1,3.0,0,1-2 Year,Yes,2630.0,26.0,79,0
160000,Male,47,1,16.0,0,1-2 Year,Yes,26671.0,152.0,285,0
160050,Female,58,1,33.0,0,1-2 Year,Yes,35272.0,26.0,213,0
160065,Female,25,1,18.0,0,< 1 Year,Yes,34535.0,152.0,274,0
160256,Male,30,1,28.0,1,< 1 Year,No,41438.0,151.0,61,0
160288,Male,22,1,38.0,1,< 1 Year,No,2630.0,152.0,175,0
160429,Male,22,1,38.0,0,< 1 Year,Yes,62110.0,154.0,61,0
160450,Male,31,1,8.0,1,< 1 Year,No,43623.0,152.0,126,0
160514,Female,42,1,20.0,0,> 2 Years,Yes,2630.0,26.0,40,0
160567,Male,25,1,19.0,0,< 1 Year,No,24125.0,152.0,20,0
160623,Male,71,1,46.0,0,1-2 Year,Yes,2630.0,26.0,245,0
160681,Female,25,1,28.0,0,< 1 Year,Yes,2630.0,152.0,164,0
160714,Female,26,1,11.0,0,< 1 Year,No,2630.0,151.0,268,0
160758,Female,30,1,28.0,1,< 1 Year,No,66603.0,152.0,33,0
160769,Male,52,1,8.0,0,1-2 Year,Yes,54406.0,7.0,21,0
160860,Male,23,1,8.0,0,< 1 Year,Yes,26283.0,26.0,40,0
160985,Female,27,1,43.0,0,< 1 Year,Yes,2630.0,157.0,203,0
161113,Female,29,1,8.0,1,< 1 Year,No,31623.0,152.0,290,0
161294,Male,70,1,36.0,0,1-2 Year,Yes,27591.0,26.0,82,1
161394,Male,63,1,28.0,0,1-2 Year,Yes,34214.0,54.0,17,0
161427,Male,23,1,25.0,1,< 1 Year,No,28726.0,152.0,186,0
161458,Male,28,1,8.0,1,< 1 Year,No,36977.0,152.0,136,0
161726,Male,35,1,20.0,0,1-2 Year,Yes,2630.0,124.0,229,1
161873,Female,49,1,6.0,1,1-2 Year,No,33206.0,26.0,103,0
161923,Female,22,1,8.0,1,< 1 Year,No,50598.0,152.0,128,0
162013,Female,24,1,36.0,0,< 1 Year,Yes,42198.0,152.0,200,0
162116,Male,42,1,46.0,0,1-2 Year,Yes,42006.0,26.0,25,0
162225,Male,20,1,2.0,0,< 1 Year,Yes,39110.0,160.0,222,0
162276,Female,66,1,8.0,0,1-2 Year,Yes,2630.0,156.0,89,0
162473,Male,22,1,28.0,1,< 1 Year,No,99328.0,152.0,235,0
162608,Male,56,1,28.0,0,1-2 Year,Yes,2630.0,26.0,84,0
162649,Female,31,1,28.0,0,< 1 Year,Yes,52643.0,124.0,210,1
162685,Male,51,1,8.0,0,1-2 Year,Yes,31661.0,29.0,235,0
162930,Female,45,1,28.0,0,1-2 Year,Yes,37658.0,124.0,274,0
162982,Female,47,1,28.0,0,1-2 Year,Yes,35083.0,26.0,44,0
163046,Female,24,1,25.0,1,< 1 Year,No,43243.0,152.0,272,0
163368,Female,25,1,29.0,1,< 1 Year,No,31470.0,152.0,232,0
163388,Male,21,1,28.0,1,< 1 Year,No,39549.0,152.0,79,0
163421,Female,60,1,8.0,1,1-2 Year,No,52055.0,7.0,21,0
163468,Male,45,1,8.0,1,1-2 Year,No,46610.0,124.0,106,0
163484,Female,31,1,46.0,0,< 1 Year,Yes,37284.0,152.0,288,0
163571,Female,22,1,5.0,0,< 1 Year,Yes,2630.0,160.0,196,0
163599,Male,56,1,48.0,0,1-2 Year,Yes,2630.0,124.0,162,1
163640,Female,43,1,28.0,0,1-2 Year,Yes,2630.0,26.0,269,0
163647,Male,26,1,14.0,1,< 1 Year,No,28556.0,152.0,94,0
163673,Female,27,1,23.0,1,< 1 Year,No,27791.0,152.0,261,0
163707,Male,22,1,15.0,1,< 1 Year,No,34646.0,152.0,224,0
163741,Female,24,1,2.0,0,< 1 Year,Yes,34808.0,152.0,247,0
163816,Female,35,1,21.0,1,1-2 Year,No,2630.0,160.0,228,0
163904,Female,49,1,46.0,0,< 1 Year,Yes,2630.0,26.0,193,1
163998,Female,29,1,28.0,0,1-2 Year,Yes,35572.0,61.0,81,0
164085,Female,26,1,8.0,1,< 1 Year,No,43617.0,152.0,96,0
164236,Female,43,1,28.0,0,1-2 Year,Yes,34534.0,26.0,248,0
164258,Male,73,1,50.0,1,1-2 Year,Yes,27723.0,124.0,61,0
164328,Female,56,1,30.0,1,1-2 Year,No,2630.0,160.0,140,0
164396,Male,69,1,28.0,1,1-2 Year,No,66614.0,26.0,199,0
164431,Male,21,1,25.0,0,< 1 Year,No,47465.0,160.0,54,0
164468,Female,49,1,7.0,0,1-2 Year,Yes,2630.0,122.0,140,0
164530,Male,36,1,24.0,1,1-2 Year,Yes,37439.0,124.0,39,0
164608,Male,29,1,28.0,0,1-2 Year,No,34811.0,124.0,36,0
164704,Female,49,1,48.0,1,1-2 Year,No,2630.0,124.0,93,0
164738,Male,63,0,27.0,0,1-2 Year,Yes,24930.0,124.0,185,1
164742,Male,70,1,48.0,0,1-2 Year,Yes,2630.0,26.0,102,0
164748,Male,30,1,8.0,0,1-2 Year,Yes,2630.0,156.0,230,0
164780,Male,53,1,29.0,0,1-2 Year,Yes,40623.0,26.0,129,0
164784,Male,46,1,15.0,0,1-2 Year,Yes,36885.0,124.0,190,0
164806,Male,68,1,26.0,1,1-2 Year,Yes,2630.0,120.0,173,0
164814,Female,24,1,33.0,1,< 1 Year,No,33628.0,152.0,183,0
164861,Female,44,1,8.0,1,1-2 Year,No,33308.0,124.0,216,0
164928,Female,22,1,28.0,0,< 1 Year,Yes,43384.0,152.0,130,0
164942,Male,60,1,28.0,0,1-2 Year,Yes,48578.0,25.0,202,1
164952,Male,57,1,29.0,0,1-2 Year,Yes,27248.0,163.0,235,1
164998,Female,23,1,6.0,1,< 1 Year,No,32986.0,152.0,263,0
165109,Female,24,1,21.0,1,< 1 Year,No,30627.0,152.0,117,0
165341,Male,45,1,8.0,0,1-2 Year,Yes,37389.0,26.0,244,1
165372,Male,54,1,28.0,0,1-2 Year,Yes,39470.0,26.0,61,0
165378,Female,30,1,8.0,0,< 1 Year,Yes,2630.0,156.0,233,1
165381,Male,50,1,28.0,0,1-2 Year,Yes,2630.0,31.0,175,1
165438,Female,22,1,28.0,1,< 1 Year,No,42231.0,152.0,93,0
165445,Male,21,1,22.0,0,< 1 Year,Yes,30809.0,160.0,21,0
165486,Male,45,1,28.0,0,1-2 Year,No,36627.0,26.0,106,0
165559,Female,53,1,28.0,0,1-2 Year,Yes,37723.0,24.0,148,0
165596,Male,67,1,28.0,1,1-2 Year,No,29232.0,124.0,86,0
165713,Male,25,1,10.0,1,< 1 Year,No,29614.0,152.0,142,0
165749,Female,32,1,29.0,0,1-2 Year,Yes,2630.0,26.0,194,1
165835,Male,55,1,28.0,0,1-2 Year,Yes,39721.0,154.0,98,1
165849,Female,23,1,29.0,1,1-2 Year,No,24237.0,157.0,213,0
166001,Male,36,1,28.0,0,1-2 Year,Yes,60529.0,61.0,44,0
166162,Male,45,1,46.0,0,1-2 Year,Yes,31194.0,124.0,19,0
166229,Male,20,1,47.0,1,< 1 Year,Yes,33572.0,160.0,253,0
166294,Male,45,1,50.0,1,1-2 Year,No,2630.0,8.0,21,0
166387,Male,27,1,33.0,0,< 1 Year,Yes,32936.0,152.0,76,0
166445,Male,22,1,15.0,0,< 1 Year,Yes,27199.0,152.0,227,0
166576,Female,68,1,28.0,0,1-2 Year,Yes,2630.0,122.0,290,0
166607,Female,26,1,28.0,1,< 1 Year,No,40404.0,152.0,81,0
166636,Female,38,1,24.0,0,1-2 Year,No,34442.0,145.0,249,0
166644,Male,23,1,28.0,1,< 1 Year,No,49714.0,152.0,137,0
166708,Male,39,1,28.0,0,1-2 Year,Yes,40941.0,124.0,294,0
166778,Male,22,1,3.0,1,< 1 Year,No,2630.0,152.0,210,0
166938,Male,29,1,14.0,0,1-2 Year,Yes,2630.0,163.0,102,1
166952,Male,39,1,28.0,1,1-2 Year,Yes,50873.0,124.0,226,0
166970,Male,55,1,30.0,1,1-2 Year,No,32106.0,124.0,236,0
167069,Female,24,1,8.0,1,< 1 Year,No,42429.0,152.0,35,0
167191,Male,79,1,3.0,0,1-2 Year,Yes,40667.0,26.0,175,0
167197,Male,64,1,29.0,0,1-2 Year,Yes,2630.0,124.0,94,0
167198,Female,29,1,11.0,1,< 1 Year,No,2630.0,152.0,40,0
167226,Male,42,1,28.0,1,1-2 Year,No,32802.0,124.0,237,0
167302,Female,42,1,15.0,0,1-2 Year,Yes,33118.0,152.0,194,0
167347,Female,22,1,33.0,1,< 1 Year,No,38087.0,152.0,150,0
167424,Female,26,1,8.0,0,< 1 Year,Yes,30441.0,152.0,84,0
167546,Female,44,1,48.0,0,1-2 Year,Yes,2630.0,124.0,52,1
167631,Male,59,1,28.0,0,1-2 Year,Yes,34153.0,26.0,195,1
167637,Female,46,1,41.0,0,1-2 Year,Yes,35879.0,26.0,79,1
167650,Male,66,1,28.0,0,1-2 Year,Yes,46928.0,13.0,95,0
167680,Female,25,1,8.0,0,< 1 Year,Yes,39037.0,152.0,279,0
167837,Male,63,1,28.0,1,1-2 Year,No,2630.0,124.0,260,0
167894,Female,21,1,13.0,0,< 1 Year,Yes,28062.0,160.0,258,0
167954,Female,52,1,28.0,0,1-2 Year,Yes,2630.0,157.0,24,1
167988,Male,26,1,24.0,0,< 1 Year,No,28064.0,152.0,198,0
168101,Female,32,1,3.0,1,< 1 Year,No,2630.0,156.0,41,0
168367,Female,38,1,34.0,0,1-2 Year,Yes,21856.0,154.0,119,0
168396,Male,46,1,28.0,1,1-2 Year,No,38070.0,13.0,260,0
168427,Male,41,1,51.0,0,1-2 Year,Yes,106035.0,124.0,253,0
168447,Female,46,1,41.0,0,1-2 Year,Yes,35420.0,26.0,113,0
168500,Male,66,1,28.0,0,1-2 Year,Yes,35440.0,26.0,167,0
168529,Female,28,1,28.0,1,< 1 Year,No,30266.0,152.0,195,0
168673,Female,22,1,41.0,1,< 1 Year,No,33677.0,152.0,50,0
168677,Female,34,1,9.0,1,1-2 Year,No,13191.0,152.0,114,0
168757,Female,21,1,28.0,0,1-2 Year,Yes,37544.0,122.0,191,0
168954,Female,40,1,28.0,1,1-2 Year,No,51558.0,26.0,174,0
169046,Female,65,1,8.0,0,> 2 Years,Yes,2630.0,156.0,255,1
169067,Female,33,1,35.0,1,< 1 Year,No,2630.0,152.0,73,0
169263,Female,47,1,28.0,0,1-2 Year,Yes,31571.0,26.0,172,0
169282,Female,23,1,36.0,0,< 1 Year,Yes,35892.0,152.0,249,0
169323,Male,40,1,28.0,0,1-2 Year,Yes,43563.0,124.0,213,1
169343,Female,23,1,8.0,1,< 1 Year,No,30355.0,152.0,158,0
169400,Male,31,1,46.0,0,1-2 Year,Yes,44801.0,124.0,246,1
169403,Female,28,1,50.0,1,< 1 Year,No,38104.0,152.0,140,0
169467,Male,26,1,21.0,1,< 1 Year,No,29505.0,152.0,184,0
169499,Male,70,1,28.0,0,1-2 Year,No,38986.0,124.0,198,0
169541,Female,24,1,28.0,0,< 1 Year,Yes,50893.0,152.0,103,0
169638,Male,27,1,23.0,0,< 1 Year,Yes,24940.0,153.0,95,1
169711,Female,28,1,46.0,1,< 1 Year,No,26111.0,152.0,102,0
169713,Male,24,1,8.0,1,< 1 Year,No,37266.0,152.0,280,0
169847,Male,25,1,50.0,0,< 1 Year,Yes,35645.0,152.0,199,0
169918,Male,27,1,41.0,1,< 1 Year,No,2630.0,152.0,113,0
169934,Male,22,1,28.0,1,< 1 Year,No,48186.0,152.0,287,0
169977,Female,21,1,12.0,1,< 1 Year,No,38737.0,152.0,156,0
170046,Female,24,1,29.0,1,< 1 Year,No,32473.0,152.0,29,0
170088,Male,56,1,28.0,1,1-2 Year,No,44176.0,26.0,128,0
170098,Male,57,1,38.0,0,1-2 Year,Yes,29367.0,124.0,251,1
170113,Female,23,1,28.0,1,< 1 Year,No,26020.0,152.0,114,0
170290,Female,58,1,28.0,0,1-2 Year,Yes,25195.0,157.0,265,1
170381,Male,44,1,28.0,0,1-2 Year,Yes,316563.0,124.0,198,1
170383,Female,54,1,28.0,0,1-2 Year,Yes,48632.0,26.0,223,0
170472,Male,46,1,28.0,0,1-2 Year,No,40059.0,124.0,198,0
170599,Male,57,1,8.0,0,1-2 Year,Yes,43534.0,124.0,86,0
170780,Male,59,1,46.0,0,1-2 Year,Yes,25700.0,26.0,86,0
170793,Male,44,1,28.0,0,> 2 Years,Yes,50188.0,26.0,34,1
170797,Male,45,1,28.0,0,1-2 Year,Yes,44609.0,124.0,295,0
170849,Male,28,1,30.0,1,< 1 Year,No,27996.0,152.0,246,0
171059,Male,24,1,8.0,1,< 1 Year,No,40904.0,151.0,31,0
171130,Male,32,1,15.0,1,< 1 Year,No,39671.0,152.0,199,0
171204,Male,26,1,8.0,1,< 1 Year,No,41143.0,152.0,288,0
171219,Male,22,1,10.0,1,< 1 Year,No,38361.0,152.0,126,0
171474,Female,20,1,25.0,0,< 1 Year,Yes,43275.0,160.0,204,0
171479,Female,42,1,28.0,0,1-2 Year,Yes,2630.0,3.0,206,0
171496,Female,34,1,28.0,1,1-2 Year,No,43531.0,124.0,90,0
171529,Male,82,1,26.0,0,> 2 Years,Yes,47603.0,22.0,167,0
171556,Male,73,0,29.0,1,1-2 Year,No,2630.0,26.0,90,0
171586,Male,66,1,28.0,0,< 1 Year,No,2630.0,1.0,39,0
171691,Male,67,1,30.0,0,1-2 Year,Yes,2630.0,122.0,162,0
171695,Female,36,1,28.0,0,1-2 Year,Yes,47284.0,154.0,227,0
171708,Female,43,1,28.0,1,1-2 Year,No,34178.0,124.0,239,0
171748,Male,41,1,46.0,0,1-2 Year,Yes,21521.0,124.0,163,1
171792,Female,46,1,28.0,1,1-2 Year,No,20541.0,26.0,57,0
171837,Female,21,1,46.0,1,< 1 Year,No,18413.0,160.0,71,0
171881,Male,48,1,28.0,1,1-2 Year,Yes,2630.0,26.0,70,0
171974,Male,49,1,28.0,0,1-2 Year,Yes,43092.0,26.0,253,0
172115,Male,23,1,41.0,1,< 1 Year,Yes,20044.0,152.0,73,0
172116,Female,21,1,15.0,1,< 1 Year,No,34273.0,160.0,212,0
172262,Female,38,1,28.0,0,1-2 Year,Yes,2630.0,124.0,90,1
172270,Male,25,1,21.0,1,< 1 Year,No,33283.0,152.0,213,0
172470,Male,35,1,41.0,1,1-2 Year,No,28390.0,152.0,287,0
172503,Male,45,1,28.0,0,1-2 Year,Yes,39151.0,150.0,73,1
172610,Female,61,1,28.0,0,1-2 Year,Yes,49051.0,26.0,233,0
172680,Male,55,1,28.0,0,> 2 Years,Yes,52872.0,26.0,256,0
172829,Female,73,1,50.0,1,1-2 Year,No,45124.0,124.0,233,0
172886,Male,21,1,46.0,1,< 1 Year,No,19827.0,160.0,282,0
173255,Male,24,1,14.0,1,< 1 Year,No,31043.0,152.0,91,0
173332,Male,41,1,28.0,0,1-2 Year,Yes,31420.0,124.0,149,0
173452,Female,29,1,45.0,0,1-2 Year,Yes,2630.0,156.0,235,0
173533,Female,68,1,28.0,1,1-2 Year,No,62750.0,26.0,10,0
173563,Male,43,1,15.0,0,1-2 Year,Yes,42835.0,124.0,89,1
173641,Male,24,1,30.0,1,< 1 Year,No,32567.0,152.0,250,0
173868,Male,22,1,8.0,1,< 1 Year,Yes,35807.0,152.0,262,0
174023,Male,71,1,10.0,0,> 2 Years,Yes,30715.0,155.0,181,0
174173,Male,60,1,28.0,1,1-2 Year,No,51885.0,29.0,207,0
174377,Female,33,1,29.0,0,1-2 Year,No,2630.0,124.0,196,1
174388,Male,24,1,46.0,1,< 1 Year,No,38385.0,160.0,144,0
174441,Female,24,1,46.0,1,< 1 Year,No,26003.0,152.0,83,0
174537,Female,67,1,8.0,0,1-2 Year,Yes,60946.0,7.0,209,0
174540,Female,36,1,28.0,1,1-2 Year,No,39008.0,124.0,209,0
174550,Male,21,1,50.0,1,< 1 Year,No,27238.0,152.0,52,0
174602,Female,25,1,44.0,1,< 1 Year,No,36131.0,152.0,263,0
174743,Male,25,1,8.0,0,< 1 Year,Yes,49442.0,152.0,88,0
174754,Male,77,1,33.0,1,1-2 Year,No,34132.0,122.0,198,0
174824,Female,25,1,8.0,1,< 1 Year,No,28994.0,160.0,282,0
174857,Male,55,1,31.0,0,1-2 Year,Yes,2630.0,124.0,88,0
174926,Male,53,1,11.0,0,1-2 Year,Yes,42364.0,124.0,274,0
174960,Female,33,1,8.0,0,1-2 Year,Yes,2630.0,157.0,192,0
175050,Male,34,1,37.0,0,1-2 Year,Yes,173545.0,154.0,193,0
175054,Female,43,1,28.0,0,1-2 Year,Yes,2630.0,124.0,252,0
175144,Male,32,1,28.0,0,1-2 Year,Yes,31223.0,124.0,182,1
175531,Male,53,1,8.0,1,1-2 Year,Yes,51285.0,26.0,11,0
175547,Male,22,1,33.0,1,< 1 Year,No,24608.0,152.0,62,0
175846,Male,29,1,41.0,1,< 1 Year,No,32813.0,152.0,55,0
175895,Male,53,1,28.0,1,1-2 Year,No,35963.0,26.0,169,0
176118,Male,72,1,23.0,1,1-2 Year,No,29392.0,26.0,275,0
176196,Male,52,1,8.0,1,1-2 Year,No,57111.0,124.0,250,0
176306,Female,48,1,16.0,1,1-2 Year,No,2630.0,160.0,219,0
176483,Female,21,1,28.0,0,1-2 Year,Yes,39999.0,26.0,173,0
176536,Female,23,1,8.0,0,< 1 Year,Yes,32799.0,152.0,91,0
176566,Male,61,1,28.0,0,1-2 Year,No,44406.0,13.0,30,0
176752,Male,47,1,41.0,0,1-2 Year,No,36321.0,124.0,271,0
176761,Male,22,1,30.0,1,< 1 Year,No,26038.0,152.0,278,0
176836,Female,38,1,50.0,0,1-2 Year,Yes,25552.0,124.0,150,1
176845,Male,33,1,41.0,0,1-2 Year,Yes,2630.0,156.0,63,0
176890,Female,27,1,23.0,0,< 1 Year,Yes,30953.0,124.0,170,0
176897,Male,20,1,25.0,0,< 1 Year,Yes,30939.0,160.0,277,0
177027,Male,28,1,25.0,0,< 1 Year,Yes,24224.0,152.0,210,0
177169,Female,38,1,17.0,0,1-2 Year,Yes,2630.0,156.0,129,0
177269,Female,32,1,29.0,0,< 1 Year,Yes,40157.0,124.0,28,1
177343,Female,24,1,3.0,0,< 1 Year,Yes,2630.0,152.0,91,0
177447,Male,23,1,41.0,0,< 1 Year,Yes,24890.0,152.0,64,1
177503,Female,23,1,3.0,1,< 1 Year,No,26603.0,152.0,199,0
177655,Male,76,1,29.0,0,> 2 Years,Yes,24983.0,156.0,122,0
177813,Female,21,1,45.0,0,< 1 Year,No,2630.0,160.0,173,0
178087,Male,54,1,30.0,0,1-2 Year,Yes,2630.0,26.0,183,1
178134,Female,22,1,21.0,0,< 1 Year,Yes,43627.0,160.0,45,0
178247,Male,29,1,8.0,1,< 1 Year,No,36811.0,152.0,247,0
178359,Female,45,1,28.0,0,1-2 Year,No,33698.0,124.0,120,0
178421,Female,22,1,2.0,0,< 1 Year,Yes,29293.0,152.0,191,0
178451,Male,26,1,15.0,0,< 1 Year,No,29517.0,152.0,16,0
178547,Female,28,1,47.0,0,< 1 Year,No,2630.0,152.0,72,0
178586,Male,35,1,46.0,0,1-2 Year,Yes,30846.0,26.0,202,0
178587,Male,28,1,33.0,0,< 1 Year,Yes,2630.0,163.0,127,0
178625,Female,22,1,46.0,1,< 1 Year,No,28964.0,152.0,212,0
178752,Male,23,1,28.0,0,< 1 Year,Yes,43881.0,26.0,259,0
178761,Female,65,1,28.0,1,1-2 Year,No,2630.0,23.0,66,0
178766,Male,21,1,5.0,1,< 1 Year,No,28498.0,152.0,84,0
178846,Male,45,1,28.0,0,1-2 Year,Yes,29008.0,26.0,137,0
178853,Male,44,1,8.0,0,> 2 Years,Yes,33830.0,124.0,157,0
178881,Male,52,1,28.0,0,1-2 Year,Yes,66126.0,26.0,97,0
178972,Female,27,1,39.0,1,1-2 Year,No,2630.0,11.0,205,0
179005,Male,37,1,28.0,0,1-2 Year,Yes,37182.0,26.0,259,0
179009,Female,80,1,19.0,0,1-2 Year,No,27541.0,124.0,202,0
179019,Male,52,1,28.0,1,1-2 Year,Yes,50189.0,26.0,116,0
179089,Male,22,1,8.0,1,< 1 Year,No,38231.0,160.0,281,0
179097,Male,23,1,37.0,0,< 1 Year,Yes,35517.0,152.0,86,0
179134,Female,23,1,8.0,1,< 1 Year,No,59803.0,151.0,276,0
179183,Male,24,1,8.0,0,< 1 Year,Yes,29819.0,152.0,21,0
179219,Male,59,1,28.0,0,> 2 Years,Yes,47861.0,122.0,256,0
179236,Female,71,1,28.0,0,1-2 Year,Yes,40289.0,157.0,53,1
179317,Male,27,1,28.0,1,1-2 Year,Yes,2630.0,156.0,276,0
179527,Male,41,1,28.0,0,1-2 Year,Yes,37573.0,163.0,91,0
179552,Female,23,1,36.0,0,< 1 Year,No,36758.0,152.0,144,0
179716,Male,44,1,28.0,1,1-2 Year,No,59276.0,124.0,188,0
179744,Female,23,1,10.0,1,< 1 Year,No,33092.0,152.0,25,0
179801,Female,29,1,3.0,1,< 1 Year,No,28432.0,152.0,278,0
179927,Female,44,1,27.0,0,1-2 Year,Yes,33631.0,26.0,27,1
179984,Male,56,1,20.0,1,1-2 Year,No,2630.0,124.0,229,0
180076,Female,39,1,28.0,1,1-2 Year,No,52601.0,124.0,127,0
180135,Female,69,1,28.0,0,> 2 Years,Yes,47198.0,55.0,186,0
180272,Male,24,1,8.0,0,< 1 Year,Yes,2630.0,152.0,196,0
180310,Female,22,1,25.0,1,< 1 Year,No,27499.0,152.0,250,0
180584,Male,23,1,16.0,0,< 1 Year,Yes,26108.0,152.0,50,1
180767,Male,24,1,26.0,1,< 1 Year,No,28632.0,152.0,102,0
180786,Female,40,1,41.0,0,1-2 Year,Yes,26024.0,26.0,112,0
180973,Male,37,1,0.0,0,1-2 Year,Yes,2630.0,122.0,267,0
181072,Male,23,1,8.0,1,< 1 Year,No,40404.0,152.0,169,0
181091,Female,24,1,32.0,1,< 1 Year,No,32105.0,152.0,13,0
181148,Female,21,1,46.0,1,< 1 Year,No,36247.0,152.0,123,0
181265,Female,41,1,41.0,1,1-2 Year,No,2630.0,109.0,208,0
181342,Male,20,1,36.0,0,< 1 Year,Yes,31028.0,160.0,287,0
181406,Male,31,1,36.0,0,< 1 Year,Yes,2630.0,152.0,162,0
181591,Female,37,1,28.0,0,1-2 Year,Yes,53221.0,122.0,206,0
181618,Female,21,1,25.0,0,< 1 Year,Yes,29441.0,152.0,76,0
181626,Male,31,1,41.0,1,< 1 Year,No,32938.0,152.0,294,0
181764,Male,32,1,24.0,0,< 1 Year,No,2630.0,156.0,238,0
181768,Male,21,1,46.0,1,< 1 Year,No,20632.0,160.0,28,0
181787,Female,41,1,28.0,0,1-2 Year,Yes,45942.0,122.0,228,0
181943,Male,49,1,8.0,0,1-2 Year,Yes,2630.0,26.0,160,0
181997,Male,24,1,33.0,1,< 1 Year,No,36753.0,152.0,73,0
182048,Male,25,1,11.0,0,< 1 Year,Yes,41455.0,152.0,141,0
182087,Male,33,1,3.0,1,1-2 Year,No,2630.0,122.0,217,0
182111,Female,25,1,14.0,1,< 1 Year,No,30720.0,152.0,87,0
182169,Female,23,1,36.0,0,< 1 Year,Yes,30652.0,152.0,267,0
182366,Male,28,1,2.0,1,< 1 Year,No,30081.0,160.0,297,0
182430,Male,57,1,28.0,0,> 2 Years,Yes,52508.0,26.0,270,1
182609,Male,57,1,24.0,0,1-2 Year,Yes,28858.0,122.0,187,0
182701,Male,74,1,46.0,1,1-2 Year,No,2630.0,26.0,177,0
182758,Female,38,1,11.0,1,1-2 Year,No,27122.0,152.0,43,0
182788,Male,63,1,28.0,1,1-2 Year,No,38601.0,13.0,285,0
182920,Female,24,1,28.0,1,< 1 Year,No,39445.0,152.0,197,0
182961,Female,23,1,36.0,1,< 1 Year,No,27848.0,152.0,101,0
183143,Female,21,1,33.0,1,< 1 Year,No,23661.0,152.0,92,0
183150,Male,30,1,35.0,0,< 1 Year,No,25764.0,152.0,12,0
183178,Male,26,1,28.0,1,< 1 Year,No,33995.0,152.0,193,0
183554,Male,33,1,46.0,0,< 1 Year,Yes,29528.0,124.0,131,1
183613,Male,41,1,41.0,0,1-2 Year,Yes,34693.0,124.0,130,0
183736,Male,21,1,30.0,1,< 1 Year,No,32175.0,152.0,119,0
183758,Male,24,1,37.0,0,< 1 Year,Yes,42002.0,152.0,291,1
183771,Female,43,1,28.0,0,1-2 Year,Yes,31661.0,124.0,114,0
183848,Female,22,1,39.0,1,< 1 Year,No,31104.0,152.0,265,0
183884,Female,21,1,13.0,1,< 1 Year,Yes,2630.0,152.0,205,0
184055,Male,23,1,2.0,0,< 1 Year,Yes,21372.0,152.0,81,0
184135,Female,66,1,28.0,1,1-2 Year,No,40710.0,47.0,217,0
184152,Female,27,1,50.0,1,< 1 Year,No,43633.0,152.0,226,0
184166,Male,41,1,46.0,0,1-2 Year,Yes,2630.0,29.0,192,1
184341,Male,42,1,38.0,0,1-2 Year,Yes,28019.0,124.0,290,0
184416,Female,21,1,8.0,1,< 1 Year,No,40664.0,160.0,21,0
184698,Female,33,1,18.0,0,< 1 Year,Yes,27924.0,124.0,84,1
184884,Male,45,1,8.0,1,1-2 Year,No,2630.0,124.0,238,0
184904,Male,28,1,36.0,1,< 1 Year,No,33833.0,152.0,61,0
184905,Female,20,1,46.0,1,< 1 Year,No,39273.0,160.0,20,0
185013,Male,51,1,24.0,0,1-2 Year,Yes,25903.0,124.0,100,0
185026,Male,40,1,28.0,1,1-2 Year,No,2630.0,154.0,203,0
185174,Male,20,1,50.0,0,< 1 Year,Yes,37622.0,160.0,184,0
185215,Female,38,1,46.0,0,1-2 Year,Yes,2630.0,124.0,185,0
185330,Male,25,1,34.0,1,1-2 Year,No,25666.0,154.0,209,0
185360,Male,42,1,28.0,0,1-2 Year,No,31252.0,25.0,248,0
185587,Female,23,1,11.0,1,< 1 Year,No,38991.0,152.0,203,0
185674,Female,45,1,4.0,0,> 2 Years,Yes,32867.0,26.0,289,1
185697,Male,39,1,28.0,0,1-2 Year,Yes,33436.0,51.0,11,1
185784,Male,20,1,8.0,0,< 1 Year,Yes,34195.0,160.0,16,0
185853,Female,24,1,36.0,1,< 1 Year,No,31492.0,152.0,214,0
185878,Female,77,1,28.0,1,1-2 Year,Yes,50944.0,26.0,227,0
185914,Female,29,1,41.0,1,< 1 Year,No,28915.0,152.0,164,0
185930,Male,22,1,39.0,1,< 1 Year,No,34488.0,152.0,283,0
186070,Female,43,1,28.0,0,1-2 Year,Yes,32140.0,124.0,106,0
186143,Male,24,1,47.0,1,< 1 Year,No,31337.0,152.0,42,0
186144,Male,29,1,31.0,1,< 1 Year,No,2630.0,160.0,215,0
186151,Male,79,1,28.0,0,1-2 Year,Yes,48937.0,26.0,52,0
186169,Female,24,1,47.0,1,< 1 Year,No,25859.0,152.0,265,0
186244,Male,56,1,28.0,1,1-2 Year,No,45187.0,12.0,211,0
186336,Female,43,1,28.0,0,1-2 Year,Yes,51822.0,124.0,25,0
186350,Female,21,1,3.0,0,< 1 Year,Yes,38344.0,152.0,176,0
186441,Male,20,1,32.0,0,< 1 Year,Yes,27927.0,124.0,163,0
186539,Female,23,1,9.0,1,< 1 Year,No,35135.0,151.0,299,0
186669,Male,49,1,28.0,1,1-2 Year,No,38446.0,125.0,264,0
186772,Male,28,1,41.0,1,< 1 Year,No,37067.0,152.0,44,0
187069,Male,75,1,38.0,0,1-2 Year,Yes,2630.0,124.0,290,1
187100,Female,54,1,6.0,0,1-2 Year,Yes,2630.0,124.0,213,0
187254,Male,23,1,8.0,1,< 1 Year,No,30811.0,152.0,222,0
187312,Male,50,1,28.0,0,1-2 Year,Yes,58685.0,4.0,104,1
187318,Male,23,1,46.0,1,< 1 Year,No,27267.0,152.0,276,0
187397,Female,22,1,41.0,1,< 1 Year,No,48202.0,152.0,293,0
187399,Female,22,1,46.0,1,< 1 Year,No,22583.0,152.0,189,0
187511,Male,36,1,35.0,0,1-2 Year,Yes,2630.0,156.0,145,0
187647,Female,45,1,19.0,0,> 2 Years,Yes,31595.0,26.0,109,1
187720,Male,21,1,17.0,1,< 1 Year,No,22538.0,160.0,297,0
187730,Female,44,1,38.0,0,1-2 Year,Yes,40112.0,124.0,241,0
187757,Male,22,1,46.0,1,< 1 Year,No,27943.0,152.0,200,0
187795,Female,26,1,12.0,0,< 1 Year,Yes,30117.0,152.0,263,0
187880,Female,38,1,28.0,0,1-2 Year,Yes,32778.0,124.0,100,1
187936,Male,45,1,20.0,0,1-2 Year,Yes,2630.0,156.0,33,1
188287,Female,73,1,9.0,0,1-2 Year,Yes,25245.0,26.0,72,0
188300,Male,69,1,6.0,0,1-2 Year,Yes,2630.0,26.0,165,1
188361,Male,50,1,8.0,0,1-2 Year,Yes,42191.0,124.0,58,0
188459,Male,24,1,28.0,1,< 1 Year,No,41756.0,152.0,177,0
188554,Male,25,1,11.0,0,< 1 Year,Yes,2630.0,152.0,257,0
188574,Male,39,1,45.0,0,1-2 Year,Yes,22392.0,26.0,203,0
188778,Male,23,1,8.0,1,< 1 Year,No,33438.0,152.0,278,0
188832,Male,44,1,13.0,1,1-2 Year,No,27765.0,124.0,12,0
188921,Female,28,1,44.0,1,< 1 Year,No,64038.0,152.0,109,0
189197,Male,28,1,27.0,0,< 1 Year,Yes,2630.0,152.0,130,0
189229,Male,54,1,28.0,0,1-2 Year,Yes,37173.0,54.0,58,0
189306,Female,39,1,28.0,0,1-2 Year,Yes,22779.0,26.0,221,1
189319,Male,60,1,28.0,0,1-2 Year,Yes,29217.0,26.0,226,0
189366,Female,25,1,41.0,1,1-2 Year,Yes,37052.0,26.0,223,0
189402,Male,64,1,8.0,1,1-2 Year,No,26974.0,124.0,185,0
189413,Male,39,1,28.0,0,1-2 Year,Yes,35344.0,154.0,39,0
189631,Male,44,1,33.0,0,1-2 Year,Yes,40017.0,124.0,234,0
189651,Male,23,1,30.0,1,< 1 Year,No,27135.0,152.0,98,0
189777,Male,49,1,28.0,0,> 2 Years,Yes,2630.0,124.0,207,0
189847,Male,35,1,28.0,0,1-2 Year,Yes,2630.0,124.0,75,0
189897,Female,49,1,28.0,0,1-2 Year,Yes,48478.0,26.0,240,1
190048,Female,23,1,3.0,1,< 1 Year,No,23609.0,152.0,46,0
190346,Female,55,1,28.0,1,1-2 Year,No,27372.0,122.0,249,0
190379,Female,21,1,46.0,1,< 1 Year,No,25601.0,160.0,161,0
190383,Male,55,1,37.0,0,1-2 Year,Yes,31461.0,122.0,215,0
190492,Female,23,1,47.0,1,< 1 Year,Yes,33178.0,163.0,111,0
190530,Female,31,1,18.0,1,< 1 Year,No,24903.0,152.0,68,0
190537,Female,30,1,18.0,0,< 1 Year,Yes,32622.0,124.0,14,0
190579,Male,62,1,8.0,1,1-2 Year,No,66633.0,124.0,153,0
190612,Male,39,1,48.0,0,1-2 Year,Yes,2630.0,124.0,66,0
190811,Male,60,1,33.0,0,1-2 Year,Yes,44310.0,124.0,84,0
190846,Male,39,1,28.0,0,1-2 Year,Yes,50607.0,124.0,12,1
190857,Male,20,1,47.0,0,< 1 Year,Yes,37129.0,160.0,61,0
190925,Male,20,1,35.0,0,< 1 Year,No,2630.0,160.0,288,0
191293,Female,22,1,37.0,0,< 1 Year,Yes,40092.0,152.0,289,0
191460,Male,37,1,8.0,0,1-2 Year,Yes,33013.0,154.0,248,1
191468,Female,32,1,46.0,0,< 1 Year,Yes,31701.0,152.0,197,0
191486,Female,61,1,28.0,0,1-2 Year,Yes,46264.0,26.0,236,0
191512,Male,30,1,28.0,1,< 1 Year,No,35490.0,152.0,286,0
191523,Female,46,1,28.0,0,1-2 Year,Yes,42029.0,26.0,282,0
191544,Female,46,1,8.0,1,1-2 Year,No,45415.0,26.0,50,0
191715,Male,25,1,13.0,1,< 1 Year,No,22214.0,152.0,70,0
191729,Female,25,1,28.0,0,< 1 Year,Yes,22494.0,152.0,261,0
191731,Male,22,1,21.0,1,< 1 Year,No,39587.0,152.0,180,0
191756,Female,22,1,46.0,1,< 1 Year,No,30021.0,152.0,97,0
191848,Female,23,1,46.0,1,< 1 Year,No,37048.0,152.0,109,0
191902,Female,23,1,17.0,0,< 1 Year,Yes,31806.0,160.0,245,0
191919,Male,25,1,3.0,1,< 1 Year,Yes,33580.0,152.0,145,0
191930,Female,20,1,12.0,0,< 1 Year,Yes,35229.0,160.0,255,0
191971,Female,23,1,28.0,0,< 1 Year,No,2630.0,1.0,222,0
192026,Female,22,1,41.0,1,< 1 Year,No,44642.0,152.0,88,0
192155,Male,31,1,29.0,0,< 1 Year,Yes,2630.0,163.0,16,1
192175,Male,55,1,28.0,0,1-2 Year,No,50328.0,26.0,58,0
192227,Female,64,1,28.0,0,1-2 Year,Yes,41444.0,26.0,198,0
192239,Female,70,1,41.0,0,1-2 Year,Yes,43107.0,26.0,70,0
192380,Female,28,1,32.0,1,< 1 Year,No,33340.0,152.0,168,0
192397,Female,21,1,30.0,1,< 1 Year,Yes,32252.0,160.0,223,0
192398,Female,31,1,4.0,0,> 2 Years,Yes,2630.0,156.0,96,0
192503,Male,47,1,33.0,0,1-2 Year,Yes,34969.0,26.0,183,1
192650,Female,41,1,11.0,0,1-2 Year,Yes,30730.0,26.0,105,1
192855,Male,52,1,28.0,1,1-2 Year,No,52623.0,25.0,280,0
192866,Female,21,1,15.0,1,< 1 Year,No,24410.0,124.0,289,0
192964,Male,64,1,28.0,0,> 2 Years,Yes,46425.0,26.0,292,1
193051,Male,33,1,28.0,0,1-2 Year,Yes,40122.0,122.0,118,1
193091,Female,28,1,8.0,1,< 1 Year,No,42798.0,152.0,280,0
193134,Male,46,1,27.0,0,1-2 Year,Yes,27953.0,26.0,211,1
193228,Male,32,1,41.0,1,< 1 Year,No,24608.0,152.0,51,0
193236,Female,24,1,2.0,1,< 1 Year,No,29866.0,152.0,171,0
193405,Male,31,1,37.0,1,< 1 Year,Yes,29679.0,152.0,101,0
193487,Male,43,1,46.0,0,1-2 Year,Yes,27273.0,11.0,263,0
193706,Male,44,1,28.0,0,1-2 Year,Yes,27029.0,26.0,127,0
193792,Female,41,1,28.0,0,1-2 Year,Yes,2630.0,157.0,262,0
193887,Female,34,1,28.0,0,1-2 Year,Yes,38082.0,124.0,178,0
193946,Male,42,1,16.0,0,1-2 Year,Yes,2630.0,124.0,168,0
193952,Male,47,1,28.0,0,1-2 Year,Yes,47096.0,26.0,86,0
193959,Female,72,1,28.0,1,1-2 Year,No,48992.0,125.0,189,0
194117,Female,64,1,6.0,1,1-2 Year,No,32141.0,152.0,22,0
194306,Male,40,1,28.0,0,1-2 Year,Yes,41943.0,26.0,11,1
194428,Female,25,1,32.0,1,< 1 Year,No,48453.0,152.0,50,0
194529,Female,42,1,28.0,0,1-2 Year,Yes,33451.0,25.0,242,0
194604,Male,26,1,11.0,1,< 1 Year,No,25328.0,160.0,21,0
194608,Male,50,1,36.0,1,1-2 Year,No,2630.0,26.0,190,0
194829,Male,31,1,3.0,0,1-2 Year,Yes,2630.0,156.0,189,1
195178,Male,38,1,28.0,0,> 2 Years,Yes,39771.0,124.0,106,1
195188,Male,57,1,36.0,0,1-2 Year,Yes,2630.0,163.0,234,0
195218,Male,40,1,28.0,0,1-2 Year,Yes,58952.0,26.0,70,1
195248,Female,48,1,40.0,0,> 2 Years,Yes,34153.0,157.0,50,0
195359,Female,62,1,16.0,1,1-2 Year,No,22053.0,124.0,85,0
195374,Male,56,1,11.0,0,1-2 Year,Yes,2630.0,157.0,284,0
195454,Male,29,1,8.0,1,< 1 Year,No,37662.0,152.0,185,0
195462,Female,26,1,2.0,0,< 1 Year,Yes,23640.0,124.0,288,0
195491,Female,25,1,15.0,0,< 1 Year,No,43256.0,152.0,134,0
195498,Male,33,1,29.0,0,< 1 Year,Yes,30539.0,26.0,78,0
195663,Female,43,1,25.0,0,1-2 Year,Yes,27341.0,26.0,189,1
195831,Female,50,1,28.0,0,1-2 Year,Yes,43379.0,122.0,170,1
195915,Male,57,1,18.0,1,1-2 Year,No,30173.0,154.0,49,0
195981,Male,47,1,26.0,0,1-2 Year,Yes,29882.0,124.0,50,0
196033,Male,38,1,48.0,0,1-2 Year,Yes,2630.0,26.0,149,0
196080,Male,52,1,28.0,0,1-2 Year,Yes,43447.0,26.0,263,0
196139,Female,24,1,30.0,1,< 1 Year,No,27234.0,152.0,204,0
196171,Female,43,1,8.0,0,1-2 Year,Yes,42230.0,26.0,35,0
196243,Female,33,1,28.0,1,1-2 Year,No,44172.0,124.0,267,0
196383,Male,50,1,30.0,1,1-2 Year,No,2630.0,26.0,84,0
196627,Female,27,1,39.0,0,< 1 Year,No,2630.0,157.0,107,0
196631,Female,72,1,29.0,0,1-2 Year,Yes,44638.0,124.0,144,0
196696,Male,31,1,35.0,1,< 1 Year,No,35678.0,152.0,200,0
196801,Male,28,1,28.0,0,< 1 Year,Yes,42556.0,124.0,235,0
196907,Male,27,1,41.0,1,< 1 Year,No,37160.0,152.0,212,0
197006,Male,37,1,28.0,1,1-2 Year,No,41140.0,44.0,28,0
197209,Male,30,1,29.0,0,1-2 Year,Yes,23546.0,163.0,84,1
197359,Male,24,1,15.0,1,< 1 Year,No,26300.0,152.0,157,0
197361,Male,52,1,7.0,0,1-2 Year,Yes,2630.0,124.0,128,1
197446,Female,22,1,25.0,0,< 1 Year,Yes,18742.0,160.0,11,0
197633,Female,21,1,8.0,1,< 1 Year,No,45144.0,160.0,81,0
197762,Male,39,1,46.0,0,1-2 Year,Yes,30559.0,11.0,177,0
197854,Female,23,1,14.0,1,< 1 Year,No,24834.0,152.0,70,0
197857,Female,22,1,36.0,1,< 1 Year,No,46607.0,152.0,152,0
197989,Male,56,1,16.0,0,1-2 Year,Yes,26599.0,26.0,261,0
198143,Female,71,1,28.0,1,1-2 Year,No,45266.0,26.0,126,0
198383,Male,46,1,28.0,0,1-2 Year,Yes,43921.0,122.0,50,0
198475,Female,23,1,17.0,1,< 1 Year,No,24793.0,152.0,119,0
198946,Female,40,1,8.0,1,1-2 Year,No,29331.0,124.0,15,0
199123,Male,22,1,6.0,1,< 1 Year,No,22617.0,152.0,40,0
199161,Female,36,1,41.0,0,> 2 Years,Yes,45223.0,124.0,152,0
199249,Female,54,1,28.0,0,> 2 Years,Yes,32633.0,26.0,61,0
199364,Female,49,1,8.0,1,1-2 Year,No,44972.0,124.0,142,0
199414,Male,40,1,28.0,0,1-2 Year,Yes,39246.0,26.0,218,0
199433,Male,44,1,28.0,1,1-2 Year,No,35754.0,124.0,255,0
199452,Male,43,1,28.0,0,1-2 Year,Yes,26363.0,26.0,90,1
199580,Male,41,1,28.0,0,1-2 Year,Yes,35651.0,124.0,115,0
199605,Male,35,1,29.0,0,1-2 Year,Yes,2630.0,156.0,201,0
199671,Male,46,1,48.0,0,> 2 Years,Yes,2630.0,124.0,97,0
199692,Male,62,1,15.0,1,1-2 Year,No,44062.0,124.0,94,0
199843,Female,27,1,11.0,1,< 1 Year,No,20592.0,152.0,124,0
199921,Male,28,1,36.0,0,< 1 Year,Yes,32711.0,152.0,271,0
199947,Male,37,1,28.0,0,1-2 Year,Yes,2630.0,156.0,37,0
199965,Male,24,1,28.0,0,1-2 Year,Yes,24375.0,26.0,209,0
199991,Female,22,1,44.0,0,< 1 Year,Yes,2630.0,160.0,36,0
200012,Male,51,1,3.0,0,1-2 Year,Yes,2630.0,26.0,15,1
200082,Female,56,1,28.0,0,1-2 Year,Yes,47283.0,122.0,283,0
200240,Male,26,1,45.0,0,< 1 Year,No,2630.0,1.0,220,0
200334,Female,58,1,32.0,1,1-2 Year,No,34009.0,26.0,137,0
200380,Male,35,1,28.0,1,1-2 Year,No,34087.0,124.0,169,0
200410,Male,64,1,28.0,0,> 2 Years,Yes,2630.0,122.0,115,0
200479,Female,26,1,29.0,1,< 1 Year,No,41094.0,152.0,168,0
200568,Male,25,1,47.0,1,< 1 Year,No,31663.0,152.0,274,0
200574,Male,24,1,33.0,1,< 1 Year,No,42040.0,152.0,212,0
200594,Female,34,1,46.0,1,1-2 Year,No,23782.0,152.0,108,0
200820,Male,35,1,14.0,0,1-2 Year,Yes,21948.0,124.0,98,0
200853,Female,55,1,48.0,1,1-2 Year,No,2630.0,26.0,170,0
201004,Male,33,1,0.0,1,< 1 Year,No,2630.0,152.0,152,0
201100,Female,45,1,28.0,1,1-2 Year,No,2630.0,124.0,296,0
201106,Male,55,1,28.0,0,1-2 Year,Yes,50555.0,60.0,258,0
201114,Female,23,1,28.0,1,< 1 Year,No,68377.0,152.0,146,0
201171,Male,23,1,50.0,1,< 1 Year,No,38722.0,152.0,38,0
201229,Female,42,1,49.0,0,1-2 Year,Yes,2630.0,124.0,287,0
201324,Male,39,1,48.0,0,1-2 Year,Yes,2630.0,122.0,257,0
201380,Male,24,1,46.0,1,< 1 Year,No,35437.0,152.0,151,0
201444,Female,68,1,23.0,0,1-2 Year,No,31307.0,26.0,111,0
201448,Female,75,1,28.0,0,1-2 Year,Yes,39995.0,124.0,298,0
201517,Female,42,1,28.0,0,1-2 Year,Yes,44765.0,26.0,169,1
201570,Male,43,1,8.0,1,1-2 Year,No,44815.0,124.0,96,0
201634,Female,25,1,17.0,1,< 1 Year,No,28873.0,152.0,134,0
201664,Female,45,1,28.0,0,1-2 Year,Yes,40212.0,13.0,72,1
201689,Female,40,1,46.0,0,1-2 Year,No,26152.0,124.0,187,0
201759,Female,24,1,41.0,1,< 1 Year,No,20379.0,152.0,241,0
201836,Male,34,1,28.0,1,< 1 Year,No,28741.0,152.0,155,0
201893,Male,24,1,28.0,1,< 1 Year,Yes,2630.0,152.0,242,0
201917,Female,45,1,41.0,0,1-2 Year,Yes,46898.0,12.0,182,1
202000,Female,22,1,17.0,0,< 1 Year,Yes,30735.0,152.0,195,0
202014,Male,20,1,2.0,0,< 1 Year,No,30390.0,160.0,36,0
202040,Female,59,1,28.0,0,1-2 Year,Yes,44055.0,26.0,254,1
202160,Female,25,1,21.0,1,< 1 Year,No,29004.0,152.0,246,0
202252,Female,36,1,45.0,1,1-2 Year,No,2630.0,124.0,36,0
202345,Male,25,1,29.0,1,< 1 Year,No,32927.0,152.0,31,0
202352,Male,41,1,3.0,1,1-2 Year,No,2630.0,156.0,170,0
202367,Male,22,1,13.0,1,< 1 Year,No,28141.0,152.0,121,0
202637,Male,75,1,28.0,0,1-2 Year,Yes,59167.0,26.0,28,0
202747,Female,30,1,6.0,0,< 1 Year,Yes,41467.0,152.0,29,1
202831,Male,35,1,11.0,0,1-2 Year,Yes,53688.0,124.0,162,0
202834,Female,27,1,30.0,0,1-2 Year,Yes,17289.0,156.0,280,0
202999,Male,59,1,46.0,0,1-2 Year,Yes,2630.0,26.0,291,0
203046,Male,22,1,8.0,0,< 1 Year,Yes,2630.0,160.0,27,0
203112,Male,75,1,28.0,0,1-2 Year,Yes,42931.0,3.0,129,0
203136,Female,47,1,7.0,1,1-2 Year,Yes,33662.0,26.0,26,0
203239,Female,40,1,10.0,1,1-2 Year,No,31888.0,124.0,156,0
203307,Female,45,1,46.0,1,1-2 Year,No,2630.0,26.0,104,0
203349,Female,23,1,29.0,1,< 1 Year,No,135545.0,152.0,241,0
203395,Female,28,1,28.0,0,< 1 Year,Yes,35770.0,124.0,209,0
203458,Female,23,1,36.0,1,< 1 Year,No,34779.0,26.0,142,0
203495,Male,39,1,28.0,0,> 2 Years,Yes,22135.0,52.0,110,1
203585,Female,22,1,30.0,0,< 1 Year,Yes,32345.0,152.0,233,0
203586,Male,23,1,14.0,1,< 1 Year,No,2630.0,160.0,87,0
203651,Female,22,1,21.0,1,< 1 Year,No,25563.0,160.0,256,0
203705,Female,28,1,28.0,1,< 1 Year,No,28059.0,152.0,58,0
203789,Male,22,1,45.0,1,< 1 Year,No,27056.0,152.0,26,0
203823,Male,28,1,28.0,0,< 1 Year,Yes,29678.0,152.0,265,0
203852,Male,38,1,28.0,0,1-2 Year,Yes,2630.0,124.0,218,1
203907,Female,28,1,18.0,1,< 1 Year,No,32612.0,152.0,92,0
204095,Female,21,1,45.0,0,< 1 Year,Yes,24453.0,152.0,66,0
204223,Female,37,1,42.0,0,1-2 Year,Yes,38908.0,124.0,141,0
204361,Male,21,1,9.0,0,< 1 Year,Yes,2630.0,152.0,158,0
204367,Female,24,1,23.0,0,< 1 Year,Yes,23060.0,160.0,37,0
204374,Female,70,1,28.0,0,1-2 Year,Yes,47030.0,26.0,239,1
204422,Female,36,1,45.0,0,1-2 Year,Yes,23454.0,29.0,190,0
204442,Female,26,1,8.0,0,< 1 Year,No,39333.0,152.0,77,0
204445,Male,21,1,30.0,1,< 1 Year,No,24290.0,160.0,168,0
204468,Female,40,1,49.0,0,1-2 Year,Yes,28278.0,24.0,144,0
204470,Male,25,1,28.0,1,< 1 Year,No,36623.0,152.0,94,0
204559,Male,37,1,3.0,0,1-2 Year,Yes,28579.0,124.0,210,0
204740,Male,34,1,3.0,0,1-2 Year,Yes,21195.0,124.0,63,0
204752,Male,28,1,11.0,1,< 1 Year,No,24802.0,152.0,74,0
204966,Male,35,1,28.0,0,1-2 Year,Yes,28975.0,31.0,241,0
205025,Female,48,1,29.0,1,1-2 Year,No,32554.0,131.0,244,0
205129,Female,28,1,16.0,0,< 1 Year,No,22787.0,152.0,225,0
205134,Female,43,1,28.0,1,1-2 Year,No,38782.0,26.0,74,0
205217,Male,24,1,29.0,1,< 1 Year,No,19891.0,152.0,16,0
205363,Male,70,0,28.0,0,1-2 Year,Yes,26895.0,122.0,265,0
205428,Female,61,1,39.0,0,1-2 Year,Yes,31545.0,124.0,56,0
205582,Female,40,1,36.0,0,1-2 Year,Yes,35120.0,124.0,164,1
205715,Male,32,1,3.0,0,1-2 Year,Yes,2630.0,156.0,149,0
205822,Male,28,1,46.0,1,1-2 Year,Yes,42994.0,124.0,174,0
205831,Male,57,1,28.0,1,1-2 Year,Yes,38661.0,26.0,274,0
205942,Female,67,1,41.0,1,1-2 Year,No,31353.0,124.0,254,0
205959,Male,43,1,29.0,0,1-2 Year,Yes,2630.0,124.0,256,1
206003,Female,20,1,13.0,0,< 1 Year,Yes,19678.0,160.0,53,0
206136,Male,54,1,52.0,1,1-2 Year,No,32579.0,26.0,242,0
206144,Female,23,1,25.0,0,< 1 Year,Yes,2630.0,160.0,232,0
206173,Female,42,1,50.0,0,1-2 Year,Yes,26317.0,152.0,135,0
206199,Female,23,1,37.0,0,< 1 Year,Yes,28131.0,152.0,135,0
206225,Male,23,1,5.0,0,< 1 Year,Yes,35524.0,152.0,192,1
206226,Female,46,1,8.0,0,1-2 Year,Yes,38056.0,26.0,201,0
206257,Male,22,1,25.0,1,< 1 Year,No,2630.0,152.0,96,0
206258,Male,59,1,17.0,0,1-2 Year,Yes,30588.0,26.0,80,0
206372,Female,62,1,28.0,1,1-2 Year,No,31137.0,154.0,296,0
206399,Female,40,1,8.0,0,1-2 Year,Yes,64167.0,26.0,294,0
206596,Male,25,1,8.0,0,< 1 Year,No,32579.0,152.0,268,0
206990,Female,26,1,15.0,0,< 1 Year,No,33351.0,152.0,143,0
207033,Male,40,1,28.0,1,1-2 Year,No,45685.0,124.0,193,0
207040,Female,29,1,15.0,1,< 1 Year,No,34901.0,152.0,160,0
207042,Male,44,1,28.0,0,1-2 Year,Yes,48806.0,124.0,119,0
207179,Female,45,1,36.0,0,1-2 Year,No,31266.0,152.0,174,0
207228,Female,28,1,46.0,1,1-2 Year,No,34543.0,124.0,32,0
207292,Male,62,1,6.0,0,1-2 Year,Yes,18141.0,26.0,279,0
207492,Female,49,1,28.0,1,1-2 Year,No,37324.0,124.0,290,0
207508,Male,32,1,8.0,1,1-2 Year,No,24389.0,26.0,125,0
207599,Female,50,1,50.0,0,> 2 Years,Yes,2630.0,156.0,142,0
207766,Female,24,1,21.0,1,< 1 Year,No,29449.0,152.0,248,0
207801,Male,42,1,28.0,1,1-2 Year,No,32490.0,26.0,145,0
207817,Male,22,1,18.0,1,< 1 Year,No,2630.0,160.0,105,0
207926,Female,22,1,43.0,0,< 1 Year,Yes,36778.0,124.0,298,0
207971,Female,24,1,25.0,1,< 1 Year,No,27211.0,152.0,17,0
207981,Female,28,1,50.0,1,< 1 Year,No,25471.0,152.0,135,0
207985,Male,23,1,3.0,1,< 1 Year,Yes,16995.0,152.0,80,0
208013,Male,26,1,46.0,0,< 1 Year,Yes,34484.0,152.0,219,0
208308,Female,25,1,11.0,1,< 1 Year,No,37446.0,152.0,37,0
208373,Male,22,1,6.0,0,1-2 Year,Yes,2630.0,156.0,94,1
208376,Female,26,1,10.0,1,< 1 Year,Yes,23517.0,152.0,283,0
208525,Male,31,1,12.0,0,< 1 Year,Yes,59210.0,26.0,157,0
208591,Female,23,1,29.0,1,< 1 Year,No,32532.0,152.0,60,0
208592,Male,68,1,45.0,1,1-2 Year,No,35530.0,13.0,287,0
208643,Male,47,1,28.0,0,1-2 Year,Yes,40435.0,124.0,150,0
208724,Male,22,1,47.0,1,< 1 Year,No,39553.0,152.0,49,0
208816,Male,41,1,29.0,0,1-2 Year,Yes,2630.0,26.0,274,0
209035,Female,21,1,8.0,1,< 1 Year,No,33273.0,152.0,244,0
209181,Female,21,1,46.0,0,1-2 Year,Yes,31028.0,26.0,201,0
209252,Female,25,1,11.0,1,< 1 Year,No,34576.0,152.0,217,0
209461,Male,51,1,46.0,0,1-2 Year,Yes,21065.0,26.0,22,0
209469,Male,34,1,28.0,1,1-2 Year,No,28644.0,124.0,130,0
209514,Female,25,1,15.0,1,< 1 Year,No,37126.0,152.0,86,0
209551,Male,49,1,8.0,0,1-2 Year,Yes,32073.0,124.0,59,0
209606,Female,25,1,29.0,1,< 1 Year,No,30055.0,152.0,282,0
209645,Female,47,1,32.0,0,1-2 Year,Yes,36781.0,124.0,272,0
209647,Male,57,1,28.0,0,1-2 Year,Yes,44326.0,124.0,68,1
209700,Female,74,1,9.0,0,1-2 Year,Yes,34236.0,124.0,79,0
209726,Male,63,1,28.0,0,1-2 Year,Yes,56469.0,26.0,154,1
209748,Male,26,1,28.0,1,< 1 Year,No,47587.0,26.0,103,0
209784,Female,29,1,10.0,1,< 1 Year,No,32830.0,152.0,92,0
209839,Male,46,1,46.0,0,1-2 Year,No,29990.0,26.0,208,0
209884,Female,52,1,11.0,0,1-2 Year,Yes,2630.0,156.0,63,0
209898,Female,38,1,8.0,0,1-2 Year,Yes,30490.0,124.0,81,0
209934,Female,24,1,9.0,1,< 1 Year,No,47373.0,152.0,277,0
210153,Female,26,1,21.0,1,< 1 Year,No,29081.0,152.0,134,0
210297,Female,27,1,3.0,1,< 1 Year,No,26541.0,152.0,195,0
210310,Female,45,1,21.0,0,> 2 Years,Yes,35393.0,26.0,78,0
210343,Female,52,1,50.0,1,1-2 Year,Yes,27748.0,26.0,166,0
210456,Male,59,1,28.0,0,1-2 Year,Yes,21391.0,26.0,98,0
210484,Female,25,1,8.0,1,< 1 Year,No,100245.0,152.0,282,0
210590,Male,54,1,29.0,0,1-2 Year,Yes,39262.0,124.0,56,0
210607,Female,48,1,11.0,0,1-2 Year,Yes,33046.0,157.0,167,1
210855,Male,21,1,30.0,1,1-2 Year,No,33837.0,154.0,59,0
210923,Female,51,1,48.0,0,1-2 Year,Yes,2630.0,26.0,245,0
210977,Female,46,1,33.0,0,1-2 Year,Yes,42222.0,26.0,154,0
211027,Female,25,1,8.0,0,< 1 Year,No,69072.0,152.0,196,0
211117,Female,21,1,46.0,0,< 1 Year,Yes,2630.0,152.0,94,0
211280,Male,65,1,37.0,0,> 2 Years,Yes,2630.0,26.0,64,0
211313,Female,25,1,15.0,0,< 1 Year,Yes,2630.0,160.0,37,0
211335,Male,44,1,35.0,0,1-2 Year,Yes,26949.0,124.0,144,0
211467,Female,31,1,46.0,1,< 1 Year,No,26133.0,152.0,265,0
211493,Male,44,1,12.0,0,1-2 Year,Yes,25779.0,26.0,260,0
211560,Female,71,1,31.0,0,1-2 Year,Yes,2630.0,98.0,198,0
211790,Female,39,1,49.0,0,1-2 Year,Yes,2630.0,156.0,211,1
211894,Female,26,1,13.0,1,< 1 Year,No,2630.0,152.0,238,0
211926,Female,37,1,24.0,1,1-2 Year,No,32152.0,145.0,260,0
211929,Male,59,1,48.0,1,1-2 Year,No,2630.0,15.0,216,0
211947,Female,47,1,46.0,0,1-2 Year,Yes,21731.0,124.0,43,1
212029,Female,21,1,42.0,0,< 1 Year,Yes,33736.0,160.0,61,0
212065,Female,38,1,8.0,1,1-2 Year,No,32493.0,26.0,132,0
212132,Female,60,1,41.0,1,1-2 Year,No,25112.0,26.0,179,0
212208,Female,25,1,11.0,1,< 1 Year,No,33990.0,152.0,276,0
212225,Female,24,1,36.0,1,< 1 Year,No,30519.0,152.0,97,0
212227,Male,26,1,30.0,1,< 1 Year,No,24866.0,152.0,39,0
212231,Female,44,1,28.0,0,1-2 Year,Yes,34975.0,26.0,207,0
212316,Male,55,1,45.0,0,1-2 Year,No,28049.0,26.0,27,0
212396,Male,45,1,28.0,0,> 2 Years,Yes,30667.0,31.0,47,0
212413,Male,41,1,28.0,0,1-2 Year,Yes,36660.0,13.0,42,1
212428,Female,22,1,10.0,0,< 1 Year,Yes,31755.0,152.0,217,0
212610,Female,43,1,8.0,0,1-2 Year,Yes,2630.0,156.0,46,0
212657,Female,39,1,28.0,0,1-2 Year,Yes,40677.0,124.0,189,1
212797,Male,20,1,20.0,1,< 1 Year,No,2630.0,160.0,137,0
212964,Female,41,1,28.0,0,1-2 Year,No,33638.0,124.0,209,0
213145,Female,63,1,15.0,0,1-2 Year,Yes,52490.0,26.0,252,0
213276,Male,69,1,28.0,0,> 2 Years,Yes,44247.0,26.0,85,0
213394,Male,24,1,28.0,1,< 1 Year,No,35859.0,152.0,41,0
213451,Male,50,1,19.0,0,1-2 Year,Yes,2630.0,124.0,270,0
213483,Male,23,1,28.0,1,< 1 Year,No,2630.0,152.0,173,0
213562,Female,24,1,28.0,1,< 1 Year,No,40860.0,152.0,222,0
213648,Female,32,1,16.0,1,< 1 Year,No,19257.0,152.0,264,0
213672,Female,45,1,29.0,0,1-2 Year,Yes,25940.0,124.0,182,0
213699,Female,23,1,46.0,0,< 1 Year,Yes,27351.0,124.0,286,0
213740,Female,30,1,15.0,1,< 1 Year,No,29270.0,152.0,62,0
213770,Male,25,1,27.0,0,< 1 Year,Yes,2630.0,163.0,222,1
213781,Female,31,1,11.0,1,< 1 Year,No,42681.0,152.0,212,0
213782,Female,33,1,41.0,0,< 1 Year,No,34253.0,152.0,253,0
213865,Female,66,1,17.0,0,> 2 Years,Yes,2630.0,26.0,29,0
214064,Male,40,1,28.0,0,1-2 Year,Yes,35551.0,124.0,178,1
214097,Female,37,1,36.0,0,1-2 Year,Yes,2630.0,26.0,99,0
214176,Female,51,1,10.0,0,> 2 Years,Yes,2630.0,26.0,299,0
214241,Female,23,1,15.0,1,< 1 Year,No,2630.0,151.0,121,0
214352,Male,35,1,28.0,1,1-2 Year,No,41984.0,122.0,56,0
214360,Female,25,1,46.0,1,< 1 Year,No,22689.0,152.0,89,0
214455,Female,31,1,46.0,1,1-2 Year,No,34410.0,124.0,242,0
214567,Male,22,1,46.0,0,< 1 Year,No,66872.0,152.0,114,0
214722,Female,69,1,46.0,1,1-2 Year,No,29336.0,152.0,194,0
214814,Male,30,1,28.0,0,< 1 Year,Yes,71659.0,122.0,78,1
214816,Male,40,1,28.0,1,1-2 Year,No,46789.0,124.0,65,0
214868,Male,28,1,36.0,1,< 1 Year,No,31589.0,152.0,262,0
214892,Female,21,1,8.0,1,< 1 Year,No,48645.0,152.0,15,0
214987,Female,23,1,46.0,1,< 1 Year,No,33192.0,152.0,29,0
215044,Female,22,1,46.0,0,< 1 Year,Yes,27881.0,160.0,195,0
215067,Male,41,1,41.0,0,1-2 Year,Yes,36822.0,124.0,99,1
215081,Female,48,1,8.0,0,1-2 Year,No,22133.0,124.0,214,0
215116,Male,25,1,28.0,0,< 1 Year,Yes,68241.0,122.0,56,1
215128,Male,32,1,28.0,0,< 1 Year,Yes,42489.0,152.0,173,0
215297,Male,33,1,46.0,0,< 1 Year,Yes,25537.0,124.0,148,0
215308,Female,21,1,43.0,1,< 1 Year,No,32318.0,160.0,175,0
215309,Female,61,1,8.0,1,1-2 Year,No,56147.0,124.0,231,0
215412,Female,31,1,3.0,1,< 1 Year,No,33161.0,152.0,280,0
215531,Male,23,1,28.0,1,< 1 Year,No,71692.0,160.0,157,0
215551,Male,53,1,28.0,0,1-2 Year,Yes,45929.0,154.0,114,0
215601,Female,38,1,41.0,0,1-2 Year,Yes,29853.0,109.0,65,0
215764,Male,42,1,28.0,0,1-2 Year,Yes,36965.0,26.0,177,0
215782,Male,24,1,8.0,0,< 1 Year,Yes,27490.0,124.0,243,0
215798,Female,24,1,8.0,1,< 1 Year,No,50522.0,152.0,238,0
215846,Female,29,1,41.0,1,< 1 Year,No,41179.0,152.0,222,0
215893,Female,38,1,46.0,1,1-2 Year,No,21109.0,124.0,226,0
216016,Male,23,1,41.0,1,< 1 Year,No,26361.0,152.0,55,0
216143,Female,24,1,37.0,1,< 1 Year,No,43085.0,152.0,265,0
216323,Female,30,1,11.0,0,< 1 Year,Yes,32518.0,124.0,279,0
216415,Male,25,1,29.0,1,< 1 Year,No,31588.0,152.0,88,0
216444,Male,41,1,28.0,0,1-2 Year,No,26800.0,122.0,52,0
216493,Female,40,1,28.0,1,1-2 Year,No,64835.0,122.0,110,0
216543,Male,21,1,43.0,1,< 1 Year,No,32794.0,160.0,281,0
216578,Female,20,1,38.0,1,1-2 Year,Yes,2630.0,156.0,198,0
216880,Female,22,1,8.0,1,< 1 Year,No,61570.0,152.0,285,0
217066,Female,38,1,13.0,0,1-2 Year,Yes,2630.0,124.0,280,1
217099,Male,29,1,18.0,1,< 1 Year,No,33313.0,152.0,69,0
217194,Female,47,1,28.0,0,1-2 Year,Yes,48775.0,124.0,40,1
217225,Female,71,1,48.0,0,1-2 Year,Yes,2630.0,124.0,213,0
217388,Female,37,1,16.0,0,1-2 Year,No,33869.0,156.0,174,0
217397,Female,53,1,17.0,0,> 2 Years,Yes,2630.0,156.0,32,0
217418,Female,30,1,50.0,1,1-2 Year,No,29672.0,124.0,296,0
217471,Male,38,1,46.0,0,1-2 Year,No,43214.0,11.0,287,0
217571,Female,49,1,50.0,0,1-2 Year,Yes,51034.0,8.0,42,0
217616,Female,60,1,12.0,1,1-2 Year,No,20623.0,21.0,254,0
217652,Female,23,1,26.0,0,< 1 Year,Yes,28865.0,152.0,208,0
217803,Male,30,1,30.0,1,< 1 Year,No,30742.0,152.0,281,0
217847,Female,23,1,28.0,0,< 1 Year,Yes,46170.0,156.0,24,0
217969,Female,22,1,8.0,1,< 1 Year,No,42400.0,152.0,256,0
218030,Female,25,1,31.0,0,< 1 Year,Yes,2630.0,152.0,258,0
218178,Male,40,1,46.0,0,1-2 Year,Yes,2630.0,160.0,109,0
218195,Male,23,1,15.0,0,< 1 Year,Yes,2630.0,152.0,70,0
218211,Male,31,1,25.0,1,< 1 Year,No,23785.0,152.0,109,0
218449,Female,41,1,50.0,0,1-2 Year,Yes,47291.0,64.0,212,0
218480,Male,22,1,18.0,0,< 1 Year,Yes,2630.0,160.0,190,0
218868,Female,27,1,28.0,1,< 1 Year,No,28181.0,152.0,46,0
219022,Female,23,1,15.0,1,< 1 Year,No,45440.0,152.0,95,0
219445,Female,36,1,28.0,0,1-2 Year,Yes,65204.0,26.0,187,0
219518,Female,21,1,41.0,0,< 1 Year,Yes,17062.0,152.0,215,1
219548,Male,24,1,8.0,0,< 1 Year,Yes,38392.0,152.0,116,0
219549,Female,23,1,45.0,1,< 1 Year,No,21882.0,160.0,233,0
219560,Female,44,1,28.0,0,1-2 Year,Yes,45563.0,13.0,123,0
219669,Female,24,1,15.0,1,< 1 Year,No,29254.0,152.0,267,0
219685,Male,25,1,11.0,1,< 1 Year,No,40838.0,152.0,124,0
219687,Female,41,1,28.0,1,1-2 Year,No,75008.0,26.0,63,0
219753,Male,44,1,8.0,1,1-2 Year,No,40305.0,26.0,266,0
219756,Female,43,1,28.0,0,1-2 Year,Yes,2630.0,26.0,25,0
219762,Male,23,1,47.0,1,< 1 Year,No,2630.0,160.0,92,0
219789,Male,50,1,28.0,0,1-2 Year,Yes,40513.0,26.0,51,0
219875,Female,69,1,46.0,0,1-2 Year,Yes,70930.0,26.0,32,0
220128,Male,25,1,50.0,0,< 1 Year,No,25467.0,152.0,174,0
220235,Male,47,1,35.0,0,1-2 Year,Yes,2630.0,124.0,157,0
220258,Male,47,1,28.0,0,1-2 Year,Yes,37398.0,124.0,93,0
220410,Female,24,1,8.0,1,< 1 Year,No,53718.0,152.0,141,0
220437,Female,44,1,19.0,0,1-2 Year,Yes,23657.0,13.0,11,1
220522,Female,77,1,28.0,0,1-2 Year,Yes,25051.0,124.0,295,0
220593,Male,40,1,35.0,0,1-2 Year,Yes,2630.0,124.0,135,0
220632,Male,72,1,49.0,0,1-2 Year,Yes,2630.0,156.0,238,0
220762,Female,22,1,28.0,0,< 1 Year,Yes,42974.0,149.0,138,0
220909,Female,23,1,46.0,0,< 1 Year,Yes,42968.0,26.0,106,0
221003,Male,23,1,8.0,1,< 1 Year,No,47199.0,152.0,114,0
221009,Female,73,1,0.0,0,> 2 Years,Yes,2630.0,122.0,22,0
221098,Male,23,1,36.0,1,< 1 Year,No,28666.0,160.0,86,0
221258,Male,39,1,43.0,0,1-2 Year,Yes,2630.0,157.0,220,0
221414,Female,24,1,8.0,0,< 1 Year,Yes,35159.0,152.0,149,0
221608,Male,34,1,46.0,1,1-2 Year,No,30493.0,154.0,12,0
221637,Male,24,1,16.0,0,< 1 Year,Yes,33737.0,152.0,265,0
221682,Female,25,1,39.0,1,< 1 Year,No,42259.0,152.0,212,0
221770,Female,24,1,36.0,1,< 1 Year,No,27336.0,152.0,57,0
221838,Male,53,1,14.0,0,1-2 Year,Yes,2630.0,124.0,90,0
221888,Male,22,1,1.0,0,1-2 Year,Yes,2630.0,124.0,56,0
221943,Female,49,1,31.0,0,1-2 Year,Yes,2630.0,26.0,187,0
221966,Male,55,1,28.0,1,1-2 Year,No,31249.0,26.0,59,0
222114,Male,25,1,28.0,1,< 1 Year,No,48595.0,152.0,170,0
222123,Male,47,1,28.0,0,1-2 Year,Yes,33413.0,124.0,97,1
222134,Female,23,1,46.0,1,< 1 Year,No,42189.0,152.0,258,0
222184,Male,48,1,8.0,0,1-2 Year,Yes,2630.0,7.0,296,0
222307,Female,40,1,28.0,0,1-2 Year,Yes,2630.0,26.0,249,1
222332,Male,65,1,8.0,1,1-2 Year,No,2630.0,152.0,183,0
222510,Female,24,1,34.0,0,< 1 Year,Yes,15929.0,152.0,100,0
222717,Male,23,1,2.0,0,< 1 Year,Yes,37186.0,152.0,45,0
222735,Female,73,1,7.0,1,1-2 Year,No,46031.0,8.0,217,0
222765,Female,35,1,22.0,0,1-2 Year,Yes,29809.0,124.0,273,0
222814,Male,42,1,28.0,0,1-2 Year,Yes,40557.0,124.0,39,0
222823,Female,21,1,50.0,1,< 1 Year,No,37806.0,152.0,116,0
222880,Male,23,1,27.0,1,< 1 Year,No,2630.0,152.0,159,0
222921,Female,63,1,10.0,0,1-2 Year,Yes,2630.0,26.0,190,0
223009,Female,23,1,33.0,0,< 1 Year,No,35394.0,151.0,135,0
223021,Male,47,1,28.0,0,1-2 Year,Yes,36250.0,26.0,257,0
223035,Male,23,1,49.0,0,< 1 Year,No,41166.0,152.0,147,0
223050,Female,51,1,8.0,0,1-2 Year,Yes,24275.0,26.0,106,0
223190,Male,49,1,50.0,0,1-2 Year,Yes,25296.0,30.0,292,0
223204,Female,22,1,12.0,1,< 1 Year,No,23626.0,152.0,80,0
223209,Male,58,1,28.0,1,1-2 Year,No,91677.0,55.0,218,0
223226,Female,46,1,46.0,0,< 1 Year,No,2630.0,1.0,202,1
223273,Female,40,1,28.0,0,1-2 Year,Yes,47097.0,122.0,168,0
223391,Male,26,1,46.0,1,< 1 Year,No,31109.0,152.0,53,0
223415,Female,22,1,29.0,1,< 1 Year,No,33877.0,152.0,19,0
223466,Female,30,1,33.0,0,< 1 Year,Yes,29654.0,124.0,32,1
223495,Male,21,1,32.0,0,< 1 Year,No,32713.0,152.0,50,0
223608,Male,55,1,29.0,0,1-2 Year,No,2630.0,26.0,248,0
223613,Male,21,1,30.0,0,< 1 Year,Yes,37277.0,160.0,236,0
223631,Male,26,1,41.0,1,< 1 Year,No,43730.0,152.0,82,0
223673,Male,49,1,28.0,1,1-2 Year,No,53053.0,26.0,268,0
223756,Male,46,1,28.0,0,1-2 Year,Yes,40308.0,26.0,93,0
223881,Male,22,1,28.0,0,< 1 Year,Yes,48731.0,152.0,198,0
223980,Male,68,1,33.0,0,1-2 Year,Yes,2630.0,124.0,152,1
224070,Male,66,1,28.0,0,> 2 Years,Yes,56288.0,122.0,253,1
224079,Female,49,1,8.0,0,1-2 Year,Yes,42219.0,26.0,239,0
224104,Male,23,1,30.0,1,< 1 Year,No,29549.0,152.0,202,0
224132,Male,25,1,8.0,1,< 1 Year,No,48627.0,152.0,259,0
224181,Male,48,1,46.0,1,1-2 Year,No,39649.0,26.0,120,0
224212,Female,24,1,29.0,1,< 1 Year,No,26633.0,152.0,28,0
224224,Female,38,1,28.0,0,1-2 Year,No,64852.0,124.0,252,0
224297,Female,61,1,23.0,1,1-2 Year,No,2630.0,26.0,104,0
224311,Female,21,1,35.0,1,< 1 Year,No,21988.0,160.0,174,0
224398,Male,25,1,8.0,0,1-2 Year,Yes,34966.0,124.0,95,0
224469,Male,76,1,28.0,0,1-2 Year,No,44321.0,124.0,41,0
224541,Female,34,1,28.0,0,< 1 Year,Yes,35000.0,152.0,188,0
224566,Female,23,1,14.0,1,< 1 Year,No,27456.0,152.0,12,0
224597,Female,37,1,28.0,0,1-2 Year,Yes,48242.0,26.0,183,0
224677,Male,42,1,17.0,0,1-2 Year,No,32164.0,124.0,78,1
224769,Female,23,1,3.0,1,< 1 Year,No,20394.0,152.0,12,0
224898,Female,24,1,37.0,1,< 1 Year,No,35186.0,152.0,190,0
224991,Male,32,1,41.0,1,1-2 Year,No,36353.0,12.0,180,0
225019,Female,24,1,15.0,1,< 1 Year,Yes,22556.0,151.0,84,0
225037,Male,25,1,26.0,0,< 1 Year,No,37882.0,152.0,243,0
225203,Female,72,1,28.0,1,1-2 Year,No,37562.0,26.0,217,0
225259,Female,24,1,41.0,1,< 1 Year,No,51358.0,152.0,83,0
225277,Male,34,1,46.0,0,1-2 Year,Yes,2630.0,124.0,213,1
225512,Male,26,1,46.0,1,< 1 Year,No,27240.0,152.0,114,0
225608,Male,37,1,28.0,0,1-2 Year,No,30020.0,26.0,238,0
225655,Male,53,1,42.0,0,1-2 Year,Yes,29802.0,26.0,207,0
225695,Female,45,1,28.0,0,1-2 Year,Yes,31841.0,26.0,230,0
225731,Male,43,1,47.0,1,1-2 Year,No,30016.0,26.0,239,0
225819,Female,22,1,28.0,1,< 1 Year,No,29597.0,152.0,284,0
225832,Female,44,1,50.0,1,1-2 Year,No,38419.0,152.0,12,0
225835,Male,77,1,28.0,1,1-2 Year,No,2630.0,156.0,282,0
225880,Male,22,1,3.0,1,< 1 Year,No,20723.0,152.0,80,0
225933,Male,39,1,28.0,1,1-2 Year,No,51047.0,124.0,189,0
225934,Female,32,1,28.0,0,< 1 Year,Yes,76107.0,154.0,226,0
225951,Male,37,1,6.0,0,1-2 Year,Yes,29872.0,124.0,83,0
225988,Female,37,1,28.0,1,1-2 Year,No,37254.0,122.0,123,0
226052,Male,59,1,28.0,0,1-2 Year,Yes,34761.0,124.0,119,0
226054,Female,23,1,39.0,1,< 1 Year,Yes,30019.0,160.0,173,0
226079,Male,49,1,28.0,0,1-2 Year,Yes,48164.0,30.0,240,0
226135,Male,54,1,28.0,0,1-2 Year,Yes,43513.0,124.0,210,0
226138,Male,33,1,50.0,1,< 1 Year,No,17773.0,152.0,171,0
226254,Male,49,1,40.0,0,> 2 Years,Yes,34469.0,124.0,257,0
226506,Male,23,1,6.0,1,< 1 Year,No,38428.0,152.0,266,0
226588,Male,25,1,47.0,0,< 1 Year,No,45989.0,152.0,291,0
226619,Female,23,1,28.0,1,< 1 Year,No,27320.0,152.0,295,0
226639,Male,39,1,28.0,0,1-2 Year,Yes,37758.0,124.0,219,1
226837,Female,56,1,17.0,1,1-2 Year,No,50850.0,26.0,234,0
226854,Female,25,1,27.0,0,< 1 Year,Yes,32090.0,152.0,24,0
226868,Female,63,1,28.0,1,1-2 Year,No,55764.0,26.0,13,0
226950,Female,23,1,30.0,1,< 1 Year,No,35426.0,152.0,92,0
227025,Female,23,1,28.0,0,< 1 Year,Yes,48380.0,151.0,14,0
227145,Male,35,1,30.0,1,< 1 Year,No,2630.0,1.0,206,0
227182,Female,22,1,30.0,1,< 1 Year,No,30678.0,152.0,12,0
227189,Female,28,1,36.0,1,< 1 Year,No,36074.0,152.0,124,0
227237,Male,43,1,35.0,0,1-2 Year,Yes,31005.0,124.0,292,0
227390,Female,47,1,36.0,0,1-2 Year,Yes,35180.0,154.0,102,1
227477,Male,25,1,28.0,1,< 1 Year,No,47984.0,153.0,25,0
227575,Female,29,1,3.0,0,1-2 Year,No,21461.0,154.0,61,0
227601,Female,22,1,18.0,1,< 1 Year,No,28764.0,152.0,163,0
227688,Female,66,1,28.0,0,1-2 Year,Yes,2630.0,26.0,295,1
227791,Female,40,1,28.0,0,1-2 Year,Yes,46904.0,154.0,198,0
227824,Male,29,1,38.0,1,< 1 Year,No,32563.0,152.0,116,0
227871,Male,39,1,8.0,0,1-2 Year,No,26036.0,124.0,26,0
227956,Male,24,1,14.0,1,< 1 Year,No,26681.0,152.0,127,0
228009,Male,21,1,15.0,1,< 1 Year,Yes,35997.0,152.0,171,0
228063,Male,37,1,28.0,1,1-2 Year,No,2630.0,152.0,270,0
228114,Female,24,1,8.0,1,< 1 Year,No,33648.0,152.0,114,0
228233,Female,27,1,28.0,1,< 1 Year,No,53600.0,152.0,260,0
228266,Male,51,1,8.0,1,1-2 Year,No,26363.0,26.0,37,0
228375,Female,55,1,28.0,0,1-2 Year,Yes,43338.0,124.0,72,1
228387,Female,29,1,12.0,1,< 1 Year,No,24928.0,152.0,245,0
228483,Female,44,1,28.0,0,> 2 Years,Yes,44253.0,26.0,242,1
228580,Female,22,1,15.0,1,< 1 Year,No,52505.0,152.0,247,0
228589,Male,26,1,41.0,1,< 1 Year,No,30094.0,152.0,154,0
228595,Female,75,1,28.0,1,1-2 Year,No,2630.0,124.0,245,0
228700,Female,68,1,8.0,1,1-2 Year,No,2630.0,160.0,174,0
228755,Male,21,1,35.0,1,< 1 Year,No,87363.0,160.0,212,0
228808,Female,45,1,37.0,0,1-2 Year,Yes,28211.0,26.0,158,1
228855,Male,38,1,16.0,0,1-2 Year,Yes,2630.0,156.0,87,0
228864,Male,41,1,28.0,0,1-2 Year,Yes,39792.0,124.0,275,0
228978,Male,51,1,28.0,0,1-2 Year,Yes,36419.0,25.0,155,0
229031,Male,65,1,41.0,1,1-2 Year,No,34223.0,26.0,290,0
229159,Male,45,1,50.0,0,1-2 Year,Yes,35839.0,8.0,285,0
229176,Male,38,1,33.0,0,1-2 Year,Yes,27756.0,124.0,141,0
229285,Male,49,1,28.0,0,1-2 Year,Yes,50289.0,124.0,238,1
229296,Female,57,1,8.0,1,1-2 Year,No,45822.0,152.0,204,0
229317,Male,38,1,28.0,0,1-2 Year,Yes,30288.0,26.0,25,1
229321,Male,52,1,45.0,1,1-2 Year,No,2630.0,124.0,156,0
229347,Male,25,1,30.0,1,< 1 Year,No,2630.0,152.0,288,0
229348,Male,23,1,45.0,0,< 1 Year,Yes,43429.0,152.0,156,0
229401,Male,34,1,47.0,0,1-2 Year,Yes,28199.0,124.0,13,1
229546,Female,30,1,46.0,0,< 1 Year,Yes,33476.0,152.0,92,0
229674,Female,21,1,45.0,0,< 1 Year,Yes,26812.0,152.0,194,0
229712,Male,23,1,45.0,0,< 1 Year,Yes,29307.0,152.0,239,0
229830,Male,57,1,28.0,1,1-2 Year,No,35540.0,26.0,292,0
229854,Male,44,1,39.0,1,1-2 Year,No,32605.0,26.0,284,0
229916,Female,75,1,28.0,0,1-2 Year,Yes,48403.0,26.0,76,0
229941,Female,58,1,39.0,1,1-2 Year,No,28077.0,26.0,254,0
229986,Male,41,1,28.0,0,1-2 Year,Yes,48134.0,124.0,81,0
230338,Female,24,1,46.0,1,< 1 Year,No,27446.0,152.0,58,0
230436,Male,39,1,28.0,1,1-2 Year,No,30588.0,124.0,192,0
230463,Female,69,1,28.0,0,1-2 Year,Yes,48715.0,122.0,87,1
230557,Female,22,1,46.0,1,< 1 Year,No,30898.0,160.0,38,0
230653,Female,27,1,6.0,1,< 1 Year,No,28805.0,152.0,27,0
230671,Female,30,1,28.0,1,< 1 Year,No,23328.0,152.0,149,0
230680,Female,22,1,28.0,1,< 1 Year,Yes,66310.0,152.0,129,0
230798,Male,60,1,36.0,0,1-2 Year,Yes,2630.0,124.0,123,0
231002,Female,21,1,8.0,0,< 1 Year,Yes,34127.0,152.0,114,0
231015,Female,25,1,45.0,1,< 1 Year,No,17763.0,152.0,252,0
231319,Female,24,1,39.0,0,< 1 Year,Yes,35429.0,152.0,162,0
231466,Male,40,1,28.0,1,1-2 Year,Yes,36349.0,156.0,172,0
231510,Male,60,1,50.0,0,> 2 Years,Yes,50046.0,124.0,29,0
231546,Male,79,1,28.0,1,1-2 Year,No,27534.0,124.0,219,0
231689,Female,23,1,8.0,0,< 1 Year,Yes,34761.0,152.0,71,0
231695,Female,23,1,28.0,0,1-2 Year,Yes,2630.0,157.0,47,0
231772,Female,23,1,13.0,1,< 1 Year,No,32478.0,152.0,180,0
231783,Male,69,1,49.0,1,1-2 Year,No,26708.0,124.0,279,0
231924,Female,24,1,8.0,1,< 1 Year,No,56045.0,152.0,120,0
232095,Male,23,1,11.0,1,< 1 Year,No,43869.0,152.0,84,0
232122,Male,43,1,46.0,0,1-2 Year,Yes,20252.0,124.0,149,0
232265,Female,21,1,35.0,1,< 1 Year,No,32487.0,152.0,178,0
232304,Male,31,1,45.0,0,< 1 Year,Yes,37813.0,152.0,200,0
232631,Female,53,1,28.0,0,1-2 Year,No,43800.0,26.0,232,0
232812,Female,27,1,8.0,1,< 1 Year,No,22653.0,152.0,103,0
232878,Male,47,1,8.0,0,1-2 Year,Yes,42906.0,124.0,286,0
232879,Male,58,1,28.0,0,1-2 Year,Yes,25983.0,26.0,172,1
233159,Male,34,1,3.0,1,1-2 Year,No,39187.0,152.0,44,0
233206,Female,25,1,11.0,1,< 1 Year,No,21043.0,152.0,55,0
233303,Male,43,1,28.0,0,1-2 Year,Yes,54197.0,124.0,15,0
233370,Male,57,1,14.0,0,1-2 Year,Yes,39897.0,26.0,84,0
233581,Female,47,1,41.0,1,1-2 Year,No,44385.0,26.0,284,0
233636,Female,23,1,3.0,0,< 1 Year,Yes,25635.0,152.0,21,0
233647,Male,42,1,30.0,1,1-2 Year,No,30944.0,152.0,271,0
233682,Female,38,1,46.0,1,1-2 Year,No,2630.0,152.0,234,0
233706,Male,33,1,2.0,0,< 1 Year,Yes,25534.0,160.0,185,0
233712,Male,50,1,8.0,1,1-2 Year,No,36540.0,26.0,43,0
233776,Male,32,1,32.0,0,1-2 Year,Yes,2630.0,156.0,67,0
233970,Male,35,1,15.0,0,1-2 Year,Yes,29741.0,154.0,140,1
234057,Female,70,1,28.0,0,> 2 Years,Yes,91897.0,124.0,220,0
234225,Male,44,1,8.0,1,1-2 Year,No,28955.0,26.0,189,0
234245,Male,40,1,28.0,0,1-2 Year,Yes,2630.0,26.0,54,1
234312,Male,25,1,1.0,1,< 1 Year,No,2630.0,152.0,143,0
234314,Female,39,1,28.0,0,1-2 Year,Yes,43810.0,124.0,131,0
234321,Female,31,1,8.0,0,1-2 Year,Yes,28240.0,154.0,107,1
234336,Male,23,1,46.0,0,< 1 Year,Yes,31090.0,124.0,222,1
234342,Female,26,1,7.0,1,< 1 Year,No,85600.0,152.0,172,0
234416,Female,52,1,30.0,0,1-2 Year,Yes,34662.0,124.0,46,1
234417,Female,23,1,8.0,1,< 1 Year,No,33642.0,152.0,144,0
234425,Female,27,1,30.0,1,< 1 Year,No,35492.0,152.0,169,0
234443,Female,24,1,11.0,0,< 1 Year,No,24169.0,152.0,181,0
234506,Female,22,1,11.0,1,< 1 Year,No,40561.0,152.0,219,0
234552,Male,57,1,8.0,1,1-2 Year,No,47268.0,26.0,60,0
234772,Male,56,1,48.0,0,1-2 Year,Yes,2630.0,26.0,105,0
234863,Male,41,1,28.0,0,1-2 Year,Yes,34131.0,26.0,280,0
234900,Female,24,1,9.0,0,< 1 Year,Yes,39445.0,152.0,148,0
234936,Male,50,1,40.0,0,1-2 Year,Yes,33164.0,26.0,65,1
235056,Male,38,1,28.0,0,1-2 Year,Yes,69856.0,124.0,167,1
235091,Female,20,1,35.0,0,< 1 Year,No,39740.0,160.0,156,0
235159,Female,27,1,6.0,1,< 1 Year,No,28622.0,152.0,270,0
235205,Male,21,1,11.0,0,< 1 Year,Yes,2630.0,154.0,173,0
235236,Male,77,1,26.0,0,1-2 Year,Yes,27993.0,120.0,18,0
235410,Female,26,1,29.0,1,< 1 Year,No,32976.0,152.0,81,0
235468,Female,36,1,28.0,0,1-2 Year,Yes,2630.0,157.0,227,0
235479,Male,43,1,29.0,1,1-2 Year,No,39673.0,124.0,17,0
235497,Male,29,1,2.0,0,< 1 Year,No,18563.0,152.0,95,0
235558,Male,23,1,28.0,0,1-2 Year,Yes,44239.0,26.0,91,0
235592,Female,55,1,28.0,0,1-2 Year,Yes,45338.0,26.0,73,0
235636,Female,21,1,8.0,0,< 1 Year,No,30388.0,152.0,293,0
235657,Male,31,1,28.0,0,< 1 Year,Yes,46565.0,152.0,56,0
235684,Male,22,1,41.0,1,< 1 Year,No,35235.0,152.0,195,0
235725,Male,69,1,42.0,1,1-2 Year,No,44357.0,26.0,200,0
235729,Male,54,1,28.0,0,1-2 Year,Yes,29908.0,122.0,265,0
235791,Male,49,1,8.0,1,1-2 Year,No,75765.0,26.0,186,0
235868,Male,35,1,28.0,0,1-2 Year,Yes,51221.0,124.0,169,0
235871,Male,61,1,30.0,1,1-2 Year,No,20819.0,152.0,41,0
235920,Male,37,1,46.0,1,1-2 Year,Yes,2630.0,156.0,192,0
235972,Female,47,1,28.0,0,1-2 Year,Yes,39279.0,124.0,128,1
236121,Female,28,1,33.0,1,< 1 Year,No,21995.0,152.0,272,0
236156,Male,25,1,28.0,0,< 1 Year,Yes,63504.0,124.0,234,0
236159,Male,25,1,45.0,1,< 1 Year,No,2630.0,152.0,53,0
236161,Female,20,1,46.0,1,< 1 Year,No,24685.0,160.0,184,0
236229,Male,23,1,28.0,0,< 1 Year,Yes,32980.0,152.0,268,0
236250,Male,69,1,28.0,0,1-2 Year,Yes,33378.0,26.0,58,0
236343,Male,54,1,25.0,0,1-2 Year,Yes,18070.0,124.0,62,1
236346,Female,25,1,3.0,1,< 1 Year,No,53970.0,152.0,107,0
236372,Female,26,1,11.0,0,1-2 Year,No,2630.0,156.0,262,0
236409,Male,59,1,17.0,1,1-2 Year,No,21756.0,124.0,17,0
236464,Male,52,1,8.0,0,1-2 Year,Yes,2630.0,124.0,36,0
236497,Female,20,1,26.0,0,< 1 Year,Yes,33653.0,160.0,145,0
236511,Male,48,1,43.0,0,1-2 Year,Yes,2630.0,124.0,71,1
236655,Male,26,1,33.0,1,< 1 Year,No,2630.0,152.0,25,0
236765,Female,48,1,28.0,0,1-2 Year,Yes,55826.0,157.0,125,1
236851,Female,28,1,30.0,1,< 1 Year,No,28772.0,152.0,185,0
236857,Male,24,1,41.0,1,< 1 Year,No,25649.0,152.0,75,0
236888,Male,20,1,30.0,0,< 1 Year,Yes,25453.0,160.0,77,0
236900,Male,45,1,28.0,0,1-2 Year,Yes,50367.0,157.0,212,1
236981,Male,41,1,20.0,0,1-2 Year,Yes,2630.0,154.0,143,0
237037,Male,26,1,28.0,1,< 1 Year,No,89843.0,152.0,16,0
237235,Female,29,1,30.0,1,< 1 Year,No,34899.0,152.0,92,0
237278,Male,32,1,28.0,0,< 1 Year,Yes,41140.0,122.0,12,0
237280,Male,20,1,15.0,0,< 1 Year,Yes,37937.0,160.0,70,0
237285,Male,44,1,15.0,0,1-2 Year,Yes,28981.0,124.0,71,0
237320,Male,35,1,46.0,1,1-2 Year,No,2630.0,124.0,230,0
237556,Female,26,1,28.0,1,< 1 Year,No,25966.0,152.0,170,0
237586,Female,27,1,5.0,0,< 1 Year,No,2630.0,152.0,259,0
237662,Male,70,1,28.0,0,1-2 Year,Yes,29987.0,26.0,32,0
237701,Male,35,1,0.0,1,1-2 Year,No,2630.0,26.0,95,0
237731,Female,76,1,15.0,1,1-2 Year,No,22243.0,26.0,243,0
238038,Male,23,1,3.0,0,< 1 Year,Yes,29420.0,160.0,159,1
238077,Female,40,1,41.0,0,1-2 Year,Yes,2630.0,26.0,276,0
238259,Male,47,1,46.0,0,1-2 Year,Yes,27652.0,26.0,89,1
238309,Female,45,1,28.0,1,1-2 Year,No,31482.0,124.0,210,0
238524,Male,20,1,50.0,1,< 1 Year,No,36720.0,160.0,185,0
238577,Female,56,1,7.0,0,1-2 Year,Yes,2630.0,124.0,87,0
238812,Female,42,1,28.0,0,1-2 Year,Yes,42565.0,124.0,75,1
239093,Female,67,1,28.0,0,1-2 Year,Yes,34165.0,26.0,95,0
239259,Male,40,1,46.0,0,1-2 Year,Yes,23657.0,163.0,124,0
239347,Male,24,1,13.0,0,< 1 Year,Yes,32812.0,152.0,77,1
239374,Male,22,1,8.0,1,< 1 Year,No,60062.0,152.0,203,0
239453,Male,49,1,11.0,0,< 1 Year,Yes,27366.0,26.0,94,1
239489,Female,22,1,28.0,1,< 1 Year,No,26328.0,152.0,238,0
239659,Male,27,1,49.0,1,< 1 Year,No,31673.0,152.0,292,0
239673,Male,52,1,46.0,0,1-2 Year,Yes,32433.0,124.0,214,0
239729,Male,31,1,8.0,0,< 1 Year,Yes,41919.0,124.0,283,0
239761,Female,23,1,27.0,1,< 1 Year,No,31927.0,152.0,260,0
239775,Female,23,1,13.0,1,< 1 Year,No,2630.0,152.0,236,0
239797,Male,23,1,35.0,1,< 1 Year,No,30815.0,152.0,80,0
239804,Male,78,1,28.0,0,1-2 Year,Yes,2630.0,156.0,104,0
239873,Female,48,1,4.0,0,1-2 Year,Yes,2630.0,124.0,198,0
239982,Female,25,1,48.0,1,< 1 Year,No,2630.0,154.0,84,0
240210,Male,23,1,21.0,1,1-2 Year,No,28231.0,124.0,228,0
240256,Female,46,1,30.0,0,1-2 Year,No,27948.0,26.0,91,0
240297,Male,46,1,8.0,0,1-2 Year,Yes,40169.0,124.0,15,0
240315,Female,20,1,3.0,1,< 1 Year,No,19648.0,160.0,259,0
240370,Female,67,1,28.0,0,1-2 Year,No,45598.0,26.0,241,0
240417,Male,51,1,3.0,0,1-2 Year,Yes,32264.0,157.0,81,0
240558,Female,23,1,37.0,1,< 1 Year,No,28769.0,152.0,157,0
240615,Female,24,1,35.0,1,1-2 Year,No,33918.0,124.0,55,0
240644,Female,42,1,40.0,0,1-2 Year,No,26441.0,26.0,282,0
240845,Male,23,1,36.0,1,< 1 Year,No,25122.0,152.0,185,0
240879,Male,36,1,7.0,0,1-2 Year,Yes,43485.0,124.0,105,0
240911,Male,53,1,8.0,0,> 2 Years,Yes,55087.0,26.0,103,1
240912,Female,23,1,36.0,1,< 1 Year,No,79729.0,152.0,44,0
240920,Female,25,1,41.0,1,< 1 Year,No,22740.0,152.0,80,0
240928,Male,76,1,38.0,0,1-2 Year,Yes,28199.0,26.0,167,0
241031,Female,47,1,41.0,1,1-2 Year,No,26061.0,152.0,113,0
241094,Male,51,1,20.0,0,1-2 Year,Yes,2630.0,156.0,258,0
241100,Male,58,1,28.0,0,> 2 Years,Yes,38956.0,122.0,90,0
241173,Female,23,1,37.0,0,< 1 Year,Yes,26170.0,152.0,221,0
241177,Female,23,1,13.0,0,< 1 Year,Yes,26259.0,152.0,129,0
241697,Female,55,1,8.0,1,1-2 Year,No,33714.0,26.0,134,0
241762,Female,23,1,6.0,1,< 1 Year,No,28050.0,152.0,114,0
241785,Female,36,1,41.0,1,1-2 Year,No,41942.0,152.0,193,0
241828,Female,21,1,46.0,1,< 1 Year,No,36415.0,152.0,236,0
241979,Female,52,1,28.0,0,> 2 Years,Yes,52241.0,26.0,226,0
242010,Male,43,1,28.0,0,1-2 Year,Yes,2630.0,124.0,173,0
242089,Male,68,1,3.0,0,1-2 Year,Yes,2630.0,26.0,217,0
242123,Male,31,1,28.0,0,1-2 Year,Yes,26304.0,26.0,158,1
242161,Male,21,1,33.0,0,< 1 Year,Yes,30151.0,152.0,233,0
242423,Female,56,1,28.0,0,1-2 Year,Yes,55376.0,26.0,270,0
242819,Male,48,1,45.0,1,1-2 Year,No,31777.0,124.0,254,0
242862,Female,39,1,21.0,0,1-2 Year,Yes,21359.0,124.0,228,1
242931,Male,26,1,32.0,0,< 1 Year,Yes,34333.0,152.0,198,1
243078,Female,26,1,28.0,1,< 1 Year,No,37624.0,152.0,212,0
243088,Female,21,1,28.0,0,1-2 Year,Yes,63293.0,124.0,31,0
243141,Male,52,1,17.0,1,1-2 Year,No,52014.0,124.0,197,0
243217,Female,22,1,47.0,0,< 1 Year,Yes,54077.0,124.0,290,1
243230,Female,24,1,47.0,0,< 1 Year,Yes,38359.0,152.0,218,0
243267,Female,26,1,11.0,1,< 1 Year,No,33873.0,152.0,92,0
243571,Male,61,1,28.0,0,1-2 Year,Yes,32039.0,26.0,79,0
243579,Male,73,1,28.0,1,1-2 Year,No,39569.0,122.0,69,0
243661,Female,57,1,28.0,0,1-2 Year,Yes,2630.0,31.0,89,0
243670,Female,71,1,28.0,0,1-2 Year,Yes,72096.0,26.0,228,1
243717,Female,58,1,28.0,0,> 2 Years,Yes,44118.0,122.0,242,0
243840,Female,36,1,8.0,1,1-2 Year,No,29221.0,152.0,75,0
243997,Female,22,1,30.0,1,< 1 Year,No,23708.0,152.0,21,0
244008,Male,43,1,29.0,0,1-2 Year,Yes,40969.0,124.0,65,0
244120,Female,23,1,30.0,1,< 1 Year,No,32956.0,152.0,281,0
244126,Male,38,1,10.0,1,1-2 Year,No,2630.0,152.0,134,0
244188,Male,31,1,28.0,0,< 1 Year,No,32877.0,152.0,230,0
244312,Male,52,1,41.0,1,1-2 Year,Yes,2630.0,156.0,92,0
244429,Male,42,1,28.0,1,1-2 Year,No,38524.0,42.0,66,0
244442,Male,31,1,15.0,1,< 1 Year,No,46740.0,152.0,16,0
244640,Female,41,1,28.0,0,1-2 Year,Yes,2630.0,156.0,59,0
244654,Male,66,1,28.0,1,1-2 Year,No,47219.0,55.0,12,0
244788,Female,22,1,15.0,0,< 1 Year,Yes,29701.0,152.0,90,0
244849,Male,54,1,7.0,0,1-2 Year,Yes,28869.0,124.0,201,0
244982,Female,54,1,28.0,0,1-2 Year,Yes,21966.0,26.0,261,1
245005,Female,41,1,47.0,0,1-2 Year,Yes,28369.0,26.0,39,0
245106,Female,24,1,6.0,1,< 1 Year,No,20712.0,152.0,94,0
245261,Male,22,1,47.0,0,< 1 Year,No,32262.0,152.0,226,0
245387,Male,23,1,9.0,0,< 1 Year,Yes,29614.0,152.0,21,0
245423,Female,26,1,8.0,1,< 1 Year,No,36047.0,152.0,42,0
245431,Female,24,1,27.0,1,< 1 Year,Yes,2630.0,152.0,33,0
245533,Female,41,1,46.0,1,1-2 Year,No,25932.0,124.0,128,0
245674,Male,38,1,29.0,1,1-2 Year,No,2630.0,124.0,110,0
245707,Female,28,1,28.0,1,< 1 Year,No,34101.0,152.0,139,0
245713,Male,27,1,8.0,1,< 1 Year,No,35746.0,152.0,235,0
245855,Female,46,1,50.0,1,1-2 Year,No,34978.0,26.0,233,0
245867,Male,44,1,28.0,0,1-2 Year,Yes,30900.0,52.0,251,0
245878,Female,52,1,36.0,0,1-2 Year,Yes,35892.0,26.0,30,1
245894,Male,74,1,28.0,0,1-2 Year,Yes,49003.0,26.0,223,0
245986,Male,23,1,18.0,1,< 1 Year,No,35727.0,152.0,124,0
246388,Female,56,1,28.0,0,1-2 Year,Yes,26910.0,124.0,70,0
246389,Female,33,1,41.0,1,< 1 Year,No,29951.0,152.0,207,0
246449,Male,44,1,29.0,0,1-2 Year,Yes,2630.0,124.0,32,0
246577,Female,41,1,28.0,0,1-2 Year,Yes,81396.0,13.0,84,0
246612,Male,55,1,34.0,1,1-2 Year,No,32949.0,26.0,164,0
246672,Male,48,1,8.0,0,> 2 Years,Yes,33196.0,124.0,157,0
246692,Male,32,1,41.0,0,1-2 Year,Yes,24922.0,124.0,242,0
246709,Male,22,1,28.0,0,< 1 Year,Yes,2630.0,152.0,265,0
246745,Male,21,1,2.0,1,< 1 Year,No,27232.0,152.0,266,0
246763,Female,24,1,46.0,1,< 1 Year,No,14566.0,152.0,293,0
246770,Female,24,1,28.0,1,< 1 Year,No,84380.0,151.0,96,0
246805,Male,42,1,28.0,0,1-2 Year,Yes,30666.0,26.0,64,0
246856,Female,22,1,45.0,0,< 1 Year,Yes,23850.0,160.0,96,0
246919,Male,44,1,28.0,0,> 2 Years,Yes,39735.0,26.0,92,0
247134,Female,28,1,28.0,1,< 1 Year,No,38753.0,152.0,209,0
247185,Female,56,1,28.0,0,1-2 Year,Yes,43864.0,26.0,127,1
247187,Male,45,1,46.0,0,1-2 Year,Yes,34623.0,156.0,69,0
247251,Female,42,1,28.0,0,1-2 Year,Yes,30249.0,26.0,106,0
247287,Male,41,1,28.0,0,> 2 Years,Yes,45795.0,124.0,12,0
247375,Female,22,1,11.0,0,< 1 Year,Yes,32590.0,152.0,163,1
247413,Female,22,1,34.0,0,< 1 Year,Yes,2630.0,160.0,267,0
247575,Male,22,1,30.0,0,< 1 Year,Yes,38599.0,152.0,286,1
247588,Female,45,1,28.0,0,1-2 Year,Yes,2630.0,157.0,244,1
247663,Male,22,1,41.0,0,< 1 Year,Yes,23200.0,160.0,77,0
247712,Female,23,1,11.0,1,< 1 Year,No,27813.0,152.0,251,0
247989,Female,23,1,29.0,1,< 1 Year,No,36839.0,152.0,43,0
248246,Male,54,1,28.0,0,> 2 Years,Yes,63852.0,26.0,214,0
248295,Male,37,1,18.0,0,1-2 Year,Yes,2630.0,156.0,20,0
248378,Female,25,1,33.0,0,< 1 Year,No,27972.0,152.0,284,0
248430,Male,47,1,37.0,0,1-2 Year,Yes,25703.0,124.0,62,1
248455,Male,69,1,50.0,0,1-2 Year,No,32044.0,8.0,191,0
248493,Male,27,1,41.0,1,< 1 Year,No,32139.0,152.0,226,0
248506,Male,74,1,22.0,0,1-2 Year,No,30164.0,25.0,228,0
248557,Female,23,1,41.0,1,< 1 Year,No,25724.0,152.0,83,0
248675,Female,38,1,3.0,0,1-2 Year,No,23796.0,124.0,139,0
248707,Female,34,1,8.0,0,1-2 Year,Yes,39746.0,124.0,12,1
248765,Male,55,1,41.0,0,1-2 Year,Yes,2630.0,156.0,117,0
248786,Male,20,1,50.0,1,< 1 Year,No,61359.0,160.0,10,0
248872,Male,35,1,29.0,1,1-2 Year,No,25950.0,152.0,264,0
248894,Female,37,1,20.0,1,1-2 Year,No,2630.0,124.0,102,0
248923,Male,28,1,28.0,1,< 1 Year,No,22614.0,152.0,241,0
248965,Male,20,1,42.0,0,< 1 Year,Yes,2630.0,160.0,210,0
248974,Male,55,1,8.0,0,1-2 Year,Yes,43361.0,124.0,56,0
248980,Female,24,1,8.0,1,< 1 Year,No,30864.0,152.0,111,0
249003,Male,25,1,10.0,0,< 1 Year,Yes,31395.0,152.0,295,0
249174,Female,23,1,25.0,0,< 1 Year,No,23087.0,152.0,48,0
249247,Male,20,1,35.0,1,< 1 Year,No,31471.0,160.0,221,0
249366,Female,80,1,19.0,0,> 2 Years,Yes,2630.0,124.0,93,1
249396,Female,21,1,46.0,0,< 1 Year,Yes,39080.0,152.0,227,0
249492,Male,54,1,8.0,1,1-2 Year,No,38421.0,124.0,235,0
249713,Female,25,1,29.0,1,< 1 Year,No,35861.0,152.0,28,0
249749,Male,41,1,28.0,0,1-2 Year,Yes,32300.0,26.0,29,0
249769,Male,36,1,9.0,0,1-2 Year,Yes,28785.0,124.0,179,0
249812,Male,27,1,28.0,1,< 1 Year,No,31643.0,152.0,134,0
249896,Female,51,1,8.0,0,1-2 Year,Yes,23638.0,4.0,196,0
250100,Male,34,1,28.0,1,1-2 Year,Yes,44069.0,29.0,188,0
250152,Female,25,1,43.0,1,< 1 Year,No,22982.0,152.0,84,0
250260,Male,48,1,28.0,0,1-2 Year,Yes,42077.0,26.0,127,1
250269,Female,56,1,28.0,0,1-2 Year,Yes,35819.0,122.0,181,0
250342,Female,32,1,35.0,1,< 1 Year,No,31544.0,152.0,80,0
250599,Female,50,1,30.0,1,1-2 Year,No,48132.0,152.0,81,0
250624,Female,76,1,28.0,1,1-2 Year,No,46310.0,122.0,55,0
250647,Female,24,1,6.0,1,< 1 Year,No,18465.0,152.0,259,0
250712,Female,23,1,28.0,1,< 1 Year,No,29891.0,152.0,191,0
250746,Female,55,1,8.0,0,1-2 Year,Yes,46176.0,124.0,151,0
250771,Male,62,1,28.0,0,> 2 Years,Yes,51040.0,124.0,267,0
250825,Male,36,1,25.0,0,1-2 Year,Yes,42147.0,124.0,33,1
250940,Male,26,1,34.0,1,< 1 Year,No,32040.0,152.0,120,0
251045,Female,26,1,39.0,0,< 1 Year,Yes,2630.0,152.0,235,1
251050,Male,75,1,28.0,1,1-2 Year,No,55852.0,52.0,108,0
251278,Male,24,1,9.0,0,< 1 Year,No,33389.0,152.0,267,0
251402,Female,23,1,13.0,1,< 1 Year,No,19877.0,26.0,143,0
251403,Male,51,1,15.0,0,1-2 Year,Yes,32590.0,26.0,181,0
251701,Female,28,1,36.0,1,< 1 Year,No,29517.0,152.0,233,0
251825,Female,72,1,28.0,0,1-2 Year,Yes,78850.0,26.0,165,0
251895,Female,37,1,24.0,0,1-2 Year,Yes,34146.0,124.0,247,0
251925,Female,23,1,47.0,1,< 1 Year,Yes,29433.0,26.0,46,0
252047,Male,74,1,41.0,0,1-2 Year,Yes,34649.0,3.0,13,1
252112,Male,40,1,14.0,0,1-2 Year,Yes,35448.0,124.0,115,1
252159,Male,49,1,46.0,1,1-2 Year,No,2630.0,26.0,23,0
252333,Male,48,1,40.0,0,1-2 Year,Yes,38636.0,124.0,244,1
252396,Female,23,1,47.0,0,< 1 Year,No,22430.0,26.0,151,0
252403,Male,48,1,35.0,1,1-2 Year,Yes,34330.0,124.0,49,0
252489,Male,23,1,50.0,1,< 1 Year,No,35866.0,152.0,256,0
252529,Male,33,1,8.0,0,1-2 Year,Yes,22730.0,157.0,14,0
252622,Female,23,1,32.0,0,< 1 Year,Yes,33974.0,152.0,272,1
252771,Male,21,1,47.0,0,< 1 Year,Yes,31048.0,160.0,218,0
252792,Female,36,1,46.0,1,1-2 Year,No,30628.0,152.0,72,0
252869,Female,31,1,41.0,0,1-2 Year,Yes,45045.0,124.0,26,0
252989,Female,51,1,28.0,0,1-2 Year,Yes,2630.0,26.0,29,0
253006,Female,65,1,28.0,0,1-2 Year,Yes,52103.0,125.0,295,0
253127,Male,30,1,20.0,0,1-2 Year,Yes,2630.0,26.0,218,1
253184,Female,54,1,41.0,1,1-2 Year,No,26850.0,26.0,263,0
253249,Female,46,1,28.0,0,1-2 Year,Yes,46566.0,26.0,122,0
253300,Male,23,1,35.0,1,< 1 Year,No,35256.0,152.0,153,0
253347,Male,54,1,6.0,0,1-2 Year,Yes,2630.0,124.0,132,0
253381,Female,42,1,15.0,0,1-2 Year,Yes,32886.0,26.0,218,0
253396,Male,46,1,29.0,1,1-2 Year,No,34540.0,124.0,116,1
253431,Female,62,1,45.0,1,1-2 Year,No,45657.0,124.0,49,0
253508,Male,22,1,46.0,1,< 1 Year,No,25364.0,160.0,137,0
253533,Female,24,1,28.0,1,< 1 Year,No,114628.0,152.0,134,0
253625,Male,40,1,3.0,0,1-2 Year,Yes,41313.0,124.0,222,1
253640,Male,43,1,43.0,0,1-2 Year,Yes,18712.0,122.0,95,0
253699,Female,47,1,19.0,0,1-2 Year,Yes,31293.0,124.0,202,1
253760,Male,29,1,13.0,1,< 1 Year,No,2630.0,160.0,94,0
253770,Male,49,1,28.0,0,1-2 Year,Yes,27246.0,26.0,210,0
253814,Male,29,1,16.0,0,< 1 Year,Yes,31406.0,156.0,124,0
253848,Male,22,1,13.0,0,< 1 Year,No,20771.0,152.0,106,0
253891,Male,55,1,28.0,0,1-2 Year,No,43450.0,26.0,145,0
253911,Female,24,1,50.0,1,< 1 Year,No,33748.0,152.0,241,0
253913,Female,44,1,26.0,0,1-2 Year,Yes,34137.0,120.0,198,1
253999,Male,64,1,28.0,0,1-2 Year,Yes,40872.0,124.0,271,0
254047,Female,66,1,31.0,1,1-2 Year,No,2630.0,9.0,237,0
254117,Male,45,1,7.0,0,1-2 Year,Yes,38072.0,124.0,203,0
254197,Male,46,1,28.0,1,1-2 Year,No,35296.0,124.0,33,0
254274,Female,23,1,10.0,1,< 1 Year,No,26527.0,152.0,59,0
254421,Male,77,1,28.0,0,1-2 Year,Yes,42433.0,26.0,130,0
254433,Male,53,1,8.0,0,> 2 Years,Yes,66014.0,26.0,227,0
254499,Female,25,1,10.0,1,< 1 Year,No,28657.0,152.0,223,0
254519,Female,24,1,47.0,1,< 1 Year,No,38228.0,152.0,46,0
254610,Male,24,1,8.0,1,< 1 Year,No,27182.0,152.0,89,0
254629,Male,22,1,29.0,1,< 1 Year,No,36923.0,152.0,224,0
254691,Female,30,1,14.0,1,< 1 Year,No,39329.0,152.0,246,0
254773,Male,24,1,41.0,1,< 1 Year,Yes,33139.0,152.0,299,0
254838,Male,52,1,18.0,1,1-2 Year,No,30610.0,124.0,103,0
255109,Male,23,1,3.0,0,< 1 Year,Yes,28465.0,152.0,278,0
255111,Female,26,1,28.0,1,< 1 Year,Yes,44286.0,152.0,136,0
255172,Female,31,1,28.0,0,< 1 Year,Yes,30082.0,152.0,20,0
255224,Female,23,1,8.0,0,< 1 Year,No,47242.0,26.0,187,0
255226,Female,21,1,8.0,0,< 1 Year,Yes,40526.0,160.0,287,0
255399,Male,28,1,45.0,0,< 1 Year,Yes,32422.0,153.0,211,0
255428,Female,23,1,10.0,1,< 1 Year,No,23485.0,160.0,175,0
255468,Male,41,1,41.0,0,1-2 Year,Yes,31341.0,163.0,164,0
255563,Female,26,1,41.0,1,< 1 Year,No,27708.0,152.0,113,0
255586,Female,37,1,28.0,0,1-2 Year,No,36749.0,24.0,68,0
255654,Male,53,1,28.0,0,1-2 Year,Yes,25073.0,26.0,99,1
255690,Male,25,1,8.0,1,< 1 Year,No,50040.0,152.0,141,0
255891,Male,44,1,28.0,0,1-2 Year,Yes,40610.0,124.0,157,0
256054,Female,22,1,1.0,1,< 1 Year,No,2630.0,152.0,112,0
256105,Female,25,1,8.0,1,< 1 Year,No,30476.0,152.0,173,0
256168,Female,24,1,8.0,1,< 1 Year,No,34361.0,152.0,12,0
256264,Male,64,1,28.0,1,1-2 Year,No,43658.0,124.0,17,0
256281,Male,47,1,28.0,0,1-2 Year,Yes,52315.0,26.0,123,1
256600,Female,25,1,36.0,1,< 1 Year,No,37153.0,152.0,143,0
256647,Female,29,1,36.0,0,< 1 Year,Yes,2630.0,160.0,106,0
256666,Female,23,1,6.0,1,< 1 Year,No,24713.0,152.0,68,0
256792,Female,24,1,43.0,1,< 1 Year,No,31033.0,152.0,92,0
256939,Female,37,1,28.0,0,1-2 Year,Yes,42118.0,26.0,225,0
257088,Male,52,1,28.0,0,1-2 Year,Yes,46396.0,26.0,117,0
257127,Female,40,1,28.0,1,1-2 Year,No,35043.0,122.0,272,0
257129,Male,32,1,7.0,0,1-2 Year,Yes,2630.0,156.0,84,1
257242,Female,35,1,45.0,0,1-2 Year,Yes,28464.0,26.0,135,0
257249,Male,52,1,28.0,0,1-2 Year,Yes,46777.0,26.0,288,1
257307,Female,22,1,8.0,0,< 1 Year,No,45438.0,152.0,52,0
257658,Male,44,1,28.0,0,1-2 Year,Yes,34023.0,29.0,149,0
257760,Female,22,1,36.0,1,< 1 Year,No,36723.0,152.0,251,0
257761,Female,39,1,8.0,0,1-2 Year,Yes,39000.0,13.0,74,0
257851,Male,26,1,29.0,1,< 1 Year,No,2630.0,152.0,47,0
257913,Male,44,1,28.0,1,1-2 Year,No,35448.0,122.0,225,0
257932,Male,22,1,42.0,1,< 1 Year,No,29720.0,152.0,135,0
257962,Female,47,1,28.0,0,1-2 Year,Yes,39699.0,124.0,154,0
258027,Female,32,1,7.0,0,1-2 Year,Yes,31405.0,26.0,241,1
258123,Male,69,1,41.0,0,1-2 Year,No,34562.0,12.0,202,0
258144,Female,45,1,28.0,0,1-2 Year,Yes,47460.0,124.0,100,1
258336,Male,24,1,14.0,1,< 1 Year,No,46864.0,152.0,105,0
258380,Female,23,1,8.0,1,< 1 Year,No,30933.0,152.0,23,0
258454,Female,22,1,50.0,1,< 1 Year,No,25940.0,152.0,192,0
258485,Female,24,1,46.0,1,< 1 Year,No,28479.0,160.0,44,0
258486,Female,24,1,9.0,1,< 1 Year,No,28151.0,152.0,158,0
258537,Male,66,1,11.0,1,1-2 Year,No,32040.0,26.0,14,0
258585,Male,49,1,28.0,1,1-2 Year,Yes,41147.0,124.0,55,0
258701,Male,63,1,28.0,0,> 2 Years,Yes,58735.0,26.0,99,1
258731,Male,41,1,28.0,1,1-2 Year,No,30387.0,26.0,23,0
258854,Male,57,1,13.0,1,1-2 Year,No,28349.0,26.0,230,0
258935,Female,46,1,28.0,1,1-2 Year,No,37333.0,124.0,36,0
258984,Male,57,1,12.0,0,1-2 Year,Yes,29256.0,26.0,241,0
259067,Female,52,1,29.0,0,1-2 Year,Yes,29984.0,26.0,254,1
259158,Male,27,1,27.0,1,< 1 Year,No,21248.0,152.0,166,0
259173,Female,23,1,16.0,1,< 1 Year,No,32198.0,152.0,264,0
259176,Male,37,1,28.0,1,1-2 Year,No,28343.0,152.0,251,0
259197,Female,28,1,41.0,0,< 1 Year,Yes,2630.0,152.0,237,1
259279,Male,41,1,28.0,1,1-2 Year,No,31650.0,25.0,260,0
259305,Male,34,1,20.0,1,1-2 Year,No,2630.0,124.0,242,0
259384,Male,60,1,4.0,0,1-2 Year,Yes,2630.0,26.0,14,0
259632,Male,45,1,28.0,0,1-2 Year,Yes,40070.0,152.0,36,0
259674,Male,63,1,28.0,0,1-2 Year,Yes,63979.0,26.0,175,0
259687,Male,25,1,41.0,1,< 1 Year,No,30203.0,152.0,203,0
259691,Male,20,1,36.0,1,< 1 Year,No,40141.0,160.0,31,0
259756,Male,23,1,5.0,1,< 1 Year,No,2630.0,152.0,128,0
259763,Female,23,1,36.0,0,< 1 Year,Yes,36016.0,26.0,229,0
259838,Male,52,1,28.0,1,1-2 Year,No,49242.0,26.0,281,0
259989,Female,41,1,3.0,0,1-2 Year,Yes,2630.0,129.0,146,0
260244,Female,43,1,28.0,0,1-2 Year,Yes,2630.0,26.0,64,0
260391,Male,49,1,14.0,0,1-2 Year,No,23557.0,26.0,131,0
260395,Male,71,1,10.0,1,1-2 Year,No,36134.0,29.0,152,0
260475,Female,29,1,28.0,1,< 1 Year,No,40330.0,152.0,280,0
260547,Female,51,1,46.0,1,1-2 Year,No,2630.0,124.0,20,0
260616,Female,69,1,28.0,1,1-2 Year,Yes,55304.0,26.0,58,0
260790,Male,39,1,28.0,0,1-2 Year,Yes,2630.0,156.0,15,0
260820,Female,24,1,50.0,1,< 1 Year,No,22589.0,152.0,216,0
260826,Male,37,1,28.0,0,1-2 Year,No,34844.0,24.0,188,0
260906,Male,28,1,47.0,1,< 1 Year,No,26760.0,152.0,80,0
261008,Male,46,1,28.0,1,1-2 Year,No,46759.0,124.0,241,0
261025,Female,20,1,30.0,1,< 1 Year,Yes,20971.0,160.0,151,0
261051,Male,58,1,28.0,0,1-2 Year,No,48905.0,26.0,251,0
261063,Female,21,1,8.0,1,< 1 Year,No,34250.0,160.0,289,0
261078,Male,42,1,41.0,0,1-2 Year,No,49937.0,12.0,125,0
261095,Female,27,1,28.0,0,< 1 Year,Yes,90156.0,152.0,187,0
261147,Female,68,1,15.0,0,1-2 Year,Yes,43377.0,124.0,164,1
261198,Female,26,1,47.0,1,< 1 Year,No,31458.0,152.0,219,0
261329,Female,25,1,16.0,1,< 1 Year,No,27016.0,152.0,30,0
261501,Female,30,1,46.0,1,< 1 Year,No,29252.0,160.0,120,0
261575,Female,45,1,3.0,1,1-2 Year,No,25275.0,124.0,289,0
261580,Female,34,1,29.0,0,1-2 Year,Yes,2630.0,124.0,227,0
261594,Male,58,1,28.0,0,1-2 Year,No,44537.0,26.0,224,0
261657,Male,23,1,10.0,1,< 1 Year,No,16248.0,152.0,292,0
261721,Female,41,1,1.0,0,1-2 Year,Yes,2630.0,124.0,42,1
261875,Male,54,1,8.0,0,1-2 Year,Yes,2630.0,25.0,56,1
261885,Female,26,1,37.0,1,< 1 Year,No,32877.0,152.0,147,0
261900,Male,66,1,28.0,1,1-2 Year,No,35000.0,13.0,268,0
261985,Female,51,1,28.0,0,1-2 Year,Yes,32840.0,124.0,110,1
262216,Male,42,1,3.0,0,1-2 Year,Yes,23163.0,124.0,271,1
262221,Female,23,1,30.0,1,< 1 Year,No,2630.0,160.0,103,0
262234,Female,21,1,46.0,0,< 1 Year,Yes,37238.0,160.0,135,0
262262,Female,20,1,40.0,1,< 1 Year,No,2630.0,160.0,289,0
262263,Male,41,1,46.0,0,1-2 Year,Yes,27364.0,124.0,209,1
262296,Female,20,1,28.0,0,< 1 Year,Yes,25631.0,160.0,164,0
262316,Male,24,1,47.0,0,< 1 Year,Yes,36234.0,152.0,149,0
262350,Male,66,1,12.0,0,1-2 Year,Yes,35869.0,124.0,282,0
262414,Female,25,1,10.0,1,< 1 Year,No,21719.0,152.0,266,0
262560,Female,22,1,32.0,1,< 1 Year,No,28779.0,152.0,205,0
262620,Male,43,1,45.0,1,1-2 Year,No,39924.0,26.0,81,0
262749,Male,22,1,45.0,1,< 1 Year,No,24307.0,152.0,59,0
262881,Male,41,1,41.0,0,1-2 Year,Yes,24732.0,124.0,158,0
262938,Female,42,1,35.0,0,1-2 Year,Yes,48204.0,26.0,225,0
262939,Male,23,1,37.0,0,< 1 Year,Yes,30062.0,152.0,55,1
262945,Male,22,1,6.0,1,< 1 Year,No,25662.0,152.0,112,0
263054,Female,32,1,28.0,0,1-2 Year,Yes,27941.0,124.0,136,0
263069,Female,47,1,28.0,1,1-2 Year,No,26506.0,26.0,141,0
263070,Male,33,1,30.0,0,1-2 Year,Yes,46201.0,154.0,59,1
263091,Female,21,1,8.0,1,< 1 Year,No,38049.0,160.0,206,0
263102,Male,78,1,46.0,1,1-2 Year,Yes,28604.0,30.0,126,0
263214,Female,23,1,18.0,0,< 1 Year,No,2630.0,160.0,125,1
263402,Male,22,1,27.0,0,< 1 Year,Yes,28639.0,152.0,28,0
263442,Female,23,1,8.0,1,< 1 Year,No,27187.0,160.0,163,0
263447,Female,40,1,24.0,0,1-2 Year,No,2630.0,157.0,212,0
263448,Female,28,1,37.0,0,< 1 Year,Yes,36697.0,152.0,133,0
263463,Male,53,1,28.0,0,1-2 Year,Yes,38575.0,163.0,45,1
263503,Male,65,1,28.0,1,1-2 Year,No,36224.0,26.0,243,0
263505,Male,51,1,21.0,1,1-2 Year,No,23873.0,31.0,200,0
263536,Female,64,1,37.0,1,1-2 Year,No,37153.0,128.0,294,0
263547,Male,70,1,30.0,1,1-2 Year,No,20419.0,26.0,160,0
263596,Female,44,1,6.0,0,1-2 Year,Yes,32779.0,124.0,158,1
263615,Female,22,1,15.0,0,< 1 Year,Yes,31146.0,152.0,197,0
263648,Female,20,1,37.0,0,< 1 Year,Yes,18365.0,160.0,177,0
263856,Male,51,1,15.0,0,> 2 Years,Yes,38822.0,124.0,46,0
263883,Male,23,1,47.0,0,< 1 Year,Yes,36844.0,152.0,102,0
264213,Female,53,1,8.0,1,1-2 Year,No,69856.0,26.0,47,0
264344,Female,26,1,28.0,0,< 1 Year,Yes,57837.0,124.0,51,0
264508,Male,72,1,28.0,0,> 2 Years,Yes,48835.0,26.0,54,0
264548,Male,51,1,8.0,0,1-2 Year,Yes,33214.0,7.0,261,1
264793,Female,22,1,2.0,1,< 1 Year,No,28997.0,152.0,237,0
264886,Female,55,1,28.0,0,1-2 Year,Yes,73634.0,125.0,151,0
264888,Female,52,1,28.0,0,1-2 Year,Yes,32805.0,26.0,71,0
265016,Female,21,1,8.0,1,< 1 Year,No,33478.0,152.0,19,0
265094,Female,25,1,50.0,1,< 1 Year,No,36111.0,152.0,67,0
265301,Female,24,1,11.0,1,< 1 Year,No,30157.0,152.0,279,0
265305,Male,65,1,8.0,0,1-2 Year,No,44979.0,26.0,257,0
265372,Female,52,1,12.0,0,1-2 Year,Yes,23871.0,26.0,221,0
265488,Female,25,1,46.0,1,< 1 Year,No,26610.0,152.0,297,0
265509,Female,76,1,30.0,0,1-2 Year,Yes,24893.0,124.0,176,0
265683,Female,35,1,24.0,0,1-2 Year,Yes,2630.0,26.0,185,1
265688,Male,24,1,8.0,1,< 1 Year,No,38212.0,152.0,58,0
265735,Male,21,1,28.0,0,1-2 Year,Yes,44887.0,26.0,247,0
265758,Female,24,1,17.0,0,< 1 Year,No,53397.0,152.0,91,0
265774,Female,25,1,10.0,1,< 1 Year,No,32712.0,152.0,22,0
265804,Male,44,1,28.0,0,1-2 Year,Yes,32523.0,26.0,14,1
265976,Male,24,1,15.0,0,< 1 Year,Yes,36893.0,152.0,223,0
265985,Male,31,1,28.0,0,1-2 Year,Yes,30638.0,157.0,276,1
266124,Female,22,1,29.0,1,< 1 Year,No,34561.0,152.0,181,0
266127,Male,52,1,47.0,0,1-2 Year,Yes,33234.0,16.0,136,0
266182,Female,42,1,47.0,0,1-2 Year,Yes,25182.0,26.0,34,1
266193,Female,31,1,8.0,1,< 1 Year,No,37509.0,154.0,248,0
266212,Male,44,1,28.0,0,1-2 Year,Yes,64655.0,26.0,240,1
266331,Male,55,1,34.0,1,1-2 Year,No,2630.0,152.0,184,0
266392,Female,25,1,18.0,1,< 1 Year,No,24937.0,152.0,183,0
266486,Female,26,1,11.0,1,< 1 Year,No,26925.0,152.0,267,0
266489,Female,41,1,50.0,0,1-2 Year,Yes,30639.0,163.0,44,1
266699,Male,62,1,28.0,0,1-2 Year,Yes,24536.0,55.0,267,0
266793,Male,24,1,37.0,0,< 1 Year,Yes,30381.0,152.0,41,0
266942,Male,22,1,6.0,1,< 1 Year,Yes,34172.0,152.0,221,0
267030,Female,58,1,28.0,0,1-2 Year,Yes,46267.0,26.0,99,0
267081,Male,65,1,38.0,0,1-2 Year,Yes,2630.0,154.0,299,0
267092,Male,55,1,20.0,0,1-2 Year,Yes,2630.0,124.0,112,1
267151,Female,23,1,28.0,0,< 1 Year,Yes,2630.0,152.0,103,0
267184,Male,38,1,28.0,1,1-2 Year,No,37522.0,124.0,20,0
267231,Male,53,1,0.0,0,1-2 Year,Yes,2630.0,26.0,145,0
267283,Male,68,1,12.0,0,1-2 Year,Yes,2630.0,26.0,24,0
267362,Male,25,1,8.0,1,< 1 Year,No,59447.0,152.0,92,0
267388,Male,24,1,29.0,1,< 1 Year,No,52599.0,152.0,204,0
267500,Male,24,1,32.0,0,< 1 Year,Yes,33793.0,152.0,36,0
267555,Male,22,1,36.0,0,< 1 Year,No,2630.0,152.0,96,0
267609,Female,22,1,30.0,0,< 1 Year,Yes,24418.0,152.0,283,0
267621,Female,27,1,36.0,1,< 1 Year,No,2630.0,152.0,149,0
267656,Male,21,1,25.0,0,< 1 Year,Yes,26779.0,160.0,42,0
267749,Female,21,1,3.0,0,< 1 Year,Yes,26410.0,160.0,122,0
267957,Male,37,1,28.0,0,1-2 Year,Yes,46362.0,26.0,118,0
268012,Male,24,1,50.0,0,< 1 Year,Yes,27005.0,152.0,26,0
268027,Male,23,1,26.0,0,1-2 Year,Yes,35414.0,124.0,187,0
268168,Male,50,1,3.0,0,1-2 Year,Yes,42532.0,26.0,283,0
268230,Male,58,1,48.0,0,> 2 Years,Yes,2630.0,26.0,18,0
268309,Male,63,1,28.0,0,1-2 Year,Yes,52840.0,26.0,77,0
268370,Male,46,1,28.0,1,1-2 Year,No,42538.0,26.0,99,0
268375,Female,21,1,9.0,0,< 1 Year,Yes,34340.0,160.0,155,0
268376,Female,52,1,35.0,0,1-2 Year,Yes,48584.0,124.0,272,0
268424,Male,25,1,50.0,0,< 1 Year,Yes,33084.0,152.0,196,0
268427,Male,33,1,14.0,1,1-2 Year,No,32895.0,124.0,272,0
268449,Female,25,1,36.0,1,< 1 Year,No,2630.0,152.0,136,0
268463,Male,41,1,33.0,0,1-2 Year,Yes,2630.0,157.0,212,0
268485,Male,32,1,28.0,0,1-2 Year,Yes,24179.0,163.0,213,0
268600,Male,43,1,28.0,1,1-2 Year,Yes,21865.0,26.0,194,0
268719,Female,26,1,28.0,1,< 1 Year,No,98184.0,152.0,10,0
268771,Male,26,1,15.0,1,< 1 Year,No,2630.0,152.0,287,0
268774,Male,76,1,41.0,0,1-2 Year,Yes,32350.0,124.0,168,0
268826,Male,57,1,36.0,0,1-2 Year,Yes,44993.0,26.0,279,0
268869,Female,31,1,31.0,1,< 1 Year,No,2630.0,152.0,100,0
268926,Male,61,1,28.0,1,1-2 Year,No,57314.0,122.0,38,0
269010,Female,25,1,15.0,1,< 1 Year,Yes,39028.0,160.0,182,0
269021,Female,74,1,28.0,0,1-2 Year,Yes,24784.0,26.0,28,0
269202,Female,40,1,30.0,0,1-2 Year,Yes,26564.0,26.0,192,1
269271,Female,32,1,41.0,1,< 1 Year,No,80194.0,151.0,252,0
269431,Male,40,1,38.0,0,1-2 Year,Yes,25641.0,157.0,253,1
269518,Female,47,1,45.0,1,1-2 Year,No,38047.0,26.0,16,0
269668,Female,23,1,30.0,0,< 1 Year,No,30516.0,152.0,97,0
269814,Female,21,1,46.0,1,< 1 Year,No,28136.0,160.0,281,0
269895,Female,22,1,8.0,0,< 1 Year,Yes,39152.0,152.0,122,0
270159,Female,65,1,28.0,0,1-2 Year,Yes,28514.0,122.0,42,0
270406,Female,44,1,48.0,0,1-2 Year,Yes,2630.0,124.0,135,0
270546,Male,47,1,35.0,0,1-2 Year,Yes,2630.0,156.0,46,0
270568,Female,29,1,13.0,1,< 1 Year,No,2630.0,156.0,68,0
270641,Female,24,1,9.0,1,< 1 Year,Yes,24418.0,152.0,167,0
270950,Male,45,1,17.0,1,1-2 Year,No,30064.0,26.0,145,0
271005,Female,36,1,28.0,0,1-2 Year,Yes,2630.0,157.0,117,0
271038,Female,41,1,41.0,0,1-2 Year,Yes,38973.0,26.0,223,1
271158,Male,56,1,28.0,1,1-2 Year,No,41912.0,122.0,242,0
271203,Male,27,1,30.0,1,< 1 Year,No,38250.0,152.0,97,0
271205,Male,48,1,7.0,0,1-2 Year,Yes,2630.0,124.0,147,0
271290,Female,37,1,28.0,0,1-2 Year,Yes,39948.0,155.0,267,0
271314,Male,57,1,48.0,1,1-2 Year,No,2630.0,124.0,110,0
271367,Female,30,1,36.0,0,< 1 Year,Yes,31706.0,152.0,255,0
271413,Male,27,1,21.0,1,< 1 Year,No,29907.0,152.0,27,0
271601,Female,48,1,28.0,1,1-2 Year,No,29999.0,124.0,138,0
271613,Male,50,1,46.0,0,1-2 Year,Yes,48540.0,26.0,230,0
271749,Female,42,1,41.0,1,1-2 Year,No,2630.0,109.0,197,0
271808,Male,69,1,28.0,0,1-2 Year,Yes,43906.0,26.0,192,1
271859,Male,24,1,15.0,0,< 1 Year,Yes,39604.0,152.0,56,0
271989,Female,64,1,30.0,0,1-2 Year,Yes,2630.0,26.0,211,0
272031,Male,67,1,30.0,0,1-2 Year,Yes,21287.0,163.0,112,1
272038,Male,72,1,8.0,0,1-2 Year,Yes,28557.0,124.0,275,0
272374,Female,29,1,35.0,1,< 1 Year,No,32287.0,152.0,191,0
272473,Female,60,1,46.0,0,1-2 Year,Yes,39654.0,26.0,15,0
272515,Female,22,1,33.0,1,< 1 Year,No,22059.0,152.0,90,0
272517,Female,22,1,47.0,1,< 1 Year,No,40038.0,160.0,42,0
272584,Male,24,1,29.0,1,< 1 Year,No,36882.0,152.0,28,0
272615,Female,24,1,49.0,0,< 1 Year,Yes,27265.0,152.0,205,0
272635,Female,63,1,46.0,0,1-2 Year,Yes,40691.0,124.0,143,1
272770,Female,21,1,8.0,0,< 1 Year,Yes,36385.0,160.0,209,0
272790,Female,22,1,8.0,1,< 1 Year,No,44684.0,152.0,299,0
272887,Female,23,1,33.0,1,< 1 Year,No,32379.0,151.0,155,0
272968,Female,21,1,12.0,0,< 1 Year,Yes,44075.0,160.0,167,0
273041,Female,36,1,0.0,0,1-2 Year,No,2630.0,122.0,190,0
273083,Male,55,1,28.0,0,1-2 Year,Yes,44315.0,26.0,155,1
273198,Male,52,1,30.0,0,1-2 Year,Yes,42178.0,26.0,74,0
273199,Male,24,1,31.0,0,< 1 Year,No,2630.0,152.0,34,0
273217,Male,38,1,29.0,0,1-2 Year,No,22955.0,124.0,184,0
273223,Male,45,1,36.0,0,1-2 Year,Yes,43576.0,124.0,283,0
273332,Female,58,1,37.0,0,1-2 Year,Yes,22160.0,124.0,128,1
273386,Female,25,1,31.0,0,< 1 Year,Yes,2630.0,152.0,227,0
273421,Female,23,1,45.0,1,< 1 Year,No,30420.0,152.0,157,0
273553,Male,23,1,30.0,1,< 1 Year,No,28085.0,152.0,126,0
273669,Female,28,1,50.0,0,< 1 Year,Yes,26365.0,160.0,298,0
273680,Male,52,1,28.0,0,> 2 Years,Yes,49589.0,26.0,289,1
273690,Male,30,1,9.0,1,< 1 Year,No,36133.0,152.0,11,0
273746,Female,23,1,41.0,1,< 1 Year,No,20946.0,152.0,109,0
273999,Female,23,1,46.0,0,< 1 Year,No,31263.0,152.0,257,0
274006,Male,40,1,47.0,1,1-2 Year,No,26627.0,16.0,161,0
274011,Male,34,1,28.0,0,1-2 Year,No,2630.0,26.0,100,0
274118,Male,66,1,25.0,1,1-2 Year,No,31964.0,26.0,114,0
274454,Female,52,1,50.0,0,1-2 Year,Yes,32395.0,124.0,172,1
274477,Male,26,1,4.0,1,< 1 Year,No,29098.0,152.0,236,0
274618,Female,20,1,35.0,1,< 1 Year,No,2630.0,160.0,297,0
274806,Male,72,1,28.0,1,1-2 Year,No,42145.0,26.0,280,0
274808,Male,70,1,28.0,0,1-2 Year,Yes,40259.0,26.0,222,0
274910,Male,67,1,28.0,0,1-2 Year,Yes,44144.0,122.0,249,0
275086,Male,56,1,50.0,1,1-2 Year,No,35824.0,124.0,141,0
275234,Female,21,1,6.0,0,< 1 Year,Yes,29831.0,152.0,159,0
275252,Female,35,1,43.0,0,1-2 Year,Yes,2630.0,156.0,284,0
275341,Female,24,1,41.0,1,< 1 Year,No,20235.0,152.0,225,0
275388,Female,25,1,15.0,1,< 1 Year,No,2630.0,152.0,116,0
275488,Male,45,1,33.0,0,1-2 Year,Yes,2630.0,157.0,215,1
275551,Female,39,1,10.0,1,1-2 Year,No,2630.0,160.0,247,0
275569,Male,23,1,8.0,1,< 1 Year,No,78010.0,152.0,63,0
275668,Female,26,1,11.0,1,< 1 Year,No,36371.0,152.0,195,0
275733,Male,21,1,8.0,0,< 1 Year,No,36753.0,160.0,284,0
275805,Male,40,1,48.0,1,1-2 Year,No,2630.0,26.0,79,0
275863,Male,54,1,28.0,0,1-2 Year,Yes,78136.0,124.0,125,0
275947,Male,25,1,11.0,1,< 1 Year,No,42473.0,152.0,196,0
276156,Male,52,1,29.0,0,1-2 Year,Yes,32741.0,26.0,55,0
276215,Male,24,1,27.0,1,< 1 Year,No,25893.0,152.0,163,0
276309,Male,41,1,28.0,0,1-2 Year,Yes,36816.0,26.0,267,0
276340,Female,33,1,28.0,1,< 1 Year,No,2630.0,152.0,182,0
276423,Male,64,1,29.0,1,1-2 Year,No,2630.0,26.0,221,0
276434,Male,41,1,8.0,0,1-2 Year,Yes,23371.0,156.0,168,0
276623,Male,49,1,9.0,1,1-2 Year,No,34368.0,124.0,10,0
276693,Female,35,1,34.0,0,1-2 Year,Yes,2630.0,156.0,80,0
276710,Female,49,1,8.0,0,1-2 Year,Yes,50258.0,156.0,74,1
276784,Male,47,1,28.0,0,1-2 Year,Yes,43363.0,26.0,226,1
276923,Female,30,1,8.0,1,< 1 Year,No,28474.0,152.0,60,0
276934,Female,25,1,28.0,0,< 1 Year,Yes,30889.0,152.0,56,1
277037,Male,22,1,36.0,0,< 1 Year,Yes,40507.0,152.0,122,0
277137,Female,20,1,35.0,1,< 1 Year,No,2630.0,157.0,152,0
277138,Female,21,1,2.0,0,< 1 Year,Yes,31477.0,152.0,268,0
277441,Male,47,1,26.0,1,1-2 Year,No,29885.0,22.0,105,0
277538,Female,27,1,29.0,1,< 1 Year,No,29185.0,152.0,149,0
277621,Female,73,1,35.0,1,1-2 Year,No,29609.0,10.0,24,0
277681,Female,25,1,36.0,0,< 1 Year,No,33920.0,26.0,195,0
277772,Female,24,1,23.0,1,< 1 Year,No,44214.0,152.0,261,0
277938,Female,44,1,29.0,0,1-2 Year,Yes,33003.0,124.0,10,0
277939,Male,39,1,32.0,0,1-2 Year,Yes,2630.0,26.0,35,0
278031,Male,36,1,28.0,1,1-2 Year,No,2630.0,154.0,61,0
278066,Female,56,1,3.0,0,1-2 Year,Yes,2630.0,156.0,76,0
278094,Male,49,1,28.0,0,> 2 Years,Yes,32903.0,158.0,110,0
278117,Male,33,1,45.0,1,1-2 Year,Yes,2630.0,157.0,63,0
278198,Male,28,1,15.0,1,< 1 Year,No,23919.0,152.0,30,0
278272,Male,40,1,46.0,0,1-2 Year,Yes,31558.0,124.0,245,1
278573,Male,44,1,28.0,1,1-2 Year,No,22283.0,26.0,157,0
278615,Male,24,1,8.0,1,< 1 Year,No,30969.0,160.0,207,0
278720,Female,42,1,28.0,0,1-2 Year,Yes,52241.0,26.0,55,0
278776,Female,59,1,8.0,0,1-2 Year,No,38136.0,7.0,23,0
278813,Female,23,1,9.0,0,< 1 Year,Yes,39724.0,152.0,283,0
278831,Male,33,1,41.0,0,1-2 Year,Yes,114145.0,154.0,131,1
278881,Male,24,1,28.0,0,< 1 Year,Yes,27642.0,122.0,226,0
278897,Male,22,1,37.0,0,< 1 Year,Yes,34991.0,152.0,217,0
278994,Female,29,1,30.0,0,< 1 Year,No,24916.0,152.0,253,1
279132,Male,44,1,28.0,0,1-2 Year,Yes,48491.0,124.0,122,1
279146,Female,23,1,15.0,1,< 1 Year,No,27810.0,152.0,266,0
279181,Female,41,1,28.0,0,1-2 Year,Yes,52138.0,124.0,74,0
279281,Male,58,1,29.0,0,1-2 Year,Yes,40962.0,124.0,128,0
279302,Female,22,1,46.0,1,< 1 Year,No,43101.0,152.0,158,0
279347,Male,20,1,37.0,0,< 1 Year,No,23742.0,160.0,203,0
279557,Female,34,1,28.0,0,1-2 Year,Yes,42301.0,122.0,293,0
279584,Male,76,1,50.0,1,1-2 Year,No,2630.0,8.0,158,0
279606,Male,29,1,25.0,1,< 1 Year,No,2630.0,152.0,85,0
279673,Male,43,1,28.0,1,1-2 Year,No,28902.0,124.0,204,0
279728,Female,31,1,2.0,1,< 1 Year,No,24216.0,152.0,187,0
279746,Female,23,1,28.0,1,< 1 Year,No,45096.0,26.0,291,0
279786,Male,23,1,29.0,1,< 1 Year,No,40932.0,152.0,106,0
279855,Male,33,1,28.0,0,1-2 Year,Yes,39654.0,122.0,271,1
279871,Female,65,1,11.0,0,1-2 Year,Yes,49929.0,26.0,101,0
279984,Female,25,1,18.0,1,< 1 Year,No,24619.0,152.0,83,0
280198,Female,23,1,6.0,1,< 1 Year,No,27457.0,26.0,200,0
280299,Male,39,1,28.0,0,1-2 Year,Yes,40006.0,124.0,96,1
280322,Female,46,1,28.0,1,1-2 Year,No,2630.0,26.0,297,0
280425,Male,33,1,28.0,1,1-2 Year,No,51300.0,13.0,62,0
280443,Female,57,1,3.0,0,> 2 Years,Yes,57816.0,124.0,186,1
280504,Male,78,1,28.0,0,1-2 Year,Yes,48963.0,25.0,74,0
280525,Male,41,1,28.0,1,1-2 Year,No,30038.0,124.0,91,0
280667,Female,23,1,50.0,1,< 1 Year,No,29495.0,152.0,260,0
280701,Male,46,1,33.0,0,1-2 Year,No,2630.0,124.0,94,0
280834,Male,29,1,15.0,1,< 1 Year,No,24614.0,152.0,266,0
280906,Male,27,1,15.0,1,< 1 Year,No,41651.0,152.0,81,0
280953,Female,37,1,38.0,0,1-2 Year,Yes,25499.0,26.0,192,1
280980,Male,23,1,15.0,0,< 1 Year,Yes,41398.0,152.0,216,0
281314,Male,36,1,20.0,0,1-2 Year,Yes,2630.0,157.0,221,0
281319,Female,21,1,46.0,0,< 1 Year,Yes,33802.0,152.0,51,0
281400,Male,26,1,41.0,0,< 1 Year,Yes,44926.0,152.0,245,0
281404,Male,30,1,24.0,1,< 1 Year,No,36697.0,152.0,282,0
281478,Female,23,1,26.0,0,< 1 Year,Yes,34332.0,152.0,34,0
281612,Male,24,1,8.0,1,< 1 Year,No,45430.0,152.0,44,0
281613,Female,69,1,28.0,0,1-2 Year,Yes,54668.0,124.0,130,0
281688,Male,28,1,8.0,1,1-2 Year,No,2630.0,156.0,268,0
281838,Female,25,1,46.0,0,< 1 Year,Yes,31246.0,152.0,127,0
281917,Male,46,1,11.0,0,1-2 Year,Yes,24983.0,26.0,135,0
281968,Female,73,1,28.0,0,> 2 Years,Yes,34731.0,26.0,183,0
281980,Male,66,1,46.0,0,1-2 Year,Yes,28666.0,124.0,60,1
282058,Male,24,1,36.0,0,< 1 Year,Yes,31148.0,152.0,206,0
282070,Male,57,1,28.0,0,1-2 Year,Yes,31248.0,60.0,209,0
282154,Male,50,1,3.0,0,1-2 Year,Yes,26946.0,124.0,223,0
282190,Female,23,1,41.0,1,< 1 Year,No,27582.0,152.0,199,0
282232,Male,22,1,24.0,0,1-2 Year,No,38496.0,124.0,56,0
282334,Female,34,1,28.0,0,1-2 Year,Yes,36986.0,124.0,61,0
282641,Male,43,1,29.0,0,1-2 Year,Yes,38164.0,124.0,90,0
282659,Male,22,1,36.0,1,< 1 Year,No,31082.0,152.0,287,0
282673,Female,21,1,46.0,1,< 1 Year,No,29075.0,152.0,120,0
282691,Male,48,1,28.0,1,1-2 Year,No,37441.0,155.0,50,0
282818,Female,22,1,18.0,0,< 1 Year,Yes,31127.0,152.0,153,0
282914,Female,36,1,28.0,0,1-2 Year,Yes,49120.0,26.0,251,0
282964,Female,24,1,2.0,0,< 1 Year,No,23675.0,152.0,273,0
283047,Male,33,1,34.0,0,1-2 Year,Yes,33945.0,154.0,249,0
283141,Female,35,1,20.0,0,1-2 Year,Yes,2630.0,26.0,144,1
283173,Male,22,1,16.0,0,< 1 Year,Yes,22755.0,152.0,159,0
283183,Female,26,1,30.0,1,< 1 Year,No,19303.0,152.0,88,0
283372,Male,31,1,28.0,1,< 1 Year,No,48815.0,152.0,297,0
283428,Male,42,1,41.0,0,1-2 Year,Yes,25267.0,124.0,93,0
283546,Male,61,1,8.0,0,> 2 Years,Yes,2630.0,156.0,22,0
283566,Male,38,1,24.0,1,1-2 Year,Yes,27853.0,154.0,125,0
283570,Female,25,1,47.0,1,< 1 Year,Yes,2630.0,152.0,194,0
283592,Male,61,1,28.0,0,> 2 Years,Yes,48524.0,26.0,72,0
283622,Male,47,1,28.0,0,1-2 Year,No,48520.0,124.0,95,0
283722,Male,51,1,48.0,0,1-2 Year,Yes,2630.0,26.0,254,0
283791,Female,38,1,28.0,0,1-2 Year,Yes,37734.0,154.0,151,0
283805,Male,57,1,28.0,0,1-2 Year,Yes,34245.0,26.0,196,1
283925,Male,47,1,28.0,0,1-2 Year,Yes,24774.0,31.0,24,0
283998,Female,24,1,36.0,1,< 1 Year,No,36619.0,152.0,165,0
284079,Female,22,1,50.0,0,< 1 Year,Yes,29254.0,152.0,186,0
284131,Female,23,1,6.0,1,< 1 Year,No,30817.0,152.0,138,0
284157,Male,48,1,41.0,0,> 2 Years,Yes,30139.0,26.0,228,0
284167,Male,25,1,24.0,0,< 1 Year,Yes,23911.0,152.0,278,0
284232,Female,23,1,46.0,1,< 1 Year,No,30154.0,152.0,136,0
284357,Male,29,1,28.0,0,< 1 Year,Yes,25923.0,147.0,128,0
284522,Male,24,1,8.0,1,< 1 Year,No,44859.0,160.0,138,0
284544,Female,47,1,45.0,0,1-2 Year,Yes,40381.0,26.0,108,0
284558,Female,23,1,8.0,0,< 1 Year,Yes,48494.0,152.0,214,0
284574,Male,21,1,47.0,1,< 1 Year,No,33334.0,160.0,103,0
284630,Female,28,1,11.0,1,< 1 Year,No,23918.0,152.0,191,0
284660,Female,37,1,39.0,0,1-2 Year,Yes,27198.0,154.0,66,1
284671,Female,59,1,28.0,1,1-2 Year,No,2630.0,55.0,112,0
284701,Male,58,1,26.0,1,1-2 Year,No,2630.0,22.0,63,0
284872,Male,25,1,14.0,1,< 1 Year,No,23863.0,152.0,202,0
284954,Female,46,1,28.0,1,1-2 Year,No,79879.0,124.0,59,0
284962,Female,39,1,3.0,1,1-2 Year,No,2630.0,152.0,53,0
285004,Male,46,1,34.0,0,1-2 Year,Yes,30014.0,26.0,185,0
285213,Female,26,1,15.0,1,< 1 Year,No,43295.0,152.0,131,0
285224,Female,26,1,6.0,1,< 1 Year,No,2630.0,152.0,66,0
285251,Male,23,1,11.0,0,< 1 Year,No,2630.0,1.0,102,0
285390,Male,47,1,28.0,0,1-2 Year,Yes,2630.0,163.0,21,1
285539,Male,28,1,8.0,1,< 1 Year,No,41933.0,160.0,197,0
285706,Female,35,1,30.0,1,1-2 Year,No,24091.0,152.0,36,0
285723,Male,30,1,28.0,0,< 1 Year,Yes,43512.0,124.0,185,0
285847,Male,39,1,46.0,0,1-2 Year,Yes,2630.0,154.0,205,0
285891,Male,50,1,39.0,0,1-2 Year,Yes,2630.0,155.0,210,0
285893,Female,26,1,52.0,1,< 1 Year,No,34835.0,152.0,65,0
285996,Female,24,1,6.0,1,< 1 Year,No,26361.0,160.0,18,0
286032,Female,25,1,41.0,1,< 1 Year,No,35948.0,152.0,231,0
286149,Male,24,1,23.0,1,< 1 Year,No,2630.0,152.0,207,0
286162,Male,55,1,8.0,1,1-2 Year,No,27643.0,124.0,22,0
286164,Female,39,1,25.0,0,1-2 Year,No,2630.0,26.0,290,0
286286,Female,61,1,28.0,1,1-2 Year,No,50149.0,122.0,199,0
286345,Female,33,1,14.0,1,< 1 Year,No,48015.0,152.0,263,0
286405,Female,49,1,36.0,0,1-2 Year,Yes,33088.0,124.0,37,0
286510,Female,24,1,28.0,1,< 1 Year,No,34956.0,152.0,117,0
286539,Female,24,1,9.0,1,< 1 Year,No,24798.0,152.0,273,0
286542,Male,24,1,10.0,0,< 1 Year,Yes,31707.0,152.0,68,0
286744,Female,26,1,3.0,1,< 1 Year,No,26448.0,152.0,36,0
286871,Male,43,1,28.0,1,1-2 Year,No,53894.0,26.0,190,0
286950,Male,57,1,28.0,0,1-2 Year,Yes,29235.0,60.0,17,0
287024,Female,27,1,11.0,1,< 1 Year,No,41638.0,152.0,73,0
287175,Male,28,1,46.0,1,1-2 Year,No,2630.0,156.0,103,0
287184,Female,31,1,28.0,0,< 1 Year,Yes,2630.0,154.0,69,1
287190,Male,70,1,33.0,0,1-2 Year,Yes,44364.0,152.0,298,0
287297,Male,24,1,26.0,0,< 1 Year,Yes,31804.0,152.0,38,0
287307,Male,78,1,41.0,0,1-2 Year,Yes,66658.0,12.0,252,1
287475,Female,53,1,8.0,0,> 2 Years,Yes,58366.0,26.0,290,0
287494,Male,50,1,8.0,0,1-2 Year,Yes,36949.0,124.0,109,0
287636,Female,23,1,29.0,1,< 1 Year,No,24734.0,152.0,169,0
287651,Female,58,1,28.0,0,1-2 Year,Yes,43528.0,157.0,39,1
287685,Male,71,1,48.0,0,1-2 Year,Yes,2630.0,124.0,18,0
287767,Female,26,1,7.0,0,1-2 Year,Yes,2630.0,156.0,20,0
287817,Male,41,1,35.0,0,1-2 Year,Yes,31985.0,26.0,39,1
287820,Female,71,1,28.0,0,1-2 Year,Yes,71722.0,124.0,162,0
287834,Female,45,1,3.0,1,1-2 Year,No,26724.0,26.0,90,0
287879,Male,22,1,28.0,0,< 1 Year,Yes,33379.0,152.0,126,0
287920,Female,52,1,25.0,1,1-2 Year,No,28979.0,124.0,54,0
288092,Female,24,1,8.0,1,< 1 Year,No,30459.0,152.0,22,0
288102,Female,28,1,25.0,1,< 1 Year,No,37211.0,152.0,12,0
288127,Male,49,1,20.0,0,1-2 Year,Yes,2630.0,26.0,13,0
288150,Male,59,1,50.0,0,1-2 Year,Yes,2630.0,156.0,13,0
288270,Female,21,1,8.0,1,< 1 Year,No,61957.0,152.0,247,0
288272,Female,50,1,50.0,0,> 2 Years,Yes,37123.0,124.0,100,0
288342,Female,49,1,28.0,0,1-2 Year,Yes,49163.0,26.0,69,1
288394,Male,50,1,28.0,1,1-2 Year,No,60514.0,26.0,291,0
288411,Male,42,1,9.0,1,1-2 Year,No,24209.0,146.0,278,0
288501,Male,37,1,28.0,1,1-2 Year,No,68671.0,124.0,44,0
288574,Female,28,1,28.0,1,< 1 Year,No,47926.0,152.0,206,0
288581,Male,40,1,3.0,1,1-2 Year,No,23582.0,124.0,155,0
288608,Female,23,1,6.0,1,< 1 Year,No,21612.0,152.0,204,0
288614,Female,41,1,17.0,1,1-2 Year,No,2630.0,26.0,299,0
288720,Female,33,1,12.0,0,< 1 Year,Yes,2630.0,26.0,130,0
288740,Male,23,1,12.0,1,< 1 Year,No,24773.0,151.0,38,0
288741,Male,23,1,28.0,0,< 1 Year,Yes,48966.0,26.0,149,1
288742,Male,42,1,28.0,1,1-2 Year,No,42809.0,124.0,174,0
288762,Female,24,1,14.0,1,< 1 Year,Yes,24674.0,152.0,16,0
288794,Female,21,1,14.0,1,< 1 Year,No,19512.0,152.0,235,0
289035,Female,22,1,8.0,1,< 1 Year,No,2630.0,124.0,100,0
289043,Male,25,1,35.0,0,< 1 Year,Yes,2630.0,26.0,65,0
289060,Male,29,1,28.0,0,< 1 Year,Yes,29623.0,152.0,59,0
289086,Female,25,1,24.0,0,< 1 Year,No,22092.0,152.0,154,0
289094,Female,23,1,30.0,1,< 1 Year,No,26811.0,152.0,161,0
289159,Male,46,1,45.0,0,1-2 Year,Yes,2630.0,163.0,84,1
289251,Female,26,1,30.0,1,< 1 Year,No,19364.0,160.0,298,0
289302,Male,24,1,17.0,1,< 1 Year,No,31113.0,152.0,136,0
289308,Male,22,1,28.0,0,1-2 Year,Yes,49828.0,155.0,20,0
289328,Male,20,1,27.0,0,< 1 Year,Yes,31274.0,160.0,247,0
289425,Female,26,1,3.0,1,< 1 Year,No,48943.0,152.0,117,0
289434,Male,63,1,31.0,1,1-2 Year,No,2630.0,122.0,187,0
289613,Female,53,1,36.0,1,1-2 Year,No,33202.0,152.0,266,0
289648,Female,24,1,36.0,0,< 1 Year,Yes,25340.0,152.0,125,1
289653,Male,43,1,11.0,1,1-2 Year,No,25759.0,124.0,224,0
289695,Female,24,1,46.0,1,< 1 Year,No,41579.0,152.0,221,0
289829,Female,26,1,25.0,1,< 1 Year,No,21206.0,152.0,114,0
289840,Male,59,1,41.0,0,< 1 Year,Yes,2630.0,1.0,228,0
289845,Female,32,1,8.0,0,< 1 Year,Yes,32842.0,152.0,11,0
289857,Female,22,1,10.0,0,< 1 Year,Yes,60423.0,152.0,119,0
289876,Female,44,1,8.0,0,1-2 Year,Yes,45235.0,124.0,186,0
290018,Male,39,1,28.0,0,1-2 Year,Yes,37873.0,125.0,81,0
290049,Male,63,1,28.0,0,1-2 Year,Yes,44683.0,25.0,247,0
290053,Male,51,1,8.0,0,1-2 Year,Yes,60993.0,124.0,146,1
290160,Female,26,1,41.0,1,< 1 Year,No,32003.0,152.0,67,0
290217,Male,59,1,9.0,0,1-2 Year,No,42700.0,26.0,53,0
290222,Male,65,1,28.0,0,1-2 Year,Yes,47822.0,124.0,275,0
290247,Male,61,1,2.0,1,1-2 Year,No,2630.0,157.0,113,0
290382,Male,26,1,6.0,1,< 1 Year,No,31805.0,152.0,76,0
290400,Male,68,1,8.0,0,1-2 Year,Yes,63017.0,124.0,69,1
290401,Female,45,1,12.0,0,1-2 Year,Yes,28064.0,124.0,208,0
290456,Female,44,1,28.0,1,1-2 Year,Yes,50309.0,26.0,223,0
290463,Female,30,1,29.0,0,1-2 Year,No,35792.0,124.0,236,0
290549,Female,45,1,28.0,0,1-2 Year,Yes,49842.0,26.0,84,0
290654,Male,59,1,28.0,1,1-2 Year,No,47185.0,26.0,162,0
290740,Female,54,1,50.0,1,1-2 Year,No,35928.0,26.0,142,0
290773,Male,60,1,8.0,0,1-2 Year,Yes,37576.0,124.0,243,0
290788,Male,55,1,28.0,0,> 2 Years,Yes,52086.0,26.0,200,0
290824,Female,30,1,35.0,1,< 1 Year,No,22461.0,152.0,69,0
290994,Female,25,1,26.0,1,< 1 Year,No,19728.0,152.0,33,0
291055,Female,45,1,13.0,0,1-2 Year,Yes,2630.0,157.0,180,0
291093,Male,34,1,1.0,0,1-2 Year,Yes,2630.0,124.0,110,1
291105,Female,22,1,45.0,1,< 1 Year,No,29551.0,152.0,292,0
291151,Male,50,1,15.0,0,1-2 Year,Yes,35424.0,14.0,280,0
291209,Female,54,1,28.0,1,1-2 Year,No,2630.0,124.0,290,0
291220,Female,43,1,48.0,0,1-2 Year,Yes,2630.0,26.0,237,1
291222,Female,33,1,47.0,0,1-2 Year,Yes,2630.0,124.0,111,1
291358,Male,41,1,28.0,0,> 2 Years,Yes,86182.0,122.0,287,0
291406,Male,51,1,28.0,0,1-2 Year,Yes,38777.0,26.0,154,1
291491,Male,21,1,14.0,1,< 1 Year,No,2630.0,160.0,17,0
291662,Female,40,1,28.0,0,1-2 Year,Yes,28344.0,124.0,159,0
291854,Male,21,1,30.0,1,< 1 Year,No,34782.0,160.0,17,0
291883,Male,53,1,8.0,1,1-2 Year,Yes,39421.0,26.0,117,0
291917,Female,23,1,30.0,1,< 1 Year,No,30835.0,152.0,151,0
291926,Female,24,1,37.0,0,< 1 Year,Yes,35302.0,152.0,253,0
292149,Female,64,1,28.0,0,1-2 Year,Yes,36149.0,26.0,97,0
292253,Female,22,1,28.0,0,< 1 Year,No,44953.0,152.0,176,0
292276,Male,35,1,18.0,0,1-2 Year,Yes,33701.0,124.0,256,1
292331,Female,59,1,34.0,0,1-2 Year,Yes,40910.0,157.0,23,0
292480,Female,26,1,6.0,1,< 1 Year,No,20001.0,152.0,152,0
292521,Male,31,1,8.0,0,< 1 Year,Yes,2630.0,124.0,262,0
292549,Female,21,1,24.0,0,< 1 Year,Yes,26975.0,160.0,192,0
292567,Female,57,1,8.0,0,1-2 Year,Yes,52858.0,124.0,125,0
292697,Female,24,1,23.0,1,< 1 Year,No,15588.0,152.0,94,0
292704,Male,24,1,36.0,1,< 1 Year,No,38087.0,152.0,142,0
292809,Female,54,1,46.0,0,1-2 Year,No,25983.0,11.0,23,0
292873,Female,58,1,28.0,1,1-2 Year,No,43949.0,124.0,17,0
292874,Female,33,1,28.0,0,< 1 Year,Yes,39637.0,26.0,160,0
292880,Female,75,1,47.0,1,1-2 Year,No,34006.0,16.0,18,0
292896,Female,20,1,46.0,1,< 1 Year,No,35090.0,160.0,134,0
292962,Male,45,1,4.0,0,1-2 Year,Yes,23203.0,124.0,208,0
292985,Male,46,1,28.0,0,1-2 Year,Yes,31054.0,26.0,20,0
293016,Male,68,1,28.0,0,1-2 Year,Yes,23971.0,124.0,94,0
293106,Male,61,1,22.0,0,1-2 Year,Yes,32326.0,26.0,238,0
293109,Female,21,1,11.0,1,< 1 Year,No,34016.0,152.0,287,0
293227,Female,73,1,8.0,1,1-2 Year,No,35390.0,124.0,21,0
293279,Male,43,1,28.0,0,> 2 Years,Yes,42761.0,124.0,290,0
293354,Female,24,1,6.0,0,< 1 Year,Yes,25656.0,152.0,292,0
293377,Female,44,1,17.0,0,1-2 Year,Yes,2630.0,156.0,44,0
293512,Female,37,1,14.0,0,1-2 Year,Yes,31666.0,26.0,52,0
293546,Female,62,1,17.0,1,1-2 Year,No,40912.0,26.0,184,0
293561,Male,42,1,28.0,1,1-2 Year,No,2630.0,55.0,117,0
293566,Male,23,1,41.0,1,1-2 Year,No,27878.0,124.0,32,0
293629,Female,49,1,28.0,1,1-2 Year,Yes,54985.0,26.0,122,0
293728,Female,27,1,28.0,1,< 1 Year,No,41558.0,152.0,33,0
293832,Female,71,1,28.0,0,1-2 Year,Yes,50070.0,13.0,155,0
293903,Male,21,1,28.0,0,< 1 Year,Yes,50477.0,152.0,213,0
293939,Female,34,1,46.0,0,1-2 Year,Yes,21744.0,124.0,122,1
294169,Female,22,1,29.0,1,< 1 Year,No,32931.0,152.0,278,0
294200,Female,23,1,29.0,1,< 1 Year,No,33882.0,152.0,14,0
294229,Male,27,1,6.0,1,< 1 Year,No,29709.0,152.0,225,0
294282,Female,20,1,46.0,1,< 1 Year,No,53858.0,152.0,87,0
294309,Female,24,1,50.0,0,< 1 Year,Yes,38530.0,152.0,147,1
294322,Male,24,1,28.0,1,< 1 Year,No,24447.0,152.0,128,0
294345,Female,21,1,8.0,1,< 1 Year,No,40297.0,152.0,42,0
294408,Male,63,1,28.0,1,1-2 Year,No,38543.0,26.0,232,0
294416,Male,41,1,20.0,0,1-2 Year,Yes,2630.0,26.0,122,0
294458,Male,50,1,43.0,1,1-2 Year,No,2630.0,124.0,52,0
294466,Male,41,1,29.0,0,1-2 Year,Yes,2630.0,124.0,276,1
294552,Female,24,1,11.0,0,< 1 Year,Yes,39842.0,152.0,176,0
294564,Female,39,1,11.0,0,1-2 Year,Yes,2630.0,156.0,105,1
294660,Female,27,1,29.0,1,< 1 Year,No,35277.0,152.0,74,0
294664,Female,24,1,39.0,0,< 1 Year,Yes,28777.0,152.0,67,0
294830,Female,33,1,34.0,1,< 1 Year,No,19429.0,26.0,284,0
294874,Male,20,1,12.0,0,< 1 Year,Yes,34171.0,160.0,91,0
295125,Male,33,1,15.0,1,< 1 Year,No,29832.0,152.0,160,0
295157,Male,42,1,46.0,0,1-2 Year,Yes,26324.0,124.0,85,1
295252,Female,23,1,8.0,1,< 1 Year,No,41884.0,152.0,92,0
295384,Female,52,1,3.0,0,1-2 Year,Yes,33325.0,31.0,120,0
295439,Male,25,1,3.0,0,< 1 Year,Yes,2630.0,160.0,83,0
295610,Male,23,1,47.0,0,< 1 Year,Yes,27293.0,152.0,76,0
295728,Female,20,1,15.0,0,< 1 Year,Yes,34156.0,160.0,128,0
295752,Male,22,1,37.0,0,< 1 Year,Yes,39018.0,152.0,192,0
295781,Female,34,1,28.0,0,1-2 Year,Yes,25072.0,124.0,29,0
295828,Female,22,1,11.0,1,< 1 Year,No,28101.0,152.0,21,0
295903,Male,77,1,28.0,1,1-2 Year,No,24277.0,26.0,231,0
296200,Male,28,1,46.0,0,< 1 Year,Yes,33411.0,152.0,50,0
296256,Male,59,1,28.0,0,> 2 Years,Yes,49295.0,124.0,24,0
296279,Male,54,1,41.0,1,1-2 Year,No,2630.0,124.0,263,0
296303,Male,37,1,28.0,0,1-2 Year,Yes,51440.0,26.0,299,0
296310,Female,37,1,28.0,0,1-2 Year,Yes,32147.0,124.0,55,1
296444,Male,47,1,8.0,0,1-2 Year,Yes,47402.0,124.0,237,0
296490,Male,23,1,47.0,0,< 1 Year,Yes,36519.0,152.0,284,0
296596,Female,22,1,12.0,1,< 1 Year,No,15921.0,152.0,59,0
296663,Male,74,1,8.0,1,1-2 Year,No,46274.0,7.0,278,0
296666,Male,27,1,41.0,1,< 1 Year,No,25666.0,152.0,135,0
296695,Female,43,1,47.0,1,1-2 Year,No,34929.0,124.0,43,0
296697,Female,28,1,28.0,1,< 1 Year,No,31900.0,152.0,248,0
296816,Female,24,1,7.0,0,< 1 Year,Yes,2630.0,152.0,125,0
296864,Female,40,1,28.0,1,1-2 Year,No,33082.0,124.0,272,0
296887,Female,22,1,28.0,0,< 1 Year,Yes,38594.0,153.0,215,0
296983,Female,24,1,16.0,0,< 1 Year,Yes,24423.0,152.0,29,0
297025,Male,40,1,35.0,0,1-2 Year,No,33451.0,31.0,108,0
297209,Female,30,1,28.0,0,1-2 Year,Yes,31529.0,155.0,277,1
297257,Male,39,1,15.0,1,1-2 Year,No,2630.0,26.0,261,0
297377,Male,25,1,6.0,1,< 1 Year,No,34100.0,152.0,18,0
297381,Male,40,1,41.0,1,1-2 Year,No,34230.0,124.0,138,0
297420,Female,21,1,17.0,1,< 1 Year,No,49387.0,152.0,225,0
297456,Male,26,1,21.0,1,< 1 Year,No,2630.0,152.0,75,0
297511,Male,66,1,30.0,1,1-2 Year,No,21344.0,26.0,172,0
297611,Male,46,1,28.0,0,1-2 Year,Yes,2630.0,26.0,146,1
297817,Male,55,1,28.0,0,1-2 Year,No,55478.0,52.0,287,0
297823,Male,54,1,11.0,0,1-2 Year,No,35179.0,124.0,154,0
298057,Male,54,1,3.0,0,1-2 Year,Yes,2630.0,26.0,84,1
298182,Female,66,1,25.0,0,1-2 Year,Yes,31786.0,26.0,282,0
298340,Male,29,1,8.0,1,< 1 Year,No,46471.0,152.0,291,0
298405,Male,26,1,11.0,0,< 1 Year,Yes,39393.0,26.0,13,0
298433,Male,26,1,15.0,0,< 1 Year,Yes,33283.0,152.0,272,0
298566,Male,24,1,22.0,1,< 1 Year,No,32900.0,152.0,143,0
298664,Male,41,1,8.0,0,1-2 Year,Yes,43430.0,26.0,20,1
298756,Female,49,1,28.0,1,1-2 Year,No,2630.0,157.0,76,0
298788,Male,20,1,45.0,0,< 1 Year,Yes,28504.0,160.0,60,0
298805,Female,57,1,25.0,1,1-2 Year,No,2630.0,26.0,52,0
298993,Male,21,1,37.0,1,< 1 Year,No,36373.0,152.0,149,0
299005,Female,34,1,39.0,1,1-2 Year,No,2630.0,152.0,149,0
299020,Male,68,1,33.0,1,1-2 Year,No,32585.0,124.0,272,0
299100,Male,22,1,25.0,1,< 1 Year,No,35425.0,152.0,102,0
299147,Male,46,1,28.0,0,> 2 Years,Yes,41653.0,26.0,238,1
299214,Male,74,1,28.0,0,1-2 Year,No,40695.0,26.0,88,0
299267,Male,78,1,8.0,1,1-2 Year,No,33393.0,7.0,288,0
299398,Male,29,1,15.0,0,< 1 Year,Yes,33080.0,152.0,285,0
299432,Female,24,1,10.0,1,< 1 Year,No,19070.0,152.0,126,0
299443,Male,74,1,28.0,0,> 2 Years,Yes,56554.0,26.0,80,0
299541,Female,22,1,25.0,1,< 1 Year,No,36559.0,152.0,112,0
299564,Male,73,1,28.0,0,> 2 Years,Yes,38180.0,26.0,115,0
299566,Male,39,1,48.0,1,1-2 Year,No,2630.0,152.0,51,0
299689,Male,26,1,17.0,1,< 1 Year,No,49941.0,152.0,202,0
299754,Female,78,1,28.0,0,1-2 Year,Yes,23461.0,26.0,135,1
299839,Female,29,1,18.0,0,< 1 Year,Yes,26227.0,152.0,187,0
300075,Female,34,1,29.0,0,1-2 Year,Yes,34960.0,152.0,108,0
300078,Male,40,1,28.0,0,1-2 Year,Yes,70404.0,124.0,137,1
300176,Male,76,1,26.0,0,1-2 Year,No,28304.0,22.0,157,0
300186,Female,22,1,41.0,1,< 1 Year,No,41989.0,152.0,22,0
300400,Female,24,1,14.0,1,< 1 Year,No,20143.0,152.0,297,0
300407,Male,22,1,8.0,1,< 1 Year,No,24801.0,152.0,224,0
300433,Female,32,1,29.0,0,< 1 Year,No,2630.0,1.0,278,0
300521,Male,47,1,9.0,0,1-2 Year,Yes,36750.0,26.0,156,1
300548,Male,41,1,28.0,1,1-2 Year,No,53070.0,122.0,169,0
300587,Female,30,1,26.0,0,< 1 Year,Yes,2630.0,152.0,72,0
300692,Male,33,1,28.0,0,< 1 Year,Yes,47597.0,124.0,104,1
300803,Female,22,1,30.0,0,< 1 Year,Yes,29180.0,152.0,187,0
300814,Female,23,1,28.0,1,< 1 Year,No,61771.0,152.0,271,0
300828,Male,44,1,28.0,0,1-2 Year,Yes,35294.0,26.0,176,0
300891,Male,51,1,28.0,0,1-2 Year,Yes,26101.0,13.0,184,0
300924,Female,23,1,41.0,1,< 1 Year,No,24307.0,152.0,222,0
301098,Female,47,1,30.0,0,1-2 Year,Yes,49091.0,26.0,189,0
301100,Male,27,1,21.0,0,< 1 Year,Yes,2630.0,152.0,107,0
301294,Male,50,1,8.0,0,1-2 Year,Yes,2630.0,26.0,130,1
301322,Male,33,1,18.0,1,< 1 Year,No,32241.0,131.0,48,0
301427,Male,28,1,20.0,0,1-2 Year,Yes,2630.0,157.0,67,0
301437,Male,29,1,28.0,0,< 1 Year,No,38788.0,124.0,213,0
301661,Female,47,1,10.0,1,1-2 Year,No,25735.0,152.0,81,0
301683,Male,24,1,10.0,1,< 1 Year,No,23170.0,152.0,12,0
301689,Female,26,1,10.0,1,< 1 Year,No,31230.0,152.0,84,0
301690,Female,22,1,15.0,1,< 1 Year,No,43682.0,160.0,38,0
301808,Male,23,1,11.0,1,< 1 Year,No,40321.0,152.0,174,0
301938,Female,59,1,41.0,1,1-2 Year,No,40263.0,124.0,155,0
302009,Male,28,1,27.0,1,< 1 Year,No,25481.0,152.0,258,0
302057,Male,27,1,11.0,1,< 1 Year,No,35058.0,152.0,49,0
302176,Female,58,1,15.0,0,1-2 Year,Yes,2630.0,156.0,257,0
302249,Female,41,1,39.0,0,1-2 Year,Yes,26167.0,124.0,59,0
302475,Female,21,1,46.0,1,< 1 Year,No,19741.0,152.0,274,0
302531,Female,56,1,28.0,0,> 2 Years,Yes,56089.0,26.0,251,1
302544,Female,42,1,39.0,0,1-2 Year,Yes,29571.0,124.0,244,0
302724,Female,46,1,41.0,1,1-2 Year,No,31770.0,152.0,130,0
302779,Male,42,1,28.0,0,1-2 Year,Yes,29834.0,122.0,292,0
302796,Male,73,1,50.0,0,1-2 Year,Yes,36730.0,8.0,171,0
302901,Male,58,1,20.0,0,1-2 Year,Yes,2630.0,124.0,191,1
302936,Male,28,1,28.0,0,< 1 Year,Yes,34972.0,152.0,217,0
303002,Female,25,1,6.0,1,< 1 Year,No,33105.0,152.0,40,0
303135,Male,55,1,0.0,0,1-2 Year,Yes,2630.0,26.0,154,0
303173,Female,55,1,33.0,1,1-2 Year,No,32616.0,124.0,230,0
303189,Male,29,1,15.0,1,1-2 Year,No,2630.0,156.0,183,0
303393,Female,26,1,6.0,1,< 1 Year,No,20801.0,160.0,34,0
303412,Male,41,1,28.0,0,1-2 Year,No,41088.0,52.0,161,0
303664,Male,25,1,3.0,1,< 1 Year,No,19222.0,152.0,76,0
303719,Female,23,1,15.0,0,< 1 Year,No,47447.0,152.0,264,0
303890,Male,33,1,29.0,0,1-2 Year,Yes,35684.0,124.0,13,0
303906,Female,33,1,31.0,0,< 1 Year,Yes,2630.0,124.0,14,0
304002,Female,34,1,28.0,0,1-2 Year,Yes,28331.0,152.0,77,1
304539,Male,51,1,8.0,0,> 2 Years,Yes,44808.0,124.0,136,0
304614,Female,61,1,28.0,0,1-2 Year,Yes,44867.0,26.0,129,0
304710,Male,38,1,33.0,0,1-2 Year,Yes,30064.0,124.0,213,0
304727,Male,55,1,20.0,1,1-2 Year,Yes,2630.0,124.0,284,0
304827,Female,52,1,28.0,0,1-2 Year,Yes,36664.0,26.0,70,0
305068,Female,21,1,13.0,1,< 1 Year,Yes,2630.0,152.0,44,0
305281,Male,25,1,7.0,0,< 1 Year,No,33662.0,152.0,288,0
305317,Female,58,1,28.0,0,> 2 Years,Yes,81714.0,124.0,221,1
305461,Female,75,1,21.0,0,> 2 Years,Yes,26011.0,124.0,247,0
305469,Male,32,1,39.0,1,1-2 Year,No,2630.0,156.0,297,0
305598,Male,58,1,15.0,0,> 2 Years,Yes,35127.0,26.0,84,1
305684,Female,45,1,46.0,0,1-2 Year,Yes,2630.0,157.0,127,1
305714,Male,42,1,28.0,0,1-2 Year,Yes,38844.0,26.0,157,1
305738,Male,43,1,28.0,0,1-2 Year,Yes,2630.0,157.0,174,0
305864,Female,23,1,45.0,1,< 1 Year,No,23593.0,152.0,270,0
305921,Male,29,1,8.0,0,< 1 Year,Yes,2630.0,152.0,21,0
305930,Male,59,1,24.0,1,1-2 Year,No,23497.0,124.0,23,0
305939,Male,54,1,20.0,1,1-2 Year,No,2630.0,124.0,232,0
305948,Female,58,1,28.0,1,1-2 Year,No,24108.0,26.0,169,0
306119,Female,32,1,21.0,1,< 1 Year,No,32877.0,152.0,166,0
306213,Male,22,1,32.0,1,< 1 Year,No,2630.0,152.0,297,0
306276,Male,25,1,28.0,1,< 1 Year,No,14482.0,152.0,246,0
306308,Female,25,1,22.0,1,< 1 Year,No,40640.0,152.0,56,0
306309,Male,22,1,8.0,1,< 1 Year,No,41121.0,152.0,259,0
306331,Female,27,1,28.0,1,< 1 Year,No,32801.0,160.0,73,0
306361,Female,58,1,28.0,1,1-2 Year,No,37100.0,122.0,59,0
306408,Female,35,1,28.0,1,1-2 Year,No,40627.0,151.0,154,0
306686,Male,76,1,33.0,0,1-2 Year,Yes,37113.0,26.0,149,0
306870,Female,55,1,28.0,0,1-2 Year,Yes,41133.0,122.0,25,0
306883,Female,73,1,28.0,0,1-2 Year,Yes,44272.0,50.0,276,0
306947,Female,32,1,46.0,1,< 1 Year,No,21965.0,160.0,234,0
306958,Male,41,1,0.0,1,1-2 Year,No,2630.0,26.0,30,0
306973,Female,37,1,50.0,0,1-2 Year,Yes,31403.0,22.0,88,0
307001,Female,28,1,6.0,1,< 1 Year,No,30051.0,152.0,94,0
307037,Female,21,1,26.0,0,< 1 Year,Yes,24675.0,152.0,207,0
307161,Male,24,1,21.0,1,< 1 Year,No,26746.0,152.0,101,0
307307,Male,66,1,43.0,1,1-2 Year,No,29489.0,124.0,257,0
307349,Female,22,1,2.0,0,< 1 Year,No,33865.0,152.0,205,0
307356,Female,22,1,8.0,1,< 1 Year,No,55806.0,152.0,290,0
307374,Male,24,1,2.0,0,< 1 Year,No,2630.0,160.0,147,0
307425,Female,26,1,50.0,1,< 1 Year,No,36773.0,152.0,253,0
307501,Female,74,1,8.0,1,1-2 Year,No,27805.0,124.0,28,0
307572,Male,76,1,28.0,0,1-2 Year,Yes,27792.0,55.0,51,0
307575,Male,22,1,2.0,1,< 1 Year,No,34015.0,160.0,19,0
307651,Male,28,1,28.0,1,< 1 Year,No,31663.0,152.0,13,0
307738,Male,35,1,21.0,1,1-2 Year,No,27187.0,152.0,276,0
307779,Male,27,1,30.0,1,< 1 Year,No,23755.0,152.0,242,0
307922,Male,22,1,11.0,1,< 1 Year,No,51622.0,152.0,171,0
308024,Female,68,1,15.0,1,1-2 Year,No,2630.0,152.0,93,0
308076,Female,24,1,41.0,1,< 1 Year,No,48362.0,152.0,149,0
308096,Male,34,1,47.0,1,1-2 Year,Yes,2630.0,157.0,217,0
308170,Male,26,1,18.0,1,1-2 Year,No,2630.0,156.0,30,0
308227,Male,22,1,8.0,0,< 1 Year,No,39993.0,160.0,196,0
308291,Male,33,1,38.0,0,1-2 Year,Yes,28158.0,124.0,213,0
308372,Female,23,1,6.0,1,< 1 Year,No,32309.0,152.0,106,0
308406,Female,33,1,11.0,1,1-2 Year,No,17965.0,124.0,202,0
308542,Female,23,1,27.0,1,< 1 Year,No,34372.0,152.0,188,0
308676,Male,22,1,9.0,1,< 1 Year,No,45880.0,152.0,285,0
308692,Male,78,1,28.0,0,1-2 Year,Yes,44785.0,156.0,21,1
308819,Female,20,1,46.0,1,< 1 Year,No,35124.0,160.0,260,0
309019,Male,30,1,28.0,0,1-2 Year,Yes,67805.0,156.0,191,0
309059,Female,25,1,35.0,1,< 1 Year,No,23511.0,152.0,197,0
309268,Male,58,1,8.0,0,1-2 Year,Yes,21568.0,157.0,231,1
309365,Male,76,1,50.0,1,1-2 Year,No,2630.0,18.0,87,0
309379,Female,70,1,15.0,0,1-2 Year,Yes,36257.0,124.0,134,0
309425,Male,53,1,28.0,0,1-2 Year,Yes,32979.0,26.0,234,1
309456,Female,23,1,45.0,1,< 1 Year,No,22464.0,26.0,234,0
309465,Female,22,1,46.0,1,< 1 Year,No,22832.0,152.0,104,0
309467,Male,36,1,15.0,0,1-2 Year,Yes,34912.0,124.0,68,0
309483,Male,27,1,10.0,1,< 1 Year,No,28135.0,152.0,293,0
309486,Male,20,1,37.0,0,< 1 Year,Yes,17357.0,160.0,140,0
309509,Male,28,1,26.0,0,< 1 Year,Yes,43689.0,152.0,54,1
309831,Female,35,1,28.0,0,1-2 Year,Yes,41136.0,124.0,28,0
309859,Female,32,1,28.0,1,< 1 Year,No,2630.0,152.0,225,0
310085,Female,44,1,28.0,1,1-2 Year,No,40270.0,124.0,201,0
310285,Male,44,1,28.0,0,1-2 Year,Yes,57673.0,124.0,117,1
310340,Male,45,1,28.0,0,1-2 Year,Yes,24376.0,26.0,18,1
310392,Male,77,1,8.0,0,1-2 Year,Yes,2630.0,26.0,295,0
310532,Female,23,1,28.0,1,< 1 Year,No,42361.0,152.0,241,0
310636,Male,35,1,28.0,0,> 2 Years,Yes,2630.0,158.0,56,0
310686,Female,22,1,2.0,0,< 1 Year,Yes,29906.0,152.0,54,0
311018,Male,36,1,12.0,1,1-2 Year,No,24019.0,160.0,104,0
311119,Male,23,1,45.0,0,< 1 Year,No,2630.0,151.0,14,0
311144,Female,22,1,30.0,1,< 1 Year,No,30934.0,152.0,99,0
311146,Female,23,1,5.0,0,< 1 Year,Yes,29269.0,152.0,11,1
311151,Male,39,1,8.0,1,1-2 Year,No,32535.0,124.0,268,0
311334,Male,26,1,23.0,1,< 1 Year,No,27631.0,152.0,281,0
311393,Female,22,1,29.0,1,< 1 Year,No,53238.0,152.0,125,0
311396,Male,20,1,35.0,1,< 1 Year,No,28564.0,160.0,274,0
311408,Male,42,1,28.0,0,> 2 Years,Yes,49492.0,26.0,122,1
311601,Female,41,1,14.0,0,> 2 Years,Yes,2630.0,157.0,110,1
311669,Female,41,1,37.0,1,1-2 Year,No,2630.0,26.0,67,0
311708,Male,26,1,6.0,1,< 1 Year,No,30565.0,152.0,275,0
311945,Female,62,1,28.0,1,1-2 Year,No,34080.0,26.0,87,0
311991,Female,23,1,46.0,1,< 1 Year,No,36142.0,152.0,21,0
311996,Male,37,1,28.0,0,1-2 Year,Yes,27681.0,37.0,274,1
312114,Male,43,1,46.0,0,1-2 Year,Yes,38640.0,26.0,127,0
312140,Male,44,1,34.0,0,1-2 Year,Yes,33355.0,124.0,103,0
312234,Female,52,1,31.0,1,1-2 Year,No,2630.0,9.0,134,0
312319,Female,22,1,50.0,0,< 1 Year,Yes,41050.0,152.0,111,0
312413,Male,22,1,41.0,1,< 1 Year,No,34333.0,152.0,29,0
312534,Male,21,1,8.0,1,< 1 Year,No,32692.0,152.0,114,0
312724,Female,47,1,28.0,0,1-2 Year,No,85370.0,26.0,252,0
312756,Female,58,1,28.0,0,1-2 Year,Yes,2630.0,158.0,227,0
312790,Female,54,1,28.0,0,1-2 Year,Yes,40545.0,26.0,230,0
312858,Male,67,1,28.0,0,1-2 Year,Yes,44485.0,31.0,154,0
312943,Female,28,1,6.0,1,< 1 Year,No,27347.0,152.0,108,0
313254,Male,23,1,8.0,1,< 1 Year,No,36201.0,152.0,275,0
313256,Male,27,1,28.0,1,< 1 Year,No,40378.0,152.0,43,0
313294,Female,46,1,28.0,0,1-2 Year,Yes,45454.0,124.0,262,0
313309,Male,20,1,3.0,0,< 1 Year,Yes,31739.0,160.0,283,0
313421,Female,58,1,27.0,0,1-2 Year,Yes,2630.0,163.0,117,1
313432,Female,31,1,28.0,0,1-2 Year,Yes,2630.0,157.0,112,0
313501,Male,55,1,28.0,0,1-2 Year,Yes,26560.0,26.0,21,0
313534,Female,34,1,15.0,0,< 1 Year,No,33322.0,152.0,66,0
313553,Male,27,1,46.0,1,< 1 Year,Yes,22183.0,152.0,270,0
313687,Female,32,1,0.0,0,1-2 Year,Yes,2630.0,60.0,134,0
313994,Male,35,1,37.0,0,1-2 Year,Yes,2630.0,154.0,113,0
314008,Male,25,1,25.0,1,< 1 Year,No,28425.0,152.0,41,0
314029,Female,27,1,11.0,1,< 1 Year,No,36908.0,152.0,245,0
314066,Female,44,1,28.0,0,1-2 Year,Yes,40516.0,122.0,287,1
314246,Female,28,1,33.0,1,< 1 Year,No,31859.0,152.0,23,0
314256,Male,24,1,50.0,1,< 1 Year,No,30514.0,152.0,168,0
314261,Male,21,1,36.0,0,< 1 Year,No,37672.0,163.0,257,0
314268,Male,46,1,28.0,0,1-2 Year,No,2630.0,26.0,33,0
314445,Female,27,1,41.0,1,< 1 Year,No,25844.0,152.0,219,0
314471,Male,51,1,46.0,0,1-2 Year,Yes,2630.0,26.0,299,0
314500,Female,25,1,41.0,1,< 1 Year,No,37454.0,152.0,248,0
314725,Female,28,1,21.0,1,< 1 Year,No,27442.0,152.0,123,0
314736,Male,25,1,18.0,1,< 1 Year,No,25688.0,152.0,10,0
314885,Male,40,1,3.0,0,1-2 Year,Yes,2630.0,124.0,261,0
314987,Female,31,1,43.0,1,< 1 Year,No,37283.0,152.0,79,0
315010,Female,24,1,50.0,1,< 1 Year,No,42841.0,152.0,129,0
315011,Female,33,1,21.0,1,< 1 Year,No,20801.0,152.0,50,0
315016,Female,24,1,13.0,0,< 1 Year,No,27655.0,160.0,15,0
315122,Male,32,1,33.0,0,1-2 Year,Yes,42572.0,124.0,60,1
315258,Male,54,1,28.0,0,1-2 Year,Yes,56223.0,26.0,185,1
315459,Male,26,1,41.0,1,< 1 Year,No,83360.0,152.0,193,0
315465,Male,60,1,41.0,1,1-2 Year,No,36913.0,152.0,40,0
315502,Male,27,1,21.0,0,< 1 Year,Yes,22581.0,152.0,297,0
315540,Female,24,1,39.0,1,< 1 Year,No,36023.0,152.0,225,0
315552,Female,28,1,21.0,1,< 1 Year,No,28805.0,152.0,254,0
315667,Male,58,1,33.0,1,1-2 Year,No,36169.0,26.0,212,0
315837,Female,23,1,8.0,1,< 1 Year,No,40122.0,152.0,177,0
315887,Male,66,1,33.0,0,1-2 Year,Yes,36994.0,26.0,56,0
316019,Male,37,1,47.0,0,1-2 Year,Yes,30686.0,31.0,46,0
316064,Female,21,1,8.0,1,< 1 Year,No,34383.0,152.0,272,0
316117,Female,55,1,21.0,1,1-2 Year,No,24587.0,26.0,161,0
316182,Female,35,1,28.0,0,1-2 Year,Yes,52605.0,124.0,252,0
316186,Male,24,1,30.0,1,< 1 Year,No,21864.0,152.0,260,0
316190,Male,63,1,41.0,1,1-2 Year,No,20057.0,26.0,21,0
316232,Female,60,1,28.0,1,1-2 Year,Yes,31808.0,30.0,173,0
316238,Female,38,1,46.0,1,> 2 Years,Yes,2630.0,26.0,286,0
316298,Male,71,1,28.0,0,1-2 Year,Yes,41401.0,124.0,185,1
316367,Male,25,1,8.0,1,< 1 Year,No,36279.0,152.0,283,0
316389,Female,21,1,50.0,0,< 1 Year,Yes,17566.0,160.0,175,0
316459,Male,53,1,3.0,0,1-2 Year,Yes,2630.0,157.0,152,1
316586,Female,22,1,36.0,0,< 1 Year,No,35092.0,152.0,237,0
316613,Male,53,1,50.0,1,1-2 Year,No,35248.0,8.0,270,0
316705,Female,70,1,50.0,0,1-2 Year,Yes,43660.0,8.0,121,0
316716,Male,24,1,50.0,1,< 1 Year,No,43342.0,152.0,294,0
316748,Male,22,1,4.0,1,< 1 Year,No,41897.0,152.0,265,0
316918,Male,22,1,16.0,0,< 1 Year,Yes,25278.0,152.0,53,0
317021,Male,25,1,45.0,1,< 1 Year,No,2630.0,26.0,265,0
317042,Female,27,1,28.0,1,< 1 Year,No,68145.0,152.0,176,0
317102,Male,46,1,28.0,1,1-2 Year,No,2630.0,26.0,98,0
317118,Male,50,1,31.0,0,1-2 Year,Yes,2630.0,9.0,195,0
317337,Male,24,1,28.0,1,< 1 Year,No,72065.0,152.0,35,0
317412,Male,24,1,32.0,0,< 1 Year,No,23980.0,152.0,68,0
317431,Male,26,1,10.0,1,< 1 Year,No,41443.0,152.0,270,0
317448,Male,41,1,28.0,1,1-2 Year,No,39874.0,26.0,99,0
317522,Male,50,1,4.0,0,1-2 Year,Yes,32989.0,26.0,145,1
317596,Male,48,1,10.0,1,1-2 Year,No,30608.0,124.0,20,0
317664,Male,30,1,8.0,0,< 1 Year,Yes,33074.0,152.0,237,0
317789,Female,23,1,21.0,0,< 1 Year,Yes,34210.0,152.0,296,0
318014,Male,29,1,28.0,0,1-2 Year,Yes,45853.0,155.0,108,0
318122,Male,23,1,4.0,1,< 1 Year,No,25049.0,152.0,145,0
318474,Male,79,1,28.0,1,1-2 Year,No,30750.0,26.0,236,0
318664,Male,44,1,8.0,0,1-2 Year,Yes,2630.0,26.0,214,0
318798,Male,32,1,28.0,0,1-2 Year,Yes,2630.0,157.0,22,0
318935,Male,22,1,22.0,1,< 1 Year,No,42467.0,152.0,15,0
318942,Female,76,0,26.0,1,1-2 Year,Yes,37602.0,7.0,145,0
319041,Male,47,1,46.0,1,1-2 Year,No,2630.0,124.0,52,0
319062,Female,59,1,38.0,1,1-2 Year,No,40117.0,124.0,275,0
319115,Male,27,1,21.0,1,< 1 Year,No,21986.0,152.0,238,0
319147,Male,72,1,28.0,0,1-2 Year,Yes,65463.0,26.0,200,0
319273,Male,42,1,28.0,0,1-2 Year,Yes,45911.0,124.0,201,0
319367,Male,24,1,37.0,0,< 1 Year,Yes,47015.0,151.0,289,0
319385,Male,42,1,11.0,1,1-2 Year,No,32465.0,154.0,36,0
319430,Female,21,1,28.0,0,< 1 Year,Yes,31882.0,152.0,19,0
319473,Female,24,1,50.0,1,< 1 Year,No,33569.0,152.0,172,0
319667,Female,43,1,50.0,1,1-2 Year,No,38925.0,154.0,169,0
319678,Female,25,1,8.0,0,< 1 Year,No,2630.0,1.0,58,0
319688,Female,22,1,16.0,0,< 1 Year,Yes,2630.0,152.0,188,0
319876,Male,26,1,14.0,1,< 1 Year,No,35646.0,152.0,117,0
319907,Male,52,1,28.0,0,1-2 Year,Yes,46545.0,26.0,241,1
319971,Female,53,1,21.0,0,1-2 Year,Yes,22034.0,124.0,12,0
319978,Female,22,1,8.0,1,< 1 Year,No,24646.0,152.0,242,0
320009,Female,48,1,33.0,1,1-2 Year,No,2630.0,124.0,115,0
320045,Male,27,1,28.0,0,< 1 Year,Yes,42517.0,26.0,199,0
320046,Male,26,1,3.0,1,< 1 Year,No,37641.0,152.0,277,0
320048,Male,24,1,14.0,1,< 1 Year,No,20544.0,152.0,134,0
320095,Female,63,1,28.0,0,1-2 Year,Yes,57716.0,26.0,200,0
320125,Male,24,1,8.0,1,< 1 Year,No,42177.0,160.0,17,0
320131,Female,24,1,46.0,1,< 1 Year,No,21053.0,152.0,143,0
320215,Male,25,1,41.0,0,< 1 Year,No,52822.0,152.0,97,0
320247,Female,25,1,8.0,1,< 1 Year,No,51011.0,152.0,116,0
320283,Male,71,1,36.0,0,1-2 Year,No,40679.0,26.0,242,0
320305,Male,29,1,29.0,0,1-2 Year,Yes,29412.0,124.0,22,1
320309,Male,37,1,41.0,1,1-2 Year,No,2630.0,120.0,113,0
320405,Female,22,1,15.0,1,< 1 Year,No,22751.0,160.0,236,0
320428,Male,54,1,39.0,1,1-2 Year,Yes,32325.0,124.0,141,0
320440,Female,63,1,28.0,1,1-2 Year,No,31686.0,122.0,65,0
320537,Male,47,1,35.0,0,1-2 Year,Yes,2630.0,157.0,84,1
320571,Female,24,1,8.0,1,< 1 Year,No,34060.0,152.0,210,0
320593,Male,51,1,28.0,0,> 2 Years,Yes,53547.0,124.0,268,0
320619,Female,47,1,28.0,1,1-2 Year,No,35308.0,26.0,270,0
320731,Female,29,1,42.0,1,< 1 Year,No,16633.0,152.0,136,0
320808,Male,69,1,40.0,0,1-2 Year,Yes,2630.0,26.0,217,0
320902,Male,30,1,11.0,0,< 1 Year,Yes,21111.0,152.0,191,0
320976,Female,44,1,28.0,0,1-2 Year,No,24778.0,60.0,230,0
321067,Male,63,1,28.0,1,1-2 Year,No,49142.0,124.0,108,0
321126,Male,26,1,41.0,1,< 1 Year,Yes,41390.0,152.0,111,0
321140,Female,25,1,15.0,1,< 1 Year,No,37929.0,152.0,93,0
321229,Female,74,1,41.0,0,> 2 Years,Yes,36642.0,26.0,72,0
321322,Male,38,1,21.0,0,1-2 Year,Yes,23316.0,26.0,195,1
321374,Male,28,1,28.0,0,1-2 Year,Yes,24326.0,156.0,123,1
321411,Male,30,1,8.0,1,1-2 Year,No,52389.0,7.0,247,0
321482,Male,23,1,8.0,1,< 1 Year,No,30985.0,152.0,63,0
321504,Female,69,1,48.0,1,1-2 Year,No,2630.0,124.0,236,0
321529,Female,67,1,50.0,0,> 2 Years,Yes,32625.0,154.0,155,0
321582,Male,55,1,48.0,0,1-2 Year,Yes,2630.0,31.0,235,0
321641,Female,52,1,4.0,0,1-2 Year,Yes,34808.0,156.0,152,0
321667,Female,25,1,8.0,1,< 1 Year,No,69296.0,152.0,96,0
321726,Male,47,1,28.0,0,> 2 Years,Yes,58418.0,124.0,59,0
321813,Male,25,1,14.0,1,< 1 Year,No,42425.0,152.0,236,0
321881,Male,24,1,37.0,0,< 1 Year,No,29903.0,152.0,24,0
321972,Female,23,1,27.0,0,< 1 Year,Yes,32474.0,152.0,10,1
321990,Male,49,1,33.0,0,> 2 Years,Yes,28844.0,26.0,69,1
322260,Female,23,1,37.0,0,< 1 Year,Yes,32765.0,152.0,223,0
322421,Female,22,1,32.0,0,< 1 Year,Yes,26977.0,152.0,267,1
322489,Female,28,1,29.0,0,< 1 Year,Yes,41735.0,152.0,299,0
322633,Male,42,1,11.0,0,> 2 Years,Yes,2630.0,26.0,146,0
322738,Male,25,1,6.0,1,< 1 Year,No,30255.0,152.0,225,0
322759,Female,70,1,38.0,0,1-2 Year,Yes,2630.0,124.0,239,1
322813,Female,30,1,28.0,0,1-2 Year,Yes,40434.0,163.0,103,1
322822,Female,26,1,30.0,1,< 1 Year,No,29798.0,152.0,249,0
322852,Male,22,1,34.0,0,< 1 Year,Yes,37810.0,152.0,149,0
323018,Male,51,1,28.0,0,1-2 Year,Yes,64469.0,26.0,37,1
323053,Female,60,1,9.0,1,1-2 Year,Yes,18308.0,26.0,158,0
323211,Female,29,1,4.0,0,1-2 Year,Yes,25948.0,156.0,35,0
323394,Male,76,1,28.0,1,1-2 Year,No,36539.0,26.0,138,0
323636,Female,24,1,15.0,1,< 1 Year,No,37989.0,152.0,37,0
323702,Female,23,1,28.0,1,< 1 Year,No,53124.0,152.0,173,0
323734,Female,25,1,13.0,1,< 1 Year,No,37616.0,152.0,197,0
323903,Female,23,1,45.0,1,< 1 Year,No,27484.0,152.0,153,0
323997,Male,43,1,28.0,0,1-2 Year,Yes,36769.0,124.0,85,1
324025,Male,46,1,29.0,0,1-2 Year,Yes,2630.0,26.0,26,0
324169,Male,23,1,2.0,1,< 1 Year,No,21445.0,152.0,191,0
324233,Female,20,1,2.0,0,< 1 Year,Yes,28872.0,160.0,21,0
324329,Female,68,1,28.0,0,1-2 Year,Yes,66521.0,26.0,51,0
324481,Male,29,1,3.0,1,1-2 Year,Yes,2630.0,156.0,225,0
324550,Male,22,1,41.0,0,< 1 Year,Yes,2630.0,160.0,102,0
324612,Male,57,1,28.0,0,1-2 Year,Yes,27209.0,60.0,168,1
324667,Female,25,1,25.0,1,< 1 Year,No,24746.0,152.0,192,0
324779,Male,42,1,11.0,1,1-2 Year,No,26749.0,120.0,110,0
324854,Female,42,1,50.0,0,1-2 Year,Yes,31526.0,160.0,167,0
324878,Male,23,1,33.0,1,< 1 Year,No,32965.0,152.0,95,0
324890,Male,21,1,43.0,1,< 1 Year,No,25582.0,152.0,104,0
324902,Female,25,1,26.0,1,< 1 Year,No,2630.0,152.0,246,0
324954,Female,24,1,39.0,1,< 1 Year,No,25927.0,152.0,207,0
324955,Male,73,1,28.0,0,1-2 Year,Yes,30336.0,124.0,40,0
325015,Male,39,1,18.0,0,1-2 Year,Yes,39192.0,26.0,229,0
325081,Female,22,1,30.0,1,< 1 Year,No,25411.0,152.0,253,0
325148,Female,78,1,46.0,0,1-2 Year,Yes,33586.0,11.0,299,0
325208,Male,67,1,28.0,1,1-2 Year,Yes,30838.0,124.0,197,0
325308,Male,73,1,37.0,0,1-2 Year,Yes,34563.0,124.0,196,0
325320,Female,23,1,13.0,1,< 1 Year,No,21292.0,152.0,206,0
325426,Male,43,1,15.0,0,1-2 Year,Yes,2630.0,124.0,162,0
325591,Male,43,1,8.0,0,1-2 Year,Yes,27202.0,124.0,111,0
325629,Male,21,1,3.0,1,< 1 Year,No,19337.0,160.0,178,0
325685,Female,31,1,0.0,0,1-2 Year,Yes,2630.0,26.0,114,0
325718,Female,23,1,28.0,0,1-2 Year,Yes,29627.0,154.0,171,0
325787,Male,30,1,28.0,1,< 1 Year,No,27688.0,152.0,261,0
325963,Male,53,1,28.0,1,1-2 Year,No,2630.0,26.0,256,0
325985,Female,52,1,28.0,0,> 2 Years,Yes,67522.0,26.0,110,0
326050,Female,25,1,8.0,1,< 1 Year,No,31755.0,152.0,216,0
326066,Male,26,1,28.0,0,< 1 Year,Yes,30855.0,152.0,78,0
326074,Male,40,1,29.0,0,1-2 Year,Yes,32461.0,124.0,84,1
326302,Female,23,1,47.0,1,< 1 Year,No,28423.0,152.0,28,0
326364,Male,40,1,28.0,0,1-2 Year,No,48393.0,26.0,24,0
326407,Male,51,1,41.0,0,1-2 Year,Yes,39474.0,154.0,246,1
326436,Female,28,1,28.0,1,< 1 Year,No,26433.0,152.0,146,0
326486,Male,66,1,28.0,1,1-2 Year,No,60376.0,55.0,141,0
326568,Male,36,1,36.0,0,1-2 Year,Yes,2630.0,157.0,11,0
326660,Female,40,1,28.0,1,1-2 Year,No,40342.0,26.0,231,0
326685,Male,23,1,41.0,1,< 1 Year,No,21422.0,152.0,203,0
326763,Male,25,1,30.0,1,< 1 Year,No,2630.0,152.0,73,0
326836,Male,57,1,42.0,1,1-2 Year,No,35003.0,26.0,228,0
326919,Female,25,1,34.0,1,< 1 Year,No,37883.0,152.0,160,0
326939,Female,22,1,29.0,1,< 1 Year,No,22003.0,152.0,197,0
326972,Male,46,1,10.0,0,1-2 Year,Yes,33113.0,124.0,256,1
327125,Male,58,1,30.0,0,1-2 Year,Yes,48243.0,124.0,50,0
327176,Female,38,1,15.0,0,1-2 Year,Yes,41316.0,152.0,29,0
327193,Male,46,1,11.0,0,1-2 Year,Yes,36142.0,26.0,107,0
327266,Female,47,1,8.0,0,> 2 Years,Yes,2630.0,26.0,148,1
327470,Male,33,1,11.0,0,1-2 Year,Yes,18746.0,124.0,214,0
327505,Male,39,1,8.0,0,1-2 Year,Yes,42096.0,26.0,21,0
327615,Male,27,1,35.0,1,< 1 Year,No,2630.0,160.0,164,0
327639,Male,40,1,41.0,0,1-2 Year,No,30082.0,124.0,230,0
327697,Female,64,1,28.0,0,1-2 Year,Yes,46191.0,122.0,84,0
327828,Male,71,1,9.0,0,> 2 Years,Yes,31068.0,124.0,14,0
327867,Male,25,1,11.0,1,< 1 Year,Yes,37748.0,152.0,124,0
328096,Male,72,1,20.0,0,1-2 Year,Yes,2630.0,26.0,109,1
328243,Female,24,1,30.0,1,< 1 Year,No,30347.0,152.0,50,0
328528,Male,57,1,47.0,0,1-2 Year,Yes,22629.0,124.0,46,0
328777,Female,32,1,43.0,0,< 1 Year,Yes,24445.0,124.0,162,1
328847,Female,53,1,28.0,0,1-2 Year,No,44230.0,26.0,136,0
328871,Female,35,1,8.0,0,1-2 Year,Yes,50216.0,124.0,50,0
328890,Female,43,1,41.0,0,1-2 Year,Yes,35514.0,124.0,41,0
328944,Male,23,1,28.0,0,< 1 Year,Yes,33547.0,152.0,257,0
328951,Female,43,1,28.0,0,1-2 Year,Yes,35761.0,57.0,193,1
329037,Female,24,1,11.0,1,< 1 Year,No,24763.0,152.0,78,0
329057,Male,47,1,28.0,0,1-2 Year,No,34994.0,154.0,247,1
329140,Female,24,1,16.0,1,< 1 Year,No,28108.0,152.0,247,0
329153,Male,58,1,45.0,0,1-2 Year,Yes,37625.0,26.0,47,0
329182,Female,47,1,28.0,0,1-2 Year,Yes,36675.0,26.0,108,0
329316,Male,50,1,33.0,0,1-2 Year,Yes,29596.0,124.0,260,0
329515,Male,40,1,8.0,0,1-2 Year,Yes,2630.0,156.0,63,1
329517,Male,52,1,41.0,0,1-2 Year,Yes,38094.0,26.0,22,1
329526,Male,49,1,38.0,0,1-2 Year,No,39266.0,124.0,82,0
329548,Female,45,1,28.0,0,1-2 Year,Yes,35664.0,26.0,51,0
329618,Female,50,1,49.0,0,1-2 Year,Yes,23413.0,26.0,184,0
329815,Male,23,1,16.0,0,< 1 Year,Yes,2630.0,160.0,215,0
330004,Female,22,1,46.0,1,< 1 Year,No,28129.0,152.0,175,0
330021,Male,42,1,28.0,1,1-2 Year,No,33912.0,26.0,56,0
330250,Male,68,1,15.0,0,> 2 Years,Yes,30312.0,124.0,56,0
330286,Female,24,1,26.0,0,1-2 Year,No,2630.0,157.0,98,0
330411,Male,33,1,9.0,0,< 1 Year,Yes,31614.0,124.0,143,0
330424,Female,39,1,44.0,1,1-2 Year,No,31536.0,124.0,245,0
330460,Female,27,1,10.0,0,< 1 Year,Yes,2630.0,152.0,297,0
330539,Male,24,1,11.0,0,< 1 Year,No,32068.0,152.0,58,0
330656,Female,24,1,41.0,1,< 1 Year,No,40630.0,152.0,210,0
330753,Male,39,1,41.0,0,1-2 Year,Yes,40647.0,154.0,148,1
330800,Male,36,1,28.0,0,1-2 Year,Yes,42035.0,124.0,27,0
330875,Male,25,1,28.0,0,< 1 Year,Yes,43289.0,152.0,251,0
330896,Male,56,1,47.0,1,1-2 Year,No,33609.0,26.0,227,0
330964,Male,44,1,9.0,0,1-2 Year,Yes,28119.0,25.0,292,0
331041,Male,57,1,46.0,0,1-2 Year,Yes,30852.0,26.0,211,1
331270,Male,21,1,30.0,1,< 1 Year,Yes,23827.0,160.0,26,0
331481,Female,60,1,20.0,0,1-2 Year,Yes,2630.0,124.0,211,0
331489,Female,63,1,28.0,1,1-2 Year,No,41872.0,153.0,40,0
331508,Female,24,1,46.0,1,< 1 Year,No,42223.0,152.0,90,0
331702,Male,47,1,24.0,0,1-2 Year,Yes,41698.0,124.0,100,0
331816,Female,70,1,28.0,0,1-2 Year,Yes,50041.0,154.0,232,1
331850,Male,44,1,1.0,0,1-2 Year,Yes,2630.0,124.0,240,0
331947,Male,48,1,28.0,0,1-2 Year,Yes,35074.0,26.0,158,0
331977,Female,20,1,28.0,0,1-2 Year,Yes,44788.0,157.0,77,0
332100,Male,62,1,28.0,1,1-2 Year,Yes,32777.0,26.0,225,0
332294,Male,30,1,30.0,1,< 1 Year,No,2630.0,152.0,153,0
332341,Male,73,1,28.0,0,1-2 Year,No,44227.0,26.0,117,0
332413,Female,36,1,8.0,0,1-2 Year,Yes,2630.0,157.0,120,1
332457,Male,48,1,28.0,1,1-2 Year,No,48943.0,26.0,119,0
332515,Female,23,1,25.0,1,< 1 Year,No,34463.0,152.0,99,0
332599,Male,75,1,28.0,1,1-2 Year,No,26341.0,124.0,209,0
332717,Male,80,1,15.0,0,1-2 Year,No,38011.0,124.0,56,0
332719,Female,22,1,8.0,1,< 1 Year,No,34624.0,152.0,150,0
332876,Male,66,1,36.0,1,1-2 Year,Yes,2630.0,26.0,77,0
332908,Female,30,1,35.0,1,< 1 Year,No,33105.0,152.0,245,0
332986,Male,30,1,46.0,0,< 1 Year,Yes,2630.0,156.0,238,0
333007,Male,59,1,28.0,0,> 2 Years,Yes,45426.0,26.0,16,0
333026,Male,21,1,30.0,0,< 1 Year,No,28156.0,152.0,44,0
333127,Female,56,1,48.0,0,1-2 Year,Yes,2630.0,124.0,294,0
333242,Female,24,1,45.0,1,< 1 Year,No,28540.0,152.0,276,0
333524,Female,24,1,41.0,1,< 1 Year,No,33342.0,152.0,257,0
333539,Female,24,1,46.0,1,< 1 Year,No,27915.0,152.0,185,0
333566,Female,39,1,28.0,1,1-2 Year,No,28668.0,59.0,94,0
333901,Male,36,1,21.0,0,1-2 Year,Yes,29496.0,163.0,73,0
333926,Female,40,1,20.0,1,1-2 Year,No,2630.0,26.0,123,0
334003,Male,61,1,28.0,0,1-2 Year,Yes,52191.0,124.0,100,0
334020,Male,24,1,20.0,1,< 1 Year,No,2630.0,160.0,271,0
334054,Female,47,1,28.0,0,1-2 Year,Yes,30579.0,124.0,49,0
334179,Female,24,1,46.0,0,< 1 Year,Yes,32639.0,152.0,291,0
334251,Female,54,1,8.0,0,1-2 Year,Yes,33672.0,26.0,164,1
334253,Male,58,1,2.0,1,1-2 Year,Yes,31851.0,26.0,235,0
334325,Male,29,1,6.0,1,1-2 Year,No,18576.0,124.0,172,0
334417,Male,50,1,6.0,0,1-2 Year,Yes,24999.0,26.0,209,1
334479,Male,49,1,28.0,1,1-2 Year,No,39191.0,124.0,296,0
334595,Male,26,1,46.0,1,< 1 Year,No,38618.0,152.0,162,0
334768,Female,37,1,32.0,1,1-2 Year,No,34199.0,138.0,152,0
334880,Female,39,1,28.0,1,1-2 Year,No,31568.0,26.0,195,0
334964,Female,22,1,36.0,1,< 1 Year,No,32416.0,152.0,285,0
335078,Male,74,1,28.0,0,1-2 Year,Yes,46808.0,125.0,216,0
335086,Male,24,1,15.0,1,< 1 Year,No,41189.0,152.0,248,0
335114,Male,43,1,20.0,0,1-2 Year,Yes,2630.0,124.0,134,0
335131,Female,40,1,43.0,1,1-2 Year,No,28786.0,26.0,190,0
335212,Male,37,1,30.0,0,1-2 Year,Yes,38103.0,124.0,56,0
335434,Male,51,1,50.0,0,1-2 Year,Yes,2630.0,163.0,134,1
335514,Female,21,1,36.0,1,< 1 Year,No,32678.0,152.0,280,0
335588,Male,22,1,45.0,1,< 1 Year,No,23045.0,152.0,283,0
335614,Male,44,1,28.0,0,1-2 Year,Yes,33007.0,124.0,251,0
335649,Female,53,1,28.0,1,1-2 Year,No,30567.0,124.0,260,0
335721,Male,41,1,31.0,0,1-2 Year,Yes,2630.0,124.0,259,0
335751,Male,61,1,18.0,0,1-2 Year,Yes,2630.0,124.0,169,0
335911,Male,47,1,15.0,0,1-2 Year,Yes,29010.0,26.0,57,1
336017,Male,51,1,28.0,0,1-2 Year,Yes,39728.0,26.0,56,0
336047,Male,48,1,30.0,1,1-2 Year,No,31303.0,152.0,112,0
336072,Female,24,1,46.0,1,< 1 Year,No,2630.0,160.0,226,0
336087,Male,23,1,41.0,1,< 1 Year,No,28890.0,152.0,203,0
336145,Male,22,1,8.0,1,< 1 Year,No,45288.0,160.0,14,0
336157,Male,25,1,33.0,1,< 1 Year,No,19193.0,152.0,195,0
336173,Male,54,1,47.0,0,1-2 Year,Yes,27723.0,157.0,81,0
336286,Male,50,1,26.0,0,> 2 Years,Yes,2630.0,26.0,286,0
336303,Female,41,1,28.0,0,1-2 Year,Yes,28088.0,26.0,30,1
336327,Female,23,1,15.0,1,< 1 Year,No,27215.0,152.0,195,0
336602,Female,22,1,8.0,0,< 1 Year,Yes,37604.0,152.0,109,0
336745,Female,30,1,36.0,0,< 1 Year,Yes,38863.0,160.0,197,0
336759,Male,29,1,8.0,1,1-2 Year,No,48125.0,124.0,88,0
336765,Male,32,1,21.0,1,< 1 Year,No,2630.0,152.0,151,0
336877,Male,61,1,28.0,0,1-2 Year,Yes,55903.0,122.0,215,1
336879,Male,43,1,14.0,1,1-2 Year,No,32100.0,26.0,241,0
336918,Female,24,1,29.0,1,< 1 Year,No,32832.0,152.0,260,0
336946,Male,49,1,28.0,0,1-2 Year,Yes,30135.0,124.0,181,1
337044,Male,24,1,10.0,1,< 1 Year,No,34171.0,152.0,274,0
337098,Female,29,1,8.0,1,< 1 Year,No,29606.0,152.0,239,0
337164,Female,24,1,29.0,1,< 1 Year,No,39632.0,152.0,15,0
337331,Male,48,1,28.0,0,1-2 Year,Yes,40309.0,26.0,80,1
337449,Male,44,1,3.0,0,1-2 Year,No,2630.0,26.0,129,1
337516,Female,27,1,8.0,1,< 1 Year,No,34396.0,152.0,223,0
337540,Male,60,1,24.0,0,> 2 Years,Yes,23382.0,26.0,79,0
337550,Female,22,1,46.0,1,< 1 Year,No,24101.0,160.0,167,0
337575,Female,27,1,14.0,1,< 1 Year,No,31982.0,152.0,153,0
337697,Female,66,1,28.0,0,1-2 Year,Yes,45428.0,124.0,237,0
337898,Female,57,1,28.0,0,1-2 Year,Yes,34649.0,26.0,70,0
337953,Female,23,1,4.0,1,< 1 Year,No,26168.0,152.0,96,0
338000,Male,68,1,28.0,1,1-2 Year,No,45027.0,26.0,28,0
338023,Male,21,1,5.0,1,< 1 Year,No,26934.0,160.0,59,0
338112,Male,43,1,50.0,1,1-2 Year,No,37065.0,124.0,166,0
338263,Female,34,1,52.0,0,1-2 Year,Yes,42237.0,26.0,299,0
338301,Male,66,1,8.0,0,1-2 Year,Yes,39726.0,124.0,27,0
338327,Female,22,1,23.0,1,< 1 Year,No,18444.0,152.0,24,0
338412,Male,41,1,40.0,0,1-2 Year,Yes,40390.0,157.0,156,1
338497,Male,50,1,28.0,0,> 2 Years,Yes,48215.0,26.0,131,0
338507,Female,24,1,37.0,0,< 1 Year,No,37754.0,152.0,109,0
338554,Male,35,1,8.0,1,1-2 Year,No,2630.0,157.0,46,0
338571,Male,52,1,28.0,0,1-2 Year,Yes,29761.0,26.0,155,1
338587,Male,73,1,28.0,1,1-2 Year,No,29205.0,12.0,263,0
338689,Male,28,1,35.0,0,< 1 Year,Yes,44025.0,152.0,82,0
338714,Male,66,1,28.0,1,1-2 Year,No,31010.0,26.0,62,0
338739,Female,24,1,33.0,1,< 1 Year,No,26299.0,152.0,276,0
338895,Female,25,1,41.0,1,< 1 Year,No,39237.0,152.0,177,0
338954,Female,22,1,28.0,0,1-2 Year,Yes,2630.0,124.0,196,0
339213,Female,33,1,28.0,1,< 1 Year,No,35085.0,152.0,148,0
339281,Male,46,1,46.0,0,1-2 Year,Yes,27856.0,163.0,77,1
339321,Female,46,1,41.0,0,1-2 Year,Yes,24405.0,26.0,47,0
339407,Female,30,1,28.0,0,< 1 Year,Yes,56584.0,152.0,95,0
339436,Male,22,1,11.0,1,< 1 Year,No,22785.0,160.0,217,0
339460,Female,35,1,15.0,0,1-2 Year,No,38365.0,152.0,121,0
339502,Male,27,1,28.0,1,< 1 Year,No,51009.0,152.0,145,0
339589,Female,42,1,28.0,0,1-2 Year,Yes,40724.0,124.0,263,0
339661,Male,54,1,28.0,1,1-2 Year,No,41984.0,26.0,116,0
339818,Male,55,1,28.0,0,1-2 Year,No,2630.0,26.0,215,0
339836,Female,31,1,15.0,0,< 1 Year,Yes,29481.0,14.0,60,0
339854,Male,22,1,30.0,1,< 1 Year,No,34188.0,152.0,41,0
339886,Female,21,1,47.0,0,< 1 Year,Yes,26538.0,160.0,156,0
339914,Male,21,1,30.0,1,< 1 Year,No,25743.0,160.0,116,0
339926,Female,70,1,28.0,0,1-2 Year,Yes,32267.0,26.0,63,0
340018,Female,42,1,8.0,0,1-2 Year,Yes,67270.0,124.0,92,0
340069,Male,72,1,28.0,1,1-2 Year,No,2630.0,122.0,36,0
340191,Male,60,1,28.0,1,1-2 Year,No,50204.0,30.0,240,0
340204,Male,24,1,28.0,1,< 1 Year,No,50029.0,152.0,28,0
340291,Female,46,1,28.0,0,1-2 Year,Yes,34979.0,157.0,155,0
340298,Female,26,1,9.0,1,< 1 Year,No,36180.0,152.0,127,0
340309,Female,29,1,28.0,1,< 1 Year,No,29574.0,152.0,194,0
340341,Female,35,1,8.0,0,1-2 Year,Yes,2630.0,156.0,248,0
340411,Male,56,1,28.0,0,> 2 Years,Yes,25195.0,124.0,47,0
340634,Male,38,1,7.0,0,> 2 Years,Yes,43142.0,26.0,258,1
340654,Female,28,1,46.0,1,< 1 Year,No,30954.0,152.0,53,0
340740,Male,30,1,0.0,1,< 1 Year,No,2630.0,152.0,239,0
340967,Female,22,1,44.0,1,< 1 Year,No,30251.0,26.0,121,0
340976,Female,22,1,28.0,0,< 1 Year,Yes,48020.0,152.0,186,0
341055,Female,29,1,28.0,0,< 1 Year,Yes,50164.0,31.0,102,1
341082,Male,61,1,28.0,0,1-2 Year,Yes,46562.0,26.0,254,0
341086,Male,63,1,11.0,0,1-2 Year,Yes,35115.0,124.0,178,0
341153,Male,20,1,22.0,0,< 1 Year,Yes,31219.0,160.0,114,0
341163,Female,36,1,2.0,0,1-2 Year,Yes,34714.0,156.0,183,0
341194,Female,40,1,28.0,0,1-2 Year,Yes,29354.0,122.0,193,0
341251,Male,54,1,28.0,0,1-2 Year,Yes,2630.0,26.0,271,0
341824,Female,37,1,28.0,0,1-2 Year,Yes,38976.0,124.0,168,0
341876,Male,25,1,21.0,0,< 1 Year,No,26389.0,152.0,165,0
341917,Male,42,1,20.0,1,1-2 Year,No,2630.0,13.0,120,0
342142,Male,41,1,28.0,0,1-2 Year,Yes,47839.0,26.0,29,1
342201,Male,31,1,41.0,1,< 1 Year,No,22101.0,152.0,164,0
342229,Male,49,1,46.0,1,1-2 Year,No,23335.0,152.0,224,0
342269,Female,21,1,36.0,0,< 1 Year,Yes,31691.0,160.0,19,0
342274,Female,45,1,41.0,0,1-2 Year,Yes,39672.0,26.0,281,1
342306,Male,70,1,8.0,1,1-2 Year,No,60636.0,26.0,160,0
342534,Male,60,1,11.0,0,1-2 Year,Yes,29564.0,154.0,72,0
342555,Female,23,1,47.0,1,< 1 Year,No,33479.0,152.0,202,0
342616,Male,28,1,43.0,1,< 1 Year,No,36792.0,152.0,278,0
342714,Male,48,1,8.0,0,1-2 Year,Yes,48172.0,124.0,20,0
342734,Female,31,1,30.0,0,< 1 Year,Yes,42393.0,151.0,56,0
342849,Male,21,1,29.0,1,< 1 Year,No,31231.0,152.0,241,0
342932,Male,42,1,2.0,1,1-2 Year,No,29190.0,30.0,60,0
342936,Male,31,1,28.0,1,< 1 Year,No,2630.0,1.0,280,0
343025,Female,22,1,12.0,1,< 1 Year,No,24993.0,152.0,250,0
343097,Female,68,1,28.0,0,1-2 Year,Yes,2630.0,26.0,288,0
343239,Male,36,1,49.0,0,1-2 Year,Yes,29868.0,124.0,116,1
343263,Male,46,1,12.0,0,1-2 Year,Yes,32839.0,124.0,54,0
343344,Female,21,1,41.0,0,< 1 Year,No,2630.0,1.0,216,0
343381,Female,25,1,32.0,1,< 1 Year,No,29904.0,151.0,199,0
343397,Female,64,1,28.0,0,1-2 Year,Yes,31515.0,156.0,149,0
343483,Female,24,1,16.0,1,< 1 Year,No,25642.0,152.0,74,0
343528,Male,56,1,8.0,0,1-2 Year,Yes,40752.0,7.0,285,0
343783,Male,22,1,47.0,0,< 1 Year,Yes,40550.0,152.0,211,0
343802,Female,24,1,29.0,1,< 1 Year,No,40912.0,152.0,189,0
343807,Female,22,1,47.0,0,< 1 Year,Yes,27641.0,152.0,177,0
343812,Female,21,1,29.0,0,< 1 Year,Yes,2630.0,124.0,81,1
343905,Male,44,1,28.0,0,1-2 Year,Yes,35172.0,26.0,75,0
344004,Female,72,1,41.0,1,1-2 Year,No,37553.0,26.0,173,0
344040,Male,69,1,13.0,0,1-2 Year,No,2630.0,26.0,59,0
344042,Female,44,1,28.0,1,1-2 Year,No,37620.0,26.0,230,0
344045,Male,25,1,29.0,1,< 1 Year,No,31314.0,152.0,104,0
344051,Male,32,1,28.0,0,1-2 Year,Yes,35741.0,124.0,258,0
344061,Male,22,1,11.0,1,< 1 Year,No,25452.0,152.0,78,0
344063,Female,25,1,28.0,1,< 1 Year,Yes,54527.0,152.0,271,0
344074,Female,21,1,2.0,0,< 1 Year,Yes,34310.0,160.0,129,1
344107,Female,35,1,28.0,0,1-2 Year,No,54645.0,124.0,279,0
344171,Female,72,1,7.0,0,> 2 Years,Yes,2630.0,31.0,238,0
344319,Female,52,1,28.0,0,1-2 Year,Yes,29328.0,122.0,114,0
344419,Female,25,1,29.0,1,< 1 Year,No,32374.0,152.0,291,0
344500,Male,25,1,27.0,1,< 1 Year,No,32343.0,152.0,79,0
344555,Male,34,1,28.0,0,> 2 Years,Yes,73384.0,23.0,96,0
344631,Male,47,1,35.0,0,1-2 Year,Yes,26258.0,124.0,99,0
344647,Male,45,1,47.0,0,1-2 Year,Yes,35734.0,26.0,24,1
344672,Female,79,1,18.0,1,1-2 Year,No,30709.0,124.0,261,0
344687,Female,52,1,28.0,1,1-2 Year,Yes,44773.0,122.0,238,0
344688,Male,42,1,28.0,0,1-2 Year,No,37228.0,26.0,79,0
344847,Male,22,1,11.0,1,< 1 Year,No,47511.0,152.0,57,0
345099,Male,21,1,46.0,1,< 1 Year,No,25869.0,160.0,211,0
345165,Male,49,1,46.0,1,1-2 Year,No,33142.0,124.0,223,0
345225,Female,46,1,41.0,0,1-2 Year,Yes,42123.0,124.0,245,0
345422,Female,66,1,28.0,1,1-2 Year,No,49581.0,26.0,203,0
345484,Female,44,1,28.0,0,> 2 Years,Yes,49997.0,26.0,96,0
345513,Female,26,1,35.0,1,< 1 Year,No,31864.0,152.0,96,0
345537,Female,53,1,46.0,1,1-2 Year,No,33001.0,124.0,254,0
345567,Female,67,1,49.0,1,1-2 Year,No,2630.0,16.0,103,0
345677,Female,44,1,28.0,0,1-2 Year,Yes,42568.0,124.0,295,1
345793,Male,26,1,47.0,1,< 1 Year,No,35573.0,152.0,241,0
345811,Male,48,1,28.0,0,1-2 Year,Yes,47951.0,26.0,238,0
345818,Female,22,1,41.0,1,< 1 Year,No,51307.0,152.0,141,0
345819,Female,24,1,13.0,1,< 1 Year,No,24830.0,151.0,79,0
345846,Female,23,1,41.0,1,< 1 Year,No,26251.0,152.0,50,0
345862,Male,22,1,30.0,1,< 1 Year,No,36593.0,152.0,90,0
345937,Female,57,1,28.0,1,1-2 Year,No,33906.0,26.0,99,0
345973,Female,22,1,46.0,1,< 1 Year,No,36309.0,152.0,205,0
346100,Male,24,1,41.0,1,< 1 Year,No,34615.0,152.0,145,0
346124,Female,21,1,15.0,1,< 1 Year,No,35727.0,160.0,49,0
346329,Female,63,1,28.0,0,1-2 Year,Yes,80276.0,26.0,266,0
346387,Female,26,1,34.0,0,< 1 Year,Yes,2630.0,154.0,74,0
346473,Female,24,1,3.0,1,1-2 Year,No,25492.0,124.0,193,0
346533,Male,33,1,29.0,1,< 1 Year,No,72880.0,152.0,148,0
346580,Male,62,1,28.0,0,1-2 Year,Yes,35441.0,124.0,282,0
346814,Male,44,1,28.0,0,1-2 Year,Yes,49260.0,26.0,272,0
346971,Male,27,1,3.0,1,< 1 Year,No,39207.0,152.0,70,0
346977,Female,28,1,16.0,0,< 1 Year,Yes,2630.0,160.0,94,0
347012,Female,25,1,6.0,0,< 1 Year,Yes,39382.0,152.0,277,0
347013,Female,25,1,6.0,1,< 1 Year,No,2630.0,152.0,222,0
347066,Female,43,1,8.0,1,1-2 Year,No,41878.0,124.0,96,0
347144,Male,21,1,3.0,1,< 1 Year,No,26960.0,152.0,234,0
347198,Male,45,1,28.0,0,1-2 Year,Yes,35715.0,124.0,38,1
347301,Female,25,1,27.0,1,< 1 Year,Yes,28722.0,152.0,295,0
347325,Male,46,1,48.0,0,1-2 Year,Yes,2630.0,124.0,197,0
347379,Female,37,1,45.0,0,1-2 Year,Yes,33796.0,124.0,220,0
347487,Female,78,1,28.0,0,1-2 Year,Yes,51821.0,26.0,173,0
347543,Male,56,1,8.0,1,1-2 Year,No,32728.0,26.0,249,0
347609,Female,23,1,46.0,0,< 1 Year,Yes,26626.0,152.0,227,0
347657,Female,50,1,36.0,0,1-2 Year,Yes,34978.0,26.0,118,0
347703,Male,31,1,28.0,1,1-2 Year,No,57253.0,22.0,134,0
347726,Male,27,1,8.0,1,< 1 Year,No,2630.0,160.0,167,0
347727,Female,28,1,29.0,0,< 1 Year,Yes,40319.0,152.0,244,0
347729,Female,29,1,28.0,0,< 1 Year,Yes,2630.0,156.0,124,0
347815,Female,22,1,28.0,1,< 1 Year,Yes,49010.0,152.0,158,0
348108,Female,29,1,6.0,0,< 1 Year,Yes,28763.0,152.0,187,0
348168,Female,46,1,28.0,1,1-2 Year,No,38099.0,26.0,173,0
348248,Male,24,1,45.0,0,1-2 Year,Yes,33136.0,26.0,279,1
348282,Male,38,1,41.0,0,1-2 Year,Yes,31866.0,157.0,164,1
348365,Male,41,1,15.0,1,1-2 Year,No,41527.0,124.0,40,0
348424,Female,20,1,46.0,1,< 1 Year,No,43214.0,160.0,58,0
348613,Male,23,1,29.0,1,< 1 Year,No,35640.0,152.0,42,0
348640,Female,26,1,12.0,1,< 1 Year,No,2630.0,152.0,274,0
348855,Male,21,1,36.0,1,< 1 Year,No,43073.0,160.0,183,0
348924,Female,67,1,29.0,0,1-2 Year,Yes,32992.0,152.0,233,0
348991,Female,24,1,14.0,1,< 1 Year,No,18462.0,152.0,137,0
349052,Female,26,1,41.0,1,< 1 Year,No,31825.0,152.0,60,0
349220,Female,29,1,46.0,0,< 1 Year,Yes,37464.0,156.0,59,1
349244,Male,49,1,8.0,0,1-2 Year,Yes,44397.0,124.0,89,0
349397,Female,23,1,30.0,0,< 1 Year,Yes,23069.0,152.0,194,0
349413,Male,75,1,28.0,0,1-2 Year,Yes,39729.0,26.0,130,0
349510,Male,36,1,3.0,1,1-2 Year,No,2630.0,160.0,95,0
349556,Male,52,1,28.0,1,1-2 Year,No,31081.0,26.0,154,0
349597,Male,50,1,28.0,1,1-2 Year,No,47712.0,26.0,120,0
349603,Female,37,1,14.0,0,1-2 Year,Yes,25982.0,124.0,183,0
349635,Male,28,1,8.0,0,< 1 Year,No,94327.0,152.0,43,0
349772,Female,23,1,23.0,0,< 1 Year,Yes,28560.0,152.0,238,0
349781,Male,49,1,35.0,0,1-2 Year,Yes,37492.0,124.0,191,0
349895,Female,51,1,28.0,1,1-2 Year,No,58272.0,26.0,169,0
350111,Male,21,1,28.0,0,1-2 Year,Yes,38156.0,154.0,137,0
350117,Male,20,1,46.0,1,< 1 Year,No,33721.0,160.0,109,0
350200,Female,25,1,18.0,1,< 1 Year,No,44567.0,152.0,184,0
350298,Female,21,1,8.0,0,< 1 Year,Yes,52853.0,160.0,144,0
350362,Female,30,1,46.0,1,< 1 Year,No,32339.0,152.0,91,0
350466,Female,40,1,41.0,0,1-2 Year,No,23745.0,124.0,265,0
350506,Female,27,1,21.0,1,< 1 Year,No,21831.0,152.0,248,0
350561,Male,51,1,28.0,0,> 2 Years,Yes,25546.0,26.0,131,1
350574,Female,50,1,28.0,0,> 2 Years,Yes,2630.0,122.0,237,0
350677,Female,28,1,28.0,0,1-2 Year,No,28201.0,26.0,156,0
350718,Female,28,1,2.0,0,< 1 Year,Yes,2630.0,163.0,157,1
350752,Male,49,1,8.0,0,1-2 Year,Yes,37757.0,26.0,237,0
350766,Male,30,1,28.0,0,< 1 Year,No,26201.0,152.0,156,0
350907,Male,27,1,11.0,1,< 1 Year,No,2630.0,152.0,80,0
350964,Female,50,1,46.0,1,1-2 Year,No,2630.0,11.0,246,0
350998,Female,46,1,28.0,1,1-2 Year,No,35390.0,26.0,42,0
351020,Male,77,1,28.0,0,1-2 Year,No,45187.0,26.0,31,0
351029,Male,52,1,7.0,0,> 2 Years,Yes,2630.0,156.0,133,0
351163,Female,23,1,43.0,0,< 1 Year,Yes,43554.0,152.0,136,0
351325,Male,23,1,4.0,1,< 1 Year,No,30852.0,152.0,284,0
351352,Male,42,1,40.0,0,1-2 Year,No,30035.0,122.0,59,0
351372,Female,25,1,36.0,0,< 1 Year,Yes,25754.0,152.0,295,0
351460,Male,53,1,2.0,0,1-2 Year,Yes,28246.0,124.0,155,0
351549,Male,61,1,50.0,0,1-2 Year,Yes,25443.0,18.0,122,0
351660,Female,22,1,8.0,1,< 1 Year,No,26133.0,152.0,90,0
351662,Female,25,1,15.0,0,< 1 Year,Yes,2630.0,160.0,281,0
351693,Male,30,1,50.0,0,1-2 Year,Yes,33584.0,156.0,71,1
351764,Male,71,1,46.0,1,1-2 Year,No,2630.0,30.0,32,0
351785,Female,21,1,47.0,1,< 1 Year,No,2630.0,152.0,225,0
351789,Female,29,1,41.0,0,< 1 Year,Yes,2630.0,152.0,143,0
352072,Female,26,1,28.0,1,< 1 Year,No,25866.0,152.0,241,0
352115,Male,68,1,8.0,1,1-2 Year,No,36191.0,152.0,130,0
352365,Male,23,1,33.0,1,< 1 Year,No,35071.0,152.0,136,0
352393,Male,69,1,31.0,0,1-2 Year,Yes,2630.0,124.0,290,0
352496,Male,51,1,29.0,0,1-2 Year,No,23038.0,26.0,80,0
352664,Male,53,1,8.0,1,1-2 Year,No,33436.0,26.0,98,0
352678,Female,63,1,28.0,1,1-2 Year,No,27515.0,26.0,148,0
352757,Male,48,1,0.0,0,1-2 Year,Yes,2630.0,26.0,14,1
353022,Male,46,1,8.0,1,1-2 Year,No,36196.0,26.0,247,0
353098,Female,24,1,41.0,1,< 1 Year,No,36932.0,152.0,182,0
353125,Female,22,1,25.0,1,< 1 Year,No,21949.0,152.0,67,0
353174,Male,56,1,48.0,1,1-2 Year,No,2630.0,124.0,21,0
353258,Male,33,1,8.0,0,1-2 Year,Yes,2630.0,124.0,54,1
353263,Female,48,1,22.0,0,1-2 Year,Yes,47922.0,124.0,152,0
353414,Female,50,1,11.0,0,1-2 Year,Yes,43249.0,124.0,57,0
353421,Male,32,1,38.0,1,1-2 Year,Yes,2630.0,154.0,96,0
353484,Male,29,1,32.0,1,< 1 Year,No,32980.0,152.0,76,0
353766,Male,22,1,46.0,0,< 1 Year,Yes,35116.0,152.0,144,0
353922,Female,28,1,8.0,1,< 1 Year,No,42753.0,152.0,169,0
353934,Female,44,1,45.0,0,1-2 Year,Yes,29948.0,26.0,73,0
354040,Male,45,1,28.0,1,1-2 Year,No,35791.0,124.0,81,0
354075,Female,42,1,1.0,0,1-2 Year,Yes,2630.0,124.0,269,0
354106,Female,42,1,23.0,0,1-2 Year,Yes,32686.0,125.0,107,1
354207,Female,29,1,30.0,1,< 1 Year,No,24564.0,152.0,282,0
354418,Male,41,1,15.0,0,1-2 Year,No,41665.0,152.0,178,0
354429,Female,49,1,50.0,1,1-2 Year,No,33543.0,8.0,260,0
354553,Female,22,1,19.0,1,< 1 Year,No,2630.0,160.0,257,0
354603,Female,36,1,15.0,0,1-2 Year,Yes,43306.0,122.0,216,0
354631,Male,34,1,28.0,1,1-2 Year,No,44972.0,152.0,155,0
354818,Female,22,1,36.0,0,< 1 Year,No,34453.0,152.0,292,0
354844,Male,22,1,21.0,1,< 1 Year,No,56111.0,152.0,204,0
354845,Female,24,1,34.0,1,< 1 Year,No,19918.0,152.0,258,0
354969,Female,24,1,47.0,0,< 1 Year,Yes,34479.0,160.0,103,0
355012,Male,63,1,46.0,1,1-2 Year,No,28167.0,152.0,258,0
355112,Female,24,1,15.0,0,< 1 Year,Yes,32401.0,151.0,109,0
355123,Female,20,1,34.0,1,< 1 Year,No,2630.0,160.0,117,0
355134,Male,43,1,8.0,0,1-2 Year,Yes,38247.0,26.0,274,0
355137,Male,54,1,48.0,1,1-2 Year,No,2630.0,26.0,235,0
355213,Male,69,1,28.0,0,1-2 Year,Yes,26293.0,26.0,242,0
355263,Male,31,1,50.0,0,< 1 Year,No,29464.0,152.0,202,0
355339,Male,54,1,46.0,1,1-2 Year,No,36284.0,30.0,231,0
355478,Female,30,1,28.0,1,< 1 Year,No,2630.0,152.0,267,0
355485,Female,51,1,28.0,1,1-2 Year,No,26245.0,26.0,228,0
355551,Male,42,1,41.0,1,1-2 Year,No,38986.0,12.0,264,0
355711,Female,21,1,47.0,0,< 1 Year,Yes,26810.0,160.0,262,0
355950,Male,41,1,46.0,0,1-2 Year,Yes,2630.0,124.0,171,1
356067,Male,51,1,8.0,1,1-2 Year,No,48335.0,26.0,90,0
356226,Male,23,1,4.0,0,1-2 Year,Yes,31799.0,124.0,232,0
356454,Female,44,1,28.0,0,1-2 Year,Yes,38347.0,13.0,233,0
356541,Male,56,1,12.0,1,1-2 Year,No,36659.0,124.0,176,0
356568,Female,55,1,28.0,0,1-2 Year,Yes,32957.0,26.0,228,0
356610,Female,25,1,8.0,1,< 1 Year,No,44186.0,152.0,264,0
356796,Female,46,1,13.0,0,1-2 Year,Yes,24184.0,124.0,159,1
356943,Female,28,1,28.0,0,1-2 Year,Yes,33985.0,156.0,98,1
357033,Male,26,1,35.0,1,< 1 Year,No,24508.0,152.0,267,0
357051,Male,25,1,41.0,1,< 1 Year,No,34366.0,152.0,196,0
357059,Male,26,1,37.0,0,< 1 Year,No,36132.0,152.0,239,0
357062,Female,40,1,2.0,0,1-2 Year,Yes,34957.0,152.0,55,0
357093,Male,44,1,8.0,0,1-2 Year,No,38109.0,156.0,150,0
357147,Male,38,1,16.0,1,1-2 Year,No,36121.0,152.0,71,0
357200,Female,66,1,35.0,0,1-2 Year,Yes,31900.0,26.0,278,0
357246,Female,27,1,17.0,1,< 1 Year,No,2630.0,160.0,53,0
357485,Male,47,1,28.0,0,1-2 Year,Yes,36464.0,124.0,35,0
357497,Male,42,1,41.0,0,1-2 Year,No,2630.0,156.0,10,0
357651,Female,41,1,39.0,0,1-2 Year,Yes,41980.0,124.0,256,0
357734,Male,27,1,11.0,1,< 1 Year,No,28438.0,152.0,234,0
357759,Female,28,1,15.0,0,< 1 Year,No,44611.0,152.0,191,0
357899,Female,47,1,8.0,0,> 2 Years,Yes,50158.0,26.0,162,1
357931,Female,26,1,28.0,1,< 1 Year,No,25359.0,152.0,75,0
357968,Male,31,1,11.0,1,< 1 Year,No,28669.0,152.0,282,0
357988,Male,27,1,29.0,1,< 1 Year,No,32632.0,152.0,178,0
358179,Male,37,1,10.0,1,1-2 Year,No,2630.0,24.0,217,0
358195,Female,34,1,21.0,1,1-2 Year,No,26509.0,152.0,297,0
358257,Female,65,1,28.0,1,1-2 Year,No,45073.0,122.0,275,0
358278,Female,24,1,9.0,0,< 1 Year,Yes,27859.0,152.0,68,0
358338,Male,45,1,30.0,0,1-2 Year,Yes,2630.0,157.0,248,1
358408,Female,21,1,2.0,1,< 1 Year,Yes,26152.0,152.0,257,0
358513,Female,21,1,47.0,1,< 1 Year,Yes,22230.0,152.0,279,0
358582,Male,55,1,41.0,0,1-2 Year,Yes,2630.0,124.0,63,0
358649,Female,39,1,39.0,0,1-2 Year,Yes,2630.0,26.0,260,1
358823,Male,25,1,41.0,1,< 1 Year,No,31476.0,152.0,241,0
358871,Female,22,1,11.0,1,< 1 Year,No,21519.0,152.0,26,0
358908,Male,58,1,6.0,0,1-2 Year,Yes,39681.0,124.0,131,0
358921,Female,40,1,41.0,1,1-2 Year,No,2630.0,124.0,222,0
358923,Male,23,1,46.0,1,< 1 Year,No,27048.0,152.0,229,0
358980,Female,54,1,25.0,1,1-2 Year,No,21096.0,124.0,98,0
359203,Male,31,1,51.0,0,< 1 Year,Yes,2630.0,26.0,241,1
359240,Male,40,1,41.0,0,1-2 Year,Yes,30476.0,124.0,178,0
359329,Male,51,1,18.0,0,1-2 Year,Yes,31896.0,124.0,53,0
359433,Female,65,1,28.0,0,1-2 Year,Yes,60152.0,124.0,190,0
359436,Male,68,1,41.0,1,1-2 Year,No,32141.0,26.0,28,0
359453,Female,24,1,8.0,1,< 1 Year,No,50057.0,152.0,249,0
359510,Female,81,1,48.0,0,1-2 Year,Yes,2630.0,26.0,52,0
359551,Male,73,1,3.0,0,1-2 Year,Yes,2630.0,26.0,291,0
359607,Male,39,1,11.0,0,1-2 Year,Yes,25893.0,124.0,217,0
359754,Female,25,1,8.0,1,< 1 Year,No,40659.0,152.0,291,0
359779,Female,31,1,46.0,1,< 1 Year,No,27373.0,152.0,114,0
359804,Female,24,1,6.0,1,< 1 Year,No,34260.0,152.0,258,0
360005,Male,23,1,28.0,1,< 1 Year,Yes,28463.0,152.0,15,0
360021,Male,60,1,28.0,0,1-2 Year,Yes,40159.0,13.0,100,0
360073,Male,58,1,8.0,1,1-2 Year,No,32700.0,124.0,203,0
360102,Male,67,1,15.0,0,1-2 Year,Yes,28123.0,122.0,78,0
360149,Female,50,1,28.0,0,1-2 Year,Yes,40013.0,26.0,15,1
360184,Female,79,1,11.0,0,1-2 Year,Yes,45691.0,26.0,180,0
360273,Male,36,1,19.0,0,1-2 Year,Yes,2630.0,157.0,162,0
360301,Female,21,1,6.0,1,< 1 Year,No,21773.0,160.0,67,0
360342,Female,44,1,28.0,0,1-2 Year,Yes,67899.0,42.0,61,0
360390,Male,61,1,11.0,0,1-2 Year,Yes,27370.0,26.0,199,0
360466,Female,66,1,28.0,1,1-2 Year,No,67396.0,124.0,255,0
360545,Female,22,1,22.0,1,< 1 Year,No,31692.0,152.0,231,0
360547,Male,45,1,28.0,1,1-2 Year,Yes,67465.0,26.0,188,0
360630,Male,24,1,16.0,0,< 1 Year,Yes,30587.0,26.0,254,0
360676,Male,47,1,28.0,0,1-2 Year,Yes,62122.0,26.0,259,0
360686,Male,57,1,28.0,0,1-2 Year,Yes,35013.0,124.0,118,0
360716,Female,46,1,28.0,0,1-2 Year,Yes,34795.0,122.0,264,1
360753,Male,50,1,28.0,1,1-2 Year,No,58521.0,26.0,193,0
360862,Male,74,1,7.0,0,1-2 Year,Yes,58668.0,31.0,30,0
360946,Female,64,1,28.0,0,1-2 Year,Yes,70039.0,124.0,55,0
361111,Female,24,1,33.0,1,< 1 Year,No,31281.0,152.0,57,0
361135,Male,24,1,14.0,1,< 1 Year,No,22242.0,151.0,67,0
361413,Female,22,1,11.0,1,< 1 Year,No,26178.0,152.0,157,0
361581,Female,72,1,41.0,0,1-2 Year,Yes,30742.0,26.0,52,0
361636,Female,38,1,45.0,1,1-2 Year,No,32946.0,154.0,79,0
361750,Female,53,1,28.0,1,1-2 Year,Yes,49958.0,26.0,13,0
361854,Male,29,1,28.0,0,< 1 Year,Yes,48835.0,121.0,139,0
361911,Male,29,1,29.0,1,1-2 Year,No,27554.0,124.0,33,0
362076,Male,25,1,35.0,1,< 1 Year,No,26201.0,152.0,15,0
362083,Male,46,1,28.0,0,1-2 Year,Yes,44947.0,26.0,175,1
362341,Female,22,1,29.0,1,< 1 Year,No,37715.0,152.0,54,0
362412,Female,40,1,29.0,0,1-2 Year,Yes,36005.0,124.0,264,1
362434,Male,46,1,15.0,1,1-2 Year,No,2630.0,124.0,113,0
362443,Male,53,1,28.0,0,> 2 Years,Yes,68264.0,124.0,46,0
362565,Male,24,1,28.0,1,< 1 Year,No,45262.0,160.0,213,0
362603,Female,74,1,15.0,1,1-2 Year,No,46092.0,124.0,67,0
362607,Female,24,1,28.0,1,< 1 Year,No,41770.0,152.0,272,0
362730,Male,20,1,22.0,0,< 1 Year,Yes,21403.0,160.0,254,0
362934,Male,21,1,17.0,1,< 1 Year,No,38377.0,152.0,96,0
362937,Female,21,1,47.0,0,< 1 Year,Yes,43284.0,152.0,272,0
362964,Female,36,1,46.0,0,1-2 Year,Yes,38228.0,26.0,217,1
362967,Male,45,1,39.0,0,1-2 Year,Yes,2630.0,150.0,172,1
363066,Male,26,1,29.0,1,< 1 Year,No,2630.0,152.0,216,0
363116,Male,46,1,6.0,1,1-2 Year,No,31876.0,29.0,126,0
363142,Female,22,1,15.0,0,< 1 Year,Yes,33325.0,152.0,217,1
363163,Male,44,1,41.0,0,1-2 Year,Yes,37615.0,152.0,262,0
363432,Male,25,1,30.0,1,< 1 Year,No,19061.0,152.0,33,0
363562,Male,46,1,16.0,1,1-2 Year,Yes,2630.0,124.0,73,0
363605,Female,26,1,28.0,0,< 1 Year,Yes,2630.0,26.0,132,0
363660,Female,25,1,28.0,1,< 1 Year,No,39771.0,152.0,139,0
363767,Male,25,1,41.0,1,< 1 Year,No,22772.0,152.0,220,0
363801,Female,28,1,23.0,1,< 1 Year,No,40329.0,152.0,167,0
363812,Female,22,1,8.0,1,< 1 Year,No,31590.0,152.0,255,0
363984,Female,22,1,14.0,1,< 1 Year,No,21763.0,152.0,168,0
364007,Female,50,1,29.0,1,1-2 Year,No,63199.0,26.0,242,0
364032,Female,24,1,28.0,1,< 1 Year,No,51337.0,152.0,20,0
364040,Male,61,1,28.0,0,1-2 Year,Yes,27615.0,122.0,152,0
364204,Female,40,1,41.0,0,1-2 Year,Yes,49614.0,124.0,33,0
364208,Female,26,1,32.0,1,< 1 Year,No,30613.0,152.0,96,0
364522,Female,79,0,28.0,0,1-2 Year,Yes,63141.0,122.0,219,1
364609,Female,49,1,28.0,0,1-2 Year,Yes,70377.0,26.0,64,1
364661,Male,43,1,29.0,0,1-2 Year,Yes,30771.0,124.0,60,1
364674,Male,45,1,9.0,0,> 2 Years,Yes,23703.0,124.0,282,0
364699,Male,50,1,41.0,0,1-2 Year,Yes,2630.0,12.0,118,0
364754,Male,58,1,8.0,0,> 2 Years,Yes,48008.0,26.0,218,0
364820,Male,24,1,45.0,1,< 1 Year,No,2630.0,152.0,67,0
364940,Male,40,1,50.0,0,1-2 Year,Yes,28959.0,124.0,88,0
365026,Male,27,1,41.0,1,< 1 Year,No,40351.0,152.0,158,0
365037,Male,22,1,4.0,1,< 1 Year,No,26352.0,152.0,182,0
365051,Female,54,1,29.0,1,1-2 Year,No,35655.0,26.0,200,0
365053,Female,20,1,12.0,0,< 1 Year,Yes,25337.0,160.0,69,0
365129,Male,46,1,18.0,0,1-2 Year,Yes,35546.0,124.0,165,1
365166,Female,30,1,41.0,1,< 1 Year,No,23648.0,152.0,101,0
365194,Male,53,1,28.0,0,> 2 Years,Yes,43705.0,26.0,217,0
365197,Female,23,1,27.0,0,< 1 Year,Yes,27516.0,152.0,41,0
365302,Female,64,1,39.0,0,> 2 Years,Yes,29665.0,124.0,19,0
365330,Female,49,1,46.0,0,1-2 Year,Yes,43497.0,11.0,146,0
365356,Male,76,1,28.0,1,1-2 Year,Yes,22415.0,26.0,82,0
365403,Male,58,1,8.0,0,1-2 Year,Yes,2630.0,154.0,245,0
365458,Male,24,1,41.0,0,< 1 Year,Yes,50053.0,152.0,215,0
365478,Male,42,1,28.0,1,1-2 Year,No,55110.0,122.0,142,0
365520,Female,26,1,30.0,1,< 1 Year,No,33874.0,152.0,81,0
365537,Female,25,1,49.0,0,< 1 Year,Yes,20986.0,152.0,193,0
365567,Male,47,1,28.0,0,1-2 Year,Yes,32457.0,26.0,163,0
365598,Female,36,1,28.0,0,1-2 Year,Yes,32285.0,26.0,87,0
365627,Male,24,1,28.0,0,< 1 Year,Yes,43641.0,152.0,185,0
365913,Male,60,1,48.0,0,1-2 Year,Yes,2630.0,157.0,27,0
365977,Female,29,1,18.0,1,< 1 Year,No,26505.0,152.0,76,0
366104,Female,54,1,28.0,0,1-2 Year,No,51816.0,26.0,230,0
366355,Female,21,1,12.0,0,< 1 Year,Yes,25848.0,152.0,111,0
366533,Female,53,1,28.0,0,1-2 Year,Yes,53186.0,55.0,35,0
366610,Female,42,1,33.0,0,1-2 Year,Yes,25889.0,26.0,202,0
366625,Male,50,1,21.0,0,1-2 Year,Yes,2630.0,156.0,92,0
366636,Female,23,1,41.0,1,< 1 Year,No,47521.0,152.0,154,0
366763,Female,24,1,36.0,0,< 1 Year,Yes,29901.0,152.0,229,0
366862,Male,50,1,46.0,0,1-2 Year,No,25268.0,124.0,165,1
366876,Male,51,1,29.0,0,1-2 Year,Yes,30463.0,124.0,123,0
366969,Female,47,1,28.0,0,1-2 Year,Yes,51822.0,26.0,271,0
367181,Female,27,1,29.0,1,< 1 Year,No,40502.0,152.0,18,0
367217,Male,23,1,35.0,1,< 1 Year,No,38786.0,152.0,223,0
367221,Female,22,1,50.0,1,< 1 Year,No,35087.0,152.0,115,0
367373,Male,23,1,41.0,1,< 1 Year,No,28044.0,160.0,273,0
367404,Female,57,1,46.0,1,1-2 Year,No,46624.0,11.0,114,0
367478,Male,77,1,28.0,0,> 2 Years,Yes,25852.0,26.0,267,0
367487,Female,43,1,28.0,0,1-2 Year,Yes,38333.0,13.0,283,0
367516,Female,43,1,35.0,1,1-2 Year,No,2630.0,124.0,16,0
367535,Female,43,1,28.0,1,1-2 Year,No,34510.0,124.0,173,0
367556,Female,27,1,28.0,1,< 1 Year,No,46613.0,152.0,101,0
367633,Female,32,1,28.0,0,1-2 Year,Yes,22007.0,124.0,208,1
367662,Male,41,1,28.0,0,1-2 Year,Yes,43267.0,26.0,172,0
367695,Female,28,1,28.0,0,< 1 Year,Yes,34385.0,152.0,270,0
367716,Male,44,1,3.0,0,1-2 Year,Yes,19857.0,124.0,221,0
367723,Female,41,1,28.0,0,1-2 Year,Yes,2630.0,26.0,48,0
367739,Male,62,1,28.0,0,1-2 Year,Yes,42815.0,25.0,214,1
367747,Female,24,1,5.0,0,< 1 Year,No,32348.0,152.0,288,0
367771,Female,68,1,28.0,0,1-2 Year,Yes,51288.0,124.0,262,0
367787,Female,23,1,15.0,1,< 1 Year,No,54664.0,152.0,94,0
367974,Male,61,1,46.0,1,1-2 Year,No,39251.0,26.0,102,0
368054,Male,41,1,28.0,0,1-2 Year,No,27686.0,124.0,265,0
368183,Male,50,1,33.0,1,1-2 Year,No,30449.0,120.0,19,0
368245,Male,46,1,8.0,0,1-2 Year,Yes,2630.0,26.0,95,0
368270,Female,23,1,15.0,0,< 1 Year,Yes,26928.0,152.0,91,0
368301,Female,40,1,28.0,0,1-2 Year,Yes,32828.0,122.0,275,1
368311,Female,22,1,11.0,1,< 1 Year,No,25775.0,152.0,261,0
368331,Female,23,1,10.0,0,< 1 Year,Yes,32953.0,151.0,179,0
368335,Female,73,1,8.0,1,1-2 Year,No,2630.0,7.0,201,0
368396,Female,48,1,41.0,1,1-2 Year,No,2630.0,30.0,176,0
368434,Female,23,1,11.0,1,< 1 Year,No,35842.0,151.0,251,0
368463,Male,20,1,47.0,0,< 1 Year,Yes,37064.0,160.0,50,0
368593,Male,21,1,41.0,0,1-2 Year,Yes,2630.0,156.0,297,0
368639,Female,61,1,41.0,1,1-2 Year,No,38024.0,26.0,220,0
368684,Male,41,1,8.0,0,1-2 Year,Yes,35179.0,124.0,108,0
368752,Female,73,1,28.0,0,1-2 Year,Yes,46652.0,26.0,27,0
368778,Female,44,1,29.0,0,1-2 Year,Yes,2630.0,156.0,174,1
368902,Male,44,1,35.0,1,1-2 Year,Yes,2630.0,156.0,262,0
368911,Male,41,1,50.0,0,1-2 Year,Yes,26061.0,8.0,58,0
368948,Female,23,1,39.0,1,< 1 Year,No,30376.0,152.0,229,0
369039,Female,41,1,29.0,0,1-2 Year,Yes,22259.0,155.0,45,0
369080,Female,41,1,28.0,0,1-2 Year,No,32426.0,156.0,219,0
369299,Male,35,1,35.0,1,1-2 Year,No,26423.0,124.0,184,0
369354,Male,68,1,28.0,1,1-2 Year,No,33144.0,26.0,270,0
369400,Female,22,1,37.0,0,< 1 Year,Yes,34979.0,152.0,37,0
369425,Female,24,1,15.0,0,< 1 Year,No,45959.0,152.0,166,0
369448,Male,23,1,10.0,1,< 1 Year,No,32280.0,152.0,204,0
369630,Male,25,1,10.0,1,< 1 Year,No,37192.0,152.0,113,0
369729,Male,26,1,13.0,0,< 1 Year,Yes,33035.0,152.0,221,1
370083,Male,39,1,28.0,0,1-2 Year,No,35074.0,26.0,277,0
370114,Male,48,1,48.0,1,1-2 Year,No,2630.0,26.0,226,0
370144,Female,22,1,50.0,1,< 1 Year,No,28248.0,152.0,271,0
370261,Male,26,1,15.0,1,< 1 Year,No,28754.0,152.0,244,0
370358,Female,41,1,28.0,1,1-2 Year,No,43407.0,26.0,248,0
370392,Male,23,1,36.0,1,< 1 Year,No,28645.0,160.0,26,0
370512,Female,31,1,41.0,1,< 1 Year,No,2630.0,152.0,143,0
370551,Male,44,1,28.0,0,1-2 Year,Yes,2630.0,26.0,24,0
370616,Male,76,1,8.0,0,1-2 Year,Yes,2630.0,156.0,80,0
370855,Female,78,1,28.0,0,1-2 Year,Yes,44012.0,26.0,10,0
370859,Female,39,1,28.0,1,1-2 Year,No,43108.0,124.0,51,0
370940,Male,39,1,36.0,0,1-2 Year,Yes,18776.0,26.0,87,1
371024,Female,21,1,33.0,1,< 1 Year,Yes,2630.0,160.0,187,0
371032,Male,26,1,30.0,1,< 1 Year,No,43874.0,152.0,268,0
371113,Female,46,1,28.0,1,1-2 Year,No,37200.0,26.0,84,0
371128,Female,22,1,2.0,1,< 1 Year,No,17723.0,152.0,42,0
371565,Female,23,1,30.0,1,< 1 Year,No,27985.0,152.0,213,0
371673,Female,23,1,18.0,1,< 1 Year,No,27554.0,152.0,294,0
371732,Male,50,1,48.0,1,1-2 Year,No,2630.0,124.0,278,0
371737,Male,48,1,8.0,1,1-2 Year,No,34289.0,26.0,69,0
371820,Male,23,1,41.0,0,< 1 Year,Yes,35724.0,152.0,191,0
371836,Female,28,1,30.0,1,< 1 Year,No,22268.0,152.0,182,0
371881,Female,23,1,36.0,1,< 1 Year,No,29439.0,152.0,180,0
372106,Female,49,1,28.0,1,1-2 Year,No,44012.0,4.0,118,0
372173,Male,39,1,47.0,0,1-2 Year,Yes,24321.0,154.0,222,1
372356,Female,25,1,6.0,1,< 1 Year,No,24548.0,152.0,115,0
372605,Female,36,1,18.0,1,1-2 Year,No,26230.0,124.0,227,0
372696,Female,71,1,32.0,1,1-2 Year,No,2630.0,124.0,295,0
372744,Male,26,1,28.0,1,< 1 Year,No,46534.0,152.0,292,0
372778,Male,22,1,47.0,0,< 1 Year,Yes,24143.0,160.0,173,0
372935,Male,23,1,46.0,1,< 1 Year,No,25378.0,152.0,35,0
372968,Female,23,1,29.0,1,< 1 Year,No,31792.0,152.0,276,0
373049,Female,21,1,24.0,1,< 1 Year,No,32362.0,160.0,256,0
373131,Female,53,1,9.0,0,1-2 Year,Yes,37754.0,124.0,290,0
373169,Female,22,1,8.0,0,< 1 Year,Yes,38783.0,160.0,190,0
373230,Female,39,1,28.0,1,1-2 Year,No,2630.0,124.0,244,0
373320,Male,76,1,28.0,0,> 2 Years,Yes,36348.0,122.0,31,0
373462,Male,60,1,46.0,0,1-2 Year,Yes,2630.0,26.0,189,0
373536,Female,22,1,15.0,0,< 1 Year,No,27673.0,160.0,133,0
373671,Female,67,1,28.0,0,1-2 Year,Yes,61983.0,26.0,192,0
373743,Female,24,1,16.0,1,< 1 Year,No,31987.0,151.0,231,0
373810,Male,59,1,47.0,0,1-2 Year,Yes,2630.0,157.0,190,0
373935,Male,40,1,28.0,0,> 2 Years,Yes,24562.0,26.0,211,1
373947,Male,37,1,11.0,0,1-2 Year,Yes,38591.0,124.0,197,1
374194,Female,24,1,46.0,1,< 1 Year,No,18719.0,152.0,59,0
374263,Female,33,1,28.0,0,1-2 Year,Yes,25905.0,156.0,251,1
374272,Male,75,1,46.0,1,1-2 Year,No,19865.0,124.0,35,0
374365,Male,36,1,46.0,0,1-2 Year,Yes,28384.0,152.0,139,0
374486,Male,44,1,28.0,0,1-2 Year,Yes,37509.0,124.0,266,0
374831,Male,29,1,41.0,0,< 1 Year,Yes,45269.0,152.0,101,0
374837,Female,42,1,29.0,0,1-2 Year,Yes,34610.0,124.0,204,0
374886,Female,27,1,15.0,1,< 1 Year,No,39443.0,152.0,39,0
374974,Male,60,1,28.0,0,1-2 Year,Yes,50131.0,13.0,59,0
375186,Female,22,1,17.0,1,< 1 Year,No,44382.0,160.0,165,0
375239,Female,26,1,11.0,1,< 1 Year,No,33192.0,152.0,64,0
375336,Female,46,1,15.0,1,1-2 Year,No,34602.0,124.0,99,0
375431,Male,72,1,28.0,0,> 2 Years,Yes,49025.0,13.0,99,0
375604,Female,26,1,14.0,0,< 1 Year,Yes,22905.0,151.0,229,0
375710,Female,23,1,25.0,1,< 1 Year,No,29792.0,152.0,50,0
375772,Female,42,1,0.0,1,1-2 Year,No,2630.0,122.0,278,0
375798,Female,22,1,42.0,0,< 1 Year,Yes,36047.0,152.0,285,0
375842,Male,40,1,3.0,0,1-2 Year,Yes,36806.0,26.0,72,0
375897,Female,23,1,30.0,1,< 1 Year,No,34115.0,152.0,122,0
376061,Female,21,1,32.0,1,< 1 Year,No,28132.0,160.0,10,0
376072,Male,40,1,52.0,1,1-2 Year,No,2630.0,26.0,76,0
376205,Male,51,1,31.0,0,1-2 Year,Yes,2630.0,26.0,195,0
376271,Male,77,1,28.0,0,1-2 Year,Yes,34486.0,23.0,55,0
376440,Female,20,1,47.0,1,< 1 Year,No,2630.0,160.0,157,0
376506,Male,63,1,28.0,1,1-2 Year,No,46358.0,26.0,204,0
376549,Female,29,1,33.0,1,< 1 Year,No,32907.0,152.0,196,0
376612,Male,26,1,28.0,1,< 1 Year,No,37400.0,152.0,240,0
376637,Male,56,1,28.0,0,> 2 Years,Yes,34764.0,26.0,51,1
376638,Female,29,1,10.0,1,< 1 Year,No,26630.0,152.0,225,0
376695,Male,22,1,33.0,1,< 1 Year,No,27699.0,152.0,198,0
376797,Female,47,1,28.0,0,1-2 Year,Yes,29420.0,26.0,225,0
376895,Female,24,1,28.0,0,< 1 Year,Yes,36933.0,152.0,235,0
376914,Female,23,1,22.0,1,< 1 Year,No,28716.0,152.0,284,0
376948,Male,29,1,52.0,1,< 1 Year,No,36407.0,152.0,201,0
377049,Female,39,1,28.0,0,1-2 Year,Yes,29282.0,155.0,141,0
377050,Female,20,1,3.0,1,< 1 Year,No,26533.0,160.0,100,0
377055,Male,57,1,18.0,0,1-2 Year,Yes,36041.0,124.0,46,0
377058,Male,73,1,8.0,0,1-2 Year,Yes,31769.0,30.0,90,0
377061,Female,28,1,28.0,0,< 1 Year,Yes,54087.0,26.0,245,0
377155,Male,66,1,28.0,0,> 2 Years,Yes,39173.0,122.0,130,1
377177,Female,22,1,30.0,0,< 1 Year,Yes,30394.0,152.0,78,0
377187,Male,28,1,3.0,0,< 1 Year,Yes,37470.0,152.0,293,0
377195,Female,25,1,28.0,1,< 1 Year,No,47066.0,152.0,17,0
377414,Female,25,1,9.0,0,< 1 Year,Yes,27189.0,152.0,80,0
377429,Male,27,1,8.0,1,< 1 Year,No,43309.0,152.0,210,0
377482,Male,39,1,10.0,1,1-2 Year,No,2630.0,152.0,250,0
377526,Female,26,1,39.0,0,1-2 Year,Yes,2630.0,124.0,119,0
377618,Male,24,1,3.0,1,< 1 Year,No,25407.0,152.0,291,0
377647,Female,46,1,35.0,0,1-2 Year,Yes,2630.0,124.0,238,1
377653,Male,26,1,47.0,0,< 1 Year,Yes,23457.0,152.0,263,0
377712,Male,54,1,41.0,0,> 2 Years,Yes,99997.0,124.0,16,1
377744,Female,25,1,13.0,0,< 1 Year,Yes,32665.0,152.0,286,0
378178,Male,65,1,28.0,0,> 2 Years,Yes,24148.0,26.0,200,0
378194,Female,77,1,28.0,0,1-2 Year,Yes,55287.0,122.0,57,0
378224,Male,42,1,26.0,0,1-2 Year,Yes,2630.0,154.0,274,0
378294,Female,61,1,18.0,0,1-2 Year,Yes,38995.0,124.0,241,1
378298,Female,53,1,28.0,0,1-2 Year,Yes,36826.0,26.0,119,1
378361,Male,61,1,38.0,0,> 2 Years,Yes,27616.0,26.0,61,0
378377,Male,24,1,28.0,0,< 1 Year,Yes,56970.0,124.0,25,0
378597,Female,70,1,8.0,0,1-2 Year,Yes,36949.0,26.0,193,0
378809,Male,56,1,28.0,0,> 2 Years,Yes,27521.0,26.0,91,0
378867,Male,23,1,18.0,1,< 1 Year,No,31010.0,153.0,108,0
378893,Male,26,1,35.0,1,< 1 Year,No,28051.0,152.0,59,0
378957,Female,26,1,41.0,1,< 1 Year,No,2630.0,26.0,162,0
379051,Male,20,1,12.0,0,< 1 Year,Yes,2630.0,160.0,54,0
379136,Male,28,1,28.0,0,1-2 Year,Yes,39758.0,26.0,10,0
379215,Female,31,1,28.0,0,1-2 Year,No,2630.0,157.0,254,0
379277,Male,22,1,2.0,1,< 1 Year,Yes,33126.0,152.0,282,0
379285,Male,43,1,47.0,0,1-2 Year,Yes,2630.0,156.0,83,1
379330,Male,69,1,15.0,1,1-2 Year,No,36091.0,152.0,86,0
379363,Male,21,1,8.0,1,< 1 Year,No,46805.0,160.0,199,0
379432,Female,22,1,39.0,0,< 1 Year,Yes,31109.0,152.0,11,0
379510,Male,62,1,8.0,1,1-2 Year,No,37431.0,124.0,38,0
379550,Male,33,1,46.0,0,1-2 Year,Yes,2630.0,157.0,293,0
379834,Female,41,1,47.0,0,1-2 Year,Yes,28276.0,26.0,18,0
379855,Female,21,1,15.0,0,< 1 Year,Yes,36774.0,160.0,220,0
379896,Male,52,1,28.0,1,1-2 Year,No,26551.0,26.0,130,0
379934,Male,35,1,39.0,0,1-2 Year,Yes,30264.0,124.0,205,0
380068,Male,60,1,28.0,0,1-2 Year,Yes,56986.0,26.0,297,1
380440,Female,45,1,28.0,0,1-2 Year,Yes,33890.0,124.0,207,0
380478,Male,31,1,46.0,0,< 1 Year,Yes,2630.0,152.0,38,1
380481,Female,53,1,30.0,0,1-2 Year,Yes,26143.0,152.0,164,0
380706,Male,43,1,28.0,0,1-2 Year,Yes,29431.0,47.0,30,0
380739,Female,43,1,8.0,0,1-2 Year,Yes,43566.0,157.0,45,1
380766,Female,62,1,28.0,0,1-2 Year,Yes,2630.0,157.0,198,0
380788,Male,23,1,28.0,1,< 1 Year,No,52222.0,152.0,290,0
381018,Male,55,1,13.0,0,> 2 Years,Yes,29850.0,157.0,133,0
381035,Male,55,1,40.0,1,1-2 Year,No,27843.0,26.0,296,0
