customer_id,snapshot_date,country,recency_days,tenure_days,orders_total,items_total,distinct_products,active_months,spend_total,order_value_mean,order_value_max,days_between_orders_mean,returned_orders,returned_items,reactivated_90d
12346,2011-09-10,United Kingdom,234,234,1,74215,1,1,77183.6,77183.6,77183.6,0.0,1,74215,0
12348,2011-09-10,Finland,157,267,3,2124,22,3,1487.24,495.75,892.8,54.5,0,0,1
12350,2011-09-10,Norway,219,219,1,197,17,1,334.4,334.4,334.4,0.0,0,0,0
12352,2011-09-10,Norway,171,205,5,254,26,2,1561.81,312.36,840.3,8.5,3,66,1
12353,2011-09-10,Bahrain,113,113,1,20,4,1,89.0,89.0,89.0,0.0,0,0,0
12354,2011-09-10,Spain,141,141,1,530,58,1,1079.4,1079.4,1079.4,0.0,0,0,0
12355,2011-09-10,Bahrain,123,123,1,240,13,1,459.4,459.4,459.4,0.0,0,0,0
12356,2011-09-10,Portugal,154,234,2,1586,53,2,2753.08,1376.54,2271.62,80.0,0,0,1
12359,2011-09-10,Cyprus,98,240,3,965,135,3,3495.73,1165.24,1838.91,70.5,1,4,1
12361,2011-09-10,Belgium,196,196,1,91,10,1,189.9,189.9,189.9,0.0,0,0,0
12365,2011-09-10,Cyprus,200,200,2,174,22,1,641.38,320.69,320.69,0.0,1,1,0
12370,2011-09-10,Cyprus,183,269,3,1973,125,2,2806.41,935.47,1590.82,42.5,0,0,1
12372,2011-09-10,Denmark,121,205,2,592,32,2,914.92,457.46,515.7,83.0,0,0,1
12373,2011-09-10,Austria,220,220,1,197,14,1,364.6,364.6,364.6,0.0,0,0,0
12377,2011-09-10,Switzerland,224,263,2,944,72,2,1628.12,814.06,1001.52,39.0,0,0,0
12380,2011-09-10,Belgium,94,94,1,293,36,1,607.55,607.55,607.55,0.0,0,0,1
12383,2011-09-10,Belgium,93,261,5,1532,84,5,1850.56,370.11,651.16,41.75,1,3,0
12386,2011-09-10,Australia,246,275,2,354,10,2,401.9,200.95,258.9,29.0,0,0,0
12393,2011-09-10,Australia,154,241,3,522,33,2,1061.1,353.7,462.5,43.0,0,0,1
12394,2011-09-10,Belgium,126,126,1,182,21,1,381.08,381.08,381.08,0.0,0,0,1
12401,2011-09-10,Belgium,212,212,1,11,5,1,84.3,84.3,84.3,0.0,0,0,0
12402,2011-09-10,Belgium,232,232,1,94,11,1,225.6,225.6,225.6,0.0,0,0,0
12406,2011-09-10,Denmark,92,92,1,793,48,1,1621.25,1621.25,1621.25,0.0,1,9,1
12409,2011-09-10,Switzerland,91,91,1,3142,64,1,6207.08,6207.08,6207.08,0.0,1,1,1
12410,2011-09-10,Switzerland,217,217,2,211,26,1,693.33,346.66,625.33,0.0,1,2,0
12413,2011-09-10,France,145,246,2,205,25,2,563.9,281.95,479.25,100.0,2,4,1
12414,2011-09-10,Austria,126,219,3,300,16,3,562.41,187.47,242.8,46.5,0,0,0
12426,2011-09-10,Germany,103,103,1,258,30,1,582.73,582.73,582.73,0.0,0,0,0
12427,2011-09-10,Germany,280,280,1,79,10,1,303.5,303.5,303.5,0.0,1,9,1
12434,2011-09-10,Australia,169,169,1,77,16,1,286.25,286.25,286.25,0.0,2,21,1
12435,2011-09-10,Denmark,176,176,1,879,19,1,3978.99,3978.99,3978.99,0.0,0,0,1
12441,2011-09-10,France,275,275,1,121,11,1,173.55,173.55,173.55,0.0,0,0,0
12447,2011-09-10,Belgium,152,152,1,190,26,1,476.49,476.49,476.49,0.0,0,0,0
12451,2011-09-10,Switzerland,127,233,2,4105,162,2,5307.82,2653.91,2919.51,106.0,1,120,1
12457,2011-09-10,Switzerland,142,148,3,397,23,1,1067.25,355.75,669.25,2.5,3,111,1
12458,2011-09-10,Switzerland,193,193,1,270,19,1,441.92,441.92,441.92,0.0,0,0,1
12462,2011-09-10,Spain,212,212,1,287,40,1,762.11,762.11,762.11,0.0,1,4,1
12468,2011-09-10,Germany,96,225,2,366,36,2,729.54,364.77,508.95,128.0,1,2,0
12489,2011-09-10,France,245,245,1,105,15,1,334.93,334.93,334.93,0.0,0,0,0
12501,2011-09-10,Germany,245,245,1,1783,149,1,2169.39,2169.39,2169.39,0.0,1,61,0
12506,2011-09-10,France,141,141,1,23,23,1,73.5,73.5,73.5,0.0,0,0,0
12509,2011-09-10,France,193,193,1,55,7,1,176.5,176.5,176.5,0.0,0,0,0
12514,2011-09-10,Italy,176,176,1,440,51,1,1017.68,1017.68,1017.68,0.0,0,0,0
12515,2011-09-10,Italy,262,262,1,131,16,1,383.7,383.7,383.7,0.0,0,0,0
12527,2011-09-10,Germany,203,234,2,221,15,2,284.92,142.46,152.4,30.0,0,0,1
12539,2011-09-10,Spain,171,242,3,1621,125,2,4517.69,1505.9,1715.85,35.5,1,1,1
12545,2011-09-10,Spain,168,168,1,346,34,1,628.15,628.15,628.15,0.0,0,0,1
12547,2011-09-10,Spain,106,189,2,134,7,2,207.8,103.9,159.4,82.0,0,0,0
12551,2011-09-10,Spain,266,266,1,100,10,1,168.0,168.0,168.0,0.0,0,0,0
12559,2011-09-10,Germany,219,228,2,283,21,2,561.71,280.86,486.11,8.0,1,2,0
12561,2011-09-10,Germany,211,211,1,177,16,1,238.85,238.85,238.85,0.0,0,0,0
12564,2011-09-10,France,170,170,1,133,21,1,456.9,456.9,456.9,0.0,0,0,0
12565,2011-09-10,Saudi Arabia,197,197,1,80,9,1,145.92,145.92,145.92,0.0,1,5,0
12573,2011-09-10,France,136,136,1,84,26,1,160.54,160.54,160.54,0.0,0,0,0
12574,2011-09-10,France,224,224,1,61,11,1,218.45,218.45,218.45,0.0,0,0,0
12577,2011-09-10,France,268,268,1,134,67,1,195.89,195.89,195.89,0.0,0,0,1
12578,2011-09-10,Italy,239,239,1,748,70,1,1608.66,1608.66,1608.66,0.0,2,25,1
12580,2011-09-10,Germany,155,155,1,238,24,1,415.7,415.7,415.7,0.0,0,0,0
12582,2011-09-10,Finland,147,197,2,300,21,2,511.36,255.68,306.2,49.0,0,0,0
12585,2011-09-10,Germany,143,260,2,1279,77,2,2040.1,1020.05,1262.85,117.0,2,21,0
12590,2011-09-10,Germany,120,120,2,4283,68,1,9864.26,4932.13,9341.26,0.0,1,4,0
12591,2011-09-10,Italy,226,226,1,228,26,1,452.85,452.85,452.85,0.0,0,0,0
12596,2011-09-10,Spain,151,151,1,156,15,1,269.95,269.95,269.95,0.0,0,0,1
12597,2011-09-10,Spain,92,177,2,675,72,2,1428.81,714.4,912.66,85.0,0,0,1
12601,2011-09-10,Germany,98,241,5,245,21,5,577.06,115.41,144.26,35.5,1,1,0
12604,2011-09-10,France,170,170,1,137,10,1,178.5,178.5,178.5,0.0,0,0,1
12609,2011-09-10,Germany,95,227,2,518,42,2,800.73,400.36,512.8,132.0,0,0,1
12613,2011-09-10,Germany,106,171,4,759,65,2,1462.52,365.63,803.66,21.33,0,0,1
12614,2011-09-10,Germany,186,186,1,76,20,1,315.6,315.6,315.6,0.0,0,0,0
12620,2011-09-10,France,113,113,1,434,33,1,561.66,561.66,561.66,0.0,0,0,1
12622,2011-09-10,Germany,141,141,1,69,11,1,180.1,180.1,180.1,0.0,0,0,0
12623,2011-09-10,Germany,185,185,1,191,18,1,305.1,305.1,305.1,0.0,0,0,0
12625,2011-09-10,Germany,120,228,2,1612,73,2,2683.82,1341.91,1716.62,107.0,1,35,0
12639,2011-09-10,Sweden,147,147,1,201,22,1,486.1,486.1,486.1,0.0,0,0,0
12651,2011-09-10,France,243,243,1,78,9,1,114.0,114.0,114.0,0.0,0,0,0
12652,2011-09-10,France,240,240,1,505,48,1,919.98,919.98,919.98,0.0,1,3,0
12654,2011-09-10,Germany,106,204,3,151,19,2,337.75,112.58,166.6,48.5,0,0,1
12665,2011-09-10,Germany,233,233,1,37,3,1,63.0,63.0,63.0,0.0,1,1,0
12668,2011-09-10,Germany,168,264,3,1334,104,3,2924.47,974.82,1444.8,48.0,1,24,1
12672,2011-09-10,France,238,238,1,78,10,1,225.9,225.9,225.9,0.0,0,0,0
12673,2011-09-10,Germany,235,235,1,171,23,1,220.9,220.9,220.9,0.0,0,0,1
12679,2011-09-10,France,114,192,2,407,43,2,906.38,453.19,794.06,77.0,1,15,1
12686,2011-09-10,France,280,280,1,107,7,1,89.14,89.14,89.14,0.0,0,0,0
12690,2011-09-10,France,114,114,1,106,16,1,389.01,389.01,389.01,0.0,0,0,0
12694,2011-09-10,France,92,92,1,323,20,1,439.5,439.5,439.5,0.0,0,0,1
12701,2011-09-10,Germany,151,151,1,246,21,1,337.08,337.08,337.08,0.0,0,0,1
12707,2011-09-10,France,200,200,1,256,33,1,603.42,603.42,603.42,0.0,0,0,0
12721,2011-09-10,France,92,263,4,1133,88,4,1698.91,424.73,591.09,57.0,1,5,1
12725,2011-09-10,Italy,280,280,1,164,24,1,427.8,427.8,427.8,0.0,0,0,0
12726,2011-09-10,France,93,266,5,1942,40,5,1467.32,293.46,401.58,43.0,0,0,1
12728,2011-09-10,France,166,241,3,256,29,3,617.31,205.77,252.54,37.0,0,0,1
12733,2011-09-10,USA,143,143,1,137,22,1,383.95,383.95,383.95,0.0,0,0,0
12734,2011-09-10,France,261,261,1,88,4,1,110.4,110.4,110.4,0.0,0,0,0
12735,2011-09-10,France,224,246,2,368,38,1,779.57,389.78,459.8,21.0,0,0,0
12736,2011-09-10,France,241,241,1,173,4,1,234.0,234.0,234.0,0.0,0,0,0
12738,2011-09-10,Germany,281,281,1,148,11,1,155.35,155.35,155.35,0.0,0,0,0
12754,2011-09-10,Japan,144,217,3,6481,49,3,3010.74,1003.58,2949.12,36.0,2,2,0
12755,2011-09-10,Japan,189,274,2,1491,4,2,3811.95,1905.98,3794.4,85.0,2,625,0
12764,2011-09-10,Lebanon,225,225,1,386,45,1,1693.88,1693.88,1693.88,0.0,0,0,0
12769,2011-09-10,Brazil,147,147,1,356,32,1,1143.6,1143.6,1143.6,0.0,0,0,0
12770,2011-09-10,Japan,119,119,1,743,12,1,1351.45,1351.45,1351.45,0.0,0,0,0
12775,2011-09-10,Netherlands,98,220,4,740,36,4,1164.68,291.17,419.8,40.33,1,24,1
12778,2011-09-10,Netherlands,92,221,4,458,25,3,492.06,123.02,155.65,43.0,0,0,1
12779,2011-09-10,Poland,98,280,7,1385,68,7,2999.41,428.49,752.21,30.17,3,20,1
12781,2011-09-10,Czech Republic,193,193,1,346,15,1,549.26,549.26,549.26,0.0,1,39,1
12785,2011-09-10,Portugal,273,273,1,131,14,1,311.95,311.95,311.95,0.0,0,0,0
12790,2011-09-10,Netherlands,101,101,1,166,21,1,324.92,324.92,324.92,0.0,0,0,0
12791,2011-09-10,Netherlands,282,282,1,97,2,1,192.6,192.6,192.6,0.0,0,0,0
12792,2011-09-10,Portugal,165,165,1,217,25,1,400.54,400.54,400.54,0.0,0,0,0
12793,2011-09-10,Portugal,243,280,2,295,21,2,545.48,272.74,413.68,36.0,0,0,0
12797,2011-09-10,Portugal,274,274,1,118,13,1,254.03,254.03,254.03,0.0,2,39,0
12802,2011-09-10,Netherlands,95,95,1,314,25,1,427.58,427.58,427.58,0.0,1,12,0
12808,2011-09-10,Portugal,93,277,2,108,16,2,281.35,140.68,151.95,184.0,0,0,1
12811,2011-09-10,Portugal,169,193,3,230,27,2,514.85,171.62,247.6,11.5,0,0,0
12817,2011-09-10,Austria,190,190,1,53,4,1,166.04,166.04,166.04,0.0,0,0,0
12818,2011-09-10,Austria,170,170,1,929,14,1,1542.08,1542.08,1542.08,0.0,1,6,0
12820,2011-09-10,United Kingdom,235,235,1,146,11,1,170.46,170.46,170.46,0.0,0,0,1
12821,2011-09-10,United Kingdom,123,123,1,70,6,1,92.72,92.72,92.72,0.0,0,0,0
12829,2011-09-10,United Kingdom,245,269,2,376,9,2,293.0,146.5,207.25,23.0,1,1,0
12831,2011-09-10,United Kingdom,171,171,1,135,9,1,215.05,215.05,215.05,0.0,0,0,0
12834,2011-09-10,United Kingdom,191,191,1,110,18,1,312.38,312.38,312.38,0.0,0,0,0
12838,2011-09-10,United Kingdom,282,282,1,228,59,1,390.79,390.79,390.79,0.0,0,0,1
12842,2011-09-10,United Kingdom,217,217,1,157,14,1,310.73,310.73,310.73,0.0,0,0,1
12845,2011-09-10,United Kingdom,176,199,4,204,26,2,354.09,88.52,208.8,7.33,0,0,0
12849,2011-09-10,United Kingdom,177,177,1,514,33,1,704.5,704.5,704.5,0.0,0,0,1
12852,2011-09-10,United Kingdom,203,203,1,149,17,1,311.55,311.55,311.55,0.0,1,4,0
12854,2011-09-10,United Kingdom,150,227,2,422,71,2,810.37,405.18,420.47,77.0,2,5,1
12855,2011-09-10,United Kingdom,281,281,1,30,3,1,38.1,38.1,38.1,0.0,0,0,0
12857,2011-09-10,United Kingdom,119,211,2,343,37,2,1106.4,553.2,801.6,91.0,0,0,0
12866,2011-09-10,Belgium,192,192,1,171,26,1,559.12,559.12,559.12,0.0,0,0,0
12868,2011-09-10,United Kingdom,94,282,6,928,72,5,1607.06,267.84,437.52,37.4,0,0,0
12871,2011-09-10,United Kingdom,116,116,1,80,4,1,132.0,132.0,132.0,0.0,0,0,1
12872,2011-09-10,United Kingdom,235,274,2,319,58,2,599.97,299.98,378.53,38.0,0,0,0
12873,2011-09-10,United Kingdom,191,191,1,128,4,1,374.0,374.0,374.0,0.0,0,0,0
12876,2011-09-10,Belgium,105,105,1,651,34,1,726.43,726.43,726.43,0.0,0,0,1
12878,2011-09-10,United Kingdom,145,175,2,547,38,2,854.99,427.5,539.81,29.0,0,0,0
12881,2011-09-10,United Kingdom,184,184,1,21,7,1,298.0,298.0,298.0,0.0,0,0,0
12886,2011-09-10,United Kingdom,128,128,1,416,47,1,775.0,775.0,775.0,0.0,1,9,1
12888,2011-09-10,United Kingdom,123,164,2,76,4,2,354.12,177.06,272.76,41.0,2,8,0
12891,2011-09-10,United Kingdom,94,201,3,950,2,3,331.0,110.33,204.0,53.5,0,0,0
12897,2011-09-10,United Kingdom,113,210,2,110,3,2,216.5,108.25,128.8,97.0,0,0,0
12902,2011-09-10,United Kingdom,173,173,1,66,10,1,138.68,138.68,138.68,0.0,0,0,0
12909,2011-09-10,United Kingdom,110,162,3,786,55,2,1528.37,509.46,624.92,25.5,2,7,1
12913,2011-09-10,United Kingdom,191,277,3,345,12,3,866.39,288.8,417.62,42.5,0,0,1
12924,2011-09-10,United Kingdom,107,236,3,285,10,3,655.27,218.42,367.28,64.5,1,1,1
12929,2011-09-10,United Kingdom,220,220,1,37,8,1,117.85,117.85,117.85,0.0,1,1,0
12937,2011-09-10,United Kingdom,106,176,2,268,27,2,428.23,214.12,217.43,69.0,0,0,1
12944,2011-09-10,United Kingdom,263,263,1,145,14,1,286.95,286.95,286.95,0.0,0,0,1
12945,2011-09-10,United Kingdom,197,197,1,165,23,1,462.95,462.95,462.95,0.0,0,0,0
12956,2011-09-10,United Kingdom,215,215,1,34,19,1,108.07,108.07,108.07,0.0,0,0,0
12957,2011-09-10,United Kingdom,95,248,4,1248,97,4,1715.29,428.82,586.52,51.0,2,11,1
12963,2011-09-10,United Kingdom,274,274,1,172,16,1,365.8,365.8,365.8,0.0,1,8,1
12967,2011-09-10,United Kingdom,267,280,2,438,19,1,1660.9,830.45,1368.4,13.0,1,1,0
12970,2011-09-10,United Kingdom,231,231,2,8,8,1,23.8,11.9,17.2,0.0,0,0,1
12974,2011-09-10,United Kingdom,106,106,1,24,8,1,144.8,144.8,144.8,0.0,0,0,0
12976,2011-09-10,United Kingdom,120,120,1,561,22,1,738.6,738.6,738.6,0.0,0,0,0
12982,2011-09-10,United Kingdom,151,151,1,288,28,1,390.54,390.54,390.54,0.0,1,10,0
12987,2011-09-10,United Kingdom,106,106,1,108,14,1,304.3,304.3,304.3,0.0,1,2,1
12988,2011-09-10,United Kingdom,201,201,1,136,75,1,535.32,535.32,535.32,0.0,0,0,0
12990,2011-09-10,United Kingdom,94,219,2,130,5,2,263.9,131.95,166.4,124.0,0,0,1
12997,2011-09-10,United Kingdom,145,226,2,300,30,2,608.47,304.24,305.55,80.0,2,13,1
12999,2011-09-10,United Kingdom,105,154,3,342,25,2,455.88,151.96,320.28,24.5,0,0,0
13002,2011-09-10,United Kingdom,227,227,1,73,7,1,120.95,120.95,120.95,0.0,0,0,0
13008,2011-09-10,United Kingdom,232,232,1,175,14,1,229.47,229.47,229.47,0.0,1,60,0
13011,2011-09-10,United Kingdom,281,281,1,13,3,1,50.55,50.55,50.55,0.0,0,0,0
13015,2011-09-10,United Kingdom,106,158,4,705,80,2,1763.04,440.76,783.67,17.33,0,0,1
13030,2011-09-10,United Kingdom,277,277,1,204,50,1,427.74,427.74,427.74,0.0,0,0,1
13033,2011-09-10,United Kingdom,266,266,1,83,11,1,190.55,190.55,190.55,0.0,0,0,0
13034,2011-09-10,United Kingdom,278,278,1,116,11,1,165.86,165.86,165.86,0.0,0,0,1
13035,2011-09-10,United Kingdom,169,169,1,212,12,1,333.0,333.0,333.0,0.0,0,0,1
13038,2011-09-10,United Kingdom,92,199,2,280,22,2,591.76,295.88,395.1,106.0,0,0,1
13043,2011-09-10,United Kingdom,182,182,1,254,13,1,516.42,516.42,516.42,0.0,1,3,0
13044,2011-09-10,United Kingdom,200,200,1,429,33,1,560.47,560.47,560.47,0.0,0,0,0
13046,2011-09-10,United Kingdom,175,175,1,76,14,1,197.72,197.72,197.72,0.0,0,0,1
13049,2011-09-10,United Kingdom,227,227,1,78,7,1,153.78,153.78,153.78,0.0,0,0,1
13052,2011-09-10,United Kingdom,121,121,1,222,18,1,348.15,348.15,348.15,0.0,0,0,0
13055,2011-09-10,United Kingdom,122,122,1,252,22,1,344.86,344.86,344.86,0.0,0,0,1
13059,2011-09-10,United Kingdom,158,158,1,35,8,1,183.4,183.4,183.4,0.0,0,0,0
13060,2011-09-10,United Kingdom,162,162,1,123,15,1,307.53,307.53,307.53,0.0,0,0,0
13062,2011-09-10,United Kingdom,100,100,1,343,11,1,346.98,346.98,346.98,0.0,0,0,0
13065,2011-09-10,United Kingdom,282,282,1,74,14,1,205.86,205.86,205.86,0.0,0,0,0
13068,2011-09-10,United Kingdom,228,228,1,100,1,1,165.0,165.0,165.0,0.0,0,0,1
13070,2011-09-10,United Kingdom,101,101,1,110,9,1,228.8,228.8,228.8,0.0,0,0,0
13072,2011-09-10,United Kingdom,175,175,1,69,7,1,177.15,177.15,177.15,0.0,0,0,0
13077,2011-09-10,United Kingdom,199,275,3,607,61,2,577.44,192.48,313.72,38.0,0,0,1
13092,2011-09-10,United Kingdom,120,268,4,95,15,4,439.75,109.94,185.45,49.0,1,8,1
13093,2011-09-10,United Kingdom,184,282,8,3961,97,4,7832.47,979.06,1827.91,13.86,5,18,0
13101,2011-09-10,United Kingdom,143,143,1,113,8,1,101.19,101.19,101.19,0.0,0,0,0
13108,2011-09-10,United Kingdom,281,281,1,298,10,1,350.06,350.06,350.06,0.0,0,0,0
13115,2011-09-10,United Kingdom,93,93,1,621,55,1,878.55,878.55,878.55,0.0,7,15,1
13118,2011-09-10,United Kingdom,117,197,3,274,40,3,799.7,266.57,423.55,40.0,1,9,1
13120,2011-09-10,United Kingdom,147,147,1,12,1,1,30.6,30.6,30.6,0.0,0,0,0
13121,2011-09-10,United Kingdom,178,178,1,252,50,1,283.73,283.73,283.73,0.0,1,25,0
13124,2011-09-10,United Kingdom,161,268,2,1623,131,2,2574.12,1287.06,1317.8,106.0,0,0,1
13126,2011-09-10,United Kingdom,162,275,5,1062,61,3,1077.42,215.48,323.87,28.25,1,12,1
13131,2011-09-10,United Kingdom,96,96,1,128,14,1,324.9,324.9,324.9,0.0,0,0,1
13132,2011-09-10,United Kingdom,170,170,1,20,3,1,77.3,77.3,77.3,0.0,0,0,0
13133,2011-09-10,United Kingdom,182,213,2,32,7,2,109.8,54.9,57.45,30.0,0,0,0
13134,2011-09-10,United Kingdom,92,149,3,330,42,2,885.74,295.25,500.2,28.0,2,11,1
13135,2011-09-10,United Kingdom,105,105,1,4300,1,1,3096.0,3096.0,3096.0,0.0,0,0,0
13141,2011-09-10,United Kingdom,123,224,4,942,77,3,1401.03,350.26,516.28,33.67,1,1,1
13144,2011-09-10,United Kingdom,241,241,1,21,3,1,110.95,110.95,110.95,0.0,0,0,0
13151,2011-09-10,United Kingdom,204,204,1,363,73,1,1257.87,1257.87,1257.87,0.0,1,2,0
13155,2011-09-10,United Kingdom,235,277,2,262,55,2,569.2,284.6,379.7,41.0,0,0,1
13161,2011-09-10,United Kingdom,222,222,1,29,8,1,112.75,112.75,112.75,0.0,0,0,0
13165,2011-09-10,United Kingdom,260,260,1,496,13,1,354.64,354.64,354.64,0.0,0,0,1
13166,2011-09-10,United Kingdom,192,192,1,216,39,1,417.2,417.2,417.2,0.0,1,2,0
13168,2011-09-10,United Kingdom,108,227,3,557,94,3,972.66,324.22,632.18,59.5,1,2,1
13169,2011-09-10,United Kingdom,161,161,1,96,6,1,505.2,505.2,505.2,0.0,0,0,1
13171,2011-09-10,United Kingdom,208,208,1,53,23,1,140.35,140.35,140.35,0.0,0,0,1
13173,2011-09-10,United Kingdom,276,276,1,114,23,1,165.94,165.94,165.94,0.0,0,0,1
13174,2011-09-10,United Kingdom,225,278,2,970,178,2,2108.27,1054.14,1415.97,52.0,0,0,1
13185,2011-09-10,United Kingdom,176,176,1,12,1,1,71.4,71.4,71.4,0.0,0,0,0
13187,2011-09-10,United Kingdom,246,246,1,95,37,1,236.02,236.02,236.02,0.0,0,0,0
13196,2011-09-10,United Kingdom,171,171,1,320,34,1,512.13,512.13,512.13,0.0,0,0,1
13216,2011-09-10,United Kingdom,176,176,1,297,5,1,333.74,333.74,333.74,0.0,0,0,0
13220,2011-09-10,United Kingdom,94,145,3,132,15,3,726.49,242.16,476.29,25.5,0,0,1
13221,2011-09-10,United Kingdom,149,268,2,244,62,2,847.41,423.71,498.16,119.0,0,0,0
13223,2011-09-10,United Kingdom,109,141,2,88,5,2,163.2,81.6,100.8,31.0,0,0,0
13226,2011-09-10,United Kingdom,182,182,1,80,16,1,108.21,108.21,108.21,0.0,0,0,0
13227,2011-09-10,United Kingdom,110,110,1,99,9,1,257.7,257.7,257.7,0.0,0,0,0
13229,2011-09-10,United Kingdom,134,134,1,63,10,1,160.95,160.95,160.95,0.0,0,0,0
13233,2011-09-10,United Kingdom,245,245,1,404,17,1,304.24,304.24,304.24,0.0,0,0,1
13235,2011-09-10,United Kingdom,121,121,1,441,53,1,1031.07,1031.07,1031.07,0.0,1,1,0
13239,2011-09-10,United Kingdom,170,170,1,327,21,1,329.56,329.56,329.56,0.0,0,0,0
13243,2011-09-10,United Kingdom,112,112,1,233,56,1,600.07,600.07,600.07,0.0,0,0,0
13255,2011-09-10,United Kingdom,282,282,1,110,6,1,225.7,225.7,225.7,0.0,0,0,1
13258,2011-09-10,United Kingdom,114,114,1,82,12,1,224.62,224.62,224.62,0.0,0,0,1
13261,2011-09-10,United Kingdom,177,194,2,210,8,2,944.1,472.05,845.1,17.0,0,0,0
13262,2011-09-10,United Kingdom,172,172,1,125,11,1,200.29,200.29,200.29,0.0,0,0,0
13265,2011-09-10,United Kingdom,92,182,3,1138,44,3,1465.66,488.55,817.44,44.5,0,0,1
13270,2011-09-10,United Kingdom,275,275,1,200,1,1,590.0,590.0,590.0,0.0,0,0,0
13283,2011-09-10,United Kingdom,94,94,1,30,2,1,25.5,25.5,25.5,0.0,0,0,1
13284,2011-09-10,United Kingdom,239,239,1,91,13,1,201.19,201.19,201.19,0.0,1,12,0
13292,2011-09-10,United Kingdom,193,193,1,133,14,1,249.57,249.57,249.57,0.0,0,0,1
13294,2011-09-10,United Kingdom,98,158,2,453,48,2,873.74,436.87,483.65,59.0,0,0,0
13295,2011-09-10,United Kingdom,268,268,1,82,10,1,201.2,201.2,201.2,0.0,1,1,0
13299,2011-09-10,United Kingdom,177,177,1,30,5,1,142.5,142.5,142.5,0.0,0,0,0
13304,2011-09-10,United Kingdom,260,260,1,238,21,1,300.42,300.42,300.42,0.0,0,0,0
13308,2011-09-10,United Kingdom,112,112,1,519,26,1,814.95,814.95,814.95,0.0,1,3,1
13309,2011-09-10,United Kingdom,115,217,2,616,43,2,546.64,273.32,390.71,102.0,0,0,1
13310,2011-09-10,United Kingdom,115,233,2,395,50,2,817.65,408.83,410.18,117.0,2,8,1
13317,2011-09-10,United Kingdom,107,267,5,500,56,3,1313.98,262.8,444.63,40.0,2,31,1
13324,2011-09-10,United Kingdom,112,269,7,2473,17,4,3798.99,542.71,903.87,26.17,1,3,1
13328,2011-09-10,United Kingdom,225,225,1,680,17,1,1308.48,1308.48,1308.48,0.0,0,0,0
13329,2011-09-10,United Kingdom,275,275,1,175,7,1,304.2,304.2,304.2,0.0,2,36,1
13334,2011-09-10,United Kingdom,99,214,2,1350,176,2,2731.84,1365.92,1660.44,114.0,0,0,1
13339,2011-09-10,United Kingdom,109,109,1,326,54,1,860.12,860.12,860.12,0.0,0,0,0
13341,2011-09-10,United Kingdom,169,169,1,301,42,1,775.85,775.85,775.85,0.0,0,0,0
13344,2011-09-10,United Kingdom,186,186,1,599,68,1,1656.15,1656.15,1656.15,0.0,0,0,1
13345,2011-09-10,United Kingdom,196,196,1,141,20,1,389.5,389.5,389.5,0.0,1,2,0
13357,2011-09-10,United Kingdom,166,166,1,322,85,1,609.95,609.95,609.95,0.0,0,0,0
13358,2011-09-10,United Kingdom,177,177,1,285,29,1,439.03,439.03,439.03,0.0,0,0,0
13362,2011-09-10,United Kingdom,154,196,2,727,92,2,1581.53,790.77,812.7,41.0,0,0,1
13365,2011-09-10,United Kingdom,126,126,1,404,39,1,700.6,700.6,700.6,0.0,0,0,1
13368,2011-09-10,United Kingdom,165,246,2,327,29,2,623.4,311.7,588.0,80.0,0,0,0
13369,2011-09-10,United Kingdom,274,274,1,149,14,1,308.28,308.28,308.28,0.0,1,22,0
13370,2011-09-10,United Kingdom,280,280,1,343,39,1,754.87,754.87,754.87,0.0,1,7,0
13382,2011-09-10,United Kingdom,189,189,1,131,15,1,222.99,222.99,222.99,0.0,0,0,0
13385,2011-09-10,United Kingdom,238,238,1,281,35,1,534.57,534.57,534.57,0.0,0,0,0
13389,2011-09-10,United Kingdom,141,141,1,115,18,1,257.89,257.89,257.89,0.0,0,0,1
13391,2011-09-10,United Kingdom,112,112,1,4,1,1,59.8,59.8,59.8,0.0,0,0,0
13395,2011-09-10,United Kingdom,94,94,1,336,21,1,307.72,307.72,307.72,0.0,0,0,0
13396,2011-09-10,United Kingdom,228,228,1,139,15,1,387.27,387.27,387.27,0.0,1,3,1
13398,2011-09-10,United Kingdom,101,101,1,281,26,1,457.34,457.34,457.34,0.0,0,0,0
13404,2011-09-10,United Kingdom,121,121,1,99,9,1,217.81,217.81,217.81,0.0,0,0,1
13405,2011-09-10,United Kingdom,113,226,2,163,24,2,557.45,278.73,397.4,113.0,0,0,1
13410,2011-09-10,United Kingdom,96,200,3,300,11,3,545.04,181.68,250.24,52.0,1,3,1
13417,2011-09-10,United Kingdom,114,114,1,72,10,1,236.0,236.0,236.0,0.0,0,0,1
13421,2011-09-10,United Kingdom,199,199,1,495,64,1,825.04,825.04,825.04,0.0,1,1,1
13426,2011-09-10,United Kingdom,91,268,5,1199,62,5,1558.68,311.74,339.2,44.0,0,0,1
13439,2011-09-10,United Kingdom,164,164,1,242,54,1,283.71,283.71,283.71,0.0,0,0,0
13448,2011-09-10,United Kingdom,127,282,4,720,65,2,1423.26,355.82,593.72,51.67,3,17,1
13452,2011-09-10,United Kingdom,168,179,2,2,1,1,590.0,295.0,295.0,11.0,0,0,0
13455,2011-09-10,United Kingdom,275,275,1,190,30,1,692.94,692.94,692.94,0.0,2,9,1
13462,2011-09-10,United Kingdom,161,161,1,62,9,1,151.5,151.5,151.5,0.0,1,1,0
13466,2011-09-10,United Kingdom,93,93,1,259,17,1,307.9,307.9,307.9,0.0,1,1,0
13473,2011-09-10,United Kingdom,241,241,1,198,12,1,241.26,241.26,241.26,0.0,1,6,1
13474,2011-09-10,United Kingdom,145,145,1,132,59,1,229.59,229.59,229.59,0.0,0,0,0
13475,2011-09-10,United Kingdom,100,207,4,1012,64,4,1431.78,357.94,589.4,35.67,0,0,0
13479,2011-09-10,United Kingdom,109,143,2,134,14,2,300.95,150.48,156.6,33.0,1,1,0
13482,2011-09-10,United Kingdom,141,141,1,116,11,1,184.64,184.64,184.64,0.0,0,0,0
13484,2011-09-10,United Kingdom,150,150,1,44,8,1,313.8,313.8,313.8,0.0,0,0,0
13485,2011-09-10,United Kingdom,142,142,1,277,23,1,454.24,454.24,454.24,0.0,0,0,0
13487,2011-09-10,United Kingdom,122,262,2,213,21,2,408.8,204.4,215.65,140.0,0,0,1
13493,2011-09-10,Switzerland,184,196,2,380,6,2,618.63,309.32,439.28,11.0,0,0,0
13494,2011-09-10,United Kingdom,220,220,1,162,18,1,316.26,316.26,316.26,0.0,0,0,0
13495,2011-09-10,United Kingdom,141,277,3,485,20,2,1072.43,357.48,510.95,68.0,1,15,1
13496,2011-09-10,United Kingdom,268,268,1,229,26,1,501.01,501.01,501.01,0.0,1,12,1
13497,2011-09-10,United Kingdom,191,277,2,163,19,2,348.05,174.02,194.55,85.0,1,4,0
13499,2011-09-10,United Kingdom,134,178,2,265,18,2,463.79,231.9,305.56,44.0,1,6,1
13501,2011-09-10,Switzerland,197,197,1,560,52,1,1340.32,1340.32,1340.32,0.0,1,3,0
13502,2011-09-10,United Kingdom,183,232,2,110,9,2,189.16,94.58,114.6,48.0,0,0,1
13506,2011-09-10,United Kingdom,225,278,2,324,26,2,458.52,229.26,301.12,53.0,1,3,0
13508,2011-09-10,United Kingdom,152,152,1,24,12,1,110.97,110.97,110.97,0.0,0,0,0
13512,2011-09-10,United Kingdom,169,169,1,143,15,1,251.21,251.21,251.21,0.0,0,0,0
13516,2011-09-10,United Kingdom,147,147,1,56,7,1,146.0,146.0,146.0,0.0,0,0,1
13523,2011-09-10,United Kingdom,108,275,3,828,92,2,2369.24,789.75,1695.54,83.0,1,7,1
13525,2011-09-10,United Kingdom,157,157,1,208,2,1,282.88,282.88,282.88,0.0,0,0,1
13529,2011-09-10,United Kingdom,113,113,1,30,7,1,181.1,181.1,181.1,0.0,0,0,1
13531,2011-09-10,United Kingdom,114,275,2,174,17,2,483.8,241.9,305.45,161.0,0,0,0
13533,2011-09-10,United Kingdom,91,176,3,204,61,2,270.79,90.26,128.49,42.0,0,0,0
13539,2011-09-10,United Kingdom,149,218,2,231,21,2,315.65,157.82,164.1,68.0,1,6,1
13544,2011-09-10,United Kingdom,149,149,1,75,42,1,122.91,122.91,122.91,0.0,0,0,1
13546,2011-09-10,United Kingdom,109,109,1,109,26,1,188.16,188.16,188.16,0.0,0,0,1
13551,2011-09-10,United Kingdom,228,228,1,12,4,1,91.8,91.8,91.8,0.0,0,0,0
13555,2011-09-10,United Kingdom,110,110,2,868,55,1,1590.05,795.02,976.12,0.0,0,0,1
13557,2011-09-10,United Kingdom,189,189,1,224,16,1,240.68,240.68,240.68,0.0,0,0,1
13561,2011-09-10,United Kingdom,124,124,1,83,14,1,141.86,141.86,141.86,0.0,0,0,0
13565,2011-09-10,United Kingdom,243,243,1,78,13,1,110.18,110.18,110.18,0.0,0,0,1
13569,2011-09-10,United Kingdom,276,276,1,44,23,1,118.32,118.32,118.32,0.0,0,0,1
13570,2011-09-10,United Kingdom,152,152,1,161,27,1,239.49,239.49,239.49,0.0,0,0,0
13572,2011-09-10,United Kingdom,114,114,1,534,32,1,1384.25,1384.25,1384.25,0.0,0,0,0
13573,2011-09-10,United Kingdom,162,162,1,10,3,1,31.77,31.77,31.77,0.0,0,0,1
13579,2011-09-10,United Kingdom,278,278,1,46,9,1,164.7,164.7,164.7,0.0,0,0,1
13581,2011-09-10,United Kingdom,218,218,1,30,10,1,118.0,118.0,118.0,0.0,0,0,0
13584,2011-09-10,United Kingdom,215,215,1,37,24,1,142.4,142.4,142.4,0.0,0,0,0
13591,2011-09-10,United Kingdom,113,175,2,263,36,2,776.23,388.12,462.2,62.0,0,0,1
13592,2011-09-10,United Kingdom,114,173,3,71,12,2,205.51,68.5,95.94,29.0,0,0,1
13600,2011-09-10,United Kingdom,221,221,1,324,19,1,219.52,219.52,219.52,0.0,0,0,0
13601,2011-09-10,United Kingdom,120,120,1,275,41,1,373.2,373.2,373.2,0.0,0,0,1
13606,2011-09-10,United Kingdom,152,220,2,243,37,2,250.42,125.21,180.4,68.0,0,0,1
13615,2011-09-10,United Kingdom,227,227,1,189,23,1,417.69,417.69,417.69,0.0,1,6,0
13623,2011-09-10,United Kingdom,119,206,4,150,61,4,551.92,137.98,156.0,29.0,1,2,1
13626,2011-09-10,United Kingdom,161,161,1,209,19,1,257.23,257.23,257.23,0.0,0,0,0
13637,2011-09-10,United Kingdom,96,135,2,354,75,2,684.85,342.42,422.6,39.0,0,0,1
13642,2011-09-10,United Kingdom,124,124,1,173,57,1,354.8,354.8,354.8,0.0,0,0,0
13649,2011-09-10,United Kingdom,165,275,2,139,23,2,346.6,173.3,197.8,109.0,0,0,0
13650,2011-09-10,United Kingdom,116,176,2,284,33,2,745.52,372.76,373.4,60.0,1,4,1
13652,2011-09-10,United Kingdom,165,277,2,290,33,2,638.24,319.12,329.44,112.0,0,0,1
13657,2011-09-10,United Kingdom,110,110,1,132,9,1,152.34,152.34,152.34,0.0,0,0,1
13658,2011-09-10,United Kingdom,113,113,1,300,32,1,933.3,933.3,933.3,0.0,2,10,1
13659,2011-09-10,United Kingdom,114,229,2,894,92,2,1573.2,786.6,1045.4,115.0,1,15,0
13662,2011-09-10,United Kingdom,121,168,2,363,33,2,532.94,266.47,305.24,47.0,4,5,1
13666,2011-09-10,United Kingdom,196,196,2,37,8,1,64.05,32.03,43.65,0.0,0,0,1
13672,2011-09-10,United Kingdom,210,241,2,57,4,2,186.39,93.2,124.26,30.0,4,58,0
13680,2011-09-10,United Kingdom,246,248,2,1195,69,1,2391.59,1195.8,1520.11,1.0,1,669,1
13682,2011-09-10,United Kingdom,96,96,1,10,3,1,59.5,59.5,59.5,0.0,0,0,0
13684,2011-09-10,United Kingdom,194,194,1,39,29,1,67.23,67.23,67.23,0.0,1,1,0
13686,2011-09-10,United Kingdom,91,91,1,70,8,1,72.0,72.0,72.0,0.0,0,0,0
13692,2011-09-10,United Kingdom,122,145,2,735,32,2,871.58,435.79,856.63,22.0,2,2,1
13703,2011-09-10,United Kingdom,227,227,1,10,1,1,99.5,99.5,99.5,0.0,0,0,0
13706,2011-09-10,United Kingdom,211,211,1,189,20,1,330.79,330.79,330.79,0.0,0,0,0
13707,2011-09-10,United Kingdom,176,224,2,351,48,2,806.41,403.2,583.41,48.0,0,0,0
13708,2011-09-10,United Kingdom,180,180,1,306,49,1,296.88,296.88,296.88,0.0,0,0,0
13711,2011-09-10,United Kingdom,127,127,2,140,11,1,252.06,126.03,170.96,0.0,0,0,0
13712,2011-09-10,United Kingdom,155,155,1,352,10,1,228.84,228.84,228.84,0.0,0,0,0
13715,2011-09-10,United Kingdom,190,281,5,563,89,3,1079.34,215.87,445.22,22.75,3,8,0
13716,2011-09-10,United Kingdom,178,178,1,138,21,1,138.28,138.28,138.28,0.0,0,0,0
13718,2011-09-10,United Kingdom,155,204,2,173,9,2,306.55,153.28,192.5,49.0,0,0,0
13719,2011-09-10,United Kingdom,114,143,2,186,19,2,338.74,169.37,205.84,28.0,0,0,1
13723,2011-09-10,United Kingdom,126,126,1,43,6,1,199.85,199.85,199.85,0.0,0,0,0
13731,2011-09-10,United Kingdom,128,155,2,278,36,2,610.59,305.3,308.12,27.0,0,0,0
13736,2011-09-10,United Kingdom,169,169,1,228,73,1,357.53,357.53,357.53,0.0,1,4,1
13737,2011-09-10,United Kingdom,109,109,1,125,29,1,339.6,339.6,339.6,0.0,0,0,0
13740,2011-09-10,United Kingdom,149,149,1,425,23,1,350.75,350.75,350.75,0.0,0,0,0
13741,2011-09-10,United Kingdom,92,126,2,143,20,2,363.13,181.56,200.17,33.0,1,1,1
13747,2011-09-10,United Kingdom,282,282,1,8,1,1,79.6,79.6,79.6,0.0,0,0,0
13751,2011-09-10,United Kingdom,197,197,1,152,9,1,296.25,296.25,296.25,0.0,0,0,0
13753,2011-09-10,United Kingdom,196,196,1,512,35,1,741.26,741.26,741.26,0.0,0,0,0
13758,2011-09-10,United Kingdom,110,282,5,1493,87,4,2351.52,470.3,893.37,43.0,0,0,1
13760,2011-09-10,United Kingdom,165,165,1,96,28,1,135.09,135.09,135.09,0.0,0,0,1
13762,2011-09-10,United Kingdom,127,127,1,272,7,1,306.72,306.72,306.72,0.0,1,272,0
13771,2011-09-10,United Kingdom,108,156,2,825,65,2,1464.85,732.42,871.6,47.0,1,1,1
13781,2011-09-10,United Kingdom,159,159,1,30,17,1,127.84,127.84,127.84,0.0,0,0,0
13786,2011-09-10,United Kingdom,276,276,1,136,7,1,230.4,230.4,230.4,0.0,0,0,0
13787,2011-09-10,United Kingdom,273,273,1,56,7,1,106.4,106.4,106.4,0.0,0,0,1
13792,2011-09-10,United Kingdom,196,196,1,28,4,1,74.6,74.6,74.6,0.0,0,0,1
13800,2011-09-10,United Kingdom,218,218,1,331,33,1,558.32,558.32,558.32,0.0,0,0,0
13803,2011-09-10,United Kingdom,164,164,1,121,17,1,277.07,277.07,277.07,0.0,0,0,0
13807,2011-09-10,United Kingdom,276,276,1,36,7,1,112.6,112.6,112.6,0.0,0,0,0
13809,2011-09-10,Cyprus,214,214,1,29,11,1,155.05,155.05,155.05,0.0,0,0,0
13811,2011-09-10,Germany,92,148,3,68,7,2,814.5,271.5,333.0,27.5,1,1,0
13817,2011-09-10,Germany,260,260,1,63,9,1,128.7,128.7,128.7,0.0,0,0,1
13819,2011-09-10,United Kingdom,210,228,3,1109,26,2,1140.35,380.12,425.05,9.0,0,0,0
13837,2011-09-10,United Kingdom,120,226,2,183,17,2,271.24,135.62,157.54,105.0,0,0,0
13841,2011-09-10,United Kingdom,161,161,1,100,1,1,85.0,85.0,85.0,0.0,0,0,0
13846,2011-09-10,United Kingdom,151,269,2,345,43,2,663.93,331.96,411.4,117.0,1,5,1
13859,2011-09-10,United Kingdom,235,235,1,129,27,1,201.16,201.16,201.16,0.0,0,0,0
13863,2011-09-10,United Kingdom,156,156,1,224,20,1,305.78,305.78,305.78,0.0,1,5,0
13867,2011-09-10,United Kingdom,127,127,1,31,8,1,138.85,138.85,138.85,0.0,0,0,1
13874,2011-09-10,United Kingdom,267,267,1,180,18,1,540.45,540.45,540.45,0.0,0,0,0
13883,2011-09-10,United Kingdom,127,162,4,904,94,2,1742.78,435.7,980.41,11.33,3,61,1
13884,2011-09-10,United Kingdom,186,192,3,65,10,1,196.25,65.42,138.15,2.5,1,3,1
13885,2011-09-10,United Kingdom,98,109,2,182,28,2,506.8,253.4,399.15,11.0,0,0,0
13887,2011-09-10,United Kingdom,113,113,1,147,19,1,349.55,349.55,349.55,0.0,0,0,0
13892,2011-09-10,United Kingdom,155,155,1,140,3,1,54.52,54.52,54.52,0.0,0,0,1
13893,2011-09-10,United Kingdom,206,206,1,190,21,1,821.1,821.1,821.1,0.0,0,0,0
13894,2011-09-10,United Kingdom,219,219,1,105,10,1,160.85,160.85,160.85,0.0,1,6,1
13898,2011-09-10,United Kingdom,234,234,1,133,12,1,155.93,155.93,155.93,0.0,0,0,0
13899,2011-09-10,United Kingdom,183,183,1,122,15,1,298.5,298.5,298.5,0.0,0,0,1
13900,2011-09-10,United Kingdom,92,171,3,430,42,3,740.95,246.98,374.87,39.5,0,0,0
13904,2011-09-10,United Kingdom,203,203,1,223,17,1,201.12,201.12,201.12,0.0,0,0,1
13917,2011-09-10,United Kingdom,100,100,1,38,5,1,65.38,65.38,65.38,0.0,0,0,1
13918,2011-09-10,United Kingdom,162,162,1,100,8,1,198.2,198.2,198.2,0.0,0,0,1
13922,2011-09-10,United Kingdom,260,260,1,93,7,1,172.25,172.25,172.25,0.0,0,0,0
13932,2011-09-10,United Kingdom,203,203,1,72,16,1,307.4,307.4,307.4,0.0,0,0,0
13934,2011-09-10,United Kingdom,172,172,1,390,31,1,922.1,922.1,922.1,0.0,0,0,0
13946,2011-09-10,United Kingdom,110,176,2,263,9,2,485.97,242.98,276.12,66.0,0,0,1
13948,2011-09-10,United Kingdom,269,269,1,40,3,1,102.0,102.0,102.0,0.0,0,0,0
13950,2011-09-10,United Kingdom,155,155,1,81,7,1,179.31,179.31,179.31,0.0,0,0,1
13952,2011-09-10,United Kingdom,126,147,2,1431,120,2,3251.07,1625.54,2042.76,20.0,1,6,0
13959,2011-09-10,United Kingdom,190,271,2,198,31,2,337.44,168.72,214.74,81.0,0,0,1
13962,2011-09-10,United Kingdom,154,154,1,30,7,1,117.6,117.6,117.6,0.0,0,0,1
13963,2011-09-10,United Kingdom,217,276,4,460,35,3,664.54,166.14,215.41,19.67,0,0,0
13972,2011-09-10,United Kingdom,110,110,1,42,9,1,145.9,145.9,145.9,0.0,0,0,1
13973,2011-09-10,United Kingdom,196,196,1,109,11,1,264.7,264.7,264.7,0.0,0,0,0
13976,2011-09-10,United Kingdom,115,115,1,154,10,1,357.98,357.98,357.98,0.0,0,0,0
13983,2011-09-10,United Kingdom,96,275,8,793,65,6,1681.06,210.13,329.36,25.57,0,0,1
13989,2011-09-10,United Kingdom,148,148,1,869,23,1,896.67,896.67,896.67,0.0,0,0,1
13990,2011-09-10,United Kingdom,122,122,1,190,16,1,311.3,311.3,311.3,0.0,0,0,0
14000,2011-09-10,United Kingdom,120,120,1,710,15,1,635.66,635.66,635.66,0.0,1,3,0
14001,2011-09-10,United Kingdom,141,282,2,632,21,2,1309.14,654.57,1007.9,140.0,1,3,1
14009,2011-09-10,United Kingdom,107,114,2,365,42,1,695.61,347.8,380.91,7.0,1,4,0
14012,2011-09-10,United Kingdom,186,186,1,160,11,1,328.8,328.8,328.8,0.0,0,0,0
14022,2011-09-10,United Kingdom,134,134,1,487,28,1,440.0,440.0,440.0,0.0,0,0,0
14023,2011-09-10,United Kingdom,159,159,1,162,16,1,273.14,273.14,273.14,0.0,0,0,1
14036,2011-09-10,United Kingdom,193,193,1,268,38,1,626.65,626.65,626.65,0.0,0,0,0
14041,2011-09-10,United Kingdom,175,175,1,94,21,1,141.41,141.41,141.41,0.0,0,0,0
14046,2011-09-10,United Kingdom,193,193,1,460,14,1,154.99,154.99,154.99,0.0,0,0,0
14047,2011-09-10,United Kingdom,108,281,3,210,15,3,635.92,211.97,339.7,86.5,2,4,1
14048,2011-09-10,United Kingdom,214,214,1,288,83,1,409.93,409.93,409.93,0.0,1,14,0
14059,2011-09-10,United Kingdom,175,175,1,128,8,1,183.6,183.6,183.6,0.0,0,0,0
14066,2011-09-10,United Kingdom,175,175,1,45,7,1,152.55,152.55,152.55,0.0,0,0,0
14068,2011-09-10,United Kingdom,229,229,1,73,22,1,265.85,265.85,265.85,0.0,0,0,0
14071,2011-09-10,United Kingdom,169,173,2,295,22,1,356.81,178.4,225.4,4.0,1,95,1
14075,2011-09-10,United Kingdom,170,170,1,270,18,1,307.92,307.92,307.92,0.0,0,0,1
14077,2011-09-10,United Kingdom,91,183,3,148,30,3,310.4,103.47,117.11,45.5,0,0,1
14081,2011-09-10,United Kingdom,211,278,2,596,126,2,934.52,467.26,511.0,67.0,2,3,0
14082,2011-09-10,United Kingdom,273,273,1,110,28,1,182.25,182.25,182.25,0.0,0,0,0
14090,2011-09-10,United Kingdom,233,233,1,72,1,1,76.32,76.32,76.32,0.0,0,0,0
14105,2011-09-10,United Kingdom,148,148,1,800,74,1,1266.23,1266.23,1266.23,0.0,0,0,0
14113,2011-09-10,United Kingdom,263,263,1,102,2,1,433.5,433.5,433.5,0.0,3,109,1
14114,2011-09-10,United Kingdom,182,239,2,101,15,2,386.53,193.26,195.13,56.0,0,0,0
14128,2011-09-10,United Kingdom,164,164,1,269,22,1,305.54,305.54,305.54,0.0,0,0,1
14130,2011-09-10,United Kingdom,228,228,1,258,66,1,483.86,483.86,483.86,0.0,0,0,0
14142,2011-09-10,United Kingdom,282,282,1,313,22,1,311.81,311.81,311.81,0.0,0,0,0
14146,2011-09-10,United Kingdom,163,266,2,811,62,2,1903.73,951.86,1241.43,102.0,1,551,1
14147,2011-09-10,United Kingdom,194,194,1,40,2,1,182.8,182.8,182.8,0.0,0,0,1
14148,2011-09-10,United Kingdom,142,142,1,16,3,1,157.2,157.2,157.2,0.0,0,0,0
14149,2011-09-10,United Kingdom,129,129,1,218,28,1,446.62,446.62,446.62,0.0,2,89,0
14150,2011-09-10,United Kingdom,268,268,1,262,12,1,306.18,306.18,306.18,0.0,0,0,1
14152,2011-09-10,United Kingdom,143,143,1,369,29,1,314.51,314.51,314.51,0.0,1,12,1
14154,2011-09-10,United Kingdom,148,148,2,465,52,1,1345.62,672.81,925.88,0.0,0,0,0
14155,2011-09-10,United Kingdom,175,175,1,25,6,1,118.75,118.75,118.75,0.0,0,0,0
14157,2011-09-10,United Kingdom,194,194,1,199,36,1,277.17,277.17,277.17,0.0,1,11,1
14161,2011-09-10,United Kingdom,124,278,3,455,87,3,1110.52,370.17,564.33,76.5,0,0,0
14165,2011-09-10,United Kingdom,184,184,1,54,23,1,122.54,122.54,122.54,0.0,0,0,0
14173,2011-09-10,United Kingdom,128,128,1,40,11,1,114.04,114.04,114.04,0.0,0,0,1
14176,2011-09-10,United Kingdom,206,276,4,209,28,3,576.9,144.23,230.15,23.33,1,2,0
14185,2011-09-10,United Kingdom,240,240,1,6,3,1,197.65,197.65,197.65,0.0,0,0,0
14193,2011-09-10,United Kingdom,178,178,1,250,23,1,422.54,422.54,422.54,0.0,0,0,1
14195,2011-09-10,United Kingdom,110,161,2,760,7,2,1012.0,506.0,828.4,50.0,1,58,0
14199,2011-09-10,United Kingdom,127,127,1,28,2,1,185.4,185.4,185.4,0.0,0,0,0
14205,2011-09-10,United Kingdom,173,173,1,126,14,1,222.9,222.9,222.9,0.0,1,104,1
14206,2011-09-10,United Kingdom,148,148,1,276,20,1,328.16,328.16,328.16,0.0,1,2,0
14215,2011-09-10,United Kingdom,95,277,4,589,58,3,1098.27,274.57,596.06,60.33,1,4,1
14220,2011-09-10,United Kingdom,156,267,2,272,21,2,632.4,316.2,319.42,110.0,0,0,0
14226,2011-09-10,United Kingdom,119,178,2,1087,40,2,1709.4,854.7,983.3,58.0,2,7,1
14227,2011-09-10,United Kingdom,105,193,7,1279,104,3,2399.52,342.79,797.48,14.67,4,6,1
14229,2011-09-10,United Kingdom,200,242,2,303,23,2,762.13,381.06,456.97,41.0,2,20,1
14231,2011-09-10,United Kingdom,92,197,3,409,47,3,925.71,308.57,309.0,52.0,2,7,0
14233,2011-09-10,United Kingdom,120,226,3,410,15,3,959.1,319.7,530.1,52.5,0,0,1
14236,2011-09-10,United Kingdom,281,281,1,38,3,1,189.3,189.3,189.3,0.0,0,0,1
14237,2011-09-10,United Kingdom,282,282,1,38,9,1,161.0,161.0,161.0,0.0,0,0,0
14238,2011-09-10,United Kingdom,235,235,1,111,8,1,146.85,146.85,146.85,0.0,0,0,0
14240,2011-09-10,United Kingdom,134,134,1,79,10,1,226.85,226.85,226.85,0.0,0,0,1
14241,2011-09-10,United Kingdom,92,92,1,146,10,1,213.7,213.7,213.7,0.0,0,0,0
14242,2011-09-10,United Kingdom,143,234,2,123,13,2,280.55,140.27,142.2,91.0,0,0,0
14245,2011-09-10,United Kingdom,128,172,2,976,107,2,1693.45,846.72,1005.1,43.0,3,5,0
14247,2011-09-10,United Kingdom,187,187,1,47,19,1,136.77,136.77,136.77,0.0,0,0,0
14248,2011-09-10,United Kingdom,227,227,1,102,8,1,302.58,302.58,302.58,0.0,0,0,0
14256,2011-09-10,United Kingdom,169,273,2,414,51,2,969.06,484.53,523.86,104.0,1,4,0
14270,2011-09-10,United Kingdom,240,240,1,197,29,1,492.65,492.65,492.65,0.0,0,0,0
14271,2011-09-10,United Kingdom,134,134,1,88,10,1,112.32,112.32,112.32,0.0,0,0,0
14272,2011-09-10,United Kingdom,163,163,1,87,8,1,132.09,132.09,132.09,0.0,0,0,1
14277,2011-09-10,France,121,121,1,859,71,1,1637.43,1637.43,1637.43,0.0,0,0,1
14280,2011-09-10,United Kingdom,105,105,1,52,8,1,134.04,134.04,134.04,0.0,0,0,0
14286,2011-09-10,United Kingdom,151,151,1,1998,141,1,2050.08,2050.08,2050.08,0.0,0,0,1
14287,2011-09-10,United Kingdom,107,107,2,216,4,1,83.28,41.64,66.0,0.0,1,25,1
14288,2011-09-10,United Kingdom,122,122,1,188,16,1,426.6,426.6,426.6,0.0,1,1,0
14290,2011-09-10,United Kingdom,270,270,1,220,23,1,777.56,777.56,777.56,0.0,1,2,1
14297,2011-09-10,United Kingdom,183,183,1,78,11,1,232.6,232.6,232.6,0.0,0,0,1
14304,2011-09-10,United Kingdom,131,131,1,139,17,1,383.45,383.45,383.45,0.0,1,85,0
14311,2011-09-10,United Kingdom,151,151,1,146,20,1,310.26,310.26,310.26,0.0,1,21,0
14320,2011-09-10,United Kingdom,115,241,2,325,29,2,477.79,238.9,352.51,126.0,1,86,0
14326,2011-09-10,United Kingdom,151,151,1,103,8,1,183.85,183.85,183.85,0.0,1,4,0
14336,2011-09-10,United Kingdom,107,185,3,989,53,2,1114.39,371.46,534.42,38.5,0,0,1
14339,2011-09-10,United Kingdom,151,151,1,168,14,1,309.52,309.52,309.52,0.0,3,18,0
14340,2011-09-10,United Kingdom,127,127,1,58,6,1,134.7,134.7,134.7,0.0,0,0,0
14348,2011-09-10,United Kingdom,169,169,1,183,18,1,409.57,409.57,409.57,0.0,0,0,0
14350,2011-09-10,United Kingdom,183,183,1,183,18,1,282.93,282.93,282.93,0.0,1,17,0
14353,2011-09-10,United Kingdom,124,124,1,64,6,1,90.6,90.6,90.6,0.0,0,0,0
14355,2011-09-10,United Kingdom,274,274,1,92,11,1,174.4,174.4,174.4,0.0,0,0,0
14368,2011-09-10,United Kingdom,228,228,1,36,8,1,155.0,155.0,155.0,0.0,0,0,0
14371,2011-09-10,United Kingdom,204,204,1,34,4,1,100.5,100.5,100.5,0.0,0,0,0
14373,2011-09-10,United Kingdom,267,267,1,17,4,1,76.55,76.55,76.55,0.0,0,0,0
14375,2011-09-10,United Kingdom,94,94,1,194,57,1,257.68,257.68,257.68,0.0,0,0,0
14377,2011-09-10,United Kingdom,100,171,2,219,11,2,617.05,308.52,314.6,70.0,0,0,0
14379,2011-09-10,United Kingdom,204,204,1,128,17,1,110.98,110.98,110.98,0.0,0,0,1
14386,2011-09-10,United Kingdom,205,205,1,54,7,1,142.4,142.4,142.4,0.0,0,0,0
14389,2011-09-10,United Kingdom,99,99,1,189,19,1,311.14,311.14,311.14,0.0,2,12,1
14393,2011-09-10,United Kingdom,127,127,1,13,5,1,67.95,67.95,67.95,0.0,0,0,0
14396,2011-09-10,United Kingdom,280,280,1,39,34,1,110.35,110.35,110.35,0.0,0,0,1
14411,2011-09-10,United Kingdom,219,219,1,196,14,1,1063.0,1063.0,1063.0,0.0,0,0,0
14413,2011-09-10,United Kingdom,271,271,1,68,22,1,122.7,122.7,122.7,0.0,0,0,0
14419,2011-09-10,United Kingdom,161,273,2,162,45,2,307.56,153.78,183.46,112.0,0,0,1
14421,2011-09-10,United Kingdom,120,120,1,194,15,1,455.18,455.18,455.18,0.0,0,0,1
14423,2011-09-10,United Kingdom,127,127,1,120,3,1,265.2,265.2,265.2,0.0,0,0,0
14428,2011-09-10,United Kingdom,148,234,2,145,25,2,330.62,165.31,203.55,85.0,1,4,1
14431,2011-09-10,United Kingdom,211,211,1,130,17,1,470.36,470.36,470.36,0.0,1,8,0
14437,2011-09-10,United Kingdom,274,274,1,60,5,1,63.0,63.0,63.0,0.0,1,1,0
14438,2011-09-10,United Kingdom,215,215,1,82,9,1,131.9,131.9,131.9,0.0,0,0,0
14439,2011-09-10,Greece,228,228,1,526,32,1,2661.24,2661.24,2661.24,0.0,0,0,0
14440,2011-09-10,United Kingdom,225,274,2,341,25,2,1185.71,592.86,656.7,48.0,0,0,1
14442,2011-09-10,Channel Islands,113,225,2,482,58,2,1589.82,794.91,914.24,112.0,2,6,0
14446,2011-09-10,United Kingdom,155,155,1,318,83,1,303.04,303.04,303.04,0.0,0,0,1
14447,2011-09-10,United Kingdom,105,189,2,313,34,2,601.03,300.52,336.03,84.0,0,0,1
14448,2011-09-10,United Kingdom,273,273,1,44,18,1,102.35,102.35,102.35,0.0,0,0,1
14449,2011-09-10,United Kingdom,155,281,2,336,98,2,401.3,200.65,210.24,125.0,0,0,1
14451,2011-09-10,United Kingdom,103,103,1,204,52,1,360.0,360.0,360.0,0.0,0,0,1
14453,2011-09-10,United Kingdom,99,99,1,49,22,1,119.93,119.93,119.93,0.0,0,0,0
14457,2011-09-10,United Kingdom,219,219,1,88,4,1,113.64,113.64,113.64,0.0,0,0,0
14465,2011-09-10,United Kingdom,155,211,3,405,107,2,1058.62,352.87,597.3,28.0,0,0,0
14467,2011-09-10,United Kingdom,221,221,1,37,15,1,131.7,131.7,131.7,0.0,0,0,1
14470,2011-09-10,United Kingdom,196,196,1,138,35,1,297.64,297.64,297.64,0.0,0,0,1
14473,2011-09-10,United Kingdom,191,191,1,10,1,1,85.0,85.0,85.0,0.0,0,0,1
14475,2011-09-10,United Kingdom,95,213,2,243,23,2,622.17,311.09,315.62,118.0,3,19,1
14476,2011-09-10,United Kingdom,166,166,1,132,17,1,215.7,215.7,215.7,0.0,0,0,0
14477,2011-09-10,United Kingdom,93,206,2,300,3,2,523.0,261.5,358.0,112.0,0,0,1
14479,2011-09-10,United Kingdom,162,274,2,117,18,2,316.25,158.12,174.4,111.0,0,0,0
14483,2011-09-10,United Kingdom,190,190,1,97,9,1,137.1,137.1,137.1,0.0,1,2,0
14487,2011-09-10,United Kingdom,277,277,1,37,13,1,125.1,125.1,125.1,0.0,1,1,1
14489,2011-09-10,United Kingdom,116,116,1,299,30,1,463.38,463.38,463.38,0.0,0,0,0
14496,2011-09-10,United Kingdom,220,282,2,159,16,2,538.81,269.41,304.34,61.0,0,0,0
14497,2011-09-10,United Kingdom,218,218,1,235,29,1,475.37,475.37,475.37,0.0,1,2,0
14501,2011-09-10,United Kingdom,92,228,2,161,9,2,251.21,125.6,184.28,136.0,0,0,0
14504,2011-09-10,United Kingdom,152,187,3,263,81,2,542.71,180.9,260.92,17.5,0,0,1
14512,2011-09-10,United Kingdom,96,141,2,122,19,2,275.28,137.64,148.96,44.0,0,0,0
14514,2011-09-10,United Kingdom,110,240,2,173,36,2,403.11,201.56,255.25,129.0,0,0,1
14515,2011-09-10,United Kingdom,100,127,2,371,25,2,765.65,382.82,425.4,27.0,0,0,1
14520,2011-09-10,United Kingdom,199,199,1,100,1,1,165.0,165.0,165.0,0.0,0,0,1
14532,2011-09-10,United Kingdom,145,261,4,284,45,4,932.85,233.21,386.9,38.33,0,0,0
14536,2011-09-10,United Kingdom,168,168,1,40,18,1,171.8,171.8,171.8,0.0,0,0,0
14538,2011-09-10,United Kingdom,165,165,1,30,3,1,106.5,106.5,106.5,0.0,0,0,1
14540,2011-09-10,United Kingdom,218,218,1,122,11,1,195.9,195.9,195.9,0.0,0,0,1
14542,2011-09-10,United Kingdom,94,94,1,19,5,1,103.25,103.25,103.25,0.0,0,0,0
14544,2011-09-10,United Kingdom,270,270,1,843,53,1,1121.92,1121.92,1121.92,0.0,0,0,1
14546,2011-09-10,United Kingdom,110,157,2,501,126,2,874.88,437.44,561.29,46.0,1,5,1
14549,2011-09-10,United Kingdom,220,220,1,136,56,1,289.24,289.24,289.24,0.0,0,0,0
14551,2011-09-10,United Kingdom,113,113,1,66,7,1,125.43,125.43,125.43,0.0,0,0,1
14553,2011-09-10,United Kingdom,127,248,2,182,35,2,312.32,156.16,201.94,120.0,0,0,1
14555,2011-09-10,United Kingdom,211,211,1,98,14,1,197.94,197.94,197.94,0.0,0,0,1
14570,2011-09-10,United Kingdom,189,189,2,95,29,1,218.06,109.03,167.91,0.0,0,0,0
14576,2011-09-10,United Kingdom,281,281,1,12,1,1,35.4,35.4,35.4,0.0,0,0,0
14586,2011-09-10,United Kingdom,185,185,1,444,19,1,237.36,237.36,237.36,0.0,2,208,0
14587,2011-09-10,United Kingdom,93,240,8,728,166,6,1473.53,184.19,220.85,21.0,1,2,1
14589,2011-09-10,United Kingdom,280,280,1,5,3,1,39.75,39.75,39.75,0.0,0,0,0
14591,2011-09-10,United Kingdom,122,122,1,105,33,1,250.22,250.22,250.22,0.0,0,0,1
14593,2011-09-10,United Kingdom,107,107,2,118,54,1,339.59,169.8,219.77,0.0,0,0,1
14594,2011-09-10,United Kingdom,282,282,1,146,31,1,255.0,255.0,255.0,0.0,0,0,1
14595,2011-09-10,United Kingdom,222,222,1,76,5,1,163.8,163.8,163.8,0.0,0,0,1
14597,2011-09-10,United Kingdom,100,100,1,118,3,1,165.1,165.1,165.1,0.0,0,0,1
14600,2011-09-10,United Kingdom,214,214,1,125,25,1,393.33,393.33,393.33,0.0,0,0,0
14603,2011-09-10,United Kingdom,183,183,1,400,2,1,660.0,660.0,660.0,0.0,0,0,0
14607,2011-09-10,United Kingdom,170,170,1,300,3,1,495.0,495.0,495.0,0.0,0,0,1
14608,2011-09-10,United Kingdom,271,271,1,48,1,1,204.0,204.0,204.0,0.0,0,0,1
14616,2011-09-10,United Kingdom,151,226,3,104,2,3,406.08,135.36,237.6,37.0,0,0,0
14618,2011-09-10,United Kingdom,246,246,1,92,5,1,211.8,211.8,211.8,0.0,1,3,1
14619,2011-09-10,United Kingdom,154,154,1,152,20,1,394.44,394.44,394.44,0.0,1,7,0
14620,2011-09-10,United Kingdom,114,192,2,214,26,2,412.78,206.39,235.35,78.0,1,26,0
14622,2011-09-10,United Kingdom,93,93,1,146,21,1,320.58,320.58,320.58,0.0,0,0,0
14625,2011-09-10,United Kingdom,105,270,2,335,51,2,899.63,449.82,585.53,164.0,3,5,0
14631,2011-09-10,United Kingdom,144,207,2,352,24,2,630.08,315.04,320.58,63.0,0,0,1
14632,2011-09-10,United Kingdom,171,171,1,96,8,1,114.56,114.56,114.56,0.0,0,0,0
14633,2011-09-10,United Kingdom,175,175,1,96,20,1,344.9,344.9,344.9,0.0,0,0,0
14636,2011-09-10,United Kingdom,177,177,1,117,16,1,300.19,300.19,300.19,0.0,0,0,1
14644,2011-09-10,United Kingdom,207,207,1,66,8,1,187.5,187.5,187.5,0.0,0,0,1
14647,2011-09-10,United Kingdom,110,110,1,95,24,1,243.22,243.22,243.22,0.0,0,0,0
14649,2011-09-10,United Kingdom,121,121,2,350,48,1,584.22,292.11,401.77,0.0,0,0,1
14651,2011-09-10,United Kingdom,120,120,1,186,59,1,416.32,416.32,416.32,0.0,0,0,1
14653,2011-09-10,United Kingdom,247,247,1,305,29,1,344.81,344.81,344.81,0.0,0,0,1
14655,2011-09-10,United Kingdom,131,131,1,522,14,1,810.56,810.56,810.56,0.0,0,0,1
14662,2011-09-10,United Kingdom,143,225,3,340,82,3,524.86,174.95,268.51,40.5,0,0,1
14665,2011-09-10,United Kingdom,205,219,3,268,41,1,731.66,243.89,394.4,7.0,1,2,1
14669,2011-09-10,United Kingdom,150,241,3,775,158,2,1269.99,423.33,427.54,45.0,0,0,0
14670,2011-09-10,United Kingdom,189,189,2,337,107,1,411.53,205.76,311.94,0.0,0,0,0
14672,2011-09-10,United Kingdom,143,245,2,454,58,2,765.55,382.78,480.27,101.0,0,0,0
14673,2011-09-10,United Kingdom,276,276,1,213,15,1,373.49,373.49,373.49,0.0,0,0,1
14681,2011-09-10,United Kingdom,120,120,1,48,5,1,393.95,393.95,393.95,0.0,0,0,1
14682,2011-09-10,United Kingdom,96,110,2,80,1,2,52.0,26.0,31.2,13.0,0,0,0
14684,2011-09-10,United Kingdom,124,271,2,295,140,2,519.26,259.63,350.9,147.0,0,0,1
14689,2011-09-10,United Kingdom,117,117,1,76,13,1,112.8,112.8,112.8,0.0,0,0,0
14693,2011-09-10,United Kingdom,173,173,1,34,8,1,172.9,172.9,172.9,0.0,0,0,0
14697,2011-09-10,United Kingdom,127,127,2,181,22,1,188.61,94.3,99.21,0.0,0,0,0
14699,2011-09-10,United Kingdom,123,123,1,77,8,1,109.13,109.13,109.13,0.0,0,0,0
14700,2011-09-10,United Kingdom,98,147,2,858,56,2,1557.6,778.8,836.05,48.0,0,0,1
14705,2011-09-10,United Kingdom,107,107,1,100,1,1,179.0,179.0,179.0,0.0,0,0,0
14723,2011-09-10,United Kingdom,267,280,3,206,68,1,471.0,157.0,220.06,6.5,0,0,1
14727,2011-09-10,United Kingdom,183,183,1,62,10,1,268.58,268.58,268.58,0.0,0,0,0
14729,2011-09-10,United Kingdom,282,282,1,197,69,1,313.49,313.49,313.49,0.0,0,0,0
14731,2011-09-10,United Kingdom,114,121,2,182,23,1,251.02,125.51,127.66,6.0,0,0,1
14740,2011-09-10,United Kingdom,106,192,3,735,85,3,1448.21,482.74,555.71,43.0,1,6,0
14744,2011-09-10,United Kingdom,206,275,5,519,14,3,928.03,185.61,327.98,17.25,2,2,1
14747,2011-09-10,United Kingdom,158,158,1,84,18,1,328.2,328.2,328.2,0.0,1,2,0
14754,2011-09-10,United Kingdom,204,204,1,173,15,1,228.27,228.27,228.27,0.0,0,0,1
14760,2011-09-10,United Kingdom,206,206,1,40,5,1,89.2,89.2,89.2,0.0,1,12,0
14761,2011-09-10,United Kingdom,243,243,1,58,7,1,97.5,97.5,97.5,0.0,0,0,1
14762,2011-09-10,United Kingdom,172,172,1,341,21,1,300.52,300.52,300.52,0.0,0,0,0
14770,2011-09-10,United Kingdom,141,232,2,490,49,2,876.42,438.21,597.82,90.0,0,0,0
14779,2011-09-10,United Kingdom,189,232,3,84,40,2,386.15,128.72,262.55,21.5,0,0,0
14782,2011-09-10,United Kingdom,228,228,1,114,6,1,200.1,200.1,200.1,0.0,0,0,0
14784,2011-09-10,United Kingdom,232,232,1,56,4,1,114.68,114.68,114.68,0.0,0,0,1
14794,2011-09-10,United Kingdom,112,243,4,311,37,3,679.54,169.88,283.03,43.33,1,2,1
14805,2011-09-10,United Kingdom,222,222,1,29,19,1,109.25,109.25,109.25,0.0,0,0,1
14813,2011-09-10,United Kingdom,278,278,2,67,25,1,155.43,77.72,127.98,0.0,0,0,0
14816,2011-09-10,United Kingdom,106,106,1,5,4,1,271.85,271.85,271.85,0.0,0,0,0
14817,2011-09-10,United Kingdom,109,186,2,655,52,2,1110.34,555.17,580.79,76.0,0,0,0
14819,2011-09-10,United Kingdom,101,101,1,48,3,1,84.72,84.72,84.72,0.0,0,0,1
14821,2011-09-10,United Kingdom,275,275,1,20,2,1,48.8,48.8,48.8,0.0,0,0,0
14828,2011-09-10,United Kingdom,105,245,3,2172,17,3,2139.76,713.25,1063.84,70.0,0,0,0
14829,2011-09-10,United Kingdom,93,281,3,364,33,2,531.63,177.21,236.97,93.5,2,38,1
14840,2011-09-10,United Kingdom,176,176,1,31,4,1,62.85,62.85,62.85,0.0,0,0,0
14850,2011-09-10,United Kingdom,220,220,1,293,21,1,325.75,325.75,325.75,0.0,1,8,0
14851,2011-09-10,United Kingdom,165,165,1,139,14,1,206.13,206.13,206.13,0.0,0,0,1
14853,2011-09-10,United Kingdom,120,120,1,34,3,1,214.5,214.5,214.5,0.0,0,0,1
14859,2011-09-10,United Kingdom,113,113,1,209,11,1,296.86,296.86,296.86,0.0,1,2,1
14865,2011-09-10,United Kingdom,281,281,1,96,3,1,37.2,37.2,37.2,0.0,0,0,1
14867,2011-09-10,United Kingdom,94,245,3,328,31,3,710.28,236.76,313.4,75.0,1,1,0
14870,2011-09-10,United Kingdom,170,170,1,119,13,1,327.25,327.25,327.25,0.0,0,0,0
14873,2011-09-10,United Kingdom,119,119,1,168,28,1,519.68,519.68,519.68,0.0,0,0,0
14880,2011-09-10,United Kingdom,94,197,2,245,25,2,363.27,181.64,234.07,103.0,0,0,1
14886,2011-09-10,United Kingdom,161,161,1,160,18,1,364.8,364.8,364.8,0.0,0,0,0
14888,2011-09-10,United Kingdom,116,116,1,184,20,1,369.2,369.2,369.2,0.0,0,0,0
14889,2011-09-10,United Kingdom,245,245,1,90,10,1,135.9,135.9,135.9,0.0,0,0,0
14890,2011-09-10,United Kingdom,162,162,1,51,7,1,125.65,125.65,125.65,0.0,0,0,0
14896,2011-09-10,United Kingdom,113,274,2,279,43,2,468.77,234.39,257.22,160.0,0,0,0
14897,2011-09-10,United Kingdom,205,205,1,122,10,1,175.5,175.5,175.5,0.0,0,0,1
14912,2011-09-10,Italy,155,155,1,445,14,1,482.79,482.79,482.79,0.0,0,0,1
14913,2011-09-10,United Kingdom,92,268,3,1362,57,3,917.15,305.72,314.96,87.5,0,0,1
14920,2011-09-10,United Kingdom,121,121,2,509,57,1,977.77,488.88,572.24,0.0,0,0,0
14921,2011-09-10,United Kingdom,110,110,1,631,53,1,903.01,903.01,903.01,0.0,0,0,1
14924,2011-09-10,United Kingdom,154,154,1,64,10,1,310.05,310.05,310.05,0.0,0,0,0
14931,2011-09-10,Channel Islands,115,149,2,98,10,2,586.0,293.0,293.0,34.0,1,1,1
14932,2011-09-10,Channel Islands,274,274,1,80,17,1,363.53,363.53,363.53,0.0,0,0,0
14934,2011-09-10,Channel Islands,191,191,1,459,39,1,828.84,828.84,828.84,0.0,0,0,1
14935,2011-09-10,Channel Islands,206,206,1,935,10,1,1784.71,1784.71,1784.71,0.0,0,0,0
14952,2011-09-10,United Kingdom,115,273,7,1787,82,3,3534.61,504.94,972.72,26.17,3,56,1
14957,2011-09-10,United Kingdom,162,162,1,34,12,1,58.49,58.49,58.49,0.0,0,0,0
14962,2011-09-10,United Kingdom,179,179,1,44,5,1,126.7,126.7,126.7,0.0,0,0,0
14963,2011-09-10,United Kingdom,92,92,1,167,37,1,294.2,294.2,294.2,0.0,0,0,1
14964,2011-09-10,United Kingdom,156,156,1,143,13,1,206.21,206.21,206.21,0.0,0,0,0
14978,2011-09-10,United Kingdom,144,239,4,417,120,3,1537.28,384.32,452.91,31.33,0,0,1
14981,2011-09-10,United Kingdom,155,155,1,97,8,1,102.12,102.12,102.12,0.0,0,0,0
14985,2011-09-10,United Kingdom,107,267,2,260,78,2,296.75,148.38,172.24,159.0,0,0,0
14987,2011-09-10,United Kingdom,274,274,1,64,2,1,163.2,163.2,163.2,0.0,0,0,1
14988,2011-09-10,United Kingdom,120,120,1,141,40,1,334.54,334.54,334.54,0.0,0,0,0
14995,2011-09-10,United Kingdom,189,189,1,51,37,1,119.31,119.31,119.31,0.0,0,0,1
15012,2011-09-10,United Kingdom,282,282,1,86,46,1,191.06,191.06,191.06,0.0,0,0,1
15018,2011-09-10,United Kingdom,161,276,2,94,17,2,291.34,145.67,180.09,114.0,1,1,1
15019,2011-09-10,United Kingdom,175,175,1,159,64,1,266.0,266.0,266.0,0.0,0,0,0
15026,2011-09-10,United Kingdom,149,186,2,81,24,2,230.78,115.39,121.8,37.0,0,0,1
15028,2011-09-10,United Kingdom,277,277,1,119,14,1,185.97,185.97,185.97,0.0,0,0,1
15030,2011-09-10,United Kingdom,177,177,1,156,3,1,152.76,152.76,152.76,0.0,0,0,1
15032,2011-09-10,United Kingdom,165,275,3,2968,29,2,4959.1,1653.03,2746.75,55.0,2,300,0
15034,2011-09-10,United Kingdom,141,262,5,1333,158,4,2664.83,532.97,842.9,30.25,1,5,1
15038,2011-09-10,United Kingdom,96,278,4,128,90,4,517.45,129.36,157.6,60.67,0,0,1
15042,2011-09-10,United Kingdom,108,108,1,30,5,1,135.93,135.93,135.93,0.0,0,0,0
15047,2011-09-10,United Kingdom,178,178,1,222,22,1,343.62,343.62,343.62,0.0,0,0,0
15049,2011-09-10,United Kingdom,182,182,1,63,3,1,121.17,121.17,121.17,0.0,0,0,0
15052,2011-09-10,United Kingdom,228,228,1,82,27,1,215.78,215.78,215.78,0.0,0,0,0
15057,2011-09-10,United Kingdom,184,224,2,668,25,2,1489.5,744.75,1131.0,40.0,0,0,0
15062,2011-09-10,United Kingdom,126,268,3,541,38,3,814.04,271.35,353.06,70.5,0,0,1
15063,2011-09-10,United Kingdom,122,122,1,56,5,1,370.8,370.8,370.8,0.0,0,0,0
15067,2011-09-10,United Kingdom,191,191,1,335,35,1,848.05,848.05,848.05,0.0,0,0,1
15068,2011-09-10,United Kingdom,165,165,1,130,39,1,239.96,239.96,239.96,0.0,0,0,1
15070,2011-09-10,United Kingdom,281,281,1,36,1,1,106.2,106.2,106.2,0.0,0,0,0
15073,2011-09-10,United Kingdom,94,95,2,428,22,1,861.96,430.98,430.98,1.0,1,214,1
15079,2011-09-10,United Kingdom,121,274,4,389,46,3,895.61,223.9,367.29,51.0,1,1,0
15081,2011-09-10,United Kingdom,117,276,2,113,16,2,248.05,124.02,136.9,158.0,1,2,1
15083,2011-09-10,United Kingdom,165,165,1,38,5,1,88.2,88.2,88.2,0.0,0,0,0
15087,2011-09-10,United Kingdom,190,190,1,470,15,1,306.94,306.94,306.94,0.0,0,0,0
15090,2011-09-10,United Kingdom,217,217,1,208,23,1,381.32,381.32,381.32,0.0,0,0,0
15092,2011-09-10,United Kingdom,124,192,2,135,23,2,457.81,228.91,323.16,68.0,0,0,0
15098,2011-09-10,United Kingdom,91,91,3,121,1,1,39916.5,13305.5,38970.0,0.0,2,61,0
15100,2011-09-10,United Kingdom,242,282,3,80,1,2,876.0,292.0,350.4,20.0,3,22,0
15101,2011-09-10,United Kingdom,268,268,1,34,4,1,102.28,102.28,102.28,0.0,1,2,1
15104,2011-09-10,United Kingdom,105,191,2,637,66,2,1027.44,513.72,652.8,85.0,1,2,0
15107,2011-09-10,United Kingdom,220,281,6,169,12,3,319.5,53.25,116.0,12.2,2,8,0
15109,2011-09-10,United Kingdom,154,154,1,131,28,1,484.95,484.95,484.95,0.0,1,4,0
15111,2011-09-10,United Kingdom,281,281,1,106,16,1,288.5,288.5,288.5,0.0,0,0,1
15119,2011-09-10,United Kingdom,154,154,1,88,14,1,266.4,266.4,266.4,0.0,0,0,0
15121,2011-09-10,United Kingdom,197,197,1,125,18,1,295.15,295.15,295.15,0.0,0,0,1
15123,2011-09-10,United Kingdom,115,115,1,509,53,1,1069.47,1069.47,1069.47,0.0,0,0,1
15124,2011-09-10,United Kingdom,100,100,1,89,9,1,90.75,90.75,90.75,0.0,0,0,1
15135,2011-09-10,United Kingdom,148,148,1,43,9,1,139.05,139.05,139.05,0.0,1,2,0
15139,2011-09-10,United Kingdom,148,245,2,208,13,2,178.96,89.48,122.1,96.0,0,0,0
15143,2011-09-10,United Kingdom,134,134,1,150,14,1,259.45,259.45,259.45,0.0,0,0,0
15145,2011-09-10,United Kingdom,136,157,2,438,35,1,724.03,362.02,422.23,21.0,0,0,1
15147,2011-09-10,United Kingdom,149,149,1,366,28,1,623.5,623.5,623.5,0.0,1,3,0
15160,2011-09-10,United Kingdom,266,266,1,84,4,1,158.16,158.16,158.16,0.0,0,0,0
15163,2011-09-10,United Kingdom,101,101,1,48,10,1,155.0,155.0,155.0,0.0,0,0,1
15164,2011-09-10,United Kingdom,117,248,2,143,52,2,368.18,184.09,194.79,130.0,0,0,1
15165,2011-09-10,United Kingdom,282,282,1,160,27,1,487.75,487.75,487.75,0.0,0,0,0
15167,2011-09-10,United Kingdom,229,229,1,67,39,1,163.0,163.0,163.0,0.0,0,0,0
15171,2011-09-10,United Kingdom,240,240,1,290,5,1,1289.5,1289.5,1289.5,0.0,1,100,0
15174,2011-09-10,United Kingdom,231,231,1,145,11,1,135.75,135.75,135.75,0.0,0,0,0
15178,2011-09-10,United Kingdom,169,169,1,30,3,1,40.5,40.5,40.5,0.0,0,0,0
15179,2011-09-10,United Kingdom,142,228,3,1294,45,2,1455.12,485.04,1285.62,42.5,1,30,1
15180,2011-09-10,United Kingdom,276,276,1,36,6,1,87.5,87.5,87.5,0.0,0,0,0
15184,2011-09-10,United Kingdom,99,99,1,73,20,1,235.23,235.23,235.23,0.0,0,0,1
15197,2011-09-10,United Kingdom,161,267,2,202,15,2,773.25,386.62,556.5,105.0,1,12,1
15204,2011-09-10,United Kingdom,266,266,1,258,9,1,316.58,316.58,316.58,0.0,0,0,0
15210,2011-09-10,United Kingdom,134,134,1,228,20,1,331.18,331.18,331.18,0.0,0,0,0
15211,2011-09-10,United Kingdom,274,274,1,117,23,1,383.07,383.07,383.07,0.0,0,0,1
15212,2011-09-10,United Kingdom,150,150,1,36,5,1,101.8,101.8,101.8,0.0,1,3,0
15213,2011-09-10,United Kingdom,227,238,2,272,22,1,328.35,164.18,313.2,11.0,1,2,0
15214,2011-09-10,United Kingdom,92,151,2,556,46,2,651.63,325.82,514.93,58.0,0,0,1
15221,2011-09-10,United Kingdom,275,275,1,43,5,1,403.25,403.25,403.25,0.0,1,18,0
15222,2011-09-10,United Kingdom,227,227,1,440,5,1,585.0,585.0,585.0,0.0,0,0,0
15223,2011-09-10,United Kingdom,134,158,2,213,14,1,755.75,377.88,454.9,23.0,1,115,0
15224,2011-09-10,United Kingdom,267,271,2,152,13,1,322.08,161.04,310.48,4.0,1,2,0
15225,2011-09-10,United Kingdom,143,143,1,226,23,1,409.4,409.4,409.4,0.0,0,0,0
15226,2011-09-10,United Kingdom,219,219,1,71,8,1,154.41,154.41,154.41,0.0,0,0,0
15227,2011-09-10,United Kingdom,124,226,3,589,36,3,876.82,292.27,318.23,50.5,0,0,1
15230,2011-09-10,United Kingdom,148,149,2,351,23,1,429.6,214.8,370.2,1.0,0,0,0
15234,2011-09-10,United Kingdom,185,185,1,196,14,1,197.0,197.0,197.0,0.0,0,0,0
15235,2011-09-10,United Kingdom,126,282,12,1324,132,5,2247.51,187.29,529.59,14.09,0,0,0
15236,2011-09-10,United Kingdom,207,207,1,269,15,1,321.05,321.05,321.05,0.0,0,0,0
15237,2011-09-10,United Kingdom,112,136,2,798,74,2,1093.65,546.83,938.92,23.0,0,0,1
15240,2011-09-10,United Kingdom,100,220,3,755,30,3,1045.38,348.46,416.28,60.0,2,8,1
15244,2011-09-10,United Kingdom,157,157,1,240,15,1,297.94,297.94,297.94,0.0,0,0,1
15246,2011-09-10,United Kingdom,147,267,2,247,32,2,514.15,257.08,328.15,120.0,0,0,0
15252,2011-09-10,United Kingdom,92,92,1,99,14,1,300.55,300.55,300.55,0.0,0,0,1
15257,2011-09-10,United Kingdom,192,192,1,46,7,1,317.15,317.15,317.15,0.0,1,1,0
15262,2011-09-10,United Kingdom,232,232,1,73,10,1,178.95,178.95,178.95,0.0,0,0,0
15266,2011-09-10,United Kingdom,247,247,1,18,6,1,119.3,119.3,119.3,0.0,0,0,0
15279,2011-09-10,United Kingdom,263,263,1,189,19,1,290.51,290.51,290.51,0.0,1,4,0
15292,2011-09-10,United Kingdom,110,110,1,56,24,1,180.94,180.94,180.94,0.0,0,0,0
15303,2011-09-10,United Kingdom,199,199,1,248,31,1,574.02,574.02,574.02,0.0,0,0,0
15308,2011-09-10,United Kingdom,183,183,1,175,19,1,310.47,310.47,310.47,0.0,1,2,0
15314,2011-09-10,United Kingdom,108,108,1,313,24,1,327.97,327.97,327.97,0.0,0,0,0
15316,2011-09-10,United Kingdom,235,235,1,100,1,1,165.0,165.0,165.0,0.0,0,0,0
15319,2011-09-10,United Kingdom,192,192,1,175,16,1,204.5,204.5,204.5,0.0,0,0,0
15321,2011-09-10,United Kingdom,200,200,1,545,38,1,1159.47,1159.47,1159.47,0.0,0,0,1
15326,2011-09-10,United Kingdom,242,242,1,386,29,1,311.71,311.71,311.71,0.0,0,0,0
15332,2011-09-10,Lithuania,275,278,4,652,29,1,1661.06,415.26,1145.06,1.0,0,0,0
15333,2011-09-10,United Kingdom,117,117,1,344,16,1,1028.56,1028.56,1028.56,0.0,0,0,0
15339,2011-09-10,United Kingdom,227,227,1,159,40,1,257.9,257.9,257.9,0.0,0,0,1
15346,2011-09-10,United Kingdom,241,241,1,144,17,1,252.42,252.42,252.42,0.0,0,0,0
15347,2011-09-10,United Kingdom,275,275,1,130,5,1,201.6,201.6,201.6,0.0,0,0,0
15350,2011-09-10,United Kingdom,282,282,1,51,5,1,115.65,115.65,115.65,0.0,0,0,0
15351,2011-09-10,United Kingdom,278,278,1,129,49,1,274.67,274.67,274.67,0.0,1,7,1
15353,2011-09-10,United Kingdom,163,276,2,343,59,2,777.02,388.51,465.37,113.0,0,0,0
15361,2011-09-10,United Kingdom,270,270,1,336,7,1,418.92,418.92,418.92,0.0,0,0,0
15363,2011-09-10,United Kingdom,281,281,1,144,16,1,326.0,326.0,326.0,0.0,1,1,0
15366,2011-09-10,United Kingdom,267,267,1,61,8,1,105.54,105.54,105.54,0.0,0,0,1
15367,2011-09-10,United Kingdom,154,184,2,750,65,2,1416.18,708.09,764.58,29.0,1,2,1
15381,2011-09-10,United Kingdom,122,177,2,171,8,2,596.85,298.42,314.55,54.0,0,0,0
15382,2011-09-10,United Kingdom,93,204,4,1628,97,3,2127.12,531.78,1019.42,36.67,2,9,1
15386,2011-09-10,United Kingdom,95,95,1,446,31,1,394.14,394.14,394.14,0.0,0,0,0
15388,2011-09-10,Canada,179,179,1,88,10,1,140.54,140.54,140.54,0.0,0,0,0
15392,2011-09-10,United Kingdom,269,269,1,402,19,1,338.98,338.98,338.98,0.0,1,12,1
15393,2011-09-10,United Kingdom,190,190,1,94,8,1,124.1,124.1,124.1,0.0,0,0,1
15394,2011-09-10,United Kingdom,113,267,2,546,44,2,1436.44,718.22,848.78,154.0,0,0,1
15395,2011-09-10,United Kingdom,234,234,1,17,7,1,107.45,107.45,107.45,0.0,0,0,0
15397,2011-09-10,United Kingdom,198,198,1,20,6,1,94.0,94.0,94.0,0.0,0,0,0
15405,2011-09-10,United Kingdom,98,98,1,193,8,1,349.1,349.1,349.1,0.0,0,0,0
15406,2011-09-10,United Kingdom,210,210,1,130,42,1,252.29,252.29,252.29,0.0,0,0,1
15407,2011-09-10,United Kingdom,92,214,3,329,62,3,740.73,246.91,410.87,60.5,0,0,1
15408,2011-09-10,United Kingdom,173,173,1,106,34,1,267.18,267.18,267.18,0.0,0,0,0
15414,2011-09-10,United Kingdom,151,151,1,12,5,1,36.2,36.2,36.2,0.0,0,0,1
15415,2011-09-10,United Kingdom,222,222,1,575,46,1,572.81,572.81,572.81,0.0,0,0,0
15421,2011-09-10,United Kingdom,124,219,3,379,35,2,739.36,246.45,406.1,47.0,0,0,1
15422,2011-09-10,United Kingdom,232,232,2,38,6,1,97.7,48.85,55.5,0.0,0,0,0
15424,2011-09-10,United Kingdom,163,163,2,554,17,1,383.34,191.67,193.5,0.0,0,0,0
15426,2011-09-10,United Kingdom,166,278,2,265,101,2,662.98,331.49,411.42,112.0,1,1,1
15433,2011-09-10,United Kingdom,122,176,2,534,40,2,533.3,266.65,372.64,53.0,0,0,0
15436,2011-09-10,United Kingdom,143,143,1,251,124,1,489.05,489.05,489.05,0.0,0,0,1
15437,2011-09-10,United Kingdom,171,171,1,79,44,1,200.16,200.16,200.16,0.0,0,0,0
15442,2011-09-10,United Kingdom,157,157,1,120,2,1,594.0,594.0,594.0,0.0,0,0,0
15445,2011-09-10,United Kingdom,173,173,1,58,5,1,113.5,113.5,113.5,0.0,0,0,0
15447,2011-09-10,United Kingdom,239,239,1,85,9,1,155.17,155.17,155.17,0.0,0,0,0
15448,2011-09-10,United Kingdom,221,221,1,232,28,1,494.64,494.64,494.64,0.0,0,0,0
15449,2011-09-10,United Kingdom,94,170,2,516,30,2,647.7,323.85,345.92,76.0,1,1,1
15452,2011-09-10,United Kingdom,173,173,1,137,36,1,247.25,247.25,247.25,0.0,0,0,1
15454,2011-09-10,United Kingdom,271,271,1,86,23,1,179.1,179.1,179.1,0.0,0,0,0
15456,2011-09-10,United Kingdom,192,268,3,660,48,2,447.22,149.07,243.22,37.5,0,0,0
15457,2011-09-10,United Kingdom,171,171,1,132,56,1,237.07,237.07,237.07,0.0,0,0,0
15460,2011-09-10,United Kingdom,263,263,1,109,53,1,216.76,216.76,216.76,0.0,0,0,0
15464,2011-09-10,United Kingdom,247,247,1,350,155,1,1048.85,1048.85,1048.85,0.0,0,0,0
15485,2011-09-10,United Kingdom,245,282,2,603,33,2,1278.63,639.32,950.09,37.0,0,0,1
15489,2011-09-10,United Kingdom,120,120,1,220,23,1,348.26,348.26,348.26,0.0,0,0,1
15497,2011-09-10,United Kingdom,228,228,1,528,10,1,970.6,970.6,970.6,0.0,1,2,1
15503,2011-09-10,United Kingdom,271,271,1,74,66,1,147.09,147.09,147.09,0.0,0,0,0
15508,2011-09-10,United Kingdom,98,144,6,440,78,3,1000.27,166.71,311.42,9.2,0,0,0
15510,2011-09-10,United Kingdom,239,239,1,2,1,1,250.0,250.0,250.0,0.0,0,0,0
15514,2011-09-10,United Kingdom,134,273,6,1216,50,3,2561.94,426.99,1136.32,27.6,2,369,1
15517,2011-09-10,United Kingdom,142,142,1,293,27,1,267.03,267.03,267.03,0.0,0,0,0
15525,2011-09-10,United Kingdom,282,282,1,124,44,1,313.93,313.93,313.93,0.0,0,0,1
15528,2011-09-10,United Kingdom,163,163,1,123,26,1,229.33,229.33,229.33,0.0,0,0,0
15543,2011-09-10,United Kingdom,197,197,1,86,26,1,127.86,127.86,127.86,0.0,0,0,0
15545,2011-09-10,United Kingdom,280,280,1,75,31,1,135.33,135.33,135.33,0.0,0,0,1
15552,2011-09-10,United Kingdom,126,126,1,60,17,1,90.12,90.12,90.12,0.0,0,0,0
15554,2011-09-10,United Kingdom,186,186,1,74,14,1,217.2,217.2,217.2,0.0,0,0,0
15562,2011-09-10,United Kingdom,260,260,1,39,1,1,134.55,134.55,134.55,0.0,0,0,0
15563,2011-09-10,United Kingdom,109,267,2,742,55,2,735.62,367.81,465.43,158.0,0,0,1
15579,2011-09-10,United Kingdom,222,222,1,56,25,1,199.6,199.6,199.6,0.0,0,0,1
15589,2011-09-10,United Kingdom,164,219,3,243,28,2,478.53,159.51,263.58,27.0,1,1,0
15599,2011-09-10,United Kingdom,113,113,1,361,29,1,448.83,448.83,448.83,0.0,0,0,1
15602,2011-09-10,United Kingdom,109,277,5,345,12,3,542.95,108.59,192.2,41.75,6,140,1
15605,2011-09-10,United Kingdom,161,282,3,266,37,3,690.18,230.06,312.58,60.5,0,0,1
15607,2011-09-10,United Kingdom,245,245,1,202,13,1,104.76,104.76,104.76,0.0,0,0,0
15609,2011-09-10,United Kingdom,93,93,1,148,16,1,298.48,298.48,298.48,0.0,1,3,0
15620,2011-09-10,United Kingdom,129,267,2,600,59,2,875.01,437.5,450.52,137.0,2,13,1
15622,2011-09-10,United Kingdom,106,191,5,1225,127,3,2602.0,520.4,1537.2,21.25,5,15,1
15626,2011-09-10,United Kingdom,238,238,1,312,20,1,281.88,281.88,281.88,0.0,0,0,1
15630,2011-09-10,United Kingdom,113,113,1,280,21,1,396.86,396.86,396.86,0.0,1,1,1
15636,2011-09-10,United Kingdom,191,191,1,82,8,1,306.7,306.7,306.7,0.0,0,0,1
15643,2011-09-10,United Kingdom,100,191,3,246,31,2,664.0,221.33,337.1,45.0,3,4,0
15648,2011-09-10,United Kingdom,113,176,2,221,23,2,657.35,328.68,340.5,62.0,2,8,0
15649,2011-09-10,United Kingdom,245,276,2,192,1,2,816.0,408.0,510.0,31.0,0,0,0
15651,2011-09-10,United Kingdom,169,169,1,238,16,1,227.32,227.32,227.32,0.0,0,0,1
15655,2011-09-10,United Kingdom,152,152,1,324,34,1,560.67,560.67,560.67,0.0,1,5,0
15658,2011-09-10,United Kingdom,99,281,5,242,40,5,1024.1,204.82,418.95,45.5,3,10,0
15661,2011-09-10,United Kingdom,226,247,2,236,4,1,309.8,154.9,193.8,21.0,0,0,0
15668,2011-09-10,United Kingdom,126,126,1,72,1,1,76.32,76.32,76.32,0.0,0,0,0
15670,2011-09-10,United Kingdom,205,205,1,91,12,1,173.05,173.05,173.05,0.0,0,0,0
15674,2011-09-10,United Kingdom,122,163,4,626,39,3,1379.66,344.92,355.12,13.67,3,200,1
15676,2011-09-10,United Kingdom,192,192,1,555,61,1,897.8,897.8,897.8,0.0,1,4,1
15680,2011-09-10,United Kingdom,275,275,1,331,30,1,478.89,478.89,478.89,0.0,0,0,1
15681,2011-09-10,United Kingdom,92,189,3,450,22,2,703.22,234.41,345.68,48.5,0,0,1
15687,2011-09-10,United Kingdom,95,239,5,657,69,4,1679.45,335.89,379.1,35.75,2,2,1
15691,2011-09-10,United Kingdom,161,161,1,72,2,1,136.8,136.8,136.8,0.0,0,0,0
15695,2011-09-10,United Kingdom,175,175,2,212,22,1,409.98,204.99,359.73,0.0,0,0,0
15696,2011-09-10,United Kingdom,129,235,6,718,89,3,1637.9,272.98,493.45,21.2,3,5,1
15703,2011-09-10,United Kingdom,173,173,1,66,5,1,211.5,211.5,211.5,0.0,0,0,0
15705,2011-09-10,United Kingdom,110,110,1,62,6,1,143.1,143.1,143.1,0.0,0,0,0
15709,2011-09-10,United Kingdom,192,192,1,121,6,1,133.25,133.25,133.25,0.0,0,0,0
15717,2011-09-10,United Kingdom,143,143,1,70,7,1,150.3,150.3,150.3,0.0,0,0,0
15723,2011-09-10,United Kingdom,273,273,1,87,37,1,203.1,203.1,203.1,0.0,0,0,0
15724,2011-09-10,United Kingdom,110,193,2,73,11,2,218.25,109.12,114.6,83.0,1,1,0
15729,2011-09-10,United Kingdom,121,121,1,28,5,1,85.0,85.0,85.0,0.0,1,4,0
15732,2011-09-10,United Kingdom,121,281,2,215,13,2,294.12,147.06,156.02,159.0,0,0,0
15733,2011-09-10,United Kingdom,191,191,1,62,10,1,162.3,162.3,162.3,0.0,0,0,0
15745,2011-09-10,United Kingdom,145,145,1,127,18,1,302.85,302.85,302.85,0.0,0,0,1
15749,2011-09-10,United Kingdom,144,241,3,18028,5,2,44534.3,14844.77,21535.9,48.5,1,9014,0
15753,2011-09-10,United Kingdom,213,213,1,144,1,1,79.2,79.2,79.2,0.0,0,0,0
15754,2011-09-10,United Kingdom,155,155,1,36,6,1,91.8,91.8,91.8,0.0,0,0,1
15757,2011-09-10,United Kingdom,126,126,1,167,16,1,261.36,261.36,261.36,0.0,0,0,1
15759,2011-09-10,United Kingdom,127,267,3,60,5,3,253.04,84.35,97.24,69.5,0,0,0
15775,2011-09-10,United Kingdom,154,154,1,68,7,1,104.9,104.9,104.9,0.0,0,0,0
15777,2011-09-10,United Kingdom,150,270,4,378,18,3,1047.11,261.78,365.55,40.0,1,3,0
15780,2011-09-10,United Kingdom,92,266,3,220,26,3,475.28,158.43,225.61,87.0,0,0,0
15789,2011-09-10,United Kingdom,267,267,1,438,25,1,351.3,351.3,351.3,0.0,0,0,0
15791,2011-09-10,United Kingdom,113,113,1,558,54,1,1223.24,1223.24,1223.24,0.0,1,1,1
15793,2011-09-10,United Kingdom,177,177,1,192,3,1,306.64,306.64,306.64,0.0,0,0,1
15799,2011-09-10,United Kingdom,94,243,2,539,37,2,481.24,240.62,320.22,149.0,0,0,1
15808,2011-09-10,United Kingdom,215,278,4,1343,142,3,3734.97,933.74,1228.4,21.0,1,2,0
15809,2011-09-10,United Kingdom,93,211,4,251,24,4,399.21,99.8,198.8,39.33,0,0,1
15813,2011-09-10,United Kingdom,116,148,2,603,40,2,1303.91,651.95,770.65,31.0,0,0,0
15820,2011-09-10,United Kingdom,228,228,1,128,17,1,206.98,206.98,206.98,0.0,0,0,0
15822,2011-09-10,United Kingdom,268,268,1,160,16,1,440.2,440.2,440.2,0.0,0,0,1
15823,2011-09-10,United Kingdom,281,281,1,1,1,1,15.0,15.0,15.0,0.0,1,284,0
15826,2011-09-10,United Kingdom,119,119,1,488,28,1,720.0,720.0,720.0,0.0,0,0,1
15832,2011-09-10,United Kingdom,163,163,1,465,54,1,836.79,836.79,836.79,0.0,0,0,0
15841,2011-09-10,United Kingdom,127,247,2,366,19,2,613.26,306.63,331.6,120.0,1,12,1
15843,2011-09-10,United Kingdom,212,212,1,27,8,1,118.95,118.95,118.95,0.0,0,0,0
15847,2011-09-10,United Kingdom,197,197,1,348,9,1,180.68,180.68,180.68,0.0,0,0,1
15852,2011-09-10,United Kingdom,95,106,2,48,22,2,160.71,80.36,103.21,10.0,0,0,0
15858,2011-09-10,United Kingdom,198,276,2,725,91,2,816.22,408.11,432.29,77.0,0,0,1
15863,2011-09-10,United Kingdom,101,101,1,2,2,1,9.2,9.2,9.2,0.0,0,0,1
15865,2011-09-10,United Kingdom,122,122,1,178,16,1,313.93,313.93,313.93,0.0,0,0,1
15869,2011-09-10,United Kingdom,186,186,2,175,13,1,149.64,74.82,88.05,0.0,0,0,0
15880,2011-09-10,United Kingdom,278,278,1,211,95,1,343.28,343.28,343.28,0.0,1,24,0
15881,2011-09-10,United Kingdom,221,273,5,260,26,2,501.39,100.28,339.29,13.0,3,61,0
15882,2011-09-10,United Kingdom,107,277,4,276,23,2,516.36,129.09,270.52,56.33,1,10,0
15891,2011-09-10,United Kingdom,135,135,1,442,60,1,524.52,524.52,524.52,0.0,0,0,0
15894,2011-09-10,United Kingdom,162,278,2,168,35,2,263.55,131.78,156.74,115.0,0,0,0
15897,2011-09-10,United Kingdom,103,103,2,261,17,1,222.05,111.02,119.71,0.0,0,0,0
15898,2011-09-10,United Kingdom,135,277,4,424,67,3,1002.99,250.75,382.69,47.0,1,2,1
15899,2011-09-10,United Kingdom,277,277,1,39,4,1,56.25,56.25,56.25,0.0,0,0,0
15903,2011-09-10,United Kingdom,136,204,2,676,19,2,641.64,320.82,480.36,67.0,1,1,1
15916,2011-09-10,United Kingdom,100,275,5,395,64,4,848.53,169.71,342.61,43.5,1,2,1
15917,2011-09-10,United Kingdom,156,156,1,42,12,1,123.1,123.1,123.1,0.0,0,0,0
15918,2011-09-10,United Kingdom,99,180,2,153,33,2,334.23,167.12,192.23,80.0,0,0,0
15919,2011-09-10,United Kingdom,277,277,1,242,38,1,270.72,270.72,270.72,0.0,0,0,1
15922,2011-09-10,United Kingdom,282,282,1,138,11,1,369.5,369.5,369.5,0.0,1,2,0
15923,2011-09-10,United Kingdom,281,281,1,122,21,1,127.08,127.08,127.08,0.0,0,0,0
15925,2011-09-10,United Kingdom,103,103,1,93,12,1,207.15,207.15,207.15,0.0,0,0,0
15935,2011-09-10,United Kingdom,148,150,2,115,12,1,416.86,208.43,308.82,2.0,0,0,0
15940,2011-09-10,United Kingdom,220,220,1,4,1,1,35.8,35.8,35.8,0.0,1,1,0
15944,2011-09-10,United Kingdom,185,185,1,50,6,1,325.1,325.1,325.1,0.0,0,0,0
15945,2011-09-10,United Kingdom,274,274,1,52,2,1,181.0,181.0,181.0,0.0,0,0,0
15951,2011-09-10,United Kingdom,194,194,1,174,22,1,375.17,375.17,375.17,0.0,0,0,1
15953,2011-09-10,United Kingdom,120,278,4,451,29,4,826.14,206.54,242.03,52.33,1,2,1
15965,2011-09-10,United Kingdom,276,276,1,74,16,1,156.19,156.19,156.19,0.0,0,0,1
15967,2011-09-10,United Kingdom,227,227,1,62,32,1,173.8,173.8,173.8,0.0,0,0,1
15969,2011-09-10,United Kingdom,94,94,1,44,10,1,308.7,308.7,308.7,0.0,0,0,1
15970,2011-09-10,United Kingdom,212,212,1,116,11,1,314.1,314.1,314.1,0.0,0,0,0
15973,2011-09-10,United Kingdom,275,275,1,106,4,1,307.82,307.82,307.82,0.0,2,19,0
15980,2011-09-10,United Kingdom,163,163,1,592,20,1,760.18,760.18,760.18,0.0,0,0,1
15983,2011-09-10,United Kingdom,269,282,3,700,57,1,1148.27,382.76,440.89,6.5,0,0,1
15990,2011-09-10,United Kingdom,196,196,1,171,23,1,401.37,401.37,401.37,0.0,0,0,1
16005,2011-09-10,United Kingdom,91,179,2,127,77,2,298.08,149.04,177.59,88.0,0,0,1
16006,2011-09-10,United Kingdom,120,120,1,84,8,1,101.4,101.4,101.4,0.0,0,0,0
16008,2011-09-10,United Kingdom,113,113,1,75,6,1,139.15,139.15,139.15,0.0,0,0,1
16010,2011-09-10,United Kingdom,154,271,3,210,62,2,407.5,135.83,178.65,58.0,0,0,0
16016,2011-09-10,United Kingdom,105,275,4,311,99,3,817.57,204.39,382.27,56.67,1,1,1
16022,2011-09-10,United Kingdom,169,169,1,261,68,1,628.28,628.28,628.28,0.0,0,0,0
16023,2011-09-10,United Kingdom,101,175,2,227,59,2,500.69,250.35,322.85,74.0,0,0,1
16030,2011-09-10,United Kingdom,218,218,1,283,28,1,331.24,331.24,331.24,0.0,0,0,0
16034,2011-09-10,United Kingdom,105,241,3,242,18,2,437.7,145.9,153.6,68.0,0,0,0
16036,2011-09-10,United Kingdom,172,172,1,127,11,1,188.73,188.73,188.73,0.0,0,0,1
16037,2011-09-10,United Kingdom,178,267,3,428,37,3,855.02,285.01,303.0,44.0,0,0,0
16043,2011-09-10,United Kingdom,120,226,3,342,22,3,676.49,225.5,307.85,53.0,0,0,1
16048,2011-09-10,United Kingdom,282,282,2,144,8,1,256.44,128.22,251.4,0.0,0,0,0
16055,2011-09-10,United Kingdom,129,129,1,22,8,1,134.8,134.8,134.8,0.0,0,0,0
16063,2011-09-10,United Kingdom,169,169,1,262,23,1,335.32,335.32,335.32,0.0,0,0,0
16065,2011-09-10,United Kingdom,274,274,1,231,71,1,372.09,372.09,372.09,0.0,0,0,0
16072,2011-09-10,United Kingdom,197,197,1,140,23,1,584.32,584.32,584.32,0.0,0,0,0
16073,2011-09-10,United Kingdom,206,206,1,48,1,1,122.4,122.4,122.4,0.0,1,11,0
16078,2011-09-10,United Kingdom,192,192,1,16,1,1,79.2,79.2,79.2,0.0,0,0,0
16080,2011-09-10,United Kingdom,183,183,1,66,5,1,130.26,130.26,130.26,0.0,1,24,1
16081,2011-09-10,United Kingdom,94,275,3,476,57,3,992.37,330.79,424.24,90.5,0,0,1
16084,2011-09-10,United Kingdom,208,208,1,216,38,1,436.18,436.18,436.18,0.0,0,0,0
16085,2011-09-10,United Kingdom,145,229,2,224,48,2,325.04,162.52,181.35,84.0,0,0,1
16094,2011-09-10,United Kingdom,128,128,1,164,16,1,252.1,252.1,252.1,0.0,2,14,1
16096,2011-09-10,United Kingdom,173,173,1,155,12,1,320.62,320.62,320.62,0.0,0,0,0
16097,2011-09-10,United Kingdom,149,149,1,87,10,1,185.05,185.05,185.05,0.0,0,0,0
16105,2011-09-10,United Kingdom,157,157,1,330,13,1,336.96,336.96,336.96,0.0,0,0,0
16109,2011-09-10,United Kingdom,127,217,2,612,18,2,611.88,305.94,315.0,89.0,0,0,0
16110,2011-09-10,United Kingdom,171,220,2,353,173,2,693.93,346.96,409.7,48.0,0,0,1
16113,2011-09-10,United Kingdom,92,92,1,176,30,1,161.38,161.38,161.38,0.0,0,0,0
16116,2011-09-10,United Kingdom,120,120,1,248,34,1,612.78,612.78,612.78,0.0,1,2,0
16117,2011-09-10,United Kingdom,98,98,1,130,30,1,232.21,232.21,232.21,0.0,0,0,0
16121,2011-09-10,United Kingdom,124,124,1,142,60,1,287.89,287.89,287.89,0.0,0,0,1
16124,2011-09-10,United Kingdom,226,226,1,48,11,1,249.0,249.0,249.0,0.0,1,7,0
16125,2011-09-10,United Kingdom,276,276,1,124,13,1,289.35,289.35,289.35,0.0,0,0,0
16134,2011-09-10,United Kingdom,268,268,1,158,16,1,283.53,283.53,283.53,0.0,1,14,1
16135,2011-09-10,United Kingdom,171,171,1,209,21,1,517.55,517.55,517.55,0.0,0,0,0
16136,2011-09-10,United Kingdom,186,186,1,66,8,1,159.3,159.3,159.3,0.0,0,0,1
16140,2011-09-10,United Kingdom,280,280,1,104,7,1,124.14,124.14,124.14,0.0,0,0,1
16142,2011-09-10,United Kingdom,158,158,1,422,37,1,535.34,535.34,535.34,0.0,0,0,0
16144,2011-09-10,United Kingdom,155,155,1,16,1,1,175.2,175.2,175.2,0.0,0,0,0
16148,2011-09-10,United Kingdom,205,205,1,72,1,1,76.32,76.32,76.32,0.0,0,0,0
16152,2011-09-10,United Kingdom,177,177,1,642,29,1,1829.04,1829.04,1829.04,0.0,0,0,0
16159,2011-09-10,United Kingdom,190,190,1,236,14,1,348.2,348.2,348.2,0.0,0,0,0
16162,2011-09-10,United Kingdom,161,161,1,4,2,1,37.4,37.4,37.4,0.0,0,0,0
16163,2011-09-10,United Kingdom,141,274,2,192,5,2,856.6,428.3,441.6,132.0,1,100,0
16185,2011-09-10,United Kingdom,141,141,1,153,19,1,335.0,335.0,335.0,0.0,0,0,1
16191,2011-09-10,United Kingdom,171,269,8,1612,25,4,2615.68,326.96,596.4,13.86,7,32,1
16193,2011-09-10,United Kingdom,145,145,1,219,19,1,314.45,314.45,314.45,0.0,0,0,0
16202,2011-09-10,United Kingdom,269,269,1,191,18,1,365.27,365.27,365.27,0.0,0,0,0
16208,2011-09-10,United Kingdom,198,198,1,243,40,1,497.59,497.59,497.59,0.0,0,0,1
16212,2011-09-10,United Kingdom,192,192,1,151,30,1,498.15,498.15,498.15,0.0,1,3,1
16216,2011-09-10,United Kingdom,176,176,1,254,37,1,914.93,914.93,914.93,0.0,0,0,0
16217,2011-09-10,United Kingdom,144,191,2,91,13,2,304.25,152.12,183.0,46.0,2,15,0
16221,2011-09-10,United Kingdom,184,276,2,267,29,2,315.37,157.68,166.74,91.0,0,0,1
16222,2011-09-10,United Kingdom,227,227,1,365,120,1,846.72,846.72,846.72,0.0,0,0,0
16226,2011-09-10,United Kingdom,112,144,3,192,6,2,255.12,85.04,130.8,16.0,0,0,0
16227,2011-09-10,United Kingdom,134,134,1,90,6,1,314.22,314.22,314.22,0.0,1,2,0
16229,2011-09-10,United Kingdom,121,121,1,92,12,1,358.2,358.2,358.2,0.0,0,0,1
16230,2011-09-10,United Kingdom,98,129,2,365,32,2,542.03,271.02,275.93,30.0,0,0,0
16233,2011-09-10,United Kingdom,238,275,2,90,9,2,326.5,163.25,179.1,36.0,2,9,1
16235,2011-09-10,United Kingdom,95,241,3,251,34,3,665.29,221.76,320.83,72.5,1,2,1
16239,2011-09-10,United Kingdom,98,98,1,182,15,1,347.9,347.9,347.9,0.0,1,10,1
16244,2011-09-10,United Kingdom,120,281,2,855,88,2,1522.75,761.38,1056.63,160.0,0,0,0
16250,2011-09-10,United Kingdom,170,282,2,208,22,2,389.44,194.72,226.14,112.0,0,0,0
16253,2011-09-10,United Kingdom,164,164,1,1340,53,1,1700.4,1700.4,1700.4,0.0,0,0,1
16256,2011-09-10,United Kingdom,175,175,1,581,13,1,752.43,752.43,752.43,0.0,1,4,0
16270,2011-09-10,United Kingdom,262,262,1,688,54,1,1141.24,1141.24,1141.24,0.0,0,0,0
16274,2011-09-10,United Kingdom,282,282,1,155,64,1,357.95,357.95,357.95,0.0,0,0,0
16275,2011-09-10,United Kingdom,105,105,1,336,33,1,559.87,559.87,559.87,0.0,0,0,0
16282,2011-09-10,United Kingdom,248,248,1,114,11,1,168.3,168.3,168.3,0.0,0,0,0
16297,2011-09-10,United Kingdom,177,177,1,206,20,1,301.9,301.9,301.9,0.0,3,26,0
16298,2011-09-10,United Kingdom,95,95,1,50,7,1,114.3,114.3,114.3,0.0,0,0,1
16306,2011-09-10,United Kingdom,122,276,6,487,36,4,632.27,105.38,335.3,30.6,3,16,0
16315,2011-09-10,United Kingdom,239,239,1,75,14,1,226.37,226.37,226.37,0.0,0,0,0
16319,2011-09-10,United Kingdom,126,126,1,72,3,1,404.4,404.4,404.4,0.0,0,0,0
16321,2011-09-10,Australia,214,232,3,63,5,2,223.65,74.55,87.75,9.0,1,21,1
16323,2011-09-10,United Kingdom,105,105,1,50,1,1,207.5,207.5,207.5,0.0,0,0,0
16327,2011-09-10,United Kingdom,108,278,4,1618,119,4,2469.64,617.41,729.07,56.67,0,0,1
16339,2011-09-10,United Kingdom,193,193,1,23,17,1,109.95,109.95,109.95,0.0,0,0,0
16341,2011-09-10,United Kingdom,110,110,1,534,29,1,797.65,797.65,797.65,0.0,1,5,1
16349,2011-09-10,United Kingdom,199,199,1,9,9,1,53.5,53.5,53.5,0.0,0,0,0
16350,2011-09-10,United Kingdom,242,242,1,196,22,1,376.7,376.7,376.7,0.0,1,3,1
16351,2011-09-10,United Kingdom,241,241,1,90,8,1,153.9,153.9,153.9,0.0,0,0,0
16356,2011-09-10,United Kingdom,106,186,3,93,20,3,211.77,70.59,107.67,39.5,1,1,0
16358,2011-09-10,United Kingdom,93,93,1,221,22,1,462.15,462.15,462.15,0.0,1,1,1
16367,2011-09-10,United Kingdom,271,271,1,91,33,1,170.91,170.91,170.91,0.0,0,0,1
16369,2011-09-10,United Kingdom,105,105,1,199,15,1,354.45,354.45,354.45,0.0,0,0,1
16374,2011-09-10,United Kingdom,171,171,1,52,26,1,156.3,156.3,156.3,0.0,0,0,1
16377,2011-09-10,United Kingdom,176,176,1,1500,5,1,676.2,676.2,676.2,0.0,0,0,0
16378,2011-09-10,United Kingdom,156,219,3,267,22,2,362.95,120.98,144.2,31.5,0,0,0
16383,2011-09-10,United Kingdom,177,177,1,298,48,1,309.46,309.46,309.46,0.0,0,0,1
16384,2011-09-10,United Kingdom,172,172,1,200,24,1,409.1,409.1,409.1,0.0,0,0,1
16386,2011-09-10,United Kingdom,162,162,1,26,4,1,61.1,61.1,61.1,0.0,0,0,1
16387,2011-09-10,United Kingdom,231,231,1,44,4,1,94.36,94.36,94.36,0.0,0,0,0
16389,2011-09-10,United Kingdom,114,192,2,307,16,2,670.17,335.08,550.52,77.0,0,0,1
16392,2011-09-10,United Kingdom,178,178,1,203,41,1,221.19,221.19,221.19,0.0,0,0,0
16399,2011-09-10,United Kingdom,144,144,1,159,31,1,178.41,178.41,178.41,0.0,0,0,1
16402,2011-09-10,United Kingdom,173,278,2,149,55,2,299.6,149.8,211.8,104.0,0,0,0
16403,2011-09-10,United Kingdom,221,221,1,114,10,1,177.5,177.5,177.5,0.0,1,11,0
16405,2011-09-10,United Kingdom,211,219,2,187,3,1,167.25,83.62,160.4,7.0,0,0,0
16411,2011-09-10,United Kingdom,278,278,1,70,19,1,131.5,131.5,131.5,0.0,0,0,1
16414,2011-09-10,United Kingdom,189,189,1,16,3,1,50.8,50.8,50.8,0.0,0,0,1
16424,2011-09-10,United Kingdom,100,100,1,88,5,1,133.56,133.56,133.56,0.0,1,6,0
16425,2011-09-10,United Kingdom,211,211,1,199,21,1,302.7,302.7,302.7,0.0,0,0,0
16427,2011-09-10,United Kingdom,172,193,2,156,8,2,241.06,120.53,131.26,21.0,0,0,0
16431,2011-09-10,United Kingdom,122,206,3,453,51,2,642.81,214.27,298.88,42.0,0,0,0
16440,2011-09-10,United Kingdom,123,123,1,115,35,1,272.46,272.46,272.46,0.0,0,0,1
16441,2011-09-10,United Kingdom,200,200,1,110,12,1,211.0,211.0,211.0,0.0,0,0,1
16442,2011-09-10,United Kingdom,136,269,2,354,99,2,437.03,218.52,285.37,133.0,0,0,1
16446,2011-09-10,United Kingdom,114,114,1,2,2,1,2.9,2.9,2.9,0.0,0,0,0
16448,2011-09-10,United Kingdom,107,107,1,78,19,1,188.89,188.89,188.89,0.0,0,0,0
16449,2011-09-10,United Kingdom,106,189,2,367,40,2,707.69,353.84,416.69,82.0,1,8,0
16457,2011-09-10,United Kingdom,127,127,1,140,9,1,208.36,208.36,208.36,0.0,0,0,0
16462,2011-09-10,United Kingdom,94,192,2,8,1,2,68.0,34.0,34.0,98.0,0,0,1
16463,2011-09-10,United Kingdom,113,113,1,179,19,1,319.37,319.37,319.37,0.0,1,1,1
16469,2011-09-10,United Kingdom,155,155,2,114,52,1,276.88,138.44,179.18,0.0,0,0,1
16471,2011-09-10,United Kingdom,183,183,1,141,13,1,223.95,223.95,223.95,0.0,0,0,0
16483,2011-09-10,United Kingdom,101,101,1,44,19,1,139.35,139.35,139.35,0.0,0,0,0
16494,2011-09-10,United Kingdom,205,205,1,675,47,1,826.53,826.53,826.53,0.0,0,0,0
16495,2011-09-10,United Kingdom,185,185,2,166,32,1,246.51,123.26,238.01,0.0,0,0,1
16496,2011-09-10,United Kingdom,116,225,2,784,71,2,1185.04,592.52,736.7,109.0,1,20,1
16497,2011-09-10,United Kingdom,112,242,5,789,82,3,1550.7,310.14,718.64,32.5,0,0,1
16499,2011-09-10,United Kingdom,269,273,2,127,18,1,365.45,182.73,218.1,4.0,3,5,0
16500,2011-09-10,United Kingdom,239,239,1,1,1,1,165.0,165.0,165.0,0.0,0,0,1
16509,2011-09-10,United Kingdom,205,205,1,64,13,1,363.7,363.7,363.7,0.0,0,0,0
16510,2011-09-10,United Kingdom,281,281,1,92,13,1,248.1,248.1,248.1,0.0,0,0,0
16517,2011-09-10,United Kingdom,186,186,1,96,17,1,162.7,162.7,162.7,0.0,0,0,0
16518,2011-09-10,United Kingdom,193,193,1,124,11,1,190.7,190.7,190.7,0.0,1,2,1
16519,2011-09-10,United Kingdom,274,274,1,24,5,1,103.7,103.7,103.7,0.0,0,0,1
16520,2011-09-10,United Kingdom,95,274,3,558,129,3,1046.57,348.86,423.65,89.5,1,1,0
16529,2011-09-10,United Kingdom,99,99,1,198,30,1,455.25,455.25,455.25,0.0,0,0,0
16539,2011-09-10,United Kingdom,128,282,3,421,34,2,1053.61,351.2,442.35,76.5,0,0,1
16546,2011-09-10,United Kingdom,199,281,2,549,25,2,787.15,393.58,487.75,81.0,1,852,0
16552,2011-09-10,United Kingdom,151,282,2,219,17,2,379.73,189.87,284.44,130.0,0,0,0
16554,2011-09-10,United Kingdom,131,240,2,129,21,2,314.11,157.06,313.26,109.0,3,28,1
16560,2011-09-10,United Kingdom,267,267,1,169,20,1,332.18,332.18,332.18,0.0,0,0,1
16565,2011-09-10,United Kingdom,273,273,1,46,3,1,173.7,173.7,173.7,0.0,0,0,0
16567,2011-09-10,United Kingdom,103,245,2,996,34,2,865.6,432.8,557.56,142.0,0,0,0
16573,2011-09-10,United Kingdom,199,199,1,111,16,1,292.63,292.63,292.63,0.0,1,5,1
16581,2011-09-10,United Kingdom,91,91,1,134,9,1,105.84,105.84,105.84,0.0,1,12,0
16583,2011-09-10,United Kingdom,282,282,1,111,14,1,233.45,233.45,233.45,0.0,0,0,0
16584,2011-09-10,United Kingdom,163,163,1,488,14,1,611.94,611.94,611.94,0.0,1,11,1
16586,2011-09-10,United Kingdom,157,157,1,95,8,1,463.95,463.95,463.95,0.0,0,0,0
16587,2011-09-10,United Kingdom,141,141,1,71,13,1,225.15,225.15,225.15,0.0,0,0,0
16593,2011-09-10,United Kingdom,98,236,2,85,20,2,255.5,127.75,185.9,138.0,0,0,1
16596,2011-09-10,United Kingdom,275,275,1,47,6,1,120.65,120.65,120.65,0.0,0,0,1
16598,2011-09-10,United Kingdom,194,194,1,73,10,1,145.05,145.05,145.05,0.0,1,3,0
16600,2011-09-10,United Kingdom,162,247,2,368,18,2,237.46,118.73,125.86,85.0,0,0,1
16610,2011-09-10,United Kingdom,128,128,1,66,6,1,75.66,75.66,75.66,0.0,0,0,0
16611,2011-09-10,United Kingdom,95,95,1,47,9,1,129.49,129.49,129.49,0.0,1,1,0
16614,2011-09-10,United Kingdom,91,91,1,223,26,1,506.19,506.19,506.19,0.0,0,0,0
16617,2011-09-10,United Kingdom,144,144,1,91,5,1,151.85,151.85,151.85,0.0,0,0,0
16618,2011-09-10,United Kingdom,119,231,4,771,44,3,1441.29,360.32,728.16,37.0,1,1,1
16619,2011-09-10,United Kingdom,172,172,1,133,14,1,226.21,226.21,226.21,0.0,1,4,0
16620,2011-09-10,United Kingdom,169,169,1,48,5,1,95.76,95.76,95.76,0.0,0,0,1
16623,2011-09-10,United Kingdom,154,154,1,39,5,1,129.45,129.45,129.45,0.0,0,0,0
16624,2011-09-10,United Kingdom,106,106,1,196,21,1,426.43,426.43,426.43,0.0,0,0,1
16625,2011-09-10,United Kingdom,183,183,1,164,23,1,333.08,333.08,333.08,0.0,0,0,0
16634,2011-09-10,United Kingdom,131,281,2,82,9,2,217.9,108.95,164.8,149.0,0,0,0
16639,2011-09-10,United Kingdom,115,144,2,159,19,2,471.15,235.58,308.2,29.0,0,0,1
16642,2011-09-10,United Kingdom,116,116,1,131,15,1,307.73,307.73,307.73,0.0,1,1,1
16643,2011-09-10,United Kingdom,154,154,1,269,27,1,487.51,487.51,487.51,0.0,0,0,0
16658,2011-09-10,United Kingdom,277,277,1,40,8,1,123.24,123.24,123.24,0.0,0,0,0
16659,2011-09-10,United Kingdom,98,98,1,72,2,1,39.12,39.12,39.12,0.0,0,0,0
16660,2011-09-10,United Kingdom,119,228,2,228,5,2,384.36,192.18,282.6,108.0,0,0,1
16665,2011-09-10,United Kingdom,271,271,1,59,9,1,135.4,135.4,135.4,0.0,0,0,0
16667,2011-09-10,United Kingdom,193,193,1,78,20,1,203.35,203.35,203.35,0.0,0,0,1
16676,2011-09-10,United Kingdom,122,246,3,412,58,3,1098.5,366.17,464.82,62.0,1,5,1
16679,2011-09-10,United Kingdom,275,275,1,29,3,1,129.75,129.75,129.75,0.0,0,0,0
16690,2011-09-10,United Kingdom,110,110,1,46,5,1,86.5,86.5,86.5,0.0,0,0,1
16692,2011-09-10,United Kingdom,165,198,2,152,2,2,1276.0,638.0,1267.5,32.0,0,0,0
16693,2011-09-10,United Kingdom,180,180,1,51,21,1,157.56,157.56,157.56,0.0,0,0,1
16697,2011-09-10,United Kingdom,150,150,1,27,20,1,112.75,112.75,112.75,0.0,0,0,0
16698,2011-09-10,United Kingdom,135,162,2,840,4,2,1998.0,999.0,1182.0,26.0,0,0,0
16709,2011-09-10,United Kingdom,108,190,4,521,42,3,1984.59,496.15,1120.53,27.33,0,0,1
16714,2011-09-10,United Kingdom,127,226,3,610,77,2,1161.53,387.18,1136.58,49.0,1,2,0
16716,2011-09-10,United Kingdom,175,220,2,120,1,2,901.2,450.6,734.4,44.0,1,76,0
16718,2011-09-10,United Kingdom,278,278,1,413,41,1,623.75,623.75,623.75,0.0,0,0,0
16721,2011-09-10,United Kingdom,171,171,1,172,37,1,292.47,292.47,292.47,0.0,0,0,0
16725,2011-09-10,United Kingdom,211,280,7,294,110,3,781.02,111.57,203.6,11.5,1,1,0
16726,2011-09-10,United Kingdom,105,270,4,541,71,3,795.19,198.8,413.22,54.67,0,0,1
16727,2011-09-10,United Kingdom,273,273,1,177,41,1,272.82,272.82,272.82,0.0,0,0,0
16730,2011-09-10,United Kingdom,143,228,2,750,35,2,480.94,240.47,293.92,84.0,1,96,1
16738,2011-09-10,United Kingdom,206,206,1,3,1,1,3.75,3.75,3.75,0.0,0,0,0
16748,2011-09-10,United Kingdom,126,243,3,492,27,3,910.2,303.4,479.0,58.0,0,0,1
16752,2011-09-10,United Kingdom,281,281,1,54,9,1,207.5,207.5,207.5,0.0,0,0,0
16754,2011-09-10,United Kingdom,281,281,1,4280,2,1,2002.4,2002.4,2002.4,0.0,0,0,0
16756,2011-09-10,United Kingdom,123,123,1,106,13,1,239.4,239.4,239.4,0.0,0,0,0
16757,2011-09-10,United Kingdom,227,227,1,81,7,1,106.83,106.83,106.83,0.0,0,0,0
16763,2011-09-10,United Kingdom,107,107,1,319,23,1,611.85,611.85,611.85,0.0,1,1,0
16765,2011-09-10,United Kingdom,203,203,1,4,1,1,34.0,34.0,34.0,0.0,0,0,0
16766,2011-09-10,United Kingdom,182,182,2,536,17,1,1145.6,572.8,572.8,0.0,0,0,0
16769,2011-09-10,United Kingdom,169,169,1,83,33,1,380.39,380.39,380.39,0.0,0,0,0
16770,2011-09-10,United Kingdom,145,281,4,371,82,3,656.48,164.12,269.3,45.0,1,12,1
16771,2011-09-10,United Kingdom,184,247,3,1052,154,3,1655.95,551.98,704.33,31.0,0,0,1
16777,2011-09-10,United Kingdom,166,166,1,50,35,1,177.25,177.25,177.25,0.0,0,0,1
16778,2011-09-10,United Kingdom,183,183,1,66,5,1,93.18,93.18,93.18,0.0,0,0,1
16781,2011-09-10,United Kingdom,281,281,1,113,17,1,311.25,311.25,311.25,0.0,1,2,0
16792,2011-09-10,United Kingdom,191,191,2,44,11,1,110.38,55.19,100.43,0.0,0,0,0
16795,2011-09-10,United Kingdom,274,274,1,239,64,1,414.88,414.88,414.88,0.0,0,0,0
16804,2011-09-10,United Kingdom,179,179,1,34,19,1,118.05,118.05,118.05,0.0,0,0,1
16810,2011-09-10,United Kingdom,101,101,1,114,15,1,309.54,309.54,309.54,0.0,1,2,0
16812,2011-09-10,United Kingdom,269,269,1,81,15,1,479.35,479.35,479.35,0.0,0,0,0
16817,2011-09-10,United Kingdom,94,277,7,574,52,5,1179.43,168.49,244.2,30.33,4,60,1
16823,2011-09-10,United Kingdom,136,136,1,136,34,1,358.38,358.38,358.38,0.0,0,0,0
16825,2011-09-10,United Kingdom,94,94,1,358,11,1,318.7,318.7,318.7,0.0,0,0,1
16832,2011-09-10,United Kingdom,93,126,3,33,11,2,199.15,66.38,77.75,16.5,0,0,0
16833,2011-09-10,United Kingdom,168,243,3,306,32,2,671.29,223.76,344.41,37.0,0,0,1
16834,2011-09-10,United Kingdom,136,136,1,358,24,1,413.46,413.46,413.46,0.0,0,0,0
16838,2011-09-10,United Kingdom,106,197,2,185,24,2,588.85,294.42,392.12,90.0,1,1,0
16849,2011-09-10,United Kingdom,95,95,1,33,8,1,124.57,124.57,124.57,0.0,0,0,0
16850,2011-09-10,United Kingdom,242,242,1,249,19,1,332.41,332.41,332.41,0.0,0,0,0
16858,2011-09-10,United Kingdom,277,277,1,91,9,1,375.69,375.69,375.69,0.0,1,8,0
16863,2011-09-10,United Kingdom,275,275,1,105,9,1,164.25,164.25,164.25,0.0,1,1,1
16871,2011-09-10,United Kingdom,119,179,4,861,104,2,2037.82,509.46,1110.51,20.0,1,3,1
16882,2011-09-10,United Kingdom,148,226,2,102,15,2,215.7,107.85,205.8,77.0,0,0,1
16883,2011-09-10,United Kingdom,96,280,2,104,33,2,276.73,138.36,148.7,184.0,0,0,0
16885,2011-09-10,United Kingdom,266,266,1,37,27,1,190.65,190.65,190.65,0.0,0,0,1
16889,2011-09-10,United Kingdom,103,245,3,925,112,3,1578.67,526.22,705.56,71.0,0,0,0
16892,2011-09-10,United Kingdom,92,92,1,77,20,1,102.98,102.98,102.98,0.0,1,1,1
16893,2011-09-10,United Kingdom,275,275,1,62,44,1,145.93,145.93,145.93,0.0,0,0,0
16897,2011-09-10,United Kingdom,208,222,2,73,37,2,289.78,144.89,213.03,14.0,1,15,0
16905,2011-09-10,United Kingdom,145,280,3,267,44,3,853.93,284.64,380.98,67.5,1,1,1
16906,2011-09-10,United Kingdom,95,157,3,184,33,3,394.94,131.65,181.3,30.5,0,0,1
16913,2011-09-10,United Kingdom,199,199,1,82,8,1,113.44,113.44,113.44,0.0,0,0,0
16916,2011-09-10,United Kingdom,281,281,1,103,48,1,198.08,198.08,198.08,0.0,0,0,1
16917,2011-09-10,United Kingdom,185,185,1,232,9,1,391.52,391.52,391.52,0.0,0,0,0
16926,2011-09-10,United Kingdom,280,280,1,35,14,1,230.25,230.25,230.25,0.0,0,0,0
16933,2011-09-10,United Kingdom,148,148,1,127,19,1,224.73,224.73,224.73,0.0,2,5,1
16943,2011-09-10,United Kingdom,120,227,3,145,23,3,816.73,272.24,451.03,53.0,0,0,0
16947,2011-09-10,United Kingdom,144,144,1,312,21,1,406.48,406.48,406.48,0.0,0,0,0
16949,2011-09-10,United Kingdom,94,225,4,386,32,4,893.75,223.44,388.0,43.33,1,1,1
16955,2011-09-10,United Kingdom,93,282,4,266,18,3,518.67,129.67,165.88,62.67,1,20,0
16957,2011-09-10,United Kingdom,148,190,2,172,15,2,416.64,208.32,301.8,42.0,0,0,0
16960,2011-09-10,United Kingdom,161,161,1,95,45,1,201.53,201.53,201.53,0.0,0,0,1
16963,2011-09-10,United Kingdom,96,96,1,35,7,1,110.55,110.55,110.55,0.0,0,0,0
16965,2011-09-10,United Kingdom,135,135,1,291,26,1,201.19,201.19,201.19,0.0,0,0,0
16967,2011-09-10,United Kingdom,98,98,1,333,21,1,319.02,319.02,319.02,0.0,0,0,0
16976,2011-09-10,United Kingdom,176,176,1,88,2,1,251.52,251.52,251.52,0.0,0,0,0
16980,2011-09-10,United Kingdom,164,200,2,788,71,2,1078.96,539.48,732.36,36.0,0,0,0
16990,2011-09-10,United Kingdom,127,127,1,100,1,1,179.0,179.0,179.0,0.0,0,0,0
16997,2011-09-10,United Kingdom,197,234,3,360,7,2,702.0,234.0,390.0,18.5,0,0,0
17002,2011-09-10,United Kingdom,124,199,2,422,24,2,993.52,496.76,513.06,74.0,0,0,1
17015,2011-09-10,United Kingdom,94,94,1,549,116,1,524.5,524.5,524.5,0.0,0,0,1
17018,2011-09-10,United Kingdom,234,234,1,60,6,1,405.0,405.0,405.0,0.0,0,0,1
17019,2011-09-10,United Kingdom,170,277,3,658,114,3,995.93,331.98,366.02,53.0,0,0,1
17025,2011-09-10,United Kingdom,282,282,2,139,5,1,160.97,80.48,143.12,0.0,0,0,1
17026,2011-09-10,United Kingdom,94,278,2,97,4,2,154.83,77.41,121.68,184.0,0,0,0
17033,2011-09-10,United Kingdom,123,268,2,190,12,2,608.1,304.05,307.8,145.0,0,0,1
17034,2011-09-10,United Kingdom,196,196,1,98,6,1,141.8,141.8,141.8,0.0,0,0,1
17035,2011-09-10,United Kingdom,154,220,2,229,27,2,433.53,216.76,259.51,65.0,1,28,0
17047,2011-09-10,United Kingdom,114,114,2,352,40,1,749.43,374.72,439.39,0.0,0,0,1
17051,2011-09-10,United Kingdom,103,103,1,184,40,1,247.14,247.14,247.14,0.0,0,0,0
17058,2011-09-10,United Kingdom,108,148,2,455,42,2,819.66,409.83,582.72,40.0,0,0,1
17060,2011-09-10,United Kingdom,175,175,1,216,5,1,234.24,234.24,234.24,0.0,0,0,0
17062,2011-09-10,United Kingdom,222,278,4,430,52,2,538.37,134.59,179.64,18.33,1,2,0
17064,2011-09-10,United Kingdom,91,236,2,189,36,2,461.3,230.65,313.45,144.0,0,0,1
17075,2011-09-10,United Kingdom,162,226,3,241,49,3,696.07,232.02,373.74,32.0,1,3,1
17076,2011-09-10,United Kingdom,182,273,2,112,11,2,334.2,167.1,182.7,90.0,0,0,1
17080,2011-09-10,United Kingdom,178,178,1,72,1,1,76.32,76.32,76.32,0.0,1,2,1
17082,2011-09-10,United Kingdom,227,227,1,316,24,1,636.94,636.94,636.94,0.0,0,0,1
17088,2011-09-10,United Kingdom,91,162,2,525,72,2,1399.11,699.56,1015.83,70.0,0,0,1
17094,2011-09-10,United Kingdom,231,231,1,152,14,1,302.0,302.0,302.0,0.0,1,4,0
17095,2011-09-10,United Kingdom,208,243,2,234,33,2,543.96,271.98,313.15,35.0,2,2,1
17102,2011-09-10,United Kingdom,170,170,1,2,1,1,25.5,25.5,25.5,0.0,0,0,0
17109,2011-09-10,United Kingdom,141,141,2,248,52,1,464.59,232.3,400.64,0.0,0,0,1
17115,2011-09-10,United Kingdom,91,142,2,260,28,2,612.82,306.41,310.02,50.0,2,4,1
17117,2011-09-10,United Kingdom,197,197,1,68,9,1,116.2,116.2,116.2,0.0,0,0,0
17118,2011-09-10,United Kingdom,226,226,1,154,10,1,157.02,157.02,157.02,0.0,0,0,0
17120,2011-09-10,United Kingdom,142,142,1,120,18,1,307.46,307.46,307.46,0.0,0,0,0
17124,2011-09-10,United Kingdom,94,94,1,130,31,1,298.89,298.89,298.89,0.0,0,0,0
17128,2011-09-10,United Kingdom,243,243,1,76,14,1,157.09,157.09,157.09,0.0,0,0,0
17133,2011-09-10,United Kingdom,99,175,3,1125,9,3,2478.79,826.26,1437.12,38.0,0,0,1
17135,2011-09-10,United Kingdom,198,280,2,420,19,2,500.55,250.28,284.97,82.0,0,0,1
17138,2011-09-10,United Kingdom,184,184,1,126,24,1,380.5,380.5,380.5,0.0,0,0,0
17140,2011-09-10,United Kingdom,156,156,1,302,16,1,465.32,465.32,465.32,0.0,0,0,0
17142,2011-09-10,United Kingdom,148,148,1,81,15,1,579.0,579.0,579.0,0.0,0,0,0
17147,2011-09-10,United Kingdom,115,220,2,517,42,2,973.11,486.56,563.61,105.0,2,4,1
17152,2011-09-10,United Kingdom,103,172,3,517,9,2,1689.5,563.17,1155.6,34.0,1,40,0
17158,2011-09-10,United Kingdom,141,269,2,461,36,2,698.55,349.28,413.79,127.0,0,0,1
17165,2011-09-10,United Kingdom,193,193,1,100,10,1,158.68,158.68,158.68,0.0,0,0,0
17166,2011-09-10,United Kingdom,112,112,1,57,10,1,127.59,127.59,127.59,0.0,1,3,1
17169,2011-09-10,United Kingdom,92,92,1,102,18,1,308.68,308.68,308.68,0.0,1,3,1
17171,2011-09-10,United Kingdom,198,198,1,185,16,1,224.91,224.91,224.91,0.0,0,0,0
17174,2011-09-10,United Kingdom,126,126,1,41,4,1,59.9,59.9,59.9,0.0,0,0,0
17176,2011-09-10,United Kingdom,110,110,1,170,15,1,306.13,306.13,306.13,0.0,0,0,0
17180,2011-09-10,United Kingdom,150,225,3,529,77,2,564.86,188.29,268.31,37.0,2,3,1
17181,2011-09-10,United Kingdom,282,282,1,216,2,1,155.52,155.52,155.52,0.0,0,0,1
17187,2011-09-10,United Kingdom,135,135,1,144,10,1,203.95,203.95,203.95,0.0,0,0,0
17190,2011-09-10,United Kingdom,116,116,1,1,1,1,195.0,195.0,195.0,0.0,1,1,1
17194,2011-09-10,United Kingdom,182,269,2,119,26,2,262.62,131.31,252.62,86.0,0,0,0
17198,2011-09-10,United Kingdom,274,280,2,242,73,1,521.66,260.83,272.01,5.0,0,0,1
17212,2011-09-10,United Kingdom,162,162,1,147,4,1,226.85,226.85,226.85,0.0,0,0,0
17214,2011-09-10,United Kingdom,158,268,4,179,56,3,613.67,153.42,171.05,36.67,0,0,1
17217,2011-09-10,United Kingdom,143,143,1,24,9,1,113.5,113.5,113.5,0.0,0,0,0
17218,2011-09-10,United Kingdom,123,277,5,396,85,3,948.58,189.72,292.54,38.5,0,0,1
17223,2011-09-10,United Kingdom,219,277,2,112,43,2,426.79,213.4,292.84,58.0,0,0,0
17226,2011-09-10,United Kingdom,217,217,1,406,21,1,393.49,393.49,393.49,0.0,0,0,0
17228,2011-09-10,United Kingdom,116,281,4,611,69,3,687.58,171.9,208.2,54.67,0,0,1
17230,2011-09-10,United Kingdom,173,268,8,1651,51,3,3638.41,454.8,1761.26,13.57,3,98,0
17234,2011-09-10,United Kingdom,91,91,1,55,14,1,149.89,149.89,149.89,0.0,0,0,0
17235,2011-09-10,United Kingdom,281,281,1,126,10,1,341.9,341.9,341.9,0.0,0,0,1
17239,2011-09-10,United Kingdom,221,221,1,150,15,1,382.5,382.5,382.5,0.0,1,1,0
17245,2011-09-10,United Kingdom,113,113,1,75,9,1,171.45,171.45,171.45,0.0,0,0,0
17250,2011-09-10,United Kingdom,170,170,1,70,23,1,162.65,162.65,162.65,0.0,0,0,1
17251,2011-09-10,United Kingdom,271,271,1,110,37,1,283.28,283.28,283.28,0.0,0,0,0
17255,2011-09-10,United Kingdom,208,208,1,75,36,1,112.46,112.46,112.46,0.0,0,0,1
17262,2011-09-10,United Kingdom,136,275,4,327,7,3,955.36,238.84,584.5,46.33,0,0,1
17263,2011-09-10,United Kingdom,117,117,1,36,23,1,63.44,63.44,63.44,0.0,0,0,0
17272,2011-09-10,United Kingdom,108,171,2,1161,59,2,1409.44,704.72,751.76,63.0,1,2,1
17277,2011-09-10,United Kingdom,136,231,2,430,67,2,1065.35,532.67,717.02,95.0,0,0,0
17278,2011-09-10,United Kingdom,150,150,1,179,15,1,246.04,246.04,246.04,0.0,0,0,0
17288,2011-09-10,United Kingdom,116,267,5,662,13,5,663.7,132.74,245.88,37.75,0,0,1
17291,2011-09-10,United Kingdom,217,217,1,72,1,1,550.8,550.8,550.8,0.0,0,0,0
17303,2011-09-10,United Kingdom,270,270,1,144,53,1,250.04,250.04,250.04,0.0,0,0,0
17311,2011-09-10,United Kingdom,225,225,1,410,24,1,556.46,556.46,556.46,0.0,0,0,1
17324,2011-09-10,United Kingdom,240,275,2,606,17,2,702.23,351.12,575.18,34.0,0,0,1
17325,2011-09-10,United Kingdom,189,189,1,60,6,1,96.8,96.8,96.8,0.0,0,0,0
17329,2011-09-10,United Kingdom,224,224,1,67,16,1,243.36,243.36,243.36,0.0,0,0,1
17334,2011-09-10,United Kingdom,211,217,2,315,11,1,307.02,153.51,296.52,6.0,1,1,0
17343,2011-09-10,United Kingdom,264,264,1,56,17,1,193.64,193.64,193.64,0.0,0,0,0
17348,2011-09-10,United Kingdom,206,206,1,199,36,1,160.15,160.15,160.15,0.0,0,0,1
17356,2011-09-10,United Kingdom,220,220,1,166,19,1,178.22,178.22,178.22,0.0,0,0,0
17358,2011-09-10,United Kingdom,212,264,2,202,55,2,365.85,182.92,246.7,52.0,0,0,0
17360,2011-09-10,United Kingdom,93,93,1,167,53,1,330.95,330.95,330.95,0.0,0,0,1
17361,2011-09-10,United Kingdom,95,200,2,63,16,2,263.92,131.96,218.92,105.0,0,0,1
17362,2011-09-10,United Kingdom,148,218,2,191,30,2,312.23,156.12,162.23,70.0,0,0,0
17367,2011-09-10,United Kingdom,147,147,1,150,33,1,168.4,168.4,168.4,0.0,0,0,0
17371,2011-09-10,United Kingdom,270,270,1,40,7,1,97.63,97.63,97.63,0.0,0,0,1
17374,2011-09-10,United Kingdom,127,190,2,85,24,2,495.77,247.88,303.82,62.0,0,0,0
17375,2011-09-10,United Kingdom,108,270,3,367,63,3,400.1,133.37,176.66,81.0,1,6,0
17376,2011-09-10,United Kingdom,220,220,1,35,13,1,105.85,105.85,105.85,0.0,0,0,1
17384,2011-09-10,United Kingdom,128,128,1,43,3,1,227.65,227.65,227.65,0.0,0,0,1
17392,2011-09-10,United Kingdom,215,267,2,320,53,2,457.91,228.96,312.41,51.0,0,0,0
17394,2011-09-10,United Kingdom,128,128,1,241,4,1,203.87,203.87,203.87,0.0,0,0,0
17406,2011-09-10,United Kingdom,242,275,3,787,99,2,2200.42,733.47,1248.32,16.5,2,3,0
17409,2011-09-10,United Kingdom,93,157,2,105,13,2,771.85,385.92,511.3,63.0,0,0,0
17411,2011-09-10,United Kingdom,170,170,1,126,16,1,285.58,285.58,285.58,0.0,1,8,1
17412,2011-09-10,United Kingdom,105,281,4,358,30,3,709.82,177.46,250.46,58.33,0,0,1
17414,2011-09-10,United Kingdom,93,93,1,1380,5,1,598.0,598.0,598.0,0.0,0,0,1
17418,2011-09-10,United Kingdom,232,232,1,139,12,1,167.39,167.39,167.39,0.0,0,0,1
17423,2011-09-10,United Kingdom,126,126,1,314,11,1,449.42,449.42,449.42,0.0,1,24,1
17430,2011-09-10,United Kingdom,274,274,1,60,5,1,112.6,112.6,112.6,0.0,0,0,1
17431,2011-09-10,United Kingdom,222,222,1,292,41,1,403.3,403.3,403.3,0.0,0,0,0
17436,2011-09-10,United Kingdom,135,135,1,48,4,1,122.4,122.4,122.4,0.0,0,0,1
17438,2011-09-10,United Kingdom,162,162,1,103,17,1,388.45,388.45,388.45,0.0,1,3,0
17443,2011-09-10,Canada,128,128,1,504,1,1,534.24,534.24,534.24,0.0,0,0,0
17454,2011-09-10,United Kingdom,101,268,4,243,57,4,517.53,129.38,165.85,55.67,0,0,0
17455,2011-09-10,United Kingdom,112,112,1,66,8,1,131.7,131.7,131.7,0.0,0,0,0
17456,2011-09-10,United Kingdom,274,274,1,222,17,1,249.86,249.86,249.86,0.0,0,0,0
17462,2011-09-10,United Kingdom,193,193,1,155,14,1,463.41,463.41,463.41,0.0,0,0,1
17472,2011-09-10,United Kingdom,100,208,3,462,142,2,710.29,236.76,259.27,54.0,0,0,0
17486,2011-09-10,United Kingdom,170,170,1,191,24,1,396.87,396.87,396.87,0.0,0,0,0
17489,2011-09-10,United Kingdom,121,121,1,232,16,1,208.56,208.56,208.56,0.0,0,0,1
17492,2011-09-10,United Kingdom,157,157,1,155,12,1,374.57,374.57,374.57,0.0,0,0,0
17496,2011-09-10,United Kingdom,267,267,1,79,10,1,271.05,271.05,271.05,0.0,0,0,0
17499,2011-09-10,United Kingdom,198,198,1,711,40,1,622.88,622.88,622.88,0.0,0,0,0
17501,2011-09-10,United Kingdom,129,129,2,160,18,1,288.6,144.3,248.25,0.0,0,0,0
17504,2011-09-10,United Kingdom,115,231,9,1664,112,4,2997.03,333.0,859.01,14.5,1,208,0
17507,2011-09-10,United Kingdom,170,218,2,359,79,2,605.58,302.79,340.56,47.0,0,0,0
17508,2011-09-10,Greece,189,189,1,289,22,1,387.31,387.31,387.31,0.0,0,0,0
17515,2011-09-10,United Kingdom,115,227,3,220,47,3,571.37,190.46,231.48,55.5,0,0,1
17517,2011-09-10,United Kingdom,217,217,1,102,11,1,153.94,153.94,153.94,0.0,0,0,0
17521,2011-09-10,United Kingdom,108,108,1,116,8,1,159.56,159.56,159.56,0.0,0,0,1
17524,2011-09-10,United Kingdom,270,270,1,90,6,1,145.0,145.0,145.0,0.0,0,0,0
17525,2011-09-10,United Kingdom,268,268,1,82,9,1,422.7,422.7,422.7,0.0,0,0,0
17526,2011-09-10,United Kingdom,199,274,3,140,9,2,872.8,290.93,634.2,37.0,3,51,1
17530,2011-09-10,United Kingdom,115,274,6,796,216,4,1367.86,227.98,430.76,31.6,0,0,1
17531,2011-09-10,United Kingdom,99,99,1,136,14,1,296.7,296.7,296.7,0.0,1,1,0
17535,2011-09-10,United Kingdom,189,189,1,136,13,1,164.4,164.4,164.4,0.0,0,0,0
17537,2011-09-10,United Kingdom,212,212,1,370,60,1,630.7,630.7,630.7,0.0,0,0,1
17540,2011-09-10,United Kingdom,225,225,1,64,8,1,268.8,268.8,268.8,0.0,0,0,1
17542,2011-09-10,United Kingdom,178,178,1,134,24,1,170.75,170.75,170.75,0.0,0,0,0
17548,2011-09-10,United Kingdom,142,142,1,58,5,1,103.3,103.3,103.3,0.0,2,190,0
17550,2011-09-10,United Kingdom,106,152,3,86,42,2,267.16,89.05,156.22,22.5,0,0,0
17551,2011-09-10,United Kingdom,268,268,1,150,39,1,306.84,306.84,306.84,0.0,0,0,0
17552,2011-09-10,United Kingdom,281,281,2,144,13,1,298.52,149.26,263.62,0.0,0,0,1
17555,2011-09-10,United Kingdom,243,243,1,156,48,1,195.45,195.45,195.45,0.0,0,0,1
17556,2011-09-10,United Kingdom,114,114,1,101,6,1,157.9,157.9,157.9,0.0,0,0,0
17569,2011-09-10,United Kingdom,241,241,1,159,29,1,344.14,344.14,344.14,0.0,0,0,0
17574,2011-09-10,United Kingdom,151,151,1,77,8,1,185.65,185.65,185.65,0.0,0,0,0
17578,2011-09-10,United Kingdom,127,127,1,138,5,1,143.46,143.46,143.46,0.0,1,48,0
17580,2011-09-10,United Kingdom,161,267,3,88,43,3,215.72,71.91,121.17,52.5,0,0,0
17582,2011-09-10,United Kingdom,145,145,1,123,28,1,175.27,175.27,175.27,0.0,0,0,0
17594,2011-09-10,United Kingdom,163,163,1,220,14,1,315.0,315.0,315.0,0.0,0,0,1
17597,2011-09-10,United Kingdom,122,122,1,1176,55,1,2044.37,2044.37,2044.37,0.0,0,0,0
17601,2011-09-10,United Kingdom,148,148,1,103,9,1,116.01,116.01,116.01,0.0,0,0,0
17604,2011-09-10,United Kingdom,126,221,2,169,57,2,309.36,154.68,173.12,94.0,0,0,0
17609,2011-09-10,United Kingdom,211,236,2,271,103,2,537.69,268.85,430.04,25.0,1,2,1
17618,2011-09-10,United Kingdom,157,271,2,247,48,2,666.78,333.39,346.5,113.0,0,0,1
17619,2011-09-10,United Kingdom,221,221,1,127,71,1,218.52,218.52,218.52,0.0,0,0,0
17621,2011-09-10,United Kingdom,221,263,2,310,15,2,901.78,450.89,662.38,41.0,1,4,1
17624,2011-09-10,United Kingdom,127,127,1,312,25,1,400.3,400.3,400.3,0.0,0,0,1
17639,2011-09-10,United Kingdom,185,185,1,49,7,1,108.5,108.5,108.5,0.0,0,0,0
17643,2011-09-10,United Kingdom,282,282,1,71,8,1,101.55,101.55,101.55,0.0,0,0,0
17646,2011-09-10,United Kingdom,128,274,3,323,46,3,1008.39,336.13,411.54,72.5,1,3,0
17648,2011-09-10,United Kingdom,101,158,3,289,62,2,1107.39,369.13,583.87,28.5,1,1,1
17654,2011-09-10,United Kingdom,186,186,1,41,22,1,117.55,117.55,117.55,0.0,0,0,0
17658,2011-09-10,United Kingdom,120,120,1,216,9,1,317.6,317.6,317.6,0.0,0,0,1
17664,2011-09-10,United Kingdom,121,121,1,409,23,1,326.19,326.19,326.19,0.0,0,0,1
17670,2011-09-10,United Kingdom,136,136,1,110,11,1,205.7,205.7,205.7,0.0,0,0,0
17672,2011-09-10,United Kingdom,218,218,1,643,41,1,1177.84,1177.84,1177.84,0.0,1,3,1
17674,2011-09-10,United Kingdom,277,277,1,349,11,1,300.66,300.66,300.66,0.0,0,0,1
17678,2011-09-10,United Kingdom,172,172,1,207,16,1,298.11,298.11,298.11,0.0,0,0,0
17685,2011-09-10,United Kingdom,175,281,5,888,39,4,1512.72,302.54,452.52,26.25,0,0,1
17691,2011-09-10,United Kingdom,267,277,2,134,18,1,290.4,145.2,147.9,10.0,0,0,0
17697,2011-09-10,United Kingdom,145,145,1,93,19,1,338.95,338.95,338.95,0.0,0,0,0
17698,2011-09-10,United Kingdom,169,169,1,93,8,1,154.95,154.95,154.95,0.0,0,0,0
17701,2011-09-10,United Kingdom,161,161,1,109,24,1,417.95,417.95,417.95,0.0,0,0,0
17707,2011-09-10,United Kingdom,94,245,2,144,3,2,152.4,76.2,83.7,151.0,0,0,0
17708,2011-09-10,United Kingdom,96,233,2,91,28,2,267.08,133.54,156.48,137.0,0,0,0
17711,2011-09-10,United Kingdom,198,198,1,107,13,1,220.53,220.53,220.53,0.0,0,0,1
17714,2011-09-10,United Kingdom,229,229,1,92,10,1,153.0,153.0,153.0,0.0,0,0,0
17715,2011-09-10,United Kingdom,109,109,1,384,1,1,326.4,326.4,326.4,0.0,0,0,0
17718,2011-09-10,United Kingdom,141,141,1,83,6,1,139.35,139.35,139.35,0.0,0,0,0
17732,2011-09-10,United Kingdom,281,281,1,93,18,1,303.97,303.97,303.97,0.0,0,0,0
17733,2011-09-10,United Kingdom,170,170,1,87,12,1,216.95,216.95,216.95,0.0,0,0,1
17739,2011-09-10,United Kingdom,105,269,3,411,16,3,1070.77,356.92,388.18,81.5,1,5,1
17744,2011-09-10,United Kingdom,159,267,4,1686,50,3,1288.96,322.24,377.52,35.67,1,36,1
17746,2011-09-10,United Kingdom,149,149,1,29,6,1,110.25,110.25,110.25,0.0,1,3,0
17752,2011-09-10,United Kingdom,268,268,1,192,1,1,80.64,80.64,80.64,0.0,0,0,0
17760,2011-09-10,United Kingdom,282,282,1,165,9,1,172.54,172.54,172.54,0.0,0,0,1
17763,2011-09-10,United Kingdom,172,172,1,12,1,1,15.0,15.0,15.0,0.0,0,0,0
17764,2011-09-10,United Kingdom,120,120,1,148,17,1,261.97,261.97,261.97,0.0,0,0,1
17770,2011-09-10,United Kingdom,107,191,5,365,33,2,1143.27,228.65,603.17,20.75,0,0,0
17771,2011-09-10,United Kingdom,232,232,1,110,22,1,115.8,115.8,115.8,0.0,0,0,1
17775,2011-09-10,United Kingdom,163,163,1,72,3,1,56.4,56.4,56.4,0.0,0,0,0
17783,2011-09-10,United Kingdom,156,156,1,53,30,1,112.41,112.41,112.41,0.0,0,0,1
17786,2011-09-10,United Kingdom,226,226,1,56,24,1,114.85,114.85,114.85,0.0,0,0,1
17789,2011-09-10,United Kingdom,190,190,1,74,14,1,225.9,225.9,225.9,0.0,0,0,0
17796,2011-09-10,United Kingdom,222,278,3,160,60,2,622.0,207.33,282.25,28.0,0,0,1
17797,2011-09-10,United Kingdom,91,91,1,249,44,1,272.41,272.41,272.41,0.0,0,0,1
17812,2011-09-10,United Kingdom,277,277,1,144,27,1,217.55,217.55,217.55,0.0,0,0,1
17816,2011-09-10,United Kingdom,178,274,2,22,11,2,21.31,10.66,16.21,96.0,0,0,1
17817,2011-09-10,United Kingdom,186,186,2,26,12,1,269.7,134.85,195.0,0.0,0,0,1
17819,2011-09-10,United Kingdom,91,280,6,991,36,5,3468.47,578.08,856.0,37.6,1,4,1
17827,2011-09-10,United Kingdom,151,273,4,961,140,2,1583.81,395.95,919.8,40.67,0,0,1
17829,2011-09-10,United Arab Emirates,207,207,1,496,30,1,889.24,889.24,889.24,0.0,0,0,0
17830,2011-09-10,United Kingdom,170,197,2,65,15,2,287.65,143.82,188.5,27.0,0,0,1
17838,2011-09-10,United Kingdom,201,281,3,1040,64,2,1687.7,562.57,752.14,39.5,0,0,1
17843,2011-09-10,United Kingdom,212,212,1,113,36,1,205.48,205.48,205.48,0.0,0,0,0
17849,2011-09-10,United Kingdom,127,242,4,114,14,4,605.8,151.45,217.75,38.33,0,0,0
17850,2011-09-10,United Kingdom,281,282,34,1733,21,1,5391.21,158.56,532.01,0.03,1,40,0
17854,2011-09-10,United Kingdom,94,136,2,84,15,2,311.26,155.63,199.5,41.0,0,0,0
17855,2011-09-10,United Kingdom,281,281,1,197,17,1,208.97,208.97,208.97,0.0,0,0,0
17856,2011-09-10,United Kingdom,142,190,3,577,6,2,1142.63,380.88,585.12,24.0,2,16,1
17859,2011-09-10,United Kingdom,213,213,1,127,23,1,148.21,148.21,148.21,0.0,0,0,0
17860,2011-09-10,United Kingdom,277,277,1,104,49,1,252.8,252.8,252.8,0.0,0,0,0
17862,2011-09-10,United Kingdom,232,232,1,100,11,1,330.9,330.9,330.9,0.0,0,0,0
17864,2011-09-10,United Kingdom,184,184,1,383,29,1,208.41,208.41,208.41,0.0,0,0,1
17871,2011-09-10,United Kingdom,113,113,1,182,10,1,155.9,155.9,155.9,0.0,0,0,0
17873,2011-09-10,United Kingdom,93,282,4,927,23,4,1587.12,396.78,490.05,62.67,1,48,1
17874,2011-09-10,United Kingdom,94,164,6,221,37,3,683.46,113.91,371.29,14.0,1,12,0
17880,2011-09-10,United Kingdom,273,273,1,314,26,1,458.92,458.92,458.92,0.0,0,0,0
17881,2011-09-10,United Kingdom,213,213,1,32,8,1,133.35,133.35,133.35,0.0,0,0,0
17883,2011-09-10,United Kingdom,155,155,1,48,19,1,119.35,119.35,119.35,0.0,0,0,1
17884,2011-09-10,United Kingdom,220,280,3,555,86,2,602.84,200.95,278.22,29.5,0,0,1
17886,2011-09-10,United Kingdom,119,158,2,225,44,2,396.26,198.13,223.19,38.0,0,0,1
17889,2011-09-10,United Kingdom,121,231,2,79,20,2,203.87,101.94,102.02,109.0,0,0,0
17890,2011-09-10,United Kingdom,231,270,2,416,88,2,602.09,301.04,476.96,38.0,0,0,0
17893,2011-09-10,United Kingdom,134,134,1,161,15,1,112.25,112.25,112.25,0.0,0,0,0
17898,2011-09-10,United Kingdom,116,116,1,124,20,1,99.84,99.84,99.84,0.0,0,0,1
17900,2011-09-10,United Kingdom,99,99,2,73,4,1,112.2,56.1,79.8,0.0,2,72,0
17906,2011-09-10,United Kingdom,156,156,1,26,12,1,72.9,72.9,72.9,0.0,0,0,0
17908,2011-09-10,United Kingdom,282,282,1,173,51,1,243.28,243.28,243.28,0.0,0,0,0
17912,2011-09-10,United Kingdom,219,273,5,185,35,2,311.01,62.2,125.56,13.5,1,2,0
17913,2011-09-10,United Kingdom,264,264,1,100,31,1,218.05,218.05,218.05,0.0,0,0,1
17917,2011-09-10,United Kingdom,165,271,2,131,57,2,230.46,115.23,119.55,106.0,0,0,1
17923,2011-09-10,United Kingdom,191,191,1,50,1,1,207.5,207.5,207.5,0.0,0,0,0
17924,2011-09-10,United Kingdom,210,282,2,108,2,2,502.2,251.1,279.0,72.0,3,9,1
17925,2011-09-10,United Kingdom,281,281,1,72,1,1,244.08,244.08,244.08,0.0,0,0,0
17928,2011-09-10,United Kingdom,155,155,1,46,17,1,78.26,78.26,78.26,0.0,0,0,1
17946,2011-09-10,United Kingdom,142,168,2,75,18,2,149.58,74.79,132.03,26.0,0,0,0
17950,2011-09-10,United Kingdom,274,274,2,186,36,1,263.17,131.58,190.35,0.0,1,24,1
17951,2011-09-10,United Kingdom,267,282,2,220,9,1,409.5,204.75,295.5,15.0,1,6,1
17955,2011-09-10,United Kingdom,107,128,4,273,14,1,557.3,139.32,261.95,6.67,0,0,0
17956,2011-09-10,United Kingdom,158,158,1,1,1,1,12.75,12.75,12.75,0.0,0,0,0
17964,2011-09-10,United Kingdom,281,281,1,195,35,1,261.76,261.76,261.76,0.0,0,0,1
17967,2011-09-10,United Kingdom,280,280,1,80,41,1,123.07,123.07,123.07,0.0,0,0,0
17968,2011-09-10,United Kingdom,282,282,1,160,74,1,277.35,277.35,277.35,0.0,0,0,0
17970,2011-09-10,United Kingdom,120,120,1,525,27,1,582.59,582.59,582.59,0.0,0,0,0
17972,2011-09-10,United Kingdom,150,150,1,37,30,1,136.04,136.04,136.04,0.0,0,0,0
17974,2011-09-10,United Kingdom,128,128,1,87,18,1,172.77,172.77,172.77,0.0,0,0,1
17976,2011-09-10,United Kingdom,281,281,1,106,56,1,353.19,353.19,353.19,0.0,0,0,0
17978,2011-09-10,United Kingdom,274,274,1,499,12,1,300.92,300.92,300.92,0.0,0,0,0
17987,2011-09-10,United Kingdom,94,94,1,261,13,1,198.57,198.57,198.57,0.0,0,0,0
17990,2011-09-10,United Kingdom,145,270,3,414,27,2,630.84,210.28,314.84,62.0,0,0,0
17991,2011-09-10,United Kingdom,134,135,2,25,4,1,93.35,46.68,87.45,0.0,0,0,0
17995,2011-09-10,United Kingdom,190,190,1,133,2,1,76.1,76.1,76.1,0.0,0,0,0
17999,2011-09-10,United Kingdom,275,275,1,94,37,1,190.34,190.34,190.34,0.0,0,0,1
18004,2011-09-10,United Kingdom,271,271,1,78,32,1,169.47,169.47,169.47,0.0,0,0,0
18008,2011-09-10,United Kingdom,112,227,7,1517,22,4,2065.41,295.06,615.0,19.17,0,0,1
18009,2011-09-10,United Kingdom,144,144,1,126,31,1,257.34,257.34,257.34,0.0,1,2,0
18010,2011-09-10,United Kingdom,165,165,1,60,14,1,174.8,174.8,174.8,0.0,0,0,0
18011,2011-09-10,United Kingdom,282,282,1,71,28,1,102.79,102.79,102.79,0.0,0,0,0
18016,2011-09-10,United Kingdom,95,273,3,207,49,3,488.76,162.92,168.1,88.5,0,0,1
18032,2011-09-10,United Kingdom,243,243,1,42,5,1,73.5,73.5,73.5,0.0,0,0,0
18040,2011-09-10,United Kingdom,154,154,1,96,12,1,239.0,239.0,239.0,0.0,0,0,1
18043,2011-09-10,United Kingdom,115,275,2,246,87,2,451.81,225.9,316.46,160.0,0,0,1
18048,2011-09-10,United Kingdom,112,112,2,127,6,1,172.29,86.15,168.49,0.0,0,0,0
18050,2011-09-10,United Kingdom,268,268,1,40,5,1,74.4,74.4,74.4,0.0,0,0,0
18056,2011-09-10,United Kingdom,197,197,1,211,19,1,363.65,363.65,363.65,0.0,0,0,0
18065,2011-09-10,United Kingdom,92,273,8,591,71,4,1412.15,176.52,405.03,25.71,1,3,1
18068,2011-09-10,United Kingdom,198,198,1,6,1,1,101.7,101.7,101.7,0.0,0,0,0
18071,2011-09-10,United Kingdom,166,274,2,260,23,2,453.0,226.5,258.95,108.0,0,0,0
18072,2011-09-10,United Kingdom,94,94,1,288,18,1,247.44,247.44,247.44,0.0,1,242,0
18074,2011-09-10,United Kingdom,282,282,1,190,13,1,489.6,489.6,489.6,0.0,0,0,0
18078,2011-09-10,United Kingdom,126,168,2,145,27,2,336.13,168.06,197.94,41.0,0,0,0
18080,2011-09-10,United Kingdom,151,151,1,330,1,1,841.5,841.5,841.5,0.0,0,0,1
18085,2011-09-10,United Kingdom,239,282,2,265,25,2,689.95,344.98,386.05,43.0,0,0,0
18086,2011-09-10,United Kingdom,183,183,1,106,7,1,101.34,101.34,101.34,0.0,0,0,0
18095,2011-09-10,United Kingdom,221,241,2,419,20,1,580.05,290.02,374.75,20.0,0,0,0
18106,2011-09-10,United Kingdom,238,238,1,128,33,1,430.7,430.7,430.7,0.0,0,0,0
18108,2011-09-10,United Kingdom,163,163,1,84,17,1,271.0,271.0,271.0,0.0,1,2,0
18113,2011-09-10,United Kingdom,277,277,1,72,1,1,76.32,76.32,76.32,0.0,0,0,0
18114,2011-09-10,United Kingdom,199,199,1,55,28,1,220.1,220.1,220.1,0.0,0,0,0
18116,2011-09-10,United Kingdom,143,273,7,678,220,3,1254.47,179.21,353.69,21.67,0,0,1
18119,2011-09-10,United Kingdom,276,276,1,125,29,1,181.12,181.12,181.12,0.0,0,0,0
18120,2011-09-10,United Kingdom,123,123,1,31,17,1,111.15,111.15,111.15,0.0,0,0,0
18125,2011-09-10,United Kingdom,110,225,3,695,146,3,945.14,315.05,556.46,57.0,1,1,1
18129,2011-09-10,United Kingdom,152,152,1,48,13,1,112.55,112.55,112.55,0.0,0,0,0
18133,2011-09-10,United Kingdom,121,121,1,1350,1,1,931.5,931.5,931.5,0.0,1,1350,0
18135,2011-09-10,United Kingdom,99,99,1,88,9,1,109.82,109.82,109.82,0.0,0,0,1
18136,2011-09-10,United Kingdom,120,228,2,295,30,2,600.85,300.42,311.86,107.0,1,6,1
18138,2011-09-10,United Kingdom,204,204,1,38,8,1,152.65,152.65,152.65,0.0,0,0,0
18145,2011-09-10,United Kingdom,113,221,2,863,60,2,1023.78,511.89,609.01,107.0,0,0,1
18149,2011-09-10,United Kingdom,124,182,2,280,9,2,549.68,274.84,321.9,58.0,0,0,1
18156,2011-09-10,United Kingdom,278,278,1,73,50,1,206.23,206.23,206.23,0.0,0,0,1
18159,2011-09-10,United Kingdom,210,210,1,139,23,1,530.15,530.15,530.15,0.0,0,0,0
18160,2011-09-10,United Kingdom,109,109,1,147,19,1,318.55,318.55,318.55,0.0,0,0,1
18173,2011-09-10,United Kingdom,108,183,3,1028,20,3,1728.84,576.28,853.48,37.5,0,0,1
18176,2011-09-10,United Kingdom,267,267,1,283,30,1,476.35,476.35,476.35,0.0,1,4,0
18179,2011-09-10,United Kingdom,161,245,4,729,54,3,1103.16,275.79,335.8,27.67,0,0,1
18183,2011-09-10,United Kingdom,136,183,2,371,36,2,632.07,316.04,319.27,47.0,4,9,0
18185,2011-09-10,United Kingdom,158,158,1,183,17,1,304.25,304.25,304.25,0.0,0,0,0
18188,2011-09-10,United Kingdom,199,199,1,164,16,1,426.6,426.6,426.6,0.0,0,0,1
18189,2011-09-10,United Kingdom,176,176,1,352,40,1,633.1,633.1,633.1,0.0,1,2,1
18190,2011-09-10,United Kingdom,101,239,2,140,14,2,284.46,142.23,171.46,138.0,1,1,0
18191,2011-09-10,United Kingdom,170,170,1,140,7,1,207.8,207.8,207.8,0.0,0,0,0
18202,2011-09-10,United Kingdom,108,220,3,581,55,2,1396.99,465.66,747.24,55.5,0,0,0
18210,2011-09-10,United Kingdom,176,176,1,62,5,1,142.4,142.4,142.4,0.0,0,0,1
18212,2011-09-10,United Kingdom,235,235,1,101,30,1,248.42,248.42,248.42,0.0,0,0,0
18213,2011-09-10,United Kingdom,145,145,1,232,15,1,232.48,232.48,232.48,0.0,0,0,0
18218,2011-09-10,United Kingdom,120,190,2,584,17,2,662.08,331.04,352.7,70.0,2,38,0
18220,2011-09-10,United Kingdom,135,135,1,288,2,1,305.28,305.28,305.28,0.0,1,6,0
18224,2011-09-10,United Kingdom,172,172,1,69,10,1,158.95,158.95,158.95,0.0,0,0,0
18227,2011-09-10,United Kingdom,126,126,1,21,5,1,93.75,93.75,93.75,0.0,0,0,0
18231,2011-09-10,United Kingdom,101,197,5,821,106,4,2083.27,416.65,671.02,24.0,1,13,0
18233,2011-09-10,United Kingdom,234,234,1,4,1,1,440.0,440.0,440.0,0.0,0,0,0
18239,2011-09-10,United Kingdom,127,281,5,795,80,4,1561.61,312.32,466.71,38.25,0,0,0
18242,2011-09-10,United Kingdom,105,122,2,408,26,1,694.08,347.04,379.82,17.0,0,0,1
18246,2011-09-10,United Kingdom,142,142,1,70,2,1,232.9,232.9,232.9,0.0,0,0,1
18250,2011-09-10,United Kingdom,219,219,1,199,21,1,349.27,349.27,349.27,0.0,1,1,0
18259,2011-09-10,United Kingdom,275,275,1,116,7,1,376.3,376.3,376.3,0.0,0,0,1
18269,2011-09-10,United Kingdom,275,275,1,76,7,1,168.6,168.6,168.6,0.0,1,6,0
18270,2011-09-10,United Kingdom,175,175,1,41,5,1,111.95,111.95,111.95,0.0,1,4,1
18280,2011-09-10,United Kingdom,186,186,1,45,10,1,180.6,180.6,180.6,0.0,0,0,0
18287,2011-09-10,United Kingdom,110,110,1,488,27,1,765.28,765.28,765.28,0.0,0,0,1
